date,open,high,low,close,volume,oi
2024-01-01 09:15:00+05:30,222.55,222.55,219.45,220.85,217838,
2024-01-01 09:16:00+05:30,220.65,220.9,220.55,220.65,146868,
2024-01-01 09:17:00+05:30,220.55,220.75,220.2,220.5,167108,
2024-01-01 09:18:00+05:30,220.45,220.85,219.95,219.95,131934,
2024-01-01 09:19:00+05:30,219.8,220.25,219.8,220.1,175166,
2024-01-01 09:20:00+05:30,220.05,220.6,219.8,219.95,119368,
2024-01-01 09:21:00+05:30,219.95,220.25,219.7,219.85,60524,
2024-01-01 09:22:00+05:30,219.85,220.15,219.7,220,35118,
2024-01-01 09:23:00+05:30,220.15,220.3,219.95,220.25,23372,
2024-01-01 09:24:00+05:30,220.25,220.45,220.15,220.35,52258,
2024-01-01 09:25:00+05:30,220.4,220.45,220.2,220.25,92716,
2024-01-01 09:26:00+05:30,220.2,220.55,220.2,220.5,32658,
2024-01-01 09:27:00+05:30,220.45,220.55,220.4,220.55,28290,
2024-01-01 09:28:00+05:30,220.55,220.55,220.3,220.3,24680,
2024-01-01 09:29:00+05:30,220.3,220.4,219.95,219.95,24852,
2024-01-01 09:30:00+05:30,219.95,220.2,219.95,220.1,17584,
2024-01-01 09:31:00+05:30,220.2,220.2,220,220.2,15824,
2024-01-01 09:32:00+05:30,220.2,220.35,220.05,220.35,14958,
2024-01-01 09:33:00+05:30,220.35,220.45,220.25,220.35,15930,
2024-01-01 09:34:00+05:30,220.45,220.55,220.25,220.35,30404,
2024-01-01 09:35:00+05:30,220.25,220.4,220.25,220.3,19768,
2024-01-01 09:36:00+05:30,220.25,220.25,220.1,220.2,21014,
2024-01-01 09:37:00+05:30,220.1,220.35,220.05,220.25,17634,
2024-01-01 09:38:00+05:30,220.15,220.35,220.1,220.25,14868,
2024-01-01 09:39:00+05:30,220.25,220.25,219.75,219.75,70352,
2024-01-01 09:40:00+05:30,219.75,219.95,219.75,219.75,30528,
2024-01-01 09:41:00+05:30,219.85,219.95,219.75,219.8,16582,
2024-01-01 09:42:00+05:30,219.8,219.95,219.7,219.95,27468,
2024-01-01 09:43:00+05:30,219.95,220.05,219.85,220,29034,
2024-01-01 09:44:00+05:30,219.9,220.05,219.85,219.9,22092,
2024-01-01 09:45:00+05:30,219.9,220.35,219.9,220.1,27884,
2024-01-01 09:46:00+05:30,220.1,220.3,220.05,220.25,22682,
2024-01-01 09:47:00+05:30,220.25,220.25,220.05,220.15,13282,
2024-01-01 09:48:00+05:30,220.15,220.2,220,220.15,4562,
2024-01-01 09:49:00+05:30,220.15,220.45,220.05,220.25,42384,
2024-01-01 09:50:00+05:30,220.15,220.45,220.15,220.3,10064,
2024-01-01 09:51:00+05:30,220.3,220.4,220.2,220.35,10416,
2024-01-01 09:52:00+05:30,220.25,220.35,220.2,220.35,16774,
2024-01-01 09:53:00+05:30,220.3,220.7,220.25,220.55,99490,
2024-01-01 09:54:00+05:30,220.55,220.7,220.4,220.45,20346,
2024-01-01 09:55:00+05:30,220.45,221,220.45,220.85,149112,
2024-01-01 09:56:00+05:30,220.9,220.9,220.85,220.85,31172,
2024-01-01 09:57:00+05:30,220.85,220.9,220.75,220.85,24362,
2024-01-01 09:58:00+05:30,220.9,220.9,220.75,220.75,18484,
2024-01-01 09:59:00+05:30,220.85,220.85,220.7,220.75,9202,
2024-01-01 10:00:00+05:30,220.75,220.75,220.7,220.75,22804,
2024-01-01 10:01:00+05:30,220.85,220.9,220.75,220.85,18712,
2024-01-01 10:02:00+05:30,220.85,220.85,220.75,220.85,6406,
2024-01-01 10:03:00+05:30,220.85,220.85,220.65,220.7,4320,
2024-01-01 10:04:00+05:30,220.7,220.8,220.6,220.75,27482,
2024-01-01 10:05:00+05:30,220.75,220.85,220.65,220.65,15294,
2024-01-01 10:06:00+05:30,220.65,220.75,220.65,220.7,4210,
2024-01-01 10:07:00+05:30,220.7,220.75,220.65,220.65,9458,
2024-01-01 10:08:00+05:30,220.65,220.75,220.65,220.75,6100,
2024-01-01 10:09:00+05:30,220.65,220.75,220.6,220.75,15364,
2024-01-01 10:10:00+05:30,220.65,220.75,220.45,220.55,5946,
2024-01-01 10:11:00+05:30,220.5,220.55,220.4,220.4,11962,
2024-01-01 10:12:00+05:30,220.4,220.5,220.4,220.5,12574,
2024-01-01 10:13:00+05:30,220.4,220.6,220.4,220.6,25394,
2024-01-01 10:14:00+05:30,220.6,220.65,220.45,220.45,6168,
2024-01-01 10:15:00+05:30,220.5,220.6,220.45,220.5,6120,
2024-01-01 10:16:00+05:30,220.45,220.6,220.45,220.55,6688,
2024-01-01 10:17:00+05:30,220.6,220.6,220.45,220.5,3696,
2024-01-01 10:18:00+05:30,220.45,220.55,220.45,220.45,12266,
2024-01-01 10:19:00+05:30,220.5,220.5,220.2,220.3,13262,
2024-01-01 10:20:00+05:30,220.3,220.4,220.25,220.25,16768,
2024-01-01 10:21:00+05:30,220.25,220.45,220.25,220.25,3014,
2024-01-01 10:22:00+05:30,220.35,220.45,220.25,220.4,3574,
2024-01-01 10:23:00+05:30,220.4,220.4,220.15,220.25,33360,
2024-01-01 10:24:00+05:30,220.25,220.25,220,220.05,9714,
2024-01-01 10:25:00+05:30,220.05,220.25,220,220.15,7652,
2024-01-01 10:26:00+05:30,220.25,220.35,220.15,220.2,4376,
2024-01-01 10:27:00+05:30,220.2,220.35,220.15,220.25,44886,
2024-01-01 10:28:00+05:30,220.3,220.45,220.25,220.35,22782,
2024-01-01 10:29:00+05:30,220.35,220.35,220.25,220.35,3658,
2024-01-01 10:30:00+05:30,220.35,220.45,220.25,220.35,3826,
2024-01-01 10:31:00+05:30,220.35,220.4,220.25,220.35,3606,
2024-01-01 10:32:00+05:30,220.35,220.35,220.25,220.35,496,
2024-01-01 10:33:00+05:30,220.35,220.35,220.25,220.35,7462,
2024-01-01 10:34:00+05:30,220.25,220.35,220.25,220.35,4078,
2024-01-01 10:35:00+05:30,220.25,220.35,220.25,220.35,2386,
2024-01-01 10:36:00+05:30,220.35,220.35,220.25,220.3,8936,
2024-01-01 10:37:00+05:30,220.25,220.45,220.25,220.45,8086,
2024-01-01 10:38:00+05:30,220.45,220.45,220.3,220.3,7108,
2024-01-01 10:39:00+05:30,220.3,220.35,220.3,220.35,1588,
2024-01-01 10:40:00+05:30,220.35,220.55,220.3,220.45,49170,
2024-01-01 10:41:00+05:30,220.55,220.55,220.3,220.35,3686,
2024-01-01 10:42:00+05:30,220.3,220.35,220.15,220.15,27286,
2024-01-01 10:43:00+05:30,220.15,220.15,220.05,220.05,4022,
2024-01-01 10:44:00+05:30,220.05,220.3,220.05,220.25,5852,
2024-01-01 10:45:00+05:30,220.25,220.3,220.05,220.05,5902,
2024-01-01 10:46:00+05:30,220.05,220.15,220.05,220.1,10716,
2024-01-01 10:47:00+05:30,220.05,220.15,220.05,220.15,4336,
2024-01-01 10:48:00+05:30,220.15,220.25,220.1,220.15,10782,
2024-01-01 10:49:00+05:30,220.15,220.35,220.15,220.35,1540,
2024-01-01 10:50:00+05:30,220.25,220.35,220.2,220.2,7736,
2024-01-01 10:51:00+05:30,220.35,220.35,220.2,220.3,22160,
2024-01-01 10:52:00+05:30,220.3,220.35,220.25,220.35,17320,
2024-01-01 10:53:00+05:30,220.35,220.35,220.25,220.3,1672,
2024-01-01 10:54:00+05:30,220.3,220.35,220.2,220.35,106442,
2024-01-01 10:55:00+05:30,220.35,220.65,220.25,220.65,30154,
2024-01-01 10:56:00+05:30,220.5,220.65,220.45,220.55,16872,
2024-01-01 10:57:00+05:30,220.55,220.6,220.55,220.6,2038,
2024-01-01 10:58:00+05:30,220.55,220.85,220.55,220.75,19802,
2024-01-01 10:59:00+05:30,220.75,220.75,220.55,220.55,2242,
2024-01-01 11:00:00+05:30,220.55,220.85,220.55,220.75,19530,
2024-01-01 11:01:00+05:30,220.85,220.85,220.7,220.7,9190,
2024-01-01 11:02:00+05:30,220.7,220.75,220.7,220.75,1958,
2024-01-01 11:03:00+05:30,220.75,220.75,220.7,220.75,6726,
2024-01-01 11:04:00+05:30,220.75,220.75,220.65,220.7,9340,
2024-01-01 11:05:00+05:30,220.65,220.7,220.55,220.55,6714,
2024-01-01 11:06:00+05:30,220.55,220.65,220.55,220.65,5978,
2024-01-01 11:07:00+05:30,220.55,220.65,220.45,220.55,3288,
2024-01-01 11:08:00+05:30,220.45,220.55,220.45,220.45,1606,
2024-01-01 11:09:00+05:30,220.45,220.55,220.45,220.5,1360,
2024-01-01 11:10:00+05:30,220.55,220.55,220.45,220.5,1624,
2024-01-01 11:11:00+05:30,220.5,220.65,220.5,220.65,11696,
2024-01-01 11:12:00+05:30,220.65,220.65,220.5,220.55,28892,
2024-01-01 11:13:00+05:30,220.55,220.55,220.5,220.5,838,
2024-01-01 11:14:00+05:30,220.5,220.6,220.45,220.5,13852,
2024-01-01 11:15:00+05:30,220.5,220.65,220.45,220.5,3462,
2024-01-01 11:16:00+05:30,220.5,220.55,220.45,220.5,3520,
2024-01-01 11:17:00+05:30,220.5,220.5,220.25,220.25,72250,
2024-01-01 11:18:00+05:30,220.25,220.35,220.25,220.35,5270,
2024-01-01 11:19:00+05:30,220.35,220.35,220.25,220.3,4246,
2024-01-01 11:20:00+05:30,220.3,220.35,220.25,220.3,3800,
2024-01-01 11:21:00+05:30,220.3,220.35,220.25,220.25,4464,
2024-01-01 11:22:00+05:30,220.25,220.35,220.25,220.25,3996,
2024-01-01 11:23:00+05:30,220.25,220.35,220.25,220.3,2518,
2024-01-01 11:24:00+05:30,220.3,220.35,220.3,220.3,6308,
2024-01-01 11:25:00+05:30,220.35,220.35,220.3,220.35,7784,
2024-01-01 11:26:00+05:30,220.35,220.45,220.35,220.4,6320,
2024-01-01 11:27:00+05:30,220.45,220.55,220.4,220.55,3726,
2024-01-01 11:28:00+05:30,220.55,220.55,220.4,220.55,1674,
2024-01-01 11:29:00+05:30,220.55,220.55,220.35,220.45,2376,
2024-01-01 11:30:00+05:30,220.45,220.45,220.35,220.45,2506,
2024-01-01 11:31:00+05:30,220.45,220.45,220.4,220.45,7212,
2024-01-01 11:32:00+05:30,220.45,220.45,220.35,220.4,1044,
2024-01-01 11:33:00+05:30,220.4,220.45,220.4,220.45,1080,
2024-01-01 11:34:00+05:30,220.4,220.45,220.4,220.4,1028,
2024-01-01 11:35:00+05:30,220.4,220.45,220.25,220.25,17386,
2024-01-01 11:36:00+05:30,220.25,220.35,220.2,220.2,18944,
2024-01-01 11:37:00+05:30,220.25,220.25,220.2,220.25,3890,
2024-01-01 11:38:00+05:30,220.25,220.25,220.2,220.2,1364,
2024-01-01 11:39:00+05:30,220.2,220.35,220.2,220.25,45304,
2024-01-01 11:40:00+05:30,220.35,220.35,220.25,220.25,4068,
2024-01-01 11:41:00+05:30,220.25,220.4,220.25,220.3,2872,
2024-01-01 11:42:00+05:30,220.3,220.45,220.3,220.35,9716,
2024-01-01 11:43:00+05:30,220.35,220.6,220.35,220.55,3964,
2024-01-01 11:44:00+05:30,220.55,220.55,220.35,220.55,5842,
2024-01-01 11:45:00+05:30,220.55,220.55,220.45,220.55,1592,
2024-01-01 11:46:00+05:30,220.45,220.55,220.45,220.45,2766,
2024-01-01 11:47:00+05:30,220.45,220.55,220.45,220.55,2108,
2024-01-01 11:48:00+05:30,220.45,220.65,220.45,220.45,338780,
2024-01-01 11:49:00+05:30,220.6,220.6,220.45,220.45,4928,
2024-01-01 11:50:00+05:30,220.45,220.55,220.45,220.55,16832,
2024-01-01 11:51:00+05:30,220.55,220.65,220.35,220.6,26884,
2024-01-01 11:52:00+05:30,220.6,220.65,220.45,220.55,14810,
2024-01-01 11:53:00+05:30,220.55,220.7,220.55,220.65,10172,
2024-01-01 11:54:00+05:30,220.55,220.7,220.55,220.7,11176,
2024-01-01 11:55:00+05:30,220.6,220.7,220.5,220.55,11946,
2024-01-01 11:56:00+05:30,220.55,221.3,220.5,221.2,179870,
2024-01-01 11:57:00+05:30,221.2,221.3,220.95,221,40820,
2024-01-01 11:58:00+05:30,221,221,220.65,220.75,9096,
2024-01-01 11:59:00+05:30,220.75,220.8,220.65,220.65,7036,
2024-01-01 12:00:00+05:30,220.65,220.8,220.65,220.65,3854,
2024-01-01 12:01:00+05:30,220.65,220.75,220.45,220.55,37822,
2024-01-01 12:02:00+05:30,220.55,220.55,220.45,220.45,5500,
2024-01-01 12:03:00+05:30,220.45,220.65,220.45,220.65,12102,
2024-01-01 12:04:00+05:30,220.65,220.65,220.45,220.45,6186,
2024-01-01 12:05:00+05:30,220.45,220.55,220.45,220.45,6164,
2024-01-01 12:06:00+05:30,220.45,220.45,220.35,220.45,28916,
2024-01-01 12:07:00+05:30,220.4,220.45,220.25,220.35,8506,
2024-01-01 12:08:00+05:30,220.35,220.35,220.3,220.3,2046,
2024-01-01 12:09:00+05:30,220.35,220.45,220.3,220.45,2478,
2024-01-01 12:10:00+05:30,220.35,220.45,220.35,220.35,1042,
2024-01-01 12:11:00+05:30,220.35,220.55,220.3,220.45,8542,
2024-01-01 12:12:00+05:30,220.45,220.65,220.45,220.5,13496,
2024-01-01 12:13:00+05:30,220.5,220.55,220.4,220.55,10278,
2024-01-01 12:14:00+05:30,220.55,220.55,220.4,220.45,10018,
2024-01-01 12:15:00+05:30,220.45,220.6,220.4,220.45,6660,
2024-01-01 12:16:00+05:30,220.45,220.45,220.4,220.45,5500,
2024-01-01 12:17:00+05:30,220.45,220.45,220.4,220.4,5076,
2024-01-01 12:18:00+05:30,220.4,220.45,220.4,220.45,2476,
2024-01-01 12:19:00+05:30,220.45,220.45,220.3,220.35,3182,
2024-01-01 12:20:00+05:30,220.35,220.35,220.25,220.25,4260,
2024-01-01 12:21:00+05:30,220.3,220.35,220.25,220.3,1138,
2024-01-01 12:22:00+05:30,220.3,220.3,220.25,220.25,6112,
2024-01-01 12:23:00+05:30,220.25,220.3,220.25,220.25,4124,
2024-01-01 12:24:00+05:30,220.25,220.25,220.25,220.25,8058,
2024-01-01 12:25:00+05:30,220.25,220.3,220.2,220.3,4558,
2024-01-01 12:26:00+05:30,220.3,220.55,220.25,220.55,24012,
2024-01-01 12:27:00+05:30,220.55,220.65,220.3,220.35,19424,
2024-01-01 12:28:00+05:30,220.4,220.4,220.25,220.25,3392,
2024-01-01 12:29:00+05:30,220.35,220.4,220.25,220.3,7078,
2024-01-01 12:30:00+05:30,220.3,220.3,220.2,220.2,9408,
2024-01-01 12:31:00+05:30,220.25,220.3,220.2,220.25,3342,
2024-01-01 12:32:00+05:30,220.3,220.3,220.2,220.25,9826,
2024-01-01 12:33:00+05:30,220.3,220.4,220.2,220.2,9308,
2024-01-01 12:34:00+05:30,220.3,220.35,220.2,220.35,3738,
2024-01-01 12:35:00+05:30,220.35,220.35,220.2,220.2,3694,
2024-01-01 12:36:00+05:30,220.25,220.25,220.2,220.25,5708,
2024-01-01 12:37:00+05:30,220.25,220.25,220.2,220.25,3642,
2024-01-01 12:38:00+05:30,220.25,220.25,220.2,220.25,2644,
2024-01-01 12:39:00+05:30,220.25,220.25,220.15,220.15,3376,
2024-01-01 12:40:00+05:30,220.25,220.25,220.15,220.2,5808,
2024-01-01 12:41:00+05:30,220.25,220.25,220.15,220.15,6742,
2024-01-01 12:42:00+05:30,220.2,220.2,220.05,220.05,11836,
2024-01-01 12:43:00+05:30,220.05,220.15,220.05,220.05,8362,
2024-01-01 12:44:00+05:30,220.05,220.15,220.05,220.1,3126,
2024-01-01 12:45:00+05:30,220.15,220.2,220,220,18932,
2024-01-01 12:46:00+05:30,220.15,220.15,220,220.05,3542,
2024-01-01 12:47:00+05:30,220.05,220.1,220,220.05,4096,
2024-01-01 12:48:00+05:30,220.05,220.15,220,220.1,9672,
2024-01-01 12:49:00+05:30,220.15,220.15,220,220.15,9790,
2024-01-01 12:50:00+05:30,220.05,220.2,220.05,220.05,5692,
2024-01-01 12:51:00+05:30,220.05,220.2,220.05,220.05,8934,
2024-01-01 12:52:00+05:30,220.15,220.15,220.05,220.05,4122,
2024-01-01 12:53:00+05:30,220.15,220.15,220.05,220.05,3968,
2024-01-01 12:54:00+05:30,220.15,220.15,219.75,219.75,72306,
2024-01-01 12:55:00+05:30,219.8,219.95,219.75,219.95,3642,
2024-01-01 12:56:00+05:30,219.9,219.95,219.9,219.95,2430,
2024-01-01 12:57:00+05:30,219.95,219.95,219.8,219.9,23052,
2024-01-01 12:58:00+05:30,219.9,219.95,219.85,219.95,1822,
2024-01-01 12:59:00+05:30,219.95,219.95,219.85,219.95,2414,
2024-01-01 13:00:00+05:30,219.95,219.95,219.85,219.95,1806,
2024-01-01 13:01:00+05:30,219.85,219.95,219.85,219.95,770,
2024-01-01 13:02:00+05:30,219.9,219.95,219.9,219.95,13400,
2024-01-01 13:03:00+05:30,219.95,219.95,219.85,219.9,3570,
2024-01-01 13:04:00+05:30,219.9,219.95,219.85,219.95,2802,
2024-01-01 13:05:00+05:30,219.95,219.95,219.85,219.85,2966,
2024-01-01 13:06:00+05:30,219.85,219.95,219.85,219.95,11332,
2024-01-01 13:07:00+05:30,219.95,219.95,219.85,219.95,2142,
2024-01-01 13:08:00+05:30,219.95,219.95,219.85,219.95,2318,
2024-01-01 13:09:00+05:30,219.95,219.95,219.85,219.95,402,
2024-01-01 13:10:00+05:30,219.95,219.95,219.9,219.95,1642,
2024-01-01 13:11:00+05:30,219.95,219.95,219.9,219.95,1254,
2024-01-01 13:12:00+05:30,219.95,219.95,219.9,219.9,2502,
2024-01-01 13:13:00+05:30,219.9,219.95,219.85,219.95,3026,
2024-01-01 13:14:00+05:30,219.95,219.95,219.85,219.9,17664,
2024-01-01 13:15:00+05:30,219.95,219.95,219.85,219.9,5978,
2024-01-01 13:16:00+05:30,219.95,220.15,219.85,220.15,14482,
2024-01-01 13:17:00+05:30,220.15,220.15,219.95,220.1,2818,
2024-01-01 13:18:00+05:30,220.1,220.1,219.9,220,4492,
2024-01-01 13:19:00+05:30,220,220.05,219.9,219.9,7462,
2024-01-01 13:20:00+05:30,219.95,219.95,219.9,219.95,1172,
2024-01-01 13:21:00+05:30,219.95,219.95,219.9,219.9,1104,
2024-01-01 13:22:00+05:30,219.95,219.95,219.9,219.95,6278,
2024-01-01 13:23:00+05:30,219.95,219.95,219.9,219.95,4258,
2024-01-01 13:24:00+05:30,219.95,219.95,219.9,219.9,3766,
2024-01-01 13:25:00+05:30,219.95,219.95,219.9,219.95,1288,
2024-01-01 13:26:00+05:30,219.95,219.95,219.9,219.95,15136,
2024-01-01 13:27:00+05:30,219.95,220.05,219.95,219.95,4362,
2024-01-01 13:28:00+05:30,220.05,220.05,219.95,220,1722,
2024-01-01 13:29:00+05:30,220.05,220.05,219.95,220,14070,
2024-01-01 13:30:00+05:30,219.95,220.05,219.95,219.95,11580,
2024-01-01 13:31:00+05:30,219.95,219.95,219.95,219.95,3564,
2024-01-01 13:32:00+05:30,219.95,220.05,219.95,219.95,4426,
2024-01-01 13:33:00+05:30,219.95,220.05,219.95,219.95,4228,
2024-01-01 13:34:00+05:30,219.95,219.95,219.9,219.9,6666,
2024-01-01 13:35:00+05:30,219.95,219.95,219.9,219.95,2212,
2024-01-01 13:36:00+05:30,219.9,219.95,219.85,219.95,3940,
2024-01-01 13:37:00+05:30,219.95,219.95,219.85,219.95,2370,
2024-01-01 13:38:00+05:30,219.95,219.95,219.85,219.95,3408,
2024-01-01 13:39:00+05:30,219.95,219.95,219.85,219.95,8898,
2024-01-01 13:40:00+05:30,219.95,220,219.95,219.95,1706,
2024-01-01 13:41:00+05:30,219.95,219.95,219.85,219.95,10294,
2024-01-01 13:42:00+05:30,219.95,219.95,219.8,219.85,6518,
2024-01-01 13:43:00+05:30,219.95,219.95,219.85,219.95,6132,
2024-01-01 13:44:00+05:30,219.95,219.95,219.9,219.9,258,
2024-01-01 13:45:00+05:30,219.95,219.95,219.9,219.9,20176,
2024-01-01 13:46:00+05:30,219.9,219.95,219.9,219.95,7028,
2024-01-01 13:47:00+05:30,219.95,219.95,219.9,219.9,1734,
2024-01-01 13:48:00+05:30,219.9,219.95,219.9,219.9,6380,
2024-01-01 13:49:00+05:30,219.95,219.95,219.9,219.95,2856,
2024-01-01 13:50:00+05:30,219.9,220,219.9,220,10086,
2024-01-01 13:51:00+05:30,219.95,220.05,219.95,220,1676,
2024-01-01 13:52:00+05:30,220.05,220.05,220.05,220.05,706,
2024-01-01 13:53:00+05:30,220.05,220.05,219.95,220.05,5554,
2024-01-01 13:54:00+05:30,220.05,220.05,219.9,219.95,4354,
2024-01-01 13:55:00+05:30,219.9,219.95,219.9,219.95,2158,
2024-01-01 13:56:00+05:30,219.95,219.95,219.95,219.95,2012,
2024-01-01 13:57:00+05:30,219.95,220.15,219.9,220.05,27898,
2024-01-01 13:58:00+05:30,220.05,220.1,219.95,219.95,17784,
2024-01-01 13:59:00+05:30,220.05,220.05,219.9,219.95,7850,
2024-01-01 14:00:00+05:30,219.95,219.95,219.9,219.9,2444,
2024-01-01 14:01:00+05:30,219.95,219.95,219.9,219.9,1226,
2024-01-01 14:02:00+05:30,219.9,220.05,219.9,219.95,17648,
2024-01-01 14:03:00+05:30,219.95,220.05,219.95,220,10184,
2024-01-01 14:04:00+05:30,219.95,220.1,219.95,220.1,5886,
2024-01-01 14:05:00+05:30,220.05,220.15,220,220.15,13782,
2024-01-01 14:06:00+05:30,220.15,220.25,219.95,220.15,13638,
2024-01-01 14:07:00+05:30,220.15,220.15,219.95,219.95,55316,
2024-01-01 14:08:00+05:30,219.95,219.95,219.9,219.9,4468,
2024-01-01 14:09:00+05:30,219.9,219.95,219.9,219.95,1180,
2024-01-01 14:10:00+05:30,219.95,219.95,219.9,219.95,14406,
2024-01-01 14:11:00+05:30,219.9,219.95,219.9,219.9,9634,
2024-01-01 14:12:00+05:30,219.95,219.95,219.85,219.95,6578,
2024-01-01 14:13:00+05:30,219.95,219.95,219.85,219.9,15832,
2024-01-01 14:14:00+05:30,219.9,219.95,219.85,219.85,4050,
2024-01-01 14:15:00+05:30,219.9,219.95,219.85,219.95,6160,
2024-01-01 14:16:00+05:30,219.95,219.95,219.85,219.95,12124,
2024-01-01 14:17:00+05:30,219.95,219.95,219.85,219.95,19312,
2024-01-01 14:18:00+05:30,219.95,219.95,219.85,219.95,10404,
2024-01-01 14:19:00+05:30,219.95,219.95,219.85,219.85,4618,
2024-01-01 14:20:00+05:30,219.85,219.9,219.75,219.85,29824,
2024-01-01 14:21:00+05:30,219.75,219.85,219.75,219.75,8536,
2024-01-01 14:22:00+05:30,219.85,219.85,219.75,219.75,7138,
2024-01-01 14:23:00+05:30,219.75,219.75,219.75,219.75,9448,
2024-01-01 14:24:00+05:30,219.75,219.75,219.55,219.65,32186,
2024-01-01 14:25:00+05:30,219.55,219.65,219.45,219.65,18884,
2024-01-01 14:26:00+05:30,219.65,219.65,219.45,219.6,10596,
2024-01-01 14:27:00+05:30,219.6,219.75,219.6,219.75,8548,
2024-01-01 14:28:00+05:30,219.75,219.75,219.6,219.6,10742,
2024-01-01 14:29:00+05:30,219.6,219.75,219.3,219.35,43506,
2024-01-01 14:30:00+05:30,219.35,219.45,219.25,219.45,17112,
2024-01-01 14:31:00+05:30,219.45,219.55,219.4,219.55,10966,
2024-01-01 14:32:00+05:30,219.55,219.55,219.45,219.45,5268,
2024-01-01 14:33:00+05:30,219.5,219.7,219.45,219.5,7152,
2024-01-01 14:34:00+05:30,219.6,219.65,219.55,219.65,9366,
2024-01-01 14:35:00+05:30,219.6,219.65,219.55,219.55,11052,
2024-01-01 14:36:00+05:30,219.55,219.55,219.55,219.55,4806,
2024-01-01 14:37:00+05:30,219.55,219.6,219.5,219.5,10756,
2024-01-01 14:38:00+05:30,219.55,219.55,219.4,219.5,11006,
2024-01-01 14:39:00+05:30,219.5,219.55,219.4,219.55,7616,
2024-01-01 14:40:00+05:30,219.45,219.55,219.45,219.55,4776,
2024-01-01 14:41:00+05:30,219.55,219.55,219.45,219.55,6256,
2024-01-01 14:42:00+05:30,219.55,219.6,219.45,219.6,5908,
2024-01-01 14:43:00+05:30,219.6,219.6,219.45,219.55,10096,
2024-01-01 14:44:00+05:30,219.55,219.6,219.45,219.55,5298,
2024-01-01 14:45:00+05:30,219.6,219.6,219.45,219.55,6234,
2024-01-01 14:46:00+05:30,219.55,219.85,219.55,219.65,22008,
2024-01-01 14:47:00+05:30,219.65,219.75,219.6,219.75,11986,
2024-01-01 14:48:00+05:30,219.75,219.85,219.65,219.75,13576,
2024-01-01 14:49:00+05:30,219.8,219.85,219.7,219.85,13660,
2024-01-01 14:50:00+05:30,219.85,219.85,219.75,219.85,18078,
2024-01-01 14:51:00+05:30,219.85,219.85,219.7,219.85,7562,
2024-01-01 14:52:00+05:30,219.85,219.85,219.7,219.7,6576,
2024-01-01 14:53:00+05:30,219.75,219.8,219.6,219.6,10848,
2024-01-01 14:54:00+05:30,219.65,219.85,219.6,219.75,20152,
2024-01-01 14:55:00+05:30,219.85,219.85,219.75,219.85,15676,
2024-01-01 14:56:00+05:30,219.85,219.9,219.75,219.75,12716,
2024-01-01 14:57:00+05:30,219.85,219.85,219.65,219.85,9132,
2024-01-01 14:58:00+05:30,219.85,219.85,219.7,219.75,5932,
2024-01-01 14:59:00+05:30,219.75,219.85,219.65,219.7,10158,
2024-01-01 15:00:00+05:30,219.85,219.85,219.65,219.75,10240,
2024-01-01 15:01:00+05:30,219.75,219.75,219.6,219.75,7130,
2024-01-01 15:02:00+05:30,219.75,219.75,219.55,219.65,16378,
2024-01-01 15:03:00+05:30,219.65,219.7,219.55,219.7,6514,
2024-01-01 15:04:00+05:30,219.7,219.7,219.5,219.5,3428,
2024-01-01 15:05:00+05:30,219.55,219.7,219.5,219.7,17456,
2024-01-01 15:06:00+05:30,219.75,219.8,219.55,219.55,29912,
2024-01-01 15:07:00+05:30,219.55,219.75,219.55,219.65,5414,
2024-01-01 15:08:00+05:30,219.65,219.65,219.4,219.4,14978,
2024-01-01 15:09:00+05:30,219.45,219.65,219.3,219.5,55130,
2024-01-01 15:10:00+05:30,219.65,219.75,219.3,219.35,74318,
2024-01-01 15:11:00+05:30,219.35,219.35,219.2,219.25,15252,
2024-01-01 15:12:00+05:30,219.25,219.3,219.1,219.1,22894,
2024-01-01 15:13:00+05:30,219.2,219.2,218.8,218.8,61836,
2024-01-01 15:14:00+05:30,218.9,218.95,218.75,218.9,22960,
2024-01-01 15:15:00+05:30,218.9,219,218.8,219,15880,
2024-01-01 15:16:00+05:30,219,219,218.9,219,52300,
2024-01-01 15:17:00+05:30,219,219.1,218.9,218.95,122370,
2024-01-01 15:18:00+05:30,219,219,218.8,218.9,102954,
2024-01-01 15:19:00+05:30,219,219.1,218.9,219,148320,
2024-01-01 15:20:00+05:30,219,219,218.5,218.7,86886,
2024-01-01 15:21:00+05:30,218.7,218.8,218.5,218.5,57924,
2024-01-01 15:22:00+05:30,218.55,218.6,218.5,218.55,25618,
2024-01-01 15:23:00+05:30,218.6,218.6,218.5,218.55,17238,
2024-01-01 15:24:00+05:30,218.5,218.6,218.35,218.6,26610,
2024-01-01 15:25:00+05:30,218.6,218.7,218.5,218.7,12134,
2024-01-01 15:26:00+05:30,218.65,218.85,218.5,218.7,21460,
2024-01-01 15:27:00+05:30,218.65,218.8,218.5,218.8,27934,
2024-01-01 15:28:00+05:30,218.65,218.9,218.6,218.8,34566,
2024-01-01 15:29:00+05:30,218.8,219,218.6,218.6,45366,
2024-01-02 09:15:00+05:30,219,219.75,218.05,219.55,116928,
2024-01-02 09:16:00+05:30,219.2,219.35,219.1,219.15,17304,
2024-01-02 09:17:00+05:30,219,219.15,218.8,219,26898,
2024-01-02 09:18:00+05:30,218.85,219,218.75,218.8,24312,
2024-01-02 09:19:00+05:30,218.6,219,218.6,218.8,35762,
2024-01-02 09:20:00+05:30,218.8,219,218.6,219,44646,
2024-01-02 09:21:00+05:30,219.05,219.55,218.95,219.3,69274,
2024-01-02 09:22:00+05:30,219.3,219.35,218.95,218.95,51230,
2024-01-02 09:23:00+05:30,218.95,219.1,218.75,218.9,44680,
2024-01-02 09:24:00+05:30,218.9,218.9,218.6,218.7,49578,
2024-01-02 09:25:00+05:30,218.7,219.25,218.6,219.2,43274,
2024-01-02 09:26:00+05:30,219.3,219.65,219.3,219.35,43390,
2024-01-02 09:27:00+05:30,219.3,219.35,219.25,219.3,19282,
2024-01-02 09:28:00+05:30,219.3,219.35,219.2,219.35,21046,
2024-01-02 09:29:00+05:30,219.35,219.5,219.3,219.35,20760,
2024-01-02 09:30:00+05:30,219.35,219.45,219.15,219.35,50036,
2024-01-02 09:31:00+05:30,219.45,219.45,219.3,219.35,29214,
2024-01-02 09:32:00+05:30,219.35,219.35,219.25,219.35,4190,
2024-01-02 09:33:00+05:30,219.4,219.4,219.2,219.2,6382,
2024-01-02 09:34:00+05:30,219.25,219.3,219.2,219.3,3154,
2024-01-02 09:35:00+05:30,219.3,219.35,219.3,219.35,26616,
2024-01-02 09:36:00+05:30,219.35,219.55,219.3,219.55,22824,
2024-01-02 09:37:00+05:30,219.65,219.85,219.55,219.85,38612,
2024-01-02 09:38:00+05:30,219.85,219.95,219.65,219.65,68392,
2024-01-02 09:39:00+05:30,219.65,220.1,219.65,220.1,61040,
2024-01-02 09:40:00+05:30,220.1,220.4,220.05,220.35,51382,
2024-01-02 09:41:00+05:30,220.35,220.6,220.35,220.35,95386,
2024-01-02 09:42:00+05:30,220.35,220.35,219.95,220.15,22134,
2024-01-02 09:43:00+05:30,220.15,220.25,219.85,219.95,22314,
2024-01-02 09:44:00+05:30,219.95,220.15,219.95,220.15,12056,
2024-01-02 09:45:00+05:30,220.25,220.35,219.95,219.95,24736,
2024-01-02 09:46:00+05:30,219.95,220.25,219.95,220.1,8690,
2024-01-02 09:47:00+05:30,220.05,220.75,220.05,220.75,87174,
2024-01-02 09:48:00+05:30,220.75,220.75,220.55,220.65,21180,
2024-01-02 09:49:00+05:30,220.75,221,220.65,220.75,72624,
2024-01-02 09:50:00+05:30,220.75,220.85,220.65,220.75,21392,
2024-01-02 09:51:00+05:30,220.85,220.85,220.65,220.75,19486,
2024-01-02 09:52:00+05:30,220.75,220.85,220.65,220.75,11266,
2024-01-02 09:53:00+05:30,220.65,220.85,220.65,220.85,38578,
2024-01-02 09:54:00+05:30,220.85,220.9,220.7,220.85,64680,
2024-01-02 09:55:00+05:30,220.85,220.85,220.55,220.55,27284,
2024-01-02 09:56:00+05:30,220.5,220.55,219.95,220.1,23416,
2024-01-02 09:57:00+05:30,219.95,220.1,219.75,219.95,41508,
2024-01-02 09:58:00+05:30,219.85,219.85,219.35,219.35,35852,
2024-01-02 09:59:00+05:30,219.45,219.5,219.2,219.2,32858,
2024-01-02 10:00:00+05:30,219.05,219.35,219.05,219.05,29490,
2024-01-02 10:01:00+05:30,219.2,219.4,219.05,219.3,39702,
2024-01-02 10:02:00+05:30,219.3,219.6,219.25,219.45,22806,
2024-01-02 10:03:00+05:30,219.45,219.8,219.3,219.5,26760,
2024-01-02 10:04:00+05:30,219.35,219.65,219.35,219.35,19532,
2024-01-02 10:05:00+05:30,219.45,219.85,219.35,219.7,17602,
2024-01-02 10:06:00+05:30,219.55,219.85,219.55,219.7,13870,
2024-01-02 10:07:00+05:30,219.65,219.95,219.65,219.7,15448,
2024-01-02 10:08:00+05:30,219.85,219.95,219.6,219.75,18646,
2024-01-02 10:09:00+05:30,219.6,219.7,219.45,219.55,8136,
2024-01-02 10:10:00+05:30,219.55,219.55,219.35,219.35,6896,
2024-01-02 10:11:00+05:30,219.45,219.75,219.35,219.55,26264,
2024-01-02 10:12:00+05:30,219.65,219.75,219.45,219.55,12270,
2024-01-02 10:13:00+05:30,219.45,219.7,219.45,219.5,9410,
2024-01-02 10:14:00+05:30,219.5,219.7,219.45,219.6,6384,
2024-01-02 10:15:00+05:30,219.65,219.65,219.35,219.35,14542,
2024-01-02 10:16:00+05:30,219.35,219.6,219.35,219.55,6862,
2024-01-02 10:17:00+05:30,219.55,219.55,219.3,219.45,22446,
2024-01-02 10:18:00+05:30,219.45,219.65,219.45,219.65,15908,
2024-01-02 10:19:00+05:30,219.65,219.65,219.45,219.5,11372,
2024-01-02 10:20:00+05:30,219.5,219.75,219.45,219.65,28180,
2024-01-02 10:21:00+05:30,219.45,219.55,219.35,219.45,13010,
2024-01-02 10:22:00+05:30,219.45,219.45,219.3,219.3,8870,
2024-01-02 10:23:00+05:30,219.3,219.35,219.15,219.2,24208,
2024-01-02 10:24:00+05:30,219.15,219.2,218.8,218.8,34406,
2024-01-02 10:25:00+05:30,218.8,218.9,218.5,218.65,27176,
2024-01-02 10:26:00+05:30,218.6,218.6,218.15,218.3,64178,
2024-01-02 10:27:00+05:30,218.35,218.45,218.1,218.25,38624,
2024-01-02 10:28:00+05:30,218.3,218.3,218.05,218.15,38234,
2024-01-02 10:29:00+05:30,218.15,218.15,217.9,218,87496,
2024-01-02 10:30:00+05:30,217.9,218.15,217.9,218.15,33300,
2024-01-02 10:31:00+05:30,218.15,218.6,218,218.6,36346,
2024-01-02 10:32:00+05:30,218.5,218.55,218.25,218.4,17750,
2024-01-02 10:33:00+05:30,218.3,218.4,218.1,218.2,40380,
2024-01-02 10:34:00+05:30,218.2,218.65,218.1,218.3,48492,
2024-01-02 10:35:00+05:30,218.3,218.4,218.1,218.25,8766,
2024-01-02 10:36:00+05:30,218.25,218.3,217.7,217.7,36776,
2024-01-02 10:37:00+05:30,217.75,217.75,217.4,217.55,56350,
2024-01-02 10:38:00+05:30,217.55,217.85,217.4,217.55,17276,
2024-01-02 10:39:00+05:30,217.55,217.65,217.15,217.15,26910,
2024-01-02 10:40:00+05:30,217.25,217.45,217.1,217.15,37592,
2024-01-02 10:41:00+05:30,217.15,217.65,217.15,217.65,49206,
2024-01-02 10:42:00+05:30,217.55,218,217.45,218,44768,
2024-01-02 10:43:00+05:30,217.9,218.45,217.8,218.35,63240,
2024-01-02 10:44:00+05:30,218.35,218.4,218,218.15,11092,
2024-01-02 10:45:00+05:30,218.15,218.15,217.8,218.1,20440,
2024-01-02 10:46:00+05:30,218,218.1,217.9,218.05,12062,
2024-01-02 10:47:00+05:30,218,218.35,218,218.1,7090,
2024-01-02 10:48:00+05:30,218.1,218.3,218,218.2,11566,
2024-01-02 10:49:00+05:30,218.2,218.5,218.2,218.4,63922,
2024-01-02 10:50:00+05:30,218.5,218.7,218.4,218.55,57476,
2024-01-02 10:51:00+05:30,218.55,218.8,218.45,218.6,4878,
2024-01-02 10:52:00+05:30,218.6,218.95,218.5,218.9,26590,
2024-01-02 10:53:00+05:30,218.95,219.25,218.9,219,31436,
2024-01-02 10:54:00+05:30,219.1,219.2,218.9,218.9,8456,
2024-01-02 10:55:00+05:30,218.9,219.2,218.9,219.2,28742,
2024-01-02 10:56:00+05:30,219.2,219.25,219,219,14276,
2024-01-02 10:57:00+05:30,219,219.25,218.9,219.15,18110,
2024-01-02 10:58:00+05:30,219.1,219.2,218.9,219,6842,
2024-01-02 10:59:00+05:30,219,219.2,218.9,219,4210,
2024-01-02 11:00:00+05:30,219,219.15,218.75,218.75,13246,
2024-01-02 11:01:00+05:30,218.9,218.9,218.6,218.7,3468,
2024-01-02 11:02:00+05:30,218.7,218.7,218.6,218.65,9196,
2024-01-02 11:03:00+05:30,218.65,218.8,218.6,218.6,22416,
2024-01-02 11:04:00+05:30,218.7,218.8,218.55,218.6,16546,
2024-01-02 11:05:00+05:30,218.6,218.75,218.4,218.4,8254,
2024-01-02 11:06:00+05:30,218.4,218.55,218.25,218.3,4020,
2024-01-02 11:07:00+05:30,218.4,218.75,218.35,218.65,9104,
2024-01-02 11:08:00+05:30,218.65,218.75,218.5,218.5,4326,
2024-01-02 11:09:00+05:30,218.5,218.7,218.5,218.6,2690,
2024-01-02 11:10:00+05:30,218.6,218.7,218.6,218.6,3632,
2024-01-02 11:11:00+05:30,218.6,218.75,218.5,218.6,15508,
2024-01-02 11:12:00+05:30,218.5,218.7,218.4,218.65,7284,
2024-01-02 11:13:00+05:30,218.65,218.65,218.2,218.2,3586,
2024-01-02 11:14:00+05:30,218.35,218.5,218.2,218.4,15076,
2024-01-02 11:15:00+05:30,218.5,218.5,218.2,218.3,12622,
2024-01-02 11:16:00+05:30,218.35,218.5,218.35,218.4,5992,
2024-01-02 11:17:00+05:30,218.4,218.7,218.4,218.65,5722,
2024-01-02 11:18:00+05:30,218.65,218.7,218.4,218.4,6434,
2024-01-02 11:19:00+05:30,218.4,218.5,218.35,218.4,14068,
2024-01-02 11:20:00+05:30,218.4,218.7,218.4,218.5,8676,
2024-01-02 11:21:00+05:30,218.5,218.75,218.5,218.75,20844,
2024-01-02 11:22:00+05:30,218.75,218.8,218.65,218.8,6372,
2024-01-02 11:23:00+05:30,218.8,218.9,218.65,218.7,19902,
2024-01-02 11:24:00+05:30,218.8,218.8,218.7,218.7,2776,
2024-01-02 11:25:00+05:30,218.7,218.9,218.65,218.8,8188,
2024-01-02 11:26:00+05:30,218.9,219,218.8,218.9,7212,
2024-01-02 11:27:00+05:30,218.9,218.9,218.8,218.8,4460,
2024-01-02 11:28:00+05:30,218.9,219,218.8,218.9,10280,
2024-01-02 11:29:00+05:30,218.9,219,218.9,218.9,2472,
2024-01-02 11:30:00+05:30,218.9,218.9,218.9,218.9,1172,
2024-01-02 11:31:00+05:30,218.9,218.9,218.75,218.75,9618,
2024-01-02 11:32:00+05:30,218.75,218.95,218.75,218.9,2248,
2024-01-02 11:33:00+05:30,218.9,219,218.85,218.9,11540,
2024-01-02 11:34:00+05:30,218.95,219.3,218.95,219.05,37622,
2024-01-02 11:35:00+05:30,219.15,219.15,218.9,218.95,7880,
2024-01-02 11:36:00+05:30,218.95,219,218.8,218.8,9616,
2024-01-02 11:37:00+05:30,218.8,218.9,218.65,218.9,14374,
2024-01-02 11:38:00+05:30,218.9,219.35,218.9,219.1,8842,
2024-01-02 11:39:00+05:30,219.25,219.4,219.1,219.3,32258,
2024-01-02 11:40:00+05:30,219.3,219.4,219.15,219.15,15496,
2024-01-02 11:41:00+05:30,219.3,219.3,219.05,219.1,8988,
2024-01-02 11:42:00+05:30,219.1,219.25,219.05,219.1,6684,
2024-01-02 11:43:00+05:30,219.1,219.3,219.1,219.2,2968,
2024-01-02 11:44:00+05:30,219.2,219.3,219.15,219.15,5322,
2024-01-02 11:45:00+05:30,219.15,219.2,219,219.2,8258,
2024-01-02 11:46:00+05:30,219.2,219.2,218.8,219,3982,
2024-01-02 11:47:00+05:30,219,219,218.9,218.9,7228,
2024-01-02 11:48:00+05:30,218.9,218.95,218.85,218.85,1906,
2024-01-02 11:49:00+05:30,218.85,219,218.8,218.8,4138,
2024-01-02 11:50:00+05:30,218.8,218.9,218.75,218.75,7470,
2024-01-02 11:51:00+05:30,218.9,218.95,218.8,218.8,5474,
2024-01-02 11:52:00+05:30,218.8,218.95,218.8,218.85,1436,
2024-01-02 11:53:00+05:30,218.85,219,218.85,218.95,8246,
2024-01-02 11:54:00+05:30,218.95,219.15,218.9,219.15,1286,
2024-01-02 11:55:00+05:30,219.15,219.15,218.9,218.95,6176,
2024-01-02 11:56:00+05:30,218.95,219.05,218.9,219,11720,
2024-01-02 11:57:00+05:30,219,219.15,219,219.1,1650,
2024-01-02 11:58:00+05:30,219.1,219.2,219,219.05,5604,
2024-01-02 11:59:00+05:30,219.05,219.2,219,219.2,4564,
2024-01-02 12:00:00+05:30,219.15,219.25,219.1,219.1,7402,
2024-01-02 12:01:00+05:30,219.1,219.25,219.05,219.2,1112,
2024-01-02 12:02:00+05:30,219.2,219.2,219.1,219.2,1120,
2024-01-02 12:03:00+05:30,219.2,219.2,219.1,219.15,9978,
2024-01-02 12:04:00+05:30,219.25,219.25,219.2,219.25,4608,
2024-01-02 12:05:00+05:30,219.2,219.35,219.2,219.35,23222,
2024-01-02 12:06:00+05:30,219.35,219.35,219.3,219.35,3022,
2024-01-02 12:07:00+05:30,219.35,219.4,219.3,219.3,6862,
2024-01-02 12:08:00+05:30,219.3,219.35,219.25,219.3,3650,
2024-01-02 12:09:00+05:30,219.3,219.35,219.3,219.3,2624,
2024-01-02 12:10:00+05:30,219.35,219.35,219.25,219.35,6646,
2024-01-02 12:11:00+05:30,219.35,219.4,219.25,219.4,8584,
2024-01-02 12:12:00+05:30,219.4,219.4,219.25,219.25,6458,
2024-01-02 12:13:00+05:30,219.35,219.35,219.25,219.3,12646,
2024-01-02 12:14:00+05:30,219.25,219.35,219.25,219.3,1288,
2024-01-02 12:15:00+05:30,219.35,219.35,219.25,219.35,9788,
2024-01-02 12:16:00+05:30,219.55,219.8,219.45,219.75,37624,
2024-01-02 12:17:00+05:30,219.75,219.8,219.45,219.65,8412,
2024-01-02 12:18:00+05:30,219.65,219.75,219.65,219.7,5114,
2024-01-02 12:19:00+05:30,219.75,219.75,219.65,219.7,3612,
2024-01-02 12:20:00+05:30,219.7,219.7,219.55,219.65,6146,
2024-01-02 12:21:00+05:30,219.65,219.65,219.55,219.65,4454,
2024-01-02 12:22:00+05:30,219.65,219.65,219.55,219.65,3858,
2024-01-02 12:23:00+05:30,219.65,219.65,219.5,219.55,5716,
2024-01-02 12:24:00+05:30,219.55,219.6,219.45,219.55,722,
2024-01-02 12:25:00+05:30,219.55,219.55,219.3,219.4,7842,
2024-01-02 12:26:00+05:30,219.45,219.45,219.4,219.4,892,
2024-01-02 12:27:00+05:30,219.45,219.45,219.4,219.45,1230,
2024-01-02 12:28:00+05:30,219.45,219.45,219.35,219.45,9050,
2024-01-02 12:29:00+05:30,219.45,219.65,219.45,219.55,9028,
2024-01-02 12:30:00+05:30,219.6,219.65,219.5,219.55,660,
2024-01-02 12:31:00+05:30,219.65,219.7,219.5,219.7,15358,
2024-01-02 12:32:00+05:30,219.7,219.7,219.65,219.65,2740,
2024-01-02 12:33:00+05:30,219.7,219.7,219.65,219.7,1498,
2024-01-02 12:34:00+05:30,219.7,219.85,219.65,219.85,23360,
2024-01-02 12:35:00+05:30,219.85,220.35,219.85,220.25,34786,
2024-01-02 12:36:00+05:30,220.25,221.1,220.25,221.1,233984,
2024-01-02 12:37:00+05:30,221.1,221.4,220.75,221.3,130878,
2024-01-02 12:38:00+05:30,221.3,221.3,220.75,220.9,83268,
2024-01-02 12:39:00+05:30,220.9,221.15,220.85,221.15,91764,
2024-01-02 12:40:00+05:30,221.1,221.5,221.1,221.5,157590,
2024-01-02 12:41:00+05:30,221.5,221.5,221.4,221.5,125146,
2024-01-02 12:42:00+05:30,221.4,221.5,221.05,221.25,52672,
2024-01-02 12:43:00+05:30,221.25,221.25,220.9,220.9,28522,
2024-01-02 12:44:00+05:30,220.9,221,220.75,220.8,22776,
2024-01-02 12:45:00+05:30,220.8,220.9,220.65,220.75,9762,
2024-01-02 12:46:00+05:30,220.75,221,220.65,220.95,84018,
2024-01-02 12:47:00+05:30,220.95,220.95,220.85,220.85,59532,
2024-01-02 12:48:00+05:30,220.9,220.9,220.75,220.75,15788,
2024-01-02 12:49:00+05:30,220.75,220.85,220.55,220.55,16384,
2024-01-02 12:50:00+05:30,220.7,220.7,220.35,220.35,26730,
2024-01-02 12:51:00+05:30,220.35,220.55,220.35,220.5,13598,
2024-01-02 12:52:00+05:30,220.55,220.6,220.5,220.6,51002,
2024-01-02 12:53:00+05:30,220.6,220.6,220.55,220.55,19876,
2024-01-02 12:54:00+05:30,220.55,220.6,220.45,220.5,11654,
2024-01-02 12:55:00+05:30,220.5,220.5,220.2,220.3,15308,
2024-01-02 12:56:00+05:30,220.3,220.45,220.15,220.4,41728,
2024-01-02 12:57:00+05:30,220.4,220.55,220.4,220.45,12718,
2024-01-02 12:58:00+05:30,220.55,220.55,220.3,220.35,15004,
2024-01-02 12:59:00+05:30,220.45,220.55,220.35,220.35,5740,
2024-01-02 13:00:00+05:30,220.45,220.45,220.35,220.45,4180,
2024-01-02 13:01:00+05:30,220.45,220.45,220.3,220.3,14066,
2024-01-02 13:02:00+05:30,220.3,220.35,220.2,220.2,32898,
2024-01-02 13:03:00+05:30,220.2,220.25,219.85,219.95,21014,
2024-01-02 13:04:00+05:30,219.95,219.95,219.55,219.8,17712,
2024-01-02 13:05:00+05:30,219.8,219.95,219.75,219.9,8682,
2024-01-02 13:06:00+05:30,219.75,220.35,219.75,219.95,49960,
2024-01-02 13:07:00+05:30,220.05,220.25,220.05,220.2,3666,
2024-01-02 13:08:00+05:30,220.2,220.35,219.85,219.95,13490,
2024-01-02 13:09:00+05:30,220.05,220.05,219.95,219.95,7462,
2024-01-02 13:10:00+05:30,219.95,220.15,219.95,220.15,7806,
2024-01-02 13:11:00+05:30,220.05,220.05,219.75,219.75,11640,
2024-01-02 13:12:00+05:30,219.75,219.85,219.75,219.75,5074,
2024-01-02 13:13:00+05:30,219.75,220.05,219.75,219.95,7580,
2024-01-02 13:14:00+05:30,219.95,219.95,219.75,219.85,8626,
2024-01-02 13:15:00+05:30,219.85,220.05,219.85,219.95,9220,
2024-01-02 13:16:00+05:30,220.05,220.05,219.8,219.95,11384,
2024-01-02 13:17:00+05:30,220,220.05,219.85,219.85,12666,
2024-01-02 13:18:00+05:30,219.85,220,219.85,219.95,5546,
2024-01-02 13:19:00+05:30,219.95,220,219.95,219.95,6422,
2024-01-02 13:20:00+05:30,220,220.05,219.95,219.95,10724,
2024-01-02 13:21:00+05:30,219.95,220.05,219.95,220,9008,
2024-01-02 13:22:00+05:30,220,220.05,219.95,219.95,5092,
2024-01-02 13:23:00+05:30,220,220.05,219.95,219.95,3730,
2024-01-02 13:24:00+05:30,220,220,219.9,220,6580,
2024-01-02 13:25:00+05:30,220,220.15,219.95,220,86296,
2024-01-02 13:26:00+05:30,220,220.05,219.75,219.75,13156,
2024-01-02 13:27:00+05:30,219.75,219.85,219.65,219.8,7968,
2024-01-02 13:28:00+05:30,219.8,219.85,219.75,219.75,6388,
2024-01-02 13:29:00+05:30,219.85,219.95,219.8,219.95,6384,
2024-01-02 13:30:00+05:30,219.95,220.15,219.85,220.15,20170,
2024-01-02 13:31:00+05:30,220.15,220.4,220.1,220.35,15460,
2024-01-02 13:32:00+05:30,220.35,220.45,220,220,10426,
2024-01-02 13:33:00+05:30,220,220.15,219.95,220.05,9900,
2024-01-02 13:34:00+05:30,220.05,220.35,220.05,220.35,17588,
2024-01-02 13:35:00+05:30,220.35,220.35,220.15,220.25,14916,
2024-01-02 13:36:00+05:30,220.15,220.55,220.15,220.45,27678,
2024-01-02 13:37:00+05:30,220.5,220.5,220.25,220.25,22802,
2024-01-02 13:38:00+05:30,220.35,220.35,220.15,220.15,13746,
2024-01-02 13:39:00+05:30,220.15,220.25,220.1,220.25,3872,
2024-01-02 13:40:00+05:30,220.2,220.35,220.15,220.25,6558,
2024-01-02 13:41:00+05:30,220.35,220.35,220.25,220.25,5860,
2024-01-02 13:42:00+05:30,220.25,220.25,220.1,220.15,7530,
2024-01-02 13:43:00+05:30,220.15,220.3,220.15,220.3,4636,
2024-01-02 13:44:00+05:30,220.2,220.45,220.2,220.35,18480,
2024-01-02 13:45:00+05:30,220.35,220.45,220.3,220.35,7306,
2024-01-02 13:46:00+05:30,220.35,220.45,220.25,220.3,9452,
2024-01-02 13:47:00+05:30,220.2,220.5,220.2,220.45,16202,
2024-01-02 13:48:00+05:30,220.45,220.45,220.25,220.25,5484,
2024-01-02 13:49:00+05:30,220.25,220.4,220.25,220.3,9964,
2024-01-02 13:50:00+05:30,220.4,220.6,220.3,220.5,25954,
2024-01-02 13:51:00+05:30,220.5,220.75,220.5,220.7,20216,
2024-01-02 13:52:00+05:30,220.7,220.7,220.35,220.55,14640,
2024-01-02 13:53:00+05:30,220.55,220.55,220.25,220.4,7564,
2024-01-02 13:54:00+05:30,220.4,220.55,220.35,220.35,7498,
2024-01-02 13:55:00+05:30,220.45,220.55,220.35,220.35,6416,
2024-01-02 13:56:00+05:30,220.35,220.45,220.25,220.35,3126,
2024-01-02 13:57:00+05:30,220.25,220.35,220.2,220.25,3852,
2024-01-02 13:58:00+05:30,220.35,220.45,220.25,220.25,16384,
2024-01-02 13:59:00+05:30,220.35,220.35,220.25,220.35,7038,
2024-01-02 14:00:00+05:30,220.35,220.45,220.3,220.3,8382,
2024-01-02 14:01:00+05:30,220.45,220.45,220.3,220.3,6680,
2024-01-02 14:02:00+05:30,220.45,220.45,220.3,220.45,14034,
2024-01-02 14:03:00+05:30,220.45,220.45,220.3,220.35,26258,
2024-01-02 14:04:00+05:30,220.4,220.45,220.2,220.45,13824,
2024-01-02 14:05:00+05:30,220.45,220.55,220.35,220.45,9470,
2024-01-02 14:06:00+05:30,220.45,220.6,220.35,220.55,18060,
2024-01-02 14:07:00+05:30,220.6,220.6,220.45,220.6,11448,
2024-01-02 14:08:00+05:30,220.55,220.75,220.5,220.7,24324,
2024-01-02 14:09:00+05:30,220.75,220.9,220.75,220.85,47242,
2024-01-02 14:10:00+05:30,220.85,220.85,220.65,220.75,19664,
2024-01-02 14:11:00+05:30,220.75,220.9,220.65,220.9,22454,
2024-01-02 14:12:00+05:30,220.9,220.9,220.8,220.8,52668,
2024-01-02 14:13:00+05:30,220.85,220.85,220.75,220.75,5040,
2024-01-02 14:14:00+05:30,220.85,220.9,220.75,220.85,13600,
2024-01-02 14:15:00+05:30,220.85,220.85,220.5,220.55,27266,
2024-01-02 14:16:00+05:30,220.55,220.65,220.45,220.55,5010,
2024-01-02 14:17:00+05:30,220.55,221.3,220.45,221.1,105322,
2024-01-02 14:18:00+05:30,221.05,221.3,221,221.1,83226,
2024-01-02 14:19:00+05:30,221.2,221.2,221.05,221.1,49340,
2024-01-02 14:20:00+05:30,221.1,221.2,221.1,221.1,80150,
2024-01-02 14:21:00+05:30,221.1,221.2,221.1,221.15,42538,
2024-01-02 14:22:00+05:30,221.2,221.2,221,221.1,24916,
2024-01-02 14:23:00+05:30,221.1,221.15,220.95,221,9222,
2024-01-02 14:24:00+05:30,221,221,220.9,221,29908,
2024-01-02 14:25:00+05:30,221,221,220.85,220.95,20976,
2024-01-02 14:26:00+05:30,220.9,221.1,220.85,220.95,23684,
2024-01-02 14:27:00+05:30,220.95,221,220.85,221,31512,
2024-01-02 14:28:00+05:30,221,221,220.9,220.9,4810,
2024-01-02 14:29:00+05:30,220.95,221,220.85,220.85,19334,
2024-01-02 14:30:00+05:30,220.9,221.1,220.85,221,53696,
2024-01-02 14:31:00+05:30,221,221.1,220.9,221.05,21628,
2024-01-02 14:32:00+05:30,221.05,221.1,221,221,4070,
2024-01-02 14:33:00+05:30,221,221.2,221,221.2,42616,
2024-01-02 14:34:00+05:30,221.2,221.2,221,221.1,20078,
2024-01-02 14:35:00+05:30,221.15,221.15,221,221.1,13894,
2024-01-02 14:36:00+05:30,221.1,221.15,221,221.1,12940,
2024-01-02 14:37:00+05:30,221.1,221.1,221,221,3692,
2024-01-02 14:38:00+05:30,221,221.1,221,221.1,11188,
2024-01-02 14:39:00+05:30,221.1,221.15,221,221.1,15300,
2024-01-02 14:40:00+05:30,221.1,221.4,221.05,221.3,84182,
2024-01-02 14:41:00+05:30,221.3,221.3,221.2,221.2,11714,
2024-01-02 14:42:00+05:30,221.2,221.3,221.2,221.3,7612,
2024-01-02 14:43:00+05:30,221.3,221.3,221.1,221.2,21142,
2024-01-02 14:44:00+05:30,221.2,221.2,221,221.1,8504,
2024-01-02 14:45:00+05:30,221.05,221.15,221,221.15,16680,
2024-01-02 14:46:00+05:30,221.15,221.25,220.9,221,37434,
2024-01-02 14:47:00+05:30,221,221.2,220.9,221.2,42710,
2024-01-02 14:48:00+05:30,221.2,221.8,221.2,221.7,230728,
2024-01-02 14:49:00+05:30,221.7,222.55,221.7,222.2,311204,
2024-01-02 14:50:00+05:30,222.2,222.3,221.9,222,63686,
2024-01-02 14:51:00+05:30,221.9,222,221.4,221.5,27072,
2024-01-02 14:52:00+05:30,221.5,221.5,221.1,221.3,38398,
2024-01-02 14:53:00+05:30,221.3,221.4,221.2,221.25,17982,
2024-01-02 14:54:00+05:30,221.25,221.25,221,221.1,38714,
2024-01-02 14:55:00+05:30,221.1,221.2,220.95,221,21314,
2024-01-02 14:56:00+05:30,221.1,221.15,221,221.1,20738,
2024-01-02 14:57:00+05:30,220.95,221.1,220.9,221,40242,
2024-01-02 14:58:00+05:30,221,221.15,220.9,221.05,18984,
2024-01-02 14:59:00+05:30,221.1,221.2,220.9,221,46708,
2024-01-02 15:00:00+05:30,221,221.4,221,221.3,24072,
2024-01-02 15:01:00+05:30,221.2,221.4,221.2,221.4,12626,
2024-01-02 15:02:00+05:30,221.4,221.4,221.3,221.35,16524,
2024-01-02 15:03:00+05:30,221.35,221.4,221.3,221.35,17068,
2024-01-02 15:04:00+05:30,221.35,221.4,221.3,221.3,15974,
2024-01-02 15:05:00+05:30,221.3,221.4,221.25,221.4,19354,
2024-01-02 15:06:00+05:30,221.4,221.4,221.2,221.4,52754,
2024-01-02 15:07:00+05:30,221.4,221.4,221.05,221.1,56844,
2024-01-02 15:08:00+05:30,221.1,221.1,220.9,220.9,46804,
2024-01-02 15:09:00+05:30,220.95,221.05,220.7,220.85,57184,
2024-01-02 15:10:00+05:30,220.85,220.85,220.7,220.85,22338,
2024-01-02 15:11:00+05:30,220.75,220.85,220.65,220.7,45272,
2024-01-02 15:12:00+05:30,220.75,220.9,220.75,220.85,41986,
2024-01-02 15:13:00+05:30,220.9,220.9,220.85,220.9,41978,
2024-01-02 15:14:00+05:30,220.9,221.1,220.9,221.1,54596,
2024-01-02 15:15:00+05:30,221.1,221.3,221,221.15,24170,
2024-01-02 15:16:00+05:30,221.2,221.3,221.05,221.1,21428,
2024-01-02 15:17:00+05:30,221.15,221.15,221.1,221.1,17224,
2024-01-02 15:18:00+05:30,221.1,221.2,221.05,221.1,36578,
2024-01-02 15:19:00+05:30,221.1,221.1,221,221.05,22744,
2024-01-02 15:20:00+05:30,221.05,221.1,220.9,220.95,36036,
2024-01-02 15:21:00+05:30,221.05,221.1,221,221.1,36812,
2024-01-02 15:22:00+05:30,221.1,221.1,220.95,220.95,17686,
2024-01-02 15:23:00+05:30,220.95,221,220.9,220.9,35532,
2024-01-02 15:24:00+05:30,220.9,220.9,220.85,220.9,33958,
2024-01-02 15:25:00+05:30,220.9,221,220.9,220.9,104292,
2024-01-02 15:26:00+05:30,221,221,220.9,220.95,53770,
2024-01-02 15:27:00+05:30,221,221,220.9,221,20050,
2024-01-02 15:28:00+05:30,221,221,220.9,221,54788,
2024-01-02 15:29:00+05:30,220.95,221,220.9,220.95,22884,
2024-01-03 09:15:00+05:30,222.85,222.85,221.6,222.2,113494,
2024-01-03 09:16:00+05:30,222.2,222.6,222.1,222.15,134660,
2024-01-03 09:17:00+05:30,222.25,222.85,222.25,222.65,100208,
2024-01-03 09:18:00+05:30,222.6,222.7,222.1,222.15,53140,
2024-01-03 09:19:00+05:30,221.8,222.1,221.6,221.6,64424,
2024-01-03 09:20:00+05:30,221.6,222.1,221.6,222.1,41670,
2024-01-03 09:21:00+05:30,222,222.4,222,222.2,58634,
2024-01-03 09:22:00+05:30,222.1,222.3,221.45,221.6,89142,
2024-01-03 09:23:00+05:30,221.5,222.05,221.5,221.9,61908,
2024-01-03 09:24:00+05:30,221.9,222.05,221.6,221.6,46414,
2024-01-03 09:25:00+05:30,221.8,221.9,221.6,221.9,29344,
2024-01-03 09:26:00+05:30,221.8,222,221.8,221.9,26408,
2024-01-03 09:27:00+05:30,221.9,222.05,221.85,221.9,37904,
2024-01-03 09:28:00+05:30,221.9,222.1,221.9,222.1,31426,
2024-01-03 09:29:00+05:30,222.05,222.3,221.9,222.2,46276,
2024-01-03 09:30:00+05:30,222.2,222.45,222.2,222.4,51716,
2024-01-03 09:31:00+05:30,222.4,222.45,222.35,222.45,17876,
2024-01-03 09:32:00+05:30,222.4,222.45,222.2,222.4,21628,
2024-01-03 09:33:00+05:30,222.45,222.45,222.2,222.3,18386,
2024-01-03 09:34:00+05:30,222.3,222.4,222.15,222.4,34568,
2024-01-03 09:35:00+05:30,222.35,222.4,222.05,222.15,19782,
2024-01-03 09:36:00+05:30,222.15,222.2,221.85,221.85,31528,
2024-01-03 09:37:00+05:30,221.9,221.9,221.6,221.65,24712,
2024-01-03 09:38:00+05:30,221.7,221.7,221.5,221.6,21250,
2024-01-03 09:39:00+05:30,221.6,221.75,221.45,221.45,33040,
2024-01-03 09:40:00+05:30,221.55,222,221.55,221.75,42210,
2024-01-03 09:41:00+05:30,221.8,221.9,221.6,221.8,25316,
2024-01-03 09:42:00+05:30,221.85,221.9,221.4,221.4,27258,
2024-01-03 09:43:00+05:30,221.6,221.6,220.9,221,90176,
2024-01-03 09:44:00+05:30,221.1,221.3,220.8,221.15,111816,
2024-01-03 09:45:00+05:30,221.2,221.25,220.8,221.15,107284,
2024-01-03 09:46:00+05:30,221.15,221.45,221,221,100236,
2024-01-03 09:47:00+05:30,221,221.3,220.75,220.85,98252,
2024-01-03 09:48:00+05:30,220.75,221,220.45,221,42786,
2024-01-03 09:49:00+05:30,221,221,220.85,220.95,27434,
2024-01-03 09:50:00+05:30,220.9,221.3,220.9,221.2,25438,
2024-01-03 09:51:00+05:30,221.2,221.3,221,221,9754,
2024-01-03 09:52:00+05:30,221.1,221.5,221.1,221.35,22104,
2024-01-03 09:53:00+05:30,221.35,221.8,221.3,221.4,37876,
2024-01-03 09:54:00+05:30,221.3,221.5,221.3,221.5,14556,
2024-01-03 09:55:00+05:30,221.5,221.7,221.5,221.6,24106,
2024-01-03 09:56:00+05:30,221.7,221.9,221.7,221.8,28876,
2024-01-03 09:57:00+05:30,221.8,221.9,221.7,221.9,16780,
2024-01-03 09:58:00+05:30,221.9,221.9,221.4,221.45,27954,
2024-01-03 09:59:00+05:30,221.55,221.75,221.45,221.6,7644,
2024-01-03 10:00:00+05:30,221.6,221.8,221.5,221.6,20080,
2024-01-03 10:01:00+05:30,221.6,221.7,221.5,221.7,19038,
2024-01-03 10:02:00+05:30,221.6,221.7,221.5,221.6,8366,
2024-01-03 10:03:00+05:30,221.6,221.85,221.3,221.85,36140,
2024-01-03 10:04:00+05:30,221.85,222.15,221.8,221.9,65700,
2024-01-03 10:05:00+05:30,221.9,221.9,221.65,221.8,13688,
2024-01-03 10:06:00+05:30,221.7,221.95,221.7,221.95,10230,
2024-01-03 10:07:00+05:30,221.95,222,221.85,221.95,9904,
2024-01-03 10:08:00+05:30,222,222.3,221.9,222.05,34474,
2024-01-03 10:09:00+05:30,222.05,222.3,222,222.05,15470,
2024-01-03 10:10:00+05:30,222.05,222.3,222.05,222.2,29482,
2024-01-03 10:11:00+05:30,222.35,222.4,222.15,222.15,72630,
2024-01-03 10:12:00+05:30,222.15,222.6,222.15,222.6,83900,
2024-01-03 10:13:00+05:30,222.6,222.75,222.45,222.5,91296,
2024-01-03 10:14:00+05:30,222.5,222.5,222.3,222.35,23722,
2024-01-03 10:15:00+05:30,222.4,222.4,222.15,222.2,24232,
2024-01-03 10:16:00+05:30,222.2,222.3,222.15,222.2,12062,
2024-01-03 10:17:00+05:30,222.2,222.2,221.95,222,20396,
2024-01-03 10:18:00+05:30,222,222.05,222,222,7790,
2024-01-03 10:19:00+05:30,222,222.1,221.7,221.7,16320,
2024-01-03 10:20:00+05:30,221.7,221.8,221.4,221.5,22848,
2024-01-03 10:21:00+05:30,221.5,221.6,221.4,221.5,5980,
2024-01-03 10:22:00+05:30,221.5,221.5,221.2,221.3,20270,
2024-01-03 10:23:00+05:30,221.2,221.5,221.2,221.45,10478,
2024-01-03 10:24:00+05:30,221.5,221.6,221.45,221.6,13352,
2024-01-03 10:25:00+05:30,221.5,222,221.5,221.9,4980,
2024-01-03 10:26:00+05:30,222,222.4,221.9,222.25,55146,
2024-01-03 10:27:00+05:30,222.25,222.45,222.2,222.3,58268,
2024-01-03 10:28:00+05:30,222.3,222.4,222.3,222.35,12688,
2024-01-03 10:29:00+05:30,222.4,222.4,222.1,222.2,25100,
2024-01-03 10:30:00+05:30,222.2,222.35,222,222.2,12608,
2024-01-03 10:31:00+05:30,222.2,222.3,222.2,222.3,6890,
2024-01-03 10:32:00+05:30,222.3,222.3,222.2,222.3,11356,
2024-01-03 10:33:00+05:30,222.3,222.4,222.3,222.35,22638,
2024-01-03 10:34:00+05:30,222.35,222.45,222.35,222.45,18718,
2024-01-03 10:35:00+05:30,222.45,222.45,222.2,222.4,29272,
2024-01-03 10:36:00+05:30,222.4,222.45,222.3,222.45,8862,
2024-01-03 10:37:00+05:30,222.45,222.5,222.3,222.45,12548,
2024-01-03 10:38:00+05:30,222.45,222.65,222.45,222.6,39784,
2024-01-03 10:39:00+05:30,222.65,222.7,222.45,222.45,15106,
2024-01-03 10:40:00+05:30,222.55,223.25,222.45,223.05,288012,
2024-01-03 10:41:00+05:30,223.15,224,223.1,223.7,380674,
2024-01-03 10:42:00+05:30,223.75,223.85,223.15,223.25,90570,
2024-01-03 10:43:00+05:30,223.25,223.25,222.55,222.85,132562,
2024-01-03 10:44:00+05:30,222.85,223.35,222.75,223.15,73134,
2024-01-03 10:45:00+05:30,223.25,223.85,223.05,223.75,143810,
2024-01-03 10:46:00+05:30,223.45,223.6,223.1,223.55,92760,
2024-01-03 10:47:00+05:30,223.5,224,223.5,223.95,98288,
2024-01-03 10:48:00+05:30,223.95,223.95,223.65,223.8,36560,
2024-01-03 10:49:00+05:30,223.85,223.9,223.5,223.75,90562,
2024-01-03 10:50:00+05:30,223.75,224,223.65,223.65,135434,
2024-01-03 10:51:00+05:30,223.65,223.85,223.6,223.6,9378,
2024-01-03 10:52:00+05:30,223.55,223.65,223.4,223.45,46150,
2024-01-03 10:53:00+05:30,223.45,223.7,223.4,223.65,28352,
2024-01-03 10:54:00+05:30,223.65,223.95,223.45,223.95,43184,
2024-01-03 10:55:00+05:30,223.85,224,223.65,223.7,19092,
2024-01-03 10:56:00+05:30,223.7,223.85,223.6,223.75,17898,
2024-01-03 10:57:00+05:30,223.85,223.85,223.7,223.7,29052,
2024-01-03 10:58:00+05:30,223.75,223.75,223.45,223.45,25648,
2024-01-03 10:59:00+05:30,223.45,223.65,223.45,223.5,11336,
2024-01-03 11:00:00+05:30,223.45,223.55,223.35,223.5,31010,
2024-01-03 11:01:00+05:30,223.5,223.5,223.35,223.4,17498,
2024-01-03 11:02:00+05:30,223.4,223.45,223.35,223.35,14944,
2024-01-03 11:03:00+05:30,223.45,223.7,223.35,223.55,33996,
2024-01-03 11:04:00+05:30,223.55,223.6,223.35,223.35,41762,
2024-01-03 11:05:00+05:30,223.35,223.45,223.25,223.35,13698,
2024-01-03 11:06:00+05:30,223.35,223.45,223.35,223.4,5712,
2024-01-03 11:07:00+05:30,223.4,223.65,223.4,223.6,20576,
2024-01-03 11:08:00+05:30,223.6,223.75,223.55,223.55,43430,
2024-01-03 11:09:00+05:30,223.55,223.7,223.55,223.7,10174,
2024-01-03 11:10:00+05:30,223.65,223.75,223.6,223.75,40862,
2024-01-03 11:11:00+05:30,223.75,223.75,223.55,223.65,5380,
2024-01-03 11:12:00+05:30,223.55,223.65,223.35,223.45,25634,
2024-01-03 11:13:00+05:30,223.55,223.6,223.35,223.35,8012,
2024-01-03 11:14:00+05:30,223.45,223.55,223.35,223.45,16406,
2024-01-03 11:15:00+05:30,223.35,223.45,223.35,223.35,9318,
2024-01-03 11:16:00+05:30,223.35,223.45,223.1,223.3,31424,
2024-01-03 11:17:00+05:30,223.35,223.35,223.15,223.35,7300,
2024-01-03 11:18:00+05:30,223.35,223.55,223.35,223.45,27114,
2024-01-03 11:19:00+05:30,223.55,223.75,223.55,223.7,15506,
2024-01-03 11:20:00+05:30,223.75,223.75,223.55,223.6,14390,
2024-01-03 11:21:00+05:30,223.55,223.7,223.55,223.55,18054,
2024-01-03 11:22:00+05:30,223.55,223.65,223.45,223.55,5062,
2024-01-03 11:23:00+05:30,223.55,223.6,223.35,223.35,13900,
2024-01-03 11:24:00+05:30,223.35,223.45,223.25,223.35,10188,
2024-01-03 11:25:00+05:30,223.35,223.45,223.25,223.25,9668,
2024-01-03 11:26:00+05:30,223.25,223.6,223.25,223.5,10652,
2024-01-03 11:27:00+05:30,223.5,223.55,223.3,223.35,10772,
2024-01-03 11:28:00+05:30,223.35,223.35,223.2,223.3,4652,
2024-01-03 11:29:00+05:30,223.3,223.35,223.15,223.25,8632,
2024-01-03 11:30:00+05:30,223.25,223.35,223.25,223.25,6678,
2024-01-03 11:31:00+05:30,223.25,223.3,223.15,223.2,12968,
2024-01-03 11:32:00+05:30,223.2,223.25,223.05,223.1,12846,
2024-01-03 11:33:00+05:30,223.1,223.15,222.75,222.9,35548,
2024-01-03 11:34:00+05:30,222.85,223.05,222.85,223,15596,
2024-01-03 11:35:00+05:30,223,223.05,223,223.05,8192,
2024-01-03 11:36:00+05:30,223.05,223.15,223.05,223.1,10048,
2024-01-03 11:37:00+05:30,223.1,223.2,223.05,223.15,21088,
2024-01-03 11:38:00+05:30,223.15,223.2,223.05,223.15,7884,
2024-01-03 11:39:00+05:30,223.15,223.25,223.15,223.25,10232,
2024-01-03 11:40:00+05:30,223.25,223.35,223.2,223.35,10892,
2024-01-03 11:41:00+05:30,223.35,223.5,223.35,223.4,27608,
2024-01-03 11:42:00+05:30,223.4,223.5,223.4,223.45,8272,
2024-01-03 11:43:00+05:30,223.45,223.5,223.35,223.45,7722,
2024-01-03 11:44:00+05:30,223.35,223.5,223.35,223.35,4658,
2024-01-03 11:45:00+05:30,223.35,223.5,223.35,223.45,11596,
2024-01-03 11:46:00+05:30,223.45,223.6,223.45,223.6,6078,
2024-01-03 11:47:00+05:30,223.6,223.65,223.55,223.55,12514,
2024-01-03 11:48:00+05:30,223.55,223.6,223.55,223.55,7170,
2024-01-03 11:49:00+05:30,223.6,223.7,223.55,223.65,14012,
2024-01-03 11:50:00+05:30,223.65,223.7,223.55,223.65,13864,
2024-01-03 11:51:00+05:30,223.65,223.85,223.65,223.85,76932,
2024-01-03 11:52:00+05:30,223.85,223.85,223.85,223.85,13304,
2024-01-03 11:53:00+05:30,223.85,223.85,223.65,223.65,30102,
2024-01-03 11:54:00+05:30,223.75,223.75,223.65,223.7,7516,
2024-01-03 11:55:00+05:30,223.7,223.8,223.6,223.75,20442,
2024-01-03 11:56:00+05:30,223.75,223.85,223.65,223.75,23836,
2024-01-03 11:57:00+05:30,223.75,224,223.75,223.85,105594,
2024-01-03 11:58:00+05:30,223.85,223.95,223.8,223.95,10920,
2024-01-03 11:59:00+05:30,223.95,223.95,223.8,223.8,16146,
2024-01-03 12:00:00+05:30,223.85,224.3,223.85,224.3,154230,
2024-01-03 12:01:00+05:30,224.3,224.45,224.2,224.4,109638,
2024-01-03 12:02:00+05:30,224.4,224.5,224.1,224.1,96206,
2024-01-03 12:03:00+05:30,224.1,224.3,224,224.1,14378,
2024-01-03 12:04:00+05:30,224,224.1,223.8,223.9,15520,
2024-01-03 12:05:00+05:30,223.9,224,223.85,224,18194,
2024-01-03 12:06:00+05:30,224,224,223.95,223.95,6564,
2024-01-03 12:07:00+05:30,223.95,223.95,223.8,223.8,6380,
2024-01-03 12:08:00+05:30,223.85,223.85,223.7,223.75,19996,
2024-01-03 12:09:00+05:30,223.75,224,223.75,223.95,8424,
2024-01-03 12:10:00+05:30,223.95,224,223.95,224,22296,
2024-01-03 12:11:00+05:30,224,224.05,224,224,13818,
2024-01-03 12:12:00+05:30,224,224.1,223.95,224,13136,
2024-01-03 12:13:00+05:30,224,224,223.95,224,5570,
2024-01-03 12:14:00+05:30,224,224,224,224,3696,
2024-01-03 12:15:00+05:30,224,224.05,224,224,7762,
2024-01-03 12:16:00+05:30,224,224,224,224,12272,
2024-01-03 12:17:00+05:30,224,224,224,224,3618,
2024-01-03 12:18:00+05:30,224,224.05,224,224,10674,
2024-01-03 12:19:00+05:30,224,224.1,224,224.1,11062,
2024-01-03 12:20:00+05:30,224.1,224.2,223.85,223.85,24244,
2024-01-03 12:21:00+05:30,223.85,223.9,223.65,223.75,24686,
2024-01-03 12:22:00+05:30,223.65,223.65,223.45,223.55,10578,
2024-01-03 12:23:00+05:30,223.55,223.75,223.5,223.7,10148,
2024-01-03 12:24:00+05:30,223.65,223.65,223.3,223.35,49042,
2024-01-03 12:25:00+05:30,223.35,223.55,223.25,223.55,17330,
2024-01-03 12:26:00+05:30,223.45,223.6,223.45,223.55,11456,
2024-01-03 12:27:00+05:30,223.55,223.55,223.25,223.35,20730,
2024-01-03 12:28:00+05:30,223.35,223.55,223.35,223.55,11210,
2024-01-03 12:29:00+05:30,223.45,223.55,223.45,223.55,5032,
2024-01-03 12:30:00+05:30,223.5,223.55,223.45,223.5,11340,
2024-01-03 12:31:00+05:30,223.45,223.55,223.25,223.25,19384,
2024-01-03 12:32:00+05:30,223.35,223.35,223.25,223.25,7552,
2024-01-03 12:33:00+05:30,223.35,225,223.25,225,310464,
2024-01-03 12:34:00+05:30,224.9,225.2,224.15,224.8,199750,
2024-01-03 12:35:00+05:30,224.75,225.1,224.3,225.1,517984,
2024-01-03 12:36:00+05:30,225.1,225.1,224.55,224.6,119562,
2024-01-03 12:37:00+05:30,224.6,224.9,224.4,224.9,95006,
2024-01-03 12:38:00+05:30,224.9,225.45,224.75,225.3,343576,
2024-01-03 12:39:00+05:30,225.3,225.3,224.85,224.85,104596,
2024-01-03 12:40:00+05:30,224.8,225.1,224.4,224.45,48376,
2024-01-03 12:41:00+05:30,224.45,224.45,224.1,224.4,102886,
2024-01-03 12:42:00+05:30,224.4,224.4,223.95,224.1,78342,
2024-01-03 12:43:00+05:30,224.1,224.4,224.1,224.3,37610,
2024-01-03 12:44:00+05:30,224.3,224.8,224.3,224.7,64034,
2024-01-03 12:45:00+05:30,224.7,224.8,224.4,224.5,60408,
2024-01-03 12:46:00+05:30,224.4,224.6,224.05,224.3,58182,
2024-01-03 12:47:00+05:30,224.1,224.15,223.95,224.1,20018,
2024-01-03 12:48:00+05:30,224.1,224.3,224,224.05,27304,
2024-01-03 12:49:00+05:30,224.05,224.2,224,224.1,8718,
2024-01-03 12:50:00+05:30,224.1,224.2,224,224.2,9182,
2024-01-03 12:51:00+05:30,224.2,224.3,224.2,224.3,16712,
2024-01-03 12:52:00+05:30,224.3,224.3,224.1,224.2,9128,
2024-01-03 12:53:00+05:30,224.2,224.3,224.2,224.3,6832,
2024-01-03 12:54:00+05:30,224.3,224.5,224.2,224.4,11150,
2024-01-03 12:55:00+05:30,224.4,224.5,224.2,224.3,17724,
2024-01-03 12:56:00+05:30,224.3,224.4,224.3,224.35,6578,
2024-01-03 12:57:00+05:30,224.4,224.4,224.05,224.2,13690,
2024-01-03 12:58:00+05:30,224.2,224.3,224.1,224.3,11632,
2024-01-03 12:59:00+05:30,224.3,224.3,224.2,224.2,9664,
2024-01-03 13:00:00+05:30,224.2,224.3,224.2,224.2,12106,
2024-01-03 13:01:00+05:30,224.2,224.4,224.2,224.3,22048,
2024-01-03 13:02:00+05:30,224.3,224.3,224.2,224.3,8344,
2024-01-03 13:03:00+05:30,224.3,224.35,224.3,224.35,9782,
2024-01-03 13:04:00+05:30,224.35,224.4,224.3,224.3,6354,
2024-01-03 13:05:00+05:30,224.3,224.4,224.3,224.3,13072,
2024-01-03 13:06:00+05:30,224.3,224.4,224.2,224.2,21324,
2024-01-03 13:07:00+05:30,224.2,224.3,224.2,224.25,3190,
2024-01-03 13:08:00+05:30,224.25,224.4,224.25,224.4,17342,
2024-01-03 13:09:00+05:30,224.4,224.4,224.2,224.3,20092,
2024-01-03 13:10:00+05:30,224.3,224.3,224.15,224.2,28138,
2024-01-03 13:11:00+05:30,224.2,224.35,224.2,224.3,9014,
2024-01-03 13:12:00+05:30,224.25,224.3,224.2,224.2,2524,
2024-01-03 13:13:00+05:30,224.2,224.2,224.2,224.2,4624,
2024-01-03 13:14:00+05:30,224.2,224.2,224.1,224.1,18924,
2024-01-03 13:15:00+05:30,224.1,224.2,224.1,224.15,3708,
2024-01-03 13:16:00+05:30,224.15,224.3,224.15,224.2,14586,
2024-01-03 13:17:00+05:30,224.2,224.3,224.15,224.3,30774,
2024-01-03 13:18:00+05:30,224.2,224.3,224.2,224.2,10864,
2024-01-03 13:19:00+05:30,224.2,224.2,223.9,223.95,28094,
2024-01-03 13:20:00+05:30,223.95,224.3,223.95,224.3,27446,
2024-01-03 13:21:00+05:30,224.3,224.4,224.2,224.35,28708,
2024-01-03 13:22:00+05:30,224.35,224.4,224.3,224.35,16640,
2024-01-03 13:23:00+05:30,224.35,224.4,224.35,224.4,15310,
2024-01-03 13:24:00+05:30,224.4,224.45,224.4,224.45,10446,
2024-01-03 13:25:00+05:30,224.45,224.5,224.45,224.5,6490,
2024-01-03 13:26:00+05:30,224.5,224.7,224.5,224.6,46774,
2024-01-03 13:27:00+05:30,224.6,224.75,224.6,224.6,12596,
2024-01-03 13:28:00+05:30,224.6,224.9,224.6,224.9,1072834,
2024-01-03 13:29:00+05:30,224.8,225.05,224.8,225.05,35754,
2024-01-03 13:30:00+05:30,225.05,225.1,224.5,224.65,255640,
2024-01-03 13:31:00+05:30,224.65,224.8,224.6,224.7,7024,
2024-01-03 13:32:00+05:30,224.7,224.9,224.65,224.7,20372,
2024-01-03 13:33:00+05:30,224.7,224.8,224.6,224.6,21670,
2024-01-03 13:34:00+05:30,224.7,225,224.6,224.8,39870,
2024-01-03 13:35:00+05:30,224.9,224.9,224.7,224.75,33290,
2024-01-03 13:36:00+05:30,224.8,224.95,224.75,224.8,33326,
2024-01-03 13:37:00+05:30,224.9,225,224.9,224.9,12564,
2024-01-03 13:38:00+05:30,225,225,224.7,224.8,36856,
2024-01-03 13:39:00+05:30,224.8,224.9,224.7,224.9,32080,
2024-01-03 13:40:00+05:30,224.8,224.9,224.7,224.85,12460,
2024-01-03 13:41:00+05:30,224.8,224.8,224.7,224.8,14732,
2024-01-03 13:42:00+05:30,224.8,224.8,224.7,224.8,29434,
2024-01-03 13:43:00+05:30,225,225.1,224.9,225.05,35108,
2024-01-03 13:44:00+05:30,225.05,225.2,225.05,225.2,31322,
2024-01-03 13:45:00+05:30,225.2,225.2,225.1,225.1,31682,
2024-01-03 13:46:00+05:30,225.1,225.15,224.8,224.8,244958,
2024-01-03 13:47:00+05:30,224.8,225,224.8,224.95,23040,
2024-01-03 13:48:00+05:30,224.95,224.95,224.8,224.95,9712,
2024-01-03 13:49:00+05:30,224.95,224.95,224.75,224.8,16934,
2024-01-03 13:50:00+05:30,224.85,224.9,224.7,224.8,37868,
2024-01-03 13:51:00+05:30,224.8,224.9,224.7,224.8,21084,
2024-01-03 13:52:00+05:30,224.8,225.3,224.8,225.3,51354,
2024-01-03 13:53:00+05:30,225.3,225.3,225,225.2,200338,
2024-01-03 13:54:00+05:30,225.2,225.2,225.1,225.1,5736,
2024-01-03 13:55:00+05:30,225.1,225.1,224.8,224.8,71128,
2024-01-03 13:56:00+05:30,224.8,224.9,224.55,224.55,16248,
2024-01-03 13:57:00+05:30,224.55,224.6,224.5,224.5,17066,
2024-01-03 13:58:00+05:30,224.5,224.5,224.4,224.5,17568,
2024-01-03 13:59:00+05:30,224.4,224.5,224.4,224.5,10478,
2024-01-03 14:00:00+05:30,224.5,224.8,224.5,224.7,12590,
2024-01-03 14:01:00+05:30,224.7,224.75,224.6,224.6,9758,
2024-01-03 14:02:00+05:30,224.6,224.8,224.6,224.75,6366,
2024-01-03 14:03:00+05:30,224.75,224.8,224.55,224.55,17058,
2024-01-03 14:04:00+05:30,224.55,224.65,224.55,224.6,3790,
2024-01-03 14:05:00+05:30,224.6,224.6,224.55,224.6,5456,
2024-01-03 14:06:00+05:30,224.6,224.6,224.2,224.4,74092,
2024-01-03 14:07:00+05:30,224.4,224.6,224.3,224.6,42680,
2024-01-03 14:08:00+05:30,224.6,224.7,224.6,224.65,13518,
2024-01-03 14:09:00+05:30,224.65,224.65,224.4,224.4,21542,
2024-01-03 14:10:00+05:30,224.4,224.5,224.3,224.3,10652,
2024-01-03 14:11:00+05:30,224.35,224.4,224.15,224.15,16440,
2024-01-03 14:12:00+05:30,224.15,224.35,224.15,224.3,12570,
2024-01-03 14:13:00+05:30,224.35,224.4,224.05,224.05,17718,
2024-01-03 14:14:00+05:30,224.05,224.1,224.05,224.05,7692,
2024-01-03 14:15:00+05:30,224.05,224.2,223.95,223.95,16436,
2024-01-03 14:16:00+05:30,223.95,224,223.95,223.95,16734,
2024-01-03 14:17:00+05:30,223.95,223.95,223.8,223.8,34412,
2024-01-03 14:18:00+05:30,223.8,223.95,223.8,223.9,21720,
2024-01-03 14:19:00+05:30,223.9,223.95,223.65,223.65,40530,
2024-01-03 14:20:00+05:30,223.65,223.75,223.55,223.7,27346,
2024-01-03 14:21:00+05:30,223.7,223.85,223.65,223.85,18652,
2024-01-03 14:22:00+05:30,223.75,223.95,223.75,223.8,15318,
2024-01-03 14:23:00+05:30,223.8,223.85,223.75,223.75,8802,
2024-01-03 14:24:00+05:30,223.85,223.9,223.75,223.85,13486,
2024-01-03 14:25:00+05:30,223.9,223.95,223.8,223.8,9668,
2024-01-03 14:26:00+05:30,223.8,223.8,223.65,223.75,11616,
2024-01-03 14:27:00+05:30,223.75,223.85,223.6,223.65,17662,
2024-01-03 14:28:00+05:30,223.65,223.7,223.5,223.7,15378,
2024-01-03 14:29:00+05:30,223.7,223.7,223.65,223.65,5438,
2024-01-03 14:30:00+05:30,223.7,223.85,223.65,223.85,10604,
2024-01-03 14:31:00+05:30,223.85,223.85,223.75,223.8,30580,
2024-01-03 14:32:00+05:30,223.75,223.75,223.65,223.75,11190,
2024-01-03 14:33:00+05:30,223.75,223.85,223.75,223.75,6442,
2024-01-03 14:34:00+05:30,223.75,223.85,223.75,223.8,7204,
2024-01-03 14:35:00+05:30,223.8,223.8,223.55,223.55,33784,
2024-01-03 14:36:00+05:30,223.55,223.55,223.5,223.5,16452,
2024-01-03 14:37:00+05:30,223.5,223.55,223.35,223.45,18534,
2024-01-03 14:38:00+05:30,223.45,223.45,223.4,223.4,30524,
2024-01-03 14:39:00+05:30,223.45,223.45,223.15,223.25,47684,
2024-01-03 14:40:00+05:30,223.25,223.35,223.2,223.35,13122,
2024-01-03 14:41:00+05:30,223.35,223.6,223.35,223.6,21478,
2024-01-03 14:42:00+05:30,223.6,223.75,223.55,223.6,14896,
2024-01-03 14:43:00+05:30,223.6,223.75,223.55,223.7,7612,
2024-01-03 14:44:00+05:30,223.65,223.75,223.6,223.65,12550,
2024-01-03 14:45:00+05:30,223.6,223.95,223.55,223.95,54004,
2024-01-03 14:46:00+05:30,223.95,224.15,223.95,224,63452,
2024-01-03 14:47:00+05:30,224.1,224.1,223.95,224.05,18758,
2024-01-03 14:48:00+05:30,224.05,224.15,224,224.05,19716,
2024-01-03 14:49:00+05:30,224.05,224.05,223.85,223.85,32908,
2024-01-03 14:50:00+05:30,223.85,223.95,223.85,223.95,9426,
2024-01-03 14:51:00+05:30,223.95,223.95,223.75,223.95,7440,
2024-01-03 14:52:00+05:30,223.95,224.15,223.9,224,31066,
2024-01-03 14:53:00+05:30,224,224.45,224,224.25,54878,
2024-01-03 14:54:00+05:30,224.3,224.3,224.2,224.2,8638,
2024-01-03 14:55:00+05:30,224.2,224.2,224,224.1,138466,
2024-01-03 14:56:00+05:30,224.1,224.15,224,224.05,14640,
2024-01-03 14:57:00+05:30,224.05,224.2,224,224,24094,
2024-01-03 14:58:00+05:30,224,224.2,224,224.1,13998,
2024-01-03 14:59:00+05:30,224.1,224.2,224.05,224.1,8928,
2024-01-03 15:00:00+05:30,224.15,224.2,224,224,48356,
2024-01-03 15:01:00+05:30,224,224,223.85,223.95,16676,
2024-01-03 15:02:00+05:30,223.95,223.95,223.8,223.95,24972,
2024-01-03 15:03:00+05:30,223.95,223.95,223.75,223.8,42422,
2024-01-03 15:04:00+05:30,223.8,223.9,223.75,223.85,19904,
2024-01-03 15:05:00+05:30,223.85,224,223.85,223.95,17836,
2024-01-03 15:06:00+05:30,223.9,223.9,223.8,223.85,19758,
2024-01-03 15:07:00+05:30,223.85,223.85,223.6,223.65,22596,
2024-01-03 15:08:00+05:30,223.65,223.65,223.45,223.45,33810,
2024-01-03 15:09:00+05:30,223.45,223.45,223.35,223.45,21044,
2024-01-03 15:10:00+05:30,223.5,223.6,223.35,223.35,88814,
2024-01-03 15:11:00+05:30,223.35,223.5,223.35,223.5,22966,
2024-01-03 15:12:00+05:30,223.5,223.55,223.45,223.5,28324,
2024-01-03 15:13:00+05:30,223.5,223.6,223.45,223.55,24484,
2024-01-03 15:14:00+05:30,223.6,223.6,223.55,223.55,30760,
2024-01-03 15:15:00+05:30,223.55,223.6,223.45,223.55,40684,
2024-01-03 15:16:00+05:30,223.6,223.6,223.15,223.25,145768,
2024-01-03 15:17:00+05:30,223.3,223.3,223.1,223.25,30228,
2024-01-03 15:18:00+05:30,223.25,223.35,223.2,223.35,66418,
2024-01-03 15:19:00+05:30,223.35,223.35,223.15,223.35,31222,
2024-01-03 15:20:00+05:30,223.35,223.35,223.2,223.25,67256,
2024-01-03 15:21:00+05:30,223.25,223.25,223.15,223.25,68614,
2024-01-03 15:22:00+05:30,223.25,223.35,223.05,223.05,200540,
2024-01-03 15:23:00+05:30,223.1,223.35,223.05,223.35,62402,
2024-01-03 15:24:00+05:30,223.35,223.35,223.3,223.3,20128,
2024-01-03 15:25:00+05:30,223.35,223.35,223.05,223.05,35116,
2024-01-03 15:26:00+05:30,223.05,223.25,223,223.2,41288,
2024-01-03 15:27:00+05:30,223.2,223.25,223.1,223.1,29618,
2024-01-03 15:28:00+05:30,223.15,223.35,223.15,223.35,52422,
2024-01-03 15:29:00+05:30,223.35,223.6,223.35,223.6,27282,
2024-01-04 09:15:00+05:30,221.3,221.65,218.85,220.75,635384,
2024-01-04 09:16:00+05:30,220.65,220.9,218.8,219.35,601398,
2024-01-04 09:17:00+05:30,219.2,220.2,219.2,220,190184,
2024-01-04 09:18:00+05:30,220.1,220.85,219.95,220.75,235350,
2024-01-04 09:19:00+05:30,220.85,221.35,220.75,221.3,100998,
2024-01-04 09:20:00+05:30,221.4,221.4,220.5,220.75,237504,
2024-01-04 09:21:00+05:30,220.85,220.85,220.05,220.35,157144,
2024-01-04 09:22:00+05:30,220.45,220.85,220.45,220.7,65824,
2024-01-04 09:23:00+05:30,220.6,220.85,220.35,220.55,100264,
2024-01-04 09:24:00+05:30,220.55,220.85,220.55,220.75,30970,
2024-01-04 09:25:00+05:30,220.75,220.75,220.6,220.6,35362,
2024-01-04 09:26:00+05:30,220.65,220.75,220.35,220.6,49508,
2024-01-04 09:27:00+05:30,220.55,220.7,220.45,220.55,49556,
2024-01-04 09:28:00+05:30,220.55,220.65,220.35,220.35,53226,
2024-01-04 09:29:00+05:30,220.4,220.45,220.05,220.35,64536,
2024-01-04 09:30:00+05:30,220.35,220.45,219.7,219.95,130580,
2024-01-04 09:31:00+05:30,220.05,220.05,219.5,219.55,105186,
2024-01-04 09:32:00+05:30,219.55,219.7,219.45,219.45,53696,
2024-01-04 09:33:00+05:30,219.55,219.7,219.3,219.7,148978,
2024-01-04 09:34:00+05:30,219.7,219.7,219.45,219.65,47552,
2024-01-04 09:35:00+05:30,219.65,220.1,219.65,219.95,108968,
2024-01-04 09:36:00+05:30,219.95,220,219.75,219.85,92428,
2024-01-04 09:37:00+05:30,219.95,220.15,219.85,220.15,38856,
2024-01-04 09:38:00+05:30,220.1,220.3,219.95,220.1,49440,
2024-01-04 09:39:00+05:30,220,220.15,219.75,219.85,74782,
2024-01-04 09:40:00+05:30,219.85,219.95,219.65,219.75,36420,
2024-01-04 09:41:00+05:30,219.75,219.85,219.5,219.55,50382,
2024-01-04 09:42:00+05:30,219.6,219.95,219.55,219.8,35760,
2024-01-04 09:43:00+05:30,219.8,219.85,219.5,219.65,46574,
2024-01-04 09:44:00+05:30,219.6,219.75,219.5,219.65,66166,
2024-01-04 09:45:00+05:30,219.65,219.75,219.35,219.45,116380,
2024-01-04 09:46:00+05:30,219.55,219.55,219.3,219.4,40172,
2024-01-04 09:47:00+05:30,219.4,219.85,219.4,219.85,33946,
2024-01-04 09:48:00+05:30,219.75,219.95,219.55,219.55,72694,
2024-01-04 09:49:00+05:30,219.55,219.85,219.55,219.75,32514,
2024-01-04 09:50:00+05:30,219.75,219.85,219.65,219.75,21234,
2024-01-04 09:51:00+05:30,219.85,220,219.75,219.8,44212,
2024-01-04 09:52:00+05:30,219.85,219.95,219.45,219.45,74572,
2024-01-04 09:53:00+05:30,219.45,219.55,219.35,219.4,139996,
2024-01-04 09:54:00+05:30,219.4,219.45,219.3,219.4,64472,
2024-01-04 09:55:00+05:30,219.45,219.45,219.05,219.05,107610,
2024-01-04 09:56:00+05:30,219.05,219.25,219.05,219.2,46420,
2024-01-04 09:57:00+05:30,219.2,219.35,219.2,219.3,28842,
2024-01-04 09:58:00+05:30,219.3,219.45,219.2,219.3,39650,
2024-01-04 09:59:00+05:30,219.3,219.45,219.3,219.35,17770,
2024-01-04 10:00:00+05:30,219.35,219.45,219.3,219.3,34734,
2024-01-04 10:01:00+05:30,219.3,219.55,219.3,219.3,44184,
2024-01-04 10:02:00+05:30,219.25,219.3,219.2,219.3,51756,
2024-01-04 10:03:00+05:30,219.3,219.35,219.1,219.35,53644,
2024-01-04 10:04:00+05:30,219.35,219.45,219.25,219.45,13018,
2024-01-04 10:05:00+05:30,219.45,219.65,219.35,219.65,16802,
2024-01-04 10:06:00+05:30,219.55,219.7,219.55,219.65,39558,
2024-01-04 10:07:00+05:30,219.65,219.8,219.6,219.75,47880,
2024-01-04 10:08:00+05:30,219.75,220.05,219.7,220,56224,
2024-01-04 10:09:00+05:30,220,220.05,219.7,219.85,49148,
2024-01-04 10:10:00+05:30,219.85,219.95,219.75,219.85,21644,
2024-01-04 10:11:00+05:30,219.85,219.95,219.7,219.75,35832,
2024-01-04 10:12:00+05:30,219.85,219.85,219.45,219.55,71686,
2024-01-04 10:13:00+05:30,219.55,219.65,219.35,219.65,52964,
2024-01-04 10:14:00+05:30,219.65,219.95,219.5,219.55,31378,
2024-01-04 10:15:00+05:30,219.55,219.65,219.55,219.65,18382,
2024-01-04 10:16:00+05:30,219.65,219.85,219.55,219.75,17954,
2024-01-04 10:17:00+05:30,219.65,219.85,219.6,219.75,26526,
2024-01-04 10:18:00+05:30,219.75,219.95,219.75,219.85,51298,
2024-01-04 10:19:00+05:30,219.85,220.05,219.75,219.75,71052,
2024-01-04 10:20:00+05:30,219.95,219.95,219.75,219.85,27562,
2024-01-04 10:21:00+05:30,219.85,220.05,219.8,219.85,52036,
2024-01-04 10:22:00+05:30,219.85,220,219.85,219.95,21092,
2024-01-04 10:23:00+05:30,219.85,220.05,219.85,219.95,26352,
2024-01-04 10:24:00+05:30,219.9,220,219.9,219.9,19246,
2024-01-04 10:25:00+05:30,219.9,219.95,219.8,219.9,72714,
2024-01-04 10:26:00+05:30,219.95,220,219.9,219.95,45138,
2024-01-04 10:27:00+05:30,220,220,219.8,219.85,106314,
2024-01-04 10:28:00+05:30,219.85,219.9,219.8,219.9,16050,
2024-01-04 10:29:00+05:30,219.9,219.95,219.8,219.85,22542,
2024-01-04 10:30:00+05:30,219.85,219.95,219.75,219.8,30664,
2024-01-04 10:31:00+05:30,219.9,219.9,219.8,219.85,11612,
2024-01-04 10:32:00+05:30,219.85,220.05,219.8,219.95,75580,
2024-01-04 10:33:00+05:30,219.95,220.15,219.95,220.1,21242,
2024-01-04 10:34:00+05:30,220.15,220.2,220.1,220.15,26096,
2024-01-04 10:35:00+05:30,220.15,220.3,220.1,220.25,28502,
2024-01-04 10:36:00+05:30,220.25,220.3,220.15,220.25,22292,
2024-01-04 10:37:00+05:30,220.3,220.3,220.2,220.25,17276,
2024-01-04 10:38:00+05:30,220.25,220.25,220.15,220.15,21858,
2024-01-04 10:39:00+05:30,220.05,220.25,220.05,220.2,18372,
2024-01-04 10:40:00+05:30,220.15,220.25,220.15,220.2,26734,
2024-01-04 10:41:00+05:30,220.2,220.25,220.2,220.25,9878,
2024-01-04 10:42:00+05:30,220.25,220.25,220.15,220.15,27916,
2024-01-04 10:43:00+05:30,220.15,220.25,220.15,220.15,38530,
2024-01-04 10:44:00+05:30,220.1,220.15,219.95,219.95,26074,
2024-01-04 10:45:00+05:30,219.95,220.15,219.95,220.15,17136,
2024-01-04 10:46:00+05:30,220.15,220.15,220,220.05,16208,
2024-01-04 10:47:00+05:30,220,220.15,220,220.05,16614,
2024-01-04 10:48:00+05:30,220.05,220.15,220.05,220.1,11612,
2024-01-04 10:49:00+05:30,220.15,220.15,220.05,220.05,14806,
2024-01-04 10:50:00+05:30,220.05,220.15,220,220.1,15646,
2024-01-04 10:51:00+05:30,220.05,220.1,219.95,219.95,48502,
2024-01-04 10:52:00+05:30,219.95,220.05,219.95,219.95,17902,
2024-01-04 10:53:00+05:30,219.95,220.05,219.95,220.05,9388,
2024-01-04 10:54:00+05:30,220,220.05,219.85,219.9,22120,
2024-01-04 10:55:00+05:30,219.9,220.05,219.85,220.05,13898,
2024-01-04 10:56:00+05:30,220.05,220.05,219.95,220.05,13728,
2024-01-04 10:57:00+05:30,220.05,220.05,219.95,220,18466,
2024-01-04 10:58:00+05:30,220,220.05,219.95,220,17788,
2024-01-04 10:59:00+05:30,220,220.05,219.95,219.95,12858,
2024-01-04 11:00:00+05:30,219.95,220.05,219.95,220.05,12280,
2024-01-04 11:01:00+05:30,220.05,220.05,219.95,220.05,19058,
2024-01-04 11:02:00+05:30,219.95,220.05,219.95,219.95,12184,
2024-01-04 11:03:00+05:30,219.95,220.05,219.95,220,11324,
2024-01-04 11:04:00+05:30,219.95,220,219.95,219.95,20398,
2024-01-04 11:05:00+05:30,220.05,220.05,219.95,219.95,20554,
2024-01-04 11:06:00+05:30,220,220.15,219.95,220.05,36302,
2024-01-04 11:07:00+05:30,220.05,220.05,219.95,219.95,18172,
2024-01-04 11:08:00+05:30,220.05,220.05,219.95,220,19618,
2024-01-04 11:09:00+05:30,219.95,220.05,219.95,220.05,13220,
2024-01-04 11:10:00+05:30,220.05,220.2,220.05,220.15,18170,
2024-01-04 11:11:00+05:30,220.2,220.25,220.1,220.25,16898,
2024-01-04 11:12:00+05:30,220.2,220.25,220.15,220.25,20250,
2024-01-04 11:13:00+05:30,220.25,220.25,220.2,220.25,20060,
2024-01-04 11:14:00+05:30,220.25,220.35,220.2,220.25,23624,
2024-01-04 11:15:00+05:30,220.3,220.4,220.25,220.35,22214,
2024-01-04 11:16:00+05:30,220.35,220.4,220.35,220.4,18070,
2024-01-04 11:17:00+05:30,220.35,220.4,220.35,220.35,23036,
2024-01-04 11:18:00+05:30,220.35,220.45,220.35,220.45,25976,
2024-01-04 11:19:00+05:30,220.4,220.45,220.3,220.35,24636,
2024-01-04 11:20:00+05:30,220.4,220.45,220.25,220.35,17750,
2024-01-04 11:21:00+05:30,220.25,220.4,220.25,220.3,19184,
2024-01-04 11:22:00+05:30,220.25,220.35,220.25,220.3,13822,
2024-01-04 11:23:00+05:30,220.35,220.35,220.2,220.25,37360,
2024-01-04 11:24:00+05:30,220.25,220.35,220.2,220.25,28566,
2024-01-04 11:25:00+05:30,220.25,220.3,220,220.05,44530,
2024-01-04 11:26:00+05:30,220.15,220.15,219.75,219.8,61008,
2024-01-04 11:27:00+05:30,219.75,219.85,219.7,219.7,63746,
2024-01-04 11:28:00+05:30,219.7,219.7,219.45,219.55,61442,
2024-01-04 11:29:00+05:30,219.5,219.65,219.5,219.55,24744,
2024-01-04 11:30:00+05:30,219.55,219.55,219.45,219.45,49554,
2024-01-04 11:31:00+05:30,219.45,219.6,219.45,219.55,36984,
2024-01-04 11:32:00+05:30,219.55,219.65,219.5,219.5,20240,
2024-01-04 11:33:00+05:30,219.5,219.6,219.5,219.5,18314,
2024-01-04 11:34:00+05:30,219.45,219.6,219.45,219.55,26374,
2024-01-04 11:35:00+05:30,219.5,219.6,219.45,219.55,21464,
2024-01-04 11:36:00+05:30,219.55,219.6,219.55,219.55,12666,
2024-01-04 11:37:00+05:30,219.55,219.65,219.5,219.65,27688,
2024-01-04 11:38:00+05:30,219.55,219.65,219.55,219.6,17876,
2024-01-04 11:39:00+05:30,219.55,219.65,219.55,219.65,8438,
2024-01-04 11:40:00+05:30,219.65,219.9,219.6,219.75,27568,
2024-01-04 11:41:00+05:30,219.75,219.95,219.75,219.85,16294,
2024-01-04 11:42:00+05:30,219.85,219.95,219.8,219.85,8982,
2024-01-04 11:43:00+05:30,219.95,219.95,219.85,219.95,13190,
2024-01-04 11:44:00+05:30,219.95,220.1,219.9,220.1,31404,
2024-01-04 11:45:00+05:30,219.95,220.15,219.95,220.05,11838,
2024-01-04 11:46:00+05:30,220.05,220.05,219.95,219.95,14482,
2024-01-04 11:47:00+05:30,220,220.05,219.95,219.95,20782,
2024-01-04 11:48:00+05:30,219.95,220.05,219.9,219.95,24172,
2024-01-04 11:49:00+05:30,219.95,220.05,219.85,219.9,16664,
2024-01-04 11:50:00+05:30,220.05,220.05,219.9,220,19972,
2024-01-04 11:51:00+05:30,220,220.05,219.9,219.9,16552,
2024-01-04 11:52:00+05:30,219.9,219.95,219.65,219.7,58226,
2024-01-04 11:53:00+05:30,219.75,220.05,219.75,219.9,10450,
2024-01-04 11:54:00+05:30,219.9,219.95,219.75,219.75,10690,
2024-01-04 11:55:00+05:30,219.75,219.85,219.7,219.85,26220,
2024-01-04 11:56:00+05:30,219.85,219.9,219.75,219.75,20900,
2024-01-04 11:57:00+05:30,219.75,219.95,219.75,219.85,65684,
2024-01-04 11:58:00+05:30,219.8,219.95,219.8,219.8,19770,
2024-01-04 11:59:00+05:30,219.8,220,219.8,219.95,8494,
2024-01-04 12:00:00+05:30,219.95,220,219.9,219.95,12650,
2024-01-04 12:01:00+05:30,219.95,220,219.9,219.95,14512,
2024-01-04 12:02:00+05:30,219.95,220,219.95,219.95,13378,
2024-01-04 12:03:00+05:30,219.95,220.05,219.95,220,11190,
2024-01-04 12:04:00+05:30,220,220.05,219.95,219.95,11916,
2024-01-04 12:05:00+05:30,219.95,220.05,219.95,220.05,43180,
2024-01-04 12:06:00+05:30,220.05,220.05,219.95,219.95,10448,
2024-01-04 12:07:00+05:30,219.95,220.1,219.95,220.05,24586,
2024-01-04 12:08:00+05:30,220.05,220.1,219.9,219.9,61086,
2024-01-04 12:09:00+05:30,219.9,219.95,219.85,219.85,20554,
2024-01-04 12:10:00+05:30,219.85,219.9,219.75,219.75,24294,
2024-01-04 12:11:00+05:30,219.75,219.85,219.75,219.85,14478,
2024-01-04 12:12:00+05:30,219.75,219.8,219.7,219.75,15996,
2024-01-04 12:13:00+05:30,219.7,219.85,219.7,219.75,14962,
2024-01-04 12:14:00+05:30,219.75,219.95,219.75,219.75,46564,
2024-01-04 12:15:00+05:30,219.75,219.9,219.7,219.85,25342,
2024-01-04 12:16:00+05:30,219.85,219.9,219.7,219.7,18018,
2024-01-04 12:17:00+05:30,219.7,219.9,219.7,219.75,19938,
2024-01-04 12:18:00+05:30,219.85,219.95,219.75,219.85,22022,
2024-01-04 12:19:00+05:30,219.85,219.95,219.75,219.85,13026,
2024-01-04 12:20:00+05:30,219.85,219.95,219.75,219.9,24540,
2024-01-04 12:21:00+05:30,219.9,219.95,219.8,219.9,19154,
2024-01-04 12:22:00+05:30,219.85,219.95,219.75,219.85,19454,
2024-01-04 12:23:00+05:30,219.85,219.95,219.75,219.8,19852,
2024-01-04 12:24:00+05:30,219.8,219.9,219.75,219.75,29686,
2024-01-04 12:25:00+05:30,219.75,219.85,219.75,219.75,12980,
2024-01-04 12:26:00+05:30,219.75,219.85,219.7,219.75,39508,
2024-01-04 12:27:00+05:30,219.85,219.9,219.7,219.85,24884,
2024-01-04 12:28:00+05:30,219.9,219.95,219.75,219.85,15314,
2024-01-04 12:29:00+05:30,219.85,219.95,219.75,219.85,17232,
2024-01-04 12:30:00+05:30,219.85,219.95,219.85,219.85,30104,
2024-01-04 12:31:00+05:30,219.85,219.95,219.85,219.85,17594,
2024-01-04 12:32:00+05:30,219.85,219.95,219.85,219.9,15246,
2024-01-04 12:33:00+05:30,219.85,219.95,219.85,219.85,26392,
2024-01-04 12:34:00+05:30,219.85,219.95,219.75,219.75,23806,
2024-01-04 12:35:00+05:30,219.75,219.85,219.7,219.75,32014,
2024-01-04 12:36:00+05:30,219.7,219.85,219.65,219.65,37532,
2024-01-04 12:37:00+05:30,219.75,219.85,219.65,219.75,45328,
2024-01-04 12:38:00+05:30,219.75,219.9,219.7,219.9,39490,
2024-01-04 12:39:00+05:30,219.85,219.95,219.7,219.75,24046,
2024-01-04 12:40:00+05:30,219.75,219.95,219.65,219.75,29254,
2024-01-04 12:41:00+05:30,219.75,219.95,219.7,219.75,27022,
2024-01-04 12:42:00+05:30,219.75,219.95,219.75,219.9,25694,
2024-01-04 12:43:00+05:30,219.9,219.95,219.8,219.9,25456,
2024-01-04 12:44:00+05:30,219.9,219.95,219.8,219.95,25942,
2024-01-04 12:45:00+05:30,219.85,219.95,219.85,219.85,27230,
2024-01-04 12:46:00+05:30,219.85,219.95,219.75,219.95,32534,
2024-01-04 12:47:00+05:30,219.85,219.95,219.75,219.95,27320,
2024-01-04 12:48:00+05:30,219.95,219.95,219.8,219.9,25730,
2024-01-04 12:49:00+05:30,219.9,219.95,219.75,219.9,33410,
2024-01-04 12:50:00+05:30,219.9,220.05,219.85,219.9,27966,
2024-01-04 12:51:00+05:30,219.9,220.05,219.85,219.9,26140,
2024-01-04 12:52:00+05:30,219.9,220.15,219.85,219.95,49742,
2024-01-04 12:53:00+05:30,220,220.15,219.95,220.05,40982,
2024-01-04 12:54:00+05:30,220.05,220.15,219.95,220.05,30984,
2024-01-04 12:55:00+05:30,219.95,220.15,219.95,220.05,24822,
2024-01-04 12:56:00+05:30,220.15,220.2,220.05,220.05,38120,
2024-01-04 12:57:00+05:30,220.05,220.2,220.05,220.15,24140,
2024-01-04 12:58:00+05:30,220.1,220.2,220.05,220.2,22614,
2024-01-04 12:59:00+05:30,220.15,220.2,220.05,220.15,26384,
2024-01-04 13:00:00+05:30,220.15,220.2,220.05,220.15,39298,
2024-01-04 13:01:00+05:30,220.15,220.3,220.15,220.15,22184,
2024-01-04 13:02:00+05:30,220.15,220.3,220.15,220.15,31126,
2024-01-04 13:03:00+05:30,220.15,220.3,220.05,220.2,23950,
2024-01-04 13:04:00+05:30,220.2,220.35,220.1,220.1,28362,
2024-01-04 13:05:00+05:30,220.1,220.35,220.1,220.2,25218,
2024-01-04 13:06:00+05:30,220.2,220.35,220.15,220.25,31448,
2024-01-04 13:07:00+05:30,220.25,220.35,220.25,220.25,21876,
2024-01-04 13:08:00+05:30,220.2,220.35,220.15,220.2,22830,
2024-01-04 13:09:00+05:30,220.2,220.3,220.15,220.15,27950,
2024-01-04 13:10:00+05:30,220.15,220.25,220.05,220.05,28690,
2024-01-04 13:11:00+05:30,220.05,220.15,219.85,219.85,61872,
2024-01-04 13:12:00+05:30,219.85,219.85,219.6,219.65,57340,
2024-01-04 13:13:00+05:30,219.65,219.65,219.5,219.5,53552,
2024-01-04 13:14:00+05:30,219.5,219.65,219.5,219.55,20662,
2024-01-04 13:15:00+05:30,219.55,219.65,219.45,219.55,81186,
2024-01-04 13:16:00+05:30,219.45,219.65,219.45,219.55,26330,
2024-01-04 13:17:00+05:30,219.55,219.65,219.5,219.55,19292,
2024-01-04 13:18:00+05:30,219.55,219.65,219.5,219.55,25830,
2024-01-04 13:19:00+05:30,219.55,219.65,219.5,219.55,20492,
2024-01-04 13:20:00+05:30,219.55,219.65,219.55,219.6,23366,
2024-01-04 13:21:00+05:30,219.55,219.7,219.55,219.55,19408,
2024-01-04 13:22:00+05:30,219.55,219.7,219.55,219.55,18612,
2024-01-04 13:23:00+05:30,219.7,219.75,219.55,219.55,27404,
2024-01-04 13:24:00+05:30,219.6,219.75,219.55,219.7,14926,
2024-01-04 13:25:00+05:30,219.55,219.75,219.55,219.65,25326,
2024-01-04 13:26:00+05:30,219.65,219.75,219.55,219.55,28772,
2024-01-04 13:27:00+05:30,219.55,219.75,219.55,219.55,18894,
2024-01-04 13:28:00+05:30,219.55,219.65,219.55,219.55,19438,
2024-01-04 13:29:00+05:30,219.55,219.65,219.55,219.55,20842,
2024-01-04 13:30:00+05:30,219.65,219.65,219.5,219.5,53476,
2024-01-04 13:31:00+05:30,219.5,219.8,219.5,219.65,32228,
2024-01-04 13:32:00+05:30,219.6,219.7,219.55,219.6,19468,
2024-01-04 13:33:00+05:30,219.6,219.75,219.6,219.6,21232,
2024-01-04 13:34:00+05:30,219.6,219.75,219.55,219.6,17738,
2024-01-04 13:35:00+05:30,219.55,219.75,219.55,219.65,18126,
2024-01-04 13:36:00+05:30,219.65,219.75,219.6,219.7,17712,
2024-01-04 13:37:00+05:30,219.75,219.8,219.65,219.65,24264,
2024-01-04 13:38:00+05:30,219.65,219.85,219.65,219.75,19634,
2024-01-04 13:39:00+05:30,219.75,219.85,219.75,219.75,20746,
2024-01-04 13:40:00+05:30,219.75,219.85,219.75,219.85,24110,
2024-01-04 13:41:00+05:30,219.75,219.85,219.75,219.75,24420,
2024-01-04 13:42:00+05:30,219.75,219.85,219.75,219.75,21002,
2024-01-04 13:43:00+05:30,219.75,219.9,219.75,219.85,36232,
2024-01-04 13:44:00+05:30,219.85,219.9,219.75,219.85,21938,
2024-01-04 13:45:00+05:30,219.85,219.85,219.75,219.8,31582,
2024-01-04 13:46:00+05:30,219.75,219.95,219.75,219.85,24938,
2024-01-04 13:47:00+05:30,219.85,219.9,219.8,219.8,16396,
2024-01-04 13:48:00+05:30,219.8,219.9,219.8,219.85,20820,
2024-01-04 13:49:00+05:30,219.8,219.9,219.8,219.85,21826,
2024-01-04 13:50:00+05:30,219.85,219.95,219.85,219.85,22600,
2024-01-04 13:51:00+05:30,219.85,219.95,219.85,219.9,20918,
2024-01-04 13:52:00+05:30,219.9,219.95,219.85,219.85,21358,
2024-01-04 13:53:00+05:30,219.85,219.95,219.85,219.9,15324,
2024-01-04 13:54:00+05:30,219.85,219.95,219.85,219.85,17300,
2024-01-04 13:55:00+05:30,219.85,219.95,219.8,219.9,29306,
2024-01-04 13:56:00+05:30,219.9,219.95,219.85,219.85,24822,
2024-01-04 13:57:00+05:30,219.85,220.05,219.85,219.95,38088,
2024-01-04 13:58:00+05:30,219.95,220,219.8,219.85,30438,
2024-01-04 13:59:00+05:30,219.85,219.95,219.8,219.85,22570,
2024-01-04 14:00:00+05:30,219.85,219.85,219.75,219.75,19458,
2024-01-04 14:01:00+05:30,219.75,219.9,219.75,219.75,23560,
2024-01-04 14:02:00+05:30,219.75,219.8,219.6,219.6,54320,
2024-01-04 14:03:00+05:30,219.6,219.75,219.6,219.7,19882,
2024-01-04 14:04:00+05:30,219.6,219.7,219.55,219.65,16014,
2024-01-04 14:05:00+05:30,219.65,219.8,219.6,219.75,15484,
2024-01-04 14:06:00+05:30,219.65,219.8,219.65,219.75,18900,
2024-01-04 14:07:00+05:30,219.65,219.75,219.6,219.75,22620,
2024-01-04 14:08:00+05:30,219.65,219.8,219.6,219.65,24386,
2024-01-04 14:09:00+05:30,219.65,219.75,219.65,219.75,16812,
2024-01-04 14:10:00+05:30,219.75,219.85,219.65,219.7,13224,
2024-01-04 14:11:00+05:30,219.75,219.85,219.65,219.65,29372,
2024-01-04 14:12:00+05:30,219.65,219.8,219.65,219.65,19754,
2024-01-04 14:13:00+05:30,219.65,219.75,219.6,219.6,33920,
2024-01-04 14:14:00+05:30,219.65,219.65,219,219.1,291164,
2024-01-04 14:15:00+05:30,219.2,219.2,219,219.05,146850,
2024-01-04 14:16:00+05:30,219.05,219.2,219,219.1,58464,
2024-01-04 14:17:00+05:30,218.95,219.1,218.9,219,39492,
2024-01-04 14:18:00+05:30,219,219.1,218.8,218.85,62596,
2024-01-04 14:19:00+05:30,218.85,219.1,218.8,219,31434,
2024-01-04 14:20:00+05:30,219,219.15,218.95,219.1,33620,
2024-01-04 14:21:00+05:30,219.1,219.15,218.9,218.9,82586,
2024-01-04 14:22:00+05:30,218.9,219,218.85,218.85,48964,
2024-01-04 14:23:00+05:30,218.85,219,218.8,219,29082,
2024-01-04 14:24:00+05:30,219,219,218.85,219,23030,
2024-01-04 14:25:00+05:30,218.9,219,218.9,218.9,32470,
2024-01-04 14:26:00+05:30,218.9,219.05,218.9,218.9,59250,
2024-01-04 14:27:00+05:30,219,219.05,218.9,218.9,31648,
2024-01-04 14:28:00+05:30,218.95,219,218.5,218.6,174730,
2024-01-04 14:29:00+05:30,218.65,218.75,218.5,218.65,50960,
2024-01-04 14:30:00+05:30,218.6,218.9,218.6,218.65,44992,
2024-01-04 14:31:00+05:30,218.65,218.85,218.65,218.8,28588,
2024-01-04 14:32:00+05:30,218.8,218.85,218.65,218.7,20534,
2024-01-04 14:33:00+05:30,218.65,218.8,218.6,218.8,34814,
2024-01-04 14:34:00+05:30,218.8,218.85,218.65,218.8,16136,
2024-01-04 14:35:00+05:30,218.85,218.95,218.7,218.9,28280,
2024-01-04 14:36:00+05:30,218.9,218.95,218.7,218.75,36296,
2024-01-04 14:37:00+05:30,218.9,218.9,218.7,218.85,24952,
2024-01-04 14:38:00+05:30,218.85,218.9,218.75,218.8,53120,
2024-01-04 14:39:00+05:30,218.9,218.9,218.75,218.8,20372,
2024-01-04 14:40:00+05:30,218.8,218.9,218.75,218.8,55442,
2024-01-04 14:41:00+05:30,218.8,218.9,218.75,218.9,29102,
2024-01-04 14:42:00+05:30,218.85,219,218.8,219,73566,
2024-01-04 14:43:00+05:30,218.9,219,218.8,218.9,71814,
2024-01-04 14:44:00+05:30,218.9,218.9,218.7,218.8,73370,
2024-01-04 14:45:00+05:30,218.8,218.9,218.7,218.8,29606,
2024-01-04 14:46:00+05:30,218.9,218.9,218.7,218.7,26058,
2024-01-04 14:47:00+05:30,218.75,218.9,218.75,218.8,22342,
2024-01-04 14:48:00+05:30,218.9,218.9,218.75,218.8,47644,
2024-01-04 14:49:00+05:30,218.9,218.9,218.8,218.8,33388,
2024-01-04 14:50:00+05:30,218.8,218.9,218.8,218.8,34512,
2024-01-04 14:51:00+05:30,218.9,218.9,218.8,218.9,42214,
2024-01-04 14:52:00+05:30,218.8,219.15,218.8,218.9,127454,
2024-01-04 14:53:00+05:30,218.8,219,218.8,219,69314,
2024-01-04 14:54:00+05:30,219,219.1,219,219,20122,
2024-01-04 14:55:00+05:30,219.05,219.1,218.9,218.95,22926,
2024-01-04 14:56:00+05:30,218.95,219,218.9,218.9,22556,
2024-01-04 14:57:00+05:30,218.9,219.05,218.9,219.05,19144,
2024-01-04 14:58:00+05:30,219.05,219.05,218.9,218.95,42258,
2024-01-04 14:59:00+05:30,219.05,219.05,218.9,218.9,119040,
2024-01-04 15:00:00+05:30,219,219,218.8,218.8,139582,
2024-01-04 15:01:00+05:30,218.9,218.95,218.7,218.7,108378,
2024-01-04 15:02:00+05:30,218.7,218.9,218.7,218.7,83792,
2024-01-04 15:03:00+05:30,218.85,218.9,218.7,218.9,83340,
2024-01-04 15:04:00+05:30,218.9,219.1,218.8,219.05,223964,
2024-01-04 15:05:00+05:30,219.05,219.3,219,219.25,178006,
2024-01-04 15:06:00+05:30,219.25,219.35,219.2,219.35,132368,
2024-01-04 15:07:00+05:30,219.35,219.45,219.2,219.3,193468,
2024-01-04 15:08:00+05:30,219.3,219.35,219.1,219.2,83850,
2024-01-04 15:09:00+05:30,219.15,219.2,219,219.2,136272,
2024-01-04 15:10:00+05:30,219.35,219.35,219.1,219.3,132504,
2024-01-04 15:11:00+05:30,219.3,219.4,219.3,219.3,107088,
2024-01-04 15:12:00+05:30,219.3,219.4,219.2,219.3,137622,
2024-01-04 15:13:00+05:30,219.3,219.35,219.2,219.3,110682,
2024-01-04 15:14:00+05:30,219.3,219.4,219.2,219.4,141184,
2024-01-04 15:15:00+05:30,219.4,219.45,219.2,219.35,126602,
2024-01-04 15:16:00+05:30,219.35,219.45,219.25,219.3,146730,
2024-01-04 15:17:00+05:30,219.35,219.45,219.25,219.45,121014,
2024-01-04 15:18:00+05:30,219.45,219.55,219.3,219.35,194958,
2024-01-04 15:19:00+05:30,219.35,219.55,219.3,219.4,113918,
2024-01-04 15:20:00+05:30,219.4,219.55,219.3,219.35,150574,
2024-01-04 15:21:00+05:30,219.5,219.65,219.3,219.45,149094,
2024-01-04 15:22:00+05:30,219.45,219.55,219.3,219.5,113428,
2024-01-04 15:23:00+05:30,219.45,219.6,219.4,219.55,113572,
2024-01-04 15:24:00+05:30,219.55,219.65,219.35,219.5,116334,
2024-01-04 15:25:00+05:30,219.45,219.6,219.35,219.55,94338,
2024-01-04 15:26:00+05:30,219.6,219.65,219.45,219.6,90664,
2024-01-04 15:27:00+05:30,219.55,219.9,219.55,219.8,120334,
2024-01-04 15:28:00+05:30,219.9,219.9,219.65,219.8,77884,
2024-01-04 15:29:00+05:30,219.7,219.9,219.7,219.9,46960,
2024-01-05 09:15:00+05:30,220.85,220.85,220.05,220.75,109698,
2024-01-05 09:16:00+05:30,220.85,220.85,220.25,220.35,51166,
2024-01-05 09:17:00+05:30,220.45,220.45,220.3,220.45,57586,
2024-01-05 09:18:00+05:30,220.45,221.05,220.45,220.85,112072,
2024-01-05 09:19:00+05:30,220.9,220.9,220.3,220.35,53870,
2024-01-05 09:20:00+05:30,220.35,220.85,220.3,220.6,58426,
2024-01-05 09:21:00+05:30,220.65,220.85,220.6,220.85,26186,
2024-01-05 09:22:00+05:30,220.85,221.1,220.75,221,95622,
2024-01-05 09:23:00+05:30,221,221.4,221,221.3,78398,
2024-01-05 09:24:00+05:30,221.3,221.6,221.1,221.45,68968,
2024-01-05 09:25:00+05:30,221.3,221.4,221,221.1,37542,
2024-01-05 09:26:00+05:30,220.75,221.2,220.65,221,224774,
2024-01-05 09:27:00+05:30,221,221.1,220.8,220.8,57656,
2024-01-05 09:28:00+05:30,220.85,221.1,220.65,220.9,35772,
2024-01-05 09:29:00+05:30,221.05,221.55,221.05,221.3,55606,
2024-01-05 09:30:00+05:30,221.6,222.55,221.6,222.4,209796,
2024-01-05 09:31:00+05:30,222.4,222.65,222.2,222.6,149730,
2024-01-05 09:32:00+05:30,222.65,222.65,222.15,222.35,89260,
2024-01-05 09:33:00+05:30,222.25,222.35,221.75,221.8,36000,
2024-01-05 09:34:00+05:30,221.8,222,221.6,221.6,54334,
2024-01-05 09:35:00+05:30,221.6,221.7,221.5,221.7,40738,
2024-01-05 09:36:00+05:30,221.6,221.7,221.5,221.5,47958,
2024-01-05 09:37:00+05:30,221.5,221.6,221.35,221.4,106510,
2024-01-05 09:38:00+05:30,221.35,221.4,221.2,221.35,61458,
2024-01-05 09:39:00+05:30,221.3,221.35,221.3,221.3,11194,
2024-01-05 09:40:00+05:30,221.3,221.3,221.3,221.3,20210,
2024-01-05 09:41:00+05:30,221.3,221.3,221.05,221.1,73454,
2024-01-05 09:42:00+05:30,221.05,221.1,220.7,220.8,157606,
2024-01-05 09:43:00+05:30,220.75,220.85,220.65,220.75,41734,
2024-01-05 09:44:00+05:30,220.75,220.75,220.6,220.65,67308,
2024-01-05 09:45:00+05:30,220.65,220.7,220.45,220.55,36186,
2024-01-05 09:46:00+05:30,220.55,220.85,220.55,220.85,18846,
2024-01-05 09:47:00+05:30,220.85,221,220.7,221,34626,
2024-01-05 09:48:00+05:30,221,221,220.95,221,26762,
2024-01-05 09:49:00+05:30,220.95,221.2,220.95,221.15,35802,
2024-01-05 09:50:00+05:30,221.15,221.2,220.9,221.1,60736,
2024-01-05 09:51:00+05:30,221.2,221.2,221.05,221.2,15118,
2024-01-05 09:52:00+05:30,221.3,221.3,221.2,221.3,27432,
2024-01-05 09:53:00+05:30,221.3,221.3,220.9,221,27282,
2024-01-05 09:54:00+05:30,220.95,221.3,220.9,221.3,44112,
2024-01-05 09:55:00+05:30,221.2,221.3,221.05,221.05,20414,
2024-01-05 09:56:00+05:30,221,221.1,220.95,221.1,17984,
2024-01-05 09:57:00+05:30,221.1,221.15,221,221.1,6862,
2024-01-05 09:58:00+05:30,221.1,221.1,221,221,14062,
2024-01-05 09:59:00+05:30,221.05,221.1,221,221.1,9566,
2024-01-05 10:00:00+05:30,221.1,221.15,221,221,10720,
2024-01-05 10:01:00+05:30,221,221.1,220.9,221,15860,
2024-01-05 10:02:00+05:30,221,221,220.9,220.9,4984,
2024-01-05 10:03:00+05:30,220.9,221,220.85,220.85,30836,
2024-01-05 10:04:00+05:30,220.85,221.1,220.85,221.05,13658,
2024-01-05 10:05:00+05:30,220.95,221.2,220.9,221.2,20908,
2024-01-05 10:06:00+05:30,221.2,221.25,221,221.2,15856,
2024-01-05 10:07:00+05:30,221.2,221.2,221.1,221.1,5562,
2024-01-05 10:08:00+05:30,221.15,221.3,221.15,221.25,13582,
2024-01-05 10:09:00+05:30,221.3,221.55,221.2,221.5,38244,
2024-01-05 10:10:00+05:30,221.5,221.5,221.3,221.45,15526,
2024-01-05 10:11:00+05:30,221.5,221.5,221.35,221.35,20252,
2024-01-05 10:12:00+05:30,221.35,221.8,221.35,221.75,30506,
2024-01-05 10:13:00+05:30,221.7,221.75,221.6,221.6,9252,
2024-01-05 10:14:00+05:30,221.6,221.65,221.55,221.65,10628,
2024-01-05 10:15:00+05:30,221.65,221.65,221.55,221.6,5850,
2024-01-05 10:16:00+05:30,221.6,221.6,221.6,221.6,10828,
2024-01-05 10:17:00+05:30,221.6,221.6,221.55,221.55,14336,
2024-01-05 10:18:00+05:30,221.55,221.55,221.4,221.4,17766,
2024-01-05 10:19:00+05:30,221.4,221.5,221.4,221.45,21288,
2024-01-05 10:20:00+05:30,221.45,221.6,221.4,221.55,11148,
2024-01-05 10:21:00+05:30,221.55,221.65,221.55,221.6,14242,
2024-01-05 10:22:00+05:30,221.6,221.65,221.55,221.6,10178,
2024-01-05 10:23:00+05:30,221.6,221.65,221.6,221.6,7678,
2024-01-05 10:24:00+05:30,221.6,221.75,221.55,221.65,39128,
2024-01-05 10:25:00+05:30,221.65,221.7,221.5,221.5,11950,
2024-01-05 10:26:00+05:30,221.6,221.6,221.4,221.4,14996,
2024-01-05 10:27:00+05:30,221.4,221.6,221.35,221.4,10008,
2024-01-05 10:28:00+05:30,221.4,221.5,221.4,221.5,9510,
2024-01-05 10:29:00+05:30,221.4,221.5,221.4,221.4,2656,
2024-01-05 10:30:00+05:30,221.45,221.45,221.3,221.3,11148,
2024-01-05 10:31:00+05:30,221.3,221.35,221.2,221.2,7408,
2024-01-05 10:32:00+05:30,221.2,221.3,221.15,221.3,8760,
2024-01-05 10:33:00+05:30,221.3,221.3,221.2,221.2,7964,
2024-01-05 10:34:00+05:30,221.2,221.2,221.1,221.2,4458,
2024-01-05 10:35:00+05:30,221.2,221.35,221.2,221.35,21898,
2024-01-05 10:36:00+05:30,221.3,221.4,221.3,221.3,3432,
2024-01-05 10:37:00+05:30,221.3,221.35,221.3,221.35,1340,
2024-01-05 10:38:00+05:30,221.35,221.35,221.2,221.3,7800,
2024-01-05 10:39:00+05:30,221.2,221.3,221.1,221.2,23972,
2024-01-05 10:40:00+05:30,221.2,221.2,220.9,220.9,37198,
2024-01-05 10:41:00+05:30,220.9,221.1,220.9,221.1,10570,
2024-01-05 10:42:00+05:30,221.1,221.2,221,221,8178,
2024-01-05 10:43:00+05:30,221,221.1,220.85,220.85,15668,
2024-01-05 10:44:00+05:30,220.85,220.85,220.45,220.55,42128,
2024-01-05 10:45:00+05:30,220.55,220.65,220.45,220.45,11378,
2024-01-05 10:46:00+05:30,220.55,220.55,220.25,220.4,41334,
2024-01-05 10:47:00+05:30,220.4,220.4,220.15,220.15,20714,
2024-01-05 10:48:00+05:30,220.2,220.25,220,220.15,43860,
2024-01-05 10:49:00+05:30,220.15,220.2,220.05,220.1,23334,
2024-01-05 10:50:00+05:30,220.15,220.35,220.1,220.3,25254,
2024-01-05 10:51:00+05:30,220.35,220.35,220.05,220.05,28522,
2024-01-05 10:52:00+05:30,220.15,220.15,219.95,220.05,35634,
2024-01-05 10:53:00+05:30,220.05,220.05,219.65,219.65,45260,
2024-01-05 10:54:00+05:30,219.65,219.75,219.3,219.3,86482,
2024-01-05 10:55:00+05:30,219.3,219.45,219.3,219.45,34116,
2024-01-05 10:56:00+05:30,219.35,219.65,219.35,219.55,15230,
2024-01-05 10:57:00+05:30,219.6,220.15,219.55,220.1,36770,
2024-01-05 10:58:00+05:30,220.1,220.15,219.85,220.05,27246,
2024-01-05 10:59:00+05:30,220.05,220.1,220,220.05,13332,
2024-01-05 11:00:00+05:30,220.05,220.15,219.95,220.15,7916,
2024-01-05 11:01:00+05:30,220.15,220.25,220.1,220.25,14224,
2024-01-05 11:02:00+05:30,220.25,220.3,220.15,220.2,11438,
2024-01-05 11:03:00+05:30,220.2,220.25,220.05,220.2,8920,
2024-01-05 11:04:00+05:30,220.2,220.25,220.15,220.15,20834,
2024-01-05 11:05:00+05:30,220.15,220.2,220.05,220.15,9508,
2024-01-05 11:06:00+05:30,220.2,220.25,220.05,220.15,15070,
2024-01-05 11:07:00+05:30,220.15,220.15,220.15,220.15,1900,
2024-01-05 11:08:00+05:30,220.15,220.15,220.05,220.15,12756,
2024-01-05 11:09:00+05:30,220.2,220.25,220.05,220.25,11872,
2024-01-05 11:10:00+05:30,220.25,220.55,220.25,220.55,14146,
2024-01-05 11:11:00+05:30,220.55,220.55,220.3,220.35,40154,
2024-01-05 11:12:00+05:30,220.35,220.4,220.35,220.35,4218,
2024-01-05 11:13:00+05:30,220.4,220.45,220.35,220.35,10494,
2024-01-05 11:14:00+05:30,220.35,220.45,220.35,220.4,11980,
2024-01-05 11:15:00+05:30,220.4,220.4,220.25,220.25,13790,
2024-01-05 11:16:00+05:30,220.35,220.35,220.2,220.2,12826,
2024-01-05 11:17:00+05:30,220.2,220.25,220.05,220.05,13292,
2024-01-05 11:18:00+05:30,220.05,220.1,219.7,219.85,20342,
2024-01-05 11:19:00+05:30,219.85,220.2,219.85,220.15,5430,
2024-01-05 11:20:00+05:30,220.1,220.3,220.1,220.25,7286,
2024-01-05 11:21:00+05:30,220.25,220.25,220.05,220.05,13476,
2024-01-05 11:22:00+05:30,220.05,220.1,219.95,220.05,6206,
2024-01-05 11:23:00+05:30,220.1,220.35,220.05,220.3,12430,
2024-01-05 11:24:00+05:30,220.35,220.35,220.15,220.35,17452,
2024-01-05 11:25:00+05:30,220.35,220.35,220.3,220.35,3914,
2024-01-05 11:26:00+05:30,220.35,220.35,220.3,220.35,10368,
2024-01-05 11:27:00+05:30,220.35,220.35,220.35,220.35,5726,
2024-01-05 11:28:00+05:30,220.35,220.6,220.35,220.55,17336,
2024-01-05 11:29:00+05:30,220.6,220.65,220.55,220.65,7994,
2024-01-05 11:30:00+05:30,220.65,220.7,220.55,220.65,19052,
2024-01-05 11:31:00+05:30,220.65,220.7,220.6,220.7,8968,
2024-01-05 11:32:00+05:30,220.7,220.7,220.65,220.65,6378,
2024-01-05 11:33:00+05:30,220.65,220.75,220.65,220.75,12956,
2024-01-05 11:34:00+05:30,220.75,220.75,220.55,220.6,11758,
2024-01-05 11:35:00+05:30,220.6,220.6,220.55,220.55,2762,
2024-01-05 11:36:00+05:30,220.6,220.65,220.55,220.65,4672,
2024-01-05 11:37:00+05:30,220.65,220.65,220.6,220.65,2476,
2024-01-05 11:38:00+05:30,220.65,220.7,220.65,220.65,6804,
2024-01-05 11:39:00+05:30,220.65,220.7,220.65,220.65,4252,
2024-01-05 11:40:00+05:30,220.55,220.65,220.45,220.5,8522,
2024-01-05 11:41:00+05:30,220.45,220.5,220.4,220.45,5800,
2024-01-05 11:42:00+05:30,220.4,220.5,220.4,220.45,1208,
2024-01-05 11:43:00+05:30,220.45,220.45,220.4,220.4,2516,
2024-01-05 11:44:00+05:30,220.45,220.75,220.4,220.75,11478,
2024-01-05 11:45:00+05:30,220.75,220.9,220.75,220.9,17640,
2024-01-05 11:46:00+05:30,220.9,220.9,220.75,220.85,9582,
2024-01-05 11:47:00+05:30,220.85,220.85,220.45,220.45,11838,
2024-01-05 11:48:00+05:30,220.4,220.55,220.2,220.45,13554,
2024-01-05 11:49:00+05:30,220.45,220.6,220.4,220.6,4452,
2024-01-05 11:50:00+05:30,220.55,220.6,220.35,220.5,12042,
2024-01-05 11:51:00+05:30,220.5,220.65,220.5,220.55,28350,
2024-01-05 11:52:00+05:30,220.55,220.75,220.55,220.7,7000,
2024-01-05 11:53:00+05:30,220.65,220.75,220.6,220.7,5896,
2024-01-05 11:54:00+05:30,220.65,220.7,220.45,220.55,5860,
2024-01-05 11:55:00+05:30,220.55,220.55,220.45,220.55,8626,
2024-01-05 11:56:00+05:30,220.55,220.75,220.45,220.65,24370,
2024-01-05 11:57:00+05:30,220.65,220.9,220.65,220.85,23090,
2024-01-05 11:58:00+05:30,220.85,220.9,220.75,220.9,9512,
2024-01-05 11:59:00+05:30,220.9,220.9,220.75,220.85,2886,
2024-01-05 12:00:00+05:30,220.85,220.85,220.75,220.75,6776,
2024-01-05 12:01:00+05:30,220.75,220.85,220.75,220.8,6188,
2024-01-05 12:02:00+05:30,220.8,220.8,220.75,220.8,1596,
2024-01-05 12:03:00+05:30,220.75,220.85,220.75,220.85,2034,
2024-01-05 12:04:00+05:30,220.8,220.9,220.8,220.9,9062,
2024-01-05 12:05:00+05:30,220.9,220.95,220.9,220.95,5398,
2024-01-05 12:06:00+05:30,220.95,221.15,220.9,221.1,21236,
2024-01-05 12:07:00+05:30,221.1,221.15,221.1,221.1,3428,
2024-01-05 12:08:00+05:30,221.1,221.15,221.1,221.1,3364,
2024-01-05 12:09:00+05:30,221.1,221.15,221.05,221.1,14850,
2024-01-05 12:10:00+05:30,221.1,221.15,221,221.15,4522,
2024-01-05 12:11:00+05:30,221.2,221.4,221.2,221.25,69546,
2024-01-05 12:12:00+05:30,221.3,221.35,221.1,221.1,5650,
2024-01-05 12:13:00+05:30,221.2,221.2,221,221.2,4082,
2024-01-05 12:14:00+05:30,221.1,221.2,221.1,221.2,3992,
2024-01-05 12:15:00+05:30,221.2,221.2,221.15,221.2,3770,
2024-01-05 12:16:00+05:30,221.2,221.3,221.2,221.3,9606,
2024-01-05 12:17:00+05:30,221.3,221.3,221.25,221.3,4884,
2024-01-05 12:18:00+05:30,221.3,221.4,221.3,221.4,13576,
2024-01-05 12:19:00+05:30,221.4,221.4,221.3,221.3,6174,
2024-01-05 12:20:00+05:30,221.3,221.35,221.2,221.25,9438,
2024-01-05 12:21:00+05:30,221.3,221.3,221.2,221.2,7908,
2024-01-05 12:22:00+05:30,221.2,221.2,221.1,221.1,7066,
2024-01-05 12:23:00+05:30,221.1,221.2,221.05,221.15,14014,
2024-01-05 12:24:00+05:30,221.15,221.2,221.1,221.2,2672,
2024-01-05 12:25:00+05:30,221.2,221.2,220.95,220.95,11506,
2024-01-05 12:26:00+05:30,220.95,221.1,220.95,221.05,2384,
2024-01-05 12:27:00+05:30,220.95,221.05,220.95,220.95,3772,
2024-01-05 12:28:00+05:30,221,221.25,220.95,221.2,20570,
2024-01-05 12:29:00+05:30,221.25,221.25,221.2,221.25,3730,
2024-01-05 12:30:00+05:30,221.2,221.25,221.1,221.15,12170,
2024-01-05 12:31:00+05:30,221.15,221.2,221.1,221.2,9696,
2024-01-05 12:32:00+05:30,221.2,221.2,221.1,221.1,6204,
2024-01-05 12:33:00+05:30,221.1,221.15,221.1,221.1,2756,
2024-01-05 12:34:00+05:30,221.1,221.1,221.1,221.1,3996,
2024-01-05 12:35:00+05:30,221.1,221.1,221.1,221.1,3960,
2024-01-05 12:36:00+05:30,221.1,221.15,221.1,221.1,13296,
2024-01-05 12:37:00+05:30,221.1,221.25,221.1,221.25,8336,
2024-01-05 12:38:00+05:30,221.25,221.25,221.1,221.2,13088,
2024-01-05 12:39:00+05:30,221.2,221.2,221.1,221.1,11762,
2024-01-05 12:40:00+05:30,221.1,221.2,221,221,15226,
2024-01-05 12:41:00+05:30,221,221.1,221,221.1,4370,
2024-01-05 12:42:00+05:30,221.05,221.1,221,221.1,4930,
2024-01-05 12:43:00+05:30,221.1,221.1,221.05,221.05,8772,
2024-01-05 12:44:00+05:30,221.1,221.1,220.95,221.1,13286,
2024-01-05 12:45:00+05:30,221.1,221.2,221.05,221.2,13902,
2024-01-05 12:46:00+05:30,221.2,221.2,221.05,221.15,11036,
2024-01-05 12:47:00+05:30,221.15,221.2,221.1,221.15,1690,
2024-01-05 12:48:00+05:30,221.2,221.4,221.15,221.4,36228,
2024-01-05 12:49:00+05:30,221.35,221.6,221.35,221.5,66112,
2024-01-05 12:50:00+05:30,221.5,221.6,221.4,221.55,10260,
2024-01-05 12:51:00+05:30,221.6,221.6,221.4,221.4,9036,
2024-01-05 12:52:00+05:30,221.45,221.5,221.3,221.35,3016,
2024-01-05 12:53:00+05:30,221.35,221.35,221.3,221.3,3472,
2024-01-05 12:54:00+05:30,221.3,221.3,221.1,221.2,13562,
2024-01-05 12:55:00+05:30,221.15,221.3,221.1,221.2,13362,
2024-01-05 12:56:00+05:30,221.2,221.25,221.1,221.2,4610,
2024-01-05 12:57:00+05:30,221.2,221.25,221.2,221.25,8194,
2024-01-05 12:58:00+05:30,221.25,221.25,220.95,221,24822,
2024-01-05 12:59:00+05:30,221.05,221.25,221,221.2,15254,
2024-01-05 13:00:00+05:30,221.2,221.5,221.2,221.4,29352,
2024-01-05 13:01:00+05:30,221.4,221.4,221.1,221.15,10164,
2024-01-05 13:02:00+05:30,221.15,221.2,221,221.1,9444,
2024-01-05 13:03:00+05:30,221.1,221.4,221.1,221.35,19338,
2024-01-05 13:04:00+05:30,221.35,221.4,221.3,221.3,19290,
2024-01-05 13:05:00+05:30,221.3,221.55,221.3,221.55,12678,
2024-01-05 13:06:00+05:30,221.55,221.6,221.4,221.4,46408,
2024-01-05 13:07:00+05:30,221.4,221.5,221.3,221.3,16130,
2024-01-05 13:08:00+05:30,221.3,221.5,221.3,221.4,12630,
2024-01-05 13:09:00+05:30,221.4,221.6,221.4,221.5,11022,
2024-01-05 13:10:00+05:30,221.5,221.6,221.4,221.5,10676,
2024-01-05 13:11:00+05:30,221.5,221.5,221.4,221.4,8548,
2024-01-05 13:12:00+05:30,221.4,221.4,221.3,221.3,10214,
2024-01-05 13:13:00+05:30,221.3,221.3,221.25,221.3,12338,
2024-01-05 13:14:00+05:30,221.3,221.3,221.2,221.2,10232,
2024-01-05 13:15:00+05:30,221.2,221.25,221,221.1,9770,
2024-01-05 13:16:00+05:30,221.1,221.1,221.05,221.1,6234,
2024-01-05 13:17:00+05:30,221.1,221.1,220.9,221.1,30232,
2024-01-05 13:18:00+05:30,221.05,221.25,221,221,22358,
2024-01-05 13:19:00+05:30,221,221.1,220.9,220.95,7076,
2024-01-05 13:20:00+05:30,220.9,221,220.85,220.9,10628,
2024-01-05 13:21:00+05:30,220.9,220.9,220.85,220.85,9870,
2024-01-05 13:22:00+05:30,220.85,220.85,220.75,220.75,6124,
2024-01-05 13:23:00+05:30,220.75,220.75,220.65,220.65,8314,
2024-01-05 13:24:00+05:30,220.65,220.85,220.6,220.65,15528,
2024-01-05 13:25:00+05:30,220.65,220.85,220.65,220.75,13340,
2024-01-05 13:26:00+05:30,220.75,220.85,220.75,220.8,7920,
2024-01-05 13:27:00+05:30,220.75,220.85,220.7,220.75,10086,
2024-01-05 13:28:00+05:30,220.75,220.85,220.7,220.75,16570,
2024-01-05 13:29:00+05:30,220.75,220.75,220.7,220.75,6162,
2024-01-05 13:30:00+05:30,220.75,220.85,220.75,220.8,8904,
2024-01-05 13:31:00+05:30,220.8,220.85,220.65,220.65,13190,
2024-01-05 13:32:00+05:30,220.7,220.75,220.6,220.6,9966,
2024-01-05 13:33:00+05:30,220.65,220.65,220.45,220.5,22288,
2024-01-05 13:34:00+05:30,220.5,220.55,220.4,220.4,10170,
2024-01-05 13:35:00+05:30,220.4,220.45,220.35,220.35,10758,
2024-01-05 13:36:00+05:30,220.35,220.4,220.35,220.35,5670,
2024-01-05 13:37:00+05:30,220.35,220.35,220.35,220.35,9872,
2024-01-05 13:38:00+05:30,220.35,220.35,220.3,220.35,12134,
2024-01-05 13:39:00+05:30,220.35,220.55,220.3,220.45,13008,
2024-01-05 13:40:00+05:30,220.45,220.55,220.4,220.45,14834,
2024-01-05 13:41:00+05:30,220.4,220.4,220,220.05,21052,
2024-01-05 13:42:00+05:30,219.95,220.25,219.95,220.15,15332,
2024-01-05 13:43:00+05:30,220.15,220.35,220.1,220.2,7848,
2024-01-05 13:44:00+05:30,220.25,220.3,220.2,220.25,8238,
2024-01-05 13:45:00+05:30,220.25,220.25,220.15,220.25,6786,
2024-01-05 13:46:00+05:30,220.25,220.25,220.15,220.25,9328,
2024-01-05 13:47:00+05:30,220.25,220.25,220.2,220.25,5398,
2024-01-05 13:48:00+05:30,220.2,220.35,220.15,220.3,12632,
2024-01-05 13:49:00+05:30,220.25,220.45,220.15,220.4,12814,
2024-01-05 13:50:00+05:30,220.4,220.45,220.35,220.35,6222,
2024-01-05 13:51:00+05:30,220.35,220.4,220.35,220.35,6976,
2024-01-05 13:52:00+05:30,220.35,220.35,220.25,220.25,7052,
2024-01-05 13:53:00+05:30,220.3,220.35,220.25,220.25,13908,
2024-01-05 13:54:00+05:30,220.3,220.3,220.25,220.3,6484,
2024-01-05 13:55:00+05:30,220.3,220.35,220.25,220.25,8428,
2024-01-05 13:56:00+05:30,220.25,220.25,219.95,220,21334,
2024-01-05 13:57:00+05:30,220,220.35,220,220.15,16766,
2024-01-05 13:58:00+05:30,220.35,220.45,220.2,220.35,24338,
2024-01-05 13:59:00+05:30,220.35,220.35,220.25,220.25,5848,
2024-01-05 14:00:00+05:30,220.25,220.4,220.05,220.05,19400,
2024-01-05 14:01:00+05:30,220.05,220.2,220.05,220.1,8976,
2024-01-05 14:02:00+05:30,220.1,220.15,220.05,220.05,8442,
2024-01-05 14:03:00+05:30,220.05,220.15,219.95,220,9482,
2024-01-05 14:04:00+05:30,219.95,220,219.95,219.95,8132,
2024-01-05 14:05:00+05:30,219.95,219.95,219.75,219.8,16672,
2024-01-05 14:06:00+05:30,219.8,220.05,219.8,220.05,28536,
2024-01-05 14:07:00+05:30,220.15,220.15,219.75,219.95,12266,
2024-01-05 14:08:00+05:30,219.95,220.05,219.85,219.95,9860,
2024-01-05 14:09:00+05:30,219.95,219.95,219.75,219.75,24774,
2024-01-05 14:10:00+05:30,219.75,219.75,219.45,219.55,23250,
2024-01-05 14:11:00+05:30,219.6,219.75,219.45,219.45,15570,
2024-01-05 14:12:00+05:30,219.45,219.55,219.35,219.35,17760,
2024-01-05 14:13:00+05:30,219.35,219.4,219.3,219.3,13168,
2024-01-05 14:14:00+05:30,219.3,219.35,219.3,219.35,8014,
2024-01-05 14:15:00+05:30,219.35,219.55,219.35,219.45,24564,
2024-01-05 14:16:00+05:30,219.5,219.55,219.35,219.4,3736,
2024-01-05 14:17:00+05:30,219.35,219.4,218.9,218.95,51262,
2024-01-05 14:18:00+05:30,218.95,219.1,218.75,218.8,73972,
2024-01-05 14:19:00+05:30,218.8,218.8,218.65,218.8,20944,
2024-01-05 14:20:00+05:30,218.75,218.95,218.75,218.8,18804,
2024-01-05 14:21:00+05:30,218.8,218.9,218.6,218.8,18012,
2024-01-05 14:22:00+05:30,218.8,218.9,218.75,218.75,17106,
2024-01-05 14:23:00+05:30,218.75,218.95,218.75,218.8,13546,
2024-01-05 14:24:00+05:30,218.8,219.1,218.8,219.1,26820,
2024-01-05 14:25:00+05:30,219.05,219.1,218.85,218.9,14188,
2024-01-05 14:26:00+05:30,218.9,219,218.8,218.8,18970,
2024-01-05 14:27:00+05:30,218.8,219,218.8,218.95,6882,
2024-01-05 14:28:00+05:30,219,219.1,218.9,219.05,9160,
2024-01-05 14:29:00+05:30,219.05,219.1,219,219.1,7000,
2024-01-05 14:30:00+05:30,219.1,219.2,219,219.2,16810,
2024-01-05 14:31:00+05:30,219.2,219.45,219.2,219.45,9676,
2024-01-05 14:32:00+05:30,219.35,219.45,219.35,219.35,42254,
2024-01-05 14:33:00+05:30,219.35,219.65,219.35,219.65,43940,
2024-01-05 14:34:00+05:30,219.55,219.65,219.4,219.4,31166,
2024-01-05 14:35:00+05:30,219.4,219.45,219.3,219.35,33216,
2024-01-05 14:36:00+05:30,219.3,219.55,219.3,219.4,16950,
2024-01-05 14:37:00+05:30,219.45,219.45,219.35,219.35,5604,
2024-01-05 14:38:00+05:30,219.35,219.45,219.35,219.45,11198,
2024-01-05 14:39:00+05:30,219.45,219.45,219.45,219.45,1052,
2024-01-05 14:40:00+05:30,219.45,219.45,219.45,219.45,3186,
2024-01-05 14:41:00+05:30,219.45,219.45,219.4,219.45,9608,
2024-01-05 14:42:00+05:30,219.45,219.45,219.4,219.45,4656,
2024-01-05 14:43:00+05:30,219.45,219.45,219.45,219.45,13012,
2024-01-05 14:44:00+05:30,219.45,219.45,219.4,219.45,33410,
2024-01-05 14:45:00+05:30,219.45,219.45,219.4,219.4,15158,
2024-01-05 14:46:00+05:30,219.45,219.45,219.4,219.45,6080,
2024-01-05 14:47:00+05:30,219.45,219.45,219.45,219.45,13352,
2024-01-05 14:48:00+05:30,219.45,219.45,219.35,219.35,25028,
2024-01-05 14:49:00+05:30,219.35,219.35,219.35,219.35,3022,
2024-01-05 14:50:00+05:30,219.35,219.45,219.35,219.4,15626,
2024-01-05 14:51:00+05:30,219.35,219.45,219.35,219.45,31192,
2024-01-05 14:52:00+05:30,219.45,219.45,219.45,219.45,22044,
2024-01-05 14:53:00+05:30,219.45,219.55,219.45,219.45,13654,
2024-01-05 14:54:00+05:30,219.45,219.55,219.45,219.55,8960,
2024-01-05 14:55:00+05:30,219.55,219.55,219.55,219.55,8092,
2024-01-05 14:56:00+05:30,219.6,219.65,219.55,219.6,14758,
2024-01-05 14:57:00+05:30,219.65,219.65,219.6,219.65,10212,
2024-01-05 14:58:00+05:30,219.6,219.65,219.6,219.65,12314,
2024-01-05 14:59:00+05:30,219.65,219.75,219.6,219.75,23000,
2024-01-05 15:00:00+05:30,219.75,219.95,219.75,219.85,26800,
2024-01-05 15:01:00+05:30,219.85,219.95,219.75,219.75,12300,
2024-01-05 15:02:00+05:30,219.75,219.8,219.7,219.75,30036,
2024-01-05 15:03:00+05:30,219.7,219.75,219.7,219.75,16702,
2024-01-05 15:04:00+05:30,219.75,219.75,219.7,219.7,15134,
2024-01-05 15:05:00+05:30,219.75,219.75,219.65,219.75,48690,
2024-01-05 15:06:00+05:30,219.75,219.85,219.75,219.75,10712,
2024-01-05 15:07:00+05:30,219.75,219.8,219.75,219.75,12562,
2024-01-05 15:08:00+05:30,219.8,219.9,219.75,219.85,30872,
2024-01-05 15:09:00+05:30,219.85,219.9,219.75,219.8,18846,
2024-01-05 15:10:00+05:30,219.8,219.85,219.8,219.8,17308,
2024-01-05 15:11:00+05:30,219.8,219.85,219.45,219.45,78838,
2024-01-05 15:12:00+05:30,219.45,219.5,219.45,219.45,26364,
2024-01-05 15:13:00+05:30,219.45,219.65,219.45,219.6,62350,
2024-01-05 15:14:00+05:30,219.6,219.6,219.45,219.55,28126,
2024-01-05 15:15:00+05:30,219.55,219.55,219.45,219.55,54194,
2024-01-05 15:16:00+05:30,219.55,219.55,219.5,219.5,21558,
2024-01-05 15:17:00+05:30,219.5,219.55,219.45,219.55,14264,
2024-01-05 15:18:00+05:30,219.5,219.55,219.45,219.45,36442,
2024-01-05 15:19:00+05:30,219.45,219.45,219.35,219.4,36206,
2024-01-05 15:20:00+05:30,219.4,219.45,219.35,219.4,46258,
2024-01-05 15:21:00+05:30,219.4,219.5,219.35,219.45,52818,
2024-01-05 15:22:00+05:30,219.45,219.45,219.4,219.45,11702,
2024-01-05 15:23:00+05:30,219.45,219.45,219.45,219.45,21618,
2024-01-05 15:24:00+05:30,219.45,219.45,219.4,219.45,29308,
2024-01-05 15:25:00+05:30,219.45,219.45,219.25,219.35,35190,
2024-01-05 15:26:00+05:30,219.35,219.35,219.25,219.3,28180,
2024-01-05 15:27:00+05:30,219.3,219.35,219.25,219.35,32366,
2024-01-05 15:28:00+05:30,219.35,219.35,219,219,42352,
2024-01-05 15:29:00+05:30,219.25,219.45,219,219.25,53784,
2024-01-08 09:15:00+05:30,221.4,222.1,220.45,221.4,174164,
2024-01-08 09:16:00+05:30,221.4,222.75,221.15,222.55,181494,
2024-01-08 09:17:00+05:30,222.4,223.75,222.4,222.75,432698,
2024-01-08 09:18:00+05:30,222.85,224,222.8,223.75,662650,
2024-01-08 09:19:00+05:30,223.7,224.2,223.5,224.05,500690,
2024-01-08 09:20:00+05:30,224.05,224.6,223.65,223.75,800936,
2024-01-08 09:21:00+05:30,223.85,224.3,223.35,224,517378,
2024-01-08 09:22:00+05:30,223.95,224,223.25,223.35,273020,
2024-01-08 09:23:00+05:30,223.25,223.7,223.25,223.55,138470,
2024-01-08 09:24:00+05:30,223.6,223.8,223.35,223.45,93860,
2024-01-08 09:25:00+05:30,223.45,223.45,222.75,222.8,424762,
2024-01-08 09:26:00+05:30,222.85,223.15,222.75,222.8,100566,
2024-01-08 09:27:00+05:30,222.8,222.9,222.65,222.9,81752,
2024-01-08 09:28:00+05:30,222.9,223.8,222.8,223.75,300440,
2024-01-08 09:29:00+05:30,223.65,224.95,223.65,224,805922,
2024-01-08 09:30:00+05:30,224,224.3,223.6,223.8,272580,
2024-01-08 09:31:00+05:30,223.75,223.85,223.5,223.85,83092,
2024-01-08 09:32:00+05:30,223.75,224.55,223.75,224.4,221880,
2024-01-08 09:33:00+05:30,224.4,224.45,223.95,224,111446,
2024-01-08 09:34:00+05:30,224,224.45,224,224.2,142788,
2024-01-08 09:35:00+05:30,224.3,224.3,223.35,223.45,137970,
2024-01-08 09:36:00+05:30,223.35,223.45,222.65,222.95,226012,
2024-01-08 09:37:00+05:30,223,223,222.8,222.85,170430,
2024-01-08 09:38:00+05:30,222.8,223,222.3,222.45,214542,
2024-01-08 09:39:00+05:30,222.4,222.45,222.05,222.2,214926,
2024-01-08 09:40:00+05:30,222.3,222.55,222.15,222.25,97962,
2024-01-08 09:41:00+05:30,222.2,222.45,222.05,222.45,64364,
2024-01-08 09:42:00+05:30,222.4,222.45,222.2,222.4,35724,
2024-01-08 09:43:00+05:30,222.4,222.7,222.35,222.65,43388,
2024-01-08 09:44:00+05:30,222.65,222.75,222.45,222.55,27470,
2024-01-08 09:45:00+05:30,222.65,222.75,222.5,222.65,32216,
2024-01-08 09:46:00+05:30,222.65,223.6,222.65,223.6,140636,
2024-01-08 09:47:00+05:30,223.45,223.55,223.1,223.35,98930,
2024-01-08 09:48:00+05:30,223.35,223.85,223.35,223.75,98376,
2024-01-08 09:49:00+05:30,223.75,224,223.7,223.75,90444,
2024-01-08 09:50:00+05:30,223.75,224,223.75,223.95,85864,
2024-01-08 09:51:00+05:30,223.75,223.95,223.75,223.75,59090,
2024-01-08 09:52:00+05:30,223.75,224.05,223.75,223.75,117024,
2024-01-08 09:53:00+05:30,223.75,223.85,223.55,223.65,147786,
2024-01-08 09:54:00+05:30,223.75,224.2,223.65,223.75,133084,
2024-01-08 09:55:00+05:30,223.75,223.75,223.2,223.25,38160,
2024-01-08 09:56:00+05:30,223.25,223.35,223.1,223.25,43152,
2024-01-08 09:57:00+05:30,223.2,223.45,222.95,222.95,42546,
2024-01-08 09:58:00+05:30,223.05,223.1,222.85,222.9,97630,
2024-01-08 09:59:00+05:30,222.85,223.05,222.65,222.85,217842,
2024-01-08 10:00:00+05:30,222.85,223.05,222.75,222.8,88606,
2024-01-08 10:01:00+05:30,222.85,222.95,222.65,222.75,39090,
2024-01-08 10:02:00+05:30,222.65,222.85,222.6,222.65,33160,
2024-01-08 10:03:00+05:30,222.65,222.85,222.55,222.55,33548,
2024-01-08 10:04:00+05:30,222.55,222.7,222.55,222.65,29424,
2024-01-08 10:05:00+05:30,222.65,222.65,222.55,222.65,30472,
2024-01-08 10:06:00+05:30,222.6,222.65,222.35,222.4,88574,
2024-01-08 10:07:00+05:30,222.4,222.4,222.25,222.3,25934,
2024-01-08 10:08:00+05:30,222.3,222.55,222.25,222.25,93648,
2024-01-08 10:09:00+05:30,222.35,222.4,221.95,222,57432,
2024-01-08 10:10:00+05:30,222,222,221.5,221.8,101788,
2024-01-08 10:11:00+05:30,221.8,221.9,221.6,221.9,26794,
2024-01-08 10:12:00+05:30,221.75,221.85,221.55,221.7,41692,
2024-01-08 10:13:00+05:30,221.8,221.85,221.5,221.8,37456,
2024-01-08 10:14:00+05:30,221.8,221.9,221.6,221.9,33216,
2024-01-08 10:15:00+05:30,221.9,221.9,221.6,221.9,52470,
2024-01-08 10:16:00+05:30,221.9,221.9,221.7,221.75,38046,
2024-01-08 10:17:00+05:30,221.7,221.7,221.4,221.6,58202,
2024-01-08 10:18:00+05:30,221.6,221.6,221.5,221.5,28930,
2024-01-08 10:19:00+05:30,221.5,221.55,221.4,221.5,23676,
2024-01-08 10:20:00+05:30,221.2,221.2,220.9,221.2,144644,
2024-01-08 10:21:00+05:30,221.1,221.2,221.05,221.1,50788,
2024-01-08 10:22:00+05:30,221.1,221.1,220.55,220.85,94726,
2024-01-08 10:23:00+05:30,220.75,221.1,220.7,221,30910,
2024-01-08 10:24:00+05:30,221,221.1,220.85,220.9,38188,
2024-01-08 10:25:00+05:30,220.9,220.95,220.75,220.75,50320,
2024-01-08 10:26:00+05:30,220.9,221,220.75,220.85,11130,
2024-01-08 10:27:00+05:30,220.85,221.05,220.85,220.9,14296,
2024-01-08 10:28:00+05:30,221,221.2,220.85,221.15,42722,
2024-01-08 10:29:00+05:30,221.15,221.2,220.9,220.95,32902,
2024-01-08 10:30:00+05:30,221.1,221.2,220.9,221,45828,
2024-01-08 10:31:00+05:30,221.1,221.2,220.9,221.1,19724,
2024-01-08 10:32:00+05:30,221.1,221.3,221,221.2,39784,
2024-01-08 10:33:00+05:30,221.2,221.35,221,221.2,38062,
2024-01-08 10:34:00+05:30,221.2,221.3,221.1,221.2,19028,
2024-01-08 10:35:00+05:30,221.2,221.2,220.85,221.1,52032,
2024-01-08 10:36:00+05:30,221.1,221.2,220.9,221.1,10322,
2024-01-08 10:37:00+05:30,221.1,221.1,220.9,221.1,8048,
2024-01-08 10:38:00+05:30,220.95,221.1,220.85,220.95,35316,
2024-01-08 10:39:00+05:30,220.9,221,220.7,220.75,45256,
2024-01-08 10:40:00+05:30,220.85,220.9,220.65,220.85,15710,
2024-01-08 10:41:00+05:30,220.9,220.9,220.8,220.85,14206,
2024-01-08 10:42:00+05:30,220.85,220.85,220.65,220.75,20304,
2024-01-08 10:43:00+05:30,220.85,220.85,220.7,220.8,10340,
2024-01-08 10:44:00+05:30,220.8,221,220.8,221,11242,
2024-01-08 10:45:00+05:30,220.95,221,220.85,220.9,16608,
2024-01-08 10:46:00+05:30,220.9,220.95,220.75,220.9,17884,
2024-01-08 10:47:00+05:30,220.9,221,220.9,220.95,5530,
2024-01-08 10:48:00+05:30,220.95,221,220.9,221,7414,
2024-01-08 10:49:00+05:30,221,221.1,220.9,220.9,9688,
2024-01-08 10:50:00+05:30,221.05,221.35,220.9,221.3,31686,
2024-01-08 10:51:00+05:30,221.3,221.3,221.1,221.25,8004,
2024-01-08 10:52:00+05:30,221.25,221.3,220.9,220.9,65458,
2024-01-08 10:53:00+05:30,220.9,221.1,220.9,221.05,8570,
2024-01-08 10:54:00+05:30,221.05,221.1,220.95,221.05,5308,
2024-01-08 10:55:00+05:30,220.95,221.15,220.95,221.15,12498,
2024-01-08 10:56:00+05:30,221.2,221.25,221.05,221.05,11180,
2024-01-08 10:57:00+05:30,221.1,221.2,221,221.05,17758,
2024-01-08 10:58:00+05:30,221.05,221.2,221,221,18038,
2024-01-08 10:59:00+05:30,221,221.2,220.95,221.2,31934,
2024-01-08 11:00:00+05:30,221.05,221.25,221.05,221.2,6306,
2024-01-08 11:01:00+05:30,221.1,221.3,221.1,221.3,6252,
2024-01-08 11:02:00+05:30,221.15,221.5,221.1,221.45,64782,
2024-01-08 11:03:00+05:30,221.45,221.6,221.2,221.4,13698,
2024-01-08 11:04:00+05:30,221.4,221.4,221.25,221.4,14948,
2024-01-08 11:05:00+05:30,221.4,221.4,221.3,221.3,5470,
2024-01-08 11:06:00+05:30,221.3,221.4,220.85,220.85,39404,
2024-01-08 11:07:00+05:30,220.85,220.9,220.65,220.65,39838,
2024-01-08 11:08:00+05:30,220.65,220.75,220.55,220.55,26130,
2024-01-08 11:09:00+05:30,220.7,220.75,220.55,220.65,11866,
2024-01-08 11:10:00+05:30,220.6,220.75,220.45,220.65,37154,
2024-01-08 11:11:00+05:30,220.7,220.7,220.45,220.55,78492,
2024-01-08 11:12:00+05:30,220.55,220.55,220.45,220.55,32366,
2024-01-08 11:13:00+05:30,220.55,220.7,220.45,220.55,7448,
2024-01-08 11:14:00+05:30,220.6,220.8,220.45,220.8,51062,
2024-01-08 11:15:00+05:30,220.65,220.85,220.55,220.65,15396,
2024-01-08 11:16:00+05:30,220.55,220.65,219.95,220.15,70872,
2024-01-08 11:17:00+05:30,220.15,220.25,220.05,220.25,22156,
2024-01-08 11:18:00+05:30,220.25,220.4,220.15,220.25,12700,
2024-01-08 11:19:00+05:30,220.25,220.35,220.2,220.2,15894,
2024-01-08 11:20:00+05:30,220.2,220.35,220.15,220.25,29316,
2024-01-08 11:21:00+05:30,220.35,220.45,220.25,220.45,14702,
2024-01-08 11:22:00+05:30,220.45,220.55,220.25,220.55,12050,
2024-01-08 11:23:00+05:30,220.45,220.75,220.45,220.6,18526,
2024-01-08 11:24:00+05:30,220.6,220.75,220.5,220.5,16268,
2024-01-08 11:25:00+05:30,220.45,220.65,220.45,220.55,8456,
2024-01-08 11:26:00+05:30,220.65,220.65,220.45,220.5,11416,
2024-01-08 11:27:00+05:30,220.5,220.65,220.45,220.55,4904,
2024-01-08 11:28:00+05:30,220.55,220.65,220.55,220.65,6320,
2024-01-08 11:29:00+05:30,220.55,220.65,220.55,220.55,7716,
2024-01-08 11:30:00+05:30,220.55,220.65,220.55,220.65,3838,
2024-01-08 11:31:00+05:30,220.55,220.65,220.55,220.65,3278,
2024-01-08 11:32:00+05:30,220.65,220.65,220.55,220.6,11818,
2024-01-08 11:33:00+05:30,220.6,220.65,220.55,220.65,8974,
2024-01-08 11:34:00+05:30,220.65,220.85,220.65,220.75,10254,
2024-01-08 11:35:00+05:30,220.85,220.85,220.65,220.85,14472,
2024-01-08 11:36:00+05:30,220.85,220.85,220.75,220.75,21884,
2024-01-08 11:37:00+05:30,220.85,220.85,220.7,220.8,3684,
2024-01-08 11:38:00+05:30,220.75,220.85,220.7,220.8,9712,
2024-01-08 11:39:00+05:30,220.8,220.85,220.65,220.75,11536,
2024-01-08 11:40:00+05:30,220.65,220.8,220.5,220.6,46452,
2024-01-08 11:41:00+05:30,220.5,220.65,220.45,220.5,9846,
2024-01-08 11:42:00+05:30,220.55,220.55,220.35,220.45,4848,
2024-01-08 11:43:00+05:30,220.35,220.45,220.35,220.45,2472,
2024-01-08 11:44:00+05:30,220.45,220.55,220.35,220.55,10842,
2024-01-08 11:45:00+05:30,220.35,220.55,220.35,220.55,3144,
2024-01-08 11:46:00+05:30,220.55,220.55,220.3,220.3,30184,
2024-01-08 11:47:00+05:30,220.35,220.35,220.1,220.15,17268,
2024-01-08 11:48:00+05:30,220.15,220.35,220.15,220.35,10088,
2024-01-08 11:49:00+05:30,220.3,220.3,220.2,220.25,4548,
2024-01-08 11:50:00+05:30,220.25,220.25,220.05,220.1,36278,
2024-01-08 11:51:00+05:30,220.1,220.1,219.45,219.6,190256,
2024-01-08 11:52:00+05:30,219.6,219.65,219.55,219.65,27438,
2024-01-08 11:53:00+05:30,219.65,219.65,219.1,219.3,108560,
2024-01-08 11:54:00+05:30,219.3,219.3,218.7,219.1,104568,
2024-01-08 11:55:00+05:30,219.1,219.1,218.8,219.1,57910,
2024-01-08 11:56:00+05:30,219.1,219.6,219.05,219.6,106402,
2024-01-08 11:57:00+05:30,219.6,219.95,219.55,219.6,38466,
2024-01-08 11:58:00+05:30,219.75,219.75,219.55,219.75,24582,
2024-01-08 11:59:00+05:30,219.75,219.75,219.65,219.75,3990,
2024-01-08 12:00:00+05:30,219.8,220.45,219.75,220.45,157700,
2024-01-08 12:01:00+05:30,220.45,220.65,220.35,220.65,129248,
2024-01-08 12:02:00+05:30,220.65,221,220.65,220.8,77624,
2024-01-08 12:03:00+05:30,220.7,220.85,220.2,220.25,53460,
2024-01-08 12:04:00+05:30,220.25,220.4,220.2,220.25,17280,
2024-01-08 12:05:00+05:30,220.25,220.25,219.95,220.05,53816,
2024-01-08 12:06:00+05:30,220.05,220.2,219.95,220.2,1748,
2024-01-08 12:07:00+05:30,220.2,220.4,220.15,220.4,7124,
2024-01-08 12:08:00+05:30,220.4,220.4,220.25,220.35,1982,
2024-01-08 12:09:00+05:30,220.3,220.45,220.3,220.45,7738,
2024-01-08 12:10:00+05:30,220.55,220.65,220.3,220.3,49558,
2024-01-08 12:11:00+05:30,220.3,220.45,220.25,220.45,3176,
2024-01-08 12:12:00+05:30,220.3,220.55,220.25,220.55,34078,
2024-01-08 12:13:00+05:30,220.45,220.6,220.45,220.55,3848,
2024-01-08 12:14:00+05:30,220.55,220.6,220.45,220.5,9818,
2024-01-08 12:15:00+05:30,220.5,220.5,220.25,220.45,26524,
2024-01-08 12:16:00+05:30,220.45,220.6,220.45,220.6,13528,
2024-01-08 12:17:00+05:30,220.55,220.6,220.35,220.45,27798,
2024-01-08 12:18:00+05:30,220.35,220.5,220.3,220.5,9228,
2024-01-08 12:19:00+05:30,220.5,220.6,220.4,220.45,5486,
2024-01-08 12:20:00+05:30,220.55,220.55,220.35,220.4,20850,
2024-01-08 12:21:00+05:30,220.35,220.4,220.35,220.4,3786,
2024-01-08 12:22:00+05:30,220.4,220.7,220.35,220.7,69946,
2024-01-08 12:23:00+05:30,220.65,220.75,220.5,220.75,6506,
2024-01-08 12:24:00+05:30,220.75,220.8,220.65,220.8,6696,
2024-01-08 12:25:00+05:30,220.8,220.85,220.65,220.75,64898,
2024-01-08 12:26:00+05:30,220.85,220.85,220.65,220.65,7604,
2024-01-08 12:27:00+05:30,220.65,220.7,220.5,220.5,16396,
2024-01-08 12:28:00+05:30,220.5,220.55,220.45,220.45,1598,
2024-01-08 12:29:00+05:30,220.45,220.65,220.45,220.65,5238,
2024-01-08 12:30:00+05:30,220.65,220.65,220.45,220.45,2412,
2024-01-08 12:31:00+05:30,220.45,220.6,220.45,220.55,1592,
2024-01-08 12:32:00+05:30,220.6,220.75,220.55,220.75,7232,
2024-01-08 12:33:00+05:30,220.75,220.75,220.6,220.75,12452,
2024-01-08 12:34:00+05:30,220.75,220.8,220.75,220.8,2486,
2024-01-08 12:35:00+05:30,220.85,220.85,220.75,220.75,7744,
2024-01-08 12:36:00+05:30,220.75,220.75,220.55,220.75,27608,
2024-01-08 12:37:00+05:30,220.75,220.8,220.6,220.8,4568,
2024-01-08 12:38:00+05:30,220.8,220.85,220.75,220.85,9570,
2024-01-08 12:39:00+05:30,220.8,221,220.75,221,32774,
2024-01-08 12:40:00+05:30,220.95,221.05,220.9,221.05,60984,
2024-01-08 12:41:00+05:30,221.1,221.1,220.85,220.9,11220,
2024-01-08 12:42:00+05:30,220.85,220.9,220.75,220.9,28482,
2024-01-08 12:43:00+05:30,220.9,220.9,220.75,220.9,6638,
2024-01-08 12:44:00+05:30,220.85,220.85,220.65,220.65,14920,
2024-01-08 12:45:00+05:30,220.65,220.8,220.55,220.75,8656,
2024-01-08 12:46:00+05:30,220.75,220.75,220.5,220.55,3470,
2024-01-08 12:47:00+05:30,220.55,220.55,220.5,220.55,5126,
2024-01-08 12:48:00+05:30,220.55,220.55,220.25,220.55,20882,
2024-01-08 12:49:00+05:30,220.55,220.55,220.35,220.45,8702,
2024-01-08 12:50:00+05:30,220.45,220.55,220.35,220.45,3942,
2024-01-08 12:51:00+05:30,220.45,220.55,220.4,220.55,4420,
2024-01-08 12:52:00+05:30,220.55,220.85,220.55,220.8,17264,
2024-01-08 12:53:00+05:30,220.65,220.85,220.65,220.85,1960,
2024-01-08 12:54:00+05:30,220.85,220.85,220.8,220.85,2636,
2024-01-08 12:55:00+05:30,220.85,220.85,220.8,220.85,4388,
2024-01-08 12:56:00+05:30,220.85,220.85,220.8,220.85,5794,
2024-01-08 12:57:00+05:30,220.75,220.9,220.75,220.85,20346,
2024-01-08 12:58:00+05:30,220.8,220.85,220.55,220.75,8600,
2024-01-08 12:59:00+05:30,220.75,220.8,220.55,220.55,1196,
2024-01-08 13:00:00+05:30,220.55,220.9,220.55,220.75,5040,
2024-01-08 13:01:00+05:30,220.8,220.85,220.7,220.85,5170,
2024-01-08 13:02:00+05:30,220.85,220.85,220.65,220.75,2820,
2024-01-08 13:03:00+05:30,220.75,220.85,220.75,220.85,4186,
2024-01-08 13:04:00+05:30,220.85,220.85,220.8,220.85,2706,
2024-01-08 13:05:00+05:30,220.85,220.85,220.8,220.85,4436,
2024-01-08 13:06:00+05:30,220.85,220.85,220.8,220.85,5408,
2024-01-08 13:07:00+05:30,220.85,220.9,220.8,220.8,48296,
2024-01-08 13:08:00+05:30,220.85,220.85,220.75,220.85,3482,
2024-01-08 13:09:00+05:30,220.85,220.85,220.75,220.85,3814,
2024-01-08 13:10:00+05:30,220.85,220.85,220.7,220.85,2050,
2024-01-08 13:11:00+05:30,220.85,220.85,220.7,220.8,2920,
2024-01-08 13:12:00+05:30,220.8,220.85,220.75,220.75,4130,
2024-01-08 13:13:00+05:30,220.75,220.85,220.7,220.85,4298,
2024-01-08 13:14:00+05:30,220.85,220.9,220.75,220.9,19562,
2024-01-08 13:15:00+05:30,220.9,220.9,220.85,220.9,5464,
2024-01-08 13:16:00+05:30,220.85,221,220.85,221,7150,
2024-01-08 13:17:00+05:30,220.95,221,220.8,220.85,8914,
2024-01-08 13:18:00+05:30,220.85,220.95,220.8,220.85,3472,
2024-01-08 13:19:00+05:30,220.9,220.95,220.85,220.9,3340,
2024-01-08 13:20:00+05:30,220.9,221.05,220.9,221.05,18358,
2024-01-08 13:21:00+05:30,221.05,221.05,220.9,221.05,12058,
2024-01-08 13:22:00+05:30,221.05,221.05,220.9,221,5284,
2024-01-08 13:23:00+05:30,221,221.3,220.95,221.3,45436,
2024-01-08 13:24:00+05:30,221.3,221.3,221.2,221.3,11230,
2024-01-08 13:25:00+05:30,221.3,221.35,221.2,221.35,22604,
2024-01-08 13:26:00+05:30,221.35,221.6,221.3,221.5,25316,
2024-01-08 13:27:00+05:30,221.5,221.8,221.45,221.6,38074,
2024-01-08 13:28:00+05:30,221.6,221.7,221.6,221.7,5002,
2024-01-08 13:29:00+05:30,221.7,221.8,221.6,221.8,26530,
2024-01-08 13:30:00+05:30,221.8,221.95,221.7,221.95,35120,
2024-01-08 13:31:00+05:30,221.9,222,221.75,221.85,57130,
2024-01-08 13:32:00+05:30,221.8,221.85,221.7,221.8,19872,
2024-01-08 13:33:00+05:30,221.8,222.1,221.65,222.05,93802,
2024-01-08 13:34:00+05:30,222.05,222.1,221.95,222,17500,
2024-01-08 13:35:00+05:30,222,222,221.8,221.85,13910,
2024-01-08 13:36:00+05:30,221.85,221.9,221.7,221.9,14850,
2024-01-08 13:37:00+05:30,221.9,221.9,221.8,221.9,12224,
2024-01-08 13:38:00+05:30,221.85,221.9,221.8,221.8,6590,
2024-01-08 13:39:00+05:30,221.8,221.9,221.8,221.85,4312,
2024-01-08 13:40:00+05:30,221.85,221.9,221.75,221.9,18584,
2024-01-08 13:41:00+05:30,221.85,222,221.8,222,13322,
2024-01-08 13:42:00+05:30,222,222,221.85,221.9,5710,
2024-01-08 13:43:00+05:30,221.85,221.9,221.7,221.8,12512,
2024-01-08 13:44:00+05:30,221.8,221.8,221.6,221.75,22568,
2024-01-08 13:45:00+05:30,221.75,221.75,221.5,221.55,19770,
2024-01-08 13:46:00+05:30,221.55,222.05,221.5,222,53122,
2024-01-08 13:47:00+05:30,222.1,222.1,222,222,18986,
2024-01-08 13:48:00+05:30,222.05,222.05,221.95,222.05,7124,
2024-01-08 13:49:00+05:30,222,222.4,222,222.4,129714,
2024-01-08 13:50:00+05:30,222.4,222.4,222.2,222.3,31892,
2024-01-08 13:51:00+05:30,222.3,222.4,222.25,222.25,20356,
2024-01-08 13:52:00+05:30,222.3,222.3,222.1,222.15,15076,
2024-01-08 13:53:00+05:30,222.15,222.15,222.1,222.1,52764,
2024-01-08 13:54:00+05:30,222.1,222.25,222.1,222.15,25798,
2024-01-08 13:55:00+05:30,222.1,222.2,222.1,222.1,4616,
2024-01-08 13:56:00+05:30,222.1,222.1,222.1,222.1,3912,
2024-01-08 13:57:00+05:30,222.1,222.1,221.8,221.9,36682,
2024-01-08 13:58:00+05:30,221.9,221.9,221.7,221.85,31950,
2024-01-08 13:59:00+05:30,221.8,222,221.8,221.9,15578,
2024-01-08 14:00:00+05:30,221.9,222.1,221.75,221.9,13686,
2024-01-08 14:01:00+05:30,221.8,221.9,221.75,221.8,4190,
2024-01-08 14:02:00+05:30,221.85,221.85,221.75,221.75,4494,
2024-01-08 14:03:00+05:30,221.75,221.8,221.7,221.75,7168,
2024-01-08 14:04:00+05:30,221.7,221.75,221.65,221.7,5140,
2024-01-08 14:05:00+05:30,221.65,221.7,221.55,221.6,8336,
2024-01-08 14:06:00+05:30,221.6,221.7,221.55,221.7,13978,
2024-01-08 14:07:00+05:30,221.65,221.75,221.6,221.6,48536,
2024-01-08 14:08:00+05:30,221.6,221.65,221.5,221.65,18098,
2024-01-08 14:09:00+05:30,221.65,221.65,221.3,221.4,31286,
2024-01-08 14:10:00+05:30,221.2,221.55,221.2,221.5,45212,
2024-01-08 14:11:00+05:30,221.5,221.5,221.3,221.3,112170,
2024-01-08 14:12:00+05:30,221.3,221.45,221.2,221.4,6866,
2024-01-08 14:13:00+05:30,221.4,221.4,221.2,221.4,3892,
2024-01-08 14:14:00+05:30,221.4,221.45,221.3,221.35,11430,
2024-01-08 14:15:00+05:30,221.45,221.6,221.4,221.4,11112,
2024-01-08 14:16:00+05:30,221.4,221.5,221.3,221.4,8792,
2024-01-08 14:17:00+05:30,221.4,221.5,221.35,221.4,18728,
2024-01-08 14:18:00+05:30,221.4,221.4,221.3,221.4,15796,
2024-01-08 14:19:00+05:30,221.4,221.4,221.35,221.35,4960,
2024-01-08 14:20:00+05:30,221.4,221.4,221.35,221.4,4936,
2024-01-08 14:21:00+05:30,221.4,221.4,221.4,221.4,3268,
2024-01-08 14:22:00+05:30,221.4,221.4,221.4,221.4,4026,
2024-01-08 14:23:00+05:30,221.4,221.4,221.1,221.2,107002,
2024-01-08 14:24:00+05:30,221.2,221.2,220.9,221,36376,
2024-01-08 14:25:00+05:30,220.9,221,220.9,220.9,115688,
2024-01-08 14:26:00+05:30,220.9,221,220.8,220.9,27384,
2024-01-08 14:27:00+05:30,220.9,220.95,220.65,220.95,39810,
2024-01-08 14:28:00+05:30,220.9,221,220.85,221,23026,
2024-01-08 14:29:00+05:30,220.9,221,220.75,220.85,12018,
2024-01-08 14:30:00+05:30,220.85,220.95,220.8,220.9,17960,
2024-01-08 14:31:00+05:30,220.9,221,220.75,220.8,92914,
2024-01-08 14:32:00+05:30,220.9,220.9,220.8,220.85,12044,
2024-01-08 14:33:00+05:30,220.9,220.9,220.75,220.9,52350,
2024-01-08 14:34:00+05:30,220.85,220.85,220.65,220.65,7912,
2024-01-08 14:35:00+05:30,220.65,220.8,220.55,220.7,11552,
2024-01-08 14:36:00+05:30,220.65,220.75,220.55,220.65,12134,
2024-01-08 14:37:00+05:30,220.65,220.8,220.55,220.55,42616,
2024-01-08 14:38:00+05:30,220.55,220.65,220.55,220.55,3710,
2024-01-08 14:39:00+05:30,220.55,220.9,220.55,220.9,25496,
2024-01-08 14:40:00+05:30,220.9,220.9,220.65,220.7,11662,
2024-01-08 14:41:00+05:30,220.85,220.85,220.65,220.75,5082,
2024-01-08 14:42:00+05:30,220.8,220.85,220.7,220.75,45144,
2024-01-08 14:43:00+05:30,220.75,221,220.7,220.85,20506,
2024-01-08 14:44:00+05:30,220.75,220.85,220.75,220.75,9010,
2024-01-08 14:45:00+05:30,220.75,220.85,220.75,220.75,4126,
2024-01-08 14:46:00+05:30,220.75,220.85,220.75,220.75,5668,
2024-01-08 14:47:00+05:30,220.75,220.8,220.7,220.7,6556,
2024-01-08 14:48:00+05:30,220.7,220.75,220.6,220.7,24140,
2024-01-08 14:49:00+05:30,220.7,220.7,220.55,220.7,26786,
2024-01-08 14:50:00+05:30,220.65,220.75,220.65,220.7,39976,
2024-01-08 14:51:00+05:30,220.7,220.7,220.65,220.7,9112,
2024-01-08 14:52:00+05:30,220.65,220.7,220.65,220.65,15272,
2024-01-08 14:53:00+05:30,220.7,220.7,220.65,220.65,3950,
2024-01-08 14:54:00+05:30,220.65,220.65,220.55,220.55,7708,
2024-01-08 14:55:00+05:30,220.55,220.65,220.25,220.4,69494,
2024-01-08 14:56:00+05:30,220.45,220.65,220.35,220.55,28562,
2024-01-08 14:57:00+05:30,220.55,220.65,220.45,220.5,15892,
2024-01-08 14:58:00+05:30,220.45,220.5,220.4,220.4,3276,
2024-01-08 14:59:00+05:30,220.4,220.45,220.4,220.4,7190,
2024-01-08 15:00:00+05:30,220.4,220.55,220.4,220.4,96154,
2024-01-08 15:01:00+05:30,220.45,220.45,220.2,220.25,23018,
2024-01-08 15:02:00+05:30,220.25,220.35,220.2,220.25,11356,
2024-01-08 15:03:00+05:30,220.25,220.4,220.25,220.35,25052,
2024-01-08 15:04:00+05:30,220.35,220.45,220.3,220.45,44462,
2024-01-08 15:05:00+05:30,220.45,220.45,220.35,220.35,13996,
2024-01-08 15:06:00+05:30,220.35,220.35,220.2,220.25,30186,
2024-01-08 15:07:00+05:30,220.25,220.4,220.2,220.35,28352,
2024-01-08 15:08:00+05:30,220.4,220.45,220.35,220.45,10760,
2024-01-08 15:09:00+05:30,220.4,220.85,220.4,220.85,85462,
2024-01-08 15:10:00+05:30,220.8,220.85,220.55,220.65,84340,
2024-01-08 15:11:00+05:30,220.8,220.8,220.4,220.45,21354,
2024-01-08 15:12:00+05:30,220.45,220.45,220.35,220.4,11768,
2024-01-08 15:13:00+05:30,220.4,220.45,220.35,220.35,15420,
2024-01-08 15:14:00+05:30,220.35,220.45,220.35,220.45,40414,
2024-01-08 15:15:00+05:30,220.45,220.55,220.4,220.45,47646,
2024-01-08 15:16:00+05:30,220.4,220.45,220.2,220.25,44338,
2024-01-08 15:17:00+05:30,220.3,220.45,220.2,220.45,35258,
2024-01-08 15:18:00+05:30,220.45,220.45,220.25,220.35,73242,
2024-01-08 15:19:00+05:30,220.3,220.45,220.25,220.45,29286,
2024-01-08 15:20:00+05:30,220.45,220.65,220.35,220.45,234124,
2024-01-08 15:21:00+05:30,220.45,220.55,220.4,220.45,121998,
2024-01-08 15:22:00+05:30,220.45,220.45,220.45,220.45,16954,
2024-01-08 15:23:00+05:30,220.45,220.55,220.45,220.45,25854,
2024-01-08 15:24:00+05:30,220.45,220.45,220.25,220.25,37708,
2024-01-08 15:25:00+05:30,220.25,220.4,220.25,220.35,25976,
2024-01-08 15:26:00+05:30,220.35,220.45,220.35,220.45,36852,
2024-01-08 15:27:00+05:30,220.45,220.65,220.4,220.5,60102,
2024-01-08 15:28:00+05:30,220.5,220.65,220.4,220.45,35916,
2024-01-08 15:29:00+05:30,220.45,220.7,220.35,220.35,152676,
2024-01-09 09:15:00+05:30,222.85,223.55,222.85,223.45,130978,
2024-01-09 09:16:00+05:30,223.55,223.75,223.15,223.65,146712,
2024-01-09 09:17:00+05:30,223.75,223.75,222.65,222.65,106968,
2024-01-09 09:18:00+05:30,222.75,223,222.4,222.65,146430,
2024-01-09 09:19:00+05:30,222.65,222.7,222.4,222.65,74510,
2024-01-09 09:20:00+05:30,222.65,222.65,222.3,222.6,66164,
2024-01-09 09:21:00+05:30,222.6,222.6,222.3,222.45,187248,
2024-01-09 09:22:00+05:30,222.55,222.55,222.05,222.15,34828,
2024-01-09 09:23:00+05:30,222.1,222.2,221.9,222.1,46856,
2024-01-09 09:24:00+05:30,222.1,222.3,222.05,222.3,36548,
2024-01-09 09:25:00+05:30,222.2,222.3,222.05,222.05,40080,
2024-01-09 09:26:00+05:30,222.15,222.2,221.9,221.9,30718,
2024-01-09 09:27:00+05:30,221.9,222.1,221.9,222.05,29386,
2024-01-09 09:28:00+05:30,222.05,222.25,221.95,222.1,34838,
2024-01-09 09:29:00+05:30,222.1,222.1,221.8,221.9,18268,
2024-01-09 09:30:00+05:30,221.9,222.2,221.9,222.1,57116,
2024-01-09 09:31:00+05:30,222.1,222.25,222.05,222.1,37858,
2024-01-09 09:32:00+05:30,222.1,222.2,222.05,222.2,39846,
2024-01-09 09:33:00+05:30,222.2,222.2,222.05,222.2,33174,
2024-01-09 09:34:00+05:30,222.15,222.2,221.9,222,30374,
2024-01-09 09:35:00+05:30,222,222.1,221.9,222.05,11638,
2024-01-09 09:36:00+05:30,222,222.05,221.85,221.9,17192,
2024-01-09 09:37:00+05:30,221.9,222,221.85,221.95,37202,
2024-01-09 09:38:00+05:30,221.9,222.1,221.9,222.05,35456,
2024-01-09 09:39:00+05:30,222.05,222.05,221.65,221.7,31206,
2024-01-09 09:40:00+05:30,221.8,221.9,221.7,221.8,51514,
2024-01-09 09:41:00+05:30,221.9,221.9,221.8,221.8,21990,
2024-01-09 09:42:00+05:30,221.8,221.8,221.65,221.8,46774,
2024-01-09 09:43:00+05:30,221.85,222,221.7,221.7,59744,
2024-01-09 09:44:00+05:30,221.7,221.7,221.5,221.55,43878,
2024-01-09 09:45:00+05:30,221.55,221.55,221.3,221.45,41476,
2024-01-09 09:46:00+05:30,221.45,221.55,221.3,221.3,44178,
2024-01-09 09:47:00+05:30,221.3,221.35,220.9,221.2,96418,
2024-01-09 09:48:00+05:30,221.25,221.3,221,221.25,43678,
2024-01-09 09:49:00+05:30,221.3,221.4,221.25,221.4,24116,
2024-01-09 09:50:00+05:30,221.4,221.6,221.4,221.55,27888,
2024-01-09 09:51:00+05:30,221.55,221.65,221.5,221.6,36956,
2024-01-09 09:52:00+05:30,221.6,221.65,221.25,221.3,27760,
2024-01-09 09:53:00+05:30,221.3,221.7,221.3,221.7,33572,
2024-01-09 09:54:00+05:30,221.65,221.85,221.6,221.8,30328,
2024-01-09 09:55:00+05:30,221.8,221.85,221.75,221.8,20570,
2024-01-09 09:56:00+05:30,221.8,221.8,221.6,221.65,13080,
2024-01-09 09:57:00+05:30,221.65,221.7,221.5,221.6,23406,
2024-01-09 09:58:00+05:30,221.6,221.6,221.5,221.6,16710,
2024-01-09 09:59:00+05:30,221.6,221.6,221.4,221.5,448602,
2024-01-09 10:00:00+05:30,221.6,221.6,221.3,221.3,23842,
2024-01-09 10:01:00+05:30,221.4,221.4,221.1,221.3,22492,
2024-01-09 10:02:00+05:30,221.4,221.4,221.2,221.3,6032,
2024-01-09 10:03:00+05:30,221.3,221.4,221.15,221.15,16320,
2024-01-09 10:04:00+05:30,221.2,221.25,221.1,221.15,11812,
2024-01-09 10:05:00+05:30,221.1,221.2,221.1,221.15,13880,
2024-01-09 10:06:00+05:30,221.15,221.2,221.05,221.2,19724,
2024-01-09 10:07:00+05:30,221.15,221.2,220.9,221,20074,
2024-01-09 10:08:00+05:30,221.1,221.1,220.75,220.8,28714,
2024-01-09 10:09:00+05:30,220.85,220.9,220.75,220.9,46496,
2024-01-09 10:10:00+05:30,220.9,221.15,220.9,221.1,456534,
2024-01-09 10:11:00+05:30,221.2,221.55,221.15,221.55,40190,
2024-01-09 10:12:00+05:30,221.55,221.7,221.5,221.6,16714,
2024-01-09 10:13:00+05:30,221.6,221.8,221.6,221.7,5882,
2024-01-09 10:14:00+05:30,221.7,221.8,221.7,221.8,7396,
2024-01-09 10:15:00+05:30,221.7,221.8,221.35,221.5,39948,
2024-01-09 10:16:00+05:30,221.45,221.6,221.45,221.55,1960,
2024-01-09 10:17:00+05:30,221.55,221.65,221.5,221.6,670,
2024-01-09 10:18:00+05:30,221.65,221.8,221.6,221.75,10022,
2024-01-09 10:19:00+05:30,221.7,221.85,221.7,221.8,11256,
2024-01-09 10:20:00+05:30,221.8,222.15,221.8,222.1,40124,
2024-01-09 10:21:00+05:30,222.15,222.15,222,222.05,16862,
2024-01-09 10:22:00+05:30,222.05,222.15,222.05,222.1,24604,
2024-01-09 10:23:00+05:30,222.1,222.35,222.1,222.3,24448,
2024-01-09 10:24:00+05:30,222.4,222.4,222.3,222.3,23382,
2024-01-09 10:25:00+05:30,222.3,222.4,222.3,222.3,14014,
2024-01-09 10:26:00+05:30,222.3,222.45,222.25,222.45,53218,
2024-01-09 10:27:00+05:30,222.45,222.55,222.4,222.55,54734,
2024-01-09 10:28:00+05:30,222.55,222.55,222.45,222.55,8238,
2024-01-09 10:29:00+05:30,222.55,222.55,222.45,222.55,16856,
2024-01-09 10:30:00+05:30,222.55,222.55,222.45,222.45,10370,
2024-01-09 10:31:00+05:30,222.45,222.55,222.45,222.5,11174,
2024-01-09 10:32:00+05:30,222.5,222.5,222.4,222.45,18410,
2024-01-09 10:33:00+05:30,222.45,222.45,222.4,222.4,6628,
2024-01-09 10:34:00+05:30,222.45,222.45,222.4,222.4,10658,
2024-01-09 10:35:00+05:30,222.45,222.45,222,222.2,43114,
2024-01-09 10:36:00+05:30,222.2,222.2,221.9,222.2,23900,
2024-01-09 10:37:00+05:30,222.2,222.3,222.2,222.2,8092,
2024-01-09 10:38:00+05:30,222.2,222.25,222.2,222.25,5028,
2024-01-09 10:39:00+05:30,222.25,222.45,222.2,222.3,37836,
2024-01-09 10:40:00+05:30,222.4,222.45,222.3,222.45,20688,
2024-01-09 10:41:00+05:30,222.45,222.45,222.4,222.4,5966,
2024-01-09 10:42:00+05:30,222.45,222.45,222.4,222.45,12038,
2024-01-09 10:43:00+05:30,222.45,222.6,222.45,222.55,73390,
2024-01-09 10:44:00+05:30,222.6,222.75,222.55,222.65,55124,
2024-01-09 10:45:00+05:30,222.65,222.75,222.65,222.75,15640,
2024-01-09 10:46:00+05:30,222.65,222.8,222.65,222.75,37204,
2024-01-09 10:47:00+05:30,222.65,222.75,222.6,222.7,6702,
2024-01-09 10:48:00+05:30,222.7,222.7,222.65,222.65,3284,
2024-01-09 10:49:00+05:30,222.65,222.65,222.55,222.55,11102,
2024-01-09 10:50:00+05:30,222.55,222.65,222.5,222.55,7086,
2024-01-09 10:51:00+05:30,222.55,222.55,222.5,222.5,7778,
2024-01-09 10:52:00+05:30,222.55,222.55,222.45,222.55,11878,
2024-01-09 10:53:00+05:30,222.55,222.55,222.35,222.4,35034,
2024-01-09 10:54:00+05:30,222.4,222.4,222.25,222.35,11370,
2024-01-09 10:55:00+05:30,222.35,222.35,222.25,222.25,36082,
2024-01-09 10:56:00+05:30,222.3,222.3,222.2,222.2,8922,
2024-01-09 10:57:00+05:30,222.25,222.25,222,222,18348,
2024-01-09 10:58:00+05:30,222.1,222.1,221.7,222,25158,
2024-01-09 10:59:00+05:30,222,222.05,221.9,222,13160,
2024-01-09 11:00:00+05:30,222,222.1,222,222.1,2496,
2024-01-09 11:01:00+05:30,222.1,222.2,222.1,222.2,21456,
2024-01-09 11:02:00+05:30,222.2,222.25,222.2,222.2,4528,
2024-01-09 11:03:00+05:30,222.2,222.3,222.2,222.3,8962,
2024-01-09 11:04:00+05:30,222.2,222.2,222.15,222.2,18762,
2024-01-09 11:05:00+05:30,222.2,222.2,222.1,222.1,10798,
2024-01-09 11:06:00+05:30,222.1,222.1,222.05,222.1,3372,
2024-01-09 11:07:00+05:30,222.05,222.1,222.05,222.1,4954,
2024-01-09 11:08:00+05:30,222.1,222.2,222.05,222.2,7606,
2024-01-09 11:09:00+05:30,222.2,222.2,222.2,222.2,4996,
2024-01-09 11:10:00+05:30,222.2,222.2,222.1,222.2,19220,
2024-01-09 11:11:00+05:30,222.2,222.2,222,222,10806,
2024-01-09 11:12:00+05:30,222,222.15,222,222.05,424166,
2024-01-09 11:13:00+05:30,222,222.1,221.9,222,18324,
2024-01-09 11:14:00+05:30,222,222.1,222,222,2058,
2024-01-09 11:15:00+05:30,222,222.15,222,222.15,123992,
2024-01-09 11:16:00+05:30,222.15,222.2,222.15,222.15,12420,
2024-01-09 11:17:00+05:30,222.2,222.35,222.15,222.35,9070,
2024-01-09 11:18:00+05:30,222.35,222.4,222.3,222.3,5052,
2024-01-09 11:19:00+05:30,222.3,222.4,222.3,222.4,13586,
2024-01-09 11:20:00+05:30,222.4,222.4,222.3,222.35,39630,
2024-01-09 11:21:00+05:30,222.3,222.4,222.3,222.3,6386,
2024-01-09 11:22:00+05:30,222.35,222.45,222.3,222.4,14814,
2024-01-09 11:23:00+05:30,222.45,222.5,222.4,222.4,15072,
2024-01-09 11:24:00+05:30,222.4,222.55,222.4,222.5,11164,
2024-01-09 11:25:00+05:30,222.55,222.55,222.45,222.5,21252,
2024-01-09 11:26:00+05:30,222.5,222.65,222.5,222.65,19982,
2024-01-09 11:27:00+05:30,222.65,222.75,222.6,222.65,20380,
2024-01-09 11:28:00+05:30,222.75,222.95,222.75,222.95,229078,
2024-01-09 11:29:00+05:30,222.95,223.05,222.85,222.95,34896,
2024-01-09 11:30:00+05:30,222.95,223.15,222.95,223.1,57624,
2024-01-09 11:31:00+05:30,223.05,223.15,222.95,222.95,18844,
2024-01-09 11:32:00+05:30,222.95,223,222.75,222.85,27756,
2024-01-09 11:33:00+05:30,222.75,222.85,222.75,222.85,7446,
2024-01-09 11:34:00+05:30,222.85,223.05,222.85,222.85,29872,
2024-01-09 11:35:00+05:30,222.85,222.85,222.7,222.8,16666,
2024-01-09 11:36:00+05:30,222.7,222.85,222.7,222.7,12028,
2024-01-09 11:37:00+05:30,222.65,222.75,222.65,222.65,7280,
2024-01-09 11:38:00+05:30,222.65,222.75,222.65,222.7,8560,
2024-01-09 11:39:00+05:30,222.7,222.85,222.7,222.8,7334,
2024-01-09 11:40:00+05:30,222.8,222.85,222.75,222.85,8550,
2024-01-09 11:41:00+05:30,222.85,222.85,222.75,222.8,14056,
2024-01-09 11:42:00+05:30,222.8,222.85,222.8,222.85,6286,
2024-01-09 11:43:00+05:30,222.85,222.95,222.85,222.85,21412,
2024-01-09 11:44:00+05:30,222.85,222.95,222.85,222.85,8820,
2024-01-09 11:45:00+05:30,222.85,222.95,222.85,222.85,11650,
2024-01-09 11:46:00+05:30,222.85,222.95,222.85,222.95,15810,
2024-01-09 11:47:00+05:30,222.95,222.95,222.9,222.9,9106,
2024-01-09 11:48:00+05:30,222.9,222.95,222.85,222.85,16078,
2024-01-09 11:49:00+05:30,222.85,222.9,222.55,222.75,19564,
2024-01-09 11:50:00+05:30,222.75,222.75,222.7,222.75,3698,
2024-01-09 11:51:00+05:30,222.75,222.75,222.65,222.65,13104,
2024-01-09 11:52:00+05:30,222.75,222.75,222.45,222.6,23510,
2024-01-09 11:53:00+05:30,222.6,222.65,222.55,222.6,2294,
2024-01-09 11:54:00+05:30,222.6,222.65,222.55,222.55,1396,
2024-01-09 11:55:00+05:30,222.6,222.65,222.55,222.65,15052,
2024-01-09 11:56:00+05:30,222.65,222.75,222.6,222.7,6888,
2024-01-09 11:57:00+05:30,222.7,222.75,222.7,222.75,6844,
2024-01-09 11:58:00+05:30,222.75,222.85,222.75,222.75,11580,
2024-01-09 11:59:00+05:30,222.85,222.85,222.85,222.85,11248,
2024-01-09 12:00:00+05:30,222.85,222.85,222.8,222.85,4784,
2024-01-09 12:01:00+05:30,222.85,222.85,222.85,222.85,7566,
2024-01-09 12:02:00+05:30,222.85,222.85,222.85,222.85,10898,
2024-01-09 12:03:00+05:30,222.85,222.9,222.85,222.85,27294,
2024-01-09 12:04:00+05:30,222.85,222.9,222.85,222.85,18174,
2024-01-09 12:05:00+05:30,222.9,222.9,222.85,222.85,3932,
2024-01-09 12:06:00+05:30,222.85,222.85,222.75,222.85,29038,
2024-01-09 12:07:00+05:30,222.85,222.85,222.75,222.75,6458,
2024-01-09 12:08:00+05:30,222.75,222.8,222.75,222.75,5922,
2024-01-09 12:09:00+05:30,222.8,222.85,222.75,222.75,8098,
2024-01-09 12:10:00+05:30,222.75,222.75,222.65,222.65,9796,
2024-01-09 12:11:00+05:30,222.65,222.7,222.65,222.65,4362,
2024-01-09 12:12:00+05:30,222.65,222.7,222.65,222.65,6970,
2024-01-09 12:13:00+05:30,222.65,222.7,222.65,222.65,2348,
2024-01-09 12:14:00+05:30,222.65,222.75,222.65,222.65,10858,
2024-01-09 12:15:00+05:30,222.65,222.65,222.65,222.65,2554,
2024-01-09 12:16:00+05:30,222.65,222.7,222.65,222.65,11728,
2024-01-09 12:17:00+05:30,222.65,222.65,222.65,222.65,6368,
2024-01-09 12:18:00+05:30,222.65,222.85,222.65,222.8,13368,
2024-01-09 12:19:00+05:30,222.85,222.85,222.8,222.8,5246,
2024-01-09 12:20:00+05:30,222.8,222.85,222.75,222.75,17254,
2024-01-09 12:21:00+05:30,222.75,222.8,222.75,222.75,6456,
2024-01-09 12:22:00+05:30,222.75,222.8,222.7,222.75,11924,
2024-01-09 12:23:00+05:30,222.75,222.8,222.7,222.7,6228,
2024-01-09 12:24:00+05:30,222.7,222.75,222.65,222.75,5674,
2024-01-09 12:25:00+05:30,222.65,222.8,222.65,222.75,10648,
2024-01-09 12:26:00+05:30,222.7,222.75,222.7,222.7,7284,
2024-01-09 12:27:00+05:30,222.7,222.75,222.7,222.75,1054,
2024-01-09 12:28:00+05:30,222.75,222.75,222.7,222.75,9370,
2024-01-09 12:29:00+05:30,222.75,222.8,222.75,222.75,14494,
2024-01-09 12:30:00+05:30,222.75,222.8,222.75,222.75,10608,
2024-01-09 12:31:00+05:30,222.75,222.8,222.75,222.8,8408,
2024-01-09 12:32:00+05:30,222.8,222.8,222.75,222.75,15150,
2024-01-09 12:33:00+05:30,222.8,222.8,222.75,222.8,12340,
2024-01-09 12:34:00+05:30,222.75,222.8,222.75,222.8,10376,
2024-01-09 12:35:00+05:30,222.75,222.85,222.75,222.85,27788,
2024-01-09 12:36:00+05:30,222.85,222.95,222.75,222.95,94434,
2024-01-09 12:37:00+05:30,222.95,222.95,222.95,222.95,21584,
2024-01-09 12:38:00+05:30,222.95,222.95,222.85,222.95,18856,
2024-01-09 12:39:00+05:30,222.95,222.95,222.75,222.75,23606,
2024-01-09 12:40:00+05:30,222.75,222.9,222.75,222.85,5582,
2024-01-09 12:41:00+05:30,222.85,222.9,222.85,222.85,5396,
2024-01-09 12:42:00+05:30,222.85,222.85,222.8,222.8,27614,
2024-01-09 12:43:00+05:30,222.85,222.85,222.8,222.8,4076,
2024-01-09 12:44:00+05:30,222.8,222.85,222.8,222.85,8270,
2024-01-09 12:45:00+05:30,222.85,222.85,222.8,222.8,19630,
2024-01-09 12:46:00+05:30,222.8,222.85,222.8,222.85,9168,
2024-01-09 12:47:00+05:30,222.85,222.85,222.65,222.75,28402,
2024-01-09 12:48:00+05:30,222.75,222.8,222.65,222.75,6614,
2024-01-09 12:49:00+05:30,222.75,222.85,222.75,222.75,6696,
2024-01-09 12:50:00+05:30,222.7,222.85,222.65,222.85,44100,
2024-01-09 12:51:00+05:30,222.75,222.85,222.75,222.85,8218,
2024-01-09 12:52:00+05:30,222.85,222.85,222.85,222.85,2140,
2024-01-09 12:53:00+05:30,222.85,222.85,222.85,222.85,4384,
2024-01-09 12:54:00+05:30,222.85,222.85,222.85,222.85,8950,
2024-01-09 12:55:00+05:30,222.85,222.9,222.85,222.85,6066,
2024-01-09 12:56:00+05:30,222.85,222.9,222.85,222.85,9318,
2024-01-09 12:57:00+05:30,222.85,223,222.85,223,34846,
2024-01-09 12:58:00+05:30,223,223.35,223,223.3,96612,
2024-01-09 12:59:00+05:30,223.25,223.35,223.15,223.15,25488,
2024-01-09 13:00:00+05:30,223.25,223.35,223.15,223.25,34314,
2024-01-09 13:01:00+05:30,223.35,223.5,223.25,223.25,84930,
2024-01-09 13:02:00+05:30,223.25,223.45,223.25,223.45,24686,
2024-01-09 13:03:00+05:30,223.45,223.55,223.45,223.45,25564,
2024-01-09 13:04:00+05:30,223.45,223.55,223.45,223.45,15706,
2024-01-09 13:05:00+05:30,223.45,223.45,223.3,223.35,17292,
2024-01-09 13:06:00+05:30,223.3,223.35,223.25,223.35,13360,
2024-01-09 13:07:00+05:30,223.25,223.45,223.25,223.3,23178,
2024-01-09 13:08:00+05:30,223.3,223.35,223.25,223.35,12112,
2024-01-09 13:09:00+05:30,223.35,223.45,223.35,223.35,7068,
2024-01-09 13:10:00+05:30,223.45,223.45,223.25,223.25,23086,
2024-01-09 13:11:00+05:30,223.25,223.35,223.25,223.25,5036,
2024-01-09 13:12:00+05:30,223.25,223.35,223.2,223.25,29200,
2024-01-09 13:13:00+05:30,223.35,223.5,223.25,223.4,51624,
2024-01-09 13:14:00+05:30,223.4,223.45,223.35,223.35,7392,
2024-01-09 13:15:00+05:30,223.35,223.45,223.35,223.45,8184,
2024-01-09 13:16:00+05:30,223.35,223.45,223.35,223.4,11522,
2024-01-09 13:17:00+05:30,223.4,223.45,223.35,223.35,9804,
2024-01-09 13:18:00+05:30,223.35,223.45,223.35,223.4,14966,
2024-01-09 13:19:00+05:30,223.4,223.55,223.4,223.55,18728,
2024-01-09 13:20:00+05:30,223.55,223.55,223.45,223.45,12284,
2024-01-09 13:21:00+05:30,223.45,223.5,223.4,223.45,13574,
2024-01-09 13:22:00+05:30,223.45,223.65,223.45,223.6,74896,
2024-01-09 13:23:00+05:30,223.65,223.65,223.35,223.35,15506,
2024-01-09 13:24:00+05:30,223.35,223.55,223.35,223.4,5666,
2024-01-09 13:25:00+05:30,223.45,223.55,223.35,223.5,8918,
2024-01-09 13:26:00+05:30,223.5,223.55,223.45,223.45,10176,
2024-01-09 13:27:00+05:30,223.55,223.6,223.45,223.55,15586,
2024-01-09 13:28:00+05:30,223.55,223.6,223.55,223.55,17758,
2024-01-09 13:29:00+05:30,223.55,223.65,223.5,223.6,31738,
2024-01-09 13:30:00+05:30,223.65,223.65,223.6,223.65,12894,
2024-01-09 13:31:00+05:30,223.65,223.85,223.65,223.8,25494,
2024-01-09 13:32:00+05:30,223.8,223.85,223.55,223.55,17778,
2024-01-09 13:33:00+05:30,223.55,223.6,223.55,223.55,5532,
2024-01-09 13:34:00+05:30,223.55,224,223.55,223.95,191324,
2024-01-09 13:35:00+05:30,224,224.25,224,224,97030,
2024-01-09 13:36:00+05:30,224,224.15,223.95,224.05,19050,
2024-01-09 13:37:00+05:30,224.1,224.3,224,224.2,106948,
2024-01-09 13:38:00+05:30,224.15,224.3,224.15,224.2,51462,
2024-01-09 13:39:00+05:30,224.1,224.3,224.05,224.2,57512,
2024-01-09 13:40:00+05:30,224.25,224.4,224.25,224.3,107866,
2024-01-09 13:41:00+05:30,224.35,224.4,224.3,224.3,20830,
2024-01-09 13:42:00+05:30,224.4,224.7,224.3,224.6,91200,
2024-01-09 13:43:00+05:30,224.5,224.6,224.4,224.4,31634,
2024-01-09 13:44:00+05:30,224.4,224.55,224.4,224.45,38978,
2024-01-09 13:45:00+05:30,224.45,224.5,224.3,224.35,54242,
2024-01-09 13:46:00+05:30,224.4,224.45,224.2,224.2,46472,
2024-01-09 13:47:00+05:30,224.3,224.3,224.2,224.2,16252,
2024-01-09 13:48:00+05:30,224.2,224.2,224,224,46384,
2024-01-09 13:49:00+05:30,224,224,223.8,223.85,166738,
2024-01-09 13:50:00+05:30,223.85,223.85,223.8,223.85,16442,
2024-01-09 13:51:00+05:30,223.85,223.85,223.45,223.45,84164,
2024-01-09 13:52:00+05:30,223.6,223.7,223.55,223.55,16858,
2024-01-09 13:53:00+05:30,223.65,223.75,223.55,223.65,15588,
2024-01-09 13:54:00+05:30,223.75,223.75,223.7,223.75,128790,
2024-01-09 13:55:00+05:30,223.75,223.85,223.65,223.65,30140,
2024-01-09 13:56:00+05:30,223.75,223.75,223.55,223.65,39778,
2024-01-09 13:57:00+05:30,223.65,223.75,223.65,223.75,14734,
2024-01-09 13:58:00+05:30,223.75,223.8,223.65,223.75,21252,
2024-01-09 13:59:00+05:30,223.75,223.75,223.5,223.55,29312,
2024-01-09 14:00:00+05:30,223.55,223.65,223.4,223.55,31336,
2024-01-09 14:01:00+05:30,223.55,223.55,223.5,223.55,53208,
2024-01-09 14:02:00+05:30,223.6,223.85,223.55,223.8,20174,
2024-01-09 14:03:00+05:30,223.85,223.85,223.7,223.75,25358,
2024-01-09 14:04:00+05:30,223.75,223.75,223.75,223.75,5880,
2024-01-09 14:05:00+05:30,223.75,223.75,223.7,223.75,12012,
2024-01-09 14:06:00+05:30,223.75,223.8,223.65,223.7,22630,
2024-01-09 14:07:00+05:30,223.75,223.75,223.5,223.6,34410,
2024-01-09 14:08:00+05:30,223.65,223.65,223.45,223.45,20386,
2024-01-09 14:09:00+05:30,223.5,223.5,223.35,223.35,65422,
2024-01-09 14:10:00+05:30,223.35,223.55,223.3,223.55,42024,
2024-01-09 14:11:00+05:30,223.55,223.55,223.45,223.45,22502,
2024-01-09 14:12:00+05:30,223.5,223.5,223.25,223.35,20778,
2024-01-09 14:13:00+05:30,223.35,223.4,223.35,223.35,10490,
2024-01-09 14:14:00+05:30,223.35,223.5,223.25,223.4,25164,
2024-01-09 14:15:00+05:30,223.4,223.65,223.4,223.55,22330,
2024-01-09 14:16:00+05:30,223.6,223.75,223.55,223.65,12132,
2024-01-09 14:17:00+05:30,223.75,223.75,223.4,223.45,28180,
2024-01-09 14:18:00+05:30,223.45,223.5,223.4,223.45,11078,
2024-01-09 14:19:00+05:30,223.45,223.55,223.25,223.25,100310,
2024-01-09 14:20:00+05:30,223.35,223.35,223.25,223.25,6198,
2024-01-09 14:21:00+05:30,223.25,223.35,223.25,223.35,15890,
2024-01-09 14:22:00+05:30,223.35,223.35,223.2,223.3,50320,
2024-01-09 14:23:00+05:30,223.3,223.5,223.25,223.35,57754,
2024-01-09 14:24:00+05:30,223.35,223.5,223.35,223.45,20780,
2024-01-09 14:25:00+05:30,223.45,223.5,223.3,223.35,22294,
2024-01-09 14:26:00+05:30,223.35,223.45,223.35,223.35,13454,
2024-01-09 14:27:00+05:30,223.35,223.35,223.15,223.15,39344,
2024-01-09 14:28:00+05:30,223.15,223.15,222.95,222.95,38100,
2024-01-09 14:29:00+05:30,222.95,223.15,222.85,223.05,73714,
2024-01-09 14:30:00+05:30,223.1,223.15,222.95,223.05,26720,
2024-01-09 14:31:00+05:30,223.05,223.2,223.05,223.15,22216,
2024-01-09 14:32:00+05:30,223.15,223.45,223.15,223.45,19376,
2024-01-09 14:33:00+05:30,223.45,223.6,223.45,223.6,14054,
2024-01-09 14:34:00+05:30,223.6,223.65,223.55,223.6,36378,
2024-01-09 14:35:00+05:30,223.55,223.65,223.5,223.5,6800,
2024-01-09 14:36:00+05:30,223.5,223.6,223.35,223.35,23922,
2024-01-09 14:37:00+05:30,223.45,223.6,223.45,223.45,22144,
2024-01-09 14:38:00+05:30,223.45,223.45,223.45,223.45,13540,
2024-01-09 14:39:00+05:30,223.5,223.6,223.45,223.55,22680,
2024-01-09 14:40:00+05:30,223.55,223.65,223.55,223.55,32432,
2024-01-09 14:41:00+05:30,223.6,223.6,223.35,223.4,27840,
2024-01-09 14:42:00+05:30,223.45,223.45,223.35,223.35,16034,
2024-01-09 14:43:00+05:30,223.35,223.4,223.25,223.35,58748,
2024-01-09 14:44:00+05:30,223.35,223.45,223.35,223.45,12348,
2024-01-09 14:45:00+05:30,223.4,223.45,223.1,223.1,29658,
2024-01-09 14:46:00+05:30,223.25,223.35,223.1,223.35,34190,
2024-01-09 14:47:00+05:30,223.35,223.35,223.35,223.35,11194,
2024-01-09 14:48:00+05:30,223.35,223.35,223.3,223.35,23560,
2024-01-09 14:49:00+05:30,223.35,223.45,223.35,223.45,19542,
2024-01-09 14:50:00+05:30,223.45,223.5,223.2,223.3,47854,
2024-01-09 14:51:00+05:30,223.3,223.45,223.25,223.4,11462,
2024-01-09 14:52:00+05:30,223.45,223.6,223.4,223.55,14302,
2024-01-09 14:53:00+05:30,223.55,223.6,223.35,223.45,20666,
2024-01-09 14:54:00+05:30,223.45,223.6,223.45,223.55,10328,
2024-01-09 14:55:00+05:30,223.6,223.7,223.55,223.6,16226,
2024-01-09 14:56:00+05:30,223.65,223.7,223.3,223.3,176532,
2024-01-09 14:57:00+05:30,223.35,223.5,223.35,223.35,24312,
2024-01-09 14:58:00+05:30,223.35,223.45,223.3,223.45,23280,
2024-01-09 14:59:00+05:30,223.45,223.45,223.25,223.25,42510,
2024-01-09 15:00:00+05:30,223.3,223.3,222.95,223.05,67736,
2024-01-09 15:01:00+05:30,223.05,223.05,222.9,223.05,48372,
2024-01-09 15:02:00+05:30,223.05,223.35,223.05,223.25,32202,
2024-01-09 15:03:00+05:30,223.25,223.35,223.25,223.35,19874,
2024-01-09 15:04:00+05:30,223.35,223.35,223.25,223.3,31770,
2024-01-09 15:05:00+05:30,223.35,223.35,223.15,223.15,35630,
2024-01-09 15:06:00+05:30,223.2,223.35,223.15,223.25,37624,
2024-01-09 15:07:00+05:30,223.35,223.35,223.15,223.2,30020,
2024-01-09 15:08:00+05:30,223.25,223.25,223.05,223.15,54116,
2024-01-09 15:09:00+05:30,223.15,223.15,223.05,223.15,35616,
2024-01-09 15:10:00+05:30,223.15,223.15,223.1,223.1,30190,
2024-01-09 15:11:00+05:30,223.15,223.15,223.05,223.05,67076,
2024-01-09 15:12:00+05:30,223.05,223.05,222.5,222.65,164716,
2024-01-09 15:13:00+05:30,222.65,222.75,222.55,222.55,84178,
2024-01-09 15:14:00+05:30,222.55,222.55,222.5,222.55,38720,
2024-01-09 15:15:00+05:30,222.55,222.55,222.55,222.55,31444,
2024-01-09 15:16:00+05:30,222.55,222.65,222.55,222.65,51810,
2024-01-09 15:17:00+05:30,222.65,222.65,222.6,222.6,26504,
2024-01-09 15:18:00+05:30,222.65,222.65,222.55,222.55,52846,
2024-01-09 15:19:00+05:30,222.6,222.65,222.55,222.65,57914,
2024-01-09 15:20:00+05:30,222.7,222.7,222.65,222.65,29274,
2024-01-09 15:21:00+05:30,222.7,222.8,222.65,222.75,86872,
2024-01-09 15:22:00+05:30,222.75,222.75,222.75,222.75,24464,
2024-01-09 15:23:00+05:30,222.75,222.8,222.75,222.8,45634,
2024-01-09 15:24:00+05:30,222.8,222.85,222.75,222.75,46270,
2024-01-09 15:25:00+05:30,222.75,222.75,222.55,222.55,51684,
2024-01-09 15:26:00+05:30,222.55,222.55,222.4,222.45,37550,
2024-01-09 15:27:00+05:30,222.45,222.75,222.45,222.65,35440,
2024-01-09 15:28:00+05:30,222.7,222.75,222.4,222.75,41522,
2024-01-09 15:29:00+05:30,222.45,222.65,222.4,222.45,18288,
2024-01-10 09:15:00+05:30,220.55,221,220.15,220.45,143286,
2024-01-10 09:16:00+05:30,220.45,220.45,219.45,219.95,177624,
2024-01-10 09:17:00+05:30,220.05,220.05,219.45,220.05,107742,
2024-01-10 09:18:00+05:30,220.05,220.05,219.45,219.6,81086,
2024-01-10 09:19:00+05:30,219.6,219.6,218.2,218.45,301958,
2024-01-10 09:20:00+05:30,218.2,218.7,217.8,218.7,271758,
2024-01-10 09:21:00+05:30,218.7,219.15,218.45,219.1,190278,
2024-01-10 09:22:00+05:30,219.1,219.2,218.75,219.2,212270,
2024-01-10 09:23:00+05:30,219.2,219.45,219.1,219.3,54782,
2024-01-10 09:24:00+05:30,219.3,219.3,219.1,219.3,53984,
2024-01-10 09:25:00+05:30,219.2,219.3,218.15,218.2,121958,
2024-01-10 09:26:00+05:30,218.2,218.5,218.1,218.25,88552,
2024-01-10 09:27:00+05:30,218.3,218.3,216.75,216.9,367798,
2024-01-10 09:28:00+05:30,216.95,217.1,216.55,216.55,181852,
2024-01-10 09:29:00+05:30,216.6,216.85,216.1,216.25,185368,
2024-01-10 09:30:00+05:30,216.25,216.55,215.65,216.55,242618,
2024-01-10 09:31:00+05:30,216.75,217,216.5,216.75,114094,
2024-01-10 09:32:00+05:30,216.75,216.9,216.4,216.45,89636,
2024-01-10 09:33:00+05:30,216.45,217.35,216.35,217,216494,
2024-01-10 09:34:00+05:30,217,217.25,216.9,217.15,87562,
2024-01-10 09:35:00+05:30,217.05,217.45,216.25,216.3,118220,
2024-01-10 09:36:00+05:30,216.35,216.65,216.25,216.4,102520,
2024-01-10 09:37:00+05:30,216.35,216.55,216.1,216.25,126568,
2024-01-10 09:38:00+05:30,216.2,216.45,216.1,216.3,118778,
2024-01-10 09:39:00+05:30,216.4,216.75,216.35,216.5,86518,
2024-01-10 09:40:00+05:30,216.45,217.05,216.3,216.95,106396,
2024-01-10 09:41:00+05:30,217,217.25,216.75,216.95,83138,
2024-01-10 09:42:00+05:30,216.75,217.15,216.7,217.05,39960,
2024-01-10 09:43:00+05:30,217.15,217.2,217.05,217.2,45642,
2024-01-10 09:44:00+05:30,217.15,217.35,217.15,217.35,44712,
2024-01-10 09:45:00+05:30,217.35,217.45,217.1,217.2,103690,
2024-01-10 09:46:00+05:30,217.1,217.2,216.75,216.95,75034,
2024-01-10 09:47:00+05:30,217.05,217.25,216.95,217.25,23692,
2024-01-10 09:48:00+05:30,217.25,217.25,216.6,216.95,55578,
2024-01-10 09:49:00+05:30,217.05,217.25,216.95,217.25,29756,
2024-01-10 09:50:00+05:30,217.25,217.25,216.9,217.15,50260,
2024-01-10 09:51:00+05:30,217.15,217.15,216.65,216.65,65768,
2024-01-10 09:52:00+05:30,216.65,216.85,216.55,216.75,43158,
2024-01-10 09:53:00+05:30,216.75,217.05,216.75,216.95,40346,
2024-01-10 09:54:00+05:30,216.95,217.15,216.95,217.05,18714,
2024-01-10 09:55:00+05:30,217.15,217.15,216.85,217.05,55792,
2024-01-10 09:56:00+05:30,217.05,217.15,216.9,216.95,48844,
2024-01-10 09:57:00+05:30,216.95,217,216.75,216.95,55098,
2024-01-10 09:58:00+05:30,216.9,217,216.55,216.75,76536,
2024-01-10 09:59:00+05:30,216.7,216.9,216.7,216.9,31282,
2024-01-10 10:00:00+05:30,216.9,216.9,216.35,216.55,106782,
2024-01-10 10:01:00+05:30,216.65,216.65,216.4,216.4,37962,
2024-01-10 10:02:00+05:30,216.45,216.65,216.2,216.6,232526,
2024-01-10 10:03:00+05:30,216.7,216.85,216.45,216.55,42852,
2024-01-10 10:04:00+05:30,216.55,216.6,216.35,216.45,90494,
2024-01-10 10:05:00+05:30,216.55,216.55,216.2,216.35,245572,
2024-01-10 10:06:00+05:30,216.45,216.75,215.9,216,411936,
2024-01-10 10:07:00+05:30,216,216.1,215.75,216,124568,
2024-01-10 10:08:00+05:30,216,216.2,215.85,216.1,109690,
2024-01-10 10:09:00+05:30,216.1,216.3,216.1,216.2,55880,
2024-01-10 10:10:00+05:30,216.2,216.25,216.1,216.25,50656,
2024-01-10 10:11:00+05:30,216.2,216.25,216.1,216.2,46292,
2024-01-10 10:12:00+05:30,216.2,216.65,216.2,216.45,59606,
2024-01-10 10:13:00+05:30,216.4,216.45,216.25,216.35,202116,
2024-01-10 10:14:00+05:30,216.35,216.55,216.35,216.45,31276,
2024-01-10 10:15:00+05:30,216.45,216.45,216.35,216.45,21576,
2024-01-10 10:16:00+05:30,216.45,216.55,216.35,216.45,30836,
2024-01-10 10:17:00+05:30,216.45,216.55,216.4,216.55,42014,
2024-01-10 10:18:00+05:30,216.65,216.75,216.55,216.75,30274,
2024-01-10 10:19:00+05:30,216.75,217.35,216.7,217.25,136770,
2024-01-10 10:20:00+05:30,217.25,217.75,217.15,217.75,169828,
2024-01-10 10:21:00+05:30,217.6,217.75,217.4,217.4,61944,
2024-01-10 10:22:00+05:30,217.4,217.5,217.1,217.1,46320,
2024-01-10 10:23:00+05:30,217.15,217.35,217.15,217.15,21264,
2024-01-10 10:24:00+05:30,217.15,217.35,217.15,217.2,44864,
2024-01-10 10:25:00+05:30,217.15,217.15,217.05,217.05,24400,
2024-01-10 10:26:00+05:30,217.05,217.45,217.05,217.1,134798,
2024-01-10 10:27:00+05:30,217.15,217.2,216.85,216.85,46180,
2024-01-10 10:28:00+05:30,216.85,217.3,216.85,217.3,18702,
2024-01-10 10:29:00+05:30,217.25,217.55,217.25,217.45,28134,
2024-01-10 10:30:00+05:30,217.45,217.9,217.45,217.8,88060,
2024-01-10 10:31:00+05:30,217.8,217.8,217.65,217.75,41448,
2024-01-10 10:32:00+05:30,217.8,217.8,217.65,217.7,11386,
2024-01-10 10:33:00+05:30,217.75,217.75,217.7,217.7,16134,
2024-01-10 10:34:00+05:30,217.7,217.9,217.7,217.75,49284,
2024-01-10 10:35:00+05:30,217.8,217.9,217.75,217.9,24736,
2024-01-10 10:36:00+05:30,217.8,217.95,217.8,217.9,13986,
2024-01-10 10:37:00+05:30,217.9,217.95,217.8,217.8,23738,
2024-01-10 10:38:00+05:30,217.8,217.9,217.75,217.8,18964,
2024-01-10 10:39:00+05:30,217.8,218.1,217.75,218.1,64914,
2024-01-10 10:40:00+05:30,218.2,218.2,217.75,217.75,49728,
2024-01-10 10:41:00+05:30,217.75,217.9,217.7,217.75,29892,
2024-01-10 10:42:00+05:30,217.7,217.75,217.45,217.45,23426,
2024-01-10 10:43:00+05:30,217.45,217.65,217.4,217.55,18328,
2024-01-10 10:44:00+05:30,217.55,217.7,217.35,217.35,28198,
2024-01-10 10:45:00+05:30,217.35,217.65,217.35,217.55,7102,
2024-01-10 10:46:00+05:30,217.55,217.65,217.35,217.55,28198,
2024-01-10 10:47:00+05:30,217.4,217.6,217.35,217.35,30676,
2024-01-10 10:48:00+05:30,217.35,217.35,217.05,217.2,30306,
2024-01-10 10:49:00+05:30,217.2,217.45,217.1,217.45,11718,
2024-01-10 10:50:00+05:30,217.45,217.5,217.4,217.45,6662,
2024-01-10 10:51:00+05:30,217.5,217.65,217.45,217.65,9528,
2024-01-10 10:52:00+05:30,217.65,217.75,217.6,217.75,8390,
2024-01-10 10:53:00+05:30,217.75,217.75,217.5,217.65,42516,
2024-01-10 10:54:00+05:30,217.65,217.75,217.65,217.75,18074,
2024-01-10 10:55:00+05:30,217.75,217.75,217.65,217.75,28430,
2024-01-10 10:56:00+05:30,217.75,218,217.7,218,44774,
2024-01-10 10:57:00+05:30,218,218,217.9,217.9,24924,
2024-01-10 10:58:00+05:30,217.95,217.95,217.8,217.85,21210,
2024-01-10 10:59:00+05:30,217.85,218.1,217.8,217.9,65456,
2024-01-10 11:00:00+05:30,217.9,218,217.65,217.7,20424,
2024-01-10 11:01:00+05:30,217.65,217.65,217.45,217.55,40814,
2024-01-10 11:02:00+05:30,217.55,217.65,217.45,217.55,10212,
2024-01-10 11:03:00+05:30,217.55,217.7,217.55,217.65,8010,
2024-01-10 11:04:00+05:30,217.7,217.75,217.55,217.55,16708,
2024-01-10 11:05:00+05:30,217.55,217.65,217.45,217.5,23350,
2024-01-10 11:06:00+05:30,217.5,217.5,217.45,217.45,8922,
2024-01-10 11:07:00+05:30,217.45,217.45,217.45,217.45,4412,
2024-01-10 11:08:00+05:30,217.55,217.75,217.45,217.6,16622,
2024-01-10 11:09:00+05:30,217.6,217.75,217.6,217.75,12974,
2024-01-10 11:10:00+05:30,217.75,217.75,217.65,217.75,7726,
2024-01-10 11:11:00+05:30,217.75,217.9,217.7,217.9,13968,
2024-01-10 11:12:00+05:30,217.8,217.9,217.8,217.9,5316,
2024-01-10 11:13:00+05:30,217.85,217.9,217.85,217.85,8158,
2024-01-10 11:14:00+05:30,217.85,218,217.85,218,38896,
2024-01-10 11:15:00+05:30,218,218,217.8,217.85,29392,
2024-01-10 11:16:00+05:30,217.85,217.9,217.8,217.8,6984,
2024-01-10 11:17:00+05:30,217.8,218,217.8,217.9,18388,
2024-01-10 11:18:00+05:30,217.9,218.2,217.9,217.9,42802,
2024-01-10 11:19:00+05:30,218,218.05,218,218,14726,
2024-01-10 11:20:00+05:30,218,218,217.9,217.9,12410,
2024-01-10 11:21:00+05:30,217.9,218.05,217.85,218,19884,
2024-01-10 11:22:00+05:30,218,218.05,217.9,217.95,20344,
2024-01-10 11:23:00+05:30,217.95,218,217.9,217.95,19018,
2024-01-10 11:24:00+05:30,217.95,217.95,217.9,217.9,11596,
2024-01-10 11:25:00+05:30,217.9,218,217.9,217.9,30366,
2024-01-10 11:26:00+05:30,217.9,217.9,217.85,217.9,4352,
2024-01-10 11:27:00+05:30,217.9,218,217.9,218,8100,
2024-01-10 11:28:00+05:30,218,218,217.9,217.95,7408,
2024-01-10 11:29:00+05:30,217.95,217.95,217.85,217.85,12860,
2024-01-10 11:30:00+05:30,217.85,217.9,217.8,217.9,9370,
2024-01-10 11:31:00+05:30,217.9,217.95,217.8,217.9,18790,
2024-01-10 11:32:00+05:30,217.9,217.95,217.65,217.7,33636,
2024-01-10 11:33:00+05:30,217.65,217.75,217.65,217.65,7792,
2024-01-10 11:34:00+05:30,217.65,217.75,217.65,217.75,6342,
2024-01-10 11:35:00+05:30,217.75,217.85,217.75,217.8,8082,
2024-01-10 11:36:00+05:30,217.75,217.9,217.75,217.9,13382,
2024-01-10 11:37:00+05:30,217.8,218,217.8,218,34728,
2024-01-10 11:38:00+05:30,218,218.1,217.9,217.9,16740,
2024-01-10 11:39:00+05:30,217.9,218,217.8,218,21884,
2024-01-10 11:40:00+05:30,217.95,218,217.9,218,6836,
2024-01-10 11:41:00+05:30,218,218,218,218,14526,
2024-01-10 11:42:00+05:30,218,218,217.95,218,9742,
2024-01-10 11:43:00+05:30,218,218.05,217.95,218,13198,
2024-01-10 11:44:00+05:30,218,218.1,218,218,16326,
2024-01-10 11:45:00+05:30,218,218.1,217.95,217.95,25850,
2024-01-10 11:46:00+05:30,218,218.05,217.75,217.8,28168,
2024-01-10 11:47:00+05:30,217.75,217.8,217.75,217.8,5664,
2024-01-10 11:48:00+05:30,217.8,217.9,217.8,217.9,6548,
2024-01-10 11:49:00+05:30,217.9,217.95,217.8,217.85,6650,
2024-01-10 11:50:00+05:30,217.85,218.05,217.85,218,13942,
2024-01-10 11:51:00+05:30,218,218.05,217.85,217.95,17710,
2024-01-10 11:52:00+05:30,218,218,217.85,217.85,7650,
2024-01-10 11:53:00+05:30,217.85,217.9,217.8,217.8,10574,
2024-01-10 11:54:00+05:30,217.8,217.85,217.75,217.85,22102,
2024-01-10 11:55:00+05:30,217.85,217.85,217.8,217.8,6870,
2024-01-10 11:56:00+05:30,217.8,217.85,217.65,217.75,25500,
2024-01-10 11:57:00+05:30,217.65,217.75,217.55,217.55,30790,
2024-01-10 11:58:00+05:30,217.6,217.65,217.35,217.45,34744,
2024-01-10 11:59:00+05:30,217.45,217.55,217.4,217.45,10468,
2024-01-10 12:00:00+05:30,217.45,217.45,217.4,217.45,7526,
2024-01-10 12:01:00+05:30,217.45,217.6,217.4,217.45,35428,
2024-01-10 12:02:00+05:30,217.5,217.6,217.45,217.55,7564,
2024-01-10 12:03:00+05:30,217.55,217.55,217.45,217.55,14672,
2024-01-10 12:04:00+05:30,217.55,217.65,217.55,217.6,11810,
2024-01-10 12:05:00+05:30,217.65,217.65,217.35,217.45,37276,
2024-01-10 12:06:00+05:30,217.35,217.35,217.25,217.25,22896,
2024-01-10 12:07:00+05:30,217.25,217.55,217.25,217.55,4894,
2024-01-10 12:08:00+05:30,217.45,217.55,217.45,217.45,5038,
2024-01-10 12:09:00+05:30,217.55,217.55,217.45,217.55,14010,
2024-01-10 12:10:00+05:30,217.55,217.55,217.45,217.55,6512,
2024-01-10 12:11:00+05:30,217.55,217.65,217.45,217.65,8066,
2024-01-10 12:12:00+05:30,217.6,217.65,217.55,217.55,8768,
2024-01-10 12:13:00+05:30,217.65,217.65,217.45,217.55,16344,
2024-01-10 12:14:00+05:30,217.55,217.65,217.45,217.6,30150,
2024-01-10 12:15:00+05:30,217.6,217.65,217.55,217.55,5724,
2024-01-10 12:16:00+05:30,217.65,217.7,217.55,217.7,3078,
2024-01-10 12:17:00+05:30,217.7,217.7,217.45,217.65,15928,
2024-01-10 12:18:00+05:30,217.45,217.55,217.45,217.45,14396,
2024-01-10 12:19:00+05:30,217.45,217.55,217.45,217.45,2422,
2024-01-10 12:20:00+05:30,217.45,217.5,217.25,217.3,22774,
2024-01-10 12:21:00+05:30,217.25,217.3,217.1,217.1,26216,
2024-01-10 12:22:00+05:30,217.05,217.15,217.05,217.15,56796,
2024-01-10 12:23:00+05:30,217.15,217.4,217.05,217.35,11804,
2024-01-10 12:24:00+05:30,217.35,217.45,217.05,217.05,38332,
2024-01-10 12:25:00+05:30,217.15,217.25,217.05,217.15,14138,
2024-01-10 12:26:00+05:30,217.1,217.15,216.95,217,26326,
2024-01-10 12:27:00+05:30,217,217,216.85,216.95,71280,
2024-01-10 12:28:00+05:30,216.95,217.1,216.95,217.05,47742,
2024-01-10 12:29:00+05:30,217.05,217.15,216.95,217.05,12622,
2024-01-10 12:30:00+05:30,217,217.05,216.85,216.95,36042,
2024-01-10 12:31:00+05:30,216.95,216.95,216.55,216.65,98730,
2024-01-10 12:32:00+05:30,216.65,216.8,216.65,216.65,11282,
2024-01-10 12:33:00+05:30,216.65,217,216.65,217,38884,
2024-01-10 12:34:00+05:30,217,217,216.9,217,6918,
2024-01-10 12:35:00+05:30,217,217.05,216.85,216.9,28892,
2024-01-10 12:36:00+05:30,216.95,217.05,216.9,217.05,20422,
2024-01-10 12:37:00+05:30,216.95,217.05,216.95,217.05,7658,
2024-01-10 12:38:00+05:30,217.1,217.1,216.85,216.95,30530,
2024-01-10 12:39:00+05:30,216.95,216.95,216.85,216.85,4378,
2024-01-10 12:40:00+05:30,216.85,216.95,216.85,216.95,18990,
2024-01-10 12:41:00+05:30,216.95,216.95,216.85,216.85,8932,
2024-01-10 12:42:00+05:30,216.85,216.95,216.85,216.85,31420,
2024-01-10 12:43:00+05:30,216.85,216.95,216.75,216.8,34274,
2024-01-10 12:44:00+05:30,216.8,216.8,216.65,216.75,18916,
2024-01-10 12:45:00+05:30,216.65,216.75,216.35,216.55,82218,
2024-01-10 12:46:00+05:30,216.55,216.55,216.35,216.45,23012,
2024-01-10 12:47:00+05:30,216.5,216.95,216.5,216.85,38788,
2024-01-10 12:48:00+05:30,216.85,217.15,216.8,216.95,26012,
2024-01-10 12:49:00+05:30,216.85,216.85,216.55,216.65,60322,
2024-01-10 12:50:00+05:30,216.75,216.75,216.45,216.55,14508,
2024-01-10 12:51:00+05:30,216.55,216.65,216.45,216.6,18416,
2024-01-10 12:52:00+05:30,216.55,216.65,216.5,216.5,12722,
2024-01-10 12:53:00+05:30,216.5,216.65,216.5,216.55,11892,
2024-01-10 12:54:00+05:30,216.55,216.85,216.55,216.85,13842,
2024-01-10 12:55:00+05:30,216.85,216.85,216.75,216.85,33962,
2024-01-10 12:56:00+05:30,216.85,216.85,216.5,216.65,25704,
2024-01-10 12:57:00+05:30,216.65,216.65,216.55,216.55,5028,
2024-01-10 12:58:00+05:30,216.65,216.65,216.5,216.55,20596,
2024-01-10 12:59:00+05:30,216.55,216.85,216.5,216.75,28882,
2024-01-10 13:00:00+05:30,216.75,216.8,216.5,216.5,15072,
2024-01-10 13:01:00+05:30,216.55,216.65,216.45,216.55,29760,
2024-01-10 13:02:00+05:30,216.65,216.65,216.55,216.65,9126,
2024-01-10 13:03:00+05:30,216.65,216.7,216.6,216.65,14934,
2024-01-10 13:04:00+05:30,216.65,216.65,216.55,216.6,18020,
2024-01-10 13:05:00+05:30,216.6,216.6,216.55,216.55,8576,
2024-01-10 13:06:00+05:30,216.6,216.85,216.55,216.75,33396,
2024-01-10 13:07:00+05:30,216.7,216.85,216.65,216.85,35066,
2024-01-10 13:08:00+05:30,216.85,216.85,216.75,216.85,10946,
2024-01-10 13:09:00+05:30,216.85,217.05,216.75,216.95,10258,
2024-01-10 13:10:00+05:30,216.95,217.05,216.95,217.05,15108,
2024-01-10 13:11:00+05:30,217.05,217.15,217.05,217.05,16720,
2024-01-10 13:12:00+05:30,217.05,217.15,217.05,217.1,10500,
2024-01-10 13:13:00+05:30,217.1,217.15,217,217.15,32988,
2024-01-10 13:14:00+05:30,217.1,217.15,216.9,217.05,23834,
2024-01-10 13:15:00+05:30,217.05,217.15,217.05,217.1,8534,
2024-01-10 13:16:00+05:30,217.15,217.15,217.05,217.05,12042,
2024-01-10 13:17:00+05:30,217.05,217.15,217,217.05,23890,
2024-01-10 13:18:00+05:30,217.05,217.05,216.95,216.95,13682,
2024-01-10 13:19:00+05:30,216.95,217.05,216.85,216.95,13824,
2024-01-10 13:20:00+05:30,216.95,217,216.85,216.95,13948,
2024-01-10 13:21:00+05:30,216.95,216.95,216.85,216.85,14236,
2024-01-10 13:22:00+05:30,216.95,217.1,216.95,217.05,38622,
2024-01-10 13:23:00+05:30,217.05,217.15,217.05,217.15,12284,
2024-01-10 13:24:00+05:30,217.15,217.15,217.1,217.15,10658,
2024-01-10 13:25:00+05:30,217.15,217.15,217.05,217.1,12118,
2024-01-10 13:26:00+05:30,217.05,217.15,217.05,217.05,15368,
2024-01-10 13:27:00+05:30,217.05,217.1,217,217.05,10884,
2024-01-10 13:28:00+05:30,217.05,217.2,216.95,217.15,31796,
2024-01-10 13:29:00+05:30,217.05,217.15,217.05,217.05,4596,
2024-01-10 13:30:00+05:30,217.05,217.25,217.05,217.25,10588,
2024-01-10 13:31:00+05:30,217.25,217.3,217.15,217.2,15926,
2024-01-10 13:32:00+05:30,217.2,217.3,217.05,217.15,25670,
2024-01-10 13:33:00+05:30,217.25,217.3,216.95,217.05,22808,
2024-01-10 13:34:00+05:30,217.05,217.15,216.85,216.85,22522,
2024-01-10 13:35:00+05:30,216.85,217.15,216.85,217.05,13628,
2024-01-10 13:36:00+05:30,217.05,217.25,217.05,217.15,10354,
2024-01-10 13:37:00+05:30,217.2,217.2,216.9,217.15,47292,
2024-01-10 13:38:00+05:30,217.2,217.2,217.15,217.15,3240,
2024-01-10 13:39:00+05:30,217.2,217.2,217.15,217.15,8960,
2024-01-10 13:40:00+05:30,217.15,217.2,217.15,217.15,16154,
2024-01-10 13:41:00+05:30,217.15,217.25,217.15,217.25,9816,
2024-01-10 13:42:00+05:30,217.25,217.25,217.05,217.05,29804,
2024-01-10 13:43:00+05:30,217.15,217.15,217.05,217.1,9552,
2024-01-10 13:44:00+05:30,217.05,217.25,217.05,217.15,31494,
2024-01-10 13:45:00+05:30,217.15,217.25,217.15,217.25,13704,
2024-01-10 13:46:00+05:30,217.25,217.3,217.25,217.25,14874,
2024-01-10 13:47:00+05:30,217.25,217.25,217.2,217.25,9462,
2024-01-10 13:48:00+05:30,217.25,217.25,217.2,217.2,11628,
2024-01-10 13:49:00+05:30,217.25,217.25,217.15,217.15,11712,
2024-01-10 13:50:00+05:30,217.15,217.25,217.15,217.25,8416,
2024-01-10 13:51:00+05:30,217.25,217.45,216.95,217.05,110148,
2024-01-10 13:52:00+05:30,217.05,217.15,216.95,217.05,12002,
2024-01-10 13:53:00+05:30,217.05,217.25,217.05,217.15,11260,
2024-01-10 13:54:00+05:30,217.15,217.25,217.05,217.25,6416,
2024-01-10 13:55:00+05:30,217.25,217.25,217.15,217.2,11308,
2024-01-10 13:56:00+05:30,217.2,217.5,217.2,217.4,16800,
2024-01-10 13:57:00+05:30,217.4,217.5,217.35,217.45,12740,
2024-01-10 13:58:00+05:30,217.45,217.45,217.35,217.45,19562,
2024-01-10 13:59:00+05:30,217.45,217.45,217.35,217.35,27408,
2024-01-10 14:00:00+05:30,217.35,217.4,217.15,217.35,30826,
2024-01-10 14:01:00+05:30,217.35,217.55,217.35,217.45,42162,
2024-01-10 14:02:00+05:30,217.45,217.5,217.35,217.35,10612,
2024-01-10 14:03:00+05:30,217.35,217.4,217.3,217.35,13686,
2024-01-10 14:04:00+05:30,217.35,217.4,217.3,217.3,1748,
2024-01-10 14:05:00+05:30,217.3,217.35,217.25,217.35,13574,
2024-01-10 14:06:00+05:30,217.35,217.35,217.3,217.35,9524,
2024-01-10 14:07:00+05:30,217.35,217.55,217.3,217.55,49914,
2024-01-10 14:08:00+05:30,217.55,217.55,217.45,217.45,10452,
2024-01-10 14:09:00+05:30,217.55,217.55,217.4,217.4,16402,
2024-01-10 14:10:00+05:30,217.45,217.45,217.25,217.35,36480,
2024-01-10 14:11:00+05:30,217.35,217.35,217.15,217.15,23850,
2024-01-10 14:12:00+05:30,217.15,217.35,217.05,217.35,28914,
2024-01-10 14:13:00+05:30,217.3,217.45,217.25,217.45,10040,
2024-01-10 14:14:00+05:30,217.45,217.45,217.35,217.45,11578,
2024-01-10 14:15:00+05:30,217.45,217.45,217.25,217.3,23246,
2024-01-10 14:16:00+05:30,217.3,217.35,217.2,217.25,9598,
2024-01-10 14:17:00+05:30,217.3,217.35,217.2,217.3,9682,
2024-01-10 14:18:00+05:30,217.35,217.45,217.25,217.3,19886,
2024-01-10 14:19:00+05:30,217.3,217.45,217.2,217.45,14564,
2024-01-10 14:20:00+05:30,217.45,217.65,217.35,217.5,83216,
2024-01-10 14:21:00+05:30,217.5,217.55,217.5,217.5,14380,
2024-01-10 14:22:00+05:30,217.5,217.55,217.25,217.55,40298,
2024-01-10 14:23:00+05:30,217.5,217.55,217.25,217.5,36860,
2024-01-10 14:24:00+05:30,217.5,217.55,217.25,217.25,25332,
2024-01-10 14:25:00+05:30,217.25,217.4,217.25,217.35,11360,
2024-01-10 14:26:00+05:30,217.4,217.45,217.35,217.4,11014,
2024-01-10 14:27:00+05:30,217.4,217.4,217.2,217.25,42608,
2024-01-10 14:28:00+05:30,217.35,217.35,217.15,217.25,25580,
2024-01-10 14:29:00+05:30,217.25,217.5,217.25,217.45,29452,
2024-01-10 14:30:00+05:30,217.5,217.6,217.45,217.55,33992,
2024-01-10 14:31:00+05:30,217.55,217.65,217.55,217.65,18396,
2024-01-10 14:32:00+05:30,217.65,217.75,217.55,217.7,20140,
2024-01-10 14:33:00+05:30,217.7,217.75,217.65,217.65,14156,
2024-01-10 14:34:00+05:30,217.75,217.9,217.65,217.9,22324,
2024-01-10 14:35:00+05:30,217.9,218.1,217.85,218,111516,
2024-01-10 14:36:00+05:30,218,218.1,217.9,218.05,59714,
2024-01-10 14:37:00+05:30,218,218.1,217.9,217.9,24132,
2024-01-10 14:38:00+05:30,217.9,218.05,217.85,217.9,28566,
2024-01-10 14:39:00+05:30,218,218.05,217.9,217.9,23156,
2024-01-10 14:40:00+05:30,217.95,218,217.85,218,19476,
2024-01-10 14:41:00+05:30,217.9,218.25,217.9,218.2,70966,
2024-01-10 14:42:00+05:30,218.2,218.25,218.15,218.2,32160,
2024-01-10 14:43:00+05:30,218.15,218.25,218.15,218.2,36632,
2024-01-10 14:44:00+05:30,218.2,218.2,218.15,218.2,10012,
2024-01-10 14:45:00+05:30,218.2,218.5,218.2,218.4,55972,
2024-01-10 14:46:00+05:30,218.45,218.45,218.2,218.25,43082,
2024-01-10 14:47:00+05:30,218.25,218.4,218.2,218.2,16638,
2024-01-10 14:48:00+05:30,218.3,218.35,218.2,218.25,19330,
2024-01-10 14:49:00+05:30,218.25,218.25,218.2,218.2,13158,
2024-01-10 14:50:00+05:30,218.2,218.25,218.15,218.15,17820,
2024-01-10 14:51:00+05:30,218.15,218.25,218.15,218.2,10628,
2024-01-10 14:52:00+05:30,218.2,218.25,218.2,218.2,12634,
2024-01-10 14:53:00+05:30,218.2,218.25,218.2,218.2,18580,
2024-01-10 14:54:00+05:30,218.25,218.5,218.25,218.4,39102,
2024-01-10 14:55:00+05:30,218.4,218.5,218.25,218.3,20404,
2024-01-10 14:56:00+05:30,218.3,218.6,218.25,218.6,49884,
2024-01-10 14:57:00+05:30,218.6,218.6,218.4,218.5,19094,
2024-01-10 14:58:00+05:30,218.4,218.5,218.4,218.45,17128,
2024-01-10 14:59:00+05:30,218.45,218.5,218.35,218.35,25954,
2024-01-10 15:00:00+05:30,218.4,218.5,218.3,218.4,35232,
2024-01-10 15:01:00+05:30,218.4,218.7,218.4,218.55,69368,
2024-01-10 15:02:00+05:30,218.6,218.7,218.5,218.6,57618,
2024-01-10 15:03:00+05:30,218.65,218.7,218.6,218.6,14466,
2024-01-10 15:04:00+05:30,218.6,218.8,218.6,218.7,35160,
2024-01-10 15:05:00+05:30,218.7,218.8,218.7,218.75,23096,
2024-01-10 15:06:00+05:30,218.7,218.75,218.5,218.5,52566,
2024-01-10 15:07:00+05:30,218.5,218.6,218.25,218.3,41006,
2024-01-10 15:08:00+05:30,218.3,218.5,218.3,218.4,48242,
2024-01-10 15:09:00+05:30,218.4,218.7,218.4,218.7,46156,
2024-01-10 15:10:00+05:30,218.6,218.7,218.45,218.6,57384,
2024-01-10 15:11:00+05:30,218.55,218.6,218.4,218.6,33518,
2024-01-10 15:12:00+05:30,218.6,218.65,218.5,218.5,22876,
2024-01-10 15:13:00+05:30,218.5,218.6,218.5,218.6,29866,
2024-01-10 15:14:00+05:30,218.6,218.6,218.5,218.5,29872,
2024-01-10 15:15:00+05:30,218.5,218.6,218.4,218.45,47980,
2024-01-10 15:16:00+05:30,218.45,218.5,218.45,218.5,33354,
2024-01-10 15:17:00+05:30,218.5,218.6,218.5,218.6,51676,
2024-01-10 15:18:00+05:30,218.6,218.6,218.45,218.5,57662,
2024-01-10 15:19:00+05:30,218.5,218.5,218.4,218.5,37152,
2024-01-10 15:20:00+05:30,218.5,218.6,218.4,218.6,61684,
2024-01-10 15:21:00+05:30,218.5,218.6,218.5,218.6,29660,
2024-01-10 15:22:00+05:30,218.6,218.6,218.6,218.6,30312,
2024-01-10 15:23:00+05:30,218.6,219,218.6,219,131086,
2024-01-10 15:24:00+05:30,219,219.1,219,219.1,59230,
2024-01-10 15:25:00+05:30,219.05,219.1,219,219,61618,
2024-01-10 15:26:00+05:30,219,219,218.8,218.9,43976,
2024-01-10 15:27:00+05:30,218.9,218.95,218.5,218.8,45888,
2024-01-10 15:28:00+05:30,219,219,218.5,218.5,93308,
2024-01-10 15:29:00+05:30,218.75,218.8,218.5,218.55,40696,
2024-01-11 09:15:00+05:30,219.9,220.3,219.55,220.15,93240,
2024-01-11 09:16:00+05:30,220.15,220.45,219.85,220.25,64316,
2024-01-11 09:17:00+05:30,220.25,220.45,219.95,220.25,70150,
2024-01-11 09:18:00+05:30,220.25,220.75,220.25,220.55,84646,
2024-01-11 09:19:00+05:30,220.6,220.9,220.55,220.7,80838,
2024-01-11 09:20:00+05:30,220.7,220.9,220.6,220.9,40254,
2024-01-11 09:21:00+05:30,221,221,220.85,220.85,67662,
2024-01-11 09:22:00+05:30,220.85,220.85,220.45,220.55,33490,
2024-01-11 09:23:00+05:30,220.55,220.75,220.35,220.45,47598,
2024-01-11 09:24:00+05:30,220.35,220.45,220.15,220.15,37292,
2024-01-11 09:25:00+05:30,220.15,220.5,220.1,220.45,20214,
2024-01-11 09:26:00+05:30,220.35,220.45,220.15,220.4,35432,
2024-01-11 09:27:00+05:30,220.35,220.8,220.2,220.65,48864,
2024-01-11 09:28:00+05:30,220.65,220.65,220.25,220.3,21490,
2024-01-11 09:29:00+05:30,220.25,220.4,219.95,220.15,65266,
2024-01-11 09:30:00+05:30,220.25,220.25,220,220.05,17822,
2024-01-11 09:31:00+05:30,220.05,220.15,219.85,220,26122,
2024-01-11 09:32:00+05:30,219.95,220.05,219.9,219.95,19140,
2024-01-11 09:33:00+05:30,220.05,220.25,219.95,220.2,26456,
2024-01-11 09:34:00+05:30,220.2,220.25,220.05,220.05,30752,
2024-01-11 09:35:00+05:30,220.05,220.45,220.05,220.3,13742,
2024-01-11 09:36:00+05:30,220.45,220.85,220.45,220.75,47044,
2024-01-11 09:37:00+05:30,220.65,220.9,220.65,220.85,47092,
2024-01-11 09:38:00+05:30,220.85,220.85,220.65,220.7,16174,
2024-01-11 09:39:00+05:30,220.7,220.8,220.55,220.7,14996,
2024-01-11 09:40:00+05:30,220.7,220.8,220.55,220.55,22908,
2024-01-11 09:41:00+05:30,220.65,220.75,220.55,220.55,44216,
2024-01-11 09:42:00+05:30,220.65,220.65,220.4,220.45,19628,
2024-01-11 09:43:00+05:30,220.5,220.65,220.5,220.55,11040,
2024-01-11 09:44:00+05:30,220.55,220.55,220.45,220.5,8760,
2024-01-11 09:45:00+05:30,220.45,220.85,220.45,220.85,49974,
2024-01-11 09:46:00+05:30,220.75,220.85,220.7,220.85,31876,
2024-01-11 09:47:00+05:30,220.85,220.85,220.8,220.85,34328,
2024-01-11 09:48:00+05:30,220.8,220.85,220.75,220.8,14048,
2024-01-11 09:49:00+05:30,220.85,220.85,220.75,220.85,9534,
2024-01-11 09:50:00+05:30,220.75,220.85,220.7,220.85,11582,
2024-01-11 09:51:00+05:30,220.85,220.85,220.8,220.85,22934,
2024-01-11 09:52:00+05:30,220.85,221,220.85,221,44572,
2024-01-11 09:53:00+05:30,221,221.35,220.9,220.95,74168,
2024-01-11 09:54:00+05:30,220.9,221,220.75,220.75,23752,
2024-01-11 09:55:00+05:30,220.75,220.8,220.45,220.6,26028,
2024-01-11 09:56:00+05:30,220.65,220.8,220.45,220.5,20116,
2024-01-11 09:57:00+05:30,220.45,220.65,220.45,220.55,8612,
2024-01-11 09:58:00+05:30,220.55,220.65,220.45,220.5,10332,
2024-01-11 09:59:00+05:30,220.45,220.65,220.45,220.55,17748,
2024-01-11 10:00:00+05:30,220.65,220.65,220.45,220.55,13020,
2024-01-11 10:01:00+05:30,220.45,220.65,220.45,220.65,6616,
2024-01-11 10:02:00+05:30,220.65,220.7,220.6,220.65,9352,
2024-01-11 10:03:00+05:30,220.7,220.7,220.45,220.45,14512,
2024-01-11 10:04:00+05:30,220.45,220.7,220.35,220.65,17448,
2024-01-11 10:05:00+05:30,220.65,220.85,220.55,220.75,31922,
2024-01-11 10:06:00+05:30,220.75,221.55,220.75,221.5,53444,
2024-01-11 10:07:00+05:30,221.65,222,221.45,221.45,162684,
2024-01-11 10:08:00+05:30,221.5,221.5,221.1,221.25,39556,
2024-01-11 10:09:00+05:30,221.4,221.4,221.15,221.3,8040,
2024-01-11 10:10:00+05:30,221.2,221.3,221,221,21922,
2024-01-11 10:11:00+05:30,221.1,221.3,221,221.15,15888,
2024-01-11 10:12:00+05:30,221.1,221.45,221.05,221.45,6780,
2024-01-11 10:13:00+05:30,221.45,221.8,221.4,221.7,35876,
2024-01-11 10:14:00+05:30,221.7,221.7,221.4,221.5,14422,
2024-01-11 10:15:00+05:30,221.5,221.65,221.4,221.6,20780,
2024-01-11 10:16:00+05:30,221.6,221.65,221.5,221.65,17912,
2024-01-11 10:17:00+05:30,221.6,221.65,221.5,221.6,10256,
2024-01-11 10:18:00+05:30,221.6,221.65,221.45,221.5,32138,
2024-01-11 10:19:00+05:30,221.55,221.55,221.4,221.4,27728,
2024-01-11 10:20:00+05:30,221.5,221.6,221.3,221.3,31818,
2024-01-11 10:21:00+05:30,221.4,221.7,221.3,221.65,29672,
2024-01-11 10:22:00+05:30,221.75,221.85,221.65,221.75,29016,
2024-01-11 10:23:00+05:30,221.8,221.8,221.7,221.75,15632,
2024-01-11 10:24:00+05:30,221.75,222,221.75,222,106258,
2024-01-11 10:25:00+05:30,221.9,222,221.8,221.9,26136,
2024-01-11 10:26:00+05:30,221.9,221.9,221.7,221.7,13668,
2024-01-11 10:27:00+05:30,221.7,221.7,221.5,221.65,28916,
2024-01-11 10:28:00+05:30,221.65,221.8,221.6,221.75,18774,
2024-01-11 10:29:00+05:30,221.75,221.8,221.7,221.8,10690,
2024-01-11 10:30:00+05:30,221.7,221.8,221.6,221.7,13250,
2024-01-11 10:31:00+05:30,221.7,221.75,221.5,221.65,16748,
2024-01-11 10:32:00+05:30,221.6,221.8,221.55,221.7,9664,
2024-01-11 10:33:00+05:30,221.7,222,221.7,222,58928,
2024-01-11 10:34:00+05:30,222,222.15,222,222.1,41928,
2024-01-11 10:35:00+05:30,222.05,222.1,221.95,222,25540,
2024-01-11 10:36:00+05:30,221.95,222,221.85,221.95,13958,
2024-01-11 10:37:00+05:30,221.9,222,221.85,221.9,6506,
2024-01-11 10:38:00+05:30,221.85,221.9,221.55,221.55,15910,
2024-01-11 10:39:00+05:30,221.55,221.7,221.25,221.3,31488,
2024-01-11 10:40:00+05:30,221.35,221.4,221.2,221.4,11004,
2024-01-11 10:41:00+05:30,221.4,221.5,221.3,221.5,31310,
2024-01-11 10:42:00+05:30,221.5,221.5,221.35,221.35,12802,
2024-01-11 10:43:00+05:30,221.35,221.45,221.35,221.4,9710,
2024-01-11 10:44:00+05:30,221.4,221.8,221.4,221.5,40070,
2024-01-11 10:45:00+05:30,221.55,221.7,221.4,221.4,40180,
2024-01-11 10:46:00+05:30,221.4,221.6,221.4,221.45,37700,
2024-01-11 10:47:00+05:30,221.45,221.55,221.4,221.4,77850,
2024-01-11 10:48:00+05:30,221.4,221.5,221.3,221.4,18866,
2024-01-11 10:49:00+05:30,221.4,221.5,221.3,221.3,21768,
2024-01-11 10:50:00+05:30,221.3,221.55,221.3,221.3,23698,
2024-01-11 10:51:00+05:30,221.3,221.5,221.3,221.5,24450,
2024-01-11 10:52:00+05:30,221.4,221.5,221.4,221.5,89740,
2024-01-11 10:53:00+05:30,221.5,221.8,221.4,221.4,219536,
2024-01-11 10:54:00+05:30,221.4,221.65,221.3,221.4,158790,
2024-01-11 10:55:00+05:30,221.35,221.45,221.3,221.4,19196,
2024-01-11 10:56:00+05:30,221.4,221.8,221.35,221.4,250340,
2024-01-11 10:57:00+05:30,221.4,221.7,221.15,221.5,148604,
2024-01-11 10:58:00+05:30,221.4,221.55,221.2,221.25,138488,
2024-01-11 10:59:00+05:30,221.3,221.4,221.25,221.25,23998,
2024-01-11 11:00:00+05:30,221.25,221.4,221.15,221.2,49524,
2024-01-11 11:01:00+05:30,221.2,221.2,220.85,220.9,139932,
2024-01-11 11:02:00+05:30,220.9,220.95,220.85,220.85,84060,
2024-01-11 11:03:00+05:30,220.9,221.1,220.85,220.85,64972,
2024-01-11 11:04:00+05:30,220.85,220.9,220.85,220.9,27178,
2024-01-11 11:05:00+05:30,220.9,221.45,220.9,221.3,116688,
2024-01-11 11:06:00+05:30,221.3,221.55,221.2,221.4,259240,
2024-01-11 11:07:00+05:30,221.4,221.45,221.4,221.4,28034,
2024-01-11 11:08:00+05:30,221.4,221.5,221.35,221.4,64750,
2024-01-11 11:09:00+05:30,221.4,221.8,221.4,221.6,265994,
2024-01-11 11:10:00+05:30,221.55,221.7,221.4,221.4,245718,
2024-01-11 11:11:00+05:30,221.4,221.5,221.4,221.4,79630,
2024-01-11 11:12:00+05:30,221.4,221.55,221.4,221.4,53254,
2024-01-11 11:13:00+05:30,221.4,221.5,221.4,221.4,71678,
2024-01-11 11:14:00+05:30,221.4,221.5,221.35,221.4,50362,
2024-01-11 11:15:00+05:30,221.4,221.5,221.4,221.4,22998,
2024-01-11 11:16:00+05:30,221.45,221.7,221.45,221.6,17802,
2024-01-11 11:17:00+05:30,221.6,221.7,221.5,221.5,16282,
2024-01-11 11:18:00+05:30,221.5,221.8,221.5,221.65,23792,
2024-01-11 11:19:00+05:30,221.6,221.7,221.55,221.55,17976,
2024-01-11 11:20:00+05:30,221.6,221.9,221.6,221.7,44632,
2024-01-11 11:21:00+05:30,221.6,221.7,221.5,221.5,36260,
2024-01-11 11:22:00+05:30,221.5,221.6,221.4,221.45,27962,
2024-01-11 11:23:00+05:30,221.5,221.55,221.4,221.5,23704,
2024-01-11 11:24:00+05:30,221.55,221.6,221.4,221.4,33170,
2024-01-11 11:25:00+05:30,221.45,221.5,221.4,221.5,12384,
2024-01-11 11:26:00+05:30,221.45,221.5,221.1,221.1,49388,
2024-01-11 11:27:00+05:30,221.1,221.3,221.1,221.3,6912,
2024-01-11 11:28:00+05:30,221.3,221.4,221.2,221.3,21278,
2024-01-11 11:29:00+05:30,221.3,221.5,221.2,221.2,33890,
2024-01-11 11:30:00+05:30,221.2,221.4,220.9,221,55052,
2024-01-11 11:31:00+05:30,221,221.1,220.9,220.9,31400,
2024-01-11 11:32:00+05:30,220.9,221.05,220.9,220.9,67960,
2024-01-11 11:33:00+05:30,220.9,221.2,220.85,220.9,135856,
2024-01-11 11:34:00+05:30,220.95,221.05,220.9,220.9,66734,
2024-01-11 11:35:00+05:30,220.9,220.9,220.9,220.9,24900,
2024-01-11 11:36:00+05:30,220.9,220.95,220.9,220.9,11330,
2024-01-11 11:37:00+05:30,220.9,220.9,220.9,220.9,11190,
2024-01-11 11:38:00+05:30,220.9,220.9,220.9,220.9,4330,
2024-01-11 11:39:00+05:30,220.9,220.9,220.9,220.9,5598,
2024-01-11 11:40:00+05:30,221,221,220.9,220.9,17648,
2024-01-11 11:41:00+05:30,220.9,220.95,220.9,220.9,14274,
2024-01-11 11:42:00+05:30,220.9,220.95,220.9,220.9,9566,
2024-01-11 11:43:00+05:30,220.9,220.95,220.9,220.9,6922,
2024-01-11 11:44:00+05:30,220.9,220.95,220.9,220.9,5988,
2024-01-11 11:45:00+05:30,220.9,220.95,220.9,220.9,10380,
2024-01-11 11:46:00+05:30,220.9,220.9,220.85,220.9,15730,
2024-01-11 11:47:00+05:30,220.9,221,220.85,220.9,24198,
2024-01-11 11:48:00+05:30,220.85,220.9,220.85,220.85,12492,
2024-01-11 11:49:00+05:30,220.85,220.9,220.85,220.9,7942,
2024-01-11 11:50:00+05:30,220.9,220.95,220.85,220.9,19608,
2024-01-11 11:51:00+05:30,220.9,220.9,220.85,220.85,6320,
2024-01-11 11:52:00+05:30,220.85,220.95,220.85,220.9,11696,
2024-01-11 11:53:00+05:30,220.9,220.95,220.85,220.9,4734,
2024-01-11 11:54:00+05:30,220.9,220.95,220.8,220.8,9034,
2024-01-11 11:55:00+05:30,220.8,220.85,220.75,220.8,16904,
2024-01-11 11:56:00+05:30,220.75,220.8,220.45,220.45,21322,
2024-01-11 11:57:00+05:30,220.45,220.55,220.45,220.5,8592,
2024-01-11 11:58:00+05:30,220.4,220.55,220.25,220.5,38012,
2024-01-11 11:59:00+05:30,220.45,220.55,220.45,220.5,14056,
2024-01-11 12:00:00+05:30,220.55,220.55,220.45,220.45,21966,
2024-01-11 12:01:00+05:30,220.45,220.55,220.45,220.5,23820,
2024-01-11 12:02:00+05:30,220.55,220.55,220.35,220.45,25330,
2024-01-11 12:03:00+05:30,220.45,220.45,220.35,220.35,13298,
2024-01-11 12:04:00+05:30,220.3,220.45,220.3,220.35,7114,
2024-01-11 12:05:00+05:30,220.45,220.5,220.35,220.45,4106,
2024-01-11 12:06:00+05:30,220.45,220.5,220.45,220.45,7046,
2024-01-11 12:07:00+05:30,220.45,220.55,220.45,220.45,45076,
2024-01-11 12:08:00+05:30,220.45,220.55,220.45,220.45,26982,
2024-01-11 12:09:00+05:30,220.5,220.55,220.4,220.45,15578,
2024-01-11 12:10:00+05:30,220.45,220.5,220.35,220.4,15970,
2024-01-11 12:11:00+05:30,220.45,220.55,220.4,220.45,40338,
2024-01-11 12:12:00+05:30,220.45,220.5,220.45,220.45,15316,
2024-01-11 12:13:00+05:30,220.45,220.55,220.45,220.5,86870,
2024-01-11 12:14:00+05:30,220.45,220.55,220.45,220.5,34198,
2024-01-11 12:15:00+05:30,220.5,220.5,220.45,220.45,12802,
2024-01-11 12:16:00+05:30,220.45,220.5,220.45,220.45,9030,
2024-01-11 12:17:00+05:30,220.45,220.55,220.45,220.5,16884,
2024-01-11 12:18:00+05:30,220.5,220.5,220.4,220.45,7544,
2024-01-11 12:19:00+05:30,220.45,220.55,220.45,220.45,7336,
2024-01-11 12:20:00+05:30,220.45,220.5,220.45,220.45,9406,
2024-01-11 12:21:00+05:30,220.45,220.55,220.45,220.45,7908,
2024-01-11 12:22:00+05:30,220.45,220.55,220.45,220.45,45664,
2024-01-11 12:23:00+05:30,220.45,220.75,220.45,220.6,43462,
2024-01-11 12:24:00+05:30,220.6,220.8,220.6,220.8,35592,
2024-01-11 12:25:00+05:30,220.8,220.8,220.65,220.75,30042,
2024-01-11 12:26:00+05:30,220.75,220.85,220.65,220.7,130354,
2024-01-11 12:27:00+05:30,220.7,220.75,220.65,220.75,719382,
2024-01-11 12:28:00+05:30,220.75,221.1,220.65,220.9,177418,
2024-01-11 12:29:00+05:30,220.9,221.1,220.85,220.9,38152,
2024-01-11 12:30:00+05:30,220.9,221,220.85,220.95,13124,
2024-01-11 12:31:00+05:30,220.95,221.1,220.85,220.95,29326,
2024-01-11 12:32:00+05:30,220.95,221.1,220.9,221,13844,
2024-01-11 12:33:00+05:30,221,221.1,220.9,220.9,29672,
2024-01-11 12:34:00+05:30,220.9,221.15,220.9,221,38706,
2024-01-11 12:35:00+05:30,221.1,221.4,221.05,221.3,22918,
2024-01-11 12:36:00+05:30,221.3,221.7,221.2,221.5,128916,
2024-01-11 12:37:00+05:30,221.5,221.6,221.4,221.5,23646,
2024-01-11 12:38:00+05:30,221.55,221.6,221.35,221.5,43546,
2024-01-11 12:39:00+05:30,221.5,221.7,221.5,221.6,25754,
2024-01-11 12:40:00+05:30,221.6,221.8,221.6,221.8,23646,
2024-01-11 12:41:00+05:30,221.8,222.1,221.75,221.8,106140,
2024-01-11 12:42:00+05:30,221.8,221.9,221.5,221.7,37362,
2024-01-11 12:43:00+05:30,221.7,221.7,221.4,221.4,29680,
2024-01-11 12:44:00+05:30,221.4,221.6,221.3,221.4,34646,
2024-01-11 12:45:00+05:30,221.4,221.7,221.4,221.65,47804,
2024-01-11 12:46:00+05:30,221.65,221.9,221.65,221.65,8150,
2024-01-11 12:47:00+05:30,221.7,221.8,221.6,221.7,7926,
2024-01-11 12:48:00+05:30,221.75,221.8,221.7,221.7,8652,
2024-01-11 12:49:00+05:30,221.7,221.85,221.7,221.8,7958,
2024-01-11 12:50:00+05:30,221.8,221.9,221.7,221.7,10140,
2024-01-11 12:51:00+05:30,221.7,221.75,221.65,221.65,7184,
2024-01-11 12:52:00+05:30,221.65,222,221.65,221.9,48412,
2024-01-11 12:53:00+05:30,221.95,222,221.8,221.8,24892,
2024-01-11 12:54:00+05:30,221.8,221.95,221.7,221.75,18430,
2024-01-11 12:55:00+05:30,221.75,221.9,221.75,221.8,6244,
2024-01-11 12:56:00+05:30,221.85,221.9,221.7,221.7,10298,
2024-01-11 12:57:00+05:30,221.7,221.85,221.7,221.7,7108,
2024-01-11 12:58:00+05:30,221.7,221.9,221.7,221.8,6156,
2024-01-11 12:59:00+05:30,221.9,222,221.8,221.9,42978,
2024-01-11 13:00:00+05:30,221.9,222.15,221.9,222,38320,
2024-01-11 13:01:00+05:30,222,222.15,222,222,49074,
2024-01-11 13:02:00+05:30,222,222.1,221.7,221.7,45456,
2024-01-11 13:03:00+05:30,221.7,221.8,221.7,221.7,18460,
2024-01-11 13:04:00+05:30,221.7,221.9,221.7,221.8,37852,
2024-01-11 13:05:00+05:30,221.9,221.9,221.65,221.7,13460,
2024-01-11 13:06:00+05:30,221.7,221.8,221.7,221.7,13380,
2024-01-11 13:07:00+05:30,221.7,221.85,221.7,221.7,40994,
2024-01-11 13:08:00+05:30,221.7,221.85,221.7,221.75,10212,
2024-01-11 13:09:00+05:30,221.75,221.9,221.75,221.8,28064,
2024-01-11 13:10:00+05:30,221.8,221.9,221.75,221.9,7806,
2024-01-11 13:11:00+05:30,221.9,221.9,221.8,221.8,5058,
2024-01-11 13:12:00+05:30,221.8,221.85,221.7,221.7,24304,
2024-01-11 13:13:00+05:30,221.75,221.9,221.7,221.8,10828,
2024-01-11 13:14:00+05:30,221.75,221.8,221.75,221.8,3392,
2024-01-11 13:15:00+05:30,221.8,221.8,221.75,221.8,14004,
2024-01-11 13:16:00+05:30,221.8,222.05,221.8,222,38184,
2024-01-11 13:17:00+05:30,222,222.1,221.9,222,24342,
2024-01-11 13:18:00+05:30,222,222.05,221.95,222,10472,
2024-01-11 13:19:00+05:30,222.05,222.05,221.9,221.9,24908,
2024-01-11 13:20:00+05:30,221.85,221.95,221.8,221.8,24080,
2024-01-11 13:21:00+05:30,221.8,221.95,221.8,221.85,16466,
2024-01-11 13:22:00+05:30,221.85,222.15,221.8,222.1,39960,
2024-01-11 13:23:00+05:30,222,222.15,221.8,221.8,28228,
2024-01-11 13:24:00+05:30,221.8,222,221.8,221.9,11566,
2024-01-11 13:25:00+05:30,221.9,222,221.85,222,9600,
2024-01-11 13:26:00+05:30,222,222.1,222,222,11954,
2024-01-11 13:27:00+05:30,222,222.1,221.8,221.85,27236,
2024-01-11 13:28:00+05:30,221.85,222,221.8,221.8,15418,
2024-01-11 13:29:00+05:30,221.8,221.9,221.75,221.8,17824,
2024-01-11 13:30:00+05:30,221.8,222,221.75,222,50652,
2024-01-11 13:31:00+05:30,221.85,222,221.85,221.95,11920,
2024-01-11 13:32:00+05:30,221.95,222,221.8,221.85,24986,
2024-01-11 13:33:00+05:30,221.9,221.95,221.8,221.95,12004,
2024-01-11 13:34:00+05:30,221.8,222,221.8,221.9,6876,
2024-01-11 13:35:00+05:30,221.9,221.9,221.8,221.8,9806,
2024-01-11 13:36:00+05:30,221.8,221.9,221.8,221.85,9236,
2024-01-11 13:37:00+05:30,221.85,221.9,221.8,221.8,6612,
2024-01-11 13:38:00+05:30,221.8,221.95,221.8,221.9,9360,
2024-01-11 13:39:00+05:30,221.9,221.95,221.85,221.9,4608,
2024-01-11 13:40:00+05:30,221.85,221.9,221.8,221.9,13586,
2024-01-11 13:41:00+05:30,221.8,221.9,221.8,221.8,8920,
2024-01-11 13:42:00+05:30,221.9,221.9,221.8,221.9,17766,
2024-01-11 13:43:00+05:30,221.9,222,221.9,221.9,4896,
2024-01-11 13:44:00+05:30,221.9,222,221.9,222,18374,
2024-01-11 13:45:00+05:30,222,222.05,222,222,17224,
2024-01-11 13:46:00+05:30,222,222.1,222,222,6962,
2024-01-11 13:47:00+05:30,222.05,222.15,222,222,16044,
2024-01-11 13:48:00+05:30,222,222.1,222,222.1,10314,
2024-01-11 13:49:00+05:30,222.1,222.15,222,222.1,23132,
2024-01-11 13:50:00+05:30,222.1,222.3,222.1,222.2,65444,
2024-01-11 13:51:00+05:30,222.2,222.3,222.1,222.15,23522,
2024-01-11 13:52:00+05:30,222.3,222.55,222.2,222.45,112552,
2024-01-11 13:53:00+05:30,222.45,222.55,222.35,222.45,31892,
2024-01-11 13:54:00+05:30,222.45,222.6,222.45,222.6,54196,
2024-01-11 13:55:00+05:30,222.6,223.35,222.55,223.05,259730,
2024-01-11 13:56:00+05:30,223.15,223.35,223.1,223.1,59980,
2024-01-11 13:57:00+05:30,223.05,223.35,223.05,223.25,103784,
2024-01-11 13:58:00+05:30,223.25,223.45,223.1,223.25,128322,
2024-01-11 13:59:00+05:30,223.25,223.45,223.2,223.25,48314,
2024-01-11 14:00:00+05:30,223.25,223.25,222.95,222.95,286024,
2024-01-11 14:01:00+05:30,222.95,223.1,222.9,222.9,19476,
2024-01-11 14:02:00+05:30,222.9,223.1,222.9,223.05,23334,
2024-01-11 14:03:00+05:30,223.05,223.1,222.95,223.05,29960,
2024-01-11 14:04:00+05:30,222.95,223.1,222.7,222.85,83492,
2024-01-11 14:05:00+05:30,222.75,222.85,222.7,222.75,12328,
2024-01-11 14:06:00+05:30,222.85,223.05,222.75,223,25630,
2024-01-11 14:07:00+05:30,223,223.05,222.85,222.95,16074,
2024-01-11 14:08:00+05:30,222.95,223.05,222.8,222.85,14120,
2024-01-11 14:09:00+05:30,222.85,222.95,222.65,222.65,28904,
2024-01-11 14:10:00+05:30,222.65,222.65,222.3,222.35,68316,
2024-01-11 14:11:00+05:30,222.3,222.45,222.1,222.4,36336,
2024-01-11 14:12:00+05:30,222.4,222.4,222.25,222.25,9388,
2024-01-11 14:13:00+05:30,222.25,222.3,221.8,221.95,106188,
2024-01-11 14:14:00+05:30,221.9,222,221.7,221.75,52808,
2024-01-11 14:15:00+05:30,221.75,222.15,221.7,222,24344,
2024-01-11 14:16:00+05:30,222,222.1,221.6,221.7,82294,
2024-01-11 14:17:00+05:30,221.7,221.7,221.6,221.6,27638,
2024-01-11 14:18:00+05:30,221.6,221.65,221.4,221.65,37430,
2024-01-11 14:19:00+05:30,221.65,221.85,221.65,221.7,18910,
2024-01-11 14:20:00+05:30,221.7,222.15,221.65,222,49934,
2024-01-11 14:21:00+05:30,221.9,222.2,221.8,222.1,21972,
2024-01-11 14:22:00+05:30,222.1,222.2,221.95,222.1,20348,
2024-01-11 14:23:00+05:30,222,222.1,221.9,222.05,14344,
2024-01-11 14:24:00+05:30,222.05,222.65,222.05,222.55,37228,
2024-01-11 14:25:00+05:30,222.65,222.75,222.35,222.45,65818,
2024-01-11 14:26:00+05:30,222.45,222.6,222.4,222.45,16388,
2024-01-11 14:27:00+05:30,222.45,222.55,222.4,222.45,16920,
2024-01-11 14:28:00+05:30,222.55,222.6,222.45,222.6,26628,
2024-01-11 14:29:00+05:30,222.55,222.6,222,222.2,232684,
2024-01-11 14:30:00+05:30,222.15,222.3,222.1,222.3,16170,
2024-01-11 14:31:00+05:30,222.3,222.4,222.25,222.3,6876,
2024-01-11 14:32:00+05:30,222.25,222.4,222.1,222.3,17374,
2024-01-11 14:33:00+05:30,222.2,222.4,222.2,222.4,10018,
2024-01-11 14:34:00+05:30,222.4,222.45,222.35,222.45,9278,
2024-01-11 14:35:00+05:30,222.45,222.45,222.4,222.4,10072,
2024-01-11 14:36:00+05:30,222.45,222.45,222.2,222.2,23684,
2024-01-11 14:37:00+05:30,222.2,222.45,222.2,222.4,17810,
2024-01-11 14:38:00+05:30,222.4,222.4,222.3,222.4,12314,
2024-01-11 14:39:00+05:30,222.4,222.5,222.4,222.45,18296,
2024-01-11 14:40:00+05:30,222.45,222.55,222.45,222.45,12882,
2024-01-11 14:41:00+05:30,222.45,222.5,222.2,222.3,34122,
2024-01-11 14:42:00+05:30,222.25,222.35,222.25,222.35,8314,
2024-01-11 14:43:00+05:30,222.35,222.35,222.3,222.3,5964,
2024-01-11 14:44:00+05:30,222.3,222.45,222.3,222.4,13376,
2024-01-11 14:45:00+05:30,222.4,222.55,222.3,222.45,12938,
2024-01-11 14:46:00+05:30,222.45,222.45,222.35,222.4,10208,
2024-01-11 14:47:00+05:30,222.4,222.45,222.4,222.45,9836,
2024-01-11 14:48:00+05:30,222.4,222.45,222.4,222.45,11864,
2024-01-11 14:49:00+05:30,222.45,222.85,222.45,222.85,111012,
2024-01-11 14:50:00+05:30,222.8,223.05,222.75,222.75,228022,
2024-01-11 14:51:00+05:30,222.75,222.8,222.7,222.75,11848,
2024-01-11 14:52:00+05:30,222.75,222.75,222.65,222.7,23602,
2024-01-11 14:53:00+05:30,222.7,222.75,222.65,222.75,12778,
2024-01-11 14:54:00+05:30,222.7,222.85,222.65,222.8,51964,
2024-01-11 14:55:00+05:30,222.8,222.85,222.75,222.8,45634,
2024-01-11 14:56:00+05:30,222.8,222.8,222.75,222.8,5880,
2024-01-11 14:57:00+05:30,222.75,222.8,222.6,222.65,17802,
2024-01-11 14:58:00+05:30,222.6,222.7,222.6,222.65,37212,
2024-01-11 14:59:00+05:30,222.65,222.8,222.4,222.4,31962,
2024-01-11 15:00:00+05:30,222.55,222.55,222.45,222.5,41332,
2024-01-11 15:01:00+05:30,222.45,222.55,222.2,222.4,74874,
2024-01-11 15:02:00+05:30,222.4,222.4,222.2,222.25,21824,
2024-01-11 15:03:00+05:30,222.3,222.3,222.2,222.25,15414,
2024-01-11 15:04:00+05:30,222.3,222.45,222.25,222.35,64466,
2024-01-11 15:05:00+05:30,222.3,222.35,222.2,222.3,52864,
2024-01-11 15:06:00+05:30,222.35,222.4,222.3,222.4,24730,
2024-01-11 15:07:00+05:30,222.4,222.4,222.2,222.2,41512,
2024-01-11 15:08:00+05:30,222.25,222.4,222,222.1,288476,
2024-01-11 15:09:00+05:30,222.05,222.3,222,222.2,30836,
2024-01-11 15:10:00+05:30,222.2,222.45,222.2,222.45,93632,
2024-01-11 15:11:00+05:30,222.4,222.45,222.4,222.4,27470,
2024-01-11 15:12:00+05:30,222.4,222.4,222.4,222.4,84556,
2024-01-11 15:13:00+05:30,222.4,222.4,222.4,222.4,51246,
2024-01-11 15:14:00+05:30,222.4,222.45,222.4,222.45,71928,
2024-01-11 15:15:00+05:30,222.4,222.45,222.4,222.4,59726,
2024-01-11 15:16:00+05:30,222.4,222.4,222.4,222.4,76538,
2024-01-11 15:17:00+05:30,222.4,222.4,222.4,222.4,57690,
2024-01-11 15:18:00+05:30,222.4,222.4,222.4,222.4,75372,
2024-01-11 15:19:00+05:30,222.4,222.45,222.1,222.1,95290,
2024-01-11 15:20:00+05:30,222.1,222.1,221.9,222,101556,
2024-01-11 15:21:00+05:30,222,222.2,221.9,222.1,72338,
2024-01-11 15:22:00+05:30,222.05,222.25,222,222.15,66022,
2024-01-11 15:23:00+05:30,222.15,222.15,221.9,222,47820,
2024-01-11 15:24:00+05:30,222,222.1,221.95,222,115444,
2024-01-11 15:25:00+05:30,222.05,222.1,221.95,222,62934,
2024-01-11 15:26:00+05:30,222,222.2,221.95,222.1,112266,
2024-01-11 15:27:00+05:30,222,222.2,221.95,222.1,38740,
2024-01-11 15:28:00+05:30,222.1,222.3,222,222.1,38522,
2024-01-11 15:29:00+05:30,222.2,222.25,221.9,222.2,52904,
2024-01-12 09:15:00+05:30,222.4,222.75,221.5,221.9,133050,
2024-01-12 09:16:00+05:30,221.95,222.85,221.95,222.75,91882,
2024-01-12 09:17:00+05:30,222.5,222.85,222.3,222.35,68134,
2024-01-12 09:18:00+05:30,222.35,222.4,221.65,222.2,77592,
2024-01-12 09:19:00+05:30,222.1,222.2,221.45,221.5,50652,
2024-01-12 09:20:00+05:30,221.6,221.85,221.4,221.6,38904,
2024-01-12 09:21:00+05:30,221.6,222,221.6,221.75,26620,
2024-01-12 09:22:00+05:30,221.8,222,221.65,221.95,20286,
2024-01-12 09:23:00+05:30,222,222.25,221.8,222.25,28446,
2024-01-12 09:24:00+05:30,222.15,222.25,221.7,221.75,15844,
2024-01-12 09:25:00+05:30,221.8,221.8,221.15,221.5,91164,
2024-01-12 09:26:00+05:30,221.4,221.65,221.35,221.45,78280,
2024-01-12 09:27:00+05:30,221.45,221.5,221.2,221.4,33860,
2024-01-12 09:28:00+05:30,221.4,221.5,221.2,221.45,23534,
2024-01-12 09:29:00+05:30,221.45,221.45,221.3,221.3,14390,
2024-01-12 09:30:00+05:30,221.3,221.45,221.3,221.3,29434,
2024-01-12 09:31:00+05:30,221.3,221.4,221.2,221.4,39936,
2024-01-12 09:32:00+05:30,221.4,221.4,220.9,221,52714,
2024-01-12 09:33:00+05:30,221,221.1,220.85,220.9,50364,
2024-01-12 09:34:00+05:30,221,221.35,220.9,221.2,31660,
2024-01-12 09:35:00+05:30,221.1,221.2,221.1,221.1,10594,
2024-01-12 09:36:00+05:30,221.1,221.2,220.95,221.05,27670,
2024-01-12 09:37:00+05:30,221,221,220.75,220.9,34382,
2024-01-12 09:38:00+05:30,220.85,221,220.85,220.85,12288,
2024-01-12 09:39:00+05:30,220.85,220.85,220.7,220.8,19690,
2024-01-12 09:40:00+05:30,220.75,220.9,220.7,220.9,17248,
2024-01-12 09:41:00+05:30,220.85,221,220.8,220.85,35286,
2024-01-12 09:42:00+05:30,220.75,220.9,220.5,220.85,143982,
2024-01-12 09:43:00+05:30,220.85,220.85,220.8,220.85,13190,
2024-01-12 09:44:00+05:30,220.85,220.9,220.8,220.8,9318,
2024-01-12 09:45:00+05:30,220.8,221,220.8,220.9,8522,
2024-01-12 09:46:00+05:30,221,221,220.9,220.95,14596,
2024-01-12 09:47:00+05:30,220.95,221.35,220.9,221.15,35198,
2024-01-12 09:48:00+05:30,221.2,221.4,221.15,221.4,19484,
2024-01-12 09:49:00+05:30,221.5,221.6,221.4,221.5,28672,
2024-01-12 09:50:00+05:30,221.5,221.5,221.3,221.4,18064,
2024-01-12 09:51:00+05:30,221.3,221.4,221.2,221.3,19120,
2024-01-12 09:52:00+05:30,221.3,221.3,221.1,221.25,23890,
2024-01-12 09:53:00+05:30,221.2,221.3,221,221,20282,
2024-01-12 09:54:00+05:30,221,221.15,220.9,221,34810,
2024-01-12 09:55:00+05:30,221,221.3,220.95,221.1,12406,
2024-01-12 09:56:00+05:30,221.05,221.1,220.9,220.95,6816,
2024-01-12 09:57:00+05:30,221,221.05,220.9,221,5148,
2024-01-12 09:58:00+05:30,221,221.2,221,221.2,6710,
2024-01-12 09:59:00+05:30,221.2,221.25,221.1,221.2,9230,
2024-01-12 10:00:00+05:30,221.2,221.3,221.1,221.1,8850,
2024-01-12 10:01:00+05:30,221.1,221.25,221.1,221.25,4806,
2024-01-12 10:02:00+05:30,221.25,221.25,221.1,221.1,10460,
2024-01-12 10:03:00+05:30,221.1,221.2,221.1,221.2,7816,
2024-01-12 10:04:00+05:30,221.15,221.4,221.15,221.3,8158,
2024-01-12 10:05:00+05:30,221.3,221.35,221.1,221.1,17088,
2024-01-12 10:06:00+05:30,221.1,221.3,221.1,221.15,7476,
2024-01-12 10:07:00+05:30,221.15,221.3,221.1,221.2,9132,
2024-01-12 10:08:00+05:30,221.1,221.3,221.1,221.1,7374,
2024-01-12 10:09:00+05:30,221.2,221.3,221.1,221.1,12978,
2024-01-12 10:10:00+05:30,221.1,221.2,221,221.05,13564,
2024-01-12 10:11:00+05:30,221.05,221.1,221,221.1,4224,
2024-01-12 10:12:00+05:30,221.1,221.1,220.95,220.95,13078,
2024-01-12 10:13:00+05:30,220.95,221.1,220.9,220.9,11250,
2024-01-12 10:14:00+05:30,220.9,220.9,220.75,220.85,19156,
2024-01-12 10:15:00+05:30,220.85,221,220.75,220.9,21822,
2024-01-12 10:16:00+05:30,220.9,221,220.8,220.9,7994,
2024-01-12 10:17:00+05:30,220.85,221,220.85,221,9146,
2024-01-12 10:18:00+05:30,220.9,221.1,220.9,221,21348,
2024-01-12 10:19:00+05:30,221,221,220.9,221,5042,
2024-01-12 10:20:00+05:30,221,221,220.9,221,6318,
2024-01-12 10:21:00+05:30,221,221,220.9,220.95,3174,
2024-01-12 10:22:00+05:30,221,221.05,220.95,221,9832,
2024-01-12 10:23:00+05:30,221,221.1,220.95,221,30600,
2024-01-12 10:24:00+05:30,221,221.9,220.9,221.75,265744,
2024-01-12 10:25:00+05:30,221.75,221.8,221.55,221.6,23960,
2024-01-12 10:26:00+05:30,221.6,222,221.6,221.8,19908,
2024-01-12 10:27:00+05:30,221.9,221.9,221.8,221.85,9094,
2024-01-12 10:28:00+05:30,221.85,221.9,221.7,221.9,20800,
2024-01-12 10:29:00+05:30,221.9,221.9,221.6,221.8,14918,
2024-01-12 10:30:00+05:30,221.8,221.8,221.55,221.65,4520,
2024-01-12 10:31:00+05:30,221.65,221.8,221.6,221.8,12856,
2024-01-12 10:32:00+05:30,221.8,221.9,221.7,221.75,24510,
2024-01-12 10:33:00+05:30,221.75,221.9,221.75,221.85,2400,
2024-01-12 10:34:00+05:30,221.85,222,221.8,221.8,24846,
2024-01-12 10:35:00+05:30,221.8,221.95,221.8,221.9,2326,
2024-01-12 10:36:00+05:30,221.9,221.9,221.8,221.8,7774,
2024-01-12 10:37:00+05:30,221.8,221.9,221.7,221.9,26938,
2024-01-12 10:38:00+05:30,221.8,221.9,221.8,221.9,5528,
2024-01-12 10:39:00+05:30,221.9,221.9,221.8,221.85,10228,
2024-01-12 10:40:00+05:30,221.85,222.3,221.8,222.25,53042,
2024-01-12 10:41:00+05:30,222.3,222.4,222.05,222.05,40520,
2024-01-12 10:42:00+05:30,222.05,222.1,221.9,221.95,22354,
2024-01-12 10:43:00+05:30,222.05,222.05,221.85,221.9,10602,
2024-01-12 10:44:00+05:30,221.9,222,221.85,221.85,5322,
2024-01-12 10:45:00+05:30,221.85,222,221.8,221.85,15714,
2024-01-12 10:46:00+05:30,221.9,222,221.8,221.85,9052,
2024-01-12 10:47:00+05:30,221.8,221.85,221.75,221.85,6052,
2024-01-12 10:48:00+05:30,221.85,222,221.75,221.9,13242,
2024-01-12 10:49:00+05:30,222,222,221.75,221.75,8118,
2024-01-12 10:50:00+05:30,221.75,221.85,221.7,221.8,7884,
2024-01-12 10:51:00+05:30,221.8,221.8,221.7,221.8,8206,
2024-01-12 10:52:00+05:30,221.8,221.8,221.7,221.8,5174,
2024-01-12 10:53:00+05:30,221.7,221.8,221.7,221.7,2762,
2024-01-12 10:54:00+05:30,221.7,221.8,221.7,221.8,5470,
2024-01-12 10:55:00+05:30,221.8,222,221.75,222,10206,
2024-01-12 10:56:00+05:30,222,222.1,221.9,222.05,31718,
2024-01-12 10:57:00+05:30,222.05,222.1,222,222.05,10078,
2024-01-12 10:58:00+05:30,222.05,222.25,222,222.25,16290,
2024-01-12 10:59:00+05:30,222.15,222.25,222.1,222.1,8470,
2024-01-12 11:00:00+05:30,222.1,222.35,222.1,222.3,13542,
2024-01-12 11:01:00+05:30,222.3,222.3,222.2,222.2,4246,
2024-01-12 11:02:00+05:30,222.3,222.35,222.1,222.25,18976,
2024-01-12 11:03:00+05:30,222.3,222.35,222.15,222.25,7680,
2024-01-12 11:04:00+05:30,222.1,222.3,222.1,222.3,20876,
2024-01-12 11:05:00+05:30,222.3,222.3,222.2,222.3,8872,
2024-01-12 11:06:00+05:30,222.3,222.3,222.15,222.15,2772,
2024-01-12 11:07:00+05:30,222.15,222.25,222.15,222.2,3536,
2024-01-12 11:08:00+05:30,222.2,222.65,222.15,222.2,80864,
2024-01-12 11:09:00+05:30,222.2,222.2,222.1,222.15,11280,
2024-01-12 11:10:00+05:30,222.15,222.3,222.05,222.05,5168,
2024-01-12 11:11:00+05:30,222.1,222.2,222.05,222.1,4290,
2024-01-12 11:12:00+05:30,222.1,222.15,222.1,222.1,2526,
2024-01-12 11:13:00+05:30,222.1,222.4,222.1,222.25,14446,
2024-01-12 11:14:00+05:30,222.2,222.4,222.1,222.15,11176,
2024-01-12 11:15:00+05:30,222.3,222.3,222.1,222.1,4340,
2024-01-12 11:16:00+05:30,222.1,222.2,222.1,222.1,5558,
2024-01-12 11:17:00+05:30,222.1,222.15,222.05,222.05,8544,
2024-01-12 11:18:00+05:30,222.05,222.15,222.05,222.1,5892,
2024-01-12 11:19:00+05:30,222.1,222.2,222.1,222.15,1266,
2024-01-12 11:20:00+05:30,222.15,222.35,222.1,222.2,18140,
2024-01-12 11:21:00+05:30,222.3,222.4,222.2,222.4,18488,
2024-01-12 11:22:00+05:30,222.4,222.4,222.3,222.35,15722,
2024-01-12 11:23:00+05:30,222.4,222.45,222.35,222.4,22770,
2024-01-12 11:24:00+05:30,222.45,222.45,222.3,222.4,18966,
2024-01-12 11:25:00+05:30,222.4,222.45,222.3,222.3,50108,
2024-01-12 11:26:00+05:30,222.4,222.4,222.2,222.3,13048,
2024-01-12 11:27:00+05:30,222.3,222.3,222.1,222.1,5084,
2024-01-12 11:28:00+05:30,222.15,222.15,222.05,222.1,3738,
2024-01-12 11:29:00+05:30,222.15,222.15,222.05,222.1,4726,
2024-01-12 11:30:00+05:30,222.1,222.1,222.05,222.05,1818,
2024-01-12 11:31:00+05:30,222.1,222.1,221.8,221.8,20102,
2024-01-12 11:32:00+05:30,221.8,221.95,221.75,221.85,7638,
2024-01-12 11:33:00+05:30,221.85,221.9,221.7,221.7,6974,
2024-01-12 11:34:00+05:30,221.7,221.85,221.7,221.8,5196,
2024-01-12 11:35:00+05:30,221.8,221.8,221.8,221.8,1310,
2024-01-12 11:36:00+05:30,221.8,221.8,221.6,221.6,12004,
2024-01-12 11:37:00+05:30,221.7,221.7,221.5,221.6,10426,
2024-01-12 11:38:00+05:30,221.6,221.6,221.5,221.6,5116,
2024-01-12 11:39:00+05:30,221.6,221.6,221.5,221.55,3332,
2024-01-12 11:40:00+05:30,221.55,221.55,221.2,221.3,31026,
2024-01-12 11:41:00+05:30,221.3,221.4,221.2,221.25,7982,
2024-01-12 11:42:00+05:30,221.25,221.5,221.25,221.4,20934,
2024-01-12 11:43:00+05:30,221.4,221.5,221.4,221.4,3850,
2024-01-12 11:44:00+05:30,221.4,221.45,221.25,221.25,36446,
2024-01-12 11:45:00+05:30,221.25,221.6,221.25,221.55,11254,
2024-01-12 11:46:00+05:30,221.55,221.55,221.4,221.5,3396,
2024-01-12 11:47:00+05:30,221.5,221.55,221.4,221.55,4106,
2024-01-12 11:48:00+05:30,221.55,221.6,221.5,221.55,5880,
2024-01-12 11:49:00+05:30,221.55,221.55,221.45,221.5,7994,
2024-01-12 11:50:00+05:30,221.5,221.6,221.5,221.5,3120,
2024-01-12 11:51:00+05:30,221.55,221.55,221.5,221.5,816,
2024-01-12 11:52:00+05:30,221.5,221.6,221.5,221.6,7012,
2024-01-12 11:53:00+05:30,221.6,221.65,221.45,221.45,8864,
2024-01-12 11:54:00+05:30,221.5,221.6,221.45,221.55,4398,
2024-01-12 11:55:00+05:30,221.55,221.6,221.5,221.6,5220,
2024-01-12 11:56:00+05:30,221.6,221.6,221.5,221.6,11526,
2024-01-12 11:57:00+05:30,221.6,221.7,221.5,221.55,5232,
2024-01-12 11:58:00+05:30,221.6,221.6,221.5,221.6,5686,
2024-01-12 11:59:00+05:30,221.6,221.6,221.3,221.3,15024,
2024-01-12 12:00:00+05:30,221.4,221.4,221.2,221.2,8242,
2024-01-12 12:01:00+05:30,221.3,221.4,221.2,221.25,10898,
2024-01-12 12:02:00+05:30,221.25,221.25,221.1,221.1,12756,
2024-01-12 12:03:00+05:30,221.1,221.2,221.1,221.2,5770,
2024-01-12 12:04:00+05:30,221.2,221.2,221.1,221.1,6610,
2024-01-12 12:05:00+05:30,221.2,221.3,221.1,221.3,13828,
2024-01-12 12:06:00+05:30,221.2,221.3,221.15,221.15,5686,
2024-01-12 12:07:00+05:30,221.2,221.35,221.1,221.3,8298,
2024-01-12 12:08:00+05:30,221.3,221.3,221.25,221.25,1404,
2024-01-12 12:09:00+05:30,221.25,221.3,221.25,221.3,3324,
2024-01-12 12:10:00+05:30,221.3,221.4,221.3,221.3,7004,
2024-01-12 12:11:00+05:30,221.3,221.3,221.2,221.3,6516,
2024-01-12 12:12:00+05:30,221.3,221.35,221.2,221.2,12856,
2024-01-12 12:13:00+05:30,221.3,221.3,221.2,221.25,970,
2024-01-12 12:14:00+05:30,221.25,221.3,221.2,221.25,9560,
2024-01-12 12:15:00+05:30,221.25,221.3,221.25,221.25,4078,
2024-01-12 12:16:00+05:30,221.3,221.3,221.25,221.3,2212,
2024-01-12 12:17:00+05:30,221.3,221.4,221.3,221.3,6116,
2024-01-12 12:18:00+05:30,221.4,221.5,221.3,221.5,6778,
2024-01-12 12:19:00+05:30,221.5,221.5,221.45,221.45,3394,
2024-01-12 12:20:00+05:30,221.5,221.5,221.4,221.5,3692,
2024-01-12 12:21:00+05:30,221.5,221.5,221.4,221.4,6952,
2024-01-12 12:22:00+05:30,221.4,221.55,221.4,221.5,6912,
2024-01-12 12:23:00+05:30,221.55,221.6,221.3,221.3,18238,
2024-01-12 12:24:00+05:30,221.4,221.4,221.3,221.3,2466,
2024-01-12 12:25:00+05:30,221.35,221.4,221.3,221.3,1684,
2024-01-12 12:26:00+05:30,221.4,221.4,221.3,221.3,4774,
2024-01-12 12:27:00+05:30,221.4,221.4,221.3,221.3,3056,
2024-01-12 12:28:00+05:30,221.35,221.4,221.25,221.25,6636,
2024-01-12 12:29:00+05:30,221.25,221.4,221.2,221.35,4458,
2024-01-12 12:30:00+05:30,221.35,221.4,221.2,221.2,7162,
2024-01-12 12:31:00+05:30,221.25,221.4,221.2,221.3,12330,
2024-01-12 12:32:00+05:30,221.3,221.3,221.2,221.2,6174,
2024-01-12 12:33:00+05:30,221.25,221.25,221.15,221.2,5044,
2024-01-12 12:34:00+05:30,221.2,221.2,220.95,221,23378,
2024-01-12 12:35:00+05:30,221,221.1,220.95,221,7708,
2024-01-12 12:36:00+05:30,221,221,220.95,221,5630,
2024-01-12 12:37:00+05:30,221,221,220.9,221,26816,
2024-01-12 12:38:00+05:30,221,221,220.85,220.9,29600,
2024-01-12 12:39:00+05:30,220.9,220.9,220.85,220.85,7580,
2024-01-12 12:40:00+05:30,220.85,220.9,220.85,220.85,5008,
2024-01-12 12:41:00+05:30,220.85,220.9,220.85,220.85,8646,
2024-01-12 12:42:00+05:30,220.9,220.9,220.85,220.9,1516,
2024-01-12 12:43:00+05:30,220.9,220.9,220.85,220.85,2110,
2024-01-12 12:44:00+05:30,220.9,221,220.85,220.85,7420,
2024-01-12 12:45:00+05:30,220.85,220.95,220.85,220.85,3412,
2024-01-12 12:46:00+05:30,220.9,220.9,220.8,220.8,16350,
2024-01-12 12:47:00+05:30,220.85,220.9,220.8,220.85,11734,
2024-01-12 12:48:00+05:30,220.85,221,220.8,220.85,22144,
2024-01-12 12:49:00+05:30,221,221,220.85,220.85,5028,
2024-01-12 12:50:00+05:30,220.85,220.9,220.8,220.85,19898,
2024-01-12 12:51:00+05:30,220.9,220.9,220.8,220.9,5596,
2024-01-12 12:52:00+05:30,220.9,220.95,220.85,220.95,9416,
2024-01-12 12:53:00+05:30,220.95,221,220.9,220.9,19784,
2024-01-12 12:54:00+05:30,220.9,221,220.85,220.85,4760,
2024-01-12 12:55:00+05:30,220.85,221,220.85,221,47872,
2024-01-12 12:56:00+05:30,221,221,220.85,221,9612,
2024-01-12 12:57:00+05:30,220.9,221,220.9,220.9,13668,
2024-01-12 12:58:00+05:30,220.95,221,220.9,220.9,5164,
2024-01-12 12:59:00+05:30,220.95,221,220.9,221,46978,
2024-01-12 13:00:00+05:30,221,221,220.9,221,27408,
2024-01-12 13:01:00+05:30,221,221,220.9,220.95,14938,
2024-01-12 13:02:00+05:30,221,221,220.9,220.9,6940,
2024-01-12 13:03:00+05:30,220.9,221,220.9,221,11622,
2024-01-12 13:04:00+05:30,221,221,220.9,220.9,2088,
2024-01-12 13:05:00+05:30,220.9,220.9,220.85,220.85,15654,
2024-01-12 13:06:00+05:30,220.85,220.85,220.8,220.85,14618,
2024-01-12 13:07:00+05:30,220.85,220.85,220.75,220.8,15140,
2024-01-12 13:08:00+05:30,220.8,220.85,220.75,220.85,9442,
2024-01-12 13:09:00+05:30,220.85,220.9,220.85,220.85,43640,
2024-01-12 13:10:00+05:30,220.85,220.85,220.85,220.85,15654,
2024-01-12 13:11:00+05:30,220.85,221,220.85,220.85,45004,
2024-01-12 13:12:00+05:30,220.9,220.9,220.85,220.85,17334,
2024-01-12 13:13:00+05:30,220.9,220.9,220.85,220.85,9888,
2024-01-12 13:14:00+05:30,220.85,220.9,220.75,220.9,21082,
2024-01-12 13:15:00+05:30,220.9,220.9,220.75,220.8,9376,
2024-01-12 13:16:00+05:30,220.85,220.85,220.65,220.75,64628,
2024-01-12 13:17:00+05:30,220.75,220.85,220.75,220.75,2598,
2024-01-12 13:18:00+05:30,220.75,220.75,220.7,220.75,13908,
2024-01-12 13:19:00+05:30,220.75,220.75,220.7,220.75,20238,
2024-01-12 13:20:00+05:30,220.75,220.75,220.7,220.75,7536,
2024-01-12 13:21:00+05:30,220.75,221.2,220.75,220.9,432210,
2024-01-12 13:22:00+05:30,221,221.8,220.9,221.05,160348,
2024-01-12 13:23:00+05:30,221.1,221.1,220.75,220.9,30516,
2024-01-12 13:24:00+05:30,220.9,221,220.85,220.9,37962,
2024-01-12 13:25:00+05:30,220.9,220.9,220.8,220.85,10306,
2024-01-12 13:26:00+05:30,220.85,221.1,220.85,221,13570,
2024-01-12 13:27:00+05:30,220.9,221.05,220.9,221,15888,
2024-01-12 13:28:00+05:30,221,221.05,220.9,220.95,8948,
2024-01-12 13:29:00+05:30,221,221.1,220.9,221.1,19140,
2024-01-12 13:30:00+05:30,221.1,221.1,221,221,14850,
2024-01-12 13:31:00+05:30,221.1,221.35,221,221.35,74616,
2024-01-12 13:32:00+05:30,221.4,221.4,221.1,221.15,22948,
2024-01-12 13:33:00+05:30,221.15,221.7,221.15,221.65,124458,
2024-01-12 13:34:00+05:30,221.75,221.85,221.6,221.8,87850,
2024-01-12 13:35:00+05:30,221.8,222.2,221.6,222.1,201600,
2024-01-12 13:36:00+05:30,222.1,222.45,222.1,222.4,99580,
2024-01-12 13:37:00+05:30,222.4,222.45,222.15,222.35,47552,
2024-01-12 13:38:00+05:30,222.25,222.35,222,222.15,61064,
2024-01-12 13:39:00+05:30,222.15,222.2,221.9,222.1,79158,
2024-01-12 13:40:00+05:30,222.1,222.2,222.05,222.05,66410,
2024-01-12 13:41:00+05:30,222.05,222.45,222,222.4,109560,
2024-01-12 13:42:00+05:30,222.4,222.55,222.4,222.45,34730,
2024-01-12 13:43:00+05:30,222.45,222.45,222.2,222.3,23516,
2024-01-12 13:44:00+05:30,222.3,222.35,222.15,222.15,43190,
2024-01-12 13:45:00+05:30,222.15,222.7,222.15,222.6,195308,
2024-01-12 13:46:00+05:30,222.6,223.05,222.55,222.55,387472,
2024-01-12 13:47:00+05:30,222.55,222.55,222.25,222.35,54312,
2024-01-12 13:48:00+05:30,222.35,222.35,222.3,222.35,20736,
2024-01-12 13:49:00+05:30,222.35,222.45,222.3,222.35,42344,
2024-01-12 13:50:00+05:30,222.4,222.55,222.35,222.4,24508,
2024-01-12 13:51:00+05:30,222.4,222.85,222.35,222.75,58700,
2024-01-12 13:52:00+05:30,222.85,223.35,222.85,222.95,168488,
2024-01-12 13:53:00+05:30,222.95,223.4,222.95,223.35,182054,
2024-01-12 13:54:00+05:30,223.35,223.35,222.85,222.85,330986,
2024-01-12 13:55:00+05:30,222.95,223.25,222.6,222.65,180032,
2024-01-12 13:56:00+05:30,222.65,222.85,222.6,222.75,39912,
2024-01-12 13:57:00+05:30,222.6,223.05,222.6,222.7,59404,
2024-01-12 13:58:00+05:30,222.7,222.8,222.6,222.6,11854,
2024-01-12 13:59:00+05:30,222.55,222.65,222.55,222.55,24114,
2024-01-12 14:00:00+05:30,222.55,222.85,222.55,222.85,46948,
2024-01-12 14:01:00+05:30,222.85,222.85,222.7,222.7,29018,
2024-01-12 14:02:00+05:30,222.75,223.1,222.75,223.05,115198,
2024-01-12 14:03:00+05:30,222.95,223.05,222.8,222.8,77132,
2024-01-12 14:04:00+05:30,222.8,222.85,222.75,222.75,38130,
2024-01-12 14:05:00+05:30,222.75,222.8,222.55,222.55,32494,
2024-01-12 14:06:00+05:30,222.55,222.65,222.3,222.3,50590,
2024-01-12 14:07:00+05:30,222.3,222.4,222.3,222.3,9706,
2024-01-12 14:08:00+05:30,222.3,222.3,222.2,222.25,8606,
2024-01-12 14:09:00+05:30,222.3,222.3,221.95,222,29930,
2024-01-12 14:10:00+05:30,222.1,222.15,222,222.05,13514,
2024-01-12 14:11:00+05:30,222.05,222.05,221.8,221.8,47874,
2024-01-12 14:12:00+05:30,221.85,221.9,221.7,221.9,41472,
2024-01-12 14:13:00+05:30,221.9,221.9,221.75,221.8,28746,
2024-01-12 14:14:00+05:30,221.8,221.9,221.8,221.9,26686,
2024-01-12 14:15:00+05:30,221.8,221.9,221.75,221.75,32626,
2024-01-12 14:16:00+05:30,221.75,221.9,221.75,221.9,40332,
2024-01-12 14:17:00+05:30,221.8,221.9,221.75,221.9,9866,
2024-01-12 14:18:00+05:30,221.85,221.9,221.7,221.7,30980,
2024-01-12 14:19:00+05:30,221.7,221.8,221.7,221.7,57300,
2024-01-12 14:20:00+05:30,221.7,221.9,221.7,221.75,15448,
2024-01-12 14:21:00+05:30,221.75,221.9,221.75,221.9,15514,
2024-01-12 14:22:00+05:30,221.8,221.9,221.75,221.85,24052,
2024-01-12 14:23:00+05:30,221.9,222.1,221.8,222.1,13400,
2024-01-12 14:24:00+05:30,222.1,222.1,221.95,222,11878,
2024-01-12 14:25:00+05:30,222.1,222.1,221.9,221.9,19464,
2024-01-12 14:26:00+05:30,222,222,221.85,222,9158,
2024-01-12 14:27:00+05:30,222,222,221.9,222,6460,
2024-01-12 14:28:00+05:30,222.05,222.05,221.9,222,54838,
2024-01-12 14:29:00+05:30,222,222.1,221.9,222,10564,
2024-01-12 14:30:00+05:30,222,222.1,221.95,222,19550,
2024-01-12 14:31:00+05:30,222.05,222.1,222,222,10580,
2024-01-12 14:32:00+05:30,222,222.1,221.9,222,7566,
2024-01-12 14:33:00+05:30,221.9,222.1,221.9,222.05,11902,
2024-01-12 14:34:00+05:30,222.05,222.1,222,222,9756,
2024-01-12 14:35:00+05:30,222,222.1,222,222.1,19926,
2024-01-12 14:36:00+05:30,222.1,222.1,222,222,10712,
2024-01-12 14:37:00+05:30,222.1,222.1,222,222,48788,
2024-01-12 14:38:00+05:30,222,222.1,222,222.1,18872,
2024-01-12 14:39:00+05:30,222,222.3,222,222.25,48852,
2024-01-12 14:40:00+05:30,222.3,222.35,222.2,222.3,24118,
2024-01-12 14:41:00+05:30,222.3,222.3,222.05,222.2,29456,
2024-01-12 14:42:00+05:30,222.1,222.35,222.1,222.3,24454,
2024-01-12 14:43:00+05:30,222.3,222.45,222.2,222.45,50222,
2024-01-12 14:44:00+05:30,222.45,222.5,222.4,222.45,93154,
2024-01-12 14:45:00+05:30,222.45,222.45,222.4,222.4,29040,
2024-01-12 14:46:00+05:30,222.4,222.45,222.4,222.4,10374,
2024-01-12 14:47:00+05:30,222.4,222.45,222.4,222.4,99792,
2024-01-12 14:48:00+05:30,222.45,222.45,222.15,222.2,59080,
2024-01-12 14:49:00+05:30,222.2,222.4,222.05,222.1,126522,
2024-01-12 14:50:00+05:30,222.1,222.55,222.1,222.5,123340,
2024-01-12 14:51:00+05:30,222.45,222.5,222.4,222.4,72146,
2024-01-12 14:52:00+05:30,222.4,222.45,222.4,222.45,16830,
2024-01-12 14:53:00+05:30,222.45,222.45,222.2,222.2,39802,
2024-01-12 14:54:00+05:30,222.2,222.4,222.2,222.4,11196,
2024-01-12 14:55:00+05:30,222.3,222.4,222.25,222.3,41086,
2024-01-12 14:56:00+05:30,222.35,222.4,222.25,222.4,51324,
2024-01-12 14:57:00+05:30,222.4,222.4,222.3,222.4,13420,
2024-01-12 14:58:00+05:30,222.4,222.45,222.4,222.4,91740,
2024-01-12 14:59:00+05:30,222.4,222.45,222.4,222.4,12242,
2024-01-12 15:00:00+05:30,222.4,222.45,222.4,222.45,39392,
2024-01-12 15:01:00+05:30,222.45,222.55,222.4,222.55,95292,
2024-01-12 15:02:00+05:30,222.5,222.65,222.5,222.6,49680,
2024-01-12 15:03:00+05:30,222.65,222.65,222.55,222.55,101636,
2024-01-12 15:04:00+05:30,222.55,222.6,222.5,222.55,43444,
2024-01-12 15:05:00+05:30,222.55,222.55,222.35,222.4,34842,
2024-01-12 15:06:00+05:30,222.35,222.4,222.2,222.25,96242,
2024-01-12 15:07:00+05:30,222.35,222.35,222.1,222.2,51586,
2024-01-12 15:08:00+05:30,222.2,222.25,221.85,221.85,171858,
2024-01-12 15:09:00+05:30,221.9,221.9,221.65,221.65,41052,
2024-01-12 15:10:00+05:30,221.65,221.8,221.6,221.8,35944,
2024-01-12 15:11:00+05:30,221.9,221.9,221.8,221.9,25206,
2024-01-12 15:12:00+05:30,221.9,221.9,221.85,221.85,20086,
2024-01-12 15:13:00+05:30,221.85,221.9,221.8,221.85,22030,
2024-01-12 15:14:00+05:30,221.85,221.9,221.8,221.8,36660,
2024-01-12 15:15:00+05:30,221.8,221.9,221.8,221.9,60174,
2024-01-12 15:16:00+05:30,221.85,222.2,221.85,222.2,86078,
2024-01-12 15:17:00+05:30,222.2,222.25,221.9,221.9,78292,
2024-01-12 15:18:00+05:30,221.9,222,221.9,221.9,34644,
2024-01-12 15:19:00+05:30,221.9,221.9,221.85,221.85,34612,
2024-01-12 15:20:00+05:30,221.85,221.9,221.8,221.8,56848,
2024-01-12 15:21:00+05:30,221.8,221.85,221.8,221.8,43738,
2024-01-12 15:22:00+05:30,221.8,221.85,221.8,221.8,26096,
2024-01-12 15:23:00+05:30,221.8,221.8,221.6,221.6,31974,
2024-01-12 15:24:00+05:30,221.55,221.8,221.55,221.8,59834,
2024-01-12 15:25:00+05:30,221.75,221.9,221.6,221.85,54478,
2024-01-12 15:26:00+05:30,221.85,221.9,221.8,221.8,40168,
2024-01-12 15:27:00+05:30,221.8,221.85,221.7,221.8,39536,
2024-01-12 15:28:00+05:30,221.8,222.3,221.8,222,88348,
2024-01-12 15:29:00+05:30,222,222,221.4,221.9,163236,
2024-01-15 09:15:00+05:30,222.85,223.75,222.6,223.45,88226,
2024-01-15 09:16:00+05:30,223.55,223.85,222.95,223,109078,
2024-01-15 09:17:00+05:30,223.1,223.45,222.95,223.45,42266,
2024-01-15 09:18:00+05:30,223.45,223.85,223.35,223.65,70092,
2024-01-15 09:19:00+05:30,223.65,223.8,222.95,223.05,66522,
2024-01-15 09:20:00+05:30,223.1,223.2,222.85,223,68168,
2024-01-15 09:21:00+05:30,223,223.55,223,223.4,66154,
2024-01-15 09:22:00+05:30,223.4,223.6,223.15,223.35,61438,
2024-01-15 09:23:00+05:30,223.35,223.35,223.25,223.35,48718,
2024-01-15 09:24:00+05:30,223.35,223.6,223.25,223.6,55124,
2024-01-15 09:25:00+05:30,223.55,223.65,223.15,223.35,50902,
2024-01-15 09:26:00+05:30,223.25,223.35,223.2,223.3,15250,
2024-01-15 09:27:00+05:30,223.35,223.35,222.5,222.7,102320,
2024-01-15 09:28:00+05:30,222.75,222.85,222.7,222.75,22264,
2024-01-15 09:29:00+05:30,222.65,223,222.65,222.9,16868,
2024-01-15 09:30:00+05:30,222.95,222.95,222.55,222.55,22128,
2024-01-15 09:31:00+05:30,222.55,222.85,222.55,222.85,18088,
2024-01-15 09:32:00+05:30,222.85,222.85,222.55,222.65,13964,
2024-01-15 09:33:00+05:30,222.65,222.85,222.55,222.75,21820,
2024-01-15 09:34:00+05:30,222.75,222.95,222.65,222.75,33936,
2024-01-15 09:35:00+05:30,222.75,222.95,222.65,222.65,30362,
2024-01-15 09:36:00+05:30,222.65,222.95,222.65,222.85,28896,
2024-01-15 09:37:00+05:30,222.9,222.9,222.55,222.55,25566,
2024-01-15 09:38:00+05:30,222.55,222.65,222.4,222.4,15436,
2024-01-15 09:39:00+05:30,222.3,222.45,222.1,222.15,72694,
2024-01-15 09:40:00+05:30,222.1,222.55,222.1,222.45,14578,
2024-01-15 09:41:00+05:30,222.45,222.55,222.15,222.3,20718,
2024-01-15 09:42:00+05:30,222.25,222.3,221.9,222.05,50970,
2024-01-15 09:43:00+05:30,222.15,222.2,221.9,222.2,16330,
2024-01-15 09:44:00+05:30,222.2,222.4,222.15,222.25,11172,
2024-01-15 09:45:00+05:30,222.2,222.3,222,222.1,26110,
2024-01-15 09:46:00+05:30,222.1,222.15,221.7,222,40736,
2024-01-15 09:47:00+05:30,222,222.25,222,222.1,9942,
2024-01-15 09:48:00+05:30,222.2,222.25,222.05,222.1,27960,
2024-01-15 09:49:00+05:30,222.1,222.4,222.1,222.25,8774,
2024-01-15 09:50:00+05:30,222.3,222.3,221.8,221.8,14490,
2024-01-15 09:51:00+05:30,221.8,221.85,221.7,221.8,18840,
2024-01-15 09:52:00+05:30,221.75,221.8,221.65,221.8,19762,
2024-01-15 09:53:00+05:30,221.75,222.2,221.7,222,15796,
2024-01-15 09:54:00+05:30,221.9,222,221.6,221.7,15202,
2024-01-15 09:55:00+05:30,221.7,221.9,221.55,221.9,13434,
2024-01-15 09:56:00+05:30,221.8,222.1,221.8,221.95,28420,
2024-01-15 09:57:00+05:30,221.9,222,221.5,221.65,12674,
2024-01-15 09:58:00+05:30,221.65,221.7,220.9,221.05,141762,
2024-01-15 09:59:00+05:30,221.05,221.2,220.75,221.1,75392,
2024-01-15 10:00:00+05:30,221.1,221.2,220.9,221.2,20162,
2024-01-15 10:01:00+05:30,221.1,221.25,220.85,221.15,112424,
2024-01-15 10:02:00+05:30,221.15,221.8,220.95,221.7,86170,
2024-01-15 10:03:00+05:30,221.7,221.7,221.15,221.15,27516,
2024-01-15 10:04:00+05:30,221.25,221.55,221.2,221.55,7168,
2024-01-15 10:05:00+05:30,221.5,221.55,221.2,221.5,6274,
2024-01-15 10:06:00+05:30,221.5,221.9,221.2,221.8,36938,
2024-01-15 10:07:00+05:30,221.8,221.9,221.6,221.7,14496,
2024-01-15 10:08:00+05:30,221.7,221.9,221.65,221.8,8528,
2024-01-15 10:09:00+05:30,221.8,221.85,221.7,221.75,2706,
2024-01-15 10:10:00+05:30,221.8,221.8,221.6,221.7,12562,
2024-01-15 10:11:00+05:30,221.7,221.8,221.6,221.65,3316,
2024-01-15 10:12:00+05:30,221.7,221.8,221.6,221.65,8998,
2024-01-15 10:13:00+05:30,221.8,221.8,221.45,221.6,6054,
2024-01-15 10:14:00+05:30,221.6,221.6,221.45,221.5,10124,
2024-01-15 10:15:00+05:30,221.6,221.7,221.45,221.6,3856,
2024-01-15 10:16:00+05:30,221.5,221.6,221.45,221.45,20578,
2024-01-15 10:17:00+05:30,221.4,221.5,221.2,221.3,30910,
2024-01-15 10:18:00+05:30,221.3,221.45,221.2,221.4,10830,
2024-01-15 10:19:00+05:30,221.35,221.6,221.35,221.5,12226,
2024-01-15 10:20:00+05:30,221.5,221.7,221.5,221.6,3492,
2024-01-15 10:21:00+05:30,221.55,221.65,221.5,221.5,3718,
2024-01-15 10:22:00+05:30,221.6,221.6,221.4,221.4,7798,
2024-01-15 10:23:00+05:30,221.5,221.5,221.2,221.3,19114,
2024-01-15 10:24:00+05:30,221.3,221.4,221.25,221.3,4208,
2024-01-15 10:25:00+05:30,221.4,221.6,221.3,221.6,51646,
2024-01-15 10:26:00+05:30,221.55,221.6,221.4,221.4,7442,
2024-01-15 10:27:00+05:30,221.4,221.45,221.2,221.2,11062,
2024-01-15 10:28:00+05:30,221.2,221.4,221.2,221.35,9024,
2024-01-15 10:29:00+05:30,221.35,221.6,221.3,221.5,6300,
2024-01-15 10:30:00+05:30,221.5,221.55,221.3,221.45,15652,
2024-01-15 10:31:00+05:30,221.45,221.5,221.3,221.3,3116,
2024-01-15 10:32:00+05:30,221.3,221.4,221.3,221.3,4402,
2024-01-15 10:33:00+05:30,221.2,221.35,221.2,221.2,23928,
2024-01-15 10:34:00+05:30,221.3,221.3,221.05,221.05,34972,
2024-01-15 10:35:00+05:30,221.05,221.3,221,221.3,10486,
2024-01-15 10:36:00+05:30,221.3,221.3,220.9,221.1,32764,
2024-01-15 10:37:00+05:30,221.1,221.1,221,221.05,45894,
2024-01-15 10:38:00+05:30,221,221.05,221,221,5638,
2024-01-15 10:39:00+05:30,221,221,221,221,5172,
2024-01-15 10:40:00+05:30,221,221,220.9,221,9444,
2024-01-15 10:41:00+05:30,221,221.1,220.9,221,33392,
2024-01-15 10:42:00+05:30,220.9,221,220.9,221,16848,
2024-01-15 10:43:00+05:30,220.95,221,220.9,221,2928,
2024-01-15 10:44:00+05:30,221,221.1,220.95,220.95,9124,
2024-01-15 10:45:00+05:30,221.05,221.1,220.9,221.1,11380,
2024-01-15 10:46:00+05:30,221.1,221.15,221,221.1,1384,
2024-01-15 10:47:00+05:30,221.1,221.15,221,221,4546,
2024-01-15 10:48:00+05:30,221.1,221.1,221,221.05,2764,
2024-01-15 10:49:00+05:30,221.1,221.2,221.1,221.15,1650,
2024-01-15 10:50:00+05:30,221.1,221.4,221.1,221.3,6746,
2024-01-15 10:51:00+05:30,221.35,221.4,221.2,221.4,1610,
2024-01-15 10:52:00+05:30,221.4,221.4,221.3,221.3,5498,
2024-01-15 10:53:00+05:30,221.3,221.6,221.25,221.6,15120,
2024-01-15 10:54:00+05:30,221.55,221.7,221.5,221.65,6554,
2024-01-15 10:55:00+05:30,221.7,221.9,221.6,221.9,12666,
2024-01-15 10:56:00+05:30,221.9,221.9,221.7,221.7,4764,
2024-01-15 10:57:00+05:30,221.8,221.8,221.6,221.6,4502,
2024-01-15 10:58:00+05:30,221.6,221.85,221.6,221.85,2970,
2024-01-15 10:59:00+05:30,221.7,222.1,221.7,221.95,22256,
2024-01-15 11:00:00+05:30,221.8,221.9,221.7,221.7,5850,
2024-01-15 11:01:00+05:30,221.7,221.85,221.7,221.7,3834,
2024-01-15 11:02:00+05:30,221.8,221.8,221.65,221.65,5490,
2024-01-15 11:03:00+05:30,221.7,221.7,221.5,221.6,24888,
2024-01-15 11:04:00+05:30,221.65,221.7,221.6,221.6,626,
2024-01-15 11:05:00+05:30,221.7,221.7,221.6,221.65,3372,
2024-01-15 11:06:00+05:30,221.7,221.7,221.4,221.4,12160,
2024-01-15 11:07:00+05:30,221.4,221.7,221.4,221.6,3256,
2024-01-15 11:08:00+05:30,221.7,221.7,221.5,221.6,3384,
2024-01-15 11:09:00+05:30,221.7,221.7,221.55,221.65,3140,
2024-01-15 11:10:00+05:30,221.6,221.65,221.4,221.45,5404,
2024-01-15 11:11:00+05:30,221.5,221.65,221.4,221.6,1976,
2024-01-15 11:12:00+05:30,221.6,221.6,221.55,221.6,1108,
2024-01-15 11:13:00+05:30,221.55,221.55,221.45,221.55,3286,
2024-01-15 11:14:00+05:30,221.65,221.65,221.5,221.5,3462,
2024-01-15 11:15:00+05:30,221.6,221.7,221.5,221.7,13240,
2024-01-15 11:16:00+05:30,221.65,221.65,221.5,221.5,1150,
2024-01-15 11:17:00+05:30,221.6,221.6,221.5,221.55,1280,
2024-01-15 11:18:00+05:30,221.5,221.55,221.4,221.55,5440,
2024-01-15 11:19:00+05:30,221.45,221.6,221.45,221.6,3552,
2024-01-15 11:20:00+05:30,221.6,221.7,221.5,221.7,16394,
2024-01-15 11:21:00+05:30,221.7,221.7,221.7,221.7,3984,
2024-01-15 11:22:00+05:30,221.7,221.7,221.6,221.6,4964,
2024-01-15 11:23:00+05:30,221.8,222.4,221.7,222.4,69374,
2024-01-15 11:24:00+05:30,222.4,222.4,222,222.3,17132,
2024-01-15 11:25:00+05:30,222.3,222.3,222.1,222.2,8570,
2024-01-15 11:26:00+05:30,222.2,222.25,222.1,222.15,10804,
2024-01-15 11:27:00+05:30,222.25,222.25,222.1,222.2,6510,
2024-01-15 11:28:00+05:30,222.2,222.2,222,222,1742,
2024-01-15 11:29:00+05:30,222.1,222.3,222,222.3,25952,
2024-01-15 11:30:00+05:30,222.3,222.55,222.2,222.55,71002,
2024-01-15 11:31:00+05:30,222.55,222.55,222.45,222.45,28722,
2024-01-15 11:32:00+05:30,222.55,222.55,222.3,222.3,23232,
2024-01-15 11:33:00+05:30,222.4,222.4,222.3,222.35,5892,
2024-01-15 11:34:00+05:30,222.4,222.4,222.2,222.3,26430,
2024-01-15 11:35:00+05:30,222.3,222.55,222.3,222.55,30476,
2024-01-15 11:36:00+05:30,222.55,222.55,222.45,222.55,8024,
2024-01-15 11:37:00+05:30,222.55,222.55,222.45,222.5,7214,
2024-01-15 11:38:00+05:30,222.5,222.55,222.4,222.55,10182,
2024-01-15 11:39:00+05:30,222.55,222.55,222.45,222.55,21830,
2024-01-15 11:40:00+05:30,222.55,222.7,222.45,222.65,105886,
2024-01-15 11:41:00+05:30,222.65,223.1,222.65,223.05,138982,
2024-01-15 11:42:00+05:30,223,223.45,222.95,223.35,214136,
2024-01-15 11:43:00+05:30,223.35,223.65,223.25,223.55,75668,
2024-01-15 11:44:00+05:30,223.55,224.05,223.55,224,318114,
2024-01-15 11:45:00+05:30,223.95,224.25,223.95,224,118488,
2024-01-15 11:46:00+05:30,224.05,224.2,224,224.05,105798,
2024-01-15 11:47:00+05:30,224.05,224.2,223.95,224,49212,
2024-01-15 11:48:00+05:30,224,224.1,223.5,223.75,57780,
2024-01-15 11:49:00+05:30,223.75,223.85,223.65,223.8,31816,
2024-01-15 11:50:00+05:30,223.8,224.3,223.7,224.3,86610,
2024-01-15 11:51:00+05:30,224.3,224.4,224.1,224.4,139612,
2024-01-15 11:52:00+05:30,224.45,224.55,224.3,224.3,121326,
2024-01-15 11:53:00+05:30,224.3,224.3,223.85,224.2,632432,
2024-01-15 11:54:00+05:30,224.2,224.2,223.75,223.85,64960,
2024-01-15 11:55:00+05:30,223.85,223.85,223.25,223.35,206794,
2024-01-15 11:56:00+05:30,223.35,223.75,223.35,223.75,51882,
2024-01-15 11:57:00+05:30,223.75,223.75,223.45,223.75,27770,
2024-01-15 11:58:00+05:30,223.75,223.75,223.4,223.4,19618,
2024-01-15 11:59:00+05:30,223.5,223.6,223.35,223.55,27040,
2024-01-15 12:00:00+05:30,223.55,223.75,223.55,223.65,24974,
2024-01-15 12:01:00+05:30,223.65,223.65,223.35,223.35,20172,
2024-01-15 12:02:00+05:30,223.35,223.55,223.15,223.25,50746,
2024-01-15 12:03:00+05:30,223.25,223.35,223.15,223.3,21192,
2024-01-15 12:04:00+05:30,223.25,223.35,223.15,223.3,14518,
2024-01-15 12:05:00+05:30,223.35,223.35,223.15,223.25,11262,
2024-01-15 12:06:00+05:30,223.25,223.25,222.65,222.95,196860,
2024-01-15 12:07:00+05:30,222.85,222.95,222.85,222.85,14652,
2024-01-15 12:08:00+05:30,222.95,223.05,222.85,223.05,9392,
2024-01-15 12:09:00+05:30,223.05,223.05,222.8,222.85,29462,
2024-01-15 12:10:00+05:30,222.85,222.85,222.8,222.85,8096,
2024-01-15 12:11:00+05:30,222.85,222.95,222.65,222.7,28844,
2024-01-15 12:12:00+05:30,222.7,222.75,222.35,222.45,145478,
2024-01-15 12:13:00+05:30,222.45,222.6,222.45,222.5,15136,
2024-01-15 12:14:00+05:30,222.5,222.55,222.45,222.55,9824,
2024-01-15 12:15:00+05:30,222.55,222.65,222.5,222.55,9890,
2024-01-15 12:16:00+05:30,222.55,222.55,222.45,222.45,10918,
2024-01-15 12:17:00+05:30,222.55,222.55,222.2,222.25,15394,
2024-01-15 12:18:00+05:30,222.3,222.3,221.95,222.15,25624,
2024-01-15 12:19:00+05:30,222.2,222.2,222,222.15,12780,
2024-01-15 12:20:00+05:30,222.15,222.3,222.05,222.3,13678,
2024-01-15 12:21:00+05:30,222.3,222.3,222,222.05,17076,
2024-01-15 12:22:00+05:30,222.05,222.2,222,222.1,30032,
2024-01-15 12:23:00+05:30,222.1,222.15,221.9,222.05,17202,
2024-01-15 12:24:00+05:30,222.05,222.05,222,222.05,7182,
2024-01-15 12:25:00+05:30,222.05,222.05,221.8,222.05,62426,
2024-01-15 12:26:00+05:30,222.05,222.15,222,222.15,9316,
2024-01-15 12:27:00+05:30,222.15,222.2,222,222,14318,
2024-01-15 12:28:00+05:30,222,222.1,222,222,14722,
2024-01-15 12:29:00+05:30,222.1,222.1,222,222,9270,
2024-01-15 12:30:00+05:30,222,222.1,221.95,222.1,22830,
2024-01-15 12:31:00+05:30,222.1,222.15,222,222.1,9194,
2024-01-15 12:32:00+05:30,222.1,222.2,221.8,221.9,58022,
2024-01-15 12:33:00+05:30,221.9,222.2,221.9,222.1,79072,
2024-01-15 12:34:00+05:30,222.15,222.2,222.05,222.1,7978,
2024-01-15 12:35:00+05:30,222.1,222.15,222,222.15,18098,
2024-01-15 12:36:00+05:30,222.15,222.15,222,222,8852,
2024-01-15 12:37:00+05:30,222.05,222.1,221.9,222.1,16436,
2024-01-15 12:38:00+05:30,222.1,222.2,222,222.2,7464,
2024-01-15 12:39:00+05:30,222.2,222.3,222,222.2,19020,
2024-01-15 12:40:00+05:30,222.25,222.25,222,222.1,6454,
2024-01-15 12:41:00+05:30,222.1,222.15,222,222.15,9800,
2024-01-15 12:42:00+05:30,222.15,222.15,222,222.1,6242,
2024-01-15 12:43:00+05:30,222.1,222.2,222,222.2,7098,
2024-01-15 12:44:00+05:30,222.2,222.2,222.05,222.1,4840,
2024-01-15 12:45:00+05:30,222.1,222.2,222,222,15936,
2024-01-15 12:46:00+05:30,222.05,222.1,221.95,222.1,7562,
2024-01-15 12:47:00+05:30,222.1,222.1,221.95,222.1,14312,
2024-01-15 12:48:00+05:30,222.1,222.2,221.95,222.15,6594,
2024-01-15 12:49:00+05:30,222.15,222.25,222.1,222.2,5378,
2024-01-15 12:50:00+05:30,222.2,222.2,222,222.1,6434,
2024-01-15 12:51:00+05:30,222.1,222.2,222,222.2,9462,
2024-01-15 12:52:00+05:30,222.2,222.2,222.1,222.1,3244,
2024-01-15 12:53:00+05:30,222.1,222.45,222.05,222.45,9610,
2024-01-15 12:54:00+05:30,222.45,222.45,222.2,222.35,13242,
2024-01-15 12:55:00+05:30,222.35,222.45,222.2,222.45,9924,
2024-01-15 12:56:00+05:30,222.45,222.45,222.3,222.45,8826,
2024-01-15 12:57:00+05:30,222.45,222.45,222.3,222.45,17126,
2024-01-15 12:58:00+05:30,222.45,222.45,222.35,222.4,8494,
2024-01-15 12:59:00+05:30,222.45,222.45,222.3,222.45,11634,
2024-01-15 13:00:00+05:30,222.45,222.45,222.35,222.45,24726,
2024-01-15 13:01:00+05:30,222.45,222.65,222.45,222.6,27018,
2024-01-15 13:02:00+05:30,222.6,222.6,222.45,222.5,14982,
2024-01-15 13:03:00+05:30,222.5,222.55,222.4,222.45,10466,
2024-01-15 13:04:00+05:30,222.45,222.55,222.45,222.55,16116,
2024-01-15 13:05:00+05:30,222.55,222.65,222.55,222.55,17714,
2024-01-15 13:06:00+05:30,222.55,222.6,222.45,222.55,5680,
2024-01-15 13:07:00+05:30,222.55,222.55,222.45,222.5,6666,
2024-01-15 13:08:00+05:30,222.5,222.55,222.4,222.45,11338,
2024-01-15 13:09:00+05:30,222.45,222.6,222.4,222.55,10204,
2024-01-15 13:10:00+05:30,222.55,222.55,222.45,222.45,2068,
2024-01-15 13:11:00+05:30,222.45,222.45,222.45,222.45,8988,
2024-01-15 13:12:00+05:30,222.45,222.45,222.4,222.45,16720,
2024-01-15 13:13:00+05:30,222.45,222.6,222.4,222.6,31612,
2024-01-15 13:14:00+05:30,222.6,222.75,222.5,222.75,23344,
2024-01-15 13:15:00+05:30,222.75,222.75,222.65,222.75,5370,
2024-01-15 13:16:00+05:30,222.75,222.85,222.65,222.75,15786,
2024-01-15 13:17:00+05:30,222.85,222.85,222.75,222.8,12512,
2024-01-15 13:18:00+05:30,222.8,222.9,222.75,222.9,18788,
2024-01-15 13:19:00+05:30,222.9,222.9,222.6,222.7,15812,
2024-01-15 13:20:00+05:30,222.7,222.7,222.6,222.65,4208,
2024-01-15 13:21:00+05:30,222.6,222.65,222.4,222.45,18392,
2024-01-15 13:22:00+05:30,222.45,222.6,222.4,222.5,10894,
2024-01-15 13:23:00+05:30,222.55,222.55,222.4,222.4,3494,
2024-01-15 13:24:00+05:30,222.4,222.55,222.4,222.45,5112,
2024-01-15 13:25:00+05:30,222.45,222.5,222.4,222.4,3872,
2024-01-15 13:26:00+05:30,222.45,222.45,222.4,222.45,5872,
2024-01-15 13:27:00+05:30,222.45,222.55,222.4,222.45,12354,
2024-01-15 13:28:00+05:30,222.45,222.45,222.3,222.4,22304,
2024-01-15 13:29:00+05:30,222.4,222.4,222.3,222.4,2844,
2024-01-15 13:30:00+05:30,222.4,222.4,222.2,222.2,8064,
2024-01-15 13:31:00+05:30,222.2,222.4,222.2,222.4,6586,
2024-01-15 13:32:00+05:30,222.4,222.4,222.35,222.35,6118,
2024-01-15 13:33:00+05:30,222.4,222.4,222.2,222.35,8394,
2024-01-15 13:34:00+05:30,222.35,222.35,222.2,222.3,8640,
2024-01-15 13:35:00+05:30,222.3,222.35,222.25,222.3,16604,
2024-01-15 13:36:00+05:30,222.3,222.5,222.3,222.5,13888,
2024-01-15 13:37:00+05:30,222.5,222.6,222.45,222.6,11132,
2024-01-15 13:38:00+05:30,222.6,222.6,222.45,222.55,3852,
2024-01-15 13:39:00+05:30,222.55,222.75,222.55,222.65,35204,
2024-01-15 13:40:00+05:30,222.65,222.65,222.45,222.5,5512,
2024-01-15 13:41:00+05:30,222.5,222.5,222.4,222.45,6836,
2024-01-15 13:42:00+05:30,222.45,222.55,222.45,222.45,2220,
2024-01-15 13:43:00+05:30,222.5,222.5,222.25,222.35,4838,
2024-01-15 13:44:00+05:30,222.35,222.45,222.25,222.4,16676,
2024-01-15 13:45:00+05:30,222.4,222.4,222.15,222.3,6888,
2024-01-15 13:46:00+05:30,222.3,222.3,222.15,222.2,6552,
2024-01-15 13:47:00+05:30,222.2,222.3,222.2,222.3,6006,
2024-01-15 13:48:00+05:30,222.3,222.3,222.15,222.25,8476,
2024-01-15 13:49:00+05:30,222.2,222.2,221.9,222.1,25866,
2024-01-15 13:50:00+05:30,222.1,222.3,222.1,222.3,29630,
2024-01-15 13:51:00+05:30,222.3,222.6,222.3,222.6,6888,
2024-01-15 13:52:00+05:30,222.6,222.65,222.4,222.45,8536,
2024-01-15 13:53:00+05:30,222.45,222.45,222.4,222.45,2208,
2024-01-15 13:54:00+05:30,222.45,222.85,222.45,222.85,38410,
2024-01-15 13:55:00+05:30,222.85,223.05,222.75,223.05,36124,
2024-01-15 13:56:00+05:30,223.05,223.05,222.9,223,6672,
2024-01-15 13:57:00+05:30,223,223.15,222.9,223.15,29850,
2024-01-15 13:58:00+05:30,223.15,223.3,223.1,223.3,13788,
2024-01-15 13:59:00+05:30,223.3,223.3,223.1,223.15,15712,
2024-01-15 14:00:00+05:30,223.25,223.35,223.1,223.35,20210,
2024-01-15 14:01:00+05:30,223.25,223.35,223.15,223.3,16456,
2024-01-15 14:02:00+05:30,223.25,223.35,223.15,223.35,33346,
2024-01-15 14:03:00+05:30,223.35,223.7,223.35,223.55,81578,
2024-01-15 14:04:00+05:30,223.55,223.75,223.5,223.65,26610,
2024-01-15 14:05:00+05:30,223.65,223.75,223.55,223.7,18600,
2024-01-15 14:06:00+05:30,223.7,223.7,223.35,223.45,23802,
2024-01-15 14:07:00+05:30,223.45,223.45,223.25,223.35,11886,
2024-01-15 14:08:00+05:30,223.35,223.5,223.35,223.45,12812,
2024-01-15 14:09:00+05:30,223.5,223.6,223.35,223.55,15636,
2024-01-15 14:10:00+05:30,223.55,223.55,223.35,223.4,8458,
2024-01-15 14:11:00+05:30,223.45,223.45,223.25,223.25,5814,
2024-01-15 14:12:00+05:30,223.35,223.35,223,223.1,13396,
2024-01-15 14:13:00+05:30,223.1,223.35,223,223.25,11300,
2024-01-15 14:14:00+05:30,223.35,223.45,223.25,223.45,28298,
2024-01-15 14:15:00+05:30,223.45,223.5,223.35,223.45,23086,
2024-01-15 14:16:00+05:30,223.45,223.45,223.15,223.25,4264,
2024-01-15 14:17:00+05:30,223.25,223.45,223.15,223.4,13034,
2024-01-15 14:18:00+05:30,223.45,223.45,223.25,223.35,11316,
2024-01-15 14:19:00+05:30,223.35,223.45,223.2,223.35,9674,
2024-01-15 14:20:00+05:30,223.35,223.45,223.35,223.45,16162,
2024-01-15 14:21:00+05:30,223.45,223.5,223.35,223.35,4256,
2024-01-15 14:22:00+05:30,223.45,223.45,223.35,223.35,8356,
2024-01-15 14:23:00+05:30,223.35,223.35,223.2,223.25,7004,
2024-01-15 14:24:00+05:30,223.25,223.35,223.15,223.3,6192,
2024-01-15 14:25:00+05:30,223.3,223.3,223.1,223.2,6706,
2024-01-15 14:26:00+05:30,223.2,223.3,223.1,223.3,12054,
2024-01-15 14:27:00+05:30,223.3,223.35,223.15,223.25,9776,
2024-01-15 14:28:00+05:30,223.25,223.3,223.25,223.25,4934,
2024-01-15 14:29:00+05:30,223.25,223.25,223.15,223.25,13808,
2024-01-15 14:30:00+05:30,223.25,223.45,223.25,223.45,13920,
2024-01-15 14:31:00+05:30,223.5,223.5,223.35,223.4,7482,
2024-01-15 14:32:00+05:30,223.4,223.45,223.3,223.35,21612,
2024-01-15 14:33:00+05:30,223.35,223.5,223.3,223.45,11132,
2024-01-15 14:34:00+05:30,223.5,223.55,223.4,223.5,17322,
2024-01-15 14:35:00+05:30,223.5,223.5,223.3,223.35,8950,
2024-01-15 14:36:00+05:30,223.35,223.45,223.35,223.45,11388,
2024-01-15 14:37:00+05:30,223.45,223.45,223.3,223.35,2000,
2024-01-15 14:38:00+05:30,223.35,223.35,223.25,223.3,6176,
2024-01-15 14:39:00+05:30,223.3,223.35,223.2,223.35,16148,
2024-01-15 14:40:00+05:30,223.3,223.35,223.25,223.35,11460,
2024-01-15 14:41:00+05:30,223.35,223.45,223.25,223.4,32190,
2024-01-15 14:42:00+05:30,223.4,223.4,223.25,223.4,12854,
2024-01-15 14:43:00+05:30,223.4,223.45,223.35,223.45,35090,
2024-01-15 14:44:00+05:30,223.35,223.45,223.25,223.4,20876,
2024-01-15 14:45:00+05:30,223.35,223.55,223.35,223.45,14788,
2024-01-15 14:46:00+05:30,223.5,223.75,223.5,223.75,38458,
2024-01-15 14:47:00+05:30,223.75,223.75,223.55,223.6,20576,
2024-01-15 14:48:00+05:30,223.6,223.75,223.55,223.65,23946,
2024-01-15 14:49:00+05:30,223.6,223.65,223.4,223.55,74750,
2024-01-15 14:50:00+05:30,223.55,223.55,223.25,223.35,51872,
2024-01-15 14:51:00+05:30,223.35,223.45,223.35,223.45,10954,
2024-01-15 14:52:00+05:30,223.45,223.45,223.3,223.35,13026,
2024-01-15 14:53:00+05:30,223.35,223.4,223.2,223.35,61476,
2024-01-15 14:54:00+05:30,223.35,223.35,223.25,223.35,4796,
2024-01-15 14:55:00+05:30,223.35,223.35,223.15,223.15,10300,
2024-01-15 14:56:00+05:30,223.2,223.25,223.15,223.25,12420,
2024-01-15 14:57:00+05:30,223.25,223.25,223.15,223.2,5220,
2024-01-15 14:58:00+05:30,223.2,223.2,223,223,24436,
2024-01-15 14:59:00+05:30,223,223.35,222.95,223.35,40034,
2024-01-15 15:00:00+05:30,223.1,223.35,222.95,223.25,65868,
2024-01-15 15:01:00+05:30,223.25,223.25,222.95,222.95,7618,
2024-01-15 15:02:00+05:30,222.95,223.05,222.85,222.95,25434,
2024-01-15 15:03:00+05:30,223.05,223.05,222.85,222.85,7996,
2024-01-15 15:04:00+05:30,222.85,222.95,222.85,222.9,20036,
2024-01-15 15:05:00+05:30,222.95,223,222.85,223,30836,
2024-01-15 15:06:00+05:30,223,223,222.85,222.95,13856,
2024-01-15 15:07:00+05:30,223,223,222.85,222.95,14256,
2024-01-15 15:08:00+05:30,222.95,222.95,222.85,222.85,17078,
2024-01-15 15:09:00+05:30,222.85,222.85,222.6,222.6,10410,
2024-01-15 15:10:00+05:30,222.65,222.75,222.6,222.75,38036,
2024-01-15 15:11:00+05:30,222.75,222.85,222.65,222.75,24520,
2024-01-15 15:12:00+05:30,222.75,222.85,222.65,222.75,12542,
2024-01-15 15:13:00+05:30,222.75,222.95,222.75,222.8,34282,
2024-01-15 15:14:00+05:30,222.8,222.8,222.6,222.65,15666,
2024-01-15 15:15:00+05:30,222.65,222.75,222.6,222.75,40874,
2024-01-15 15:16:00+05:30,222.75,222.85,222.7,222.8,35022,
2024-01-15 15:17:00+05:30,222.85,222.85,222.8,222.8,73018,
2024-01-15 15:18:00+05:30,222.85,222.85,222.7,222.75,95862,
2024-01-15 15:19:00+05:30,222.85,222.85,222.7,222.85,33618,
2024-01-15 15:20:00+05:30,222.75,222.85,222.75,222.8,30754,
2024-01-15 15:21:00+05:30,222.8,222.85,222.75,222.85,42884,
2024-01-15 15:22:00+05:30,222.85,222.85,222.85,222.85,119278,
2024-01-15 15:23:00+05:30,222.85,222.95,222.85,222.85,99510,
2024-01-15 15:24:00+05:30,222.85,222.85,222.75,222.85,37550,
2024-01-15 15:25:00+05:30,222.85,222.85,222.65,222.65,66438,
2024-01-15 15:26:00+05:30,222.65,222.75,222.55,222.6,85938,
2024-01-15 15:27:00+05:30,222.55,222.95,222.55,222.95,80046,
2024-01-15 15:28:00+05:30,222.95,223.15,222.45,222.85,145576,
2024-01-15 15:29:00+05:30,222.85,223.1,222.55,223.1,29418,
2024-01-16 09:15:00+05:30,223.35,224.7,223.1,224.7,113876,
2024-01-16 09:16:00+05:30,224.5,225.55,224.35,225.2,289536,
2024-01-16 09:17:00+05:30,225.3,226.7,225.2,226.5,383720,
2024-01-16 09:18:00+05:30,226.35,226.75,225.9,226.65,281858,
2024-01-16 09:19:00+05:30,226.75,226.75,226.05,226.55,198934,
2024-01-16 09:20:00+05:30,226.55,227.6,226.35,227.2,460320,
2024-01-16 09:21:00+05:30,227.1,227.2,226.5,226.8,225560,
2024-01-16 09:22:00+05:30,226.95,226.95,226.35,226.35,371366,
2024-01-16 09:23:00+05:30,226.35,226.35,225.95,226.05,367846,
2024-01-16 09:24:00+05:30,225.95,226.35,225.95,226.35,174024,
2024-01-16 09:25:00+05:30,226.25,226.35,225.55,225.55,122646,
2024-01-16 09:26:00+05:30,225.65,225.75,225.25,225.7,136132,
2024-01-16 09:27:00+05:30,225.7,225.75,225.1,225.1,73150,
2024-01-16 09:28:00+05:30,225.15,225.2,224.85,225.05,113598,
2024-01-16 09:29:00+05:30,225.05,225.2,224.65,224.8,130878,
2024-01-16 09:30:00+05:30,224.8,224.95,224.7,224.9,55264,
2024-01-16 09:31:00+05:30,224.9,225.3,224.7,225.3,62326,
2024-01-16 09:32:00+05:30,225.3,225.3,224.4,224.4,123642,
2024-01-16 09:33:00+05:30,224.45,224.85,224.15,224.15,116074,
2024-01-16 09:34:00+05:30,224.3,224.4,224.1,224.2,94492,
2024-01-16 09:35:00+05:30,224.2,224.5,224,224.5,64282,
2024-01-16 09:36:00+05:30,224.5,224.8,224.4,224.65,58018,
2024-01-16 09:37:00+05:30,224.6,225,224.6,224.9,50528,
2024-01-16 09:38:00+05:30,224.85,224.95,224.6,224.9,27056,
2024-01-16 09:39:00+05:30,224.85,224.9,224.6,224.7,40034,
2024-01-16 09:40:00+05:30,224.7,224.7,224.4,224.6,87656,
2024-01-16 09:41:00+05:30,224.6,224.6,224.05,224.05,58700,
2024-01-16 09:42:00+05:30,224.05,224.25,223.85,224.25,169872,
2024-01-16 09:43:00+05:30,224.15,224.4,224.15,224.2,40208,
2024-01-16 09:44:00+05:30,224.3,224.75,224.2,224.6,24336,
2024-01-16 09:45:00+05:30,224.65,224.8,224.4,224.6,25308,
2024-01-16 09:46:00+05:30,224.6,224.65,224.4,224.45,20228,
2024-01-16 09:47:00+05:30,224.5,224.6,224.35,224.4,17166,
2024-01-16 09:48:00+05:30,224.5,224.8,224.4,224.65,22896,
2024-01-16 09:49:00+05:30,224.7,224.7,224.5,224.6,21306,
2024-01-16 09:50:00+05:30,224.6,224.7,224.5,224.7,14046,
2024-01-16 09:51:00+05:30,224.75,224.8,224.7,224.75,27764,
2024-01-16 09:52:00+05:30,224.75,224.8,224.65,224.75,29736,
2024-01-16 09:53:00+05:30,224.7,224.75,224.55,224.75,60354,
2024-01-16 09:54:00+05:30,224.8,224.8,224.7,224.8,19752,
2024-01-16 09:55:00+05:30,224.8,225.2,224.8,225,87098,
2024-01-16 09:56:00+05:30,224.9,225.3,224.8,225.2,68684,
2024-01-16 09:57:00+05:30,225.3,225.3,225,225,26534,
2024-01-16 09:58:00+05:30,225.1,225.1,224.9,225,20712,
2024-01-16 09:59:00+05:30,225,225,224.7,224.8,16514,
2024-01-16 10:00:00+05:30,224.8,225,224.7,224.8,19656,
2024-01-16 10:01:00+05:30,224.9,224.9,224.6,224.7,25740,
2024-01-16 10:02:00+05:30,224.7,225,224.7,225,35948,
2024-01-16 10:03:00+05:30,225,225.25,224.8,225.2,23520,
2024-01-16 10:04:00+05:30,225.1,225.55,225.1,225.5,83850,
2024-01-16 10:05:00+05:30,225.4,225.5,225.4,225.4,32896,
2024-01-16 10:06:00+05:30,225.4,225.5,225.35,225.5,16760,
2024-01-16 10:07:00+05:30,225.45,226.15,225.45,226.05,174894,
2024-01-16 10:08:00+05:30,226.05,226.15,225.85,225.95,32752,
2024-01-16 10:09:00+05:30,225.95,226,225.65,225.65,38962,
2024-01-16 10:10:00+05:30,225.65,226.1,225.65,225.95,28864,
2024-01-16 10:11:00+05:30,225.95,226.3,225.95,226.25,108342,
2024-01-16 10:12:00+05:30,226.25,226.45,226.15,226.25,78672,
2024-01-16 10:13:00+05:30,226.25,226.35,226.25,226.25,34690,
2024-01-16 10:14:00+05:30,226.25,226.3,226.15,226.25,20464,
2024-01-16 10:15:00+05:30,226.35,226.35,226.25,226.25,73934,
2024-01-16 10:16:00+05:30,226.25,226.35,226.15,226.35,62026,
2024-01-16 10:17:00+05:30,226.25,226.35,226.15,226.25,66270,
2024-01-16 10:18:00+05:30,226.25,226.35,226.15,226.2,36490,
2024-01-16 10:19:00+05:30,226.2,226.25,226.15,226.15,34260,
2024-01-16 10:20:00+05:30,226.15,226.6,226.15,226.45,166158,
2024-01-16 10:21:00+05:30,226.45,226.55,226.45,226.5,31258,
2024-01-16 10:22:00+05:30,226.5,226.55,226.45,226.45,49554,
2024-01-16 10:23:00+05:30,226.5,226.55,226.25,226.35,34328,
2024-01-16 10:24:00+05:30,226.25,226.45,226.25,226.3,26460,
2024-01-16 10:25:00+05:30,226.3,226.35,226.25,226.25,38582,
2024-01-16 10:26:00+05:30,226.25,226.35,226.15,226.15,75306,
2024-01-16 10:27:00+05:30,226.15,226.15,225.65,225.7,59502,
2024-01-16 10:28:00+05:30,225.75,225.95,225.65,225.8,40508,
2024-01-16 10:29:00+05:30,225.75,225.75,225.5,225.55,39478,
2024-01-16 10:30:00+05:30,225.5,225.5,225.25,225.3,92980,
2024-01-16 10:31:00+05:30,225.25,225.3,225.1,225.1,26306,
2024-01-16 10:32:00+05:30,225.1,225.2,224.85,225.1,20800,
2024-01-16 10:33:00+05:30,225.1,225.2,224.8,224.9,42422,
2024-01-16 10:34:00+05:30,224.8,225,224.7,224.95,34334,
2024-01-16 10:35:00+05:30,224.95,225.5,224.9,225.5,64132,
2024-01-16 10:36:00+05:30,225.5,225.75,225.35,225.65,213678,
2024-01-16 10:37:00+05:30,225.55,225.65,225.55,225.65,14948,
2024-01-16 10:38:00+05:30,225.55,225.65,225.5,225.55,91498,
2024-01-16 10:39:00+05:30,225.55,225.55,225.4,225.4,17492,
2024-01-16 10:40:00+05:30,225.5,225.65,225.4,225.55,229106,
2024-01-16 10:41:00+05:30,225.7,226.4,225.65,226.35,176774,
2024-01-16 10:42:00+05:30,226.35,226.45,226.25,226.25,34732,
2024-01-16 10:43:00+05:30,226.25,226.35,225.95,226.05,94912,
2024-01-16 10:44:00+05:30,226.05,226.1,225.85,226,24948,
2024-01-16 10:45:00+05:30,225.95,226.25,225.95,226.25,23060,
2024-01-16 10:46:00+05:30,226.25,226.3,226.15,226.3,39120,
2024-01-16 10:47:00+05:30,226.3,226.4,226.25,226.25,27578,
2024-01-16 10:48:00+05:30,226.25,226.35,226.15,226.35,33250,
2024-01-16 10:49:00+05:30,226.35,226.65,226.25,226.65,58762,
2024-01-16 10:50:00+05:30,226.5,227.1,226.5,226.85,375106,
2024-01-16 10:51:00+05:30,226.95,227.05,226.75,226.85,89024,
2024-01-16 10:52:00+05:30,226.85,226.85,226.75,226.75,77000,
2024-01-16 10:53:00+05:30,226.75,227.1,226.75,226.95,179526,
2024-01-16 10:54:00+05:30,226.95,227,226.75,226.8,29236,
2024-01-16 10:55:00+05:30,226.75,226.9,226.75,226.85,45020,
2024-01-16 10:56:00+05:30,226.85,227,226.75,226.85,28674,
2024-01-16 10:57:00+05:30,226.75,226.85,226.75,226.75,13536,
2024-01-16 10:58:00+05:30,226.8,226.8,226.75,226.75,18098,
2024-01-16 10:59:00+05:30,226.75,226.85,226.75,226.75,18356,
2024-01-16 11:00:00+05:30,226.75,226.9,226.65,226.85,434620,
2024-01-16 11:01:00+05:30,226.85,226.9,226.75,226.85,74764,
2024-01-16 11:02:00+05:30,226.9,227,226.75,226.9,65776,
2024-01-16 11:03:00+05:30,226.9,226.95,226.75,226.75,29324,
2024-01-16 11:04:00+05:30,226.85,226.95,226.75,226.9,16816,
2024-01-16 11:05:00+05:30,226.9,226.9,226.8,226.85,32358,
2024-01-16 11:06:00+05:30,226.85,227,226.8,226.95,67620,
2024-01-16 11:07:00+05:30,226.95,227,226.8,226.9,27688,
2024-01-16 11:08:00+05:30,226.9,227,226.75,226.95,107422,
2024-01-16 11:09:00+05:30,226.9,227,226.75,226.9,53770,
2024-01-16 11:10:00+05:30,226.95,226.95,226.65,226.75,14064,
2024-01-16 11:11:00+05:30,226.75,226.85,226.65,226.75,23548,
2024-01-16 11:12:00+05:30,226.75,226.85,226.75,226.85,17466,
2024-01-16 11:13:00+05:30,226.85,226.95,226.75,226.75,22404,
2024-01-16 11:14:00+05:30,226.75,227.3,226.75,227.25,313016,
2024-01-16 11:15:00+05:30,227.2,227.4,227.05,227.2,118490,
2024-01-16 11:16:00+05:30,227.2,227.3,227.05,227.2,167638,
2024-01-16 11:17:00+05:30,227.1,227.1,226.9,226.95,15082,
2024-01-16 11:18:00+05:30,226.95,227.1,226.85,227.1,53186,
2024-01-16 11:19:00+05:30,227.1,227.4,227.05,227.4,72754,
2024-01-16 11:20:00+05:30,227.4,227.7,227.25,227.7,685490,
2024-01-16 11:21:00+05:30,227.7,227.7,227.6,227.65,331120,
2024-01-16 11:22:00+05:30,227.6,227.95,227.5,227.9,336078,
2024-01-16 11:23:00+05:30,227.8,228.1,227.8,227.85,133504,
2024-01-16 11:24:00+05:30,227.95,228.4,227.9,228.1,316782,
2024-01-16 11:25:00+05:30,228.1,228.25,227.95,228,85398,
2024-01-16 11:26:00+05:30,228,228.2,227.85,228.1,95410,
2024-01-16 11:27:00+05:30,228.1,228.75,228.1,228.7,383862,
2024-01-16 11:28:00+05:30,228.7,228.7,228.3,228.55,122116,
2024-01-16 11:29:00+05:30,228.5,228.75,228.5,228.7,272416,
2024-01-16 11:30:00+05:30,228.7,229.05,228.7,229,387400,
2024-01-16 11:31:00+05:30,229.05,229.35,228.85,229.25,381064,
2024-01-16 11:32:00+05:30,229.25,229.65,229.25,229.35,292836,
2024-01-16 11:33:00+05:30,229.35,229.35,228.95,229.1,227764,
2024-01-16 11:34:00+05:30,229.15,229.3,229.05,229.2,124018,
2024-01-16 11:35:00+05:30,229.15,229.35,229.05,229.15,160732,
2024-01-16 11:36:00+05:30,229.15,229.65,229.05,229.6,262362,
2024-01-16 11:37:00+05:30,229.65,230.15,229.6,230.05,443482,
2024-01-16 11:38:00+05:30,230.15,230.7,230.1,230.5,1013084,
2024-01-16 11:39:00+05:30,230.5,230.8,230.15,230.15,304236,
2024-01-16 11:40:00+05:30,230.25,230.6,230.2,230.4,171270,
2024-01-16 11:41:00+05:30,230.4,230.7,230.35,230.6,288470,
2024-01-16 11:42:00+05:30,230.6,230.6,230.05,230.05,203686,
2024-01-16 11:43:00+05:30,230.15,230.15,229.65,229.85,193928,
2024-01-16 11:44:00+05:30,229.8,230.4,229.65,230.25,134814,
2024-01-16 11:45:00+05:30,230.15,230.3,229.75,229.85,321194,
2024-01-16 11:46:00+05:30,229.85,229.9,229.5,229.5,112292,
2024-01-16 11:47:00+05:30,229.5,230.6,229.5,230.4,366320,
2024-01-16 11:48:00+05:30,230.35,230.6,230.25,230.5,184636,
2024-01-16 11:49:00+05:30,230.5,230.6,230.4,230.5,170520,
2024-01-16 11:50:00+05:30,230.6,231.3,230.45,230.95,589854,
2024-01-16 11:51:00+05:30,230.95,231.1,230.6,230.75,99064,
2024-01-16 11:52:00+05:30,230.75,230.9,230.6,230.8,82334,
2024-01-16 11:53:00+05:30,230.65,230.9,230.6,230.8,110330,
2024-01-16 11:54:00+05:30,231,231.05,230.8,230.8,135972,
2024-01-16 11:55:00+05:30,230.8,231.3,230.8,231.25,252690,
2024-01-16 11:56:00+05:30,231.3,231.4,231.1,231.35,221754,
2024-01-16 11:57:00+05:30,231.25,231.6,231.25,231.4,219592,
2024-01-16 11:58:00+05:30,231.35,231.55,231.2,231.45,158448,
2024-01-16 11:59:00+05:30,231.45,231.5,231.2,231.3,114474,
2024-01-16 12:00:00+05:30,231.3,231.6,231.25,231.6,298772,
2024-01-16 12:01:00+05:30,231.5,231.7,231.45,231.5,247992,
2024-01-16 12:02:00+05:30,231.5,231.8,231.4,231.7,274264,
2024-01-16 12:03:00+05:30,231.8,232,231.6,231.7,275110,
2024-01-16 12:04:00+05:30,231.7,231.8,231.6,231.8,95924,
2024-01-16 12:05:00+05:30,231.8,231.8,231.35,231.45,158448,
2024-01-16 12:06:00+05:30,231.4,231.6,231.2,231.3,128288,
2024-01-16 12:07:00+05:30,231.2,231.3,230.9,231,129298,
2024-01-16 12:08:00+05:30,230.95,231,230.4,230.4,263376,
2024-01-16 12:09:00+05:30,230.4,231.1,230.25,231,225712,
2024-01-16 12:10:00+05:30,231,231.15,230.35,230.35,140016,
2024-01-16 12:11:00+05:30,230.35,231,230.3,231,135194,
2024-01-16 12:12:00+05:30,231,231,230.7,230.8,75858,
2024-01-16 12:13:00+05:30,230.75,231.2,230.6,231.1,149536,
2024-01-16 12:14:00+05:30,231.1,231.2,230.7,230.8,148498,
2024-01-16 12:15:00+05:30,230.8,231,230.6,230.9,153054,
2024-01-16 12:16:00+05:30,230.75,230.8,230.6,230.7,56184,
2024-01-16 12:17:00+05:30,230.7,230.85,230.6,230.6,54640,
2024-01-16 12:18:00+05:30,230.6,230.7,230.25,230.3,247228,
2024-01-16 12:19:00+05:30,230.3,230.35,229.95,230.05,267410,
2024-01-16 12:20:00+05:30,230.05,230.3,230.05,230.05,117006,
2024-01-16 12:21:00+05:30,230.05,230.25,230.05,230.1,66690,
2024-01-16 12:22:00+05:30,230.1,230.3,230.05,230.3,68042,
2024-01-16 12:23:00+05:30,230.4,230.9,230.3,230.9,76416,
2024-01-16 12:24:00+05:30,230.9,231.35,230.9,231.35,211412,
2024-01-16 12:25:00+05:30,231.35,231.35,231.1,231.2,136206,
2024-01-16 12:26:00+05:30,231.2,231.5,231.2,231.2,106122,
2024-01-16 12:27:00+05:30,231.3,231.3,231.1,231.2,103530,
2024-01-16 12:28:00+05:30,231.2,231.35,231.1,231.35,72544,
2024-01-16 12:29:00+05:30,231.25,231.3,231.2,231.3,36362,
2024-01-16 12:30:00+05:30,231.3,231.8,231.3,231.7,242598,
2024-01-16 12:31:00+05:30,231.7,231.8,231.45,231.6,61574,
2024-01-16 12:32:00+05:30,231.6,231.6,231.4,231.4,49362,
2024-01-16 12:33:00+05:30,231.4,231.6,231.4,231.55,68392,
2024-01-16 12:34:00+05:30,231.4,231.7,231.4,231.55,154988,
2024-01-16 12:35:00+05:30,231.65,231.85,231.5,231.8,143546,
2024-01-16 12:36:00+05:30,231.8,231.85,231.65,231.65,64652,
2024-01-16 12:37:00+05:30,231.65,231.8,231.6,231.8,49018,
2024-01-16 12:38:00+05:30,231.7,231.8,231.7,231.8,44762,
2024-01-16 12:39:00+05:30,231.7,231.8,231.4,231.4,133306,
2024-01-16 12:40:00+05:30,231.4,231.75,231.4,231.75,97538,
2024-01-16 12:41:00+05:30,231.7,231.8,231.4,231.45,62300,
2024-01-16 12:42:00+05:30,231.4,231.5,231.2,231.35,90420,
2024-01-16 12:43:00+05:30,231.25,231.7,231.2,231.7,173522,
2024-01-16 12:44:00+05:30,231.6,231.7,231.2,231.3,212980,
2024-01-16 12:45:00+05:30,231.2,231.6,231.1,231.2,136460,
2024-01-16 12:46:00+05:30,231.2,231.3,231.05,231.1,115026,
2024-01-16 12:47:00+05:30,231.1,231.5,231.1,231.3,182986,
2024-01-16 12:48:00+05:30,231.3,231.3,230.8,230.8,81188,
2024-01-16 12:49:00+05:30,230.8,231.05,230.7,230.7,70450,
2024-01-16 12:50:00+05:30,230.65,230.8,230.6,230.7,86552,
2024-01-16 12:51:00+05:30,230.7,230.7,230.45,230.5,77398,
2024-01-16 12:52:00+05:30,230.5,231.5,230.5,231.3,396674,
2024-01-16 12:53:00+05:30,231.3,231.8,231.25,231.8,230114,
2024-01-16 12:54:00+05:30,231.8,232.45,231.75,232.35,597786,
2024-01-16 12:55:00+05:30,232.15,232.3,232.05,232.05,145328,
2024-01-16 12:56:00+05:30,232.15,232.15,231.85,231.85,60358,
2024-01-16 12:57:00+05:30,231.85,231.95,231.25,231.55,236642,
2024-01-16 12:58:00+05:30,231.5,231.6,231.3,231.5,103306,
2024-01-16 12:59:00+05:30,231.4,231.65,231.1,231.2,125930,
2024-01-16 13:00:00+05:30,231.2,231.2,230.45,230.5,175338,
2024-01-16 13:01:00+05:30,230.45,230.8,230.3,230.7,222228,
2024-01-16 13:02:00+05:30,230.6,230.8,230.4,230.55,74878,
2024-01-16 13:03:00+05:30,230.55,230.8,230.45,230.7,75764,
2024-01-16 13:04:00+05:30,230.7,230.85,230.6,230.75,73606,
2024-01-16 13:05:00+05:30,230.75,231,230.6,231,66270,
2024-01-16 13:06:00+05:30,231,231,230.45,230.6,173538,
2024-01-16 13:07:00+05:30,230.5,230.6,230.15,230.2,125616,
2024-01-16 13:08:00+05:30,230.25,230.5,230.15,230.25,136698,
2024-01-16 13:09:00+05:30,230.35,230.5,229.85,230.15,343878,
2024-01-16 13:10:00+05:30,230.15,230.35,229.8,229.8,97836,
2024-01-16 13:11:00+05:30,229.85,230.15,229.8,230.1,83170,
2024-01-16 13:12:00+05:30,230.05,230.25,229.95,229.95,103126,
2024-01-16 13:13:00+05:30,229.95,229.95,229.25,229.55,348836,
2024-01-16 13:14:00+05:30,229.55,229.75,229.45,229.75,87776,
2024-01-16 13:15:00+05:30,229.65,229.7,229.2,229.5,85108,
2024-01-16 13:16:00+05:30,229.55,230.25,229.4,230.25,198042,
2024-01-16 13:17:00+05:30,230.2,230.5,229.95,230.4,90494,
2024-01-16 13:18:00+05:30,230.35,230.6,230.35,230.5,109914,
2024-01-16 13:19:00+05:30,230.35,230.5,229.75,229.85,74686,
2024-01-16 13:20:00+05:30,229.75,229.95,229.7,229.9,30786,
2024-01-16 13:21:00+05:30,229.95,229.95,229.55,229.65,34602,
2024-01-16 13:22:00+05:30,229.75,229.95,229.65,229.85,69714,
2024-01-16 13:23:00+05:30,229.85,230.05,229.8,229.85,58084,
2024-01-16 13:24:00+05:30,229.85,229.85,229.4,229.4,92900,
2024-01-16 13:25:00+05:30,229.45,229.55,229.25,229.4,78626,
2024-01-16 13:26:00+05:30,229.45,229.65,229.35,229.5,35138,
2024-01-16 13:27:00+05:30,229.55,229.6,229.15,229.15,72362,
2024-01-16 13:28:00+05:30,229.15,229.4,228.95,229.35,58646,
2024-01-16 13:29:00+05:30,229.35,229.95,229.35,229.95,84414,
2024-01-16 13:30:00+05:30,229.95,229.95,229.55,229.75,68742,
2024-01-16 13:31:00+05:30,229.65,229.85,229.25,229.4,39988,
2024-01-16 13:32:00+05:30,229.4,229.5,229.3,229.35,23694,
2024-01-16 13:33:00+05:30,229.25,229.35,228.5,228.7,186008,
2024-01-16 13:34:00+05:30,228.6,229,228.6,228.9,95602,
2024-01-16 13:35:00+05:30,228.85,229.25,228.85,229.2,102938,
2024-01-16 13:36:00+05:30,229.15,229.45,228.9,229.3,200576,
2024-01-16 13:37:00+05:30,229.25,229.55,229.15,229.5,38824,
2024-01-16 13:38:00+05:30,229.35,229.55,229.15,229.15,77958,
2024-01-16 13:39:00+05:30,229.25,229.4,229.15,229.4,23216,
2024-01-16 13:40:00+05:30,229.45,229.9,229.45,229.65,138364,
2024-01-16 13:41:00+05:30,229.6,229.75,229.4,229.55,34512,
2024-01-16 13:42:00+05:30,229.55,229.65,229.25,229.55,250060,
2024-01-16 13:43:00+05:30,229.55,229.7,229.5,229.65,96654,
2024-01-16 13:44:00+05:30,229.75,230.5,229.75,230.3,165820,
2024-01-16 13:45:00+05:30,230.25,230.4,229.85,230.15,59952,
2024-01-16 13:46:00+05:30,230.15,230.5,230.15,230.3,83712,
2024-01-16 13:47:00+05:30,230.35,230.5,230.25,230.4,52488,
2024-01-16 13:48:00+05:30,230.4,230.45,230.15,230.45,58372,
2024-01-16 13:49:00+05:30,230.3,230.45,230.15,230.15,44134,
2024-01-16 13:50:00+05:30,230.25,230.25,229.9,229.9,55928,
2024-01-16 13:51:00+05:30,229.9,230.25,229.85,230.25,35652,
2024-01-16 13:52:00+05:30,230.15,230.3,230.15,230.25,15832,
2024-01-16 13:53:00+05:30,230.25,230.25,230,230.05,37592,
2024-01-16 13:54:00+05:30,230.05,230.4,230.05,230.4,35212,
2024-01-16 13:55:00+05:30,230.4,230.5,230.3,230.5,53380,
2024-01-16 13:56:00+05:30,230.45,231.05,230.45,231.05,134572,
2024-01-16 13:57:00+05:30,231,231,230.6,230.7,55108,
2024-01-16 13:58:00+05:30,230.6,230.8,230.4,230.7,54974,
2024-01-16 13:59:00+05:30,230.7,230.7,230.4,230.45,45722,
2024-01-16 14:00:00+05:30,230.45,230.6,230.3,230.4,27186,
2024-01-16 14:01:00+05:30,230.3,230.7,230.3,230.6,27368,
2024-01-16 14:02:00+05:30,230.5,230.6,230.05,230.15,45186,
2024-01-16 14:03:00+05:30,230.15,230.3,230.1,230.15,38186,
2024-01-16 14:04:00+05:30,230.15,230.25,229.9,230.15,34840,
2024-01-16 14:05:00+05:30,230.1,230.1,229.85,230.05,40544,
2024-01-16 14:06:00+05:30,230,230.15,229.75,230.15,51804,
2024-01-16 14:07:00+05:30,230.05,230.3,230.05,230.3,27516,
2024-01-16 14:08:00+05:30,230.25,230.3,230.05,230.2,46026,
2024-01-16 14:09:00+05:30,230.25,230.25,230.15,230.2,27854,
2024-01-16 14:10:00+05:30,230.25,230.4,230.15,230.2,78346,
2024-01-16 14:11:00+05:30,230.15,230.2,230,230.1,23912,
2024-01-16 14:12:00+05:30,230.05,230.15,230,230.15,21404,
2024-01-16 14:13:00+05:30,230.05,230.15,229.8,229.8,93334,
2024-01-16 14:14:00+05:30,229.8,229.8,229.5,229.65,77144,
2024-01-16 14:15:00+05:30,229.6,229.65,229.45,229.45,46910,
2024-01-16 14:16:00+05:30,229.45,229.65,229.45,229.65,33006,
2024-01-16 14:17:00+05:30,229.55,229.65,229.55,229.65,21830,
2024-01-16 14:18:00+05:30,229.65,229.65,229.55,229.65,16692,
2024-01-16 14:19:00+05:30,229.55,229.75,229.55,229.65,51386,
2024-01-16 14:20:00+05:30,229.7,229.9,229.65,229.85,54364,
2024-01-16 14:21:00+05:30,229.85,230.05,229.55,229.55,56204,
2024-01-16 14:22:00+05:30,229.65,229.85,229.55,229.65,23616,
2024-01-16 14:23:00+05:30,229.55,229.65,229.45,229.65,12192,
2024-01-16 14:24:00+05:30,229.55,229.65,229.45,229.6,22662,
2024-01-16 14:25:00+05:30,229.5,229.6,229.5,229.5,14420,
2024-01-16 14:26:00+05:30,229.5,229.6,229.35,229.4,50246,
2024-01-16 14:27:00+05:30,229.4,229.55,229.15,229.45,161792,
2024-01-16 14:28:00+05:30,229.45,229.6,229.3,229.6,34154,
2024-01-16 14:29:00+05:30,229.5,229.85,229.45,229.85,36622,
2024-01-16 14:30:00+05:30,229.75,230.05,229.65,230,88558,
2024-01-16 14:31:00+05:30,229.85,230,229.65,229.85,63148,
2024-01-16 14:32:00+05:30,229.85,229.85,229.55,229.55,38776,
2024-01-16 14:33:00+05:30,229.6,229.75,229.55,229.65,31570,
2024-01-16 14:34:00+05:30,229.65,229.7,229.55,229.55,23588,
2024-01-16 14:35:00+05:30,229.5,229.85,229.3,229.55,269936,
2024-01-16 14:36:00+05:30,229.45,229.55,229,229.1,100682,
2024-01-16 14:37:00+05:30,229.05,229.35,229.05,229.35,53374,
2024-01-16 14:38:00+05:30,229.35,229.65,229.35,229.55,34440,
2024-01-16 14:39:00+05:30,229.55,229.65,229.45,229.55,39678,
2024-01-16 14:40:00+05:30,229.55,229.65,229.5,229.55,120116,
2024-01-16 14:41:00+05:30,229.55,229.55,229.25,229.3,79456,
2024-01-16 14:42:00+05:30,229.25,229.3,229.1,229.25,33484,
2024-01-16 14:43:00+05:30,229.25,229.25,229.15,229.25,12166,
2024-01-16 14:44:00+05:30,229.25,229.3,229.15,229.25,15676,
2024-01-16 14:45:00+05:30,229.25,229.25,228.95,229.15,145754,
2024-01-16 14:46:00+05:30,229.25,229.35,229.15,229.35,32002,
2024-01-16 14:47:00+05:30,229.35,229.35,229.35,229.35,18526,
2024-01-16 14:48:00+05:30,229.35,229.35,229.15,229.25,32582,
2024-01-16 14:49:00+05:30,229.25,229.35,229.2,229.35,29794,
2024-01-16 14:50:00+05:30,229.35,229.35,229.15,229.25,15278,
2024-01-16 14:51:00+05:30,229.25,229.65,229.25,229.45,223392,
2024-01-16 14:52:00+05:30,229.45,229.65,229.35,229.35,72138,
2024-01-16 14:53:00+05:30,229.4,229.4,229.1,229.15,64758,
2024-01-16 14:54:00+05:30,229.15,229.35,229.15,229.2,70712,
2024-01-16 14:55:00+05:30,229.2,229.35,229.05,229.15,60172,
2024-01-16 14:56:00+05:30,229.1,229.1,228.95,229,26924,
2024-01-16 14:57:00+05:30,228.95,229.15,228.95,229.05,18520,
2024-01-16 14:58:00+05:30,229.05,229.15,229.05,229.15,16278,
2024-01-16 14:59:00+05:30,229.15,229.35,229.05,229.15,135992,
2024-01-16 15:00:00+05:30,229.2,229.2,229.15,229.15,61118,
2024-01-16 15:01:00+05:30,229.2,229.35,229.05,229.35,78342,
2024-01-16 15:02:00+05:30,229.25,229.65,229.25,229.65,108126,
2024-01-16 15:03:00+05:30,229.65,229.9,229.55,229.65,79106,
2024-01-16 15:04:00+05:30,229.55,229.9,229.45,229.85,169556,
2024-01-16 15:05:00+05:30,229.75,229.85,229.45,229.6,57560,
2024-01-16 15:06:00+05:30,229.6,229.65,229.55,229.65,34528,
2024-01-16 15:07:00+05:30,229.65,229.65,229.4,229.5,78334,
2024-01-16 15:08:00+05:30,229.45,229.5,229.15,229.45,118548,
2024-01-16 15:09:00+05:30,229.45,229.5,229.35,229.45,143494,
2024-01-16 15:10:00+05:30,229.45,229.5,229.35,229.45,107414,
2024-01-16 15:11:00+05:30,229.45,229.5,229.15,229.2,170162,
2024-01-16 15:12:00+05:30,229.15,229.3,229.15,229.25,156460,
2024-01-16 15:13:00+05:30,229.25,229.25,229.1,229.2,52970,
2024-01-16 15:14:00+05:30,229.2,229.35,229.15,229.3,69078,
2024-01-16 15:15:00+05:30,229.3,229.35,229.1,229.15,129250,
2024-01-16 15:16:00+05:30,229.1,229.15,228.9,228.95,134878,
2024-01-16 15:17:00+05:30,228.95,229,228.7,228.7,126200,
2024-01-16 15:18:00+05:30,228.75,228.95,228.65,228.85,124966,
2024-01-16 15:19:00+05:30,228.85,229.05,228.85,229.05,52850,
2024-01-16 15:20:00+05:30,229.05,229.05,228.75,228.75,172130,
2024-01-16 15:21:00+05:30,228.75,228.75,228.6,228.7,293288,
2024-01-16 15:22:00+05:30,228.7,228.7,228.65,228.7,54630,
2024-01-16 15:23:00+05:30,228.7,228.7,228.65,228.7,121440,
2024-01-16 15:24:00+05:30,228.65,228.8,228.5,228.8,132086,
2024-01-16 15:25:00+05:30,228.8,229.15,228.75,229.05,124196,
2024-01-16 15:26:00+05:30,229.1,229.15,228.95,229.05,93282,
2024-01-16 15:27:00+05:30,229.05,229.05,228.95,228.95,45100,
2024-01-16 15:28:00+05:30,229,229.05,228.6,228.85,278644,
2024-01-16 15:29:00+05:30,228.85,228.9,228.75,228.9,63168,
2024-01-17 09:15:00+05:30,228.75,228.75,227.1,227.4,202680,
2024-01-17 09:16:00+05:30,227.6,228.2,227.25,227.9,153762,
2024-01-17 09:17:00+05:30,228,228.2,227.5,227.8,74934,
2024-01-17 09:18:00+05:30,227.85,228.5,227.8,228.4,153556,
2024-01-17 09:19:00+05:30,228.55,228.7,228,228.7,151772,
2024-01-17 09:20:00+05:30,228.75,228.75,228.2,228.5,91476,
2024-01-17 09:21:00+05:30,228.5,228.6,228.1,228.4,84168,
2024-01-17 09:22:00+05:30,228.45,228.6,228.05,228.45,154740,
2024-01-17 09:23:00+05:30,228.4,228.45,228.05,228.3,73722,
2024-01-17 09:24:00+05:30,228.3,228.45,227.8,227.9,130798,
2024-01-17 09:25:00+05:30,227.95,228,227.55,227.6,136246,
2024-01-17 09:26:00+05:30,227.7,228.4,227.4,228.35,271440,
2024-01-17 09:27:00+05:30,228.35,228.75,228.3,228.7,112458,
2024-01-17 09:28:00+05:30,228.7,229.15,228.7,229,142406,
2024-01-17 09:29:00+05:30,229,229.85,229,229.6,196354,
2024-01-17 09:30:00+05:30,229.5,230.05,229.4,229.95,204400,
2024-01-17 09:31:00+05:30,230.1,230.25,229.75,229.9,193460,
2024-01-17 09:32:00+05:30,229.75,229.95,229.4,229.45,190740,
2024-01-17 09:33:00+05:30,229.55,229.85,229.35,229.8,151632,
2024-01-17 09:34:00+05:30,229.85,229.85,229.55,229.75,49870,
2024-01-17 09:35:00+05:30,229.7,230.15,229.7,230,81682,
2024-01-17 09:36:00+05:30,230.15,230.4,229.75,229.95,125776,
2024-01-17 09:37:00+05:30,230,230.1,229.75,229.9,120550,
2024-01-17 09:38:00+05:30,229.9,229.95,229.4,229.9,166740,
2024-01-17 09:39:00+05:30,229.9,230.1,229.75,229.85,118014,
2024-01-17 09:40:00+05:30,229.85,230.05,229.55,229.65,117022,
2024-01-17 09:41:00+05:30,229.65,229.65,229.45,229.6,103318,
2024-01-17 09:42:00+05:30,229.55,229.8,229.55,229.55,40004,
2024-01-17 09:43:00+05:30,229.55,229.65,229.55,229.65,38108,
2024-01-17 09:44:00+05:30,229.65,229.8,229.55,229.8,146138,
2024-01-17 09:45:00+05:30,229.7,229.8,229.55,229.65,48030,
2024-01-17 09:46:00+05:30,229.65,229.75,229.35,229.7,101746,
2024-01-17 09:47:00+05:30,229.7,229.85,229.45,229.65,85858,
2024-01-17 09:48:00+05:30,229.65,230.1,229.65,230.05,67686,
2024-01-17 09:49:00+05:30,230.05,230.15,229.95,230.15,56136,
2024-01-17 09:50:00+05:30,230.15,230.3,230.05,230.25,80376,
2024-01-17 09:51:00+05:30,230.25,230.3,230.15,230.25,52666,
2024-01-17 09:52:00+05:30,230.15,230.25,229.75,229.95,70300,
2024-01-17 09:53:00+05:30,229.95,229.95,229.65,229.95,51506,
2024-01-17 09:54:00+05:30,229.95,230.05,229.85,230,36806,
2024-01-17 09:55:00+05:30,230.05,230.05,227.5,227.6,675534,
2024-01-17 09:56:00+05:30,227.5,227.6,225.85,226.8,859072,
2024-01-17 09:57:00+05:30,226.75,228.3,226.75,227.95,377330,
2024-01-17 09:58:00+05:30,227.85,228.3,227.75,227.95,128604,
2024-01-17 09:59:00+05:30,227.95,228.1,227.85,227.95,103860,
2024-01-17 10:00:00+05:30,228,228.1,227.35,227.95,128914,
2024-01-17 10:01:00+05:30,228,228.1,227.7,227.75,125414,
2024-01-17 10:02:00+05:30,227.75,228,227.5,227.6,55706,
2024-01-17 10:03:00+05:30,227.6,228.75,227.6,228.7,106338,
2024-01-17 10:04:00+05:30,228.7,229.35,228.7,229.25,101156,
2024-01-17 10:05:00+05:30,229.15,229.45,228.95,229.45,53260,
2024-01-17 10:06:00+05:30,229.45,229.5,229.15,229.25,69272,
2024-01-17 10:07:00+05:30,229.4,229.5,229.05,229.4,43622,
2024-01-17 10:08:00+05:30,229.4,229.6,229.2,229.3,50650,
2024-01-17 10:09:00+05:30,229.3,229.45,229.15,229.35,45514,
2024-01-17 10:10:00+05:30,229.3,229.45,229.2,229.25,36902,
2024-01-17 10:11:00+05:30,229.25,229.85,229.15,229.75,120322,
2024-01-17 10:12:00+05:30,229.75,229.95,229.65,229.85,56746,
2024-01-17 10:13:00+05:30,229.85,229.85,229.75,229.75,40896,
2024-01-17 10:14:00+05:30,229.75,229.95,229.65,229.75,51884,
2024-01-17 10:15:00+05:30,229.75,229.85,229.55,229.65,49100,
2024-01-17 10:16:00+05:30,229.65,230.25,229.65,230.15,172914,
2024-01-17 10:17:00+05:30,230.15,230.25,229.95,230.05,31234,
2024-01-17 10:18:00+05:30,230.05,230.15,229.95,229.95,34246,
2024-01-17 10:19:00+05:30,229.95,230.25,229.95,230.25,63942,
2024-01-17 10:20:00+05:30,230.25,230.25,230.05,230.15,44046,
2024-01-17 10:21:00+05:30,230.15,230.25,230.15,230.2,46618,
2024-01-17 10:22:00+05:30,230.2,230.25,229.85,229.95,61396,
2024-01-17 10:23:00+05:30,229.95,230.05,229.9,230.05,31318,
2024-01-17 10:24:00+05:30,230.05,230.15,230,230.15,59772,
2024-01-17 10:25:00+05:30,230.15,230.25,229.95,230.15,32898,
2024-01-17 10:26:00+05:30,230.15,230.85,230.15,230.8,192440,
2024-01-17 10:27:00+05:30,230.6,231.2,230.35,230.6,237428,
2024-01-17 10:28:00+05:30,230.6,230.7,230.5,230.5,95828,
2024-01-17 10:29:00+05:30,230.5,230.5,230.35,230.5,58872,
2024-01-17 10:30:00+05:30,230.6,230.6,230.5,230.6,38296,
2024-01-17 10:31:00+05:30,230.6,230.7,230.5,230.6,50494,
2024-01-17 10:32:00+05:30,230.6,230.65,230.3,230.3,50360,
2024-01-17 10:33:00+05:30,230.3,230.35,230.15,230.15,50556,
2024-01-17 10:34:00+05:30,230.15,230.25,230.05,230.25,38068,
2024-01-17 10:35:00+05:30,230.15,230.25,229.95,230.05,37644,
2024-01-17 10:36:00+05:30,230.1,230.15,230,230.05,32388,
2024-01-17 10:37:00+05:30,230.05,230.05,229.45,229.75,84854,
2024-01-17 10:38:00+05:30,229.7,229.75,229.55,229.55,23688,
2024-01-17 10:39:00+05:30,229.55,229.75,229.45,229.55,41804,
2024-01-17 10:40:00+05:30,229.55,229.6,229.4,229.5,69180,
2024-01-17 10:41:00+05:30,229.5,229.55,229.4,229.5,25450,
2024-01-17 10:42:00+05:30,229.45,229.5,229.4,229.4,6210,
2024-01-17 10:43:00+05:30,229.45,229.6,229.15,229.25,76606,
2024-01-17 10:44:00+05:30,229.25,229.45,229.15,229.25,18422,
2024-01-17 10:45:00+05:30,229.25,229.3,229.15,229.15,13408,
2024-01-17 10:46:00+05:30,229.15,229.45,229.15,229.4,22158,
2024-01-17 10:47:00+05:30,229.45,229.45,229.25,229.3,21842,
2024-01-17 10:48:00+05:30,229.3,229.6,229.25,229.55,18200,
2024-01-17 10:49:00+05:30,229.55,229.65,229.5,229.6,23880,
2024-01-17 10:50:00+05:30,229.6,229.75,229.6,229.65,30438,
2024-01-17 10:51:00+05:30,229.65,229.65,229.55,229.65,23702,
2024-01-17 10:52:00+05:30,229.75,230.05,229.65,229.95,40452,
2024-01-17 10:53:00+05:30,229.95,230.15,229.95,230.1,23260,
2024-01-17 10:54:00+05:30,230.15,230.15,230.05,230.1,38654,
2024-01-17 10:55:00+05:30,230.1,230.15,230.05,230.15,22398,
2024-01-17 10:56:00+05:30,230.25,230.3,230,230.05,52678,
2024-01-17 10:57:00+05:30,230.05,230.15,229.85,229.95,29340,
2024-01-17 10:58:00+05:30,229.95,230,229.95,230,31162,
2024-01-17 10:59:00+05:30,230,230.15,230,230.15,14566,
2024-01-17 11:00:00+05:30,230.15,230.15,230.15,230.15,33568,
2024-01-17 11:01:00+05:30,230.15,230.2,229.85,229.9,38038,
2024-01-17 11:02:00+05:30,229.9,230.05,229.9,230.05,27118,
2024-01-17 11:03:00+05:30,230.05,230.15,229.95,229.95,31464,
2024-01-17 11:04:00+05:30,230,230,229.85,229.85,31664,
2024-01-17 11:05:00+05:30,229.9,229.9,229.85,229.85,21916,
2024-01-17 11:06:00+05:30,229.85,229.9,229.65,229.85,31592,
2024-01-17 11:07:00+05:30,229.9,230.1,229.85,230.05,41174,
2024-01-17 11:08:00+05:30,230.05,230.15,229.95,230.15,29002,
2024-01-17 11:09:00+05:30,230.15,230.15,230.05,230.15,40956,
2024-01-17 11:10:00+05:30,230.15,230.25,230.1,230.25,35416,
2024-01-17 11:11:00+05:30,230.25,230.6,230.15,230.6,48480,
2024-01-17 11:12:00+05:30,230.5,230.6,230.4,230.5,40984,
2024-01-17 11:13:00+05:30,230.5,230.6,230.3,230.45,44082,
2024-01-17 11:14:00+05:30,230.35,230.6,230.15,230.6,35472,
2024-01-17 11:15:00+05:30,230.5,230.55,230.3,230.3,36112,
2024-01-17 11:16:00+05:30,230.3,230.35,229.85,229.9,35802,
2024-01-17 11:17:00+05:30,229.9,230,229.75,229.85,16888,
2024-01-17 11:18:00+05:30,229.85,230.05,229.8,229.85,23674,
2024-01-17 11:19:00+05:30,229.8,229.85,229.65,229.7,30738,
2024-01-17 11:20:00+05:30,229.75,229.85,229.55,229.75,21370,
2024-01-17 11:21:00+05:30,229.75,229.8,229.55,229.6,26840,
2024-01-17 11:22:00+05:30,229.55,229.55,229.45,229.45,16936,
2024-01-17 11:23:00+05:30,229.45,229.65,229.4,229.6,15326,
2024-01-17 11:24:00+05:30,229.65,229.85,229.55,229.8,19834,
2024-01-17 11:25:00+05:30,229.8,229.85,229.5,229.65,30064,
2024-01-17 11:26:00+05:30,229.5,229.65,229.45,229.65,17492,
2024-01-17 11:27:00+05:30,229.65,229.65,229.55,229.6,9090,
2024-01-17 11:28:00+05:30,229.6,229.65,229.55,229.65,11514,
2024-01-17 11:29:00+05:30,229.65,229.65,229.55,229.55,8810,
2024-01-17 11:30:00+05:30,229.55,229.65,229.55,229.55,13562,
2024-01-17 11:31:00+05:30,229.65,230.15,229.6,230.05,66952,
2024-01-17 11:32:00+05:30,230.05,230.05,229.9,230.05,17890,
2024-01-17 11:33:00+05:30,230,230.05,229.85,229.95,7610,
2024-01-17 11:34:00+05:30,229.9,229.95,229.7,229.9,18370,
2024-01-17 11:35:00+05:30,229.9,229.9,229.65,229.8,30048,
2024-01-17 11:36:00+05:30,229.8,229.85,229.65,229.75,50524,
2024-01-17 11:37:00+05:30,229.75,229.8,229.55,229.75,21284,
2024-01-17 11:38:00+05:30,229.8,229.85,229.75,229.85,11328,
2024-01-17 11:39:00+05:30,229.85,229.9,229.65,229.65,25630,
2024-01-17 11:40:00+05:30,229.65,229.75,229.55,229.65,44322,
2024-01-17 11:41:00+05:30,229.55,229.65,229.25,229.25,80692,
2024-01-17 11:42:00+05:30,229.2,229.25,228.9,229,78748,
2024-01-17 11:43:00+05:30,229,229.35,228.95,229.35,82964,
2024-01-17 11:44:00+05:30,229.25,229.75,229.25,229.7,26592,
2024-01-17 11:45:00+05:30,229.7,229.85,229.65,229.7,22024,
2024-01-17 11:46:00+05:30,229.75,229.85,229.55,229.6,21932,
2024-01-17 11:47:00+05:30,229.65,229.85,229.6,229.85,28842,
2024-01-17 11:48:00+05:30,229.95,229.95,229.55,229.65,23638,
2024-01-17 11:49:00+05:30,229.65,229.75,229.55,229.65,41608,
2024-01-17 11:50:00+05:30,229.65,230.05,229.55,229.85,27606,
2024-01-17 11:51:00+05:30,229.85,229.95,229.75,229.95,24354,
2024-01-17 11:52:00+05:30,230.05,230.05,229.85,229.95,40486,
2024-01-17 11:53:00+05:30,230.05,230.15,230,230.15,26472,
2024-01-17 11:54:00+05:30,230.15,230.3,230.1,230.3,72056,
2024-01-17 11:55:00+05:30,230.25,230.25,229.85,230.1,180300,
2024-01-17 11:56:00+05:30,230.05,230.15,229.9,230.15,44742,
2024-01-17 11:57:00+05:30,230.15,230.15,229.8,229.95,32366,
2024-01-17 11:58:00+05:30,230,230.15,229.95,230.05,68406,
2024-01-17 11:59:00+05:30,230.05,230.15,230,230.15,26946,
2024-01-17 12:00:00+05:30,230.05,230.15,229.45,229.75,103392,
2024-01-17 12:01:00+05:30,229.75,229.75,229.5,229.55,54232,
2024-01-17 12:02:00+05:30,229.55,229.65,229.45,229.55,38072,
2024-01-17 12:03:00+05:30,229.55,229.6,228.95,228.95,81142,
2024-01-17 12:04:00+05:30,229,229.15,228.95,229.05,38158,
2024-01-17 12:05:00+05:30,229.05,229.25,228.7,228.75,51136,
2024-01-17 12:06:00+05:30,228.7,228.75,228.5,228.7,92024,
2024-01-17 12:07:00+05:30,228.65,229.15,228.65,229.15,45606,
2024-01-17 12:08:00+05:30,229.15,229.25,228.95,229.15,33994,
2024-01-17 12:09:00+05:30,229.15,229.35,229.15,229.25,45872,
2024-01-17 12:10:00+05:30,229.25,229.45,229.15,229.35,27570,
2024-01-17 12:11:00+05:30,229.25,229.35,229.25,229.3,23154,
2024-01-17 12:12:00+05:30,229.3,229.65,229.3,229.5,17988,
2024-01-17 12:13:00+05:30,229.55,229.65,229.45,229.5,30256,
2024-01-17 12:14:00+05:30,229.45,229.85,229.4,229.8,117008,
2024-01-17 12:15:00+05:30,229.8,230.25,229.8,230.25,58570,
2024-01-17 12:16:00+05:30,230.25,230.35,230.05,230.2,77898,
2024-01-17 12:17:00+05:30,230.1,230.15,229.55,229.6,68956,
2024-01-17 12:18:00+05:30,229.6,229.9,229.6,229.9,25190,
2024-01-17 12:19:00+05:30,229.9,229.9,229.7,229.7,11258,
2024-01-17 12:20:00+05:30,229.7,229.75,229.6,229.7,44820,
2024-01-17 12:21:00+05:30,229.7,229.75,229.65,229.65,7674,
2024-01-17 12:22:00+05:30,229.65,229.75,229.65,229.7,19118,
2024-01-17 12:23:00+05:30,229.75,229.9,229.7,229.85,8404,
2024-01-17 12:24:00+05:30,229.85,229.9,229.65,229.7,33894,
2024-01-17 12:25:00+05:30,229.7,229.75,229.65,229.75,3486,
2024-01-17 12:26:00+05:30,229.75,229.75,229.65,229.65,38464,
2024-01-17 12:27:00+05:30,229.65,229.7,229.65,229.65,14140,
2024-01-17 12:28:00+05:30,229.65,229.85,229.55,229.6,78066,
2024-01-17 12:29:00+05:30,229.55,229.75,229.55,229.7,15806,
2024-01-17 12:30:00+05:30,229.7,229.75,229.65,229.65,16900,
2024-01-17 12:31:00+05:30,229.7,229.7,229.65,229.65,21226,
2024-01-17 12:32:00+05:30,229.65,229.85,229.65,229.85,7330,
2024-01-17 12:33:00+05:30,229.85,229.85,229.65,229.7,12820,
2024-01-17 12:34:00+05:30,229.7,229.75,229.55,229.65,78196,
2024-01-17 12:35:00+05:30,229.6,229.65,229.6,229.65,17368,
2024-01-17 12:36:00+05:30,229.65,229.7,229.6,229.65,24102,
2024-01-17 12:37:00+05:30,229.65,229.7,229.65,229.7,14074,
2024-01-17 12:38:00+05:30,229.75,230.15,229.75,230.15,22746,
2024-01-17 12:39:00+05:30,230.1,230.1,229.9,230.05,61508,
2024-01-17 12:40:00+05:30,230.05,230.15,230.05,230.15,14842,
2024-01-17 12:41:00+05:30,230.15,230.15,229.95,230,34706,
2024-01-17 12:42:00+05:30,230,230.05,229.85,229.85,38606,
2024-01-17 12:43:00+05:30,229.9,230.05,229.85,230.05,39466,
2024-01-17 12:44:00+05:30,230.05,230.15,230,230,29526,
2024-01-17 12:45:00+05:30,230,230,229.8,229.95,25898,
2024-01-17 12:46:00+05:30,229.95,230.1,229.9,230.05,13284,
2024-01-17 12:47:00+05:30,230.05,230.15,229.95,230.05,58336,
2024-01-17 12:48:00+05:30,230.05,230.2,230.05,230.15,42244,
2024-01-17 12:49:00+05:30,230.15,230.15,229.75,229.85,36296,
2024-01-17 12:50:00+05:30,229.75,229.9,229.75,229.85,22896,
2024-01-17 12:51:00+05:30,229.85,229.85,229.65,229.75,27246,
2024-01-17 12:52:00+05:30,229.7,229.75,229.55,229.7,34276,
2024-01-17 12:53:00+05:30,229.7,230.05,229.7,230.05,27998,
2024-01-17 12:54:00+05:30,230.05,230.05,229.85,230,45608,
2024-01-17 12:55:00+05:30,229.95,230,229.75,229.95,31316,
2024-01-17 12:56:00+05:30,230,230.05,229.85,229.95,38042,
2024-01-17 12:57:00+05:30,229.95,230.05,229.95,230,15742,
2024-01-17 12:58:00+05:30,229.95,230.05,229.9,229.95,20902,
2024-01-17 12:59:00+05:30,229.95,230.05,229.85,229.9,33910,
2024-01-17 13:00:00+05:30,229.95,230.1,229.9,230.05,18026,
2024-01-17 13:01:00+05:30,230.05,230.15,230,230.05,45546,
2024-01-17 13:02:00+05:30,230.1,230.25,230,230.05,104804,
2024-01-17 13:03:00+05:30,230.05,230.15,229.95,230.05,20828,
2024-01-17 13:04:00+05:30,230.1,230.2,230.05,230.15,25718,
2024-01-17 13:05:00+05:30,230.15,230.25,230.15,230.15,36440,
2024-01-17 13:06:00+05:30,230.15,230.15,229.95,230.15,25812,
2024-01-17 13:07:00+05:30,230.15,230.2,230.15,230.15,31692,
2024-01-17 13:08:00+05:30,230.2,230.2,230.05,230.15,24544,
2024-01-17 13:09:00+05:30,230.15,230.25,230.15,230.25,37800,
2024-01-17 13:10:00+05:30,230.25,230.25,230.05,230.05,50310,
2024-01-17 13:11:00+05:30,229.95,230.15,229.95,230.1,14940,
2024-01-17 13:12:00+05:30,230.1,230.15,229.85,229.95,64822,
2024-01-17 13:13:00+05:30,229.95,230.05,229.75,229.75,32084,
2024-01-17 13:14:00+05:30,229.85,229.9,229.75,229.85,4040,
2024-01-17 13:15:00+05:30,229.9,229.95,229.85,229.95,43814,
2024-01-17 13:16:00+05:30,229.9,230.05,229.65,229.65,88492,
2024-01-17 13:17:00+05:30,229.7,229.7,229.3,229.5,50248,
2024-01-17 13:18:00+05:30,229.5,229.65,229.45,229.55,46494,
2024-01-17 13:19:00+05:30,229.45,229.45,229.05,229.15,72536,
2024-01-17 13:20:00+05:30,229.15,229.15,228.95,228.95,42518,
2024-01-17 13:21:00+05:30,228.95,229.15,228.75,228.95,74690,
2024-01-17 13:22:00+05:30,228.95,229.15,228.9,229.1,19636,
2024-01-17 13:23:00+05:30,229.15,229.15,228.95,229.05,29244,
2024-01-17 13:24:00+05:30,229.05,229.35,228.95,229.1,63386,
2024-01-17 13:25:00+05:30,229.15,229.3,228.95,229,53808,
2024-01-17 13:26:00+05:30,228.95,229.2,228.95,229.15,49868,
2024-01-17 13:27:00+05:30,229.15,229.4,229.15,229.15,27026,
2024-01-17 13:28:00+05:30,229.2,229.35,229.15,229.35,14274,
2024-01-17 13:29:00+05:30,229.35,229.45,229.3,229.35,39094,
2024-01-17 13:30:00+05:30,229.35,229.35,229.05,229.1,45008,
2024-01-17 13:31:00+05:30,229.05,229.05,228.95,229,9930,
2024-01-17 13:32:00+05:30,229,229.05,228.8,228.9,48354,
2024-01-17 13:33:00+05:30,228.9,229.25,228.9,229.15,96726,
2024-01-17 13:34:00+05:30,229.15,229.15,229,229.05,24066,
2024-01-17 13:35:00+05:30,229.05,229.15,229.05,229.05,52614,
2024-01-17 13:36:00+05:30,228.95,229.05,228.95,228.95,29678,
2024-01-17 13:37:00+05:30,228.95,229.05,228.85,228.85,42708,
2024-01-17 13:38:00+05:30,228.85,228.85,228.5,228.6,56442,
2024-01-17 13:39:00+05:30,228.6,229,228.6,228.95,15814,
2024-01-17 13:40:00+05:30,229.05,229.1,228.95,229.05,33960,
2024-01-17 13:41:00+05:30,229.15,229.35,229.05,229.3,27834,
2024-01-17 13:42:00+05:30,229.35,229.75,229.3,229.55,44676,
2024-01-17 13:43:00+05:30,229.5,229.75,229.5,229.75,19062,
2024-01-17 13:44:00+05:30,229.75,229.75,229.15,229.2,84942,
2024-01-17 13:45:00+05:30,229.3,229.45,229.05,229.15,54392,
2024-01-17 13:46:00+05:30,229.15,229.2,228.95,229.15,31670,
2024-01-17 13:47:00+05:30,229.15,229.2,229.05,229.15,49972,
2024-01-17 13:48:00+05:30,229.15,229.4,229.15,229.25,41756,
2024-01-17 13:49:00+05:30,229.25,229.55,229.25,229.55,20314,
2024-01-17 13:50:00+05:30,229.55,229.9,229.5,229.85,37094,
2024-01-17 13:51:00+05:30,229.85,230.05,229.85,229.85,49182,
2024-01-17 13:52:00+05:30,229.85,229.95,229.75,229.75,49492,
2024-01-17 13:53:00+05:30,229.75,229.85,229.55,229.55,41032,
2024-01-17 13:54:00+05:30,229.55,229.65,229.5,229.65,21078,
2024-01-17 13:55:00+05:30,229.65,229.75,229.65,229.65,35532,
2024-01-17 13:56:00+05:30,229.65,229.7,229.55,229.65,32784,
2024-01-17 13:57:00+05:30,229.65,229.7,229.65,229.65,23698,
2024-01-17 13:58:00+05:30,229.65,229.75,229.55,229.55,31198,
2024-01-17 13:59:00+05:30,229.55,229.65,229.55,229.65,23150,
2024-01-17 14:00:00+05:30,229.65,229.75,229.45,229.55,49606,
2024-01-17 14:01:00+05:30,229.55,229.65,229.5,229.65,18362,
2024-01-17 14:02:00+05:30,229.65,229.75,229.65,229.75,11360,
2024-01-17 14:03:00+05:30,229.75,229.75,229.65,229.75,45676,
2024-01-17 14:04:00+05:30,229.75,229.75,229.45,229.5,36278,
2024-01-17 14:05:00+05:30,229.5,229.75,229.5,229.65,33410,
2024-01-17 14:06:00+05:30,229.65,229.75,229.6,229.6,42854,
2024-01-17 14:07:00+05:30,229.6,229.75,229.45,229.75,15534,
2024-01-17 14:08:00+05:30,229.75,229.85,229.7,229.85,9094,
2024-01-17 14:09:00+05:30,229.85,229.95,229.75,229.75,101886,
2024-01-17 14:10:00+05:30,229.75,229.95,229.75,229.95,29804,
2024-01-17 14:11:00+05:30,229.95,230.15,229.9,230.1,101022,
2024-01-17 14:12:00+05:30,230.05,230.15,230.05,230.05,36872,
2024-01-17 14:13:00+05:30,230.05,230.15,230,230.15,35060,
2024-01-17 14:14:00+05:30,230.15,230.15,230.05,230.1,41482,
2024-01-17 14:15:00+05:30,230.15,230.2,230.05,230.15,63184,
2024-01-17 14:16:00+05:30,230.15,230.15,230,230.05,38326,
2024-01-17 14:17:00+05:30,230.05,230.05,229.7,229.7,47256,
2024-01-17 14:18:00+05:30,229.75,229.95,229.65,229.9,24970,
2024-01-17 14:19:00+05:30,229.95,229.95,229.85,229.95,34436,
2024-01-17 14:20:00+05:30,229.95,229.95,229.65,229.7,53238,
2024-01-17 14:21:00+05:30,229.7,230.05,229.55,230,87760,
2024-01-17 14:22:00+05:30,230,230,229.75,229.75,62926,
2024-01-17 14:23:00+05:30,229.85,229.95,229.55,229.75,106872,
2024-01-17 14:24:00+05:30,229.75,229.75,229.4,229.5,29864,
2024-01-17 14:25:00+05:30,229.4,229.65,229.25,229.3,46604,
2024-01-17 14:26:00+05:30,229.3,229.35,229.15,229.25,34804,
2024-01-17 14:27:00+05:30,229.25,229.25,228.8,228.9,55692,
2024-01-17 14:28:00+05:30,228.85,229.05,228.75,228.8,35970,
2024-01-17 14:29:00+05:30,228.75,228.95,228.75,228.85,33952,
2024-01-17 14:30:00+05:30,228.85,228.9,228.7,228.7,47544,
2024-01-17 14:31:00+05:30,228.75,228.75,228.5,228.6,71282,
2024-01-17 14:32:00+05:30,228.6,229.05,228.6,229.05,45690,
2024-01-17 14:33:00+05:30,229.1,229.15,228.8,228.85,85116,
2024-01-17 14:34:00+05:30,228.85,229.1,228.75,229.05,18346,
2024-01-17 14:35:00+05:30,229.05,229.15,229.05,229.15,45706,
2024-01-17 14:36:00+05:30,229.15,229.15,228.85,229.1,76130,
2024-01-17 14:37:00+05:30,229.15,229.25,228.9,228.95,66368,
2024-01-17 14:38:00+05:30,229.05,229.15,228.95,229.15,28158,
2024-01-17 14:39:00+05:30,229.15,229.15,228.85,228.9,61632,
2024-01-17 14:40:00+05:30,228.9,229.05,228.75,228.75,62772,
2024-01-17 14:41:00+05:30,228.75,228.85,228.35,228.4,58598,
2024-01-17 14:42:00+05:30,228.3,228.5,228.1,228.3,57914,
2024-01-17 14:43:00+05:30,228.25,228.4,228.2,228.2,58522,
2024-01-17 14:44:00+05:30,228.3,228.4,228.1,228.35,85966,
2024-01-17 14:45:00+05:30,228.35,228.35,228.1,228.1,35486,
2024-01-17 14:46:00+05:30,228.1,228.15,227.7,227.8,129770,
2024-01-17 14:47:00+05:30,227.8,228.3,227.75,228.1,59724,
2024-01-17 14:48:00+05:30,227.95,228.25,227.85,228,48798,
2024-01-17 14:49:00+05:30,228,228.25,227.7,227.8,130766,
2024-01-17 14:50:00+05:30,227.9,228.2,227.6,228,152788,
2024-01-17 14:51:00+05:30,228,228,227.5,227.7,79542,
2024-01-17 14:52:00+05:30,227.7,227.9,227.5,227.5,86666,
2024-01-17 14:53:00+05:30,227.7,227.8,227.5,227.8,19784,
2024-01-17 14:54:00+05:30,227.7,228,227.3,227.4,76928,
2024-01-17 14:55:00+05:30,227.4,227.6,227.4,227.6,61142,
2024-01-17 14:56:00+05:30,227.7,228,227.6,228,62628,
2024-01-17 14:57:00+05:30,228,228.2,227.95,228,64824,
2024-01-17 14:58:00+05:30,228,228,227.8,228,64704,
2024-01-17 14:59:00+05:30,227.95,228.2,227.8,227.9,68844,
2024-01-17 15:00:00+05:30,227.95,228.2,227.9,228.1,63658,
2024-01-17 15:01:00+05:30,228.1,228.1,227.9,227.9,43810,
2024-01-17 15:02:00+05:30,228,228.1,227.95,228.1,58006,
2024-01-17 15:03:00+05:30,228.1,228.4,228.1,228.4,66154,
2024-01-17 15:04:00+05:30,228.4,228.55,228.25,228.55,71776,
2024-01-17 15:05:00+05:30,228.4,228.5,228.2,228.5,57148,
2024-01-17 15:06:00+05:30,228.5,228.6,228.4,228.4,76806,
2024-01-17 15:07:00+05:30,228.4,228.5,228.3,228.5,56522,
2024-01-17 15:08:00+05:30,228.5,228.55,228.4,228.45,40548,
2024-01-17 15:09:00+05:30,228.45,228.6,228.4,228.5,77196,
2024-01-17 15:10:00+05:30,228.6,228.7,228.6,228.6,77110,
2024-01-17 15:11:00+05:30,228.6,228.85,228.55,228.75,87134,
2024-01-17 15:12:00+05:30,228.85,229.05,228.75,229,122898,
2024-01-17 15:13:00+05:30,229,229,228.9,228.9,50004,
2024-01-17 15:14:00+05:30,228.8,228.9,228.75,228.85,59856,
2024-01-17 15:15:00+05:30,228.85,228.85,228.7,228.75,72394,
2024-01-17 15:16:00+05:30,228.8,228.85,228.75,228.75,96138,
2024-01-17 15:17:00+05:30,228.75,228.75,228.3,228.3,143400,
2024-01-17 15:18:00+05:30,228.3,228.35,228.05,228.3,125854,
2024-01-17 15:19:00+05:30,228.25,228.3,228.2,228.2,54352,
2024-01-17 15:20:00+05:30,228.2,228.3,228.15,228.3,82010,
2024-01-17 15:21:00+05:30,228.25,228.4,228.25,228.4,29896,
2024-01-17 15:22:00+05:30,228.4,228.55,228.3,228.55,96198,
2024-01-17 15:23:00+05:30,228.55,228.6,228.3,228.5,74194,
2024-01-17 15:24:00+05:30,228.45,228.7,228.45,228.65,36254,
2024-01-17 15:25:00+05:30,228.65,228.65,228.4,228.6,70110,
2024-01-17 15:26:00+05:30,228.65,228.75,228.65,228.75,64688,
2024-01-17 15:27:00+05:30,228.7,228.9,228.65,228.8,37906,
2024-01-17 15:28:00+05:30,228.7,228.85,228.65,228.7,22758,
2024-01-17 15:29:00+05:30,228.7,229.05,228.5,229.05,29296,
2024-01-18 09:15:00+05:30,226.25,228.85,225.75,228.45,161454,
2024-01-18 09:16:00+05:30,228.4,229.95,228.3,229.35,185812,
2024-01-18 09:17:00+05:30,229.35,229.95,229.35,229.75,90768,
2024-01-18 09:18:00+05:30,229.65,229.95,229.3,229.85,57222,
2024-01-18 09:19:00+05:30,229.9,230.05,229.5,229.85,66722,
2024-01-18 09:20:00+05:30,229.75,229.95,229.3,229.6,98958,
2024-01-18 09:21:00+05:30,229.6,229.9,229.45,229.65,51780,
2024-01-18 09:22:00+05:30,229.7,230.1,229.65,229.75,48312,
2024-01-18 09:23:00+05:30,229.75,229.85,229.55,229.7,38088,
2024-01-18 09:24:00+05:30,229.65,229.7,229.4,229.65,37964,
2024-01-18 09:25:00+05:30,229.6,229.85,229.15,229.35,60816,
2024-01-18 09:26:00+05:30,229.4,229.55,229.2,229.55,45868,
2024-01-18 09:27:00+05:30,229.55,229.55,228.85,229.15,72642,
2024-01-18 09:28:00+05:30,229.15,229.55,228.95,229.45,37522,
2024-01-18 09:29:00+05:30,229.35,229.45,228.95,228.95,47688,
2024-01-18 09:30:00+05:30,228.95,229.45,228.95,229.05,57230,
2024-01-18 09:31:00+05:30,229.05,229.95,229.05,229.95,107206,
2024-01-18 09:32:00+05:30,229.95,230,229.65,229.75,60306,
2024-01-18 09:33:00+05:30,229.75,229.8,229.25,229.55,78916,
2024-01-18 09:34:00+05:30,229.45,229.75,229.45,229.65,64566,
2024-01-18 09:35:00+05:30,229.6,229.65,228.9,229.15,96750,
2024-01-18 09:36:00+05:30,229.15,229.35,228.95,229.1,92346,
2024-01-18 09:37:00+05:30,229.05,229.05,228.2,228.2,131542,
2024-01-18 09:38:00+05:30,228.2,228.7,227.8,228.7,114182,
2024-01-18 09:39:00+05:30,228.5,228.85,228.5,228.85,56654,
2024-01-18 09:40:00+05:30,228.75,228.75,228.15,228.2,56938,
2024-01-18 09:41:00+05:30,228.1,228.2,227.85,228.2,97996,
2024-01-18 09:42:00+05:30,228.1,228.6,228.1,228.4,48074,
2024-01-18 09:43:00+05:30,228.4,228.4,227.8,227.9,95808,
2024-01-18 09:44:00+05:30,228.05,228.55,227.95,228.2,57006,
2024-01-18 09:45:00+05:30,228.3,228.3,227.85,227.9,33826,
2024-01-18 09:46:00+05:30,227.9,228.05,226.75,226.85,203142,
2024-01-18 09:47:00+05:30,226.75,227.05,226.05,226.4,183280,
2024-01-18 09:48:00+05:30,226.35,226.65,225.55,225.9,131862,
2024-01-18 09:49:00+05:30,225.75,226.15,225.55,225.6,133334,
2024-01-18 09:50:00+05:30,225.45,225.55,223.7,223.7,248478,
2024-01-18 09:51:00+05:30,223.7,225.2,223.35,224.75,231840,
2024-01-18 09:52:00+05:30,224.75,225.1,224.5,224.7,67590,
2024-01-18 09:53:00+05:30,224.7,225.3,224.6,224.7,55776,
2024-01-18 09:54:00+05:30,224.7,225,224.1,224.3,83906,
2024-01-18 09:55:00+05:30,224.3,224.7,224.2,224.7,57376,
2024-01-18 09:56:00+05:30,224.7,224.8,224.4,224.75,77796,
2024-01-18 09:57:00+05:30,224.75,224.8,224.4,224.5,29438,
2024-01-18 09:58:00+05:30,224.5,224.9,224.5,224.7,65324,
2024-01-18 09:59:00+05:30,224.7,225.05,224.5,225.05,36266,
2024-01-18 10:00:00+05:30,224.95,226.1,224.9,225.9,77056,
2024-01-18 10:01:00+05:30,226.05,226.55,225.9,226.35,85772,
2024-01-18 10:02:00+05:30,226.4,226.75,226,226.65,41378,
2024-01-18 10:03:00+05:30,226.65,227.05,226.65,226.85,64110,
2024-01-18 10:04:00+05:30,226.85,226.95,226.55,226.85,29822,
2024-01-18 10:05:00+05:30,226.65,226.95,226.6,226.95,33406,
2024-01-18 10:06:00+05:30,226.9,227.2,226.85,227.2,39262,
2024-01-18 10:07:00+05:30,227.2,227.85,227.2,227.7,87264,
2024-01-18 10:08:00+05:30,227.7,228.2,227.7,228,35056,
2024-01-18 10:09:00+05:30,228.05,228.6,228,228.6,67462,
2024-01-18 10:10:00+05:30,228.6,228.85,228.15,228.5,91012,
2024-01-18 10:11:00+05:30,228.5,228.6,227.9,228.3,45240,
2024-01-18 10:12:00+05:30,228.4,228.5,228.05,228.2,62808,
2024-01-18 10:13:00+05:30,228.2,228.4,228.15,228.3,63518,
2024-01-18 10:14:00+05:30,228.2,228.65,228.1,228.65,31840,
2024-01-18 10:15:00+05:30,228.65,228.7,228,228.3,52874,
2024-01-18 10:16:00+05:30,228.2,228.3,227.95,228.25,26598,
2024-01-18 10:17:00+05:30,228.3,228.7,228.3,228.5,61194,
2024-01-18 10:18:00+05:30,228.5,228.6,228.2,228.4,24924,
2024-01-18 10:19:00+05:30,228.3,228.45,228.15,228.4,29588,
2024-01-18 10:20:00+05:30,228.4,228.85,228.4,228.75,70182,
2024-01-18 10:21:00+05:30,228.75,229.35,228.7,229.35,50246,
2024-01-18 10:22:00+05:30,229.35,229.4,229.15,229.3,38554,
2024-01-18 10:23:00+05:30,229.3,229.4,229.15,229.25,36792,
2024-01-18 10:24:00+05:30,229.25,229.35,229,229.25,24084,
2024-01-18 10:25:00+05:30,229.25,229.6,229.2,229.55,44624,
2024-01-18 10:26:00+05:30,229.55,229.8,229.55,229.7,64568,
2024-01-18 10:27:00+05:30,229.7,229.9,229.5,229.85,50632,
2024-01-18 10:28:00+05:30,229.9,230.05,229.85,230,59342,
2024-01-18 10:29:00+05:30,229.95,230.25,229.95,229.95,227044,
2024-01-18 10:30:00+05:30,229.95,230.25,229.85,230.15,84340,
2024-01-18 10:31:00+05:30,230.25,231,230.2,230.6,135190,
2024-01-18 10:32:00+05:30,230.6,230.7,230.4,230.7,50778,
2024-01-18 10:33:00+05:30,230.7,230.8,230.15,230.25,70236,
2024-01-18 10:34:00+05:30,230.2,230.2,229.4,229.65,88254,
2024-01-18 10:35:00+05:30,229.65,230.05,229.65,229.85,160004,
2024-01-18 10:36:00+05:30,229.85,230.15,229.85,230.15,24738,
2024-01-18 10:37:00+05:30,230.15,230.3,230.15,230.25,52504,
2024-01-18 10:38:00+05:30,230.25,230.35,230.25,230.3,31544,
2024-01-18 10:39:00+05:30,230.25,230.4,230.2,230.4,43464,
2024-01-18 10:40:00+05:30,230.35,230.75,230.35,230.7,81576,
2024-01-18 10:41:00+05:30,230.6,230.7,230.4,230.65,37804,
2024-01-18 10:42:00+05:30,230.6,230.85,230.6,230.8,62250,
2024-01-18 10:43:00+05:30,230.8,230.95,230.6,230.9,60114,
2024-01-18 10:44:00+05:30,230.9,231.5,230.9,231.5,234420,
2024-01-18 10:45:00+05:30,231.2,232,231.2,231.95,254344,
2024-01-18 10:46:00+05:30,232,232.8,231.8,232.8,694182,
2024-01-18 10:47:00+05:30,232.55,233,232.55,232.85,188096,
2024-01-18 10:48:00+05:30,232.8,232.9,232.6,232.6,108438,
2024-01-18 10:49:00+05:30,232.55,232.55,232.15,232.25,165492,
2024-01-18 10:50:00+05:30,232.15,232.3,231.85,232.05,171160,
2024-01-18 10:51:00+05:30,232.1,232.3,231.85,232.05,63082,
2024-01-18 10:52:00+05:30,232.05,232.25,232,232.2,48552,
2024-01-18 10:53:00+05:30,232.2,232.2,232.05,232.15,53462,
2024-01-18 10:54:00+05:30,232.1,232.55,232.05,232.5,69800,
2024-01-18 10:55:00+05:30,232.55,232.55,231.7,231.8,124900,
2024-01-18 10:56:00+05:30,231.95,232.3,231.6,231.6,73542,
2024-01-18 10:57:00+05:30,231.6,231.8,231.4,231.6,69394,
2024-01-18 10:58:00+05:30,231.5,231.8,231.45,231.65,54222,
2024-01-18 10:59:00+05:30,231.7,231.8,231.35,231.5,57422,
2024-01-18 11:00:00+05:30,231.55,231.7,231.5,231.6,45018,
2024-01-18 11:01:00+05:30,231.55,231.7,231.25,231.25,47276,
2024-01-18 11:02:00+05:30,231.15,231.2,230.9,231,143934,
2024-01-18 11:03:00+05:30,231.05,231.1,230.5,230.6,86296,
2024-01-18 11:04:00+05:30,230.6,230.8,230.55,230.8,44072,
2024-01-18 11:05:00+05:30,230.7,230.8,230.15,230.3,87592,
2024-01-18 11:06:00+05:30,230.15,230.6,230.15,230.5,66556,
2024-01-18 11:07:00+05:30,230.45,230.6,230.3,230.3,66036,
2024-01-18 11:08:00+05:30,230.3,230.65,230.3,230.6,25870,
2024-01-18 11:09:00+05:30,230.55,231,230.55,230.9,50546,
2024-01-18 11:10:00+05:30,230.9,231.05,230.6,231,24044,
2024-01-18 11:11:00+05:30,231,231.1,230.8,231,43766,
2024-01-18 11:12:00+05:30,231,231,230.6,230.65,55730,
2024-01-18 11:13:00+05:30,230.6,230.85,230.6,230.8,57322,
2024-01-18 11:14:00+05:30,230.8,230.85,230.65,230.7,22508,
2024-01-18 11:15:00+05:30,230.75,230.75,230.3,230.35,46664,
2024-01-18 11:16:00+05:30,230.4,230.4,229.95,230.05,95912,
2024-01-18 11:17:00+05:30,230,230.15,229.65,230.05,85210,
2024-01-18 11:18:00+05:30,230.05,230.15,229.5,229.65,77846,
2024-01-18 11:19:00+05:30,229.65,229.95,229.55,229.85,38948,
2024-01-18 11:20:00+05:30,229.85,230.15,229.85,230.05,37930,
2024-01-18 11:21:00+05:30,230.05,230.4,229.85,230.35,44646,
2024-01-18 11:22:00+05:30,230.4,230.8,230.3,230.8,39760,
2024-01-18 11:23:00+05:30,230.8,230.9,230.4,230.65,60548,
2024-01-18 11:24:00+05:30,230.65,230.7,230.4,230.65,36686,
2024-01-18 11:25:00+05:30,230.65,230.65,230.25,230.5,29008,
2024-01-18 11:26:00+05:30,230.45,230.5,230.3,230.5,30480,
2024-01-18 11:27:00+05:30,230.5,230.5,230.1,230.4,51978,
2024-01-18 11:28:00+05:30,230.45,230.45,230.25,230.3,34812,
2024-01-18 11:29:00+05:30,230.25,230.5,230.25,230.4,19314,
2024-01-18 11:30:00+05:30,230.4,230.45,230.15,230.35,122842,
2024-01-18 11:31:00+05:30,230.25,230.45,230.25,230.35,30344,
2024-01-18 11:32:00+05:30,230.4,230.7,230.2,230.2,49464,
2024-01-18 11:33:00+05:30,230.2,230.25,230.15,230.15,36538,
2024-01-18 11:34:00+05:30,230.15,230.3,230.15,230.3,35134,
2024-01-18 11:35:00+05:30,230.25,230.3,229.95,230.1,97886,
2024-01-18 11:36:00+05:30,230.1,230.15,229.9,229.9,51472,
2024-01-18 11:37:00+05:30,230,230.05,229.85,229.95,53940,
2024-01-18 11:38:00+05:30,229.95,230.15,229.95,230.15,32110,
2024-01-18 11:39:00+05:30,230,230.15,230,230.05,24182,
2024-01-18 11:40:00+05:30,230.05,230.3,230.05,230.25,41114,
2024-01-18 11:41:00+05:30,230.25,230.4,230.2,230.3,38310,
2024-01-18 11:42:00+05:30,230.3,230.4,229.75,229.75,97858,
2024-01-18 11:43:00+05:30,229.75,230.3,229.75,230.3,32768,
2024-01-18 11:44:00+05:30,230.3,230.3,229.95,229.95,29468,
2024-01-18 11:45:00+05:30,229.95,230.15,229.95,230.15,17448,
2024-01-18 11:46:00+05:30,230.15,230.3,230.1,230.25,23610,
2024-01-18 11:47:00+05:30,230.25,230.3,229.95,230.25,18444,
2024-01-18 11:48:00+05:30,230.2,230.3,230.2,230.3,10272,
2024-01-18 11:49:00+05:30,230.25,230.35,230.15,230.25,24986,
2024-01-18 11:50:00+05:30,230.25,230.25,230.15,230.25,15884,
2024-01-18 11:51:00+05:30,230.25,230.3,230.25,230.25,16518,
2024-01-18 11:52:00+05:30,230.25,230.3,230.15,230.25,27472,
2024-01-18 11:53:00+05:30,230.25,230.4,230.25,230.4,19110,
2024-01-18 11:54:00+05:30,230.4,230.5,230.3,230.4,80822,
2024-01-18 11:55:00+05:30,230.4,230.45,230.3,230.4,38208,
2024-01-18 11:56:00+05:30,230.4,230.6,230.35,230.5,7372,
2024-01-18 11:57:00+05:30,230.5,230.6,230.5,230.55,34042,
2024-01-18 11:58:00+05:30,230.55,230.8,230.55,230.8,41548,
2024-01-18 11:59:00+05:30,230.7,230.85,230.7,230.8,33568,
2024-01-18 12:00:00+05:30,230.75,230.8,230.7,230.7,20600,
2024-01-18 12:01:00+05:30,230.7,230.75,230.6,230.6,30488,
2024-01-18 12:02:00+05:30,230.6,230.65,230.4,230.6,38906,
2024-01-18 12:03:00+05:30,230.6,230.6,230.4,230.5,32272,
2024-01-18 12:04:00+05:30,230.5,230.6,230.5,230.6,19246,
2024-01-18 12:05:00+05:30,230.6,230.6,230.5,230.55,23222,
2024-01-18 12:06:00+05:30,230.55,230.55,230.25,230.45,50040,
2024-01-18 12:07:00+05:30,230.4,230.4,230.25,230.3,21406,
2024-01-18 12:08:00+05:30,230.25,230.3,229.95,230.05,41228,
2024-01-18 12:09:00+05:30,230.05,230.15,229.8,230.05,54210,
2024-01-18 12:10:00+05:30,230.15,230.15,230.05,230.15,12450,
2024-01-18 12:11:00+05:30,230.15,230.15,230.05,230.1,26526,
2024-01-18 12:12:00+05:30,230.05,230.15,229.95,230.05,22708,
2024-01-18 12:13:00+05:30,230,230.15,230,230.15,14338,
2024-01-18 12:14:00+05:30,230.15,230.15,230.05,230.15,10804,
2024-01-18 12:15:00+05:30,230.15,230.15,230.15,230.15,18600,
2024-01-18 12:16:00+05:30,230.15,230.15,230.05,230.05,44040,
2024-01-18 12:17:00+05:30,230.15,230.15,230.05,230.15,13466,
2024-01-18 12:18:00+05:30,230.15,230.15,229.95,229.95,40970,
2024-01-18 12:19:00+05:30,229.95,230.1,229.95,230.05,22622,
2024-01-18 12:20:00+05:30,230.05,230.05,229.9,229.95,24518,
2024-01-18 12:21:00+05:30,229.95,230.1,229.8,230.05,16916,
2024-01-18 12:22:00+05:30,230,230.25,230,230.2,139306,
2024-01-18 12:23:00+05:30,230.2,230.25,229.9,230.15,38240,
2024-01-18 12:24:00+05:30,230.15,230.15,230.1,230.15,24484,
2024-01-18 12:25:00+05:30,230.15,230.15,230.05,230.1,16648,
2024-01-18 12:26:00+05:30,230.1,230.15,230.1,230.15,5470,
2024-01-18 12:27:00+05:30,230.15,230.15,229.9,229.9,31648,
2024-01-18 12:28:00+05:30,229.95,230.05,229.9,229.95,13794,
2024-01-18 12:29:00+05:30,229.95,229.95,229.75,229.85,24144,
2024-01-18 12:30:00+05:30,229.85,229.95,229.45,229.6,74300,
2024-01-18 12:31:00+05:30,229.6,229.85,229.6,229.8,19342,
2024-01-18 12:32:00+05:30,229.75,229.8,229.75,229.75,18774,
2024-01-18 12:33:00+05:30,229.75,229.8,229.5,229.55,35370,
2024-01-18 12:34:00+05:30,229.55,229.55,228.95,228.95,65466,
2024-01-18 12:35:00+05:30,228.95,229.35,228.9,229.2,74566,
2024-01-18 12:36:00+05:30,229.25,229.25,228.9,229,54378,
2024-01-18 12:37:00+05:30,229,229.2,228.7,229.2,41934,
2024-01-18 12:38:00+05:30,229.2,229.25,228.95,229.15,30818,
2024-01-18 12:39:00+05:30,229.15,229.15,228.95,229.05,16942,
2024-01-18 12:40:00+05:30,229.05,229.15,228.85,228.85,47462,
2024-01-18 12:41:00+05:30,228.85,229.15,228.85,229.15,16660,
2024-01-18 12:42:00+05:30,229.1,229.15,228.75,228.75,33054,
2024-01-18 12:43:00+05:30,228.8,228.95,228.7,228.7,41254,
2024-01-18 12:44:00+05:30,228.7,228.75,228.6,228.7,63712,
2024-01-18 12:45:00+05:30,228.7,229.15,228.6,229.15,18696,
2024-01-18 12:46:00+05:30,229.15,229.25,229,229.05,26788,
2024-01-18 12:47:00+05:30,229,229.15,228.7,228.7,53668,
2024-01-18 12:48:00+05:30,228.7,228.85,228.7,228.8,16430,
2024-01-18 12:49:00+05:30,228.8,229,228.7,229,15906,
2024-01-18 12:50:00+05:30,229.05,229.15,228.95,229.05,14296,
2024-01-18 12:51:00+05:30,229.05,229.35,229.05,229.2,14580,
2024-01-18 12:52:00+05:30,229.2,229.3,228.9,229.25,33522,
2024-01-18 12:53:00+05:30,229.25,229.65,229.25,229.6,17184,
2024-01-18 12:54:00+05:30,229.6,229.65,229.25,229.35,20458,
2024-01-18 12:55:00+05:30,229.35,229.65,229.35,229.55,6224,
2024-01-18 12:56:00+05:30,229.55,229.9,229.55,229.65,34252,
2024-01-18 12:57:00+05:30,229.65,229.65,229.45,229.45,15216,
2024-01-18 12:58:00+05:30,229.55,229.6,229.25,229.55,14902,
2024-01-18 12:59:00+05:30,229.55,229.6,229.3,229.55,25638,
2024-01-18 13:00:00+05:30,229.55,229.55,229.2,229.35,23708,
2024-01-18 13:01:00+05:30,229.25,229.45,229.25,229.45,5918,
2024-01-18 13:02:00+05:30,229.45,229.45,229.25,229.35,20458,
2024-01-18 13:03:00+05:30,229.35,229.55,229.3,229.55,6670,
2024-01-18 13:04:00+05:30,229.45,229.65,229.45,229.45,13844,
2024-01-18 13:05:00+05:30,229.45,229.95,229.45,229.95,50474,
2024-01-18 13:06:00+05:30,229.9,229.95,229.5,229.8,22448,
2024-01-18 13:07:00+05:30,229.8,229.9,229.8,229.85,19674,
2024-01-18 13:08:00+05:30,229.85,229.95,229.75,229.95,16632,
2024-01-18 13:09:00+05:30,229.95,229.95,229.75,229.75,17138,
2024-01-18 13:10:00+05:30,229.75,230.05,229.75,230,11682,
2024-01-18 13:11:00+05:30,229.95,230,229.85,229.95,15240,
2024-01-18 13:12:00+05:30,229.9,229.9,229.65,229.75,20310,
2024-01-18 13:13:00+05:30,229.75,229.95,229.75,229.95,5312,
2024-01-18 13:14:00+05:30,229.95,229.95,229.9,229.95,13922,
2024-01-18 13:15:00+05:30,229.95,229.95,229.95,229.95,5162,
2024-01-18 13:16:00+05:30,229.95,229.95,229.9,229.95,20742,
2024-01-18 13:17:00+05:30,229.95,229.95,229.95,229.95,6740,
2024-01-18 13:18:00+05:30,229.95,229.95,229.95,229.95,10686,
2024-01-18 13:19:00+05:30,229.95,230.15,229.85,229.95,42712,
2024-01-18 13:20:00+05:30,229.95,230.1,229.9,230.05,12390,
2024-01-18 13:21:00+05:30,230.05,230.1,229.9,229.9,19914,
2024-01-18 13:22:00+05:30,229.9,230,229.85,229.85,17708,
2024-01-18 13:23:00+05:30,229.85,230,229.85,229.95,6158,
2024-01-18 13:24:00+05:30,229.95,230.05,229.95,230.05,14428,
2024-01-18 13:25:00+05:30,230.05,230.05,230.05,230.05,11216,
2024-01-18 13:26:00+05:30,230.05,230.05,229.8,230.05,34194,
2024-01-18 13:27:00+05:30,230.05,230.05,229.9,230,20392,
2024-01-18 13:28:00+05:30,229.95,230.05,229.95,230.05,7238,
2024-01-18 13:29:00+05:30,230.05,230.15,229.85,229.85,25390,
2024-01-18 13:30:00+05:30,229.9,230.05,229.85,230.05,17656,
2024-01-18 13:31:00+05:30,230,230.1,229.95,230.1,12964,
2024-01-18 13:32:00+05:30,230.1,230.15,229.95,229.95,17358,
2024-01-18 13:33:00+05:30,230,230.05,229.85,230.05,44114,
2024-01-18 13:34:00+05:30,230.05,230.05,230,230.05,5020,
2024-01-18 13:35:00+05:30,230.05,230.15,230,230.1,22616,
2024-01-18 13:36:00+05:30,230.05,230.15,229.9,229.95,14542,
2024-01-18 13:37:00+05:30,230,230,229.65,229.9,51334,
2024-01-18 13:38:00+05:30,229.9,230.05,229.8,229.95,9602,
2024-01-18 13:39:00+05:30,230.05,230.15,229.95,230.05,22842,
2024-01-18 13:40:00+05:30,230.15,230.15,230.05,230.15,9218,
2024-01-18 13:41:00+05:30,230.1,230.15,230.05,230.05,30082,
2024-01-18 13:42:00+05:30,230.05,230.15,230,230.1,6644,
2024-01-18 13:43:00+05:30,230.1,230.15,230.05,230.15,7630,
2024-01-18 13:44:00+05:30,230.15,230.2,230.15,230.15,47486,
2024-01-18 13:45:00+05:30,230.15,230.2,230.15,230.2,13586,
2024-01-18 13:46:00+05:30,230.15,230.4,230.15,230.35,34822,
2024-01-18 13:47:00+05:30,230.35,230.55,230.35,230.5,25284,
2024-01-18 13:48:00+05:30,230.5,230.55,230.5,230.55,11646,
2024-01-18 13:49:00+05:30,230.5,230.55,230.15,230.3,46002,
2024-01-18 13:50:00+05:30,230.25,230.5,230.25,230.5,10624,
2024-01-18 13:51:00+05:30,230.45,230.5,230.35,230.4,13274,
2024-01-18 13:52:00+05:30,230.4,230.55,230.4,230.5,33756,
2024-01-18 13:53:00+05:30,230.5,230.5,230.45,230.5,22056,
2024-01-18 13:54:00+05:30,230.45,230.85,230.45,230.8,92158,
2024-01-18 13:55:00+05:30,230.8,230.8,230.5,230.6,725438,
2024-01-18 13:56:00+05:30,230.5,230.6,230.4,230.4,27188,
2024-01-18 13:57:00+05:30,230.4,230.5,230.15,230.15,52240,
2024-01-18 13:58:00+05:30,230.15,230.35,230.05,230.15,98584,
2024-01-18 13:59:00+05:30,230.15,230.15,230.05,230.1,12604,
2024-01-18 14:00:00+05:30,230.05,230.1,230.05,230.1,8194,
2024-01-18 14:01:00+05:30,230.1,230.15,230.1,230.15,13924,
2024-01-18 14:02:00+05:30,230.15,230.4,230.05,230.05,135608,
2024-01-18 14:03:00+05:30,230.05,230.15,230.05,230.15,314706,
2024-01-18 14:04:00+05:30,230.15,230.15,230.15,230.15,9406,
2024-01-18 14:05:00+05:30,230.1,230.15,230.1,230.1,15476,
2024-01-18 14:06:00+05:30,230.15,230.15,230.1,230.15,4838,
2024-01-18 14:07:00+05:30,230.15,230.15,229.55,229.7,104716,
2024-01-18 14:08:00+05:30,229.75,229.9,229.65,229.85,6404,
2024-01-18 14:09:00+05:30,229.85,229.9,229.7,229.8,36586,
2024-01-18 14:10:00+05:30,229.75,229.85,229.7,229.85,8276,
2024-01-18 14:11:00+05:30,229.85,229.95,229.8,229.95,4164,
2024-01-18 14:12:00+05:30,229.95,230.05,229.75,229.85,30034,
2024-01-18 14:13:00+05:30,229.8,230.05,229.65,230.05,32008,
2024-01-18 14:14:00+05:30,230.05,230.05,229.9,230,10142,
2024-01-18 14:15:00+05:30,230,230.15,229.95,230.15,11104,
2024-01-18 14:16:00+05:30,230.1,230.15,230.1,230.15,11816,
2024-01-18 14:17:00+05:30,230.15,230.15,229.95,230.05,13654,
2024-01-18 14:18:00+05:30,230.05,230.1,229.95,230.05,29370,
2024-01-18 14:19:00+05:30,230.05,230.1,229.95,230.05,16796,
2024-01-18 14:20:00+05:30,230.05,230.05,229.85,229.95,26032,
2024-01-18 14:21:00+05:30,229.95,230,229.95,229.95,6084,
2024-01-18 14:22:00+05:30,230.05,230.05,229.95,229.95,22012,
2024-01-18 14:23:00+05:30,229.95,229.95,229.75,229.9,20066,
2024-01-18 14:24:00+05:30,229.95,230.05,229.9,230.05,9076,
2024-01-18 14:25:00+05:30,230.05,230.05,229.8,229.85,32238,
2024-01-18 14:26:00+05:30,229.85,229.95,229.75,229.9,22158,
2024-01-18 14:27:00+05:30,229.9,229.9,229.75,229.85,18264,
2024-01-18 14:28:00+05:30,229.95,229.95,229.75,229.85,15726,
2024-01-18 14:29:00+05:30,229.85,229.9,229.75,229.75,22252,
2024-01-18 14:30:00+05:30,229.8,229.9,229.45,229.55,51038,
2024-01-18 14:31:00+05:30,229.65,229.85,229.55,229.75,13232,
2024-01-18 14:32:00+05:30,229.8,229.85,229.75,229.8,16684,
2024-01-18 14:33:00+05:30,229.85,229.9,229.65,229.9,12980,
2024-01-18 14:34:00+05:30,229.9,230.05,229.7,229.95,30374,
2024-01-18 14:35:00+05:30,229.95,230.15,229.9,230.05,17508,
2024-01-18 14:36:00+05:30,230.05,230.1,229.85,229.95,18798,
2024-01-18 14:37:00+05:30,230,230.15,230,230.15,12068,
2024-01-18 14:38:00+05:30,230.15,230.15,230.15,230.15,25546,
2024-01-18 14:39:00+05:30,230.15,230.15,230.15,230.15,25472,
2024-01-18 14:40:00+05:30,230.05,230.15,230.05,230.15,37774,
2024-01-18 14:41:00+05:30,230.15,230.25,230.15,230.15,136074,
2024-01-18 14:42:00+05:30,230.15,230.15,230.15,230.15,59648,
2024-01-18 14:43:00+05:30,230.15,230.15,229.95,230.05,36594,
2024-01-18 14:44:00+05:30,230.05,230.15,230.05,230.15,6668,
2024-01-18 14:45:00+05:30,230.15,230.15,229.95,230.05,25312,
2024-01-18 14:46:00+05:30,230.05,230.15,230.05,230.05,15042,
2024-01-18 14:47:00+05:30,230.1,230.15,230.05,230.15,17404,
2024-01-18 14:48:00+05:30,230.1,230.15,230.05,230.15,24890,
2024-01-18 14:49:00+05:30,230.15,230.15,230.05,230.1,6038,
2024-01-18 14:50:00+05:30,230.05,230.15,230.05,230.1,20468,
2024-01-18 14:51:00+05:30,230.15,230.15,230.05,230.15,11188,
2024-01-18 14:52:00+05:30,230.15,230.15,230.15,230.15,6050,
2024-01-18 14:53:00+05:30,230.15,230.15,229.75,230,82670,
2024-01-18 14:54:00+05:30,230,230.05,229.8,229.95,15070,
2024-01-18 14:55:00+05:30,229.95,230.15,229.65,230.05,31600,
2024-01-18 14:56:00+05:30,230.05,230.05,229.75,229.85,25116,
2024-01-18 14:57:00+05:30,229.85,229.85,229.75,229.75,19034,
2024-01-18 14:58:00+05:30,229.75,229.75,229.75,229.75,13204,
2024-01-18 14:59:00+05:30,229.75,229.75,229.45,229.55,57570,
2024-01-18 15:00:00+05:30,229.45,229.65,229.35,229.5,50646,
2024-01-18 15:01:00+05:30,229.55,229.55,229.35,229.35,41638,
2024-01-18 15:02:00+05:30,229.35,229.35,229.25,229.35,35486,
2024-01-18 15:03:00+05:30,229.3,229.4,229.3,229.35,31362,
2024-01-18 15:04:00+05:30,229.4,229.55,229.35,229.35,46524,
2024-01-18 15:05:00+05:30,229.35,229.45,229.35,229.45,25022,
2024-01-18 15:06:00+05:30,229.35,229.75,229.35,229.65,45246,
2024-01-18 15:07:00+05:30,229.75,229.75,229.65,229.75,30114,
2024-01-18 15:08:00+05:30,229.75,229.9,229.65,229.65,78478,
2024-01-18 15:09:00+05:30,229.65,229.7,229.45,229.55,36894,
2024-01-18 15:10:00+05:30,229.55,229.55,229.4,229.4,36622,
2024-01-18 15:11:00+05:30,229.45,229.65,229.35,229.4,158848,
2024-01-18 15:12:00+05:30,229.4,229.4,228.95,229.05,69478,
2024-01-18 15:13:00+05:30,229.05,229.15,228.95,229,40972,
2024-01-18 15:14:00+05:30,228.95,229.15,228.95,229.05,57996,
2024-01-18 15:15:00+05:30,229.05,229.25,229.05,229.15,41970,
2024-01-18 15:16:00+05:30,229.15,229.15,229.15,229.15,72562,
2024-01-18 15:17:00+05:30,229.15,229.25,229.15,229.15,44498,
2024-01-18 15:18:00+05:30,229.15,229.35,229.15,229.25,69832,
2024-01-18 15:19:00+05:30,229.25,229.35,229.15,229.25,58456,
2024-01-18 15:20:00+05:30,229.25,229.25,228.9,228.95,71310,
2024-01-18 15:21:00+05:30,228.95,228.95,228.85,228.85,54146,
2024-01-18 15:22:00+05:30,228.85,229.05,228.85,229,54358,
2024-01-18 15:23:00+05:30,229.05,229.15,229,229.15,75984,
2024-01-18 15:24:00+05:30,229.15,229.15,229,229.15,87212,
2024-01-18 15:25:00+05:30,229.15,229.3,229,229.1,65520,
2024-01-18 15:26:00+05:30,229.1,229.2,228.95,229.1,67568,
2024-01-18 15:27:00+05:30,229.15,229.25,228.95,229.1,66220,
2024-01-18 15:28:00+05:30,229.15,229.25,228.95,229.1,31788,
2024-01-18 15:29:00+05:30,229.05,229.05,228.95,228.95,11102,
2024-01-19 09:15:00+05:30,230.6,231.8,230.35,230.5,116040,
2024-01-19 09:16:00+05:30,230.6,230.9,230.45,230.5,73032,
2024-01-19 09:17:00+05:30,230.5,231,230.35,231,39658,
2024-01-19 09:18:00+05:30,230.9,231.25,230.9,231.1,54000,
2024-01-19 09:19:00+05:30,231,231.15,230.7,230.8,36266,
2024-01-19 09:20:00+05:30,230.9,230.9,230.2,230.4,38714,
2024-01-19 09:21:00+05:30,230.25,230.7,230.25,230.6,34380,
2024-01-19 09:22:00+05:30,230.7,230.7,230.25,230.35,25074,
2024-01-19 09:23:00+05:30,230.5,230.6,230.4,230.55,27762,
2024-01-19 09:24:00+05:30,230.6,230.7,230.4,230.5,22144,
2024-01-19 09:25:00+05:30,230.5,230.5,230.15,230.35,77898,
2024-01-19 09:26:00+05:30,230.35,230.7,230.3,230.6,22686,
2024-01-19 09:27:00+05:30,230.5,230.6,230.4,230.5,13810,
2024-01-19 09:28:00+05:30,230.55,230.6,230.5,230.5,7134,
2024-01-19 09:29:00+05:30,230.5,230.6,230.2,230.5,20004,
2024-01-19 09:30:00+05:30,230.5,230.9,230.5,230.7,22908,
2024-01-19 09:31:00+05:30,230.7,231.05,230.7,230.8,55096,
2024-01-19 09:32:00+05:30,230.9,230.9,230.05,230.15,63646,
2024-01-19 09:33:00+05:30,230.05,230.25,229.85,230.05,31522,
2024-01-19 09:34:00+05:30,230.05,230.1,229.65,229.65,18306,
2024-01-19 09:35:00+05:30,229.7,230.05,229.65,230,30794,
2024-01-19 09:36:00+05:30,230,230.15,229.85,229.9,19584,
2024-01-19 09:37:00+05:30,229.9,230.15,229.9,230.15,20172,
2024-01-19 09:38:00+05:30,230.15,230.3,230.05,230.3,19856,
2024-01-19 09:39:00+05:30,230.25,230.3,230.15,230.3,9782,
2024-01-19 09:40:00+05:30,230.25,230.25,230.15,230.25,10334,
2024-01-19 09:41:00+05:30,230.25,230.25,229.9,230.05,16598,
2024-01-19 09:42:00+05:30,230.05,230.1,229.85,230.05,21644,
2024-01-19 09:43:00+05:30,229.95,230.25,229.95,230.15,9916,
2024-01-19 09:44:00+05:30,230.15,230.3,230.05,230.3,29964,
2024-01-19 09:45:00+05:30,230.25,230.25,229.9,229.95,13304,
2024-01-19 09:46:00+05:30,230.05,230.25,229.95,230.15,12554,
2024-01-19 09:47:00+05:30,230.25,230.35,230.15,230.35,8682,
2024-01-19 09:48:00+05:30,230.35,230.5,230.25,230.5,15598,
2024-01-19 09:49:00+05:30,230.4,230.55,230.25,230.3,26188,
2024-01-19 09:50:00+05:30,230.3,230.3,229.95,230.15,25884,
2024-01-19 09:51:00+05:30,230.15,230.25,230.05,230.25,6458,
2024-01-19 09:52:00+05:30,230.2,230.35,230.05,230.25,11696,
2024-01-19 09:53:00+05:30,230.3,230.35,230.05,230.15,13596,
2024-01-19 09:54:00+05:30,230.15,230.3,230.1,230.3,39484,
2024-01-19 09:55:00+05:30,230.3,230.5,230.25,230.35,8178,
2024-01-19 09:56:00+05:30,230.5,230.5,230.3,230.4,21754,
2024-01-19 09:57:00+05:30,230.4,230.5,230.25,230.4,16618,
2024-01-19 09:58:00+05:30,230.4,230.5,230.25,230.3,25278,
2024-01-19 09:59:00+05:30,230.25,230.3,230.15,230.25,4252,
2024-01-19 10:00:00+05:30,230.3,230.3,230.15,230.25,13138,
2024-01-19 10:01:00+05:30,230.25,230.35,230.15,230.3,6878,
2024-01-19 10:02:00+05:30,230.3,230.4,230.3,230.4,4046,
2024-01-19 10:03:00+05:30,230.4,230.5,230.15,230.15,10652,
2024-01-19 10:04:00+05:30,230.15,230.25,230.15,230.25,5680,
2024-01-19 10:05:00+05:30,230.25,230.3,230.25,230.25,5786,
2024-01-19 10:06:00+05:30,230.3,230.3,230.25,230.25,8910,
2024-01-19 10:07:00+05:30,230.25,230.35,230.25,230.25,12404,
2024-01-19 10:08:00+05:30,230.25,230.35,230.2,230.2,14604,
2024-01-19 10:09:00+05:30,230.2,230.25,230.15,230.15,8876,
2024-01-19 10:10:00+05:30,230.25,230.25,229.9,229.9,31438,
2024-01-19 10:11:00+05:30,230.05,230.15,229.95,230.15,11378,
2024-01-19 10:12:00+05:30,230.15,230.25,230.15,230.15,7356,
2024-01-19 10:13:00+05:30,230.3,230.4,230.25,230.3,14624,
2024-01-19 10:14:00+05:30,230.4,230.4,230.15,230.35,17606,
2024-01-19 10:15:00+05:30,230.35,230.35,230.15,230.3,69234,
2024-01-19 10:16:00+05:30,230.3,230.4,230.3,230.35,4806,
2024-01-19 10:17:00+05:30,230.35,230.35,230.25,230.25,6952,
2024-01-19 10:18:00+05:30,230.25,230.3,230.2,230.3,12816,
2024-01-19 10:19:00+05:30,230.3,230.3,230.05,230.05,7996,
2024-01-19 10:20:00+05:30,230.05,230.3,230.05,230.15,17246,
2024-01-19 10:21:00+05:30,230.15,230.25,230.15,230.15,2610,
2024-01-19 10:22:00+05:30,230.25,230.45,230.25,230.35,14388,
2024-01-19 10:23:00+05:30,230.4,230.5,230.4,230.5,5982,
2024-01-19 10:24:00+05:30,230.5,230.6,230.5,230.6,13992,
2024-01-19 10:25:00+05:30,230.7,231,230.65,230.9,36916,
2024-01-19 10:26:00+05:30,230.9,231,230.9,230.95,9416,
2024-01-19 10:27:00+05:30,230.95,231.1,230.9,231,28426,
2024-01-19 10:28:00+05:30,231,231.1,231,231.05,7424,
2024-01-19 10:29:00+05:30,231.1,231.1,230.9,231,13820,
2024-01-19 10:30:00+05:30,231,231.1,231,231.1,11376,
2024-01-19 10:31:00+05:30,231.1,231.1,231.05,231.1,9142,
2024-01-19 10:32:00+05:30,231.1,231.1,231,231.05,9124,
2024-01-19 10:33:00+05:30,231.05,231.1,230.95,231.1,16410,
2024-01-19 10:34:00+05:30,231.1,231.1,230.9,231.1,7632,
2024-01-19 10:35:00+05:30,231,231.3,231,231.15,69420,
2024-01-19 10:36:00+05:30,231.15,231.2,231,231.15,11146,
2024-01-19 10:37:00+05:30,231.15,231.3,231.05,231.2,7598,
2024-01-19 10:38:00+05:30,231.35,231.35,231.2,231.2,35912,
2024-01-19 10:39:00+05:30,231.2,231.35,231.15,231.35,7290,
2024-01-19 10:40:00+05:30,231.35,231.35,231.2,231.2,8702,
2024-01-19 10:41:00+05:30,231.2,231.3,231.1,231.1,7916,
2024-01-19 10:42:00+05:30,231.1,231.25,231.1,231.25,11852,
2024-01-19 10:43:00+05:30,231.15,231.3,231.1,231.1,12716,
2024-01-19 10:44:00+05:30,231.1,231.2,230.9,231.2,26992,
2024-01-19 10:45:00+05:30,231.2,231.3,231.1,231.3,28364,
2024-01-19 10:46:00+05:30,231.3,231.3,231.2,231.2,12198,
2024-01-19 10:47:00+05:30,231.2,231.25,231.1,231.2,10328,
2024-01-19 10:48:00+05:30,231.2,231.25,231.1,231.25,10688,
2024-01-19 10:49:00+05:30,231.3,231.3,231.2,231.3,7220,
2024-01-19 10:50:00+05:30,231.3,231.5,231.2,231.5,42134,
2024-01-19 10:51:00+05:30,231.5,231.6,231.35,231.45,35164,
2024-01-19 10:52:00+05:30,231.45,231.5,231.4,231.5,4954,
2024-01-19 10:53:00+05:30,231.5,231.5,231.25,231.4,10936,
2024-01-19 10:54:00+05:30,231.4,231.45,231.3,231.4,22742,
2024-01-19 10:55:00+05:30,231.4,231.45,231.4,231.45,4098,
2024-01-19 10:56:00+05:30,231.4,231.6,231.4,231.5,38212,
2024-01-19 10:57:00+05:30,231.55,231.6,231.35,231.35,16148,
2024-01-19 10:58:00+05:30,231.35,231.4,231.05,231.35,49280,
2024-01-19 10:59:00+05:30,231.4,231.45,231.3,231.45,11698,
2024-01-19 11:00:00+05:30,231.45,231.5,231.1,231.25,29318,
2024-01-19 11:01:00+05:30,231.35,231.6,231.25,231.45,12070,
2024-01-19 11:02:00+05:30,231.45,231.7,231.3,231.7,88062,
2024-01-19 11:03:00+05:30,231.7,231.7,231.5,231.5,27948,
2024-01-19 11:04:00+05:30,231.5,231.5,231.2,231.2,13142,
2024-01-19 11:05:00+05:30,231.2,231.45,231.2,231.35,25290,
2024-01-19 11:06:00+05:30,231.35,231.4,230.8,230.85,32928,
2024-01-19 11:07:00+05:30,231,231.1,230.85,230.9,13896,
2024-01-19 11:08:00+05:30,230.85,231.1,230.7,231,33890,
2024-01-19 11:09:00+05:30,231.1,231.1,230.8,230.95,12608,
2024-01-19 11:10:00+05:30,230.9,231.1,230.85,231,23280,
2024-01-19 11:11:00+05:30,231,231.1,230.7,230.8,18748,
2024-01-19 11:12:00+05:30,230.8,231.05,230.7,231,12064,
2024-01-19 11:13:00+05:30,231,231.1,231,231,10898,
2024-01-19 11:14:00+05:30,231.1,231.1,230.8,231,51376,
2024-01-19 11:15:00+05:30,231.05,231.05,230.45,230.65,44850,
2024-01-19 11:16:00+05:30,230.75,230.8,230.6,230.7,33478,
2024-01-19 11:17:00+05:30,230.85,231.3,230.75,231.2,27514,
2024-01-19 11:18:00+05:30,231.2,231.3,231,231.2,13744,
2024-01-19 11:19:00+05:30,231.1,231.2,231,231.2,16612,
2024-01-19 11:20:00+05:30,231.2,231.3,231.15,231.2,8366,
2024-01-19 11:21:00+05:30,231.25,231.25,231.15,231.2,10010,
2024-01-19 11:22:00+05:30,231.2,231.2,231.1,231.15,11128,
2024-01-19 11:23:00+05:30,231.15,231.2,231.1,231.1,16818,
2024-01-19 11:24:00+05:30,231.1,231.2,231.1,231.2,15268,
2024-01-19 11:25:00+05:30,231.2,231.2,230.95,231,5394,
2024-01-19 11:26:00+05:30,231,231.1,231,231,3384,
2024-01-19 11:27:00+05:30,231,231.1,230.9,231,8836,
2024-01-19 11:28:00+05:30,231,231.1,230.95,231.1,20356,
2024-01-19 11:29:00+05:30,231.1,231.2,231.1,231.1,14516,
2024-01-19 11:30:00+05:30,231.1,231.1,231,231.05,12584,
2024-01-19 11:31:00+05:30,231.05,231.05,231,231,10252,
2024-01-19 11:32:00+05:30,231,231,230.8,230.85,9000,
2024-01-19 11:33:00+05:30,230.85,230.85,230.75,230.8,3282,
2024-01-19 11:34:00+05:30,230.8,230.8,230.8,230.8,3170,
2024-01-19 11:35:00+05:30,230.85,230.85,230.6,230.6,21362,
2024-01-19 11:36:00+05:30,230.6,230.9,230.6,230.8,46840,
2024-01-19 11:37:00+05:30,230.8,230.9,230.6,230.8,11688,
2024-01-19 11:38:00+05:30,230.8,231.1,230.7,231.1,7934,
2024-01-19 11:39:00+05:30,231.1,231.2,231,231.1,56454,
2024-01-19 11:40:00+05:30,231.1,231.1,230.85,231.05,8648,
2024-01-19 11:41:00+05:30,231.1,231.1,230.9,230.9,8760,
2024-01-19 11:42:00+05:30,230.9,231,230.8,230.8,7958,
2024-01-19 11:43:00+05:30,230.8,231,230.8,231,1870,
2024-01-19 11:44:00+05:30,231,231,230.9,230.9,6850,
2024-01-19 11:45:00+05:30,230.9,230.9,230.8,230.9,3074,
2024-01-19 11:46:00+05:30,230.9,230.95,230.8,230.9,4636,
2024-01-19 11:47:00+05:30,230.8,230.85,230.75,230.8,2706,
2024-01-19 11:48:00+05:30,230.8,230.8,230.75,230.8,3798,
2024-01-19 11:49:00+05:30,230.8,230.8,230.8,230.8,2118,
2024-01-19 11:50:00+05:30,230.8,230.85,230.8,230.8,2454,
2024-01-19 11:51:00+05:30,230.8,230.85,230.8,230.8,5018,
2024-01-19 11:52:00+05:30,230.8,230.8,230.75,230.75,6660,
2024-01-19 11:53:00+05:30,230.75,231,230.75,231,3686,
2024-01-19 11:54:00+05:30,230.9,230.9,230.85,230.85,7618,
2024-01-19 11:55:00+05:30,230.85,230.95,230.85,230.9,7232,
2024-01-19 11:56:00+05:30,230.9,231.1,230.9,231.1,8324,
2024-01-19 11:57:00+05:30,231.1,231.1,230.8,230.9,24188,
2024-01-19 11:58:00+05:30,231,231,230.7,230.9,12932,
2024-01-19 11:59:00+05:30,230.9,230.9,230.8,230.8,2702,
2024-01-19 12:00:00+05:30,230.8,230.85,230.8,230.8,3358,
2024-01-19 12:01:00+05:30,230.8,230.8,230.7,230.75,14118,
2024-01-19 12:02:00+05:30,230.8,230.9,230.8,230.85,4724,
2024-01-19 12:03:00+05:30,230.8,230.9,230.8,230.9,3984,
2024-01-19 12:04:00+05:30,230.9,230.9,230.7,230.8,13534,
2024-01-19 12:05:00+05:30,230.8,230.85,230.6,230.8,7664,
2024-01-19 12:06:00+05:30,230.85,230.9,230.8,230.85,2632,
2024-01-19 12:07:00+05:30,230.85,230.95,230.8,230.8,3676,
2024-01-19 12:08:00+05:30,230.85,230.9,230.8,230.8,2920,
2024-01-19 12:09:00+05:30,230.8,230.8,230.7,230.7,6138,
2024-01-19 12:10:00+05:30,230.7,230.7,230.6,230.65,7152,
2024-01-19 12:11:00+05:30,230.7,230.7,230.6,230.6,2940,
2024-01-19 12:12:00+05:30,230.6,230.9,230.6,230.9,19574,
2024-01-19 12:13:00+05:30,230.8,230.85,230.75,230.75,6612,
2024-01-19 12:14:00+05:30,230.75,230.8,230.5,230.5,23658,
2024-01-19 12:15:00+05:30,230.5,230.6,230.4,230.45,21904,
2024-01-19 12:16:00+05:30,230.5,230.5,230.3,230.4,14856,
2024-01-19 12:17:00+05:30,230.3,230.35,230.2,230.25,11852,
2024-01-19 12:18:00+05:30,230.25,230.4,230.25,230.35,107108,
2024-01-19 12:19:00+05:30,230.35,230.45,230.25,230.45,5426,
2024-01-19 12:20:00+05:30,230.4,230.4,230.25,230.3,9244,
2024-01-19 12:21:00+05:30,230.35,230.35,230.25,230.25,10308,
2024-01-19 12:22:00+05:30,230.25,230.25,230.15,230.25,4068,
2024-01-19 12:23:00+05:30,230.25,230.25,230.15,230.25,46858,
2024-01-19 12:24:00+05:30,230.15,230.25,230.15,230.15,4196,
2024-01-19 12:25:00+05:30,230.25,230.25,230.05,230.05,14716,
2024-01-19 12:26:00+05:30,230.05,230.15,229.9,229.95,25952,
2024-01-19 12:27:00+05:30,230,230.15,229.95,230.15,12796,
2024-01-19 12:28:00+05:30,230.15,230.15,230,230.05,5578,
2024-01-19 12:29:00+05:30,230.1,230.35,230.05,230.3,3670,
2024-01-19 12:30:00+05:30,230.3,230.4,230.25,230.4,13346,
2024-01-19 12:31:00+05:30,230.3,230.4,230.3,230.35,4304,
2024-01-19 12:32:00+05:30,230.35,230.5,230.35,230.45,2300,
2024-01-19 12:33:00+05:30,230.4,230.55,230.4,230.45,1378,
2024-01-19 12:34:00+05:30,230.5,230.55,230.4,230.5,6580,
2024-01-19 12:35:00+05:30,230.5,230.55,230.45,230.5,4360,
2024-01-19 12:36:00+05:30,230.5,230.65,230.5,230.6,5878,
2024-01-19 12:37:00+05:30,230.6,230.7,230.55,230.7,11284,
2024-01-19 12:38:00+05:30,230.6,230.8,230.6,230.8,6752,
2024-01-19 12:39:00+05:30,230.7,230.9,230.7,230.8,24160,
2024-01-19 12:40:00+05:30,230.8,231,230.8,231,10512,
2024-01-19 12:41:00+05:30,231,231,230.75,230.8,7012,
2024-01-19 12:42:00+05:30,230.8,230.85,230.75,230.85,5718,
2024-01-19 12:43:00+05:30,230.85,230.85,230.6,230.8,6020,
2024-01-19 12:44:00+05:30,230.7,230.8,230.7,230.7,1448,
2024-01-19 12:45:00+05:30,230.7,230.8,230.7,230.8,14044,
2024-01-19 12:46:00+05:30,230.7,230.8,230.7,230.7,4400,
2024-01-19 12:47:00+05:30,230.7,230.8,230.7,230.7,2900,
2024-01-19 12:48:00+05:30,230.7,230.8,230.7,230.8,3222,
2024-01-19 12:49:00+05:30,230.65,230.8,230.6,230.75,17248,
2024-01-19 12:50:00+05:30,230.8,230.9,230.75,230.8,9270,
2024-01-19 12:51:00+05:30,230.8,231.1,230.8,231.1,13108,
2024-01-19 12:52:00+05:30,231.05,231.1,231,231,3342,
2024-01-19 12:53:00+05:30,231.1,231.1,231,231.1,4578,
2024-01-19 12:54:00+05:30,231.1,231.1,231,231,23452,
2024-01-19 12:55:00+05:30,231,231.3,231,231.25,99850,
2024-01-19 12:56:00+05:30,231.3,231.5,231.2,231.5,24266,
2024-01-19 12:57:00+05:30,231.5,231.6,231.4,231.55,10144,
2024-01-19 12:58:00+05:30,231.55,231.55,231.45,231.55,5790,
2024-01-19 12:59:00+05:30,231.55,231.8,231.5,231.8,113962,
2024-01-19 13:00:00+05:30,231.7,231.8,231.6,231.6,17300,
2024-01-19 13:01:00+05:30,231.6,231.7,231.55,231.55,16114,
2024-01-19 13:02:00+05:30,231.6,231.6,231.45,231.5,14998,
2024-01-19 13:03:00+05:30,231.45,231.5,231.4,231.5,4444,
2024-01-19 13:04:00+05:30,231.5,231.5,231.15,231.2,6574,
2024-01-19 13:05:00+05:30,231.25,231.4,231.2,231.35,7694,
2024-01-19 13:06:00+05:30,231.35,231.4,231.3,231.35,4056,
2024-01-19 13:07:00+05:30,231.35,231.4,231.2,231.25,10132,
2024-01-19 13:08:00+05:30,231.2,231.45,231.2,231.4,20076,
2024-01-19 13:09:00+05:30,231.45,231.45,231.35,231.45,7082,
2024-01-19 13:10:00+05:30,231.35,231.4,231.35,231.4,2160,
2024-01-19 13:11:00+05:30,231.4,231.5,231.2,231.2,13806,
2024-01-19 13:12:00+05:30,231.2,231.3,231.2,231.25,1544,
2024-01-19 13:13:00+05:30,231.3,231.3,231.2,231.25,16764,
2024-01-19 13:14:00+05:30,231.25,231.4,231.2,231.35,58700,
2024-01-19 13:15:00+05:30,231.35,231.5,231.3,231.4,11850,
2024-01-19 13:16:00+05:30,231.3,231.5,231.25,231.45,8274,
2024-01-19 13:17:00+05:30,231.45,231.55,231.45,231.45,2886,
2024-01-19 13:18:00+05:30,231.45,231.5,231.3,231.3,49814,
2024-01-19 13:19:00+05:30,231.3,231.4,231.3,231.4,5756,
2024-01-19 13:20:00+05:30,231.4,231.4,231.3,231.4,1600,
2024-01-19 13:21:00+05:30,231.4,231.4,231.25,231.3,4982,
2024-01-19 13:22:00+05:30,231.3,231.5,231.2,231.5,15446,
2024-01-19 13:23:00+05:30,231.5,231.75,231.5,231.65,39218,
2024-01-19 13:24:00+05:30,231.7,232.15,231.65,232.05,178634,
2024-01-19 13:25:00+05:30,232.15,232.55,232.1,232.3,133296,
2024-01-19 13:26:00+05:30,232.3,232.4,231.7,231.75,34418,
2024-01-19 13:27:00+05:30,231.75,231.8,231.3,231.4,41358,
2024-01-19 13:28:00+05:30,231.4,231.5,231.15,231.4,20962,
2024-01-19 13:29:00+05:30,231.4,231.6,231.4,231.5,7400,
2024-01-19 13:30:00+05:30,231.45,231.5,231.35,231.4,5492,
2024-01-19 13:31:00+05:30,231.4,231.6,231.3,231.4,36568,
2024-01-19 13:32:00+05:30,231.4,231.7,231.3,231.35,28892,
2024-01-19 13:33:00+05:30,231.35,231.6,231.25,231.4,32164,
2024-01-19 13:34:00+05:30,231.4,231.7,231.4,231.7,12596,
2024-01-19 13:35:00+05:30,231.7,231.8,231.6,231.7,7080,
2024-01-19 13:36:00+05:30,231.65,231.75,231.6,231.75,5124,
2024-01-19 13:37:00+05:30,231.7,231.85,231.65,231.8,11518,
2024-01-19 13:38:00+05:30,231.85,231.85,231.75,231.85,9250,
2024-01-19 13:39:00+05:30,231.85,232.05,231.85,232,13260,
2024-01-19 13:40:00+05:30,232,232.35,232,232.2,52304,
2024-01-19 13:41:00+05:30,232.05,232.25,232.05,232.2,10318,
2024-01-19 13:42:00+05:30,232.2,232.25,232.05,232.15,14696,
2024-01-19 13:43:00+05:30,232.15,232.15,231.75,231.75,15772,
2024-01-19 13:44:00+05:30,231.8,231.95,231.7,231.95,15924,
2024-01-19 13:45:00+05:30,231.95,232.25,231.95,232.25,26650,
2024-01-19 13:46:00+05:30,232.25,232.25,232.05,232.25,28880,
2024-01-19 13:47:00+05:30,232.25,232.25,232,232.05,15496,
2024-01-19 13:48:00+05:30,232.15,232.15,231.95,231.95,7694,
2024-01-19 13:49:00+05:30,231.95,232.15,231.95,232.05,6648,
2024-01-19 13:50:00+05:30,232,232.05,231.95,231.95,38496,
2024-01-19 13:51:00+05:30,231.95,232.05,231.8,232.05,12378,
2024-01-19 13:52:00+05:30,232,232.55,232,232.45,246688,
2024-01-19 13:53:00+05:30,232.35,232.4,231.85,232.2,27700,
2024-01-19 13:54:00+05:30,232.05,232.65,231.95,232.35,256434,
2024-01-19 13:55:00+05:30,232.45,233.05,232.2,232.95,178022,
2024-01-19 13:56:00+05:30,232.95,233.45,232.85,233.45,333314,
2024-01-19 13:57:00+05:30,233.45,234.3,233.45,234,711404,
2024-01-19 13:58:00+05:30,233.95,234.15,233.5,233.5,269850,
2024-01-19 13:59:00+05:30,233.5,233.8,233.35,233.65,87236,
2024-01-19 14:00:00+05:30,233.65,233.75,233.35,233.45,63288,
2024-01-19 14:01:00+05:30,233.45,233.6,233.3,233.3,58510,
2024-01-19 14:02:00+05:30,233.25,233.25,232.75,232.75,82256,
2024-01-19 14:03:00+05:30,232.75,232.85,231.9,232.15,91724,
2024-01-19 14:04:00+05:30,232.15,232.4,231.4,231.9,157316,
2024-01-19 14:05:00+05:30,231.9,231.95,231.65,231.9,77980,
2024-01-19 14:06:00+05:30,231.9,232.05,231.8,231.85,13858,
2024-01-19 14:07:00+05:30,231.95,231.95,231.65,231.8,17270,
2024-01-19 14:08:00+05:30,231.75,232.3,231.75,232.3,14504,
2024-01-19 14:09:00+05:30,232.3,232.4,232.05,232.1,21694,
2024-01-19 14:10:00+05:30,232.1,232.3,231.95,232.15,25704,
2024-01-19 14:11:00+05:30,232.15,232.2,232.05,232.05,3746,
2024-01-19 14:12:00+05:30,232.05,232.4,232.05,232.2,13988,
2024-01-19 14:13:00+05:30,232.2,232.25,231.85,232,13910,
2024-01-19 14:14:00+05:30,232.05,232.05,231.85,231.85,9162,
2024-01-19 14:15:00+05:30,231.85,233.05,231.85,232.95,88628,
2024-01-19 14:16:00+05:30,232.95,233.15,232.85,232.95,112264,
2024-01-19 14:17:00+05:30,232.95,233.05,232.8,232.9,29918,
2024-01-19 14:18:00+05:30,232.9,232.95,232.65,232.75,19714,
2024-01-19 14:19:00+05:30,232.75,232.8,232.65,232.75,10616,
2024-01-19 14:20:00+05:30,232.65,232.95,232.65,232.85,20632,
2024-01-19 14:21:00+05:30,232.8,233.5,232.8,233.35,64954,
2024-01-19 14:22:00+05:30,233.35,233.6,233.1,233.3,87582,
2024-01-19 14:23:00+05:30,233.15,233.35,232.75,232.8,30602,
2024-01-19 14:24:00+05:30,232.8,232.95,232.65,232.85,23016,
2024-01-19 14:25:00+05:30,232.8,232.95,232.8,232.85,14678,
2024-01-19 14:26:00+05:30,232.85,233.35,232.85,233.3,34632,
2024-01-19 14:27:00+05:30,233.2,233.35,233.15,233.35,21680,
2024-01-19 14:28:00+05:30,233.35,233.7,233.25,233.6,61130,
2024-01-19 14:29:00+05:30,233.6,233.65,233.5,233.6,49670,
2024-01-19 14:30:00+05:30,233.6,233.6,233.4,233.5,31028,
2024-01-19 14:31:00+05:30,233.5,233.6,233.4,233.6,18680,
2024-01-19 14:32:00+05:30,233.6,233.7,233.45,233.5,29258,
2024-01-19 14:33:00+05:30,233.5,233.6,233.35,233.4,25832,
2024-01-19 14:34:00+05:30,233.5,233.6,233.4,233.55,7416,
2024-01-19 14:35:00+05:30,233.55,233.55,233.35,233.35,27192,
2024-01-19 14:36:00+05:30,233.5,233.7,233.35,233.7,77380,
2024-01-19 14:37:00+05:30,233.6,233.9,233.6,233.9,89298,
2024-01-19 14:38:00+05:30,233.9,234.25,233.9,234.2,123728,
2024-01-19 14:39:00+05:30,234.1,234.2,234,234.1,35462,
2024-01-19 14:40:00+05:30,234.15,234.15,233.95,234,31492,
2024-01-19 14:41:00+05:30,233.95,234,233.8,233.9,38762,
2024-01-19 14:42:00+05:30,233.85,233.9,233.8,233.8,31994,
2024-01-19 14:43:00+05:30,233.8,233.9,233.65,233.9,59504,
2024-01-19 14:44:00+05:30,233.9,234,233.85,233.9,56276,
2024-01-19 14:45:00+05:30,234,234.1,233.8,233.9,74156,
2024-01-19 14:46:00+05:30,233.9,233.95,233.8,233.85,20800,
2024-01-19 14:47:00+05:30,233.9,234.1,233.6,233.9,76616,
2024-01-19 14:48:00+05:30,233.9,234,233.9,234,14868,
2024-01-19 14:49:00+05:30,233.95,234,233.9,234,36766,
2024-01-19 14:50:00+05:30,234,234.1,233.9,234,50686,
2024-01-19 14:51:00+05:30,234,234.2,233.9,234.1,65426,
2024-01-19 14:52:00+05:30,234.1,234.5,234.1,234.5,115534,
2024-01-19 14:53:00+05:30,234.4,234.8,234.2,234.2,153848,
2024-01-19 14:54:00+05:30,234.25,234.3,234.05,234.1,76290,
2024-01-19 14:55:00+05:30,234.1,234.65,234.1,234.5,82290,
2024-01-19 14:56:00+05:30,234.5,234.7,234.4,234.6,55118,
2024-01-19 14:57:00+05:30,234.6,234.7,234.5,234.6,64804,
2024-01-19 14:58:00+05:30,234.6,234.95,234.6,234.75,294260,
2024-01-19 14:59:00+05:30,234.75,234.85,234.5,234.5,44714,
2024-01-19 15:00:00+05:30,234.6,234.8,234,234,77362,
2024-01-19 15:01:00+05:30,234,234.25,233.9,234,67986,
2024-01-19 15:02:00+05:30,233.95,234.1,233.7,233.7,62006,
2024-01-19 15:03:00+05:30,233.65,233.65,233.3,233.35,99784,
2024-01-19 15:04:00+05:30,233.35,233.4,233.35,233.4,53592,
2024-01-19 15:05:00+05:30,233.4,233.5,233.3,233.35,66276,
2024-01-19 15:06:00+05:30,233.35,233.35,233.1,233.25,67780,
2024-01-19 15:07:00+05:30,233.25,233.3,233.15,233.15,47130,
2024-01-19 15:08:00+05:30,233.15,233.2,233,233.05,55590,
2024-01-19 15:09:00+05:30,233.05,233.1,232.95,233.05,59170,
2024-01-19 15:10:00+05:30,233,233.05,232.9,232.95,51428,
2024-01-19 15:11:00+05:30,232.95,233.05,232.85,233.05,57062,
2024-01-19 15:12:00+05:30,233,233.25,232.95,233.15,107550,
2024-01-19 15:13:00+05:30,233.15,233.15,233.05,233.1,41056,
2024-01-19 15:14:00+05:30,233.05,233.15,233.05,233.05,61870,
2024-01-19 15:15:00+05:30,233.05,233.15,233,233,57046,
2024-01-19 15:16:00+05:30,233.05,233.05,232.9,232.95,33200,
2024-01-19 15:17:00+05:30,232.95,233.05,232.95,232.95,54338,
2024-01-19 15:18:00+05:30,233,233.05,232.95,233,91592,
2024-01-19 15:19:00+05:30,232.95,233.05,232.95,232.95,72518,
2024-01-19 15:20:00+05:30,233.05,233.05,232.85,232.95,95382,
2024-01-19 15:21:00+05:30,232.85,232.95,232.8,232.85,53012,
2024-01-19 15:22:00+05:30,232.75,232.85,232.55,232.55,76776,
2024-01-19 15:23:00+05:30,232.6,232.7,232.55,232.65,112730,
2024-01-19 15:24:00+05:30,232.65,232.8,232.55,232.65,128312,
2024-01-19 15:25:00+05:30,232.65,232.8,232.6,232.65,88620,
2024-01-19 15:26:00+05:30,232.65,232.75,232.55,232.75,75802,
2024-01-19 15:27:00+05:30,232.75,232.8,232.65,232.75,96826,
2024-01-19 15:28:00+05:30,232.75,232.75,232.55,232.75,240888,
2024-01-19 15:29:00+05:30,232.75,232.75,232.55,232.75,106138,
2024-01-20 09:15:00+05:30,234.5,235.45,234,234.3,131296,
2024-01-20 09:16:00+05:30,234.3,234.5,234,234.25,31368,
2024-01-20 09:17:00+05:30,234.25,234.75,234.1,234.15,60626,
2024-01-20 09:18:00+05:30,234.1,234.2,233.8,234,65218,
2024-01-20 09:19:00+05:30,234,234.55,233.9,234.55,11988,
2024-01-20 09:20:00+05:30,234.55,234.55,234.25,234.4,23218,
2024-01-20 09:21:00+05:30,234.4,234.4,233.9,234.3,27028,
2024-01-20 09:22:00+05:30,234.3,234.7,234.2,234.6,51776,
2024-01-20 09:23:00+05:30,234.65,234.75,234.4,234.5,14248,
2024-01-20 09:24:00+05:30,234.5,234.95,234.4,234.95,32608,
2024-01-20 09:25:00+05:30,234.95,235.1,234.75,234.95,65298,
2024-01-20 09:26:00+05:30,235.1,235.15,234.75,234.9,29226,
2024-01-20 09:27:00+05:30,234.95,235.1,234.9,234.95,50708,
2024-01-20 09:28:00+05:30,234.9,235.05,234.8,235.05,46538,
2024-01-20 09:29:00+05:30,234.95,235.05,234.55,234.6,18764,
2024-01-20 09:30:00+05:30,234.7,234.9,234.6,234.6,15668,
2024-01-20 09:31:00+05:30,234.6,234.6,234,234.2,47490,
2024-01-20 09:32:00+05:30,234.2,234.4,234.1,234.3,14128,
2024-01-20 09:33:00+05:30,234.4,234.5,234.2,234.2,10794,
2024-01-20 09:34:00+05:30,234.3,234.3,233.55,233.75,48636,
2024-01-20 09:35:00+05:30,233.75,233.9,233.25,233.3,53172,
2024-01-20 09:36:00+05:30,233.35,233.6,233.35,233.5,40896,
2024-01-20 09:37:00+05:30,233.5,233.7,233.4,233.6,9978,
2024-01-20 09:38:00+05:30,233.5,233.6,233.4,233.45,17274,
2024-01-20 09:39:00+05:30,233.45,233.5,233.4,233.45,5096,
2024-01-20 09:40:00+05:30,233.5,233.5,233.35,233.35,7190,
2024-01-20 09:41:00+05:30,233.5,234.1,233.5,234,39176,
2024-01-20 09:42:00+05:30,234,234.1,233.5,233.7,19268,
2024-01-20 09:43:00+05:30,233.6,233.6,233.4,233.6,21056,
2024-01-20 09:44:00+05:30,233.5,233.7,233.4,233.7,8940,
2024-01-20 09:45:00+05:30,233.7,233.85,233.6,233.7,4204,
2024-01-20 09:46:00+05:30,233.7,234.1,233.65,234.1,16188,
2024-01-20 09:47:00+05:30,234.1,234.4,233.9,234.4,39832,
2024-01-20 09:48:00+05:30,234.35,234.5,234.2,234.2,24190,
2024-01-20 09:49:00+05:30,234.2,234.5,234.2,234.5,49790,
2024-01-20 09:50:00+05:30,234.65,234.65,234.35,234.5,22932,
2024-01-20 09:51:00+05:30,234.4,234.5,234.3,234.35,9474,
2024-01-20 09:52:00+05:30,234.5,234.5,234.15,234.3,13408,
2024-01-20 09:53:00+05:30,234.3,234.3,233.9,234,24266,
2024-01-20 09:54:00+05:30,233.95,234.2,233.9,234.05,18950,
2024-01-20 09:55:00+05:30,234.2,234.2,234,234.1,18464,
2024-01-20 09:56:00+05:30,234,234.2,234,234.2,15528,
2024-01-20 09:57:00+05:30,234.2,234.25,234.05,234.25,5234,
2024-01-20 09:58:00+05:30,234.25,234.25,234.05,234.05,20940,
2024-01-20 09:59:00+05:30,234.05,234.15,233.5,233.7,23484,
2024-01-20 10:00:00+05:30,233.5,233.55,233.15,233.35,56252,
2024-01-20 10:01:00+05:30,233.35,233.4,232.6,232.75,46672,
2024-01-20 10:02:00+05:30,232.7,233.05,232.55,232.95,38924,
2024-01-20 10:03:00+05:30,232.95,233.25,232.95,233.25,14518,
2024-01-20 10:04:00+05:30,233.25,233.25,232.75,232.85,23014,
2024-01-20 10:05:00+05:30,232.85,232.95,232.65,232.85,12322,
2024-01-20 10:06:00+05:30,232.7,233.05,232.7,233.05,11260,
2024-01-20 10:07:00+05:30,232.95,233.7,232.9,233.7,16998,
2024-01-20 10:08:00+05:30,233.7,234.4,233.6,234.25,50396,
2024-01-20 10:09:00+05:30,234.3,234.4,234,234,17286,
2024-01-20 10:10:00+05:30,234.1,234.1,233.6,233.65,14236,
2024-01-20 10:11:00+05:30,233.65,233.65,233.15,233.3,21058,
2024-01-20 10:12:00+05:30,233.3,233.8,233.3,233.7,15376,
2024-01-20 10:13:00+05:30,233.7,234,233.7,234,11842,
2024-01-20 10:14:00+05:30,234,234.25,233.9,234.1,13674,
2024-01-20 10:15:00+05:30,234.1,234.55,234.1,234.5,27332,
2024-01-20 10:16:00+05:30,234.5,235.2,234.5,235.1,109482,
2024-01-20 10:17:00+05:30,235.2,235.2,234.8,234.85,33236,
2024-01-20 10:18:00+05:30,234.85,234.9,234.6,234.65,13470,
2024-01-20 10:19:00+05:30,234.75,234.9,234.55,234.65,18616,
2024-01-20 10:20:00+05:30,234.65,234.75,234.6,234.75,14500,
2024-01-20 10:21:00+05:30,234.7,234.85,234.7,234.8,9996,
2024-01-20 10:22:00+05:30,234.9,234.9,234.8,234.85,6652,
2024-01-20 10:23:00+05:30,234.8,234.95,234.8,234.95,41198,
2024-01-20 10:24:00+05:30,234.95,234.95,234.8,234.8,8030,
2024-01-20 10:25:00+05:30,234.8,234.9,234.8,234.85,4100,
2024-01-20 10:26:00+05:30,234.9,234.95,234.85,234.85,5872,
2024-01-20 10:27:00+05:30,234.9,234.9,234.8,234.8,18728,
2024-01-20 10:28:00+05:30,234.8,234.9,234.75,234.75,11496,
2024-01-20 10:29:00+05:30,234.75,234.9,234.75,234.85,7648,
2024-01-20 10:30:00+05:30,234.75,234.75,234.55,234.6,10830,
2024-01-20 10:31:00+05:30,234.6,234.75,234.6,234.65,4988,
2024-01-20 10:32:00+05:30,234.65,234.75,234.6,234.7,6230,
2024-01-20 10:33:00+05:30,234.7,234.75,234.7,234.7,4570,
2024-01-20 10:34:00+05:30,234.7,234.8,234.7,234.75,8228,
2024-01-20 10:35:00+05:30,234.75,234.85,234.7,234.85,8980,
2024-01-20 10:36:00+05:30,234.85,234.9,234.7,234.8,6636,
2024-01-20 10:37:00+05:30,234.75,234.85,234.7,234.7,6066,
2024-01-20 10:38:00+05:30,234.7,234.8,234.65,234.7,4176,
2024-01-20 10:39:00+05:30,234.7,234.75,234.6,234.7,9746,
2024-01-20 10:40:00+05:30,234.7,234.85,234.6,234.75,12592,
2024-01-20 10:41:00+05:30,234.75,234.9,234.7,234.9,5116,
2024-01-20 10:42:00+05:30,234.9,234.9,234.75,234.75,3454,
2024-01-20 10:43:00+05:30,234.75,234.9,234.75,234.9,5898,
2024-01-20 10:44:00+05:30,234.9,235.05,234.9,234.95,40048,
2024-01-20 10:45:00+05:30,234.95,235.1,234.95,235.1,14200,
2024-01-20 10:46:00+05:30,235,235.1,234.9,234.95,16960,
2024-01-20 10:47:00+05:30,235.05,235.05,234.95,234.95,5572,
2024-01-20 10:48:00+05:30,235,235.05,234.95,235.05,14802,
2024-01-20 10:49:00+05:30,234.95,235.05,234.9,234.95,7088,
2024-01-20 10:50:00+05:30,234.95,235.05,234.9,235.05,5246,
2024-01-20 10:51:00+05:30,235.05,235.05,234.9,234.9,15334,
2024-01-20 10:52:00+05:30,234.9,234.9,234.5,234.5,20676,
2024-01-20 10:53:00+05:30,234.5,234.6,234.5,234.55,5862,
2024-01-20 10:54:00+05:30,234.55,234.75,234.55,234.7,8904,
2024-01-20 10:55:00+05:30,234.6,234.7,234.55,234.7,5268,
2024-01-20 10:56:00+05:30,234.7,234.9,234.6,234.7,5028,
2024-01-20 10:57:00+05:30,234.9,234.9,234.7,234.75,5822,
2024-01-20 10:58:00+05:30,234.75,234.9,234.7,234.7,3868,
2024-01-20 10:59:00+05:30,234.7,234.85,234.6,234.7,10470,
2024-01-20 11:00:00+05:30,234.7,234.7,234.6,234.7,3226,
2024-01-20 11:01:00+05:30,234.6,234.7,234.55,234.7,3954,
2024-01-20 11:02:00+05:30,234.7,234.7,234.55,234.55,6816,
2024-01-20 11:03:00+05:30,234.55,234.7,234.55,234.7,5546,
2024-01-20 11:04:00+05:30,234.7,234.7,234.55,234.65,10382,
2024-01-20 11:05:00+05:30,234.65,234.65,234.55,234.55,5792,
2024-01-20 11:06:00+05:30,234.55,234.65,234.5,234.65,6668,
2024-01-20 11:07:00+05:30,234.6,234.7,234.6,234.65,8360,
2024-01-20 11:08:00+05:30,234.65,234.75,234.55,234.75,4426,
2024-01-20 11:09:00+05:30,234.75,234.8,234.7,234.7,5524,
2024-01-20 11:10:00+05:30,234.8,234.8,234.7,234.7,4624,
2024-01-20 11:11:00+05:30,234.7,234.8,234.7,234.7,2654,
2024-01-20 11:12:00+05:30,234.65,234.75,234.6,234.75,5910,
2024-01-20 11:13:00+05:30,234.75,234.75,234.6,234.6,7832,
2024-01-20 11:14:00+05:30,234.6,234.7,234.6,234.7,2864,
2024-01-20 11:15:00+05:30,234.7,234.7,234.55,234.7,5172,
2024-01-20 11:16:00+05:30,234.7,234.7,234.6,234.7,3372,
2024-01-20 11:17:00+05:30,234.7,234.7,234.6,234.6,4594,
2024-01-20 11:18:00+05:30,234.6,234.7,234.5,234.5,7638,
2024-01-20 11:19:00+05:30,234.5,234.5,234.3,234.3,21610,
2024-01-20 11:20:00+05:30,234.3,234.35,234.3,234.3,6612,
2024-01-20 11:21:00+05:30,234.3,234.3,234.25,234.25,7688,
2024-01-20 11:22:00+05:30,234.25,234.4,234.25,234.4,7798,
2024-01-20 11:23:00+05:30,234.4,234.45,234.3,234.3,3904,
2024-01-20 11:24:00+05:30,234.3,234.4,234.3,234.3,5594,
2024-01-20 11:25:00+05:30,234.3,234.4,234.25,234.25,5864,
2024-01-20 11:26:00+05:30,234.3,234.5,234.25,234.5,7658,
2024-01-20 11:27:00+05:30,234.35,234.5,234.35,234.5,8400,
2024-01-20 11:28:00+05:30,234.5,234.6,234.4,234.4,8070,
2024-01-20 11:29:00+05:30,234.4,234.6,234.4,234.45,2866,
2024-01-20 11:30:00+05:30,234.45,234.6,234.4,234.6,3790,
2024-01-20 11:31:00+05:30,234.6,234.7,234.6,234.6,3098,
2024-01-20 11:32:00+05:30,234.6,234.7,234.6,234.6,3938,
2024-01-20 11:33:00+05:30,234.6,234.7,234.6,234.7,10366,
2024-01-20 11:34:00+05:30,234.7,234.75,234.65,234.7,7636,
2024-01-20 11:35:00+05:30,234.7,234.7,234.6,234.6,12478,
2024-01-20 11:36:00+05:30,234.6,234.75,234.6,234.7,6672,
2024-01-20 11:37:00+05:30,234.7,234.7,234.6,234.6,7308,
2024-01-20 11:38:00+05:30,234.7,234.7,234.6,234.6,3790,
2024-01-20 11:39:00+05:30,234.65,234.7,234.6,234.65,1882,
2024-01-20 11:40:00+05:30,234.6,234.7,234.6,234.7,6558,
2024-01-20 11:41:00+05:30,234.7,234.75,234.55,234.75,3926,
2024-01-20 11:42:00+05:30,234.7,234.75,234.6,234.6,5018,
2024-01-20 11:43:00+05:30,234.6,234.75,234.6,234.6,4856,
2024-01-20 11:44:00+05:30,234.7,234.75,234.6,234.6,2850,
2024-01-20 11:45:00+05:30,234.6,234.75,234.5,234.7,13908,
2024-01-20 11:46:00+05:30,234.7,234.7,234.5,234.5,2652,
2024-01-20 11:47:00+05:30,234.5,234.55,234.4,234.55,4364,
2024-01-20 11:48:00+05:30,234.55,234.6,234.4,234.5,2604,
2024-01-20 11:49:00+05:30,234.5,234.5,234.25,234.25,6610,
2024-01-20 11:50:00+05:30,234.25,234.3,234,234.1,13852,
2024-01-20 11:51:00+05:30,234.1,234.2,234.1,234.2,4020,
2024-01-20 11:52:00+05:30,234.1,234.35,234.1,234.35,16282,
2024-01-20 11:53:00+05:30,234.35,234.35,234.1,234.1,5394,
2024-01-20 11:54:00+05:30,234.1,234.2,234.1,234.2,3528,
2024-01-20 11:55:00+05:30,234.2,234.2,234.1,234.1,6032,
2024-01-20 11:56:00+05:30,234.1,234.2,234.1,234.1,4504,
2024-01-20 11:57:00+05:30,234.1,234.25,234.1,234.15,2910,
2024-01-20 11:58:00+05:30,234.15,234.3,234.15,234.2,2704,
2024-01-20 11:59:00+05:30,234.2,234.5,234.2,234.3,26502,
2024-01-20 12:00:00+05:30,234.3,234.65,234.3,234.35,50668,
2024-01-20 12:01:00+05:30,234.3,234.6,234.25,234.6,44152,
2024-01-20 12:02:00+05:30,234.6,234.95,234.6,234.95,114346,
2024-01-20 12:03:00+05:30,234.95,234.95,234.9,234.9,14404,
2024-01-20 12:04:00+05:30,234.9,234.95,234.9,234.9,38374,
2024-01-20 12:05:00+05:30,234.9,235.05,234.9,234.9,15294,
2024-01-20 12:06:00+05:30,234.95,234.95,234.85,234.95,19896,
2024-01-20 12:07:00+05:30,234.95,235.05,234.95,234.95,23896,
2024-01-20 12:08:00+05:30,234.95,235.05,234.95,234.95,6918,
2024-01-20 12:09:00+05:30,234.95,235.05,234.95,234.95,7744,
2024-01-20 12:10:00+05:30,235.05,235.1,234.95,235,9892,
2024-01-20 12:11:00+05:30,235.05,235.15,235,235.05,4702,
2024-01-20 12:12:00+05:30,235.05,235.15,235.05,235.1,10900,
2024-01-20 12:13:00+05:30,235.15,235.15,234.85,234.9,13528,
2024-01-20 12:14:00+05:30,234.9,235.05,234.85,234.9,16218,
2024-01-20 12:15:00+05:30,234.9,235,234.8,234.9,7826,
2024-01-20 12:16:00+05:30,234.95,235.05,234.9,234.9,11854,
2024-01-20 12:17:00+05:30,234.9,234.95,234.9,234.95,24416,
2024-01-20 12:18:00+05:30,234.9,234.95,234.65,234.7,40112,
2024-01-20 12:19:00+05:30,234.85,234.9,234.7,234.75,13708,
2024-01-20 12:20:00+05:30,234.75,234.85,234.5,234.8,25258,
2024-01-20 12:21:00+05:30,234.8,234.95,234.75,234.95,44198,
2024-01-20 12:22:00+05:30,234.95,234.95,234.75,234.9,12062,
2024-01-20 12:23:00+05:30,234.9,234.9,234.75,234.9,8014,
2024-01-20 12:24:00+05:30,234.9,234.9,234.75,234.9,5878,
2024-01-20 12:25:00+05:30,234.9,234.9,234.8,234.8,16026,
2024-01-20 12:26:00+05:30,234.9,234.9,234.8,234.8,16712,
2024-01-20 12:27:00+05:30,234.9,234.9,234.7,234.9,37914,
2024-01-20 12:28:00+05:30,234.9,234.9,234.7,234.8,20186,
2024-01-20 12:29:00+05:30,234.8,234.8,234.7,234.8,26316,
2024-01-20 12:30:00+05:30,234.8,234.8,234.7,234.75,28918,
2024-01-20 12:31:00+05:30,234.75,234.9,234.75,234.75,8486,
2024-01-20 12:32:00+05:30,234.75,234.9,234.75,234.9,10880,
2024-01-20 12:33:00+05:30,234.9,234.9,234.9,234.9,14712,
2024-01-20 12:34:00+05:30,234.9,234.9,234.9,234.9,17714,
2024-01-20 12:35:00+05:30,234.9,234.9,234.8,234.85,39742,
2024-01-20 12:36:00+05:30,234.85,234.9,234.6,234.75,28576,
2024-01-20 12:37:00+05:30,234.75,234.8,234.7,234.75,28224,
2024-01-20 12:38:00+05:30,234.75,234.8,234.75,234.75,3250,
2024-01-20 12:39:00+05:30,234.75,234.8,234.7,234.75,18520,
2024-01-20 12:40:00+05:30,234.75,234.75,234.7,234.7,24614,
2024-01-20 12:41:00+05:30,234.7,234.7,234.65,234.7,24402,
2024-01-20 12:42:00+05:30,234.7,234.7,234.6,234.7,6758,
2024-01-20 12:43:00+05:30,234.7,234.75,234.6,234.7,28740,
2024-01-20 12:44:00+05:30,234.7,234.75,233.9,234.25,223918,
2024-01-20 12:45:00+05:30,234.3,234.6,234.2,234.4,66262,
2024-01-20 12:46:00+05:30,234.5,234.5,234.25,234.4,18470,
2024-01-20 12:47:00+05:30,234.4,234.6,234.1,234.4,45616,
2024-01-20 12:48:00+05:30,234.4,234.6,234.4,234.6,41702,
2024-01-20 12:49:00+05:30,234.6,234.6,234.5,234.5,3424,
2024-01-20 12:50:00+05:30,234.5,234.6,234.5,234.6,7824,
2024-01-20 12:51:00+05:30,234.6,234.6,234.5,234.5,31424,
2024-01-20 12:52:00+05:30,234.5,234.5,234.4,234.5,11472,
2024-01-20 12:53:00+05:30,234.5,234.6,234.5,234.5,22916,
2024-01-20 12:54:00+05:30,234.5,234.6,234.5,234.5,5530,
2024-01-20 12:55:00+05:30,234.5,234.6,234.4,234.5,28302,
2024-01-20 12:56:00+05:30,234.5,234.6,234.45,234.5,5638,
2024-01-20 12:57:00+05:30,234.5,234.55,234.45,234.5,26866,
2024-01-20 12:58:00+05:30,234.55,234.6,234.4,234.5,6176,
2024-01-20 12:59:00+05:30,234.5,234.6,234.5,234.5,3432,
2024-01-20 13:00:00+05:30,234.5,234.65,234.5,234.5,5586,
2024-01-20 13:01:00+05:30,234.5,234.6,234.3,234.5,16192,
2024-01-20 13:02:00+05:30,234.5,234.5,234.3,234.3,3736,
2024-01-20 13:03:00+05:30,234.3,234.5,234.3,234.5,5974,
2024-01-20 13:04:00+05:30,234.5,234.6,234.4,234.5,8444,
2024-01-20 13:05:00+05:30,234.5,234.6,234.5,234.5,5340,
2024-01-20 13:06:00+05:30,234.5,234.6,234.5,234.5,7492,
2024-01-20 13:07:00+05:30,234.5,234.65,234.5,234.65,6810,
2024-01-20 13:08:00+05:30,234.65,234.7,234.5,234.7,12380,
2024-01-20 13:09:00+05:30,234.7,234.7,234.55,234.7,11912,
2024-01-20 13:10:00+05:30,234.7,234.75,234.6,234.7,11812,
2024-01-20 13:11:00+05:30,234.7,234.7,234.5,234.7,27724,
2024-01-20 13:12:00+05:30,234.7,234.7,234.5,234.6,13912,
2024-01-20 13:13:00+05:30,234.6,234.6,234.5,234.6,11436,
2024-01-20 13:14:00+05:30,234.6,234.7,234.5,234.6,13706,
2024-01-20 13:15:00+05:30,234.6,234.75,234.6,234.7,14874,
2024-01-20 13:16:00+05:30,234.7,234.8,234.7,234.8,5876,
2024-01-20 13:17:00+05:30,234.75,234.8,234.35,234.6,27176,
2024-01-20 13:18:00+05:30,234.6,234.6,234.5,234.5,3366,
2024-01-20 13:19:00+05:30,234.5,234.6,234.5,234.5,20130,
2024-01-20 13:20:00+05:30,234.5,234.6,234.5,234.5,14990,
2024-01-20 13:21:00+05:30,234.5,234.55,234.5,234.5,2448,
2024-01-20 13:22:00+05:30,234.5,234.5,234.5,234.5,21146,
2024-01-20 13:23:00+05:30,234.5,234.5,234.5,234.5,8480,
2024-01-20 13:24:00+05:30,234.5,234.55,234.5,234.55,20954,
2024-01-20 13:25:00+05:30,234.6,234.6,234.5,234.6,10504,
2024-01-20 13:26:00+05:30,234.6,234.6,234.5,234.5,2526,
2024-01-20 13:27:00+05:30,234.5,234.65,234.5,234.65,2852,
2024-01-20 13:28:00+05:30,234.65,234.7,234.5,234.55,4944,
2024-01-20 13:29:00+05:30,234.55,234.7,234.55,234.55,2422,
2024-01-20 13:30:00+05:30,234.55,234.6,234.5,234.6,2856,
2024-01-20 13:31:00+05:30,234.5,234.6,234.5,234.5,6546,
2024-01-20 13:32:00+05:30,234.5,234.6,234.5,234.6,3458,
2024-01-20 13:33:00+05:30,234.6,234.6,234.5,234.5,3612,
2024-01-20 13:34:00+05:30,234.5,234.6,234.5,234.5,11602,
2024-01-20 13:35:00+05:30,234.6,234.7,234.5,234.5,2882,
2024-01-20 13:36:00+05:30,234.5,234.65,234.5,234.65,7290,
2024-01-20 13:37:00+05:30,234.65,234.65,234.5,234.6,2064,
2024-01-20 13:38:00+05:30,234.6,234.65,234.5,234.5,2920,
2024-01-20 13:39:00+05:30,234.5,234.6,234.5,234.5,4672,
2024-01-20 13:40:00+05:30,234.5,234.65,234.5,234.5,2076,
2024-01-20 13:41:00+05:30,234.5,234.65,234.5,234.6,4056,
2024-01-20 13:42:00+05:30,234.6,234.65,234.6,234.65,2818,
2024-01-20 13:43:00+05:30,234.65,234.65,234.5,234.6,3608,
2024-01-20 13:44:00+05:30,234.6,234.65,234.6,234.6,13458,
2024-01-20 13:45:00+05:30,234.6,234.65,234.5,234.55,13832,
2024-01-20 13:46:00+05:30,234.55,234.6,234.5,234.6,25118,
2024-01-20 13:47:00+05:30,234.6,234.6,234.4,234.5,74006,
2024-01-20 13:48:00+05:30,234.4,234.55,234.4,234.55,72110,
2024-01-20 13:49:00+05:30,234.55,234.6,234.4,234.5,9870,
2024-01-20 13:50:00+05:30,234.5,234.55,234.35,234.5,45642,
2024-01-20 13:51:00+05:30,234.5,234.6,234.5,234.5,2642,
2024-01-20 13:52:00+05:30,234.5,234.55,234.4,234.5,90810,
2024-01-20 13:53:00+05:30,234.5,234.5,234.4,234.4,6296,
2024-01-20 13:54:00+05:30,234.4,234.4,234,234,49766,
2024-01-20 13:55:00+05:30,234,234.25,233.9,234.2,48186,
2024-01-20 13:56:00+05:30,234.2,234.3,234.15,234.3,20246,
2024-01-20 13:57:00+05:30,234.3,234.4,234.2,234.3,6614,
2024-01-20 13:58:00+05:30,234.3,234.3,234.1,234.1,7310,
2024-01-20 13:59:00+05:30,234.25,234.25,234.1,234.1,18702,
2024-01-20 14:00:00+05:30,234.2,234.3,234.1,234.25,32224,
2024-01-20 14:01:00+05:30,234.25,234.4,234.15,234.25,10454,
2024-01-20 14:02:00+05:30,234.25,234.35,234.25,234.35,16038,
2024-01-20 14:03:00+05:30,234.25,234.35,234.1,234.25,10156,
2024-01-20 14:04:00+05:30,234.25,234.3,234.15,234.25,22796,
2024-01-20 14:05:00+05:30,234.25,234.35,234.2,234.25,8502,
2024-01-20 14:06:00+05:30,234.25,234.3,234.1,234.1,9338,
2024-01-20 14:07:00+05:30,234.2,234.2,234,234.15,16590,
2024-01-20 14:08:00+05:30,234.15,234.3,234.1,234.25,14888,
2024-01-20 14:09:00+05:30,234.25,234.3,234.2,234.25,4510,
2024-01-20 14:10:00+05:30,234.25,234.3,234.15,234.25,46170,
2024-01-20 14:11:00+05:30,234.25,234.3,234.2,234.2,31848,
2024-01-20 14:12:00+05:30,234.25,234.25,234,234,55990,
2024-01-20 14:13:00+05:30,234,234.1,233.75,233.75,12722,
2024-01-20 14:14:00+05:30,233.8,233.95,233.6,233.6,17268,
2024-01-20 14:15:00+05:30,233.6,233.75,233.5,233.6,10036,
2024-01-20 14:16:00+05:30,233.6,233.7,233.5,233.7,5592,
2024-01-20 14:17:00+05:30,233.7,233.7,233.55,233.7,9748,
2024-01-20 14:18:00+05:30,233.7,233.7,233.35,233.4,22414,
2024-01-20 14:19:00+05:30,233.4,233.7,233.4,233.7,33796,
2024-01-20 14:20:00+05:30,233.5,233.7,233.5,233.7,6752,
2024-01-20 14:21:00+05:30,233.7,233.7,233.6,233.65,4402,
2024-01-20 14:22:00+05:30,233.65,233.65,233.55,233.6,5150,
2024-01-20 14:23:00+05:30,233.6,233.65,233.45,233.45,5898,
2024-01-20 14:24:00+05:30,233.45,233.55,233.4,233.4,6272,
2024-01-20 14:25:00+05:30,233.4,233.5,233.4,233.5,5478,
2024-01-20 14:26:00+05:30,233.5,233.5,233.4,233.5,4232,
2024-01-20 14:27:00+05:30,233.5,233.6,233.4,233.5,4658,
2024-01-20 14:28:00+05:30,233.5,233.7,233.5,233.6,24756,
2024-01-20 14:29:00+05:30,233.6,233.8,233.6,233.8,24110,
2024-01-20 14:30:00+05:30,233.8,233.8,233.75,233.75,14456,
2024-01-20 14:31:00+05:30,233.8,233.8,233.75,233.8,5060,
2024-01-20 14:32:00+05:30,233.8,233.9,233.75,233.9,17740,
2024-01-20 14:33:00+05:30,233.9,234,233.7,233.9,33722,
2024-01-20 14:34:00+05:30,234,234.05,233.9,234,24188,
2024-01-20 14:35:00+05:30,234,234.1,233.9,234,22544,
2024-01-20 14:36:00+05:30,234,234.1,234,234,22050,
2024-01-20 14:37:00+05:30,234,234.1,234,234,20732,
2024-01-20 14:38:00+05:30,234,234.1,234,234.05,12512,
2024-01-20 14:39:00+05:30,234.05,234.1,233.85,234,21950,
2024-01-20 14:40:00+05:30,234,234.15,234,234.15,29182,
2024-01-20 14:41:00+05:30,234.05,234.2,234,234.1,17758,
2024-01-20 14:42:00+05:30,234.1,234.15,234,234.05,13216,
2024-01-20 14:43:00+05:30,234.05,234.1,233.7,234.05,94486,
2024-01-20 14:44:00+05:30,234.05,234.1,234,234,11812,
2024-01-20 14:45:00+05:30,234,234.15,234,234,40058,
2024-01-20 14:46:00+05:30,234,234.2,234,234.1,32700,
2024-01-20 14:47:00+05:30,234.1,234.15,234,234.1,31228,
2024-01-20 14:48:00+05:30,234.1,234.2,234.1,234.1,21032,
2024-01-20 14:49:00+05:30,234.1,234.3,234.05,234.1,32774,
2024-01-20 14:50:00+05:30,234.05,234.25,234,234.25,14600,
2024-01-20 14:51:00+05:30,234.2,234.3,234.15,234.2,37368,
2024-01-20 14:52:00+05:30,234.2,234.25,234.15,234.25,28186,
2024-01-20 14:53:00+05:30,234.25,234.3,234.15,234.25,18050,
2024-01-20 14:54:00+05:30,234.2,234.3,234.2,234.25,36374,
2024-01-20 14:55:00+05:30,234.3,234.3,234.2,234.25,28748,
2024-01-20 14:56:00+05:30,234.25,234.3,234.25,234.3,25950,
2024-01-20 14:57:00+05:30,234.3,234.35,234.2,234.25,31456,
2024-01-20 14:58:00+05:30,234.2,234.3,234.2,234.3,16890,
2024-01-20 14:59:00+05:30,234.3,234.35,234.2,234.3,27776,
2024-01-20 15:00:00+05:30,234.2,234.3,234.2,234.2,62776,
2024-01-20 15:01:00+05:30,234.2,234.25,234.2,234.25,35814,
2024-01-20 15:02:00+05:30,234.25,234.3,234.2,234.2,60848,
2024-01-20 15:03:00+05:30,234.2,234.25,234.1,234.1,89470,
2024-01-20 15:04:00+05:30,234.1,234.2,234.1,234.15,37266,
2024-01-20 15:05:00+05:30,234.15,234.15,234.1,234.1,30554,
2024-01-20 15:06:00+05:30,234.1,234.15,234.1,234.1,24728,
2024-01-20 15:07:00+05:30,234.1,234.15,234.1,234.1,18822,
2024-01-20 15:08:00+05:30,234.1,234.1,234.1,234.1,31714,
2024-01-20 15:09:00+05:30,234.1,234.2,234,234.1,14814,
2024-01-20 15:10:00+05:30,234.1,234.2,234,234.05,48522,
2024-01-20 15:11:00+05:30,234.05,234.3,234.05,234.25,35330,
2024-01-20 15:12:00+05:30,234.25,234.3,234.1,234.25,33952,
2024-01-20 15:13:00+05:30,234.3,234.3,234.15,234.2,42022,
2024-01-20 15:14:00+05:30,234.2,234.3,234.2,234.3,22376,
2024-01-20 15:15:00+05:30,234.3,234.3,234.2,234.2,48312,
2024-01-20 15:16:00+05:30,234.2,234.4,234.2,234.2,100472,
2024-01-20 15:17:00+05:30,234.25,234.35,234.2,234.3,38266,
2024-01-20 15:18:00+05:30,234.25,234.3,234.2,234.25,62408,
2024-01-20 15:19:00+05:30,234.25,234.3,234.2,234.3,48172,
2024-01-20 15:20:00+05:30,234.3,234.4,233.6,233.6,124202,
2024-01-20 15:21:00+05:30,233.65,233.75,233.45,233.5,21572,
2024-01-20 15:22:00+05:30,233.5,233.6,233.4,233.5,19806,
2024-01-20 15:23:00+05:30,233.5,233.5,233.4,233.4,15030,
2024-01-20 15:24:00+05:30,233.4,233.45,233.4,233.4,38522,
2024-01-20 15:25:00+05:30,233.45,233.45,233.3,233.3,19062,
2024-01-20 15:26:00+05:30,233.35,233.35,233.15,233.35,6536,
2024-01-20 15:27:00+05:30,233.35,233.35,233.25,233.25,5182,
2024-01-20 15:28:00+05:30,233.25,233.3,233.05,233.05,38756,
2024-01-20 15:29:00+05:30,233.05,233.25,233.05,233.15,32452,
2024-01-23 09:15:00+05:30,236.65,236.65,235.45,235.6,319508,
2024-01-23 09:16:00+05:30,235.65,235.65,234.7,234.85,160794,
2024-01-23 09:17:00+05:30,234.85,234.9,233.05,233.45,254070,
2024-01-23 09:18:00+05:30,233.4,233.6,232.9,233.2,185432,
2024-01-23 09:19:00+05:30,233.25,233.25,232.55,232.6,137268,
2024-01-23 09:20:00+05:30,232.6,232.85,232.15,232.65,153950,
2024-01-23 09:21:00+05:30,232.65,232.8,232.05,232.55,82836,
2024-01-23 09:22:00+05:30,232.45,232.7,232.4,232.45,99218,
2024-01-23 09:23:00+05:30,232.45,232.75,232.45,232.55,56522,
2024-01-23 09:24:00+05:30,232.55,232.55,231.55,231.7,154120,
2024-01-23 09:25:00+05:30,231.8,231.85,231.35,231.4,45662,
2024-01-23 09:26:00+05:30,231.55,231.8,231.1,231.3,68740,
2024-01-23 09:27:00+05:30,231.3,231.5,230.6,230.95,119502,
2024-01-23 09:28:00+05:30,230.85,231.2,230.6,231.05,151148,
2024-01-23 09:29:00+05:30,231.1,231.6,231.1,231.5,57744,
2024-01-23 09:30:00+05:30,231.5,232.25,231.5,231.95,74384,
2024-01-23 09:31:00+05:30,231.95,231.95,231.3,231.7,64928,
2024-01-23 09:32:00+05:30,231.65,232,231.5,231.7,46198,
2024-01-23 09:33:00+05:30,231.7,232.05,231.7,232.05,20476,
2024-01-23 09:34:00+05:30,232.05,232.1,231.8,231.8,37824,
2024-01-23 09:35:00+05:30,231.8,231.85,231.35,231.45,48148,
2024-01-23 09:36:00+05:30,231.45,231.6,231.3,231.5,85306,
2024-01-23 09:37:00+05:30,231.55,231.8,231.3,231.8,54006,
2024-01-23 09:38:00+05:30,231.8,231.85,231.3,231.35,35574,
2024-01-23 09:39:00+05:30,231.4,231.9,231.35,231.8,27882,
2024-01-23 09:40:00+05:30,231.8,231.8,231.45,231.6,20400,
2024-01-23 09:41:00+05:30,231.7,232.05,231.7,232.05,57106,
2024-01-23 09:42:00+05:30,232.05,232.45,231.95,232.25,48466,
2024-01-23 09:43:00+05:30,232.25,232.4,232,232.1,61206,
2024-01-23 09:44:00+05:30,232.1,232.25,231.9,232.05,14040,
2024-01-23 09:45:00+05:30,232.05,232.15,231.8,232.15,15920,
2024-01-23 09:46:00+05:30,232.15,232.55,231.95,232.55,793466,
2024-01-23 09:47:00+05:30,232.55,232.7,232.35,232.4,29188,
2024-01-23 09:48:00+05:30,232.35,232.5,232.15,232.3,25502,
2024-01-23 09:49:00+05:30,232.25,232.4,232.15,232.2,13300,
2024-01-23 09:50:00+05:30,232.2,232.95,232.1,232.95,38952,
2024-01-23 09:51:00+05:30,232.95,233.05,232.75,232.85,46730,
2024-01-23 09:52:00+05:30,232.75,232.75,232.45,232.55,24638,
2024-01-23 09:53:00+05:30,232.55,232.55,232.25,232.35,6020,
2024-01-23 09:54:00+05:30,232.4,232.4,232.15,232.3,31324,
2024-01-23 09:55:00+05:30,232.45,232.45,231.4,231.4,572332,
2024-01-23 09:56:00+05:30,231.4,231.5,231.15,231.2,57724,
2024-01-23 09:57:00+05:30,231.15,231.2,230.5,230.6,57782,
2024-01-23 09:58:00+05:30,230.5,230.95,230.5,230.5,45312,
2024-01-23 09:59:00+05:30,230.6,230.7,229.85,230.15,84900,
2024-01-23 10:00:00+05:30,230.15,230.25,229.8,229.85,77510,
2024-01-23 10:01:00+05:30,229.9,230.05,229.65,229.7,68350,
2024-01-23 10:02:00+05:30,229.75,229.75,229.25,229.25,54014,
2024-01-23 10:03:00+05:30,229.3,229.75,229.15,229.15,83872,
2024-01-23 10:04:00+05:30,229.15,229.65,228.95,229.05,132528,
2024-01-23 10:05:00+05:30,229.2,229.65,229,229.65,59260,
2024-01-23 10:06:00+05:30,229.65,229.95,228.95,228.95,66598,
2024-01-23 10:07:00+05:30,228.95,229.35,228.85,229.05,92850,
2024-01-23 10:08:00+05:30,229.05,229.7,228.95,229.55,75730,
2024-01-23 10:09:00+05:30,229.4,229.55,229,229,68696,
2024-01-23 10:10:00+05:30,229.1,229.25,228.7,228.75,68284,
2024-01-23 10:11:00+05:30,228.75,229.35,228.7,228.7,59832,
2024-01-23 10:12:00+05:30,228.75,228.95,228.7,228.95,92064,
2024-01-23 10:13:00+05:30,228.95,229.25,228.7,228.8,50494,
2024-01-23 10:14:00+05:30,228.7,228.95,228.7,228.7,58728,
2024-01-23 10:15:00+05:30,228.7,228.9,228.6,228.8,78646,
2024-01-23 10:16:00+05:30,228.95,229.25,228.9,229.1,54270,
2024-01-23 10:17:00+05:30,229.15,229.55,229.05,229.4,57902,
2024-01-23 10:18:00+05:30,229.55,229.55,229.25,229.35,52926,
2024-01-23 10:19:00+05:30,229.15,229.35,229.05,229.3,106134,
2024-01-23 10:20:00+05:30,229.3,229.35,228.95,229.15,52056,
2024-01-23 10:21:00+05:30,229.15,229.15,228.5,228.6,50672,
2024-01-23 10:22:00+05:30,228.6,228.75,228.4,228.7,67274,
2024-01-23 10:23:00+05:30,228.6,228.7,228.1,228.2,77476,
2024-01-23 10:24:00+05:30,228.2,228.25,227.8,227.95,179758,
2024-01-23 10:25:00+05:30,227.95,228.25,227.95,228.25,59560,
2024-01-23 10:26:00+05:30,228.3,228.65,228.2,228.65,63222,
2024-01-23 10:27:00+05:30,228.6,228.7,228.25,228.25,55902,
2024-01-23 10:28:00+05:30,228.25,228.35,228,228.2,46836,
2024-01-23 10:29:00+05:30,228.2,228.5,228.2,228.3,37168,
2024-01-23 10:30:00+05:30,228.3,228.5,228.1,228.4,34832,
2024-01-23 10:31:00+05:30,228.45,228.45,228,228.05,51422,
2024-01-23 10:32:00+05:30,228.1,228.6,227.9,228.55,66346,
2024-01-23 10:33:00+05:30,228.6,228.9,228.5,228.55,81822,
2024-01-23 10:34:00+05:30,228.6,228.6,228.4,228.5,24012,
2024-01-23 10:35:00+05:30,228.5,229.05,228.5,229.05,33798,
2024-01-23 10:36:00+05:30,228.95,229.3,228.95,229.15,64172,
2024-01-23 10:37:00+05:30,229.2,229.85,229.15,229.45,82208,
2024-01-23 10:38:00+05:30,229.45,229.45,228.9,229.05,72412,
2024-01-23 10:39:00+05:30,229.05,229.05,228.55,228.85,60708,
2024-01-23 10:40:00+05:30,228.9,229.05,228.85,228.95,51904,
2024-01-23 10:41:00+05:30,228.95,229.35,228.8,228.85,63436,
2024-01-23 10:42:00+05:30,229.05,229.15,228.85,228.95,34796,
2024-01-23 10:43:00+05:30,228.95,229.25,228.8,228.9,25738,
2024-01-23 10:44:00+05:30,228.8,229.1,228.75,228.95,27162,
2024-01-23 10:45:00+05:30,228.95,229.45,228.9,229.35,23818,
2024-01-23 10:46:00+05:30,229.3,229.4,229,229.35,31876,
2024-01-23 10:47:00+05:30,229.35,229.55,229.25,229.35,15146,
2024-01-23 10:48:00+05:30,229.35,229.55,229.15,229.25,27550,
2024-01-23 10:49:00+05:30,229.25,229.6,229.15,229.3,17064,
2024-01-23 10:50:00+05:30,229.35,229.7,229.3,229.65,14434,
2024-01-23 10:51:00+05:30,229.65,229.85,229.45,229.45,23970,
2024-01-23 10:52:00+05:30,229.35,229.75,229.35,229.65,30868,
2024-01-23 10:53:00+05:30,229.85,229.95,229.65,229.95,39632,
2024-01-23 10:54:00+05:30,229.95,230.15,229.75,230.15,17418,
2024-01-23 10:55:00+05:30,230.1,230.35,230.05,230.15,39628,
2024-01-23 10:56:00+05:30,230.05,230.05,229.35,229.35,35800,
2024-01-23 10:57:00+05:30,229.35,229.55,229.15,229.55,28226,
2024-01-23 10:58:00+05:30,229.55,229.8,229.35,229.75,11376,
2024-01-23 10:59:00+05:30,229.75,230.05,229.6,229.75,13338,
2024-01-23 11:00:00+05:30,229.75,229.75,229.35,229.5,23628,
2024-01-23 11:01:00+05:30,229.5,229.5,228.85,228.95,22452,
2024-01-23 11:02:00+05:30,228.9,229.35,228.9,229.35,17000,
2024-01-23 11:03:00+05:30,229.35,229.45,229.1,229.35,17374,
2024-01-23 11:04:00+05:30,229.35,229.55,229.35,229.55,7984,
2024-01-23 11:05:00+05:30,229.55,229.55,229.3,229.55,11508,
2024-01-23 11:06:00+05:30,229.65,229.8,229.55,229.6,19504,
2024-01-23 11:07:00+05:30,229.65,229.65,229.35,229.45,11650,
2024-01-23 11:08:00+05:30,229.45,229.65,229.45,229.65,3464,
2024-01-23 11:09:00+05:30,229.65,229.8,229.55,229.65,11050,
2024-01-23 11:10:00+05:30,229.75,229.85,229.55,229.85,18044,
2024-01-23 11:11:00+05:30,229.85,229.9,229.75,229.85,10978,
2024-01-23 11:12:00+05:30,229.85,230.05,229.7,229.95,12032,
2024-01-23 11:13:00+05:30,230.05,230.1,229.95,230.05,6648,
2024-01-23 11:14:00+05:30,230.05,230.05,229.75,229.85,14298,
2024-01-23 11:15:00+05:30,229.85,229.85,229.45,229.45,14280,
2024-01-23 11:16:00+05:30,229.45,229.6,229.45,229.6,14102,
2024-01-23 11:17:00+05:30,229.6,229.75,229.45,229.55,14502,
2024-01-23 11:18:00+05:30,229.55,229.55,229.45,229.55,4096,
2024-01-23 11:19:00+05:30,229.55,229.75,229.55,229.55,18738,
2024-01-23 11:20:00+05:30,229.55,229.8,229.5,229.65,8324,
2024-01-23 11:21:00+05:30,229.65,229.65,229.55,229.55,6854,
2024-01-23 11:22:00+05:30,229.55,229.6,229.2,229.2,34396,
2024-01-23 11:23:00+05:30,229.3,229.35,229.15,229.15,19832,
2024-01-23 11:24:00+05:30,229.15,229.35,229.15,229.35,9198,
2024-01-23 11:25:00+05:30,229.35,229.35,229.2,229.35,10654,
2024-01-23 11:26:00+05:30,229.25,229.35,229.15,229.15,12892,
2024-01-23 11:27:00+05:30,229.15,229.45,229,229.3,23284,
2024-01-23 11:28:00+05:30,229.3,229.55,229.3,229.45,7614,
2024-01-23 11:29:00+05:30,229.45,229.55,229.15,229.25,23376,
2024-01-23 11:30:00+05:30,229.25,229.25,229.1,229.15,8244,
2024-01-23 11:31:00+05:30,229.15,229.15,228.7,228.7,19454,
2024-01-23 11:32:00+05:30,228.7,228.7,228.5,228.6,46542,
2024-01-23 11:33:00+05:30,228.6,228.9,228.25,228.8,24140,
2024-01-23 11:34:00+05:30,228.8,229.05,228.8,228.95,16034,
2024-01-23 11:35:00+05:30,228.95,228.95,228.7,228.75,16796,
2024-01-23 11:36:00+05:30,228.75,228.75,228.45,228.5,11092,
2024-01-23 11:37:00+05:30,228.45,228.6,228.4,228.45,14296,
2024-01-23 11:38:00+05:30,228.45,228.55,228.25,228.55,15318,
2024-01-23 11:39:00+05:30,228.5,228.55,228.2,228.2,24666,
2024-01-23 11:40:00+05:30,228.3,228.3,227.8,227.85,44694,
2024-01-23 11:41:00+05:30,227.95,228,227.8,227.95,10114,
2024-01-23 11:42:00+05:30,227.9,228.1,227.6,228,103134,
2024-01-23 11:43:00+05:30,228,228.1,227.85,227.85,16152,
2024-01-23 11:44:00+05:30,227.85,227.95,227.75,227.8,19918,
2024-01-23 11:45:00+05:30,227.8,227.8,227.4,227.45,59026,
2024-01-23 11:46:00+05:30,227.45,228,227.4,227.9,16242,
2024-01-23 11:47:00+05:30,227.9,228,227.75,227.9,14528,
2024-01-23 11:48:00+05:30,227.95,227.95,227.7,227.8,19194,
2024-01-23 11:49:00+05:30,227.85,228.05,227.8,227.9,20650,
2024-01-23 11:50:00+05:30,227.9,228.3,227.8,228.3,21622,
2024-01-23 11:51:00+05:30,228.2,228.2,228,228.1,33224,
2024-01-23 11:52:00+05:30,228,228.35,228,228.3,8614,
2024-01-23 11:53:00+05:30,228.35,228.4,228.1,228.15,23530,
2024-01-23 11:54:00+05:30,228.1,228.3,228.05,228.2,16600,
2024-01-23 11:55:00+05:30,228.3,228.4,228.2,228.4,7672,
2024-01-23 11:56:00+05:30,228.35,228.5,228.2,228.2,24134,
2024-01-23 11:57:00+05:30,228.2,228.2,227.8,227.8,42374,
2024-01-23 11:58:00+05:30,227.85,227.9,227.7,227.75,27642,
2024-01-23 11:59:00+05:30,227.75,228,227.7,227.9,15464,
2024-01-23 12:00:00+05:30,227.8,227.9,227.5,227.5,25772,
2024-01-23 12:01:00+05:30,227.55,227.65,227.2,227.3,87564,
2024-01-23 12:02:00+05:30,227.35,227.6,227.25,227.5,13532,
2024-01-23 12:03:00+05:30,227.6,227.6,227.05,227.2,60678,
2024-01-23 12:04:00+05:30,227.1,227.6,227.1,227.6,30658,
2024-01-23 12:05:00+05:30,227.55,228,227.35,227.5,85656,
2024-01-23 12:06:00+05:30,227.5,227.7,227.3,227.5,57232,
2024-01-23 12:07:00+05:30,227.3,227.5,227.2,227.4,41602,
2024-01-23 12:08:00+05:30,227.3,227.9,227.2,227.8,41270,
2024-01-23 12:09:00+05:30,227.8,227.9,227.55,227.65,21924,
2024-01-23 12:10:00+05:30,227.65,227.8,227.35,227.5,38672,
2024-01-23 12:11:00+05:30,227.3,227.65,226.75,227,324102,
2024-01-23 12:12:00+05:30,226.95,227.45,226.95,227.45,22336,
2024-01-23 12:13:00+05:30,227.45,227.65,227.3,227.5,31636,
2024-01-23 12:14:00+05:30,227.3,227.4,227.25,227.3,13912,
2024-01-23 12:15:00+05:30,227.3,227.9,227.1,227.6,33842,
2024-01-23 12:16:00+05:30,227.65,228,227.6,227.9,35294,
2024-01-23 12:17:00+05:30,227.9,227.95,227.6,227.7,83364,
2024-01-23 12:18:00+05:30,227.65,227.7,227.2,227.35,151028,
2024-01-23 12:19:00+05:30,227.35,227.5,226.55,226.65,243252,
2024-01-23 12:20:00+05:30,226.7,227.1,226.35,227,72302,
2024-01-23 12:21:00+05:30,227.05,227.05,226.75,226.95,29640,
2024-01-23 12:22:00+05:30,226.85,227,226.5,226.6,32910,
2024-01-23 12:23:00+05:30,226.65,226.85,226.45,226.55,44232,
2024-01-23 12:24:00+05:30,226.55,226.75,226.15,226.5,66474,
2024-01-23 12:25:00+05:30,226.5,226.85,226.45,226.75,29590,
2024-01-23 12:26:00+05:30,226.55,226.85,226.55,226.75,24494,
2024-01-23 12:27:00+05:30,226.75,226.95,226.75,226.95,20514,
2024-01-23 12:28:00+05:30,226.95,226.95,226.6,226.95,28704,
2024-01-23 12:29:00+05:30,226.95,226.95,226.35,226.5,339116,
2024-01-23 12:30:00+05:30,226.4,226.75,226.25,226.75,242938,
2024-01-23 12:31:00+05:30,226.75,226.85,226.55,226.85,34138,
2024-01-23 12:32:00+05:30,226.85,226.9,226.55,226.65,20196,
2024-01-23 12:33:00+05:30,226.65,227.2,226.55,227.2,11352,
2024-01-23 12:34:00+05:30,227.2,227.3,227.15,227.25,28964,
2024-01-23 12:35:00+05:30,227.25,227.5,227.25,227.45,14836,
2024-01-23 12:36:00+05:30,227.45,227.55,227.4,227.4,16014,
2024-01-23 12:37:00+05:30,227.4,227.5,227.2,227.4,34978,
2024-01-23 12:38:00+05:30,227.5,227.5,227.3,227.35,11832,
2024-01-23 12:39:00+05:30,227.35,227.4,226.85,226.85,23716,
2024-01-23 12:40:00+05:30,226.8,226.95,226.65,226.65,23412,
2024-01-23 12:41:00+05:30,226.65,226.9,226.6,226.85,16702,
2024-01-23 12:42:00+05:30,226.85,226.95,226.8,226.85,3654,
2024-01-23 12:43:00+05:30,226.85,226.95,226.65,226.85,21772,
2024-01-23 12:44:00+05:30,226.85,227.05,226.75,226.95,13188,
2024-01-23 12:45:00+05:30,226.95,226.95,226.55,226.6,16696,
2024-01-23 12:46:00+05:30,226.55,226.6,226.4,226.45,18000,
2024-01-23 12:47:00+05:30,226.45,226.6,226.3,226.35,14302,
2024-01-23 12:48:00+05:30,226.35,226.7,226.25,226.45,24754,
2024-01-23 12:49:00+05:30,226.45,226.85,226.45,226.85,8086,
2024-01-23 12:50:00+05:30,226.8,226.95,226.55,226.7,17550,
2024-01-23 12:51:00+05:30,226.7,226.75,226.5,226.65,33134,
2024-01-23 12:52:00+05:30,226.65,226.65,226.25,226.35,27634,
2024-01-23 12:53:00+05:30,226.25,226.35,226.1,226.35,28464,
2024-01-23 12:54:00+05:30,226.35,226.55,226.3,226.55,11664,
2024-01-23 12:55:00+05:30,226.55,226.55,226.15,226.25,18474,
2024-01-23 12:56:00+05:30,226.25,226.5,226.25,226.35,18532,
2024-01-23 12:57:00+05:30,226.35,226.35,226,226.1,27842,
2024-01-23 12:58:00+05:30,226.1,226.1,225.8,225.85,22526,
2024-01-23 12:59:00+05:30,225.85,225.95,225.5,225.95,43934,
2024-01-23 13:00:00+05:30,225.85,225.9,225.55,225.85,20140,
2024-01-23 13:01:00+05:30,225.85,226.1,225.75,225.85,17242,
2024-01-23 13:02:00+05:30,225.75,226.2,225.75,226.15,12094,
2024-01-23 13:03:00+05:30,226.2,226.35,226.05,226.15,15144,
2024-01-23 13:04:00+05:30,226.1,226.15,225.95,226,8352,
2024-01-23 13:05:00+05:30,225.95,226.2,225.95,226.1,6330,
2024-01-23 13:06:00+05:30,226.1,226.35,226,226.25,22220,
2024-01-23 13:07:00+05:30,226.15,226.65,226.1,226.45,20464,
2024-01-23 13:08:00+05:30,226.45,226.65,226.35,226.35,29292,
2024-01-23 13:09:00+05:30,226.4,226.4,226,226,13538,
2024-01-23 13:10:00+05:30,226.05,226.15,225.75,225.85,17812,
2024-01-23 13:11:00+05:30,225.85,226.05,225.75,225.85,16514,
2024-01-23 13:12:00+05:30,225.85,226.05,225.75,225.95,9704,
2024-01-23 13:13:00+05:30,226.05,226.25,225.75,225.95,25426,
2024-01-23 13:14:00+05:30,225.95,225.95,225.75,225.95,11368,
2024-01-23 13:15:00+05:30,225.95,226.05,225.75,225.9,15406,
2024-01-23 13:16:00+05:30,225.95,226.15,225.85,225.95,18896,
2024-01-23 13:17:00+05:30,225.85,226.2,225.85,226.2,10200,
2024-01-23 13:18:00+05:30,226.2,226.3,225.95,226,21702,
2024-01-23 13:19:00+05:30,226.05,226.05,225.85,226.05,12716,
2024-01-23 13:20:00+05:30,226.05,226.05,225.85,225.95,75698,
2024-01-23 13:21:00+05:30,225.95,226,225.7,225.75,35078,
2024-01-23 13:22:00+05:30,225.75,225.85,225.55,225.65,17384,
2024-01-23 13:23:00+05:30,225.65,225.75,225.45,225.55,21052,
2024-01-23 13:24:00+05:30,225.55,225.55,225.4,225.5,22242,
2024-01-23 13:25:00+05:30,225.5,225.5,225.35,225.5,24884,
2024-01-23 13:26:00+05:30,225.5,225.55,225.1,225.3,99032,
2024-01-23 13:27:00+05:30,225.3,225.65,225.3,225.55,17012,
2024-01-23 13:28:00+05:30,225.6,225.75,225.3,225.75,22656,
2024-01-23 13:29:00+05:30,225.75,225.95,225.55,225.55,19582,
2024-01-23 13:30:00+05:30,225.55,226.05,225.55,226.05,22718,
2024-01-23 13:31:00+05:30,226.05,226.15,225.95,226.05,14210,
2024-01-23 13:32:00+05:30,226.05,226.05,225.75,225.8,10064,
2024-01-23 13:33:00+05:30,225.85,226,225.75,225.95,16002,
2024-01-23 13:34:00+05:30,225.85,225.95,225.75,225.8,11396,
2024-01-23 13:35:00+05:30,225.8,225.95,225.65,225.95,39708,
2024-01-23 13:36:00+05:30,225.95,226.05,225.9,226,11192,
2024-01-23 13:37:00+05:30,226,226,225.75,225.85,13860,
2024-01-23 13:38:00+05:30,225.85,226.05,225.8,226.05,12508,
2024-01-23 13:39:00+05:30,226.05,226.05,226,226.05,11782,
2024-01-23 13:40:00+05:30,225.95,226.05,225.95,226.05,23000,
2024-01-23 13:41:00+05:30,226.05,226.1,225.85,226,9024,
2024-01-23 13:42:00+05:30,225.95,226.05,225.95,226,18496,
2024-01-23 13:43:00+05:30,226,226,225.6,225.85,38664,
2024-01-23 13:44:00+05:30,225.85,225.95,225.75,225.95,15730,
2024-01-23 13:45:00+05:30,225.95,225.95,225.75,225.9,13236,
2024-01-23 13:46:00+05:30,225.8,225.95,225.8,225.95,19314,
2024-01-23 13:47:00+05:30,225.95,226.05,225.95,226,12972,
2024-01-23 13:48:00+05:30,225.95,225.95,225.75,225.85,29122,
2024-01-23 13:49:00+05:30,225.85,225.85,225.75,225.85,14942,
2024-01-23 13:50:00+05:30,225.85,225.85,225.3,225.3,30272,
2024-01-23 13:51:00+05:30,225.3,225.3,224.9,225.1,41610,
2024-01-23 13:52:00+05:30,225.05,225.15,224.8,225.05,26322,
2024-01-23 13:53:00+05:30,225,225.15,224.9,225.15,20210,
2024-01-23 13:54:00+05:30,225.2,225.2,224.8,225.2,69570,
2024-01-23 13:55:00+05:30,225.2,225.2,224.8,224.95,19134,
2024-01-23 13:56:00+05:30,225,225,224.6,224.7,41840,
2024-01-23 13:57:00+05:30,224.7,224.95,224.55,224.7,37160,
2024-01-23 13:58:00+05:30,224.7,224.75,224.5,224.75,19066,
2024-01-23 13:59:00+05:30,224.7,225,224.5,224.9,26658,
2024-01-23 14:00:00+05:30,224.9,224.95,224.7,224.8,27750,
2024-01-23 14:01:00+05:30,224.8,224.85,224.4,224.7,22538,
2024-01-23 14:02:00+05:30,224.65,225,224.65,225,10364,
2024-01-23 14:03:00+05:30,225,225.2,224.7,224.7,22294,
2024-01-23 14:04:00+05:30,224.7,225.1,224.7,225.1,27078,
2024-01-23 14:05:00+05:30,225.1,225.5,225.1,225.3,40876,
2024-01-23 14:06:00+05:30,225.3,225.3,225.1,225.1,16532,
2024-01-23 14:07:00+05:30,225.1,225.1,224.85,224.9,12770,
2024-01-23 14:08:00+05:30,224.9,225,224.8,224.95,10910,
2024-01-23 14:09:00+05:30,224.95,225,224.85,224.85,6918,
2024-01-23 14:10:00+05:30,225,225,224.7,224.7,20670,
2024-01-23 14:11:00+05:30,224.7,225.1,224.7,224.95,34544,
2024-01-23 14:12:00+05:30,224.95,224.95,224.55,224.6,28996,
2024-01-23 14:13:00+05:30,224.6,225,224.6,224.9,69212,
2024-01-23 14:14:00+05:30,224.8,224.9,224.55,224.7,125322,
2024-01-23 14:15:00+05:30,224.7,224.7,224.3,224.6,46802,
2024-01-23 14:16:00+05:30,224.55,224.65,224.2,224.6,77672,
2024-01-23 14:17:00+05:30,224.6,224.7,224.2,224.45,51392,
2024-01-23 14:18:00+05:30,224.35,224.5,224.2,224.3,70574,
2024-01-23 14:19:00+05:30,224.2,224.4,224.2,224.3,47142,
2024-01-23 14:20:00+05:30,224.2,224.35,224,224.25,62646,
2024-01-23 14:21:00+05:30,224.2,224.3,224,224,58602,
2024-01-23 14:22:00+05:30,224.1,224.3,223.95,224,48350,
2024-01-23 14:23:00+05:30,223.9,224.3,223.85,224,109270,
2024-01-23 14:24:00+05:30,224,224.1,223.5,224,113764,
2024-01-23 14:25:00+05:30,224,224,223.75,223.95,72416,
2024-01-23 14:26:00+05:30,223.95,223.95,223.3,223.4,55182,
2024-01-23 14:27:00+05:30,223.3,223.75,223.3,223.6,38696,
2024-01-23 14:28:00+05:30,223.65,223.8,223.35,223.75,55558,
2024-01-23 14:29:00+05:30,223.75,223.8,223.55,223.75,47960,
2024-01-23 14:30:00+05:30,223.75,223.95,223.65,223.65,33852,
2024-01-23 14:31:00+05:30,223.65,223.95,223.6,223.75,19402,
2024-01-23 14:32:00+05:30,223.75,223.95,223.55,223.85,39570,
2024-01-23 14:33:00+05:30,223.85,223.85,223.45,223.55,24892,
2024-01-23 14:34:00+05:30,223.45,223.65,223.15,223.5,34624,
2024-01-23 14:35:00+05:30,223.45,223.6,223.35,223.45,16296,
2024-01-23 14:36:00+05:30,223.45,223.45,223.15,223.2,21220,
2024-01-23 14:37:00+05:30,223.2,223.3,222.95,223.25,41624,
2024-01-23 14:38:00+05:30,223.15,223.25,223.05,223.15,22090,
2024-01-23 14:39:00+05:30,223.05,223.15,222.9,222.9,21032,
2024-01-23 14:40:00+05:30,222.95,223.65,222.9,223.6,56304,
2024-01-23 14:41:00+05:30,223.65,224,223.65,223.75,28772,
2024-01-23 14:42:00+05:30,223.75,224,223.65,223.7,28366,
2024-01-23 14:43:00+05:30,223.65,223.85,223.5,223.55,29702,
2024-01-23 14:44:00+05:30,223.75,223.75,223.45,223.55,18402,
2024-01-23 14:45:00+05:30,223.55,224,223.5,224,30642,
2024-01-23 14:46:00+05:30,224,224.1,223.8,224.05,47380,
2024-01-23 14:47:00+05:30,224.05,224.1,223.65,223.85,65758,
2024-01-23 14:48:00+05:30,223.85,224.4,223.85,224.4,28264,
2024-01-23 14:49:00+05:30,224.4,224.4,224.1,224.3,23334,
2024-01-23 14:50:00+05:30,224.4,224.65,224.4,224.6,22842,
2024-01-23 14:51:00+05:30,224.6,224.6,224.45,224.5,20554,
2024-01-23 14:52:00+05:30,224.5,224.6,224.4,224.5,23118,
2024-01-23 14:53:00+05:30,224.5,224.5,224.05,224.3,46468,
2024-01-23 14:54:00+05:30,224.3,224.35,224,224.2,23352,
2024-01-23 14:55:00+05:30,224.2,224.25,223.95,224.05,30060,
2024-01-23 14:56:00+05:30,224.05,224.35,224,224,81842,
2024-01-23 14:57:00+05:30,224,224.05,223.85,223.85,23186,
2024-01-23 14:58:00+05:30,223.85,224.05,223.75,223.95,31798,
2024-01-23 14:59:00+05:30,223.95,224.15,223.9,224.1,44976,
2024-01-23 15:00:00+05:30,224.1,224.15,223.9,224.1,89318,
2024-01-23 15:01:00+05:30,224.1,224.3,224,224.1,107832,
2024-01-23 15:02:00+05:30,224.1,224.1,223.75,223.85,88784,
2024-01-23 15:03:00+05:30,223.95,224.2,223.85,223.9,100568,
2024-01-23 15:04:00+05:30,223.9,224,223.45,223.65,67670,
2024-01-23 15:05:00+05:30,223.5,223.75,223.45,223.65,68466,
2024-01-23 15:06:00+05:30,223.65,223.85,223.55,223.75,81788,
2024-01-23 15:07:00+05:30,223.75,224.3,223.65,224.2,78110,
2024-01-23 15:08:00+05:30,224.2,224.6,224.1,224.5,69580,
2024-01-23 15:09:00+05:30,224.5,224.55,224.2,224.4,93438,
2024-01-23 15:10:00+05:30,224.4,224.6,224.3,224.4,83244,
2024-01-23 15:11:00+05:30,224.3,224.55,224.2,224.2,67136,
2024-01-23 15:12:00+05:30,224.3,224.45,224,224.2,75858,
2024-01-23 15:13:00+05:30,224.1,224.25,224,224,55596,
2024-01-23 15:14:00+05:30,224,224.25,224,224.25,47620,
2024-01-23 15:15:00+05:30,224.1,224.25,224,224.2,73994,
2024-01-23 15:16:00+05:30,224.2,224.25,224,224.2,82152,
2024-01-23 15:17:00+05:30,224.1,224.3,224,224,58246,
2024-01-23 15:18:00+05:30,224,224.3,223.95,224.1,218240,
2024-01-23 15:19:00+05:30,224.1,224.2,224,224.1,51574,
2024-01-23 15:20:00+05:30,224.1,224.3,224.1,224.1,66066,
2024-01-23 15:21:00+05:30,224.15,224.45,224.15,224.4,57982,
2024-01-23 15:22:00+05:30,224.45,225,224.4,224.9,142776,
2024-01-23 15:23:00+05:30,225,225.2,224.9,225.2,69466,
2024-01-23 15:24:00+05:30,225.2,225.2,224.75,224.8,121586,
2024-01-23 15:25:00+05:30,224.8,224.9,224.75,224.85,63122,
2024-01-23 15:26:00+05:30,224.85,225.2,224.8,224.8,83888,
2024-01-23 15:27:00+05:30,224.8,225.1,224.7,224.9,147078,
2024-01-23 15:28:00+05:30,224.8,225,224.8,225,78162,
2024-01-23 15:29:00+05:30,225,225,224.8,224.9,37570,
2024-01-24 09:15:00+05:30,225.3,226.65,224.9,226.05,145822,
2024-01-24 09:16:00+05:30,226,226.45,225.3,225.5,155664,
2024-01-24 09:17:00+05:30,225.6,225.9,225.1,225.75,148952,
2024-01-24 09:18:00+05:30,225.65,225.95,224.8,225.2,238980,
2024-01-24 09:19:00+05:30,224.9,225.1,224.45,224.6,80478,
2024-01-24 09:20:00+05:30,224.8,226.35,224.7,225.85,126764,
2024-01-24 09:21:00+05:30,225.85,226.25,225.4,226,81608,
2024-01-24 09:22:00+05:30,225.95,226.25,225.65,225.95,41156,
2024-01-24 09:23:00+05:30,225.95,226.15,225.6,226.15,49486,
2024-01-24 09:24:00+05:30,226.15,226.15,225.55,226,60608,
2024-01-24 09:25:00+05:30,226,226.4,225.5,225.85,61964,
2024-01-24 09:26:00+05:30,225.95,225.95,224.9,225.55,195762,
2024-01-24 09:27:00+05:30,225.55,225.75,225.3,225.6,32324,
2024-01-24 09:28:00+05:30,225.55,225.95,225.5,225.95,41380,
2024-01-24 09:29:00+05:30,226.1,226.45,225.75,226.35,65550,
2024-01-24 09:30:00+05:30,226.55,226.55,225.85,226.15,61814,
2024-01-24 09:31:00+05:30,226.25,226.55,226.1,226.35,42968,
2024-01-24 09:32:00+05:30,226.3,226.75,226.25,226.55,42626,
2024-01-24 09:33:00+05:30,226.5,226.75,226.35,226.45,62358,
2024-01-24 09:34:00+05:30,226.45,226.5,226.15,226.5,97238,
2024-01-24 09:35:00+05:30,226.65,226.85,226.45,226.55,44962,
2024-01-24 09:36:00+05:30,226.55,226.85,226.5,226.7,65036,
2024-01-24 09:37:00+05:30,226.75,227.2,226.7,227.1,47942,
2024-01-24 09:38:00+05:30,227.05,227.1,226.7,226.9,69564,
2024-01-24 09:39:00+05:30,227.05,227.5,226.95,227.35,59122,
2024-01-24 09:40:00+05:30,227.35,227.5,227.05,227.1,70222,
2024-01-24 09:41:00+05:30,227.15,227.15,226.65,226.85,82034,
2024-01-24 09:42:00+05:30,226.75,227.05,226.55,226.85,53006,
2024-01-24 09:43:00+05:30,226.75,226.85,226.65,226.8,33264,
2024-01-24 09:44:00+05:30,226.75,226.85,226.4,226.4,61458,
2024-01-24 09:45:00+05:30,226.45,226.85,226.25,226.8,83194,
2024-01-24 09:46:00+05:30,226.55,227.1,226.55,227.05,43364,
2024-01-24 09:47:00+05:30,227.05,227.05,226.55,226.55,39760,
2024-01-24 09:48:00+05:30,226.55,226.85,226.45,226.5,51660,
2024-01-24 09:49:00+05:30,226.45,226.6,226.1,226.55,130936,
2024-01-24 09:50:00+05:30,226.6,226.75,226.4,226.5,41060,
2024-01-24 09:51:00+05:30,226.5,226.75,226.4,226.65,14112,
2024-01-24 09:52:00+05:30,226.7,226.7,226.35,226.45,29340,
2024-01-24 09:53:00+05:30,226.45,226.95,226.45,226.9,20632,
2024-01-24 09:54:00+05:30,226.9,226.95,226.8,226.95,32560,
2024-01-24 09:55:00+05:30,226.95,227.05,226.75,227.05,41066,
2024-01-24 09:56:00+05:30,227.05,227.2,227,227.1,20492,
2024-01-24 09:57:00+05:30,227.05,227.4,227.05,227.2,61986,
2024-01-24 09:58:00+05:30,227.2,227.4,227.1,227.3,26616,
2024-01-24 09:59:00+05:30,227.2,227.4,227.1,227.35,24666,
2024-01-24 10:00:00+05:30,227.35,227.65,227.3,227.6,48882,
2024-01-24 10:01:00+05:30,227.6,227.8,227.4,227.7,78826,
2024-01-24 10:02:00+05:30,227.65,227.65,227.35,227.55,51620,
2024-01-24 10:03:00+05:30,227.5,227.6,226.9,226.95,102294,
2024-01-24 10:04:00+05:30,226.95,227.3,226.85,226.9,47990,
2024-01-24 10:05:00+05:30,226.9,227.05,226.7,226.9,83102,
2024-01-24 10:06:00+05:30,226.85,227,226.8,226.95,14222,
2024-01-24 10:07:00+05:30,226.95,227.05,226.85,226.95,15664,
2024-01-24 10:08:00+05:30,226.95,227,226.75,226.8,54974,
2024-01-24 10:09:00+05:30,226.8,227.05,226.65,226.85,51356,
2024-01-24 10:10:00+05:30,226.75,226.85,226.45,226.6,39918,
2024-01-24 10:11:00+05:30,226.5,226.65,226.45,226.55,30208,
2024-01-24 10:12:00+05:30,226.5,226.65,226.45,226.5,7698,
2024-01-24 10:13:00+05:30,226.55,226.75,226.45,226.75,62194,
2024-01-24 10:14:00+05:30,226.65,226.85,226.4,226.45,28820,
2024-01-24 10:15:00+05:30,226.5,226.9,226.45,226.85,8988,
2024-01-24 10:16:00+05:30,226.9,227,226.5,226.65,36894,
2024-01-24 10:17:00+05:30,226.65,227.05,226.55,226.85,21324,
2024-01-24 10:18:00+05:30,227,227,226.6,226.75,19540,
2024-01-24 10:19:00+05:30,226.65,227.05,226.6,226.95,9896,
2024-01-24 10:20:00+05:30,226.95,227.1,226.95,227.05,25762,
2024-01-24 10:21:00+05:30,227.05,227.05,226.85,226.9,22804,
2024-01-24 10:22:00+05:30,226.95,226.95,226.75,226.85,17242,
2024-01-24 10:23:00+05:30,226.85,227.05,226.85,226.95,7784,
2024-01-24 10:24:00+05:30,226.95,227.1,226.95,227,10238,
2024-01-24 10:25:00+05:30,227.05,227.2,227.05,227.05,24430,
2024-01-24 10:26:00+05:30,227.1,227.3,227.05,227.3,16670,
2024-01-24 10:27:00+05:30,227.3,227.6,227.25,227.5,19630,
2024-01-24 10:28:00+05:30,227.55,227.6,227.3,227.45,37550,
2024-01-24 10:29:00+05:30,227.4,227.5,227.25,227.3,17700,
2024-01-24 10:30:00+05:30,227.3,227.55,227.3,227.5,33880,
2024-01-24 10:31:00+05:30,227.5,227.7,227.4,227.7,14492,
2024-01-24 10:32:00+05:30,227.6,227.7,227.5,227.6,15700,
2024-01-24 10:33:00+05:30,227.6,228,227.5,227.9,46880,
2024-01-24 10:34:00+05:30,227.8,227.9,227.75,227.85,12774,
2024-01-24 10:35:00+05:30,227.85,227.9,227.7,227.85,12014,
2024-01-24 10:36:00+05:30,227.85,228,227.75,227.8,34052,
2024-01-24 10:37:00+05:30,227.8,228,227.7,227.7,45202,
2024-01-24 10:38:00+05:30,227.7,227.8,227.4,227.5,44528,
2024-01-24 10:39:00+05:30,227.5,227.85,227.3,227.85,33546,
2024-01-24 10:40:00+05:30,227.85,227.85,227.5,227.7,18406,
2024-01-24 10:41:00+05:30,227.7,227.9,227.65,227.75,17700,
2024-01-24 10:42:00+05:30,227.7,227.8,227.6,227.6,34830,
2024-01-24 10:43:00+05:30,227.75,227.8,227.6,227.8,7424,
2024-01-24 10:44:00+05:30,227.7,227.95,227.7,227.8,12790,
2024-01-24 10:45:00+05:30,227.8,227.8,227.4,227.8,79214,
2024-01-24 10:46:00+05:30,227.7,227.7,227.4,227.5,24960,
2024-01-24 10:47:00+05:30,227.5,227.5,227.35,227.35,21136,
2024-01-24 10:48:00+05:30,227.35,227.6,227.3,227.4,36348,
2024-01-24 10:49:00+05:30,227.5,227.55,227.4,227.55,26300,
2024-01-24 10:50:00+05:30,227.6,227.85,227.45,227.5,19306,
2024-01-24 10:51:00+05:30,227.5,227.55,227.35,227.45,26658,
2024-01-24 10:52:00+05:30,227.45,227.5,227.3,227.3,17046,
2024-01-24 10:53:00+05:30,227.3,227.5,227.3,227.5,13720,
2024-01-24 10:54:00+05:30,227.5,227.65,227.45,227.65,18220,
2024-01-24 10:55:00+05:30,227.65,227.65,227.45,227.5,8698,
2024-01-24 10:56:00+05:30,227.5,227.55,227.4,227.4,27722,
2024-01-24 10:57:00+05:30,227.4,227.6,227.4,227.55,6346,
2024-01-24 10:58:00+05:30,227.55,227.6,227.1,227.1,40878,
2024-01-24 10:59:00+05:30,227.2,227.2,226.95,226.95,28464,
2024-01-24 11:00:00+05:30,226.95,227.1,226.95,227.1,9768,
2024-01-24 11:01:00+05:30,227.15,227.3,227.1,227.1,10492,
2024-01-24 11:02:00+05:30,227.1,227.2,227.1,227.1,5036,
2024-01-24 11:03:00+05:30,227.15,227.2,227.1,227.1,14384,
2024-01-24 11:04:00+05:30,227.1,227.35,227.1,227.3,28362,
2024-01-24 11:05:00+05:30,227.3,227.3,227,227,47584,
2024-01-24 11:06:00+05:30,227,227.15,227,227.05,18872,
2024-01-24 11:07:00+05:30,227.05,227.05,226.55,226.75,96588,
2024-01-24 11:08:00+05:30,226.75,226.85,226.6,226.75,20072,
2024-01-24 11:09:00+05:30,226.75,226.75,226.5,226.5,79554,
2024-01-24 11:10:00+05:30,226.5,226.5,226.35,226.4,186446,
2024-01-24 11:11:00+05:30,226.45,226.5,226.35,226.5,38732,
2024-01-24 11:12:00+05:30,226.5,226.5,226.4,226.4,20664,
2024-01-24 11:13:00+05:30,226.4,226.5,226.4,226.45,11892,
2024-01-24 11:14:00+05:30,226.65,226.75,226.55,226.65,11670,
2024-01-24 11:15:00+05:30,226.65,226.85,226.65,226.7,79628,
2024-01-24 11:16:00+05:30,226.7,226.75,226.55,226.65,67078,
2024-01-24 11:17:00+05:30,226.6,226.65,226.55,226.65,7342,
2024-01-24 11:18:00+05:30,226.6,226.65,226.6,226.65,30022,
2024-01-24 11:19:00+05:30,226.65,226.65,226.6,226.65,40048,
2024-01-24 11:20:00+05:30,226.65,226.75,226.65,226.75,86136,
2024-01-24 11:21:00+05:30,226.75,226.75,226.65,226.7,27268,
2024-01-24 11:22:00+05:30,226.7,226.7,226.55,226.65,38558,
2024-01-24 11:23:00+05:30,226.65,226.7,226.55,226.65,62574,
2024-01-24 11:24:00+05:30,226.65,226.65,226.45,226.6,32946,
2024-01-24 11:25:00+05:30,226.45,226.65,226.45,226.45,27196,
2024-01-24 11:26:00+05:30,226.45,226.45,226.15,226.15,68834,
2024-01-24 11:27:00+05:30,226.15,226.4,226.15,226.2,22124,
2024-01-24 11:28:00+05:30,226.15,226.35,226,226.05,26768,
2024-01-24 11:29:00+05:30,226.05,226.15,225.75,225.95,61166,
2024-01-24 11:30:00+05:30,225.95,225.95,225.6,225.65,34016,
2024-01-24 11:31:00+05:30,225.75,225.75,225.4,225.4,55862,
2024-01-24 11:32:00+05:30,225.5,225.55,225.25,225.3,75386,
2024-01-24 11:33:00+05:30,225.3,225.85,225.25,225.85,40692,
2024-01-24 11:34:00+05:30,225.85,226.05,225.65,225.85,24702,
2024-01-24 11:35:00+05:30,225.85,226.25,225.85,226.25,16262,
2024-01-24 11:36:00+05:30,226.25,226.65,226.15,226.55,15432,
2024-01-24 11:37:00+05:30,226.55,226.75,226.45,226.45,55096,
2024-01-24 11:38:00+05:30,226.55,226.55,226.05,226.15,50124,
2024-01-24 11:39:00+05:30,226.2,226.25,226,226.25,40812,
2024-01-24 11:40:00+05:30,226.25,226.25,226,226.05,24372,
2024-01-24 11:41:00+05:30,226.05,226.45,226.05,226.25,23934,
2024-01-24 11:42:00+05:30,226.25,226.55,226.25,226.5,12030,
2024-01-24 11:43:00+05:30,226.5,226.7,226.4,226.45,42666,
2024-01-24 11:44:00+05:30,226.45,226.6,226.4,226.45,12180,
2024-01-24 11:45:00+05:30,226.55,226.65,226.45,226.45,21374,
2024-01-24 11:46:00+05:30,226.5,226.7,226.35,226.5,89706,
2024-01-24 11:47:00+05:30,226.45,226.5,226.35,226.35,24040,
2024-01-24 11:48:00+05:30,226.35,226.5,226.15,226.35,52928,
2024-01-24 11:49:00+05:30,226.35,226.55,226.35,226.55,24178,
2024-01-24 11:50:00+05:30,226.55,226.55,226.35,226.35,36774,
2024-01-24 11:51:00+05:30,226.45,226.45,226.1,226.15,31522,
2024-01-24 11:52:00+05:30,226.25,226.35,225.95,225.95,32444,
2024-01-24 11:53:00+05:30,225.95,226.25,225.95,226.05,30528,
2024-01-24 11:54:00+05:30,226.15,226.45,226.05,226.25,49788,
2024-01-24 11:55:00+05:30,226.3,226.4,226.25,226.35,9532,
2024-01-24 11:56:00+05:30,226.35,226.35,226.15,226.25,17952,
2024-01-24 11:57:00+05:30,226.25,226.35,225.95,225.95,68022,
2024-01-24 11:58:00+05:30,225.95,226.25,225.95,226.2,13830,
2024-01-24 11:59:00+05:30,226.2,226.35,226.1,226.1,13648,
2024-01-24 12:00:00+05:30,226.15,226.35,226.05,226.25,54142,
2024-01-24 12:01:00+05:30,226.25,226.25,226.05,226.15,12922,
2024-01-24 12:02:00+05:30,226.1,226.15,226.05,226.05,16940,
2024-01-24 12:03:00+05:30,226.1,226.15,225.65,225.85,61376,
2024-01-24 12:04:00+05:30,225.95,225.95,225.7,225.75,18168,
2024-01-24 12:05:00+05:30,225.75,225.8,225.65,225.8,6960,
2024-01-24 12:06:00+05:30,225.8,226.05,225.7,225.95,24338,
2024-01-24 12:07:00+05:30,225.95,225.95,225.75,225.9,39208,
2024-01-24 12:08:00+05:30,225.9,226,225.65,225.95,55130,
2024-01-24 12:09:00+05:30,225.95,226.15,225.9,226.15,24950,
2024-01-24 12:10:00+05:30,226.1,226.35,226.05,226.2,21110,
2024-01-24 12:11:00+05:30,226.3,226.3,226.05,226.05,13614,
2024-01-24 12:12:00+05:30,226.05,226.05,225.85,225.95,41430,
2024-01-24 12:13:00+05:30,226.05,226.05,225.7,225.8,37650,
2024-01-24 12:14:00+05:30,225.8,226,225.7,225.85,24182,
2024-01-24 12:15:00+05:30,225.85,226.05,225.85,225.95,14484,
2024-01-24 12:16:00+05:30,225.9,226.05,225.9,226,6286,
2024-01-24 12:17:00+05:30,225.95,226.05,225.85,225.9,35782,
2024-01-24 12:18:00+05:30,226.05,226.05,225.85,225.85,32482,
2024-01-24 12:19:00+05:30,225.85,226.25,225.8,226.1,72788,
2024-01-24 12:20:00+05:30,226,226.2,225.95,226.05,48230,
2024-01-24 12:21:00+05:30,226.05,226.15,225.95,226,22518,
2024-01-24 12:22:00+05:30,226.1,226.15,225.95,226.05,7526,
2024-01-24 12:23:00+05:30,226.05,226.15,225.85,226.1,22850,
2024-01-24 12:24:00+05:30,226.1,226.15,225.85,226.05,18584,
2024-01-24 12:25:00+05:30,226.05,226.15,225.6,225.6,54198,
2024-01-24 12:26:00+05:30,225.65,225.65,225.6,225.6,7860,
2024-01-24 12:27:00+05:30,225.65,225.65,225.4,225.4,65594,
2024-01-24 12:28:00+05:30,225.4,225.65,225.4,225.65,6946,
2024-01-24 12:29:00+05:30,225.65,225.85,225.65,225.85,4414,
2024-01-24 12:30:00+05:30,225.85,225.85,225.55,225.7,19340,
2024-01-24 12:31:00+05:30,225.7,225.7,225.5,225.5,21270,
2024-01-24 12:32:00+05:30,225.55,225.85,225.4,225.85,37206,
2024-01-24 12:33:00+05:30,225.85,225.85,225.55,225.75,25312,
2024-01-24 12:34:00+05:30,225.75,225.85,225.75,225.85,17408,
2024-01-24 12:35:00+05:30,225.85,225.95,225.8,225.95,86980,
2024-01-24 12:36:00+05:30,225.95,225.95,225.75,225.8,36312,
2024-01-24 12:37:00+05:30,225.85,226,225.75,225.85,47848,
2024-01-24 12:38:00+05:30,225.85,226.05,225.8,225.85,61212,
2024-01-24 12:39:00+05:30,225.85,225.95,225.65,225.65,20106,
2024-01-24 12:40:00+05:30,225.75,226,225.75,225.9,49308,
2024-01-24 12:41:00+05:30,225.9,225.95,225.85,225.85,6744,
2024-01-24 12:42:00+05:30,225.95,225.95,225.85,225.85,40190,
2024-01-24 12:43:00+05:30,225.85,226.05,225.85,225.95,41000,
2024-01-24 12:44:00+05:30,225.95,225.95,225.75,225.85,45196,
2024-01-24 12:45:00+05:30,225.85,225.95,225.85,225.95,1922,
2024-01-24 12:46:00+05:30,225.95,226,225.9,225.95,37010,
2024-01-24 12:47:00+05:30,225.95,226.05,225.9,225.95,5838,
2024-01-24 12:48:00+05:30,225.95,226.1,225.85,225.9,28738,
2024-01-24 12:49:00+05:30,225.9,226.4,225.8,225.8,80818,
2024-01-24 12:50:00+05:30,226,226,225.8,226,55224,
2024-01-24 12:51:00+05:30,226,226.2,225.95,226.1,32926,
2024-01-24 12:52:00+05:30,226.1,226.2,225.95,226.05,62480,
2024-01-24 12:53:00+05:30,225.95,226.1,225.95,226.05,57816,
2024-01-24 12:54:00+05:30,226.05,226.15,225.85,225.9,16148,
2024-01-24 12:55:00+05:30,226.1,226.15,226.05,226.1,26026,
2024-01-24 12:56:00+05:30,226.1,226.45,226.05,226.35,83198,
2024-01-24 12:57:00+05:30,226.35,226.35,225.95,226.15,158676,
2024-01-24 12:58:00+05:30,226.2,226.35,226.05,226.15,134760,
2024-01-24 12:59:00+05:30,226.15,226.4,226.15,226.35,101292,
2024-01-24 13:00:00+05:30,226.35,226.35,226.25,226.25,173760,
2024-01-24 13:01:00+05:30,226.25,226.45,226.25,226.35,63540,
2024-01-24 13:02:00+05:30,226.35,226.75,226.35,226.75,21288,
2024-01-24 13:03:00+05:30,226.75,226.75,226.65,226.75,12074,
2024-01-24 13:04:00+05:30,226.75,226.75,226.55,226.55,12416,
2024-01-24 13:05:00+05:30,226.55,226.55,226.45,226.5,22740,
2024-01-24 13:06:00+05:30,226.5,226.95,226.3,226.75,119010,
2024-01-24 13:07:00+05:30,226.75,226.75,226.45,226.5,24370,
2024-01-24 13:08:00+05:30,226.5,226.5,226.45,226.5,29444,
2024-01-24 13:09:00+05:30,226.5,226.8,226.45,226.5,30250,
2024-01-24 13:10:00+05:30,226.55,226.85,226.45,226.75,140116,
2024-01-24 13:11:00+05:30,226.7,226.75,226.55,226.6,11800,
2024-01-24 13:12:00+05:30,226.6,226.95,226.55,226.85,36184,
2024-01-24 13:13:00+05:30,226.85,227,226.85,226.9,18600,
2024-01-24 13:14:00+05:30,226.95,227.05,226.5,226.75,103556,
2024-01-24 13:15:00+05:30,226.75,227,226.65,227,9506,
2024-01-24 13:16:00+05:30,227,227,226.8,226.85,14724,
2024-01-24 13:17:00+05:30,226.85,227.1,226.85,227.05,15020,
2024-01-24 13:18:00+05:30,227,227.5,226.75,227.4,69968,
2024-01-24 13:19:00+05:30,227.4,227.65,227.3,227.4,68832,
2024-01-24 13:20:00+05:30,227.45,227.5,227.4,227.5,6484,
2024-01-24 13:21:00+05:30,227.4,227.4,227.15,227.2,49566,
2024-01-24 13:22:00+05:30,227.2,227.4,227.15,227.4,9036,
2024-01-24 13:23:00+05:30,227.4,227.4,227.2,227.3,9920,
2024-01-24 13:24:00+05:30,227.2,227.3,227.15,227.3,16926,
2024-01-24 13:25:00+05:30,227.3,227.5,227.2,227.45,11056,
2024-01-24 13:26:00+05:30,227.45,227.55,227.1,227.45,69240,
2024-01-24 13:27:00+05:30,227.45,227.5,227.4,227.45,5434,
2024-01-24 13:28:00+05:30,227.45,227.45,227.3,227.35,15554,
2024-01-24 13:29:00+05:30,227.35,227.5,227.3,227.4,23376,
2024-01-24 13:30:00+05:30,227.4,227.5,227.4,227.4,18762,
2024-01-24 13:31:00+05:30,227.4,227.45,227.3,227.4,17796,
2024-01-24 13:32:00+05:30,227.35,227.6,227.35,227.5,30754,
2024-01-24 13:33:00+05:30,227.55,227.6,227.4,227.5,17356,
2024-01-24 13:34:00+05:30,227.55,227.65,227.5,227.6,12754,
2024-01-24 13:35:00+05:30,227.6,227.65,227.5,227.6,16520,
2024-01-24 13:36:00+05:30,227.6,227.65,227.55,227.65,10036,
2024-01-24 13:37:00+05:30,227.65,227.65,227.6,227.6,4616,
2024-01-24 13:38:00+05:30,227.65,228,227.5,227.6,131094,
2024-01-24 13:39:00+05:30,227.6,227.6,227.55,227.6,10638,
2024-01-24 13:40:00+05:30,227.6,227.9,227.55,227.9,21768,
2024-01-24 13:41:00+05:30,227.8,227.95,227.65,227.7,33844,
2024-01-24 13:42:00+05:30,227.7,227.8,227.65,227.7,17254,
2024-01-24 13:43:00+05:30,227.7,227.8,227.7,227.7,8614,
2024-01-24 13:44:00+05:30,227.7,227.95,227.7,227.9,12256,
2024-01-24 13:45:00+05:30,227.9,228.15,227.9,228.1,29702,
2024-01-24 13:46:00+05:30,228.1,228.15,227.95,228,20228,
2024-01-24 13:47:00+05:30,228,228.15,227.95,228.15,14240,
2024-01-24 13:48:00+05:30,228.15,228.15,228.05,228.1,18964,
2024-01-24 13:49:00+05:30,228.1,228.2,228.05,228.1,13892,
2024-01-24 13:50:00+05:30,228.1,228.3,228.1,228.25,30176,
2024-01-24 13:51:00+05:30,228.25,228.4,228.25,228.4,13668,
2024-01-24 13:52:00+05:30,228.4,228.6,228.3,228.6,25882,
2024-01-24 13:53:00+05:30,228.6,228.7,228.6,228.7,39842,
2024-01-24 13:54:00+05:30,228.7,228.7,228.4,228.4,32632,
2024-01-24 13:55:00+05:30,228.4,228.6,228.35,228.6,29212,
2024-01-24 13:56:00+05:30,228.6,228.6,228.4,228.55,17344,
2024-01-24 13:57:00+05:30,228.55,228.55,228.4,228.4,18092,
2024-01-24 13:58:00+05:30,228.4,228.45,228.05,228.15,59150,
2024-01-24 13:59:00+05:30,228.15,228.15,227.7,227.8,47280,
2024-01-24 14:00:00+05:30,227.8,228,227.7,228,8068,
2024-01-24 14:01:00+05:30,228,228.2,228,228.2,16144,
2024-01-24 14:02:00+05:30,228.2,228.3,228.15,228.2,18026,
2024-01-24 14:03:00+05:30,228.2,228.2,228.15,228.2,9680,
2024-01-24 14:04:00+05:30,228.2,228.6,228.2,228.45,85084,
2024-01-24 14:05:00+05:30,228.45,228.7,228.4,228.6,15806,
2024-01-24 14:06:00+05:30,228.6,228.7,228.6,228.7,22700,
2024-01-24 14:07:00+05:30,228.75,228.8,228.7,228.75,37752,
2024-01-24 14:08:00+05:30,228.7,228.75,228.5,228.65,15570,
2024-01-24 14:09:00+05:30,228.65,228.7,228.15,228.2,64572,
2024-01-24 14:10:00+05:30,228.2,228.3,228.1,228.15,34752,
2024-01-24 14:11:00+05:30,228.2,228.2,228,228.2,24808,
2024-01-24 14:12:00+05:30,228.2,228.2,228.2,228.2,5880,
2024-01-24 14:13:00+05:30,228.2,228.2,228.2,228.2,8966,
2024-01-24 14:14:00+05:30,228.2,228.2,228,228.15,42674,
2024-01-24 14:15:00+05:30,228.15,228.2,228.05,228.2,34182,
2024-01-24 14:16:00+05:30,228.2,228.2,227.95,228,25440,
2024-01-24 14:17:00+05:30,228,228.1,228,228.1,20330,
2024-01-24 14:18:00+05:30,228.1,228.2,228,228.2,29482,
2024-01-24 14:19:00+05:30,228.2,228.2,228.2,228.2,17626,
2024-01-24 14:20:00+05:30,228.2,228.2,228.2,228.2,28776,
2024-01-24 14:21:00+05:30,228.2,228.2,228.2,228.2,61074,
2024-01-24 14:22:00+05:30,228.2,228.2,228.1,228.15,40474,
2024-01-24 14:23:00+05:30,228.2,228.4,228.2,228.4,51522,
2024-01-24 14:24:00+05:30,228.4,228.7,228.3,228.65,14682,
2024-01-24 14:25:00+05:30,228.65,228.9,228.55,228.85,57058,
2024-01-24 14:26:00+05:30,228.85,228.9,228.75,228.85,9314,
2024-01-24 14:27:00+05:30,228.85,229.35,228.8,229.35,80072,
2024-01-24 14:28:00+05:30,229.35,229.8,229.35,229.7,83468,
2024-01-24 14:29:00+05:30,229.65,229.75,229.3,229.45,48090,
2024-01-24 14:30:00+05:30,229.45,229.95,229.3,229.45,48498,
2024-01-24 14:31:00+05:30,229.45,229.65,229.3,229.35,42024,
2024-01-24 14:32:00+05:30,229.35,229.55,229.25,229.35,16502,
2024-01-24 14:33:00+05:30,229.15,229.35,228.95,229.1,23036,
2024-01-24 14:34:00+05:30,229.1,229.15,228.95,229.05,11666,
2024-01-24 14:35:00+05:30,229.15,229.15,228.9,229,17660,
2024-01-24 14:36:00+05:30,229,229,228.7,228.75,41424,
2024-01-24 14:37:00+05:30,228.75,229.15,228.75,229.15,117302,
2024-01-24 14:38:00+05:30,229.15,229.25,229.05,229.2,23170,
2024-01-24 14:39:00+05:30,229.2,229.2,229.05,229.2,9652,
2024-01-24 14:40:00+05:30,229.2,229.45,229.15,229.4,11548,
2024-01-24 14:41:00+05:30,229.45,229.65,229.4,229.6,9880,
2024-01-24 14:42:00+05:30,229.6,229.65,229.55,229.65,26610,
2024-01-24 14:43:00+05:30,229.65,229.65,229.6,229.65,34650,
2024-01-24 14:44:00+05:30,229.65,230.35,229.65,230.35,141262,
2024-01-24 14:45:00+05:30,230.3,230.8,230.25,230.7,135884,
2024-01-24 14:46:00+05:30,230.8,230.8,230.5,230.7,35508,
2024-01-24 14:47:00+05:30,230.7,230.85,230.6,230.8,24324,
2024-01-24 14:48:00+05:30,230.75,230.8,230.55,230.7,75524,
2024-01-24 14:49:00+05:30,230.7,230.75,230.45,230.7,20690,
2024-01-24 14:50:00+05:30,230.7,230.9,230.7,230.8,32970,
2024-01-24 14:51:00+05:30,230.8,230.9,230.8,230.9,13882,
2024-01-24 14:52:00+05:30,230.9,230.95,230.6,230.8,43704,
2024-01-24 14:53:00+05:30,230.85,230.95,230.8,230.9,15788,
2024-01-24 14:54:00+05:30,230.9,231.8,230.9,231.7,200670,
2024-01-24 14:55:00+05:30,231.7,231.8,231.35,231.55,56674,
2024-01-24 14:56:00+05:30,231.5,231.55,231.2,231.3,50212,
2024-01-24 14:57:00+05:30,231.35,231.35,231.1,231.3,31350,
2024-01-24 14:58:00+05:30,231.3,231.4,231.3,231.3,18048,
2024-01-24 14:59:00+05:30,231.35,231.35,231.1,231.2,26490,
2024-01-24 15:00:00+05:30,231.3,231.6,231.2,231.5,42732,
2024-01-24 15:01:00+05:30,231.5,231.55,231.35,231.4,30168,
2024-01-24 15:02:00+05:30,231.4,231.55,231.05,231.05,35058,
2024-01-24 15:03:00+05:30,231.1,231.1,230.65,230.95,94024,
2024-01-24 15:04:00+05:30,230.9,231.3,230.9,231.3,30744,
2024-01-24 15:05:00+05:30,231.3,231.4,231,231.2,77954,
2024-01-24 15:06:00+05:30,231.2,231.2,231.05,231.2,37650,
2024-01-24 15:07:00+05:30,231.1,231.15,231,231,15744,
2024-01-24 15:08:00+05:30,231,231.2,231,231.05,39764,
2024-01-24 15:09:00+05:30,231.05,231.05,230.75,230.8,40602,
2024-01-24 15:10:00+05:30,230.8,230.95,230.7,230.9,18766,
2024-01-24 15:11:00+05:30,230.95,230.95,230.6,230.65,44494,
2024-01-24 15:12:00+05:30,230.65,230.65,230.4,230.65,70012,
2024-01-24 15:13:00+05:30,230.75,230.9,230.6,230.85,33512,
2024-01-24 15:14:00+05:30,230.8,231.1,230.8,231.1,20758,
2024-01-24 15:15:00+05:30,231.1,231.3,231,231.3,32920,
2024-01-24 15:16:00+05:30,231.3,231.5,231.3,231.3,53936,
2024-01-24 15:17:00+05:30,231.3,231.3,231.2,231.2,33226,
2024-01-24 15:18:00+05:30,231.2,231.3,231.2,231.3,27550,
2024-01-24 15:19:00+05:30,231.3,231.5,231.3,231.4,46384,
2024-01-24 15:20:00+05:30,231.5,231.5,231.3,231.35,47906,
2024-01-24 15:21:00+05:30,231.35,231.4,231.3,231.3,15288,
2024-01-24 15:22:00+05:30,231.3,231.3,231.25,231.3,28580,
2024-01-24 15:23:00+05:30,231.3,231.3,231.25,231.3,62576,
2024-01-24 15:24:00+05:30,231.3,231.4,231.3,231.4,21600,
2024-01-24 15:25:00+05:30,231.4,231.55,231.4,231.5,75438,
2024-01-24 15:26:00+05:30,231.5,231.55,231.4,231.45,33882,
2024-01-24 15:27:00+05:30,231.4,231.6,231.4,231.5,58326,
2024-01-24 15:28:00+05:30,231.5,231.8,230.2,230.9,84278,
2024-01-24 15:29:00+05:30,230.3,231.7,230.3,231.5,22436,
2024-01-25 09:15:00+05:30,231.2,231.7,230.4,231.3,105242,
2024-01-25 09:16:00+05:30,231.2,232.15,231.05,231.75,115936,
2024-01-25 09:17:00+05:30,232,232.1,231.65,232.1,47456,
2024-01-25 09:18:00+05:30,232,232.95,231.95,232.7,83182,
2024-01-25 09:19:00+05:30,232.7,232.95,232.25,232.45,129904,
2024-01-25 09:20:00+05:30,232.45,232.95,232.45,232.85,85754,
2024-01-25 09:21:00+05:30,232.85,233.05,232.75,232.75,105086,
2024-01-25 09:22:00+05:30,232.8,233.15,232.55,233.05,73434,
2024-01-25 09:23:00+05:30,233.1,233.4,232.95,233.05,87160,
2024-01-25 09:24:00+05:30,233.15,233.15,232.55,232.7,35594,
2024-01-25 09:25:00+05:30,232.7,232.85,232.45,232.75,106748,
2024-01-25 09:26:00+05:30,232.75,233,232.65,232.85,50222,
2024-01-25 09:27:00+05:30,232.85,233.15,232.65,233.15,70186,
2024-01-25 09:28:00+05:30,233.2,233.9,233.05,233.8,120434,
2024-01-25 09:29:00+05:30,233.8,234,233.7,233.85,42982,
2024-01-25 09:30:00+05:30,233.95,234,233.8,233.95,44124,
2024-01-25 09:31:00+05:30,234,234,233.4,233.4,63470,
2024-01-25 09:32:00+05:30,233.4,233.6,233.4,233.45,44326,
2024-01-25 09:33:00+05:30,233.45,233.7,233.35,233.7,40202,
2024-01-25 09:34:00+05:30,233.7,233.75,233.35,233.4,36298,
2024-01-25 09:35:00+05:30,233.4,233.65,233.1,233.25,94246,
2024-01-25 09:36:00+05:30,233.25,233.65,233.25,233.5,26320,
2024-01-25 09:37:00+05:30,233.5,233.75,233.5,233.6,83836,
2024-01-25 09:38:00+05:30,233.5,233.75,233.35,233.6,46026,
2024-01-25 09:39:00+05:30,233.6,233.6,233.25,233.5,111718,
2024-01-25 09:40:00+05:30,233.5,233.6,233.35,233.6,47204,
2024-01-25 09:41:00+05:30,233.6,233.85,233.5,233.75,68448,
2024-01-25 09:42:00+05:30,233.85,233.85,233.5,233.7,42368,
2024-01-25 09:43:00+05:30,233.65,234,233.65,234,50816,
2024-01-25 09:44:00+05:30,233.95,234,233.6,233.7,36932,
2024-01-25 09:45:00+05:30,233.7,233.9,233.7,233.75,26448,
2024-01-25 09:46:00+05:30,233.75,234,233.7,234,42830,
2024-01-25 09:47:00+05:30,234,234.2,233.9,234.1,214908,
2024-01-25 09:48:00+05:30,234.2,234.3,234,234.3,69328,
2024-01-25 09:49:00+05:30,234.3,234.6,234.2,234.55,102630,
2024-01-25 09:50:00+05:30,234.6,235.15,234.5,235,241164,
2024-01-25 09:51:00+05:30,235.05,235.1,234.9,234.9,101590,
2024-01-25 09:52:00+05:30,234.9,234.95,234.65,234.7,121278,
2024-01-25 09:53:00+05:30,234.7,234.7,234.3,234.4,166884,
2024-01-25 09:54:00+05:30,234.5,234.5,233.8,234,186098,
2024-01-25 09:55:00+05:30,234,234.5,233.9,234.5,70390,
2024-01-25 09:56:00+05:30,234.5,234.8,234.4,234.6,71250,
2024-01-25 09:57:00+05:30,234.6,234.7,234.2,234.4,70122,
2024-01-25 09:58:00+05:30,234.4,234.75,234.4,234.75,55416,
2024-01-25 09:59:00+05:30,234.75,234.9,234.65,234.9,49934,
2024-01-25 10:00:00+05:30,234.8,234.95,234.75,234.9,55062,
2024-01-25 10:01:00+05:30,234.9,234.9,234.85,234.9,28666,
2024-01-25 10:02:00+05:30,234.9,234.9,234.8,234.9,41358,
2024-01-25 10:03:00+05:30,234.9,235.05,234.85,235,88706,
2024-01-25 10:04:00+05:30,235,235.05,234.7,234.7,34384,
2024-01-25 10:05:00+05:30,234.7,234.9,234.7,234.8,24074,
2024-01-25 10:06:00+05:30,234.8,234.9,234.35,234.35,68974,
2024-01-25 10:07:00+05:30,234.45,234.45,234.2,234.3,29514,
2024-01-25 10:08:00+05:30,234.35,234.5,234.3,234.45,22150,
2024-01-25 10:09:00+05:30,234.5,234.5,234.25,234.4,21022,
2024-01-25 10:10:00+05:30,234.45,234.75,234.4,234.65,87702,
2024-01-25 10:11:00+05:30,234.7,234.7,234.5,234.6,20394,
2024-01-25 10:12:00+05:30,234.6,234.75,234.6,234.6,29386,
2024-01-25 10:13:00+05:30,234.6,234.75,234.5,234.75,20744,
2024-01-25 10:14:00+05:30,234.7,234.75,234.2,234.3,40054,
2024-01-25 10:15:00+05:30,234.3,234.6,234.25,234.45,23654,
2024-01-25 10:16:00+05:30,234.4,234.4,233.9,234.35,152062,
2024-01-25 10:17:00+05:30,234.3,234.45,234,234,40624,
2024-01-25 10:18:00+05:30,234.15,234.4,233.5,234.05,112898,
2024-01-25 10:19:00+05:30,234,234.1,233.7,233.85,35424,
2024-01-25 10:20:00+05:30,233.85,233.9,233.7,233.8,25914,
2024-01-25 10:21:00+05:30,233.85,233.85,233.45,233.6,80094,
2024-01-25 10:22:00+05:30,233.5,233.7,233.5,233.65,38382,
2024-01-25 10:23:00+05:30,233.65,233.65,233.25,233.5,48190,
2024-01-25 10:24:00+05:30,233.4,233.6,233.25,233.5,38882,
2024-01-25 10:25:00+05:30,233.5,233.6,233.35,233.5,29114,
2024-01-25 10:26:00+05:30,233.5,233.9,233.5,233.7,47962,
2024-01-25 10:27:00+05:30,233.7,233.9,233.7,233.8,21494,
2024-01-25 10:28:00+05:30,233.9,233.95,233.55,233.8,32114,
2024-01-25 10:29:00+05:30,233.8,233.85,233.7,233.8,35206,
2024-01-25 10:30:00+05:30,233.7,233.85,233.35,233.7,51982,
2024-01-25 10:31:00+05:30,233.7,233.75,233.6,233.7,19112,
2024-01-25 10:32:00+05:30,233.7,233.75,233.6,233.7,22740,
2024-01-25 10:33:00+05:30,233.7,233.7,233.65,233.65,24938,
2024-01-25 10:34:00+05:30,233.7,233.7,233.4,233.4,42198,
2024-01-25 10:35:00+05:30,233.4,233.6,233.4,233.45,32566,
2024-01-25 10:36:00+05:30,233.45,233.6,233.4,233.6,10948,
2024-01-25 10:37:00+05:30,233.6,233.7,233.5,233.7,70050,
2024-01-25 10:38:00+05:30,233.7,233.75,233.5,233.7,17692,
2024-01-25 10:39:00+05:30,233.75,233.8,233.5,233.8,23954,
2024-01-25 10:40:00+05:30,233.8,233.9,233.7,233.9,27284,
2024-01-25 10:41:00+05:30,233.9,233.9,233.6,233.8,25400,
2024-01-25 10:42:00+05:30,233.65,233.7,233.35,233.4,33128,
2024-01-25 10:43:00+05:30,233.4,233.6,233.35,233.45,36504,
2024-01-25 10:44:00+05:30,233.45,233.5,233.4,233.5,17578,
2024-01-25 10:45:00+05:30,233.5,233.6,233.4,233.5,21094,
2024-01-25 10:46:00+05:30,233.5,233.55,233.25,233.3,50508,
2024-01-25 10:47:00+05:30,233.35,233.35,232.95,233.05,63210,
2024-01-25 10:48:00+05:30,233.05,233.3,232.95,233.15,44902,
2024-01-25 10:49:00+05:30,233.15,233.3,233.15,233.3,17986,
2024-01-25 10:50:00+05:30,233.3,233.35,232.95,233,27556,
2024-01-25 10:51:00+05:30,233,233.2,232.85,233,42260,
2024-01-25 10:52:00+05:30,233,233.05,232.95,233.05,13998,
2024-01-25 10:53:00+05:30,233.05,233.05,232.85,233.05,58516,
2024-01-25 10:54:00+05:30,233.05,233.05,232.75,232.95,38320,
2024-01-25 10:55:00+05:30,232.95,233.05,232.7,232.85,61048,
2024-01-25 10:56:00+05:30,232.8,232.95,232.7,232.8,29664,
2024-01-25 10:57:00+05:30,232.65,232.95,232.6,232.95,91712,
2024-01-25 10:58:00+05:30,232.95,233.05,232.9,233.05,20782,
2024-01-25 10:59:00+05:30,232.95,233.05,232.85,233.05,18946,
2024-01-25 11:00:00+05:30,232.95,233.05,232.75,232.85,16036,
2024-01-25 11:01:00+05:30,232.85,232.95,232.75,232.75,18014,
2024-01-25 11:02:00+05:30,232.75,232.95,232.55,232.85,17778,
2024-01-25 11:03:00+05:30,232.85,233.05,232.65,232.85,15680,
2024-01-25 11:04:00+05:30,232.85,232.95,232.65,232.75,15064,
2024-01-25 11:05:00+05:30,232.65,232.8,232.65,232.8,13854,
2024-01-25 11:06:00+05:30,232.75,232.95,232.75,232.9,12600,
2024-01-25 11:07:00+05:30,232.85,232.9,232.55,232.75,24436,
2024-01-25 11:08:00+05:30,232.75,232.85,232.7,232.8,18704,
2024-01-25 11:09:00+05:30,232.8,232.95,232.75,232.9,18562,
2024-01-25 11:10:00+05:30,232.85,233,232.75,233,15590,
2024-01-25 11:11:00+05:30,233,233,232.8,232.85,14132,
2024-01-25 11:12:00+05:30,232.85,233,232.85,233,16362,
2024-01-25 11:13:00+05:30,233,233,232.35,232.35,36018,
2024-01-25 11:14:00+05:30,232.15,232.65,231.95,232.55,63366,
2024-01-25 11:15:00+05:30,232.55,232.55,232.3,232.35,31492,
2024-01-25 11:16:00+05:30,232.35,232.65,232.35,232.6,11078,
2024-01-25 11:17:00+05:30,232.65,232.7,232.6,232.7,13876,
2024-01-25 11:18:00+05:30,232.65,233.05,232.55,233.05,31038,
2024-01-25 11:19:00+05:30,233.05,233.15,232.75,233,19560,
2024-01-25 11:20:00+05:30,233.1,233.2,233.05,233.15,15574,
2024-01-25 11:21:00+05:30,233.15,233.5,233.15,233.5,15508,
2024-01-25 11:22:00+05:30,233.5,233.6,233.25,233.6,36582,
2024-01-25 11:23:00+05:30,233.6,233.65,233.35,233.4,18066,
2024-01-25 11:24:00+05:30,233.4,233.5,233.35,233.5,19044,
2024-01-25 11:25:00+05:30,233.5,233.6,233.4,233.6,15242,
2024-01-25 11:26:00+05:30,233.5,233.6,233.35,233.45,16732,
2024-01-25 11:27:00+05:30,233.45,233.45,233.15,233.35,32162,
2024-01-25 11:28:00+05:30,233.35,233.35,233.05,233.2,24470,
2024-01-25 11:29:00+05:30,233.2,233.35,232.9,233.25,19270,
2024-01-25 11:30:00+05:30,233.25,233.95,233.25,233.85,73460,
2024-01-25 11:31:00+05:30,233.85,233.9,233.6,233.85,16670,
2024-01-25 11:32:00+05:30,233.85,234,233.8,234,17356,
2024-01-25 11:33:00+05:30,234,234.15,233.95,233.95,32336,
2024-01-25 11:34:00+05:30,233.9,233.9,233.75,233.8,16320,
2024-01-25 11:35:00+05:30,233.6,233.9,233.5,233.9,18254,
2024-01-25 11:36:00+05:30,233.9,234.25,233.9,234.1,31858,
2024-01-25 11:37:00+05:30,234.1,234.3,234.1,234.2,15896,
2024-01-25 11:38:00+05:30,234.2,234.2,233.9,234.15,19356,
2024-01-25 11:39:00+05:30,234.2,234.5,234.2,234.4,35772,
2024-01-25 11:40:00+05:30,234.4,234.5,234.4,234.45,22806,
2024-01-25 11:41:00+05:30,234.5,234.65,234.4,234.5,91738,
2024-01-25 11:42:00+05:30,234.5,234.65,234.5,234.65,16886,
2024-01-25 11:43:00+05:30,234.65,234.65,234.3,234.35,28190,
2024-01-25 11:44:00+05:30,234.3,234.6,234.3,234.4,43124,
2024-01-25 11:45:00+05:30,234.35,234.5,234.25,234.5,12854,
2024-01-25 11:46:00+05:30,234.5,234.5,233.7,234,36796,
2024-01-25 11:47:00+05:30,234,234.1,233.9,233.95,17448,
2024-01-25 11:48:00+05:30,233.95,234.1,233.7,233.95,24638,
2024-01-25 11:49:00+05:30,233.95,233.95,233.55,233.7,17180,
2024-01-25 11:50:00+05:30,233.7,233.8,233.65,233.7,18702,
2024-01-25 11:51:00+05:30,233.7,233.75,233.5,233.6,14108,
2024-01-25 11:52:00+05:30,233.6,233.8,233.4,233.7,36228,
2024-01-25 11:53:00+05:30,233.7,233.7,233.4,233.4,15600,
2024-01-25 11:54:00+05:30,233.4,233.4,233.3,233.4,11370,
2024-01-25 11:55:00+05:30,233.4,233.5,233.4,233.45,19180,
2024-01-25 11:56:00+05:30,233.45,233.45,233.35,233.4,16570,
2024-01-25 11:57:00+05:30,233.35,233.5,233.35,233.5,9560,
2024-01-25 11:58:00+05:30,233.5,233.5,233.25,233.25,42952,
2024-01-25 11:59:00+05:30,233.25,233.5,233.15,233.45,13444,
2024-01-25 12:00:00+05:30,233.45,233.75,233.3,233.35,18200,
2024-01-25 12:01:00+05:30,233.35,233.5,233.2,233.3,16884,
2024-01-25 12:02:00+05:30,233.35,233.5,233.3,233.35,14428,
2024-01-25 12:03:00+05:30,233.3,233.4,233.2,233.25,16694,
2024-01-25 12:04:00+05:30,233.25,233.35,233.05,233.35,19966,
2024-01-25 12:05:00+05:30,233.35,233.35,233.15,233.15,15640,
2024-01-25 12:06:00+05:30,233.25,233.25,233.15,233.25,12646,
2024-01-25 12:07:00+05:30,233.25,233.3,233.05,233.1,38080,
2024-01-25 12:08:00+05:30,233.1,233.3,232.95,233.25,12274,
2024-01-25 12:09:00+05:30,233.25,233.25,232.85,233.05,22008,
2024-01-25 12:10:00+05:30,233.1,233.1,232.9,232.9,20448,
2024-01-25 12:11:00+05:30,232.95,233.1,232.85,232.95,33218,
2024-01-25 12:12:00+05:30,232.95,233.2,232.95,233.05,15230,
2024-01-25 12:13:00+05:30,233.05,233.3,233,233.25,13862,
2024-01-25 12:14:00+05:30,233.25,233.25,233.05,233.1,14766,
2024-01-25 12:15:00+05:30,233.15,233.15,232.85,232.85,32356,
2024-01-25 12:16:00+05:30,232.9,233.25,232.9,233.15,26960,
2024-01-25 12:17:00+05:30,233.2,233.25,233,233.15,29922,
2024-01-25 12:18:00+05:30,233.15,233.15,232.7,232.85,45408,
2024-01-25 12:19:00+05:30,232.95,233.15,232.85,233.1,12454,
2024-01-25 12:20:00+05:30,233.15,233.15,232.85,233.05,18798,
2024-01-25 12:21:00+05:30,233.05,233.05,232.85,233.05,27900,
2024-01-25 12:22:00+05:30,233.05,233.25,232.8,233.15,27868,
2024-01-25 12:23:00+05:30,233.15,233.2,233.05,233.15,15122,
2024-01-25 12:24:00+05:30,233.15,233.2,233,233.1,22460,
2024-01-25 12:25:00+05:30,233.05,233.25,232.95,233.15,21130,
2024-01-25 12:26:00+05:30,233.15,233.3,233.05,233.15,64696,
2024-01-25 12:27:00+05:30,233.25,233.25,233.15,233.2,20040,
2024-01-25 12:28:00+05:30,233.2,233.25,233.05,233.25,16244,
2024-01-25 12:29:00+05:30,233.25,233.35,233.1,233.15,34522,
2024-01-25 12:30:00+05:30,233.15,233.25,233.05,233.25,19154,
2024-01-25 12:31:00+05:30,233.25,233.35,233.05,233.25,32006,
2024-01-25 12:32:00+05:30,233.25,233.35,233.1,233.25,21158,
2024-01-25 12:33:00+05:30,233.25,233.25,232.85,233.1,40786,
2024-01-25 12:34:00+05:30,233.1,233.25,233,233.15,23764,
2024-01-25 12:35:00+05:30,233.15,233.4,233.1,233.3,18648,
2024-01-25 12:36:00+05:30,233.3,233.35,233.2,233.25,13024,
2024-01-25 12:37:00+05:30,233.25,233.5,233.25,233.5,31152,
2024-01-25 12:38:00+05:30,233.4,233.5,233.4,233.4,18230,
2024-01-25 12:39:00+05:30,233.4,233.5,233.4,233.5,13814,
2024-01-25 12:40:00+05:30,233.5,233.55,233.5,233.5,19726,
2024-01-25 12:41:00+05:30,233.5,233.5,233.5,233.5,15844,
2024-01-25 12:42:00+05:30,233.5,233.55,233.2,233.3,45188,
2024-01-25 12:43:00+05:30,233.35,233.35,233.15,233.2,39254,
2024-01-25 12:44:00+05:30,233.2,233.35,233.15,233.2,21614,
2024-01-25 12:45:00+05:30,233.2,233.35,233.15,233.35,17796,
2024-01-25 12:46:00+05:30,233.35,233.7,233.35,233.7,18510,
2024-01-25 12:47:00+05:30,233.6,233.9,233.6,233.9,12802,
2024-01-25 12:48:00+05:30,233.9,234.15,233.9,233.9,34320,
2024-01-25 12:49:00+05:30,233.9,233.95,233.75,233.85,20274,
2024-01-25 12:50:00+05:30,233.85,233.95,233.65,233.9,22938,
2024-01-25 12:51:00+05:30,233.95,234,233.6,233.6,15486,
2024-01-25 12:52:00+05:30,233.6,233.65,233.35,233.6,25498,
2024-01-25 12:53:00+05:30,233.5,233.5,233.35,233.4,27362,
2024-01-25 12:54:00+05:30,233.35,233.8,233.35,233.6,37390,
2024-01-25 12:55:00+05:30,233.6,233.6,233.25,233.4,31970,
2024-01-25 12:56:00+05:30,233.35,233.5,233.35,233.45,30058,
2024-01-25 12:57:00+05:30,233.5,233.7,233.25,233.4,74870,
2024-01-25 12:58:00+05:30,233.4,233.6,233.35,233.5,45960,
2024-01-25 12:59:00+05:30,233.5,233.6,233.35,233.5,36406,
2024-01-25 13:00:00+05:30,233.45,233.9,233.4,233.75,33506,
2024-01-25 13:01:00+05:30,233.8,233.8,233.6,233.6,23520,
2024-01-25 13:02:00+05:30,233.7,233.95,233.6,233.9,35534,
2024-01-25 13:03:00+05:30,233.9,234,233.7,233.9,36850,
2024-01-25 13:04:00+05:30,233.9,234,233.7,233.85,30048,
2024-01-25 13:05:00+05:30,233.8,234.35,233.4,234.35,61740,
2024-01-25 13:06:00+05:30,234.4,234.4,233.95,234,45116,
2024-01-25 13:07:00+05:30,234.05,234.4,234,234.25,25154,
2024-01-25 13:08:00+05:30,234.25,234.4,234.2,234.3,15838,
2024-01-25 13:09:00+05:30,234.3,234.45,234.2,234.35,21396,
2024-01-25 13:10:00+05:30,234.35,234.45,234.2,234.3,26242,
2024-01-25 13:11:00+05:30,234.3,234.45,234.3,234.3,16388,
2024-01-25 13:12:00+05:30,234.3,234.45,234.25,234.4,29090,
2024-01-25 13:13:00+05:30,234.4,234.5,234.3,234.5,18472,
2024-01-25 13:14:00+05:30,234.5,234.5,234.35,234.5,13230,
2024-01-25 13:15:00+05:30,234.55,234.7,234.3,234.7,121006,
2024-01-25 13:16:00+05:30,234.65,234.8,234.6,234.7,100322,
2024-01-25 13:17:00+05:30,234.7,234.9,234.6,234.7,62426,
2024-01-25 13:18:00+05:30,234.7,234.75,234.55,234.7,24806,
2024-01-25 13:19:00+05:30,234.75,234.95,234.7,234.9,88196,
2024-01-25 13:20:00+05:30,234.9,235.3,234.85,235.25,319136,
2024-01-25 13:21:00+05:30,235.25,236.6,235.15,236.15,617022,
2024-01-25 13:22:00+05:30,236.15,236.3,235.75,236.15,124368,
2024-01-25 13:23:00+05:30,236.15,236.25,235.15,235.35,108694,
2024-01-25 13:24:00+05:30,235.25,235.55,234.85,234.85,154404,
2024-01-25 13:25:00+05:30,234.85,234.9,234.15,234.5,182762,
2024-01-25 13:26:00+05:30,234.7,234.7,234,234.1,91074,
2024-01-25 13:27:00+05:30,234.1,234.6,233.7,234.1,111584,
2024-01-25 13:28:00+05:30,234.15,234.25,232.25,232.7,247848,
2024-01-25 13:29:00+05:30,232.65,232.75,230.15,231.1,387996,
2024-01-25 13:30:00+05:30,231.1,231.2,228.7,230.35,426192,
2024-01-25 13:31:00+05:30,229.95,230.25,229.1,229.65,166160,
2024-01-25 13:32:00+05:30,229.65,230.15,229.05,230.15,118322,
2024-01-25 13:33:00+05:30,229.95,230.15,228.8,228.8,136598,
2024-01-25 13:34:00+05:30,228.85,230.2,228.85,229.55,93532,
2024-01-25 13:35:00+05:30,229.55,230.15,229.55,230.05,60364,
2024-01-25 13:36:00+05:30,230.05,230.45,229.15,229.35,136656,
2024-01-25 13:37:00+05:30,229.2,229.65,228.9,229.45,99216,
2024-01-25 13:38:00+05:30,229.4,230.2,229.2,229.65,127448,
2024-01-25 13:39:00+05:30,229.65,229.75,228.5,228.6,115522,
2024-01-25 13:40:00+05:30,228.6,229.25,228.35,229.15,124122,
2024-01-25 13:41:00+05:30,229.35,229.7,229.15,229.15,75274,
2024-01-25 13:42:00+05:30,229.2,229.55,229.05,229.35,71426,
2024-01-25 13:43:00+05:30,229.4,229.55,228.3,228.7,266698,
2024-01-25 13:44:00+05:30,228.7,229.25,228.7,228.7,283682,
2024-01-25 13:45:00+05:30,228.7,229.5,228.5,228.95,99150,
2024-01-25 13:46:00+05:30,228.9,229.25,228.65,228.85,159354,
2024-01-25 13:47:00+05:30,228.9,229.65,228.85,229.45,56174,
2024-01-25 13:48:00+05:30,229.45,229.55,228.85,229,56926,
2024-01-25 13:49:00+05:30,229,229.35,228.95,229.3,31716,
2024-01-25 13:50:00+05:30,229.3,230.15,229.2,230.15,286452,
2024-01-25 13:51:00+05:30,230.25,230.4,229.55,230.1,116694,
2024-01-25 13:52:00+05:30,230.15,230.6,229.95,230.4,44542,
2024-01-25 13:53:00+05:30,230.4,230.5,230.25,230.35,52112,
2024-01-25 13:54:00+05:30,230.35,231.05,230.3,231,91564,
2024-01-25 13:55:00+05:30,231,232.3,231,232.05,166286,
2024-01-25 13:56:00+05:30,232.05,232.25,231.1,231.2,96364,
2024-01-25 13:57:00+05:30,231,231.7,231,231.2,69696,
2024-01-25 13:58:00+05:30,231.3,231.4,230.9,231.1,34200,
2024-01-25 13:59:00+05:30,231.1,231.1,230.15,230.2,49068,
2024-01-25 14:00:00+05:30,230.3,231.1,230.3,230.8,74708,
2024-01-25 14:01:00+05:30,230.8,231,230.4,230.4,21070,
2024-01-25 14:02:00+05:30,230.4,231.1,229.75,231.1,68908,
2024-01-25 14:03:00+05:30,231.1,231.4,230.75,230.75,58960,
2024-01-25 14:04:00+05:30,230.75,231.2,230.5,231.1,49794,
2024-01-25 14:05:00+05:30,231.15,231.35,230.9,231.2,38796,
2024-01-25 14:06:00+05:30,231.2,231.35,231.1,231.1,28968,
2024-01-25 14:07:00+05:30,231.2,231.4,231.1,231.3,20150,
2024-01-25 14:08:00+05:30,231.2,231.3,230.9,231,22752,
2024-01-25 14:09:00+05:30,231,231.65,231,231.4,33402,
2024-01-25 14:10:00+05:30,231.55,231.55,231.1,231.1,23310,
2024-01-25 14:11:00+05:30,231.1,231.5,231.05,231.35,27562,
2024-01-25 14:12:00+05:30,231.35,231.4,231,231,34502,
2024-01-25 14:13:00+05:30,230.95,231.1,230.75,230.75,24192,
2024-01-25 14:14:00+05:30,230.85,231.15,230.85,230.9,40272,
2024-01-25 14:15:00+05:30,230.95,231,229.95,230.6,90048,
2024-01-25 14:16:00+05:30,230.6,230.95,230.45,230.8,34196,
2024-01-25 14:17:00+05:30,230.8,230.85,230.5,230.65,17086,
2024-01-25 14:18:00+05:30,230.65,230.85,230.4,230.8,31286,
2024-01-25 14:19:00+05:30,230.75,230.8,230.45,230.5,17012,
2024-01-25 14:20:00+05:30,230.5,230.7,230.4,230.5,14622,
2024-01-25 14:21:00+05:30,230.5,230.6,230.3,230.4,22712,
2024-01-25 14:22:00+05:30,230.4,230.5,230.3,230.4,21400,
2024-01-25 14:23:00+05:30,230.4,230.6,229.8,229.95,40076,
2024-01-25 14:24:00+05:30,230,230.25,229.8,229.85,32232,
2024-01-25 14:25:00+05:30,229.85,230.15,229.85,230,26450,
2024-01-25 14:26:00+05:30,230.15,230.25,230,230.25,22526,
2024-01-25 14:27:00+05:30,230.2,230.3,229.9,230.05,25606,
2024-01-25 14:28:00+05:30,230.1,230.3,229.9,230.25,74670,
2024-01-25 14:29:00+05:30,230.25,230.3,230,230,25704,
2024-01-25 14:30:00+05:30,230.05,230.45,230,230.3,20298,
2024-01-25 14:31:00+05:30,230.3,230.4,230.05,230.4,26164,
2024-01-25 14:32:00+05:30,230.4,230.5,230,230,48142,
2024-01-25 14:33:00+05:30,229.95,230.25,229.85,230.05,31848,
2024-01-25 14:34:00+05:30,230.15,230.15,229.75,230.15,32806,
2024-01-25 14:35:00+05:30,230.15,230.15,229.75,229.85,21226,
2024-01-25 14:36:00+05:30,229.85,229.85,229.5,229.75,65478,
2024-01-25 14:37:00+05:30,229.75,230.05,229.65,229.65,21538,
2024-01-25 14:38:00+05:30,229.65,229.95,229.65,229.65,17248,
2024-01-25 14:39:00+05:30,229.75,229.75,229.55,229.75,20990,
2024-01-25 14:40:00+05:30,229.75,230.05,229.6,230.05,32924,
2024-01-25 14:41:00+05:30,229.95,230.25,229.95,230.05,24080,
2024-01-25 14:42:00+05:30,230.1,230.1,229.75,229.75,21142,
2024-01-25 14:43:00+05:30,229.75,229.85,229.55,229.55,46740,
2024-01-25 14:44:00+05:30,229.55,229.75,229.55,229.65,21052,
2024-01-25 14:45:00+05:30,229.65,229.75,229.55,229.7,47908,
2024-01-25 14:46:00+05:30,229.7,230.05,229.45,230.05,28284,
2024-01-25 14:47:00+05:30,230.05,230.1,229.65,229.65,112210,
2024-01-25 14:48:00+05:30,229.65,229.9,229.65,229.75,25464,
2024-01-25 14:49:00+05:30,229.75,229.85,229.65,229.8,20340,
2024-01-25 14:50:00+05:30,229.85,229.85,229.65,229.75,21422,
2024-01-25 14:51:00+05:30,229.75,229.75,229.45,229.45,38806,
2024-01-25 14:52:00+05:30,229.55,229.55,229.45,229.55,23762,
2024-01-25 14:53:00+05:30,229.55,229.75,229.45,229.55,58636,
2024-01-25 14:54:00+05:30,229.55,229.65,229.5,229.65,19872,
2024-01-25 14:55:00+05:30,229.65,229.65,229.55,229.55,23702,
2024-01-25 14:56:00+05:30,229.6,230.15,229.55,230.1,48314,
2024-01-25 14:57:00+05:30,230.15,230.6,229.95,230.45,108606,
2024-01-25 14:58:00+05:30,230.45,230.5,230.05,230.05,35676,
2024-01-25 14:59:00+05:30,230.15,230.2,229.95,230.15,32520,
2024-01-25 15:00:00+05:30,230.05,230.7,230.05,230.7,86022,
2024-01-25 15:01:00+05:30,230.7,231.2,230.7,231.2,86712,
2024-01-25 15:02:00+05:30,231.2,231.4,231.1,231.25,103298,
2024-01-25 15:03:00+05:30,231.25,231.6,231.2,231.5,58686,
2024-01-25 15:04:00+05:30,231.6,231.65,231.1,231.2,54076,
2024-01-25 15:05:00+05:30,231.2,231.6,231.2,231.5,56972,
2024-01-25 15:06:00+05:30,231.5,231.6,231.2,231.35,57278,
2024-01-25 15:07:00+05:30,231.3,231.45,231.1,231.2,57046,
2024-01-25 15:08:00+05:30,231.2,231.5,231.15,231.3,76436,
2024-01-25 15:09:00+05:30,231.4,231.5,231.3,231.35,61220,
2024-01-25 15:10:00+05:30,231.35,231.5,230.25,230.25,122338,
2024-01-25 15:11:00+05:30,230.35,230.4,229.75,229.95,169564,
2024-01-25 15:12:00+05:30,230.05,230.15,229.75,229.95,124424,
2024-01-25 15:13:00+05:30,229.95,230,229.1,229.15,180576,
2024-01-25 15:14:00+05:30,229.1,229.45,228.9,229.05,129698,
2024-01-25 15:15:00+05:30,229,229.15,228.75,229.05,107470,
2024-01-25 15:16:00+05:30,229.1,229.15,228.75,228.9,102962,
2024-01-25 15:17:00+05:30,228.95,229.25,228.9,229.1,90186,
2024-01-25 15:18:00+05:30,229.1,229.25,228.85,229.15,146914,
2024-01-25 15:19:00+05:30,229.15,229.65,229.1,229.65,121426,
2024-01-25 15:20:00+05:30,229.6,229.65,228.75,228.95,228968,
2024-01-25 15:21:00+05:30,228.95,229.55,228.95,229.55,125824,
2024-01-25 15:22:00+05:30,229.55,229.65,229.4,229.6,97262,
2024-01-25 15:23:00+05:30,229.55,229.7,229.5,229.65,91294,
2024-01-25 15:24:00+05:30,229.6,229.75,229.45,229.55,106144,
2024-01-25 15:25:00+05:30,229.6,229.75,229.3,229.3,145912,
2024-01-25 15:26:00+05:30,229.35,229.65,229.25,229.65,82636,
2024-01-25 15:27:00+05:30,229.65,229.9,229.5,229.75,103368,
2024-01-25 15:28:00+05:30,229.75,229.75,228.2,229.75,190798,
2024-01-25 15:29:00+05:30,229.7,229.9,228.7,229.85,52852,
2024-01-29 09:15:00+05:30,229.65,229.65,227.8,228,134480,
2024-01-29 09:16:00+05:30,227.9,228.6,227.4,228.6,132974,
2024-01-29 09:17:00+05:30,228.6,228.7,228.05,228.4,54726,
2024-01-29 09:18:00+05:30,228.4,229.15,228.35,228.95,43170,
2024-01-29 09:19:00+05:30,229.15,230.15,228.7,228.85,127136,
2024-01-29 09:20:00+05:30,228.95,229.55,228.95,229.55,38744,
2024-01-29 09:21:00+05:30,229.55,229.55,228.8,229.35,62682,
2024-01-29 09:22:00+05:30,229.35,229.45,229,229.25,86524,
2024-01-29 09:23:00+05:30,229.35,229.85,229.25,229.65,31916,
2024-01-29 09:24:00+05:30,229.65,230.05,229.45,229.85,46236,
2024-01-29 09:25:00+05:30,229.95,230.05,229.7,230.05,29086,
2024-01-29 09:26:00+05:30,230.05,230.25,229.75,230.25,29446,
2024-01-29 09:27:00+05:30,230.25,230.3,229.55,229.85,54596,
2024-01-29 09:28:00+05:30,229.95,229.95,229.6,229.9,40040,
2024-01-29 09:29:00+05:30,229.85,229.9,229.45,229.75,30754,
2024-01-29 09:30:00+05:30,229.85,229.95,229.6,229.85,23442,
2024-01-29 09:31:00+05:30,229.9,230.15,229.9,230.15,14058,
2024-01-29 09:32:00+05:30,230.1,230.3,229.95,230.1,55526,
2024-01-29 09:33:00+05:30,230.05,230.3,230.05,230.25,25310,
2024-01-29 09:34:00+05:30,230.55,230.9,230.4,230.75,52942,
2024-01-29 09:35:00+05:30,230.75,231.2,230.6,231.05,44612,
2024-01-29 09:36:00+05:30,231.1,231.5,231,231.2,40744,
2024-01-29 09:37:00+05:30,231.2,231.65,231.1,231.35,40136,
2024-01-29 09:38:00+05:30,231.4,231.8,231.4,231.5,38740,
2024-01-29 09:39:00+05:30,231.6,231.6,231.25,231.3,28786,
2024-01-29 09:40:00+05:30,231.45,231.6,231.35,231.5,28578,
2024-01-29 09:41:00+05:30,231.5,231.8,231.5,231.6,39908,
2024-01-29 09:42:00+05:30,231.6,231.8,231.4,231.7,20992,
2024-01-29 09:43:00+05:30,231.7,231.8,231.6,231.6,38252,
2024-01-29 09:44:00+05:30,231.6,231.95,231.6,231.95,30894,
2024-01-29 09:45:00+05:30,231.95,232.05,231.75,231.85,21662,
2024-01-29 09:46:00+05:30,231.85,232.05,231.8,231.95,20680,
2024-01-29 09:47:00+05:30,231.95,232.25,231.8,232.05,54040,
2024-01-29 09:48:00+05:30,232.15,232.25,231.8,232.1,37560,
2024-01-29 09:49:00+05:30,232.15,232.15,231.7,231.8,35576,
2024-01-29 09:50:00+05:30,231.85,232.15,231.8,232,24828,
2024-01-29 09:51:00+05:30,231.95,232.1,231.85,231.85,21046,
2024-01-29 09:52:00+05:30,231.9,232.2,231.9,232.2,23462,
2024-01-29 09:53:00+05:30,232.1,232.3,231.8,231.85,35604,
2024-01-29 09:54:00+05:30,231.85,231.95,231.8,231.95,24050,
2024-01-29 09:55:00+05:30,231.95,232.15,231.85,232.1,24502,
2024-01-29 09:56:00+05:30,232.05,232.25,232.05,232.15,48150,
2024-01-29 09:57:00+05:30,232.25,232.5,232.2,232.35,32882,
2024-01-29 09:58:00+05:30,232.35,232.6,232.15,232.25,126616,
2024-01-29 09:59:00+05:30,232.25,232.45,232.15,232.3,15732,
2024-01-29 10:00:00+05:30,232.35,232.65,232.35,232.65,35506,
2024-01-29 10:01:00+05:30,232.65,232.65,232.35,232.35,21448,
2024-01-29 10:02:00+05:30,232.4,232.45,232.35,232.35,22606,
2024-01-29 10:03:00+05:30,232.35,232.55,232.35,232.45,24468,
2024-01-29 10:04:00+05:30,232.45,232.45,232.25,232.45,15076,
2024-01-29 10:05:00+05:30,232.4,232.45,232.15,232.25,18408,
2024-01-29 10:06:00+05:30,232.35,232.35,232.15,232.15,15240,
2024-01-29 10:07:00+05:30,232.15,232.25,231.95,232.05,30084,
2024-01-29 10:08:00+05:30,232.1,232.15,231.85,232.05,18630,
2024-01-29 10:09:00+05:30,232.05,232.15,231.8,231.8,15246,
2024-01-29 10:10:00+05:30,231.8,231.9,231.7,231.8,24668,
2024-01-29 10:11:00+05:30,231.85,231.85,231.75,231.8,10964,
2024-01-29 10:12:00+05:30,231.7,231.8,231.65,231.8,8170,
2024-01-29 10:13:00+05:30,231.8,231.95,231.7,231.7,26376,
2024-01-29 10:14:00+05:30,231.8,232.15,231.75,232.15,17776,
2024-01-29 10:15:00+05:30,232.05,232.35,232.05,232.3,29534,
2024-01-29 10:16:00+05:30,232.35,232.4,232.2,232.25,15548,
2024-01-29 10:17:00+05:30,232.25,232.25,231.95,232.05,10872,
2024-01-29 10:18:00+05:30,231.95,232.15,231.95,232.15,8460,
2024-01-29 10:19:00+05:30,232.05,232.15,231.8,231.8,17534,
2024-01-29 10:20:00+05:30,231.8,231.8,231.15,231.15,53712,
2024-01-29 10:21:00+05:30,231.35,231.4,231.1,231.2,20086,
2024-01-29 10:22:00+05:30,231.1,231.2,230.8,231.1,32622,
2024-01-29 10:23:00+05:30,231.15,231.6,231.15,231.6,18540,
2024-01-29 10:24:00+05:30,231.6,231.6,231.3,231.4,14598,
2024-01-29 10:25:00+05:30,231.4,231.5,231.4,231.4,5216,
2024-01-29 10:26:00+05:30,231.5,231.5,231.1,231.3,17276,
2024-01-29 10:27:00+05:30,231.15,231.3,230.85,230.9,23802,
2024-01-29 10:28:00+05:30,231,231,230.5,230.8,31902,
2024-01-29 10:29:00+05:30,230.8,231,230.6,230.65,19180,
2024-01-29 10:30:00+05:30,230.8,230.85,230.4,230.6,14556,
2024-01-29 10:31:00+05:30,230.7,230.85,230.55,230.75,12966,
2024-01-29 10:32:00+05:30,230.8,231.05,230.75,230.75,12452,
2024-01-29 10:33:00+05:30,230.7,231.05,230.7,231,7334,
2024-01-29 10:34:00+05:30,231,231,230.65,230.7,5462,
2024-01-29 10:35:00+05:30,230.85,231.05,230.7,231.05,15446,
2024-01-29 10:36:00+05:30,231.1,231.75,231.1,231.7,35764,
2024-01-29 10:37:00+05:30,231.7,232.15,231.7,231.95,32730,
2024-01-29 10:38:00+05:30,231.95,232.15,231.85,232.05,25034,
2024-01-29 10:39:00+05:30,232.05,232.25,231.85,232.25,22820,
2024-01-29 10:40:00+05:30,232.15,232.45,232.15,232.25,27576,
2024-01-29 10:41:00+05:30,232.25,232.5,232.15,232.15,37472,
2024-01-29 10:42:00+05:30,232.15,232.35,232.05,232.05,15432,
2024-01-29 10:43:00+05:30,232.05,232.3,232.05,232.25,7146,
2024-01-29 10:44:00+05:30,232.25,232.45,232.25,232.4,21718,
2024-01-29 10:45:00+05:30,232.35,232.35,232.25,232.3,9392,
2024-01-29 10:46:00+05:30,232.3,232.35,232.1,232.25,21092,
2024-01-29 10:47:00+05:30,232.15,232.3,232.05,232.15,18480,
2024-01-29 10:48:00+05:30,232.15,232.25,232.1,232.15,9538,
2024-01-29 10:49:00+05:30,232.15,232.4,232.15,232.4,16902,
2024-01-29 10:50:00+05:30,232.25,232.5,232.25,232.4,60924,
2024-01-29 10:51:00+05:30,232.35,232.5,232.35,232.4,14916,
2024-01-29 10:52:00+05:30,232.45,233.05,232.35,232.75,206598,
2024-01-29 10:53:00+05:30,232.85,233.25,232.75,233.25,64398,
2024-01-29 10:54:00+05:30,233.15,233.4,232.75,232.8,55104,
2024-01-29 10:55:00+05:30,232.85,233.3,232.85,233.2,25590,
2024-01-29 10:56:00+05:30,233.2,233.35,232.5,232.6,112342,
2024-01-29 10:57:00+05:30,232.6,232.95,232.55,232.85,77536,
2024-01-29 10:58:00+05:30,232.85,233.15,232.7,233,30100,
2024-01-29 10:59:00+05:30,233,233.15,232.85,233.05,33542,
2024-01-29 11:00:00+05:30,233.05,233.1,232.85,232.95,28088,
2024-01-29 11:01:00+05:30,232.95,233.15,232.95,233.05,17102,
2024-01-29 11:02:00+05:30,233.15,233.5,233.1,233.5,46960,
2024-01-29 11:03:00+05:30,233.5,233.7,233.45,233.5,76012,
2024-01-29 11:04:00+05:30,233.5,234.25,233.5,234.05,89232,
2024-01-29 11:05:00+05:30,234.1,234.25,234.1,234.15,39078,
2024-01-29 11:06:00+05:30,234.15,234.4,234,234.4,31232,
2024-01-29 11:07:00+05:30,234.35,234.6,234.1,234.25,78674,
2024-01-29 11:08:00+05:30,234.2,234.5,234.2,234.45,19316,
2024-01-29 11:09:00+05:30,234.4,234.6,234.4,234.45,68528,
2024-01-29 11:10:00+05:30,234.5,234.5,234.25,234.4,39880,
2024-01-29 11:11:00+05:30,234.35,234.45,234.1,234.25,26470,
2024-01-29 11:12:00+05:30,234.3,234.65,234.3,234.3,63980,
2024-01-29 11:13:00+05:30,234.3,234.75,234.3,234.6,46990,
2024-01-29 11:14:00+05:30,234.5,234.5,234.15,234.4,26362,
2024-01-29 11:15:00+05:30,234.4,234.6,234.4,234.5,34768,
2024-01-29 11:16:00+05:30,234.5,234.6,234.4,234.6,19498,
2024-01-29 11:17:00+05:30,234.55,234.9,234.55,234.9,54288,
2024-01-29 11:18:00+05:30,234.8,234.9,234.65,234.75,24622,
2024-01-29 11:19:00+05:30,234.75,234.8,234.15,234.45,41050,
2024-01-29 11:20:00+05:30,234.45,234.65,234.4,234.5,27276,
2024-01-29 11:21:00+05:30,234.55,234.6,233.8,233.9,50704,
2024-01-29 11:22:00+05:30,233.9,234.65,233.85,234.3,49880,
2024-01-29 11:23:00+05:30,234.2,234.85,234,234.85,96328,
2024-01-29 11:24:00+05:30,234.75,234.9,234.65,234.7,48052,
2024-01-29 11:25:00+05:30,234.65,235.1,234.6,235,254892,
2024-01-29 11:26:00+05:30,235,235.2,234.9,234.9,45756,
2024-01-29 11:27:00+05:30,234.95,234.95,234.9,234.9,21502,
2024-01-29 11:28:00+05:30,234.9,235.05,234.85,235,31514,
2024-01-29 11:29:00+05:30,235,235.45,234.95,235.3,76776,
2024-01-29 11:30:00+05:30,235.35,235.7,235.3,235.45,109010,
2024-01-29 11:31:00+05:30,235.55,235.85,235.45,235.65,35792,
2024-01-29 11:32:00+05:30,235.65,235.85,235.45,235.8,35734,
2024-01-29 11:33:00+05:30,235.65,235.95,235.55,235.65,51684,
2024-01-29 11:34:00+05:30,235.65,235.8,235.55,235.8,56890,
2024-01-29 11:35:00+05:30,235.8,236.1,235.75,235.95,109442,
2024-01-29 11:36:00+05:30,236,236.2,235.95,236.2,45372,
2024-01-29 11:37:00+05:30,236.35,236.35,236,236.05,77584,
2024-01-29 11:38:00+05:30,236.05,236.25,235.95,236.15,24860,
2024-01-29 11:39:00+05:30,236.1,236.35,236.05,236.35,79764,
2024-01-29 11:40:00+05:30,236.35,236.45,236.25,236.45,89118,
2024-01-29 11:41:00+05:30,236.45,236.45,235.95,236.05,41930,
2024-01-29 11:42:00+05:30,236.05,236.3,235.85,236.2,43302,
2024-01-29 11:43:00+05:30,236.2,236.35,236.05,236.25,43290,
2024-01-29 11:44:00+05:30,236.25,236.25,236.05,236.25,20162,
2024-01-29 11:45:00+05:30,236.25,236.45,236.15,236.35,89312,
2024-01-29 11:46:00+05:30,236.35,236.9,236.2,236.85,210716,
2024-01-29 11:47:00+05:30,236.8,236.9,236.45,236.5,65308,
2024-01-29 11:48:00+05:30,236.5,236.5,236.1,236.15,77122,
2024-01-29 11:49:00+05:30,236.2,236.25,235.75,235.9,45774,
2024-01-29 11:50:00+05:30,235.9,236.25,235.7,236.15,71926,
2024-01-29 11:51:00+05:30,236.2,236.45,236.1,236.25,23412,
2024-01-29 11:52:00+05:30,236.45,236.45,236.15,236.15,18424,
2024-01-29 11:53:00+05:30,236.15,236.25,236.05,236.25,18996,
2024-01-29 11:54:00+05:30,236.15,236.45,236.15,236.35,38284,
2024-01-29 11:55:00+05:30,236.35,236.4,236.05,236.05,38132,
2024-01-29 11:56:00+05:30,236.05,236.05,235.9,236.05,30016,
2024-01-29 11:57:00+05:30,235.95,236.15,235.85,235.85,110782,
2024-01-29 11:58:00+05:30,235.85,235.9,235.3,235.4,40866,
2024-01-29 11:59:00+05:30,235.45,236.25,235.4,236.2,63460,
2024-01-29 12:00:00+05:30,236.2,236.9,236.15,236.7,173818,
2024-01-29 12:01:00+05:30,236.6,236.85,236.45,236.45,98682,
2024-01-29 12:02:00+05:30,236.6,236.6,236.15,236.15,29026,
2024-01-29 12:03:00+05:30,236.15,236.25,236.15,236.25,8980,
2024-01-29 12:04:00+05:30,236.25,236.3,236.1,236.3,16344,
2024-01-29 12:05:00+05:30,236.2,236.4,236.15,236.25,18892,
2024-01-29 12:06:00+05:30,236.25,236.7,236.25,236.6,31670,
2024-01-29 12:07:00+05:30,236.6,236.9,236.5,236.9,88840,
2024-01-29 12:08:00+05:30,236.9,236.9,236.5,236.5,16356,
2024-01-29 12:09:00+05:30,236.5,236.6,236.5,236.5,9790,
2024-01-29 12:10:00+05:30,236.5,236.5,236.25,236.3,32930,
2024-01-29 12:11:00+05:30,236.35,236.35,236.05,236.05,25518,
2024-01-29 12:12:00+05:30,236.05,236.35,236.05,236.2,22840,
2024-01-29 12:13:00+05:30,236.25,236.35,236.15,236.15,14946,
2024-01-29 12:14:00+05:30,236.15,236.45,235.85,236.45,43548,
2024-01-29 12:15:00+05:30,236.45,236.45,236.3,236.45,16668,
2024-01-29 12:16:00+05:30,236.45,236.45,236.35,236.4,15326,
2024-01-29 12:17:00+05:30,236.35,236.45,236.15,236.4,47666,
2024-01-29 12:18:00+05:30,236.35,236.6,236.25,236.5,53884,
2024-01-29 12:19:00+05:30,236.55,236.55,236.35,236.5,22128,
2024-01-29 12:20:00+05:30,236.5,236.65,236.45,236.45,25210,
2024-01-29 12:21:00+05:30,236.45,236.45,236.2,236.35,7744,
2024-01-29 12:22:00+05:30,236.4,236.45,236.25,236.45,21130,
2024-01-29 12:23:00+05:30,236.45,236.45,236.3,236.45,11538,
2024-01-29 12:24:00+05:30,236.35,236.45,236.25,236.4,24330,
2024-01-29 12:25:00+05:30,236.4,236.4,236.25,236.35,3602,
2024-01-29 12:26:00+05:30,236.35,236.35,235.95,236.25,28870,
2024-01-29 12:27:00+05:30,236.25,236.3,236.15,236.2,13212,
2024-01-29 12:28:00+05:30,236.25,236.25,236.2,236.2,20364,
2024-01-29 12:29:00+05:30,236.2,236.25,236.15,236.2,20856,
2024-01-29 12:30:00+05:30,236.2,236.5,236.15,236.5,26316,
2024-01-29 12:31:00+05:30,236.5,236.85,236.5,236.8,148748,
2024-01-29 12:32:00+05:30,236.7,236.9,236.7,236.85,14270,
2024-01-29 12:33:00+05:30,236.85,237.2,236.8,237.2,132182,
2024-01-29 12:34:00+05:30,237.2,237.25,236.9,237.25,66878,
2024-01-29 12:35:00+05:30,237.3,237.35,237.1,237.3,77332,
2024-01-29 12:36:00+05:30,237.3,237.35,237.15,237.3,85134,
2024-01-29 12:37:00+05:30,237.3,237.3,237.1,237.1,36138,
2024-01-29 12:38:00+05:30,237.1,237.35,237.05,237.2,39042,
2024-01-29 12:39:00+05:30,237.2,237.3,237.1,237.3,20086,
2024-01-29 12:40:00+05:30,237.3,237.4,237.25,237.25,29260,
2024-01-29 12:41:00+05:30,237.25,237.4,237.25,237.35,27448,
2024-01-29 12:42:00+05:30,237.3,237.3,237,237.05,54136,
2024-01-29 12:43:00+05:30,237,237.1,237,237,20300,
2024-01-29 12:44:00+05:30,237.05,237.15,237,237.15,9020,
2024-01-29 12:45:00+05:30,237.15,237.3,237.1,237.3,16222,
2024-01-29 12:46:00+05:30,237.3,237.3,237.1,237.15,23812,
2024-01-29 12:47:00+05:30,237.2,237.2,237,237,17314,
2024-01-29 12:48:00+05:30,237.1,237.15,236.95,237,26582,
2024-01-29 12:49:00+05:30,237,237.1,237,237.1,12764,
2024-01-29 12:50:00+05:30,237.1,237.2,237.05,237.15,21350,
2024-01-29 12:51:00+05:30,237.15,237.2,237.1,237.2,10620,
2024-01-29 12:52:00+05:30,237.2,237.3,237.1,237.15,27654,
2024-01-29 12:53:00+05:30,237.15,237.15,236.9,236.95,19080,
2024-01-29 12:54:00+05:30,236.9,237.1,236.8,237.05,25882,
2024-01-29 12:55:00+05:30,237,237.1,236.95,237,5918,
2024-01-29 12:56:00+05:30,237,237.05,236.9,237,19498,
2024-01-29 12:57:00+05:30,237,237.2,237,237.1,24000,
2024-01-29 12:58:00+05:30,237.2,237.3,237.15,237.3,20462,
2024-01-29 12:59:00+05:30,237.3,237.35,237.3,237.35,22694,
2024-01-29 13:00:00+05:30,237.35,237.35,237.1,237.15,34904,
2024-01-29 13:01:00+05:30,237.1,237.25,237.1,237.2,13766,
2024-01-29 13:02:00+05:30,237.1,237.35,237.1,237.3,14684,
2024-01-29 13:03:00+05:30,237.3,237.4,237.2,237.3,40866,
2024-01-29 13:04:00+05:30,237.4,237.4,237.25,237.3,157788,
2024-01-29 13:05:00+05:30,237.3,237.4,237.1,237.1,91784,
2024-01-29 13:06:00+05:30,237.1,237.4,237.1,237.35,21730,
2024-01-29 13:07:00+05:30,237.35,237.4,237.1,237.15,20514,
2024-01-29 13:08:00+05:30,237.15,237.2,236.5,236.55,27120,
2024-01-29 13:09:00+05:30,236.5,236.9,236.45,236.5,60144,
2024-01-29 13:10:00+05:30,236.5,237,236.5,236.9,14896,
2024-01-29 13:11:00+05:30,237.1,237.3,237.1,237.2,15400,
2024-01-29 13:12:00+05:30,237.25,237.4,237.25,237.4,90236,
2024-01-29 13:13:00+05:30,237.4,237.65,237.35,237.55,160420,
2024-01-29 13:14:00+05:30,237.6,237.65,237.45,237.45,37108,
2024-01-29 13:15:00+05:30,237.5,238,237.5,237.9,120028,
2024-01-29 13:16:00+05:30,237.9,237.9,237.6,237.75,22350,
2024-01-29 13:17:00+05:30,237.75,237.75,237.25,237.4,36518,
2024-01-29 13:18:00+05:30,237.15,237.4,237.1,237.2,21292,
2024-01-29 13:19:00+05:30,237.2,237.3,236.9,236.9,26150,
2024-01-29 13:20:00+05:30,237,237.2,236.9,237.1,15342,
2024-01-29 13:21:00+05:30,237.05,237.3,237,237.2,24468,
2024-01-29 13:22:00+05:30,237.2,237.2,236.75,236.9,34146,
2024-01-29 13:23:00+05:30,236.85,237,236.8,236.9,24928,
2024-01-29 13:24:00+05:30,236.95,237.15,236.9,237.15,24434,
2024-01-29 13:25:00+05:30,237.1,237.2,236.9,237.1,25360,
2024-01-29 13:26:00+05:30,237,237.05,236.6,236.85,22988,
2024-01-29 13:27:00+05:30,236.85,236.9,236.8,236.85,7112,
2024-01-29 13:28:00+05:30,236.8,236.85,236.75,236.8,15208,
2024-01-29 13:29:00+05:30,236.75,236.8,236.5,236.5,34560,
2024-01-29 13:30:00+05:30,236.5,236.5,236.15,236.25,45582,
2024-01-29 13:31:00+05:30,236.35,236.45,236.25,236.25,18824,
2024-01-29 13:32:00+05:30,236.25,236.45,236.2,236.4,18250,
2024-01-29 13:33:00+05:30,236.25,236.5,236.25,236.45,13492,
2024-01-29 13:34:00+05:30,236.35,236.5,236.3,236.3,43800,
2024-01-29 13:35:00+05:30,236.3,236.35,236.3,236.35,9198,
2024-01-29 13:36:00+05:30,236.35,236.65,236.35,236.5,16794,
2024-01-29 13:37:00+05:30,236.45,236.5,233.8,234.8,675934,
2024-01-29 13:38:00+05:30,234.95,236.05,234.85,235.35,231552,
2024-01-29 13:39:00+05:30,235.3,237.5,235.25,236.3,410124,
2024-01-29 13:40:00+05:30,236.3,236.45,234.95,235.25,243278,
2024-01-29 13:41:00+05:30,235.25,235.95,234.6,234.9,234032,
2024-01-29 13:42:00+05:30,234.8,234.85,233.6,233.9,514550,
2024-01-29 13:43:00+05:30,233.9,235.85,233.9,235.85,295156,
2024-01-29 13:44:00+05:30,235.85,235.85,234.8,234.8,175256,
2024-01-29 13:45:00+05:30,234.85,235.9,234.85,235.7,88338,
2024-01-29 13:46:00+05:30,235.75,236.5,235.75,236.25,161810,
2024-01-29 13:47:00+05:30,236.25,237.9,236.25,237.4,487590,
2024-01-29 13:48:00+05:30,237.3,238.1,237.25,238.05,182302,
2024-01-29 13:49:00+05:30,237.95,238.85,237.9,238.75,369742,
2024-01-29 13:50:00+05:30,238.75,239.35,238.65,239,454782,
2024-01-29 13:51:00+05:30,239.05,239.6,238.75,239.25,278018,
2024-01-29 13:52:00+05:30,239.15,239.45,238.55,238.65,207436,
2024-01-29 13:53:00+05:30,238.75,238.95,238.3,238.55,103196,
2024-01-29 13:54:00+05:30,238.65,238.8,238,238.05,121778,
2024-01-29 13:55:00+05:30,238.15,238.55,238.15,238.35,109462,
2024-01-29 13:56:00+05:30,238.4,238.85,238.35,238.65,123930,
2024-01-29 13:57:00+05:30,238.65,239.35,238.65,239.35,269812,
2024-01-29 13:58:00+05:30,239.35,239.8,239.1,239.55,289852,
2024-01-29 13:59:00+05:30,239.55,239.6,238.65,238.75,171830,
2024-01-29 14:00:00+05:30,238.8,239.15,238.65,238.8,75114,
2024-01-29 14:01:00+05:30,238.7,238.95,238.55,238.75,79618,
2024-01-29 14:02:00+05:30,238.7,238.7,238.3,238.6,51946,
2024-01-29 14:03:00+05:30,238.6,239.35,238.6,239.35,119366,
2024-01-29 14:04:00+05:30,239.5,240.1,239.4,239.8,340660,
2024-01-29 14:05:00+05:30,239.85,239.85,239.65,239.7,61268,
2024-01-29 14:06:00+05:30,239.75,240.5,239.6,239.8,342260,
2024-01-29 14:07:00+05:30,239.75,240.5,239.2,240.3,213102,
2024-01-29 14:08:00+05:30,240.3,240.6,240.1,240.6,198534,
2024-01-29 14:09:00+05:30,240.6,240.7,240.1,240.3,178632,
2024-01-29 14:10:00+05:30,240.3,241.85,240.2,241.85,968466,
2024-01-29 14:11:00+05:30,241.85,242.65,241.75,242.55,831766,
2024-01-29 14:12:00+05:30,242.45,242.9,241.4,241.85,480396,
2024-01-29 14:13:00+05:30,241.85,242.45,241.6,241.75,411384,
2024-01-29 14:14:00+05:30,241.75,242.05,241.45,241.85,307444,
2024-01-29 14:15:00+05:30,241.95,242.25,241.85,242.05,146854,
2024-01-29 14:16:00+05:30,242.2,242.2,241.8,241.85,136152,
2024-01-29 14:17:00+05:30,241.75,242.2,241.25,241.45,394486,
2024-01-29 14:18:00+05:30,241.45,241.5,241,241.25,140044,
2024-01-29 14:19:00+05:30,241.25,241.35,240.6,240.7,112204,
2024-01-29 14:20:00+05:30,240.7,240.85,239.8,239.8,204722,
2024-01-29 14:21:00+05:30,239.9,240.2,239.6,239.8,181478,
2024-01-29 14:22:00+05:30,239.7,239.95,239.45,239.55,136174,
2024-01-29 14:23:00+05:30,239.45,239.8,239.45,239.8,43604,
2024-01-29 14:24:00+05:30,239.8,239.8,239.45,239.45,83914,
2024-01-29 14:25:00+05:30,239.4,239.55,239.35,239.35,96646,
2024-01-29 14:26:00+05:30,239.45,239.7,239.05,239.7,96154,
2024-01-29 14:27:00+05:30,239.6,239.7,238.95,238.95,73430,
2024-01-29 14:28:00+05:30,238.95,239.65,238.95,239.25,124340,
2024-01-29 14:29:00+05:30,239.45,239.45,238.85,238.85,72720,
2024-01-29 14:30:00+05:30,238.85,239.05,238.85,238.9,100832,
2024-01-29 14:31:00+05:30,238.85,238.95,238.65,238.75,51388,
2024-01-29 14:32:00+05:30,238.75,239.05,238.65,239.05,66238,
2024-01-29 14:33:00+05:30,239.05,239.05,238.15,238.3,159362,
2024-01-29 14:34:00+05:30,238.25,238.55,238,238.4,126030,
2024-01-29 14:35:00+05:30,238.45,238.55,238.2,238.45,46466,
2024-01-29 14:36:00+05:30,238.45,238.55,238.15,238.3,50202,
2024-01-29 14:37:00+05:30,238.25,238.35,238.05,238.25,122604,
2024-01-29 14:38:00+05:30,238.25,238.6,238.1,238.55,50958,
2024-01-29 14:39:00+05:30,238.55,238.65,238.4,238.5,55722,
2024-01-29 14:40:00+05:30,238.5,239.45,238.5,239.35,85898,
2024-01-29 14:41:00+05:30,239.25,239.35,239.05,239.35,45200,
2024-01-29 14:42:00+05:30,239.35,239.45,239,239.05,63980,
2024-01-29 14:43:00+05:30,239,239.7,239,239.55,86928,
2024-01-29 14:44:00+05:30,239.45,239.6,239.35,239.35,34062,
2024-01-29 14:45:00+05:30,239.5,239.6,239.4,239.6,50150,
2024-01-29 14:46:00+05:30,239.6,239.6,239.5,239.6,31868,
2024-01-29 14:47:00+05:30,239.55,239.8,239.55,239.55,70550,
2024-01-29 14:48:00+05:30,239.55,239.75,239.55,239.65,30302,
2024-01-29 14:49:00+05:30,239.65,239.7,239,239,49636,
2024-01-29 14:50:00+05:30,239.15,239.35,239,239.15,60620,
2024-01-29 14:51:00+05:30,239.15,239.35,239.15,239.25,21946,
2024-01-29 14:52:00+05:30,239.25,239.3,239.1,239.1,17538,
2024-01-29 14:53:00+05:30,239.1,239.7,239.1,239.6,52386,
2024-01-29 14:54:00+05:30,239.5,239.6,239.4,239.6,31040,
2024-01-29 14:55:00+05:30,239.6,239.6,239.35,239.45,18148,
2024-01-29 14:56:00+05:30,239.35,239.6,239.35,239.55,18496,
2024-01-29 14:57:00+05:30,239.5,239.55,238.95,238.95,38240,
2024-01-29 14:58:00+05:30,238.95,239.1,237.9,238,144974,
2024-01-29 14:59:00+05:30,238.05,238.6,237.95,238.45,82364,
2024-01-29 15:00:00+05:30,238.45,238.95,238.35,238.35,161192,
2024-01-29 15:01:00+05:30,238.35,238.85,238.2,238.85,63036,
2024-01-29 15:02:00+05:30,238.8,239.25,238.65,238.75,90764,
2024-01-29 15:03:00+05:30,238.55,238.95,238.55,238.75,74344,
2024-01-29 15:04:00+05:30,238.7,238.85,238.45,238.75,49498,
2024-01-29 15:05:00+05:30,238.7,238.9,238.65,238.9,54210,
2024-01-29 15:06:00+05:30,238.9,238.95,238.85,238.9,66146,
2024-01-29 15:07:00+05:30,238.95,238.95,238.65,238.7,85420,
2024-01-29 15:08:00+05:30,238.55,238.55,238.35,238.55,59624,
2024-01-29 15:09:00+05:30,238.55,238.55,238.45,238.55,52546,
2024-01-29 15:10:00+05:30,238.55,238.75,238.55,238.65,62606,
2024-01-29 15:11:00+05:30,238.7,238.75,238.45,238.55,92504,
2024-01-29 15:12:00+05:30,238.55,238.6,238.45,238.55,77010,
2024-01-29 15:13:00+05:30,238.55,238.6,238.4,238.5,59512,
2024-01-29 15:14:00+05:30,238.4,238.4,238.15,238.25,108938,
2024-01-29 15:15:00+05:30,238.25,238.3,238,238.05,182470,
2024-01-29 15:16:00+05:30,238.05,238.15,238.05,238.05,72464,
2024-01-29 15:17:00+05:30,238.05,238.1,238.05,238.05,89580,
2024-01-29 15:18:00+05:30,238.05,238.85,238.05,238.65,168844,
2024-01-29 15:19:00+05:30,238.65,238.95,238.65,238.95,80338,
2024-01-29 15:20:00+05:30,238.9,239.25,238.85,238.85,144388,
2024-01-29 15:21:00+05:30,238.95,239.1,238.85,238.95,49842,
2024-01-29 15:22:00+05:30,239,239.05,238.9,238.9,60378,
2024-01-29 15:23:00+05:30,238.95,239.3,238.9,239.25,104128,
2024-01-29 15:24:00+05:30,239.35,239.45,239.25,239.45,67866,
2024-01-29 15:25:00+05:30,239.45,239.5,238.95,239.25,61392,
2024-01-29 15:26:00+05:30,239.25,239.25,238.9,238.95,54342,
2024-01-29 15:27:00+05:30,238.95,239,238.85,238.95,57584,
2024-01-29 15:28:00+05:30,239,239.1,238.75,239.1,120556,
2024-01-29 15:29:00+05:30,239.1,239.25,238.75,238.75,67642,
2024-01-30 09:15:00+05:30,240.7,241,239.65,240.4,199790,
2024-01-30 09:16:00+05:30,240.4,241.45,240,240.25,194694,
2024-01-30 09:17:00+05:30,240.6,240.75,240.2,240.3,122564,
2024-01-30 09:18:00+05:30,240.3,240.7,239.85,240.2,73508,
2024-01-30 09:19:00+05:30,240.1,241.65,240.05,241.5,158150,
2024-01-30 09:20:00+05:30,241.4,241.85,241.2,241.55,127678,
2024-01-30 09:21:00+05:30,241.5,241.5,239.35,239.6,167970,
2024-01-30 09:22:00+05:30,239.6,240.5,239.6,240.45,53920,
2024-01-30 09:23:00+05:30,240.3,240.5,239.9,239.9,62050,
2024-01-30 09:24:00+05:30,239.9,240,239.55,239.6,84722,
2024-01-30 09:25:00+05:30,239.55,240.05,239.3,239.75,56510,
2024-01-30 09:26:00+05:30,239.7,239.8,238.95,239.6,114956,
2024-01-30 09:27:00+05:30,239.6,240,239.45,239.6,72412,
2024-01-30 09:28:00+05:30,239.65,239.8,239.45,239.6,42326,
2024-01-30 09:29:00+05:30,239.7,239.8,239.45,239.8,34330,
2024-01-30 09:30:00+05:30,239.6,240.55,239.2,240.4,113872,
2024-01-30 09:31:00+05:30,240.4,241.15,240.4,241,102874,
2024-01-30 09:32:00+05:30,240.8,241.35,240.8,241.1,94532,
2024-01-30 09:33:00+05:30,241,241.95,240.95,241.35,178230,
2024-01-30 09:34:00+05:30,241.45,241.65,241.15,241.55,55970,
2024-01-30 09:35:00+05:30,241.5,242.25,241.5,242.25,228406,
2024-01-30 09:36:00+05:30,242.15,243,242.15,242.75,326392,
2024-01-30 09:37:00+05:30,242.65,243.45,242.55,243.1,240734,
2024-01-30 09:38:00+05:30,243.1,243.65,243,243.6,219860,
2024-01-30 09:39:00+05:30,243.6,243.7,243,243.4,228590,
2024-01-30 09:40:00+05:30,243.5,243.7,243.35,243.5,169422,
2024-01-30 09:41:00+05:30,243.4,243.5,242.9,243.3,118666,
2024-01-30 09:42:00+05:30,243.5,243.65,243.25,243.5,138406,
2024-01-30 09:43:00+05:30,243.5,244.2,243.3,244.15,305300,
2024-01-30 09:44:00+05:30,244.1,244.2,243.85,243.95,150792,
2024-01-30 09:45:00+05:30,244.1,244.35,243.65,244.3,254776,
2024-01-30 09:46:00+05:30,244.35,244.35,244,244,119408,
2024-01-30 09:47:00+05:30,244,244.3,244,244.2,126444,
2024-01-30 09:48:00+05:30,244.1,244.2,243.3,243.75,260642,
2024-01-30 09:49:00+05:30,243.7,243.7,243.1,243.1,117408,
2024-01-30 09:50:00+05:30,243.25,243.4,242.95,243.2,135422,
2024-01-30 09:51:00+05:30,243.2,243.4,242.55,242.65,171482,
2024-01-30 09:52:00+05:30,242.55,242.75,242.05,242.35,144936,
2024-01-30 09:53:00+05:30,242.25,242.25,241.85,242.15,147194,
2024-01-30 09:54:00+05:30,242.15,242.25,241.95,242.2,42308,
2024-01-30 09:55:00+05:30,242.25,242.95,242.1,242.65,99498,
2024-01-30 09:56:00+05:30,242.75,242.9,242.45,242.75,67606,
2024-01-30 09:57:00+05:30,242.75,243.4,242.75,243.4,76282,
2024-01-30 09:58:00+05:30,243.4,243.9,243.25,243.6,108256,
2024-01-30 09:59:00+05:30,243.5,244,243.3,243.9,67886,
2024-01-30 10:00:00+05:30,244,244,243.45,243.5,61798,
2024-01-30 10:01:00+05:30,243.65,244,243.55,243.7,68378,
2024-01-30 10:02:00+05:30,243.8,244.15,243.65,244.1,57634,
2024-01-30 10:03:00+05:30,244.1,244.15,243.8,244.1,78394,
2024-01-30 10:04:00+05:30,244.1,244.35,243.95,244.3,174132,
2024-01-30 10:05:00+05:30,244.35,244.35,244.1,244.2,52870,
2024-01-30 10:06:00+05:30,244.2,244.2,243.7,243.8,86940,
2024-01-30 10:07:00+05:30,243.8,244.35,243.8,244.2,107654,
2024-01-30 10:08:00+05:30,244.2,244.65,244.1,244.55,153008,
2024-01-30 10:09:00+05:30,244.5,244.9,244.4,244.8,355622,
2024-01-30 10:10:00+05:30,244.8,245.75,244.75,245.75,306708,
2024-01-30 10:11:00+05:30,245.85,246.6,245.75,246.5,306836,
2024-01-30 10:12:00+05:30,246.3,246.85,245.85,246.85,285604,
2024-01-30 10:13:00+05:30,246.85,247,245.9,245.9,182820,
2024-01-30 10:14:00+05:30,245.9,246.45,245.9,246.1,120906,
2024-01-30 10:15:00+05:30,246.1,246.3,245.85,246.1,84708,
2024-01-30 10:16:00+05:30,246.1,246.2,245.4,245.55,101194,
2024-01-30 10:17:00+05:30,245.65,245.9,245.35,245.75,61218,
2024-01-30 10:18:00+05:30,245.85,246.05,245.45,245.95,57124,
2024-01-30 10:19:00+05:30,245.95,246.1,245.75,245.85,46828,
2024-01-30 10:20:00+05:30,245.75,246.4,245.75,246.4,82984,
2024-01-30 10:21:00+05:30,246.2,246.6,246.2,246.25,55988,
2024-01-30 10:22:00+05:30,246.25,246.6,246.2,246.55,54522,
2024-01-30 10:23:00+05:30,246.6,246.85,246.6,246.85,115380,
2024-01-30 10:24:00+05:30,246.7,246.95,246.5,246.6,80590,
2024-01-30 10:25:00+05:30,246.65,247,246.3,247,90694,
2024-01-30 10:26:00+05:30,246.9,247.45,246.85,247.4,442924,
2024-01-30 10:27:00+05:30,247.35,247.4,246.9,247.1,121762,
2024-01-30 10:28:00+05:30,247,247.4,247,247.2,85688,
2024-01-30 10:29:00+05:30,247.3,247.4,247.1,247.2,87690,
2024-01-30 10:30:00+05:30,247.2,247.3,247.1,247.2,47718,
2024-01-30 10:31:00+05:30,247.3,247.45,247.25,247.35,88974,
2024-01-30 10:32:00+05:30,247.35,247.35,247,247.35,83770,
2024-01-30 10:33:00+05:30,247.3,247.4,246.6,246.6,114438,
2024-01-30 10:34:00+05:30,246.7,246.8,246.2,246.25,69656,
2024-01-30 10:35:00+05:30,246.2,246.9,246.2,246.7,63082,
2024-01-30 10:36:00+05:30,246.65,247.3,246.65,247.05,69504,
2024-01-30 10:37:00+05:30,247.05,247.45,247.05,247.45,70010,
2024-01-30 10:38:00+05:30,247.45,247.75,247.2,247.45,168682,
2024-01-30 10:39:00+05:30,247.4,247.75,247.4,247.45,74732,
2024-01-30 10:40:00+05:30,247.4,247.65,247.4,247.65,39278,
2024-01-30 10:41:00+05:30,247.65,247.95,247.65,247.8,81422,
2024-01-30 10:42:00+05:30,247.9,247.95,247.65,247.65,108364,
2024-01-30 10:43:00+05:30,247.75,247.75,247.45,247.55,58324,
2024-01-30 10:44:00+05:30,247.5,247.65,247.4,247.4,62510,
2024-01-30 10:45:00+05:30,247.4,247.4,247,247.3,110332,
2024-01-30 10:46:00+05:30,247.2,247.4,247.2,247.2,55718,
2024-01-30 10:47:00+05:30,247.2,247.35,246.7,246.8,67368,
2024-01-30 10:48:00+05:30,246.8,246.8,245.9,245.95,151232,
2024-01-30 10:49:00+05:30,246.1,246.5,246.05,246.4,44952,
2024-01-30 10:50:00+05:30,246.5,246.8,246.35,246.45,77372,
2024-01-30 10:51:00+05:30,246.5,246.8,246.3,246.6,136998,
2024-01-30 10:52:00+05:30,246.6,246.6,246.1,246.1,125902,
2024-01-30 10:53:00+05:30,246.15,246.9,246.1,246.9,55536,
2024-01-30 10:54:00+05:30,246.8,247.45,246.75,247.2,157018,
2024-01-30 10:55:00+05:30,247.1,247.2,246.5,246.65,81606,
2024-01-30 10:56:00+05:30,246.7,247.1,246.7,247.1,54970,
2024-01-30 10:57:00+05:30,247.1,247.85,247.1,247.65,170760,
2024-01-30 10:58:00+05:30,247.75,247.85,247.2,247.2,79996,
2024-01-30 10:59:00+05:30,247.25,247.8,247.25,247.55,171054,
2024-01-30 11:00:00+05:30,247.75,247.9,247.4,247.55,136844,
2024-01-30 11:01:00+05:30,247.7,247.8,247.4,247.55,209696,
2024-01-30 11:02:00+05:30,247.5,247.55,246.9,247.55,172688,
2024-01-30 11:03:00+05:30,247.4,247.7,247.3,247.35,280888,
2024-01-30 11:04:00+05:30,247.45,247.55,247.25,247.4,34968,
2024-01-30 11:05:00+05:30,247.3,247.55,247.2,247.4,78704,
2024-01-30 11:06:00+05:30,247.4,247.45,247.3,247.3,34558,
2024-01-30 11:07:00+05:30,247.3,247.4,247.2,247.25,29790,
2024-01-30 11:08:00+05:30,247.25,247.55,247.2,247.55,36352,
2024-01-30 11:09:00+05:30,247.55,247.65,247.3,247.4,56398,
2024-01-30 11:10:00+05:30,247.1,247.35,246.85,247.25,127614,
2024-01-30 11:11:00+05:30,247.25,247.5,247.25,247.4,42470,
2024-01-30 11:12:00+05:30,247.5,247.6,247,247.1,308364,
2024-01-30 11:13:00+05:30,247.1,247.45,247,247.4,57338,
2024-01-30 11:14:00+05:30,247.3,247.65,247.25,247.65,46040,
2024-01-30 11:15:00+05:30,247.6,247.7,247,247.1,134842,
2024-01-30 11:16:00+05:30,247.1,247.1,246.7,246.9,75644,
2024-01-30 11:17:00+05:30,246.9,247.1,246.9,246.95,37292,
2024-01-30 11:18:00+05:30,247.05,247.05,246.9,247,20390,
2024-01-30 11:19:00+05:30,247,247.1,246.9,247.1,28710,
2024-01-30 11:20:00+05:30,247.05,247.1,246.6,246.7,49828,
2024-01-30 11:21:00+05:30,246.7,246.8,246.6,246.7,27218,
2024-01-30 11:22:00+05:30,246.7,246.7,246.1,246.2,83678,
2024-01-30 11:23:00+05:30,246.1,246.45,246.1,246.45,42522,
2024-01-30 11:24:00+05:30,246.45,246.45,246.1,246.1,40324,
2024-01-30 11:25:00+05:30,246.1,246.4,246.1,246.3,48638,
2024-01-30 11:26:00+05:30,246.4,246.5,246.3,246.5,23014,
2024-01-30 11:27:00+05:30,246.5,246.6,246.3,246.4,46296,
2024-01-30 11:28:00+05:30,246.35,246.5,246.1,246.45,56628,
2024-01-30 11:29:00+05:30,246.5,246.65,246.4,246.6,27596,
2024-01-30 11:30:00+05:30,246.6,246.65,246.3,246.45,23704,
2024-01-30 11:31:00+05:30,246.5,246.9,246.4,246.9,45444,
2024-01-30 11:32:00+05:30,246.8,246.8,246.45,246.8,71762,
2024-01-30 11:33:00+05:30,246.8,247.55,246.8,247.35,300736,
2024-01-30 11:34:00+05:30,247.25,247.7,247.25,247.65,144446,
2024-01-30 11:35:00+05:30,247.65,248.35,247.55,248.25,474258,
2024-01-30 11:36:00+05:30,248.3,249.3,248.05,249.2,494546,
2024-01-30 11:37:00+05:30,249.1,249.1,248.8,248.95,207320,
2024-01-30 11:38:00+05:30,249.1,249.3,248.9,249.1,167946,
2024-01-30 11:39:00+05:30,249.1,249.5,249,249.45,262716,
2024-01-30 11:40:00+05:30,249.45,249.7,249.2,249.5,605354,
2024-01-30 11:41:00+05:30,249.5,250.25,249.45,249.8,381290,
2024-01-30 11:42:00+05:30,249.75,249.8,249.5,249.65,137384,
2024-01-30 11:43:00+05:30,249.6,249.9,249.6,249.85,109324,
2024-01-30 11:44:00+05:30,249.85,249.85,249.3,249.45,135540,
2024-01-30 11:45:00+05:30,249.5,249.8,249.5,249.65,69786,
2024-01-30 11:46:00+05:30,249.7,249.75,249.4,249.5,58306,
2024-01-30 11:47:00+05:30,249.5,249.6,249.2,249.4,87898,
2024-01-30 11:48:00+05:30,249.4,249.75,249.25,249.65,62122,
2024-01-30 11:49:00+05:30,249.65,249.8,249.5,249.6,73008,
2024-01-30 11:50:00+05:30,249.65,249.75,249.55,249.7,73498,
2024-01-30 11:51:00+05:30,249.7,249.9,249.6,249.75,47504,
2024-01-30 11:52:00+05:30,249.75,249.9,249.7,249.75,43788,
2024-01-30 11:53:00+05:30,249.75,250,249.7,249.9,126802,
2024-01-30 11:54:00+05:30,250,250.1,249.9,249.9,105262,
2024-01-30 11:55:00+05:30,249.9,250.7,249.85,250.55,214020,
2024-01-30 11:56:00+05:30,250.55,250.85,250.25,250.3,236116,
2024-01-30 11:57:00+05:30,250.3,250.65,250.2,250.3,314560,
2024-01-30 11:58:00+05:30,250.3,250.45,249.95,250,87884,
2024-01-30 11:59:00+05:30,250.05,250.1,249.4,249.4,209428,
2024-01-30 12:00:00+05:30,249.6,249.7,249.45,249.65,110450,
2024-01-30 12:01:00+05:30,249.7,249.7,249.4,249.55,107076,
2024-01-30 12:02:00+05:30,249.5,249.55,248.95,248.95,164952,
2024-01-30 12:03:00+05:30,249,249,248.75,248.85,96532,
2024-01-30 12:04:00+05:30,248.85,248.85,248.45,248.5,155732,
2024-01-30 12:05:00+05:30,248.25,248.55,248.2,248.5,98300,
2024-01-30 12:06:00+05:30,248.55,248.55,248.05,248.15,164298,
2024-01-30 12:07:00+05:30,248.15,248.25,247.9,248,141394,
2024-01-30 12:08:00+05:30,248,248.25,247.45,247.65,261404,
2024-01-30 12:09:00+05:30,247.65,247.95,247.55,247.85,64700,
2024-01-30 12:10:00+05:30,247.9,248.3,247.65,247.65,192866,
2024-01-30 12:11:00+05:30,247.65,248,247.65,247.8,193276,
2024-01-30 12:12:00+05:30,247.8,248.25,247.65,248.25,150112,
2024-01-30 12:13:00+05:30,248.25,248.55,248.05,248.45,102984,
2024-01-30 12:14:00+05:30,248.45,248.5,247.95,248.05,75956,
2024-01-30 12:15:00+05:30,248.05,248.3,247.9,248.05,69722,
2024-01-30 12:16:00+05:30,248.05,248.95,247.8,248.85,279642,
2024-01-30 12:17:00+05:30,249.05,249.2,248.95,249,162698,
2024-01-30 12:18:00+05:30,249,249.5,248.95,249.4,169638,
2024-01-30 12:19:00+05:30,249.5,250.1,249.1,249.6,258602,
2024-01-30 12:20:00+05:30,249.5,249.9,249.35,249.7,102352,
2024-01-30 12:21:00+05:30,249.8,249.9,249.5,249.55,92686,
2024-01-30 12:22:00+05:30,249.5,249.6,249.35,249.5,43032,
2024-01-30 12:23:00+05:30,249.5,249.5,248.95,249.05,86398,
2024-01-30 12:24:00+05:30,249.05,249.05,248.65,248.85,47688,
2024-01-30 12:25:00+05:30,248.85,249.1,248.75,249.1,50308,
2024-01-30 12:26:00+05:30,249.1,249.4,249.1,249.3,70548,
2024-01-30 12:27:00+05:30,249.25,249.3,249.05,249.1,28628,
2024-01-30 12:28:00+05:30,249.1,249.15,249,249.05,20288,
2024-01-30 12:29:00+05:30,249.1,249.25,249,249.1,58362,
2024-01-30 12:30:00+05:30,249.1,249.1,248.85,248.85,32334,
2024-01-30 12:31:00+05:30,248.85,249.7,248.65,249.6,198072,
2024-01-30 12:32:00+05:30,249.7,249.8,249.35,249.5,110592,
2024-01-30 12:33:00+05:30,249.45,249.5,249,249.2,76946,
2024-01-30 12:34:00+05:30,249.15,249.5,249,249.2,169704,
2024-01-30 12:35:00+05:30,249.2,249.2,248.8,248.85,34574,
2024-01-30 12:36:00+05:30,248.85,249,248.7,249,56778,
2024-01-30 12:37:00+05:30,249,249,248.75,248.95,34028,
2024-01-30 12:38:00+05:30,248.95,249,248.7,248.9,46804,
2024-01-30 12:39:00+05:30,248.85,249.3,248.65,249.2,118964,
2024-01-30 12:40:00+05:30,249.2,249.5,249.05,249.4,27340,
2024-01-30 12:41:00+05:30,249.4,249.45,249,249.15,31520,
2024-01-30 12:42:00+05:30,249.15,249.15,249,249.05,26708,
2024-01-30 12:43:00+05:30,249.1,249.15,248.95,248.95,19808,
2024-01-30 12:44:00+05:30,249,249.1,248.95,249.1,20366,
2024-01-30 12:45:00+05:30,249.1,249.1,248.9,248.95,59106,
2024-01-30 12:46:00+05:30,248.95,249.15,248.95,249.15,20144,
2024-01-30 12:47:00+05:30,249.15,249.15,248.9,248.95,22280,
2024-01-30 12:48:00+05:30,248.95,249.25,248.85,249.1,51844,
2024-01-30 12:49:00+05:30,249.1,249.1,248.95,249,26226,
2024-01-30 12:50:00+05:30,249,249.25,249,249.25,33124,
2024-01-30 12:51:00+05:30,249.2,249.25,249,249.25,24116,
2024-01-30 12:52:00+05:30,249.2,249.4,249.2,249.35,32748,
2024-01-30 12:53:00+05:30,249.4,249.4,249.1,249.3,27484,
2024-01-30 12:54:00+05:30,249.3,249.3,248.95,249.1,40818,
2024-01-30 12:55:00+05:30,249.1,249.4,249,249.3,34694,
2024-01-30 12:56:00+05:30,249.3,249.35,249.15,249.2,36468,
2024-01-30 12:57:00+05:30,249.2,249.5,249.2,249.35,57886,
2024-01-30 12:58:00+05:30,249.35,249.45,249.3,249.3,21670,
2024-01-30 12:59:00+05:30,249.3,249.5,249.15,249.5,51212,
2024-01-30 13:00:00+05:30,249.5,249.5,249.2,249.4,33904,
2024-01-30 13:01:00+05:30,249.2,249.25,249.1,249.25,56356,
2024-01-30 13:02:00+05:30,249.25,249.25,249.15,249.2,27016,
2024-01-30 13:03:00+05:30,249.2,249.2,249.05,249.2,37934,
2024-01-30 13:04:00+05:30,249.2,249.2,249,249,28014,
2024-01-30 13:05:00+05:30,249.1,249.1,249,249.1,22264,
2024-01-30 13:06:00+05:30,248.95,249.1,248.85,249.05,56586,
2024-01-30 13:07:00+05:30,249.05,249.1,248.95,249,22530,
2024-01-30 13:08:00+05:30,249,249.1,248.95,249,36508,
2024-01-30 13:09:00+05:30,248.95,249.1,248.85,248.95,81222,
2024-01-30 13:10:00+05:30,249.1,249.1,249,249.1,23832,
2024-01-30 13:11:00+05:30,249.1,249.4,249,249.35,56518,
2024-01-30 13:12:00+05:30,249.35,249.9,249.3,249.4,119936,
2024-01-30 13:13:00+05:30,249.45,249.5,249.4,249.5,20138,
2024-01-30 13:14:00+05:30,249.5,249.5,249.35,249.4,27560,
2024-01-30 13:15:00+05:30,249.45,249.45,248.95,249,59698,
2024-01-30 13:16:00+05:30,249.05,249.15,248.95,249,38718,
2024-01-30 13:17:00+05:30,249,249.05,249,249.05,73320,
2024-01-30 13:18:00+05:30,249.05,249.1,248.95,249.1,147408,
2024-01-30 13:19:00+05:30,249.1,249.1,248.95,248.95,35122,
2024-01-30 13:20:00+05:30,248.95,248.95,248.75,248.85,49846,
2024-01-30 13:21:00+05:30,248.85,248.85,248.05,248.05,121758,
2024-01-30 13:22:00+05:30,248.15,248.4,247.85,248.15,1286250,
2024-01-30 13:23:00+05:30,248.15,248.35,247.9,248.3,93152,
2024-01-30 13:24:00+05:30,248.3,248.85,248.2,248.75,45054,
2024-01-30 13:25:00+05:30,248.8,248.85,248.55,248.8,55250,
2024-01-30 13:26:00+05:30,248.8,248.85,248.75,248.85,28312,
2024-01-30 13:27:00+05:30,248.85,249,248.75,248.95,59264,
2024-01-30 13:28:00+05:30,248.95,248.95,248.65,248.95,36518,
2024-01-30 13:29:00+05:30,248.95,249,248.8,249,56160,
2024-01-30 13:30:00+05:30,249,249,248.8,248.95,34140,
2024-01-30 13:31:00+05:30,248.9,248.95,248.65,248.9,58160,
2024-01-30 13:32:00+05:30,248.85,248.95,248.8,248.95,29714,
2024-01-30 13:33:00+05:30,248.95,248.95,248.75,248.85,51508,
2024-01-30 13:34:00+05:30,248.85,248.95,248.5,248.55,53624,
2024-01-30 13:35:00+05:30,248.5,248.75,248.45,248.75,68866,
2024-01-30 13:36:00+05:30,248.75,248.95,248.75,248.85,51142,
2024-01-30 13:37:00+05:30,248.75,248.9,248.75,248.9,25492,
2024-01-30 13:38:00+05:30,248.9,248.95,248.65,248.75,35588,
2024-01-30 13:39:00+05:30,248.75,248.95,248.7,248.95,25350,
2024-01-30 13:40:00+05:30,248.95,248.95,248.75,248.8,489878,
2024-01-30 13:41:00+05:30,248.8,248.9,248.7,248.9,34712,
2024-01-30 13:42:00+05:30,248.9,248.95,248.85,248.95,18532,
2024-01-30 13:43:00+05:30,248.9,248.95,248.85,248.95,51314,
2024-01-30 13:44:00+05:30,248.95,248.95,248.9,248.95,37502,
2024-01-30 13:45:00+05:30,248.95,249,248.95,249,65552,
2024-01-30 13:46:00+05:30,249,249,248.85,248.85,62324,
2024-01-30 13:47:00+05:30,248.85,248.9,248.8,248.9,47516,
2024-01-30 13:48:00+05:30,248.85,249,248.85,249,45258,
2024-01-30 13:49:00+05:30,249,249.15,249,249.1,76188,
2024-01-30 13:50:00+05:30,249.1,249.15,249.05,249.1,39786,
2024-01-30 13:51:00+05:30,249.1,249.7,249.1,249.55,219940,
2024-01-30 13:52:00+05:30,249.55,249.6,249.4,249.55,61946,
2024-01-30 13:53:00+05:30,249.6,250,249.4,249.45,266040,
2024-01-30 13:54:00+05:30,249.45,249.5,249.1,249.2,87284,
2024-01-30 13:55:00+05:30,249.2,249.25,249.1,249.25,68696,
2024-01-30 13:56:00+05:30,249.25,249.5,249.2,249.5,148398,
2024-01-30 13:57:00+05:30,249.5,249.85,249.5,249.8,51550,
2024-01-30 13:58:00+05:30,249.8,249.9,249.4,249.5,130222,
2024-01-30 13:59:00+05:30,249.5,249.5,249.4,249.45,85414,
2024-01-30 14:00:00+05:30,249.4,249.7,249.35,249.6,130830,
2024-01-30 14:01:00+05:30,249.6,249.65,249.4,249.6,46756,
2024-01-30 14:02:00+05:30,249.6,249.7,249.6,249.6,33822,
2024-01-30 14:03:00+05:30,249.6,249.6,249.5,249.55,41166,
2024-01-30 14:04:00+05:30,249.5,249.6,249.4,249.5,101988,
2024-01-30 14:05:00+05:30,249.5,249.5,249.2,249.2,81840,
2024-01-30 14:06:00+05:30,249.2,249.25,249,249.1,61210,
2024-01-30 14:07:00+05:30,249.1,249.2,249,249.2,76096,
2024-01-30 14:08:00+05:30,249.2,249.25,249,249.05,69158,
2024-01-30 14:09:00+05:30,249,249.2,248.95,249.15,300910,
2024-01-30 14:10:00+05:30,249.1,249.2,249,249.05,52358,
2024-01-30 14:11:00+05:30,249.05,249.2,249,249.1,103126,
2024-01-30 14:12:00+05:30,249.05,249.15,248.85,249.1,82146,
2024-01-30 14:13:00+05:30,249.1,249.25,249,249.15,179764,
2024-01-30 14:14:00+05:30,249.15,249.2,249.05,249.15,55694,
2024-01-30 14:15:00+05:30,249.1,249.2,249,249,91696,
2024-01-30 14:16:00+05:30,249,249.1,248.75,248.85,456488,
2024-01-30 14:17:00+05:30,248.85,249.4,248.55,249.2,768934,
2024-01-30 14:18:00+05:30,249.15,249.25,249,249,102516,
2024-01-30 14:19:00+05:30,249.05,249.2,249,249.1,71380,
2024-01-30 14:20:00+05:30,249.1,249.25,249,249,72382,
2024-01-30 14:21:00+05:30,249.1,249.25,249.05,249.2,37932,
2024-01-30 14:22:00+05:30,249.2,249.25,249.1,249.25,120372,
2024-01-30 14:23:00+05:30,249.2,249.4,249.2,249.35,93698,
2024-01-30 14:24:00+05:30,249.35,249.4,249,249.1,284216,
2024-01-30 14:25:00+05:30,249.1,249.1,248.5,248.55,372536,
2024-01-30 14:26:00+05:30,248.5,248.5,247.75,247.8,224738,
2024-01-30 14:27:00+05:30,247.75,248.3,247.65,248.3,139182,
2024-01-30 14:28:00+05:30,248.3,248.35,247.95,248.1,81402,
2024-01-30 14:29:00+05:30,248.05,248.1,247.75,248,348804,
2024-01-30 14:30:00+05:30,248,248.15,247.55,248.05,141780,
2024-01-30 14:31:00+05:30,248.05,248.1,247.6,247.75,252628,
2024-01-30 14:32:00+05:30,247.65,248.05,247.6,248.05,58400,
2024-01-30 14:33:00+05:30,247.95,248.05,247.7,247.75,76742,
2024-01-30 14:34:00+05:30,247.75,247.8,247.45,247.45,119032,
2024-01-30 14:35:00+05:30,247.45,247.55,247,247.1,218452,
2024-01-30 14:36:00+05:30,247.05,247.45,246.85,247.4,152364,
2024-01-30 14:37:00+05:30,247.4,247.4,247,247.35,79914,
2024-01-30 14:38:00+05:30,247.3,247.35,246.8,246.8,118056,
2024-01-30 14:39:00+05:30,246.75,246.8,246.6,246.7,92962,
2024-01-30 14:40:00+05:30,246.7,246.75,246.6,246.75,45934,
2024-01-30 14:41:00+05:30,246.7,246.85,246.6,246.7,96130,
2024-01-30 14:42:00+05:30,246.6,246.7,246.45,246.45,86874,
2024-01-30 14:43:00+05:30,246.5,246.55,246.35,246.4,67040,
2024-01-30 14:44:00+05:30,246.4,246.5,245.9,246.2,117990,
2024-01-30 14:45:00+05:30,246.15,246.2,245.7,245.7,83012,
2024-01-30 14:46:00+05:30,245.65,245.9,245.45,245.9,152792,
2024-01-30 14:47:00+05:30,245.9,246.5,245.9,246.45,96870,
2024-01-30 14:48:00+05:30,246.5,246.5,246.3,246.4,95178,
2024-01-30 14:49:00+05:30,246.4,246.45,246.15,246.15,82924,
2024-01-30 14:50:00+05:30,246.15,246.2,245.55,246,163778,
2024-01-30 14:51:00+05:30,245.85,246,245.7,245.9,64520,
2024-01-30 14:52:00+05:30,245.9,245.9,245.7,245.85,71366,
2024-01-30 14:53:00+05:30,245.85,245.85,245.75,245.85,77428,
2024-01-30 14:54:00+05:30,245.85,245.85,245.65,245.75,82372,
2024-01-30 14:55:00+05:30,245.7,245.85,244.95,245.1,168246,
2024-01-30 14:56:00+05:30,245.1,245.2,244.95,245.05,157436,
2024-01-30 14:57:00+05:30,245.05,245.2,244.55,244.95,158158,
2024-01-30 14:58:00+05:30,244.95,245.45,244.95,245.35,73944,
2024-01-30 14:59:00+05:30,245.35,245.55,245.25,245.35,65568,
2024-01-30 15:00:00+05:30,245.25,245.55,245.15,245.25,151600,
2024-01-30 15:01:00+05:30,245.25,245.25,244.75,244.85,107862,
2024-01-30 15:02:00+05:30,244.9,245.35,244.75,245.25,215860,
2024-01-30 15:03:00+05:30,245.25,245.4,245.05,245.15,80028,
2024-01-30 15:04:00+05:30,245.15,245.55,245.05,245.15,297914,
2024-01-30 15:05:00+05:30,245.15,245.25,244.95,244.95,125780,
2024-01-30 15:06:00+05:30,244.95,245.15,244.95,245,141986,
2024-01-30 15:07:00+05:30,245,245,244.85,244.95,72424,
2024-01-30 15:08:00+05:30,244.95,244.95,244.75,244.85,91082,
2024-01-30 15:09:00+05:30,244.85,244.85,244.3,244.3,270600,
2024-01-30 15:10:00+05:30,244.3,244.65,244.25,244.5,134618,
2024-01-30 15:11:00+05:30,244.5,244.55,244.2,244.3,116076,
2024-01-30 15:12:00+05:30,244.25,244.45,244,244.1,295886,
2024-01-30 15:13:00+05:30,244.1,244.2,243.8,244,320226,
2024-01-30 15:14:00+05:30,243.95,244.3,243.95,244.25,108738,
2024-01-30 15:15:00+05:30,244.3,244.3,243.8,244,186824,
2024-01-30 15:16:00+05:30,243.9,244,243.85,243.95,121884,
2024-01-30 15:17:00+05:30,243.95,244,243.7,243.8,100494,
2024-01-30 15:18:00+05:30,243.7,243.8,243.5,243.7,237068,
2024-01-30 15:19:00+05:30,243.65,244.05,243.6,243.65,182914,
2024-01-30 15:20:00+05:30,243.65,243.7,243.55,243.65,183142,
2024-01-30 15:21:00+05:30,243.65,244.15,243.65,244,116848,
2024-01-30 15:22:00+05:30,243.95,244.05,243.85,244,56970,
2024-01-30 15:23:00+05:30,244,244,243.6,243.7,174412,
2024-01-30 15:24:00+05:30,243.8,243.8,243.6,243.6,134632,
2024-01-30 15:25:00+05:30,243.7,244.3,243.6,244.3,134428,
2024-01-30 15:26:00+05:30,244.3,244.3,244.05,244.2,87336,
2024-01-30 15:27:00+05:30,244.2,244.35,243.7,243.8,167390,
2024-01-30 15:28:00+05:30,243.7,244.2,243.2,243.4,381896,
2024-01-30 15:29:00+05:30,243.5,244.2,243.1,243.55,51832,
2024-01-31 09:15:00+05:30,245.15,246.4,243.8,246.4,215966,
2024-01-31 09:16:00+05:30,246.45,246.6,245.9,245.9,286342,
2024-01-31 09:17:00+05:30,246.1,246.15,245.55,245.85,149344,
2024-01-31 09:18:00+05:30,245.9,246.8,245.9,246.5,166544,
2024-01-31 09:19:00+05:30,246.45,246.7,245.85,246.3,162060,
2024-01-31 09:20:00+05:30,246.3,246.4,245.65,245.7,118698,
2024-01-31 09:21:00+05:30,245.75,245.75,244.35,244.55,238042,
2024-01-31 09:22:00+05:30,244.45,244.75,244,244,155938,
2024-01-31 09:23:00+05:30,243.9,245.15,243.8,245.15,108298,
2024-01-31 09:24:00+05:30,245.1,245.85,244.95,245.6,230382,
2024-01-31 09:25:00+05:30,245.6,245.85,245.15,245.65,210434,
2024-01-31 09:26:00+05:30,245.65,245.95,245.15,245.9,86492,
2024-01-31 09:27:00+05:30,245.95,246.2,245.9,246.1,103640,
2024-01-31 09:28:00+05:30,246.2,246.45,246,246.2,84748,
2024-01-31 09:29:00+05:30,246.2,246.5,246.1,246.4,85974,
2024-01-31 09:30:00+05:30,246.4,246.5,246.25,246.5,65140,
2024-01-31 09:31:00+05:30,246.5,246.5,246.1,246.3,63372,
2024-01-31 09:32:00+05:30,246.3,246.9,246.25,246.9,68672,
2024-01-31 09:33:00+05:30,246.9,248.05,246.7,247.9,202202,
2024-01-31 09:34:00+05:30,247.9,248.05,247.65,247.95,112568,
2024-01-31 09:35:00+05:30,248.05,248.05,247.8,247.95,80628,
2024-01-31 09:36:00+05:30,247.95,247.95,247.45,247.85,156578,
2024-01-31 09:37:00+05:30,247.9,247.95,247.7,247.95,56952,
2024-01-31 09:38:00+05:30,247.95,248.35,247.85,247.95,132774,
2024-01-31 09:39:00+05:30,247.95,248,247.25,247.35,161366,
2024-01-31 09:40:00+05:30,247.4,247.4,246.6,246.7,174788,
2024-01-31 09:41:00+05:30,246.6,246.8,246.3,246.6,69372,
2024-01-31 09:42:00+05:30,246.55,246.9,246.5,246.8,45122,
2024-01-31 09:43:00+05:30,246.7,247.1,246.7,247.1,40284,
2024-01-31 09:44:00+05:30,247.1,247.2,246.85,247.05,61974,
2024-01-31 09:45:00+05:30,247.05,247.3,246.8,246.85,72370,
2024-01-31 09:46:00+05:30,246.85,246.85,246.5,246.85,96818,
2024-01-31 09:47:00+05:30,246.8,247.1,246.65,247,31566,
2024-01-31 09:48:00+05:30,247.1,247.2,246.9,247.1,54042,
2024-01-31 09:49:00+05:30,247.3,247.3,246.8,247.2,77644,
2024-01-31 09:50:00+05:30,247.2,247.45,247,247.45,72060,
2024-01-31 09:51:00+05:30,247.45,247.55,247.25,247.3,94292,
2024-01-31 09:52:00+05:30,247.3,247.4,247.15,247.3,29028,
2024-01-31 09:53:00+05:30,247.3,247.45,247.2,247.45,60726,
2024-01-31 09:54:00+05:30,247.45,247.5,247.1,247.2,78666,
2024-01-31 09:55:00+05:30,247.2,247.2,246.6,247.1,72150,
2024-01-31 09:56:00+05:30,247.1,247.2,247,247.2,29832,
2024-01-31 09:57:00+05:30,247.15,247.35,247.1,247.25,42274,
2024-01-31 09:58:00+05:30,247.2,247.3,246.65,246.7,103436,
2024-01-31 09:59:00+05:30,246.8,246.95,246.7,246.9,25750,
2024-01-31 10:00:00+05:30,246.95,246.95,245.85,245.85,148572,
2024-01-31 10:01:00+05:30,245.9,246,245.6,245.65,129348,
2024-01-31 10:02:00+05:30,245.65,245.9,245.2,245.3,118386,
2024-01-31 10:03:00+05:30,245.3,245.95,244.85,245.85,79180,
2024-01-31 10:04:00+05:30,245.85,245.85,245.25,245.45,44804,
2024-01-31 10:05:00+05:30,245.45,245.55,245.3,245.35,69346,
2024-01-31 10:06:00+05:30,245.45,245.55,245.3,245.45,20160,
2024-01-31 10:07:00+05:30,245.35,245.95,245.35,245.9,25194,
2024-01-31 10:08:00+05:30,245.9,245.9,245.45,245.6,79440,
2024-01-31 10:09:00+05:30,245.65,245.65,245.2,245.25,31074,
2024-01-31 10:10:00+05:30,245.25,245.55,245.25,245.5,22682,
2024-01-31 10:11:00+05:30,245.6,245.65,245.45,245.5,85732,
2024-01-31 10:12:00+05:30,245.55,245.55,245.15,245.3,53952,
2024-01-31 10:13:00+05:30,245.15,245.4,245.1,245.35,108324,
2024-01-31 10:14:00+05:30,245.35,245.35,244.75,244.85,104240,
2024-01-31 10:15:00+05:30,244.85,245.15,244.7,245.15,29604,
2024-01-31 10:16:00+05:30,245.05,245.25,245,245.05,20196,
2024-01-31 10:17:00+05:30,245.05,245.35,245.05,245.25,14988,
2024-01-31 10:18:00+05:30,245.25,245.35,244.85,244.95,54082,
2024-01-31 10:19:00+05:30,245.05,245.2,244.95,245.2,16710,
2024-01-31 10:20:00+05:30,245.05,245.2,245.05,245.2,15400,
2024-01-31 10:21:00+05:30,245.15,245.35,245.15,245.15,38200,
2024-01-31 10:22:00+05:30,245.15,245.25,244.9,245.05,32094,
2024-01-31 10:23:00+05:30,245.15,245.3,245.05,245.15,30468,
2024-01-31 10:24:00+05:30,245.15,245.2,245.05,245.15,28166,
2024-01-31 10:25:00+05:30,245.05,245.1,244.8,244.95,49238,
2024-01-31 10:26:00+05:30,244.95,244.95,244.8,244.9,34818,
2024-01-31 10:27:00+05:30,244.9,245.05,244.6,244.6,66220,
2024-01-31 10:28:00+05:30,244.65,245.05,244.35,245.05,44074,
2024-01-31 10:29:00+05:30,245.05,245.2,245.05,245.2,24948,
2024-01-31 10:30:00+05:30,245.2,245.2,244.65,244.7,50078,
2024-01-31 10:31:00+05:30,244.7,244.7,244.5,244.65,29308,
2024-01-31 10:32:00+05:30,244.65,245.15,244.65,245.15,21562,
2024-01-31 10:33:00+05:30,245.15,245.15,245.05,245.05,22552,
2024-01-31 10:34:00+05:30,245.05,245.05,244.75,244.75,65860,
2024-01-31 10:35:00+05:30,244.75,244.85,244.65,244.75,19258,
2024-01-31 10:36:00+05:30,244.75,244.85,244.75,244.85,10232,
2024-01-31 10:37:00+05:30,244.85,245,244.85,244.95,14754,
2024-01-31 10:38:00+05:30,244.95,245.05,244.55,244.65,69964,
2024-01-31 10:39:00+05:30,244.6,244.75,244.55,244.65,15090,
2024-01-31 10:40:00+05:30,244.7,244.85,244.7,244.85,19276,
2024-01-31 10:41:00+05:30,244.85,244.85,244.5,244.5,27952,
2024-01-31 10:42:00+05:30,244.65,244.65,244.55,244.6,14978,
2024-01-31 10:43:00+05:30,244.6,244.6,244,244.2,85008,
2024-01-31 10:44:00+05:30,244.2,244.2,243.95,244.1,24612,
2024-01-31 10:45:00+05:30,244.15,244.15,244.05,244.1,23446,
2024-01-31 10:46:00+05:30,244.1,244.4,244.1,244.3,25872,
2024-01-31 10:47:00+05:30,244.25,244.45,244.25,244.4,29862,
2024-01-31 10:48:00+05:30,244.45,244.55,244.4,244.45,49098,
2024-01-31 10:49:00+05:30,244.45,244.6,244.3,244.6,42798,
2024-01-31 10:50:00+05:30,244.6,244.8,244.55,244.8,25780,
2024-01-31 10:51:00+05:30,244.75,244.8,244.4,244.65,39248,
2024-01-31 10:52:00+05:30,244.65,244.7,244.25,244.25,59870,
2024-01-31 10:53:00+05:30,244.3,244.35,243.9,244.35,71368,
2024-01-31 10:54:00+05:30,244.35,244.55,243.6,243.6,163912,
2024-01-31 10:55:00+05:30,243.7,244.05,243.7,244.05,132932,
2024-01-31 10:56:00+05:30,244.05,244.2,244,244.05,21578,
2024-01-31 10:57:00+05:30,244.05,244.1,243.9,244,35952,
2024-01-31 10:58:00+05:30,243.95,244.05,243.95,244.05,12614,
2024-01-31 10:59:00+05:30,244.1,244.1,244,244.05,30056,
2024-01-31 11:00:00+05:30,244.05,244.1,243.95,244,17474,
2024-01-31 11:01:00+05:30,244,244,243.8,243.8,37122,
2024-01-31 11:02:00+05:30,243.8,243.9,243.7,243.7,31804,
2024-01-31 11:03:00+05:30,243.7,243.7,243,243.2,123912,
2024-01-31 11:04:00+05:30,243.2,243.4,242.55,242.8,123296,
2024-01-31 11:05:00+05:30,242.8,242.9,242.55,242.85,40452,
2024-01-31 11:06:00+05:30,242.85,242.9,242.5,242.65,45370,
2024-01-31 11:07:00+05:30,242.65,242.85,242.05,242.8,142416,
2024-01-31 11:08:00+05:30,242.8,242.95,242.75,242.75,31952,
2024-01-31 11:09:00+05:30,242.8,243,242.75,242.95,15694,
2024-01-31 11:10:00+05:30,242.95,243.3,242.9,243.3,51356,
2024-01-31 11:11:00+05:30,243.3,243.5,243.2,243.4,50520,
2024-01-31 11:12:00+05:30,243.4,243.5,243.3,243.4,47636,
2024-01-31 11:13:00+05:30,243.4,243.6,243.4,243.55,13560,
2024-01-31 11:14:00+05:30,243.6,243.6,243.2,243.35,70900,
2024-01-31 11:15:00+05:30,243.3,243.45,243.2,243.4,38022,
2024-01-31 11:16:00+05:30,243.4,243.45,243.3,243.4,28814,
2024-01-31 11:17:00+05:30,243.4,243.45,243.3,243.4,24704,
2024-01-31 11:18:00+05:30,243.4,243.45,243.35,243.45,24176,
2024-01-31 11:19:00+05:30,243.45,243.7,243.4,243.7,38916,
2024-01-31 11:20:00+05:30,243.6,243.7,243.3,243.4,28110,
2024-01-31 11:21:00+05:30,243.4,243.4,243,243,55380,
2024-01-31 11:22:00+05:30,243,243.05,242.75,242.8,21558,
2024-01-31 11:23:00+05:30,242.8,242.85,242.55,242.55,28448,
2024-01-31 11:24:00+05:30,242.55,242.75,242.45,242.55,29394,
2024-01-31 11:25:00+05:30,242.55,242.6,241.95,242.25,78720,
2024-01-31 11:26:00+05:30,242.25,242.45,242.2,242.45,34788,
2024-01-31 11:27:00+05:30,242.45,242.55,242.35,242.5,21848,
2024-01-31 11:28:00+05:30,242.5,242.65,242.5,242.6,35206,
2024-01-31 11:29:00+05:30,242.6,242.75,242.6,242.75,21720,
2024-01-31 11:30:00+05:30,242.75,243.1,242.7,242.95,29620,
2024-01-31 11:31:00+05:30,242.95,243.1,242.7,243,62350,
2024-01-31 11:32:00+05:30,242.95,243,242.7,242.75,45192,
2024-01-31 11:33:00+05:30,242.75,243.2,242.75,243.15,32248,
2024-01-31 11:34:00+05:30,243.15,243.3,243.1,243.3,12110,
2024-01-31 11:35:00+05:30,243.3,243.6,243.2,243.6,32890,
2024-01-31 11:36:00+05:30,243.6,243.6,243.4,243.6,34298,
2024-01-31 11:37:00+05:30,243.6,243.65,243.35,243.5,21612,
2024-01-31 11:38:00+05:30,243.5,243.55,243.4,243.55,23038,
2024-01-31 11:39:00+05:30,243.55,243.7,243.5,243.6,11536,
2024-01-31 11:40:00+05:30,243.7,244.2,243.7,244.2,202934,
2024-01-31 11:41:00+05:30,244.1,244.2,244.05,244.15,19090,
2024-01-31 11:42:00+05:30,244.15,244.55,244.05,244.3,39272,
2024-01-31 11:43:00+05:30,244.3,244.3,243.95,244,65938,
2024-01-31 11:44:00+05:30,244,244.15,244,244.1,13166,
2024-01-31 11:45:00+05:30,244.1,244.1,244,244.1,28874,
2024-01-31 11:46:00+05:30,244.05,244.1,243.7,243.85,40586,
2024-01-31 11:47:00+05:30,243.85,244,243.4,243.5,105746,
2024-01-31 11:48:00+05:30,243.5,243.75,243.35,243.5,70936,
2024-01-31 11:49:00+05:30,243.45,243.85,243.4,243.7,40584,
2024-01-31 11:50:00+05:30,243.7,243.7,243.5,243.5,47668,
2024-01-31 11:51:00+05:30,243.6,243.6,243.5,243.6,21704,
2024-01-31 11:52:00+05:30,243.6,243.7,243.6,243.7,29046,
2024-01-31 11:53:00+05:30,243.7,243.8,243.6,243.7,50066,
2024-01-31 11:54:00+05:30,243.7,243.7,243.35,243.35,67220,
2024-01-31 11:55:00+05:30,243.4,243.6,243.35,243.6,20238,
2024-01-31 11:56:00+05:30,243.6,243.7,243.6,243.6,103126,
2024-01-31 11:57:00+05:30,243.7,243.7,243.3,243.5,30834,
2024-01-31 11:58:00+05:30,243.5,243.65,243.4,243.65,45998,
2024-01-31 11:59:00+05:30,243.65,243.7,243.6,243.65,5286,
2024-01-31 12:00:00+05:30,243.7,243.7,243.65,243.7,16976,
2024-01-31 12:01:00+05:30,243.7,243.7,243.45,243.6,58826,
2024-01-31 12:02:00+05:30,243.65,243.7,243.6,243.6,18404,
2024-01-31 12:03:00+05:30,243.6,243.75,243.6,243.7,27986,
2024-01-31 12:04:00+05:30,243.7,243.7,243.4,243.5,43206,
2024-01-31 12:05:00+05:30,243.4,243.5,243.3,243.3,18032,
2024-01-31 12:06:00+05:30,243.35,243.35,243.25,243.3,12076,
2024-01-31 12:07:00+05:30,243.3,243.3,243.2,243.25,43802,
2024-01-31 12:08:00+05:30,243.2,243.25,243.2,243.2,21112,
2024-01-31 12:09:00+05:30,243.2,243.25,242.95,243,22932,
2024-01-31 12:10:00+05:30,243,243.05,242.55,242.6,55356,
2024-01-31 12:11:00+05:30,242.65,242.8,242.6,242.8,15760,
2024-01-31 12:12:00+05:30,242.9,242.9,242.65,242.85,61736,
2024-01-31 12:13:00+05:30,242.75,243.05,242.75,243.05,10878,
2024-01-31 12:14:00+05:30,243.1,243.1,242.75,242.9,24904,
2024-01-31 12:15:00+05:30,242.9,243.3,242.9,243.2,74860,
2024-01-31 12:16:00+05:30,243.2,243.2,242.85,242.9,26080,
2024-01-31 12:17:00+05:30,242.95,243.1,242.85,242.9,26930,
2024-01-31 12:18:00+05:30,242.9,243,242.8,243,21542,
2024-01-31 12:19:00+05:30,243,243.15,243,243.1,15990,
2024-01-31 12:20:00+05:30,243.1,243.5,243.1,243.4,18466,
2024-01-31 12:21:00+05:30,243.4,243.65,243.4,243.6,30130,
2024-01-31 12:22:00+05:30,243.65,243.65,243.35,243.45,53916,
2024-01-31 12:23:00+05:30,243.5,243.6,243.4,243.6,9514,
2024-01-31 12:24:00+05:30,243.6,243.65,243.5,243.6,21250,
2024-01-31 12:25:00+05:30,243.65,243.7,243.55,243.7,44240,
2024-01-31 12:26:00+05:30,243.7,243.7,243.6,243.7,16984,
2024-01-31 12:27:00+05:30,243.7,243.7,243.6,243.6,27724,
2024-01-31 12:28:00+05:30,243.7,243.7,243.2,243.4,61392,
2024-01-31 12:29:00+05:30,243.35,243.8,243.3,243.8,63996,
2024-01-31 12:30:00+05:30,243.7,243.9,243.7,243.8,63108,
2024-01-31 12:31:00+05:30,243.8,243.85,243.75,243.8,26328,
2024-01-31 12:32:00+05:30,243.8,243.8,243.75,243.8,19532,
2024-01-31 12:33:00+05:30,243.75,244.05,243.75,244,88678,
2024-01-31 12:34:00+05:30,244.05,244.15,244,244.1,20628,
2024-01-31 12:35:00+05:30,244,244.2,243.8,244.2,52718,
2024-01-31 12:36:00+05:30,244.3,244.35,244.2,244.3,50964,
2024-01-31 12:37:00+05:30,244.2,244.3,244.2,244.3,17354,
2024-01-31 12:38:00+05:30,244.3,244.3,244.2,244.2,50034,
2024-01-31 12:39:00+05:30,244.2,244.2,243.7,243.7,27658,
2024-01-31 12:40:00+05:30,243.8,243.85,243.7,243.85,20776,
2024-01-31 12:41:00+05:30,243.85,243.85,243.4,243.6,49028,
2024-01-31 12:42:00+05:30,243.7,243.75,243.55,243.55,22098,
2024-01-31 12:43:00+05:30,243.55,243.6,243.2,243.2,28004,
2024-01-31 12:44:00+05:30,243.2,243.4,243.1,243.15,59086,
2024-01-31 12:45:00+05:30,243.15,243.2,243,243.1,35736,
2024-01-31 12:46:00+05:30,243.1,243.3,243.05,243.2,28376,
2024-01-31 12:47:00+05:30,243.2,243.45,243.2,243.45,22220,
2024-01-31 12:48:00+05:30,243.4,243.7,243.2,243.5,25434,
2024-01-31 12:49:00+05:30,243.5,243.7,243.5,243.7,13076,
2024-01-31 12:50:00+05:30,243.65,243.65,243.2,243.2,44130,
2024-01-31 12:51:00+05:30,243.3,243.35,243,243.1,20652,
2024-01-31 12:52:00+05:30,243.1,243.4,243.05,243.3,29800,
2024-01-31 12:53:00+05:30,243.4,243.4,243.2,243.25,18758,
2024-01-31 12:54:00+05:30,243.25,243.35,243.2,243.35,19612,
2024-01-31 12:55:00+05:30,243.35,243.4,243.3,243.4,30186,
2024-01-31 12:56:00+05:30,243.4,243.5,243.3,243.4,24068,
2024-01-31 12:57:00+05:30,243.4,243.4,243.3,243.3,51866,
2024-01-31 12:58:00+05:30,243.3,243.3,242.9,243,64134,
2024-01-31 12:59:00+05:30,243,243.7,243,243.7,25928,
2024-01-31 13:00:00+05:30,243.7,243.8,243.65,243.7,29828,
2024-01-31 13:01:00+05:30,243.7,243.8,243.4,243.4,24470,
2024-01-31 13:02:00+05:30,243.4,243.5,243.4,243.4,33934,
2024-01-31 13:03:00+05:30,243.4,243.5,243.35,243.45,18304,
2024-01-31 13:04:00+05:30,243.5,243.65,243.35,243.4,25018,
2024-01-31 13:05:00+05:30,243.4,243.7,243.4,243.6,9824,
2024-01-31 13:06:00+05:30,243.6,243.7,243.4,243.7,24558,
2024-01-31 13:07:00+05:30,243.7,243.9,243.7,243.9,50856,
2024-01-31 13:08:00+05:30,243.85,243.9,243.6,243.7,69388,
2024-01-31 13:09:00+05:30,243.65,243.7,243.45,243.45,21856,
2024-01-31 13:10:00+05:30,243.45,243.7,243.4,243.7,19614,
2024-01-31 13:11:00+05:30,243.7,243.8,243.4,243.5,47146,
2024-01-31 13:12:00+05:30,243.45,243.55,243.4,243.5,16896,
2024-01-31 13:13:00+05:30,243.5,243.9,243.5,243.7,29274,
2024-01-31 13:14:00+05:30,243.8,243.8,243.6,243.8,9774,
2024-01-31 13:15:00+05:30,243.8,243.9,243.7,243.85,20260,
2024-01-31 13:16:00+05:30,243.9,243.9,243.8,243.9,16070,
2024-01-31 13:17:00+05:30,243.9,243.9,243.55,243.7,44000,
2024-01-31 13:18:00+05:30,243.7,243.8,243.55,243.6,16650,
2024-01-31 13:19:00+05:30,243.6,243.9,243.6,243.8,18482,
2024-01-31 13:20:00+05:30,243.8,243.9,243.8,243.85,15618,
2024-01-31 13:21:00+05:30,243.9,243.95,243.9,243.95,15306,
2024-01-31 13:22:00+05:30,243.95,243.95,243.85,243.95,15928,
2024-01-31 13:23:00+05:30,243.95,243.95,243.7,243.7,69038,
2024-01-31 13:24:00+05:30,243.7,243.9,243.65,243.8,25514,
2024-01-31 13:25:00+05:30,243.8,243.95,243.7,243.9,15362,
2024-01-31 13:26:00+05:30,243.9,244,243.7,243.8,43002,
2024-01-31 13:27:00+05:30,243.8,243.9,243.65,243.8,28958,
2024-01-31 13:28:00+05:30,243.8,243.9,243.8,243.85,36978,
2024-01-31 13:29:00+05:30,243.7,243.9,243.7,243.9,10782,
2024-01-31 13:30:00+05:30,243.9,243.9,243.7,243.7,80930,
2024-01-31 13:31:00+05:30,243.7,243.7,243.6,243.6,34648,
2024-01-31 13:32:00+05:30,243.6,243.7,243.55,243.7,17880,
2024-01-31 13:33:00+05:30,243.7,243.7,243.6,243.6,52252,
2024-01-31 13:34:00+05:30,243.6,243.7,243.6,243.65,19428,
2024-01-31 13:35:00+05:30,243.65,243.7,243.5,243.5,15602,
2024-01-31 13:36:00+05:30,243.5,243.5,243.1,243.2,39256,
2024-01-31 13:37:00+05:30,243.15,243.2,243.1,243.1,16488,
2024-01-31 13:38:00+05:30,243.1,243.3,243.1,243.3,40452,
2024-01-31 13:39:00+05:30,243.3,243.3,243.2,243.3,18620,
2024-01-31 13:40:00+05:30,243.3,243.3,242.9,242.95,59902,
2024-01-31 13:41:00+05:30,243,243.15,243,243.15,37640,
2024-01-31 13:42:00+05:30,243.1,243.25,243.1,243.25,17494,
2024-01-31 13:43:00+05:30,243.2,243.5,243.2,243.5,20080,
2024-01-31 13:44:00+05:30,243.4,243.5,243.35,243.4,35362,
2024-01-31 13:45:00+05:30,243.4,243.6,243.35,243.4,33984,
2024-01-31 13:46:00+05:30,243.45,243.5,243.3,243.3,35988,
2024-01-31 13:47:00+05:30,243.3,243.3,243.25,243.3,24832,
2024-01-31 13:48:00+05:30,243.3,243.3,243,243.1,31306,
2024-01-31 13:49:00+05:30,243.1,243.2,243,243.1,34078,
2024-01-31 13:50:00+05:30,243.1,243.3,243.1,243.3,37464,
2024-01-31 13:51:00+05:30,243.3,243.45,243.1,243.25,28488,
2024-01-31 13:52:00+05:30,243.25,243.4,243.25,243.4,17066,
2024-01-31 13:53:00+05:30,243.4,243.5,243.35,243.5,20808,
2024-01-31 13:54:00+05:30,243.5,243.6,243.5,243.6,22484,
2024-01-31 13:55:00+05:30,243.6,243.6,243.3,243.3,58406,
2024-01-31 13:56:00+05:30,243.3,243.4,243.3,243.3,37824,
2024-01-31 13:57:00+05:30,243.35,243.35,243.05,243.1,53518,
2024-01-31 13:58:00+05:30,243.1,243.25,243.1,243.2,39964,
2024-01-31 13:59:00+05:30,243.2,243.2,243.1,243.15,12872,
2024-01-31 14:00:00+05:30,243.2,243.2,243.1,243.1,35110,
2024-01-31 14:01:00+05:30,243.1,243.1,243.05,243.1,27020,
2024-01-31 14:02:00+05:30,243.05,243.1,243.05,243.1,32790,
2024-01-31 14:03:00+05:30,243.05,243.05,242.75,242.8,53304,
2024-01-31 14:04:00+05:30,242.8,243.15,242.8,243.1,32220,
2024-01-31 14:05:00+05:30,242.9,242.95,242.8,242.8,103104,
2024-01-31 14:06:00+05:30,242.8,242.95,242.8,242.95,29634,
2024-01-31 14:07:00+05:30,242.95,242.95,242.8,242.9,26642,
2024-01-31 14:08:00+05:30,242.9,242.9,242.9,242.9,14406,
2024-01-31 14:09:00+05:30,242.95,242.95,242.9,242.9,25900,
2024-01-31 14:10:00+05:30,242.9,242.95,242.9,242.9,21390,
2024-01-31 14:11:00+05:30,242.9,242.9,242.9,242.9,26020,
2024-01-31 14:12:00+05:30,242.9,242.9,242.75,242.75,54126,
2024-01-31 14:13:00+05:30,242.75,242.8,242.75,242.8,29388,
2024-01-31 14:14:00+05:30,242.8,242.8,242.45,242.55,43546,
2024-01-31 14:15:00+05:30,242.55,242.6,242.05,242.15,75530,
2024-01-31 14:16:00+05:30,242.05,242.45,242.05,242.4,69498,
2024-01-31 14:17:00+05:30,242.4,242.45,242.3,242.35,18060,
2024-01-31 14:18:00+05:30,242.35,242.35,242.3,242.35,21812,
2024-01-31 14:19:00+05:30,242.35,242.35,241.65,241.85,143944,
2024-01-31 14:20:00+05:30,241.85,242.25,241.75,242.25,67128,
2024-01-31 14:21:00+05:30,242.25,242.25,242.15,242.25,40066,
2024-01-31 14:22:00+05:30,242.25,242.25,241.95,242.05,57510,
2024-01-31 14:23:00+05:30,242.05,242.05,241.55,241.6,72058,
2024-01-31 14:24:00+05:30,241.65,241.95,241.55,241.95,84646,
2024-01-31 14:25:00+05:30,241.95,242.25,241.95,242.2,85728,
2024-01-31 14:26:00+05:30,242.15,242.3,242.05,242.05,42642,
2024-01-31 14:27:00+05:30,242.25,242.25,242.15,242.25,31426,
2024-01-31 14:28:00+05:30,242.25,242.25,242.15,242.2,47318,
2024-01-31 14:29:00+05:30,242.2,242.2,242.15,242.15,27732,
2024-01-31 14:30:00+05:30,242.15,242.15,242.15,242.15,28096,
2024-01-31 14:31:00+05:30,242.1,242.15,241.85,241.95,65552,
2024-01-31 14:32:00+05:30,241.95,241.95,241.8,241.85,27848,
2024-01-31 14:33:00+05:30,241.85,241.85,241.85,241.85,42922,
2024-01-31 14:34:00+05:30,241.85,242.15,241.85,242.05,86376,
2024-01-31 14:35:00+05:30,242.05,242.05,242,242.05,26584,
2024-01-31 14:36:00+05:30,242.05,242.05,241.95,242,35866,
2024-01-31 14:37:00+05:30,242.05,242.05,241.95,242,41384,
2024-01-31 14:38:00+05:30,241.95,242,241.8,241.8,42718,
2024-01-31 14:39:00+05:30,241.85,241.95,241.8,241.95,84766,
2024-01-31 14:40:00+05:30,242,242.15,241.95,242.05,38348,
2024-01-31 14:41:00+05:30,242.05,242.15,242.05,242.15,36828,
2024-01-31 14:42:00+05:30,242.15,242.35,242.05,242.35,71092,
2024-01-31 14:43:00+05:30,242.3,242.35,242.25,242.35,36300,
2024-01-31 14:44:00+05:30,242.35,242.35,242.25,242.35,57136,
2024-01-31 14:45:00+05:30,242.35,242.35,242.25,242.25,43182,
2024-01-31 14:46:00+05:30,242.25,242.3,242.25,242.25,100706,
2024-01-31 14:47:00+05:30,242.25,242.3,242.25,242.25,25220,
2024-01-31 14:48:00+05:30,242.25,242.25,242.15,242.15,66982,
2024-01-31 14:49:00+05:30,242.2,242.2,241.95,241.95,39900,
2024-01-31 14:50:00+05:30,241.95,241.95,241.75,241.75,64750,
2024-01-31 14:51:00+05:30,241.8,241.8,241.75,241.8,121582,
2024-01-31 14:52:00+05:30,241.9,242.05,241.85,242.05,43634,
2024-01-31 14:53:00+05:30,242.05,242.05,241.95,242.05,30838,
2024-01-31 14:54:00+05:30,242.05,242.05,241.95,241.95,76932,
2024-01-31 14:55:00+05:30,241.95,241.95,241.95,241.95,46550,
2024-01-31 14:56:00+05:30,241.95,241.95,241.8,241.85,66496,
2024-01-31 14:57:00+05:30,241.85,241.85,241.65,241.7,74166,
2024-01-31 14:58:00+05:30,241.75,241.75,241.7,241.75,105802,
2024-01-31 14:59:00+05:30,241.75,242.05,241.7,242.05,64842,
2024-01-31 15:00:00+05:30,242.05,242.55,242.05,242.55,132072,
2024-01-31 15:01:00+05:30,242.55,243.2,242.55,243.2,122144,
2024-01-31 15:02:00+05:30,243.2,243.45,243.15,243.2,182158,
2024-01-31 15:03:00+05:30,243,243.4,243,243.1,135288,
2024-01-31 15:04:00+05:30,243.1,243.3,243.05,243.2,85472,
2024-01-31 15:05:00+05:30,243.3,243.45,243.2,243.4,69986,
2024-01-31 15:06:00+05:30,243.45,243.6,243.3,243.45,140944,
2024-01-31 15:07:00+05:30,243.45,243.5,243.3,243.35,79590,
2024-01-31 15:08:00+05:30,243.4,243.45,243.35,243.4,73220,
2024-01-31 15:09:00+05:30,243.4,243.4,243.3,243.35,96126,
2024-01-31 15:10:00+05:30,243.4,243.4,243.3,243.35,72074,
2024-01-31 15:11:00+05:30,243.4,243.4,243.3,243.3,98346,
2024-01-31 15:12:00+05:30,243.3,243.4,243.3,243.35,111352,
2024-01-31 15:13:00+05:30,243.4,243.5,243.35,243.45,104936,
2024-01-31 15:14:00+05:30,243.4,243.4,243.35,243.4,195646,
2024-01-31 15:15:00+05:30,243.4,243.4,243.3,243.3,87638,
2024-01-31 15:16:00+05:30,243.3,243.3,243.2,243.3,126956,
2024-01-31 15:17:00+05:30,243.3,243.45,243.3,243.4,92880,
2024-01-31 15:18:00+05:30,243.4,243.5,243.4,243.45,123754,
2024-01-31 15:19:00+05:30,243.5,243.5,243.4,243.45,76074,
2024-01-31 15:20:00+05:30,243.5,243.5,243.4,243.4,140998,
2024-01-31 15:21:00+05:30,243.4,243.5,243.4,243.5,105866,
2024-01-31 15:22:00+05:30,243.6,243.9,243.5,243.8,137310,
2024-01-31 15:23:00+05:30,243.8,243.85,243.8,243.85,84726,
2024-01-31 15:24:00+05:30,243.85,243.95,243.55,243.6,217182,
2024-01-31 15:25:00+05:30,243.6,243.7,243.6,243.7,75238,
2024-01-31 15:26:00+05:30,243.65,243.7,243.6,243.6,120664,
2024-01-31 15:27:00+05:30,243.6,243.7,243.6,243.6,97486,
2024-01-31 15:28:00+05:30,243.5,243.6,243,243.3,53822,
2024-01-31 15:29:00+05:30,242.95,243.7,242.8,243.3,45100,
2024-02-01 09:15:00+05:30,244.45,247.35,244.1,247.25,212882,
2024-02-01 09:16:00+05:30,247.4,248.25,247.35,248,267228,
2024-02-01 09:17:00+05:30,247.95,248,247.25,247.25,162530,
2024-02-01 09:18:00+05:30,247.1,248.05,247,247.95,140486,
2024-02-01 09:19:00+05:30,248.05,248.45,247.75,248.3,143222,
2024-02-01 09:20:00+05:30,248.3,248.95,248.1,248.95,182250,
2024-02-01 09:21:00+05:30,248.85,248.95,247.85,248.25,162116,
2024-02-01 09:22:00+05:30,248.15,248.75,248.15,248.75,118252,
2024-02-01 09:23:00+05:30,248.75,249.2,248.55,248.65,259448,
2024-02-01 09:24:00+05:30,248.85,249.1,248.45,248.45,164164,
2024-02-01 09:25:00+05:30,248.45,248.45,248.05,248.05,102744,
2024-02-01 09:26:00+05:30,248.15,248.45,248.1,248.35,90380,
2024-02-01 09:27:00+05:30,248.3,248.7,248.25,248.5,76680,
2024-02-01 09:28:00+05:30,248.35,248.9,248.35,248.75,81464,
2024-02-01 09:29:00+05:30,248.75,248.8,248.3,248.35,66030,
2024-02-01 09:30:00+05:30,248.35,248.55,248.3,248.3,44378,
2024-02-01 09:31:00+05:30,248.2,248.65,248.2,248.55,75420,
2024-02-01 09:32:00+05:30,248.6,249.45,248.6,249.3,192666,
2024-02-01 09:33:00+05:30,249.3,249.45,248.95,248.95,128040,
2024-02-01 09:34:00+05:30,248.95,249.1,248.75,248.85,53794,
2024-02-01 09:35:00+05:30,248.65,248.85,248.15,248.75,123082,
2024-02-01 09:36:00+05:30,248.75,248.75,248.2,248.45,62480,
2024-02-01 09:37:00+05:30,248.45,248.55,248.35,248.55,55436,
2024-02-01 09:38:00+05:30,248.45,248.8,248.45,248.65,53294,
2024-02-01 09:39:00+05:30,248.65,248.85,248.55,248.75,53796,
2024-02-01 09:40:00+05:30,248.75,249.4,248.75,249.3,79128,
2024-02-01 09:41:00+05:30,249.3,249.65,249.1,249.25,224100,
2024-02-01 09:42:00+05:30,249.1,249.2,248.8,249.1,62874,
2024-02-01 09:43:00+05:30,248.95,249,248.35,248.4,67552,
2024-02-01 09:44:00+05:30,248.35,248.45,247.65,247.85,155974,
2024-02-01 09:45:00+05:30,247.95,248.05,247.65,247.85,47774,
2024-02-01 09:46:00+05:30,247.85,248.25,247.85,247.95,100952,
2024-02-01 09:47:00+05:30,247.95,247.95,247.4,247.55,151164,
2024-02-01 09:48:00+05:30,247.55,247.6,247.4,247.45,44756,
2024-02-01 09:49:00+05:30,247.5,247.5,247.15,247.4,94976,
2024-02-01 09:50:00+05:30,247.4,247.6,247.35,247.45,22856,
2024-02-01 09:51:00+05:30,247.65,247.65,247.3,247.35,30458,
2024-02-01 09:52:00+05:30,247.35,247.65,247.1,247.6,46414,
2024-02-01 09:53:00+05:30,247.6,247.85,247.6,247.85,21960,
2024-02-01 09:54:00+05:30,247.85,248.05,247.75,247.75,34488,
2024-02-01 09:55:00+05:30,247.85,247.85,247.45,247.5,18422,
2024-02-01 09:56:00+05:30,247.5,247.65,247.45,247.45,24872,
2024-02-01 09:57:00+05:30,247.5,247.5,247.2,247.25,41548,
2024-02-01 09:58:00+05:30,247.25,247.3,247.2,247.3,33754,
2024-02-01 09:59:00+05:30,247.3,247.3,246.6,246.85,314174,
2024-02-01 10:00:00+05:30,246.85,246.85,246.5,246.55,61454,
2024-02-01 10:01:00+05:30,246.5,246.5,246.1,246.3,61782,
2024-02-01 10:02:00+05:30,246.3,246.45,246.25,246.35,30682,
2024-02-01 10:03:00+05:30,246.35,246.35,245.85,246.05,47578,
2024-02-01 10:04:00+05:30,246.05,246.6,246,246.45,44618,
2024-02-01 10:05:00+05:30,246.45,247,246.4,246.8,53062,
2024-02-01 10:06:00+05:30,246.8,246.9,246.6,246.9,24116,
2024-02-01 10:07:00+05:30,246.9,247,246.6,246.7,89868,
2024-02-01 10:08:00+05:30,246.7,247.1,246.6,246.9,35528,
2024-02-01 10:09:00+05:30,247,247,246.85,246.9,12354,
2024-02-01 10:10:00+05:30,246.9,247.1,246.85,247.1,15214,
2024-02-01 10:11:00+05:30,247.1,247.25,247,247.25,21302,
2024-02-01 10:12:00+05:30,247.2,247.4,247.2,247.3,23476,
2024-02-01 10:13:00+05:30,247.3,247.45,247.3,247.45,35084,
2024-02-01 10:14:00+05:30,247.45,247.45,247,247.05,54656,
2024-02-01 10:15:00+05:30,247.05,247.1,247,247,14772,
2024-02-01 10:16:00+05:30,247,247.3,247,247.2,15390,
2024-02-01 10:17:00+05:30,247.15,247.4,247.15,247.3,10726,
2024-02-01 10:18:00+05:30,247.4,247.45,247.3,247.4,28488,
2024-02-01 10:19:00+05:30,247.4,247.55,247.4,247.45,14748,
2024-02-01 10:20:00+05:30,247.55,247.55,246.8,246.9,61470,
2024-02-01 10:21:00+05:30,246.9,247.2,246.5,247,31882,
2024-02-01 10:22:00+05:30,247,247.25,247,247.25,11444,
2024-02-01 10:23:00+05:30,247.2,247.25,247.05,247.05,19114,
2024-02-01 10:24:00+05:30,247.05,247.4,247.05,247.3,14234,
2024-02-01 10:25:00+05:30,247.2,247.4,247.15,247.2,23158,
2024-02-01 10:26:00+05:30,247.2,247.4,247.2,247.4,6722,
2024-02-01 10:27:00+05:30,247.4,247.55,247,247.1,37852,
2024-02-01 10:28:00+05:30,247.1,247.3,247,247.3,9588,
2024-02-01 10:29:00+05:30,247.25,247.3,247,247.1,22656,
2024-02-01 10:30:00+05:30,247,247.2,246.9,247.1,14964,
2024-02-01 10:31:00+05:30,247.1,247.2,246.75,246.85,22710,
2024-02-01 10:32:00+05:30,246.7,246.85,246.55,246.65,14486,
2024-02-01 10:33:00+05:30,246.7,246.7,246.6,246.7,15282,
2024-02-01 10:34:00+05:30,246.7,247.05,246.7,247.05,16576,
2024-02-01 10:35:00+05:30,246.9,247,246.8,246.95,20814,
2024-02-01 10:36:00+05:30,247,247.05,246.85,247,13192,
2024-02-01 10:37:00+05:30,247.05,247.1,246.8,246.9,20160,
2024-02-01 10:38:00+05:30,246.9,246.9,246.4,246.4,19672,
2024-02-01 10:39:00+05:30,246.4,246.4,246.1,246.3,34732,
2024-02-01 10:40:00+05:30,246.3,246.3,246.05,246.1,44738,
2024-02-01 10:41:00+05:30,246.05,246.05,245.9,246,25422,
2024-02-01 10:42:00+05:30,246,246.2,245.95,246.1,14026,
2024-02-01 10:43:00+05:30,246,246,245.65,245.8,77162,
2024-02-01 10:44:00+05:30,245.8,246.1,245.8,246,14790,
2024-02-01 10:45:00+05:30,246,246,245.85,245.9,12272,
2024-02-01 10:46:00+05:30,245.9,246.1,245.85,245.85,28410,
2024-02-01 10:47:00+05:30,245.9,246,245.85,245.85,14404,
2024-02-01 10:48:00+05:30,245.85,245.9,245.75,245.85,22878,
2024-02-01 10:49:00+05:30,245.9,246,245.85,245.9,8598,
2024-02-01 10:50:00+05:30,245.9,245.9,245.75,245.85,17420,
2024-02-01 10:51:00+05:30,245.85,245.85,245.75,245.8,11900,
2024-02-01 10:52:00+05:30,245.8,245.85,245.45,245.5,55044,
2024-02-01 10:53:00+05:30,245.5,245.65,245.35,245.55,20382,
2024-02-01 10:54:00+05:30,245.55,245.8,245.55,245.75,26584,
2024-02-01 10:55:00+05:30,245.75,245.75,245.3,245.3,28230,
2024-02-01 10:56:00+05:30,245.3,245.45,245.25,245.35,24888,
2024-02-01 10:57:00+05:30,245.2,245.4,245.15,245.4,21608,
2024-02-01 10:58:00+05:30,245.35,245.55,245.35,245.45,23442,
2024-02-01 10:59:00+05:30,245.45,245.65,245.45,245.65,10072,
2024-02-01 11:00:00+05:30,245.55,245.75,245.35,245.35,26048,
2024-02-01 11:01:00+05:30,245.35,245.35,245.2,245.25,25186,
2024-02-01 11:02:00+05:30,245.25,245.7,245.2,245.7,11022,
2024-02-01 11:03:00+05:30,245.65,245.8,245.25,245.25,56412,
2024-02-01 11:04:00+05:30,245.25,245.45,244.7,244.8,94540,
2024-02-01 11:05:00+05:30,244.85,245,244.4,244.75,93658,
2024-02-01 11:06:00+05:30,244.75,244.95,244.45,244.5,40478,
2024-02-01 11:07:00+05:30,244.35,244.85,244.3,244.85,27006,
2024-02-01 11:08:00+05:30,244.8,245.45,244.75,245.45,25438,
2024-02-01 11:09:00+05:30,245.4,245.45,244.95,245.3,25998,
2024-02-01 11:10:00+05:30,245.25,245.25,245,245.05,20828,
2024-02-01 11:11:00+05:30,245.05,245.15,244.95,245.15,25986,
2024-02-01 11:12:00+05:30,245.05,245.05,244.7,244.7,22462,
2024-02-01 11:13:00+05:30,244.7,244.85,244.7,244.8,11522,
2024-02-01 11:14:00+05:30,244.75,244.95,244.75,244.85,25904,
2024-02-01 11:15:00+05:30,244.85,244.9,244.35,244.45,33300,
2024-02-01 11:16:00+05:30,244.45,244.45,243.5,243.65,85068,
2024-02-01 11:17:00+05:30,243.65,243.85,242.75,243.7,112792,
2024-02-01 11:18:00+05:30,243.8,244.15,243.7,244.05,20290,
2024-02-01 11:19:00+05:30,244,244.1,243.8,243.9,28052,
2024-02-01 11:20:00+05:30,244,244.2,243.7,243.7,29358,
2024-02-01 11:21:00+05:30,243.7,244.2,243.7,244.1,8940,
2024-02-01 11:22:00+05:30,244.15,244.55,244.1,244.45,30290,
2024-02-01 11:23:00+05:30,244.45,244.55,244.45,244.5,14970,
2024-02-01 11:24:00+05:30,244.5,244.55,244.45,244.55,13052,
2024-02-01 11:25:00+05:30,244.55,244.85,244.45,244.85,13410,
2024-02-01 11:26:00+05:30,244.9,245,244.65,244.65,26484,
2024-02-01 11:27:00+05:30,244.35,244.75,244.35,244.65,35336,
2024-02-01 11:28:00+05:30,244.65,244.9,244.55,244.55,34892,
2024-02-01 11:29:00+05:30,244.55,244.75,244.45,244.55,24898,
2024-02-01 11:30:00+05:30,244.55,244.55,244.05,244.15,28170,
2024-02-01 11:31:00+05:30,244.15,244.3,244,244,24498,
2024-02-01 11:32:00+05:30,244.1,244.3,244.05,244.1,19898,
2024-02-01 11:33:00+05:30,244.2,244.2,243.8,243.9,37256,
2024-02-01 11:34:00+05:30,243.9,244.1,243.6,243.9,26126,
2024-02-01 11:35:00+05:30,244,244.1,243.65,243.8,26056,
2024-02-01 11:36:00+05:30,243.9,244.3,243.85,244.3,22888,
2024-02-01 11:37:00+05:30,244.3,244.3,244,244.2,19154,
2024-02-01 11:38:00+05:30,244.2,244.2,244.05,244.2,16514,
2024-02-01 11:39:00+05:30,244.2,244.25,244,244.1,35308,
2024-02-01 11:40:00+05:30,244.1,244.5,244,244.35,13674,
2024-02-01 11:41:00+05:30,244.3,244.45,244.3,244.35,16992,
2024-02-01 11:42:00+05:30,244.4,244.45,243.95,243.95,32428,
2024-02-01 11:43:00+05:30,244,244.2,244,244.1,5554,
2024-02-01 11:44:00+05:30,244.2,244.3,244,244.3,13648,
2024-02-01 11:45:00+05:30,244.3,244.4,244,244.05,23948,
2024-02-01 11:46:00+05:30,244.1,244.1,243.7,243.8,56046,
2024-02-01 11:47:00+05:30,243.9,243.9,243.3,243.4,36478,
2024-02-01 11:48:00+05:30,243.2,243.2,242.8,242.95,88176,
2024-02-01 11:49:00+05:30,242.95,243.25,242.9,243,59452,
2024-02-01 11:50:00+05:30,243,243.5,242.9,243.4,51654,
2024-02-01 11:51:00+05:30,243.3,243.45,243.1,243.1,27612,
2024-02-01 11:52:00+05:30,243.1,243.6,243.1,243.3,13730,
2024-02-01 11:53:00+05:30,243.4,243.5,243.3,243.4,34204,
2024-02-01 11:54:00+05:30,243.4,243.4,243.1,243.1,10918,
2024-02-01 11:55:00+05:30,243.2,243.2,242.9,242.9,25982,
2024-02-01 11:56:00+05:30,243,243.1,242.35,242.7,62370,
2024-02-01 11:57:00+05:30,242.55,242.9,242.5,242.55,19060,
2024-02-01 11:58:00+05:30,242.7,242.8,242.25,242.6,36414,
2024-02-01 11:59:00+05:30,242.55,242.75,242.35,242.7,18498,
2024-02-01 12:00:00+05:30,242.7,242.7,242.25,242.55,36868,
2024-02-01 12:01:00+05:30,242.65,242.95,242.55,242.65,41168,
2024-02-01 12:02:00+05:30,242.65,242.75,242.3,242.35,37840,
2024-02-01 12:03:00+05:30,242.4,242.45,241.8,242.05,60396,
2024-02-01 12:04:00+05:30,242.15,242.5,242,242.15,81258,
2024-02-01 12:05:00+05:30,242.15,242.4,242.05,242.25,39650,
2024-02-01 12:06:00+05:30,242.25,242.9,242.15,242.9,27270,
2024-02-01 12:07:00+05:30,242.95,243.35,242.9,243.2,42294,
2024-02-01 12:08:00+05:30,243.2,243.5,243.2,243.5,22086,
2024-02-01 12:09:00+05:30,243.5,243.7,243.2,243.7,42422,
2024-02-01 12:10:00+05:30,243.8,244,243.5,243.95,31958,
2024-02-01 12:11:00+05:30,244.1,244.85,243.95,244.75,60730,
2024-02-01 12:12:00+05:30,244.75,245.2,244.45,244.95,50654,
2024-02-01 12:13:00+05:30,244.8,244.95,244.75,244.85,17018,
2024-02-01 12:14:00+05:30,244.85,244.9,244.45,244.7,25274,
2024-02-01 12:15:00+05:30,244.75,244.75,244.35,244.55,12374,
2024-02-01 12:16:00+05:30,244.65,244.9,244.55,244.85,35092,
2024-02-01 12:17:00+05:30,244.85,244.85,244.2,244.3,26136,
2024-02-01 12:18:00+05:30,244.3,244.35,244.1,244.1,22118,
2024-02-01 12:19:00+05:30,244,244.25,244,244.2,12966,
2024-02-01 12:20:00+05:30,244.3,244.3,244,244.15,11082,
2024-02-01 12:21:00+05:30,244.2,244.2,243.95,243.95,9394,
2024-02-01 12:22:00+05:30,243.95,244.2,243.95,244,30934,
2024-02-01 12:23:00+05:30,243.95,244.2,243.8,244.2,12338,
2024-02-01 12:24:00+05:30,244.1,244.1,243.8,243.9,22480,
2024-02-01 12:25:00+05:30,243.9,244.15,243.7,244.1,13358,
2024-02-01 12:26:00+05:30,244.1,244.3,244.1,244.3,8538,
2024-02-01 12:27:00+05:30,244.25,244.65,244.2,244.55,21484,
2024-02-01 12:28:00+05:30,244.6,244.6,244.05,244.2,38738,
2024-02-01 12:29:00+05:30,244.05,244.2,243.4,243.65,57162,
2024-02-01 12:30:00+05:30,243.65,244.2,243.6,244.1,13836,
2024-02-01 12:31:00+05:30,244.1,244.1,243.6,243.7,16188,
2024-02-01 12:32:00+05:30,243.7,243.7,243.3,243.65,31070,
2024-02-01 12:33:00+05:30,243.65,243.7,243.35,243.5,17736,
2024-02-01 12:34:00+05:30,243.6,243.6,243.25,243.3,22136,
2024-02-01 12:35:00+05:30,243.4,244.55,243.4,244.45,34960,
2024-02-01 12:36:00+05:30,244.45,244.45,243.5,243.6,40830,
2024-02-01 12:37:00+05:30,243.5,244.4,243.5,244.3,24366,
2024-02-01 12:38:00+05:30,244.3,244.3,243.5,243.6,39010,
2024-02-01 12:39:00+05:30,243.6,243.8,243.5,243.7,20356,
2024-02-01 12:40:00+05:30,243.6,243.85,243.3,243.8,20820,
2024-02-01 12:41:00+05:30,243.8,244,243.7,243.95,17650,
2024-02-01 12:42:00+05:30,243.95,244.5,243.9,244.45,19174,
2024-02-01 12:43:00+05:30,244.5,244.65,244.3,244.35,35792,
2024-02-01 12:44:00+05:30,244.35,244.45,244.2,244.45,12578,
2024-02-01 12:45:00+05:30,244.35,244.55,244.3,244.3,20136,
2024-02-01 12:46:00+05:30,244.3,244.55,244.3,244.45,7524,
2024-02-01 12:47:00+05:30,244.45,244.65,244.35,244.65,19644,
2024-02-01 12:48:00+05:30,244.65,244.65,244.25,244.35,15100,
2024-02-01 12:49:00+05:30,244.35,244.45,244.3,244.45,5680,
2024-02-01 12:50:00+05:30,244.45,244.6,244,244.15,37310,
2024-02-01 12:51:00+05:30,244.15,244.45,244.15,244.35,17016,
2024-02-01 12:52:00+05:30,244.35,244.65,244.35,244.65,6002,
2024-02-01 12:53:00+05:30,244.65,244.75,244.55,244.65,18756,
2024-02-01 12:54:00+05:30,244.65,245.1,244.65,245,27260,
2024-02-01 12:55:00+05:30,245.05,245.1,244.6,244.8,22532,
2024-02-01 12:56:00+05:30,244.8,244.85,244.7,244.75,7980,
2024-02-01 12:57:00+05:30,244.75,244.9,244.55,244.7,19752,
2024-02-01 12:58:00+05:30,244.65,244.75,244.55,244.65,4292,
2024-02-01 12:59:00+05:30,244.65,244.9,244.65,244.75,11258,
2024-02-01 13:00:00+05:30,244.75,244.85,244.35,244.45,17156,
2024-02-01 13:01:00+05:30,244.3,244.85,244.3,244.65,22060,
2024-02-01 13:02:00+05:30,244.65,244.65,244.55,244.65,18596,
2024-02-01 13:03:00+05:30,244.65,244.9,244.65,244.9,13534,
2024-02-01 13:04:00+05:30,244.9,244.9,244.7,244.8,12598,
2024-02-01 13:05:00+05:30,244.8,244.85,244.55,244.75,14442,
2024-02-01 13:06:00+05:30,244.75,244.75,244.6,244.65,10116,
2024-02-01 13:07:00+05:30,244.75,244.75,244.4,244.55,9892,
2024-02-01 13:08:00+05:30,244.55,244.75,244.55,244.75,6630,
2024-02-01 13:09:00+05:30,244.75,244.85,244.75,244.85,9182,
2024-02-01 13:10:00+05:30,244.85,245.05,244.75,245.05,10428,
2024-02-01 13:11:00+05:30,245.05,245.05,244.65,244.85,22856,
2024-02-01 13:12:00+05:30,244.85,244.85,244.65,244.65,11230,
2024-02-01 13:13:00+05:30,244.65,245.05,244.65,244.85,15058,
2024-02-01 13:14:00+05:30,244.85,245,244.85,244.9,5972,
2024-02-01 13:15:00+05:30,244.9,245.2,244.85,245.1,20424,
2024-02-01 13:16:00+05:30,245.2,245.35,245.1,245.15,34240,
2024-02-01 13:17:00+05:30,245.15,245.15,244.95,245.15,11400,
2024-02-01 13:18:00+05:30,245.15,245.15,244.95,244.95,8702,
2024-02-01 13:19:00+05:30,244.95,245.05,244.45,244.55,29684,
2024-02-01 13:20:00+05:30,244.55,244.8,244.55,244.75,8466,
2024-02-01 13:21:00+05:30,244.75,245.05,244.75,244.85,25458,
2024-02-01 13:22:00+05:30,244.7,245.05,244.7,245.05,13398,
2024-02-01 13:23:00+05:30,245.05,245.05,244.85,244.95,5168,
2024-02-01 13:24:00+05:30,244.95,245.25,244.95,245.25,24136,
2024-02-01 13:25:00+05:30,245.2,245.35,245,245.25,17494,
2024-02-01 13:26:00+05:30,245.25,245.25,244.85,245.05,7650,
2024-02-01 13:27:00+05:30,245.05,245.35,244.95,245.1,39946,
2024-02-01 13:28:00+05:30,245.05,245.05,244.45,244.65,35296,
2024-02-01 13:29:00+05:30,244.75,245.15,244.55,245.05,16356,
2024-02-01 13:30:00+05:30,245.15,245.3,244.9,245,20778,
2024-02-01 13:31:00+05:30,245,245.05,244.55,244.75,16178,
2024-02-01 13:32:00+05:30,244.75,244.95,244.65,244.75,15570,
2024-02-01 13:33:00+05:30,244.75,244.8,244.45,244.65,27040,
2024-02-01 13:34:00+05:30,244.6,244.9,244.55,244.85,22818,
2024-02-01 13:35:00+05:30,244.75,244.9,244.65,244.85,7996,
2024-02-01 13:36:00+05:30,244.85,245.05,244.75,244.75,29530,
2024-02-01 13:37:00+05:30,244.9,244.95,244.6,244.6,17888,
2024-02-01 13:38:00+05:30,244.7,244.95,244.6,244.7,20988,
2024-02-01 13:39:00+05:30,244.7,244.75,244.45,244.65,10444,
2024-02-01 13:40:00+05:30,244.75,244.75,244.2,244.2,57060,
2024-02-01 13:41:00+05:30,244.2,244.65,244.1,244.55,13420,
2024-02-01 13:42:00+05:30,244.55,244.9,244.55,244.75,19132,
2024-02-01 13:43:00+05:30,244.65,244.65,244.4,244.55,24206,
2024-02-01 13:44:00+05:30,244.65,244.75,244.45,244.65,10180,
2024-02-01 13:45:00+05:30,244.55,244.65,244.55,244.65,10626,
2024-02-01 13:46:00+05:30,244.65,244.65,244.35,244.55,29102,
2024-02-01 13:47:00+05:30,244.55,245.05,244.55,244.85,34680,
2024-02-01 13:48:00+05:30,244.9,244.9,244.65,244.75,5862,
2024-02-01 13:49:00+05:30,244.75,244.8,244.45,244.55,18694,
2024-02-01 13:50:00+05:30,244.55,244.6,244.5,244.55,14324,
2024-02-01 13:51:00+05:30,244.55,244.65,244.55,244.6,11616,
2024-02-01 13:52:00+05:30,244.65,244.95,244.65,244.95,11924,
2024-02-01 13:53:00+05:30,244.95,245.05,244.55,244.55,26716,
2024-02-01 13:54:00+05:30,244.55,244.55,244.45,244.45,9010,
2024-02-01 13:55:00+05:30,244.45,244.7,244.45,244.6,9224,
2024-02-01 13:56:00+05:30,244.65,244.75,244.6,244.65,11596,
2024-02-01 13:57:00+05:30,244.65,244.8,244.6,244.8,14602,
2024-02-01 13:58:00+05:30,244.75,244.85,244.75,244.85,16092,
2024-02-01 13:59:00+05:30,244.85,244.85,244.75,244.85,18058,
2024-02-01 14:00:00+05:30,244.85,245.05,244.75,244.9,32472,
2024-02-01 14:01:00+05:30,244.95,245.05,244.9,245,6860,
2024-02-01 14:02:00+05:30,245.05,245.15,244.95,245.05,7496,
2024-02-01 14:03:00+05:30,245,245.25,245,245.25,14878,
2024-02-01 14:04:00+05:30,245.25,245.75,245.15,245.75,44966,
2024-02-01 14:05:00+05:30,245.65,245.85,245.65,245.75,16974,
2024-02-01 14:06:00+05:30,245.75,246.1,245.75,246,52222,
2024-02-01 14:07:00+05:30,245.9,246.1,245.65,245.7,38148,
2024-02-01 14:08:00+05:30,245.7,245.95,245.55,245.95,21084,
2024-02-01 14:09:00+05:30,245.9,245.95,245.6,245.7,23856,
2024-02-01 14:10:00+05:30,245.7,245.75,245.65,245.75,11908,
2024-02-01 14:11:00+05:30,245.75,245.85,245.7,245.75,10226,
2024-02-01 14:12:00+05:30,245.8,245.8,245.75,245.75,16676,
2024-02-01 14:13:00+05:30,245.75,245.75,245.45,245.55,41440,
2024-02-01 14:14:00+05:30,245.45,245.55,245.2,245.35,18046,
2024-02-01 14:15:00+05:30,245.35,245.4,245.1,245.35,28004,
2024-02-01 14:16:00+05:30,245.35,245.4,245.25,245.35,16480,
2024-02-01 14:17:00+05:30,245.35,245.4,245.35,245.4,6816,
2024-02-01 14:18:00+05:30,245.4,245.4,245.35,245.35,7012,
2024-02-01 14:19:00+05:30,245.35,245.65,245.35,245.55,21338,
2024-02-01 14:20:00+05:30,245.55,245.55,245.45,245.45,23808,
2024-02-01 14:21:00+05:30,245.55,245.55,245.45,245.5,7018,
2024-02-01 14:22:00+05:30,245.5,245.65,245.45,245.65,10122,
2024-02-01 14:23:00+05:30,245.6,246.1,245.55,246,73914,
2024-02-01 14:24:00+05:30,246.1,246.3,246,246.1,25730,
2024-02-01 14:25:00+05:30,246.2,246.3,246.1,246.15,22478,
2024-02-01 14:26:00+05:30,246.15,246.25,246.1,246.15,33386,
2024-02-01 14:27:00+05:30,246.1,246.1,245.45,245.75,84388,
2024-02-01 14:28:00+05:30,245.85,246,245.8,245.85,11240,
2024-02-01 14:29:00+05:30,245.85,245.9,245.85,245.9,8310,
2024-02-01 14:30:00+05:30,245.9,245.9,245.65,245.75,19560,
2024-02-01 14:31:00+05:30,245.75,245.9,245.65,245.9,22340,
2024-02-01 14:32:00+05:30,245.85,245.95,245.85,245.85,16272,
2024-02-01 14:33:00+05:30,245.9,246,245.85,245.9,8932,
2024-02-01 14:34:00+05:30,245.9,246,245.75,245.85,20046,
2024-02-01 14:35:00+05:30,245.85,245.9,245.65,245.65,14852,
2024-02-01 14:36:00+05:30,245.65,245.85,245.65,245.75,12742,
2024-02-01 14:37:00+05:30,245.75,245.85,245.65,245.8,9410,
2024-02-01 14:38:00+05:30,245.85,245.9,245.8,245.9,5826,
2024-02-01 14:39:00+05:30,245.85,246,245.85,245.9,12166,
2024-02-01 14:40:00+05:30,245.9,245.95,245.85,245.95,9638,
2024-02-01 14:41:00+05:30,246,246,245.9,246,11546,
2024-02-01 14:42:00+05:30,246,246.8,245.9,246.4,79162,
2024-02-01 14:43:00+05:30,246.4,246.55,246.4,246.55,19352,
2024-02-01 14:44:00+05:30,246.55,246.6,246.2,246.4,18458,
2024-02-01 14:45:00+05:30,246.4,247.05,246.4,247,56252,
2024-02-01 14:46:00+05:30,247.05,247.25,246.75,247.15,101040,
2024-02-01 14:47:00+05:30,247.2,247.2,246.8,246.8,29956,
2024-02-01 14:48:00+05:30,246.8,246.95,246.6,246.65,20912,
2024-02-01 14:49:00+05:30,246.8,247.2,246.65,247.1,40960,
2024-02-01 14:50:00+05:30,247.2,247.2,247.1,247.15,14288,
2024-02-01 14:51:00+05:30,247.15,247.2,247.05,247.1,30600,
2024-02-01 14:52:00+05:30,247.05,247.05,246.7,246.75,36570,
2024-02-01 14:53:00+05:30,246.7,246.7,246.6,246.6,21472,
2024-02-01 14:54:00+05:30,246.7,247,246.6,246.8,37112,
2024-02-01 14:55:00+05:30,246.8,246.8,246.7,246.8,14308,
2024-02-01 14:56:00+05:30,246.8,246.8,246.6,246.7,16218,
2024-02-01 14:57:00+05:30,246.7,246.75,246.5,246.6,22334,
2024-02-01 14:58:00+05:30,246.5,246.6,246.3,246.3,25232,
2024-02-01 14:59:00+05:30,246.3,246.55,246,246.4,56128,
2024-02-01 15:00:00+05:30,246.4,246.55,246.15,246.55,47950,
2024-02-01 15:01:00+05:30,246.55,246.7,246.5,246.5,42264,
2024-02-01 15:02:00+05:30,246.65,246.65,246.3,246.5,29450,
2024-02-01 15:03:00+05:30,246.5,246.7,246.4,246.65,42632,
2024-02-01 15:04:00+05:30,246.7,246.75,246.1,246.2,62790,
2024-02-01 15:05:00+05:30,246.2,246.4,246.1,246.3,37866,
2024-02-01 15:06:00+05:30,246.35,246.35,246.3,246.35,25922,
2024-02-01 15:07:00+05:30,246.35,246.35,246.1,246.2,53928,
2024-02-01 15:08:00+05:30,246.2,246.35,246.2,246.3,28756,
2024-02-01 15:09:00+05:30,246.35,246.35,245.9,246.1,48282,
2024-02-01 15:10:00+05:30,246.1,246.45,246.1,246.4,47278,
2024-02-01 15:11:00+05:30,246.1,246.2,246.1,246.2,58128,
2024-02-01 15:12:00+05:30,246.2,246.35,246.2,246.3,30764,
2024-02-01 15:13:00+05:30,246.4,246.4,246.3,246.3,52328,
2024-02-01 15:14:00+05:30,246.3,246.4,246.3,246.4,59116,
2024-02-01 15:15:00+05:30,246.4,246.45,246.35,246.45,49392,
2024-02-01 15:16:00+05:30,246.4,246.45,246.2,246.3,50826,
2024-02-01 15:17:00+05:30,246.3,246.4,246.3,246.4,39612,
2024-02-01 15:18:00+05:30,246.4,246.4,245.9,246.2,119884,
2024-02-01 15:19:00+05:30,246.25,246.35,246.25,246.3,36458,
2024-02-01 15:20:00+05:30,246.35,246.35,245.9,246.1,87142,
2024-02-01 15:21:00+05:30,246,246.3,246,246.3,48726,
2024-02-01 15:22:00+05:30,246.3,246.35,246.25,246.35,50012,
2024-02-01 15:23:00+05:30,246.35,246.35,246,246.1,60028,
2024-02-01 15:24:00+05:30,246.1,246.2,246.05,246.2,51092,
2024-02-01 15:25:00+05:30,246.2,246.45,246.2,246.4,71268,
2024-02-01 15:26:00+05:30,246.5,246.7,246.4,246.6,86770,
2024-02-01 15:27:00+05:30,246.45,246.8,246.45,246.6,41972,
2024-02-01 15:28:00+05:30,246.8,246.9,246.35,246.4,58198,
2024-02-01 15:29:00+05:30,246.2,246.6,245.85,246,44160,
2024-02-02 09:15:00+05:30,250.65,251.9,250,250.95,341060,
2024-02-02 09:16:00+05:30,250.95,251.45,250.5,251.25,275430,
2024-02-02 09:17:00+05:30,251.3,251.55,251.05,251.5,203396,
2024-02-02 09:18:00+05:30,251.5,252.25,251.3,252.2,274272,
2024-02-02 09:19:00+05:30,252.15,252.7,252.15,252.5,304368,
2024-02-02 09:20:00+05:30,252.5,253.65,252.4,253.3,508900,
2024-02-02 09:21:00+05:30,253.4,253.8,252.9,253.75,276608,
2024-02-02 09:22:00+05:30,253.9,254.25,253.65,253.75,369834,
2024-02-02 09:23:00+05:30,253.65,254.25,253.65,254.1,213790,
2024-02-02 09:24:00+05:30,254.1,254.7,253.85,254.25,442460,
2024-02-02 09:25:00+05:30,254.25,255.05,254.15,254.25,268008,
2024-02-02 09:26:00+05:30,254.45,254.45,253.55,253.9,177472,
2024-02-02 09:27:00+05:30,253.95,254.3,253.7,254.3,110068,
2024-02-02 09:28:00+05:30,254.3,254.75,253.9,254.2,175272,
2024-02-02 09:29:00+05:30,254.2,254.25,253.95,253.95,118142,
2024-02-02 09:30:00+05:30,253.85,254.05,252.85,253.1,327838,
2024-02-02 09:31:00+05:30,253.1,253.15,252.75,252.9,143488,
2024-02-02 09:32:00+05:30,252.8,253.75,252.8,253.65,128300,
2024-02-02 09:33:00+05:30,253.65,254.05,253.65,253.85,76206,
2024-02-02 09:34:00+05:30,253.9,253.95,253.65,253.85,66470,
2024-02-02 09:35:00+05:30,253.85,253.95,253.75,253.8,56876,
2024-02-02 09:36:00+05:30,253.75,254.25,253.75,253.9,127318,
2024-02-02 09:37:00+05:30,253.95,254.6,253.95,254.6,168028,
2024-02-02 09:38:00+05:30,254.6,255.1,254.45,255.05,210424,
2024-02-02 09:39:00+05:30,254.9,255.2,254.65,255.2,266774,
2024-02-02 09:40:00+05:30,255.2,255.3,254.95,255.2,247672,
2024-02-02 09:41:00+05:30,255.15,255.65,255.05,255.65,329992,
2024-02-02 09:42:00+05:30,255.8,255.8,255.4,255.55,175296,
2024-02-02 09:43:00+05:30,255.55,255.95,255.55,255.8,238490,
2024-02-02 09:44:00+05:30,255.8,256.05,255.75,255.8,140802,
2024-02-02 09:45:00+05:30,255.9,256.2,255.7,256.05,277320,
2024-02-02 09:46:00+05:30,256.1,256.1,255.45,255.5,242456,
2024-02-02 09:47:00+05:30,255.5,256,255.5,255.95,117590,
2024-02-02 09:48:00+05:30,256,256,255.75,255.8,85872,
2024-02-02 09:49:00+05:30,255.8,255.9,255.6,255.9,89466,
2024-02-02 09:50:00+05:30,255.85,255.9,255.8,255.85,71560,
2024-02-02 09:51:00+05:30,255.85,256.5,255.55,256.4,173684,
2024-02-02 09:52:00+05:30,256.2,256.7,256.2,256.3,230514,
2024-02-02 09:53:00+05:30,256.3,256.45,255.6,256.05,315250,
2024-02-02 09:54:00+05:30,256.1,256.3,255.9,256.05,172670,
2024-02-02 09:55:00+05:30,256,256.05,255.9,256,71410,
2024-02-02 09:56:00+05:30,256,256.1,256,256.05,64810,
2024-02-02 09:57:00+05:30,256.05,256.15,255.8,256,88484,
2024-02-02 09:58:00+05:30,255.95,256.7,255.9,256.45,117622,
2024-02-02 09:59:00+05:30,256.4,256.7,256.4,256.7,72552,
2024-02-02 10:00:00+05:30,256.6,256.75,256.55,256.7,130680,
2024-02-02 10:01:00+05:30,256.7,256.95,256.35,256.6,332106,
2024-02-02 10:02:00+05:30,256.7,256.75,256.2,256.4,76018,
2024-02-02 10:03:00+05:30,256.55,256.7,256.4,256.55,53988,
2024-02-02 10:04:00+05:30,256.55,256.7,256.5,256.5,61976,
2024-02-02 10:05:00+05:30,256.6,256.75,256.5,256.7,51704,
2024-02-02 10:06:00+05:30,256.7,256.75,256.5,256.7,49288,
2024-02-02 10:07:00+05:30,256.7,257.2,256.7,257.15,143152,
2024-02-02 10:08:00+05:30,257.15,257.25,256.85,256.95,121398,
2024-02-02 10:09:00+05:30,256.9,256.95,256.7,256.7,97174,
2024-02-02 10:10:00+05:30,256.7,256.85,256.6,256.7,56408,
2024-02-02 10:11:00+05:30,256.7,256.9,256.6,256.85,134378,
2024-02-02 10:12:00+05:30,256.85,257.15,256.65,257,76764,
2024-02-02 10:13:00+05:30,257,257.25,256.85,256.95,104480,
2024-02-02 10:14:00+05:30,256.85,257.1,256.85,256.95,60598,
2024-02-02 10:15:00+05:30,256.95,257.5,256.9,257.35,297378,
2024-02-02 10:16:00+05:30,257.45,257.95,257.25,257.85,332090,
2024-02-02 10:17:00+05:30,257.85,258.2,257.65,258.05,194584,
2024-02-02 10:18:00+05:30,257.95,258.15,257.7,257.95,139922,
2024-02-02 10:19:00+05:30,258,258.35,257.95,258.05,175732,
2024-02-02 10:20:00+05:30,258,258.25,258,258.15,61136,
2024-02-02 10:21:00+05:30,258.15,258.15,257.9,258.05,61478,
2024-02-02 10:22:00+05:30,257.95,258.05,257.75,257.75,88890,
2024-02-02 10:23:00+05:30,257.75,257.95,257.7,257.8,71256,
2024-02-02 10:24:00+05:30,257.85,258.15,257.7,257.7,74340,
2024-02-02 10:25:00+05:30,257.75,258.25,257.7,258.25,63876,
2024-02-02 10:26:00+05:30,258.2,258.25,257.95,258.2,71270,
2024-02-02 10:27:00+05:30,258.25,258.45,258.05,258.35,106628,
2024-02-02 10:28:00+05:30,258.35,258.7,258.25,258.6,91784,
2024-02-02 10:29:00+05:30,258.6,258.65,258.35,258.5,92098,
2024-02-02 10:30:00+05:30,258.5,258.7,258.5,258.6,95288,
2024-02-02 10:31:00+05:30,258.7,259,258.6,258.8,139066,
2024-02-02 10:32:00+05:30,258.85,258.9,258.5,258.8,99538,
2024-02-02 10:33:00+05:30,258.6,258.9,258.55,258.8,81082,
2024-02-02 10:34:00+05:30,258.8,259,258.6,258.8,119010,
2024-02-02 10:35:00+05:30,258.7,258.8,258.6,258.6,48874,
2024-02-02 10:36:00+05:30,258.6,258.75,258.6,258.6,61012,
2024-02-02 10:37:00+05:30,258.6,258.65,258.1,258.25,249572,
2024-02-02 10:38:00+05:30,258.35,258.65,258.25,258.6,61688,
2024-02-02 10:39:00+05:30,258.6,258.75,258.4,258.4,68058,
2024-02-02 10:40:00+05:30,258.5,258.5,258.25,258.3,55126,
2024-02-02 10:41:00+05:30,258.3,258.35,258,258.05,111996,
2024-02-02 10:42:00+05:30,258.05,258.15,257.85,257.95,128664,
2024-02-02 10:43:00+05:30,257.95,258.25,257.85,258.15,53764,
2024-02-02 10:44:00+05:30,258.2,258.25,258.05,258.1,21004,
2024-02-02 10:45:00+05:30,258.1,258.2,258.05,258.15,39484,
2024-02-02 10:46:00+05:30,258,258.25,258,258.05,87892,
2024-02-02 10:47:00+05:30,258.05,258.45,258.05,258.4,63132,
2024-02-02 10:48:00+05:30,258.4,258.6,258.35,258.55,36952,
2024-02-02 10:49:00+05:30,258.45,258.7,258.4,258.7,58766,
2024-02-02 10:50:00+05:30,258.7,258.95,258.7,258.85,79706,
2024-02-02 10:51:00+05:30,258.85,259.2,258.7,258.75,166926,
2024-02-02 10:52:00+05:30,258.8,259,258.7,258.9,114724,
2024-02-02 10:53:00+05:30,258.95,259,258.8,258.9,44376,
2024-02-02 10:54:00+05:30,258.9,259.1,258.85,259,77164,
2024-02-02 10:55:00+05:30,259,259.95,259,259.5,442828,
2024-02-02 10:56:00+05:30,259.5,259.6,259.3,259.5,101592,
2024-02-02 10:57:00+05:30,259.5,259.7,259.5,259.6,59766,
2024-02-02 10:58:00+05:30,259.7,260.05,259.6,259.9,137974,
2024-02-02 10:59:00+05:30,259.9,260.1,259.7,260,132150,
2024-02-02 11:00:00+05:30,260.1,260.55,260,260.3,234118,
2024-02-02 11:01:00+05:30,260.3,261.05,260.3,261,287870,
2024-02-02 11:02:00+05:30,261.15,261.15,260.9,260.95,176408,
2024-02-02 11:03:00+05:30,260.95,260.95,260.4,260.4,364794,
2024-02-02 11:04:00+05:30,260.4,261.35,260.4,261.25,178068,
2024-02-02 11:05:00+05:30,261.15,261.4,260.7,260.75,130714,
2024-02-02 11:06:00+05:30,260.9,261.6,260.75,261.4,251700,
2024-02-02 11:07:00+05:30,261.4,261.6,261.05,261.05,185558,
2024-02-02 11:08:00+05:30,261.05,261.45,261.05,261.25,63542,
2024-02-02 11:09:00+05:30,261.35,261.35,261.15,261.15,68854,
2024-02-02 11:10:00+05:30,261.15,261.4,261,261.3,221070,
2024-02-02 11:11:00+05:30,261.35,261.6,261.3,261.35,140818,
2024-02-02 11:12:00+05:30,261.3,261.35,261.15,261.15,103636,
2024-02-02 11:13:00+05:30,261.15,261.15,261.05,261.05,243152,
2024-02-02 11:14:00+05:30,261.05,261.1,260.55,260.75,200884,
2024-02-02 11:15:00+05:30,260.75,261.05,260.75,260.9,98200,
2024-02-02 11:16:00+05:30,260.9,260.95,260.55,260.55,95482,
2024-02-02 11:17:00+05:30,260.55,260.55,260.2,260.45,192320,
2024-02-02 11:18:00+05:30,260.45,260.6,260.25,260.55,54070,
2024-02-02 11:19:00+05:30,260.55,261,260.4,260.95,132732,
2024-02-02 11:20:00+05:30,260.9,260.9,260.55,260.65,74106,
2024-02-02 11:21:00+05:30,260.65,261.05,260.45,260.55,112844,
2024-02-02 11:22:00+05:30,260.5,260.55,260.35,260.5,82166,
2024-02-02 11:23:00+05:30,260.5,260.55,260.35,260.35,92688,
2024-02-02 11:24:00+05:30,260.35,260.55,260.35,260.55,45262,
2024-02-02 11:25:00+05:30,260.5,260.9,260.45,260.7,118762,
2024-02-02 11:26:00+05:30,260.7,261.15,260.55,261.05,101242,
2024-02-02 11:27:00+05:30,261.05,261.2,260.95,261.05,80310,
2024-02-02 11:28:00+05:30,261.05,261.25,261,261.15,59812,
2024-02-02 11:29:00+05:30,261.15,261.3,261.05,261.15,49684,
2024-02-02 11:30:00+05:30,261.15,261.25,261.1,261.15,64762,
2024-02-02 11:31:00+05:30,261.15,261.25,261,261.15,57972,
2024-02-02 11:32:00+05:30,261.1,261.15,261,261.05,106324,
2024-02-02 11:33:00+05:30,261.1,261.15,260.85,260.95,104448,
2024-02-02 11:34:00+05:30,261.05,261.4,260.95,261.3,74820,
2024-02-02 11:35:00+05:30,261.3,261.45,261.2,261.4,95100,
2024-02-02 11:36:00+05:30,261.4,261.55,261.4,261.55,146766,
2024-02-02 11:37:00+05:30,261.55,262.05,261.55,261.9,387124,
2024-02-02 11:38:00+05:30,261.95,262.55,261.8,262.2,300482,
2024-02-02 11:39:00+05:30,262.2,262.45,262.1,262.3,131518,
2024-02-02 11:40:00+05:30,262.3,262.35,262.1,262.3,148328,
2024-02-02 11:41:00+05:30,262.3,262.3,262,262.1,134948,
2024-02-02 11:42:00+05:30,262.1,262.2,262,262.1,109024,
2024-02-02 11:43:00+05:30,262.1,262.3,262.1,262.1,97502,
2024-02-02 11:44:00+05:30,262.1,262.15,261.45,261.6,222206,
2024-02-02 11:45:00+05:30,261.6,262.1,261.55,262,70060,
2024-02-02 11:46:00+05:30,262.05,262.1,261.75,261.9,53150,
2024-02-02 11:47:00+05:30,261.9,262.4,261.9,262.3,85632,
2024-02-02 11:48:00+05:30,262.3,262.3,262.1,262.3,53024,
2024-02-02 11:49:00+05:30,262.2,262.4,262.2,262.3,74730,
2024-02-02 11:50:00+05:30,262.2,262.6,262.2,262.45,122968,
2024-02-02 11:51:00+05:30,262.55,262.8,262.4,262.7,193748,
2024-02-02 11:52:00+05:30,262.6,263.25,262.6,263.15,341544,
2024-02-02 11:53:00+05:30,263.25,263.25,263,263.05,321512,
2024-02-02 11:54:00+05:30,263,263.2,263,263.15,245138,
2024-02-02 11:55:00+05:30,263.15,263.25,262.9,263.15,216000,
2024-02-02 11:56:00+05:30,263.05,263.25,263,263.15,81000,
2024-02-02 11:57:00+05:30,263.25,263.75,263.15,263.75,210430,
2024-02-02 11:58:00+05:30,263.75,264.05,263.65,263.95,322502,
2024-02-02 11:59:00+05:30,264.05,264.15,263.95,264.05,309072,
2024-02-02 12:00:00+05:30,264.05,264.8,264.05,264.65,272390,
2024-02-02 12:01:00+05:30,264.6,265.1,264.6,265.1,375712,
2024-02-02 12:02:00+05:30,265.05,266.3,265.05,265.75,945348,
2024-02-02 12:03:00+05:30,265.7,265.8,265.25,265.6,574614,
2024-02-02 12:04:00+05:30,265.75,265.95,265.5,265.7,277962,
2024-02-02 12:05:00+05:30,265.6,266.1,265.6,265.75,356190,
2024-02-02 12:06:00+05:30,265.75,266.15,265.7,266,359222,
2024-02-02 12:07:00+05:30,265.9,266,265.35,265.45,261908,
2024-02-02 12:08:00+05:30,265.35,265.6,265,265.5,268508,
2024-02-02 12:09:00+05:30,265.75,265.8,265.45,265.65,103200,
2024-02-02 12:10:00+05:30,265.65,265.85,265.4,265.8,143016,
2024-02-02 12:11:00+05:30,265.7,266,265.6,265.65,150360,
2024-02-02 12:12:00+05:30,265.65,265.9,265.65,265.9,106642,
2024-02-02 12:13:00+05:30,265.9,265.9,265.25,265.4,159862,
2024-02-02 12:14:00+05:30,265.4,266.45,265.3,266.35,546622,
2024-02-02 12:15:00+05:30,266.35,266.35,265.7,265.85,176962,
2024-02-02 12:16:00+05:30,265.85,266.35,265.75,266.25,243452,
2024-02-02 12:17:00+05:30,266.4,267.25,266.3,267.15,570754,
2024-02-02 12:18:00+05:30,267.25,268.9,267.15,268.75,810214,
2024-02-02 12:19:00+05:30,268.8,268.8,268.1,268.1,497160,
2024-02-02 12:20:00+05:30,268,268.85,267.7,268.6,401302,
2024-02-02 12:21:00+05:30,268.4,268.4,267.4,267.65,298624,
2024-02-02 12:22:00+05:30,267.65,268.1,267.45,267.5,237876,
2024-02-02 12:23:00+05:30,267.45,268,267.45,267.75,247262,
2024-02-02 12:24:00+05:30,267.9,267.9,267.35,267.45,204628,
2024-02-02 12:25:00+05:30,267.35,268.05,267.25,267.9,176130,
2024-02-02 12:26:00+05:30,267.9,268,267.7,268,116692,
2024-02-02 12:27:00+05:30,268,268.15,267.45,267.65,306972,
2024-02-02 12:28:00+05:30,267.65,268.2,267.65,267.75,165854,
2024-02-02 12:29:00+05:30,267.95,267.95,267.25,267.45,265952,
2024-02-02 12:30:00+05:30,267.45,267.45,265.2,265.65,734636,
2024-02-02 12:31:00+05:30,265.55,265.7,264.75,264.95,467298,
2024-02-02 12:32:00+05:30,264.95,265.9,264.8,265.4,412490,
2024-02-02 12:33:00+05:30,265.4,266.15,264.8,266.1,327572,
2024-02-02 12:34:00+05:30,265.9,266.55,265.9,266.15,393302,
2024-02-02 12:35:00+05:30,266.1,266.25,265.15,265.2,259144,
2024-02-02 12:36:00+05:30,265.2,265.35,264.8,265.3,415592,
2024-02-02 12:37:00+05:30,265.3,265.7,265.2,265.6,187388,
2024-02-02 12:38:00+05:30,265.6,265.7,265.3,265.5,159652,
2024-02-02 12:39:00+05:30,265.6,266.45,265.55,266.3,251592,
2024-02-02 12:40:00+05:30,266.35,267.35,266.3,267.35,279050,
2024-02-02 12:41:00+05:30,267.35,267.35,266.85,267.05,112564,
2024-02-02 12:42:00+05:30,267.05,267.1,266.45,267.1,130772,
2024-02-02 12:43:00+05:30,267.15,267.8,267.1,267.65,409168,
2024-02-02 12:44:00+05:30,267.65,268.2,267.6,268.1,241322,
2024-02-02 12:45:00+05:30,268.1,268.15,267.9,268.1,144344,
2024-02-02 12:46:00+05:30,268.05,268.5,268,268.05,200010,
2024-02-02 12:47:00+05:30,268.05,268.3,267.65,267.7,174120,
2024-02-02 12:48:00+05:30,267.7,267.8,267.35,267.55,184530,
2024-02-02 12:49:00+05:30,267.55,267.85,267.5,267.65,122166,
2024-02-02 12:50:00+05:30,267.75,267.9,267.3,267.35,152872,
2024-02-02 12:51:00+05:30,267.35,268.9,267.35,268.75,575440,
2024-02-02 12:52:00+05:30,268.8,268.9,268.55,268.8,214956,
2024-02-02 12:53:00+05:30,268.8,269.35,268.7,269.15,501720,
2024-02-02 12:54:00+05:30,269.15,269.2,268.2,268.4,236372,
2024-02-02 12:55:00+05:30,268.4,268.6,268.4,268.45,109244,
2024-02-02 12:56:00+05:30,268.45,268.9,268.45,268.7,115802,
2024-02-02 12:57:00+05:30,268.7,268.9,268.5,268.9,143958,
2024-02-02 12:58:00+05:30,268.9,269,268.6,268.85,118348,
2024-02-02 12:59:00+05:30,268.85,268.85,268.4,268.5,111694,
2024-02-02 13:00:00+05:30,268.5,269.2,268,269.15,307820,
2024-02-02 13:01:00+05:30,269.25,269.35,268.9,269.05,212734,
2024-02-02 13:02:00+05:30,269.05,269.05,268.8,269,98656,
2024-02-02 13:03:00+05:30,269,269.2,268.9,269,107368,
2024-02-02 13:04:00+05:30,268.9,269.1,268.9,269,79644,
2024-02-02 13:05:00+05:30,269,269.35,269,269,200772,
2024-02-02 13:06:00+05:30,269.1,269.1,268.65,268.9,200558,
2024-02-02 13:07:00+05:30,268.9,269.15,268.8,268.95,107156,
2024-02-02 13:08:00+05:30,269,269.2,268.9,269.1,63258,
2024-02-02 13:09:00+05:30,269.05,269.1,268.65,268.65,137288,
2024-02-02 13:10:00+05:30,268.7,269.75,268.65,269.75,496828,
2024-02-02 13:11:00+05:30,269.65,269.8,267.4,267.8,614662,
2024-02-02 13:12:00+05:30,267.8,267.9,266.95,267.8,384866,
2024-02-02 13:13:00+05:30,267.7,268,267.5,267.55,215478,
2024-02-02 13:14:00+05:30,267.55,267.8,267.5,267.8,149946,
2024-02-02 13:15:00+05:30,267.75,267.85,267.5,267.6,127116,
2024-02-02 13:16:00+05:30,267.65,268.35,267.45,268.05,336670,
2024-02-02 13:17:00+05:30,268.1,268.4,268.1,268.35,57968,
2024-02-02 13:18:00+05:30,268.3,268.75,268.3,268.6,169602,
2024-02-02 13:19:00+05:30,268.65,268.75,268.4,268.55,47010,
2024-02-02 13:20:00+05:30,268.55,268.6,268.2,268.3,76712,
2024-02-02 13:21:00+05:30,268.3,268.35,268.2,268.3,70532,
2024-02-02 13:22:00+05:30,268.25,268.55,268,268.2,109402,
2024-02-02 13:23:00+05:30,268.1,268.45,268.1,268.4,73338,
2024-02-02 13:24:00+05:30,268.4,268.45,267.9,268.15,155788,
2024-02-02 13:25:00+05:30,268.2,268.3,267.6,267.7,148138,
2024-02-02 13:26:00+05:30,267.7,268.4,267.65,268.3,154174,
2024-02-02 13:27:00+05:30,268.25,268.3,268,268.2,98922,
2024-02-02 13:28:00+05:30,268.3,268.3,268.2,268.3,44450,
2024-02-02 13:29:00+05:30,268.3,268.5,268.25,268.4,163954,
2024-02-02 13:30:00+05:30,268.4,268.45,268.3,268.4,87248,
2024-02-02 13:31:00+05:30,268.3,268.4,267.45,267.45,218498,
2024-02-02 13:32:00+05:30,267.55,267.65,267.15,267.15,220304,
2024-02-02 13:33:00+05:30,267.25,267.8,267.15,267.7,112098,
2024-02-02 13:34:00+05:30,267.7,267.85,267.45,267.8,184460,
2024-02-02 13:35:00+05:30,267.8,268.3,267.7,268.2,114558,
2024-02-02 13:36:00+05:30,268.2,268.5,267.9,268.5,134344,
2024-02-02 13:37:00+05:30,268.4,268.6,268.25,268.45,89184,
2024-02-02 13:38:00+05:30,268.45,268.6,268.4,268.6,66722,
2024-02-02 13:39:00+05:30,268.6,268.65,268.2,268.6,110544,
2024-02-02 13:40:00+05:30,268.6,268.65,268.5,268.5,89174,
2024-02-02 13:41:00+05:30,268.6,268.65,268.5,268.6,89392,
2024-02-02 13:42:00+05:30,268.55,268.85,268.55,268.75,181964,
2024-02-02 13:43:00+05:30,268.7,268.85,268.7,268.75,94972,
2024-02-02 13:44:00+05:30,268.75,268.8,268.5,268.7,116472,
2024-02-02 13:45:00+05:30,268.7,268.9,268.7,268.9,87442,
2024-02-02 13:46:00+05:30,268.9,269.25,268.9,269.15,215798,
2024-02-02 13:47:00+05:30,269.1,269.25,268.9,269.1,132678,
2024-02-02 13:48:00+05:30,269,269.45,269,269.25,171010,
2024-02-02 13:49:00+05:30,269.3,269.3,268.6,268.8,196162,
2024-02-02 13:50:00+05:30,268.8,269.15,268.7,268.95,93836,
2024-02-02 13:51:00+05:30,268.95,269.3,268.95,269.3,75064,
2024-02-02 13:52:00+05:30,269.35,269.55,269.25,269.45,168216,
2024-02-02 13:53:00+05:30,269.45,269.85,269.45,269.55,254718,
2024-02-02 13:54:00+05:30,269.55,269.75,269.35,269.45,140084,
2024-02-02 13:55:00+05:30,269.45,269.75,269.35,269.75,111932,
2024-02-02 13:56:00+05:30,269.75,269.75,269.35,269.65,131320,
2024-02-02 13:57:00+05:30,269.65,269.85,269.45,269.8,143514,
2024-02-02 13:58:00+05:30,269.8,270.55,269.8,270.55,567600,
2024-02-02 13:59:00+05:30,270.55,270.8,270.15,270.35,589208,
2024-02-02 14:00:00+05:30,270.35,270.55,270.2,270.35,136124,
2024-02-02 14:01:00+05:30,270.35,270.45,270.15,270.35,110998,
2024-02-02 14:02:00+05:30,270.5,270.55,270.15,270.3,106326,
2024-02-02 14:03:00+05:30,270.25,270.5,270.25,270.45,85308,
2024-02-02 14:04:00+05:30,270.45,270.75,270.4,270.4,154406,
2024-02-02 14:05:00+05:30,270.35,270.75,270.35,270.65,124508,
2024-02-02 14:06:00+05:30,270.7,270.9,270.65,270.9,989580,
2024-02-02 14:07:00+05:30,270.9,270.9,270.75,270.9,885566,
2024-02-02 14:08:00+05:30,270.9,270.9,270.9,270.9,292522,
2024-02-02 14:09:00+05:30,270.9,270.9,270.9,270.9,115546,
2024-02-02 14:10:00+05:30,270.9,270.9,270.4,270.65,832598,
2024-02-02 14:11:00+05:30,270.65,270.9,270.6,270.9,1027296,
2024-02-02 14:12:00+05:30,270.9,270.9,270.9,270.9,56190,
2024-02-02 14:13:00+05:30,270.9,270.9,270.9,270.9,91154,
2024-02-02 14:14:00+05:30,270.9,277.3,270.9,271.2,1109008,
2024-02-02 14:15:00+05:30,271.15,271.8,271,271.1,698306,
2024-02-02 14:16:00+05:30,271.1,271.9,270.6,271.5,1090250,
2024-02-02 14:17:00+05:30,271.65,271.65,270.75,271.2,386134,
2024-02-02 14:18:00+05:30,271.25,271.75,271.2,271.45,224200,
2024-02-02 14:19:00+05:30,271.6,272.15,271.45,272.1,248242,
2024-02-02 14:20:00+05:30,272.1,272.1,271.2,271.7,371394,
2024-02-02 14:21:00+05:30,271.7,271.8,271.45,271.75,148176,
2024-02-02 14:22:00+05:30,271.8,271.8,271.2,271.5,265190,
2024-02-02 14:23:00+05:30,271.3,271.5,270.95,271.4,197726,
2024-02-02 14:24:00+05:30,271.3,271.45,270.9,271.45,202250,
2024-02-02 14:25:00+05:30,271.45,272.3,271.3,272.3,263724,
2024-02-02 14:26:00+05:30,272.25,272.55,272,272.35,329780,
2024-02-02 14:27:00+05:30,272.3,272.45,271.8,272.35,187146,
2024-02-02 14:28:00+05:30,272.2,272.6,271.9,272.55,318476,
2024-02-02 14:29:00+05:30,272.7,272.85,271.9,272.1,425666,
2024-02-02 14:30:00+05:30,272.1,272.3,271.7,272.3,152992,
2024-02-02 14:31:00+05:30,272.3,272.45,272.1,272.2,135072,
2024-02-02 14:32:00+05:30,272.35,272.4,271.85,271.9,163952,
2024-02-02 14:33:00+05:30,271.9,272.05,271.3,271.6,308522,
2024-02-02 14:34:00+05:30,271.75,271.75,271.35,271.65,110202,
2024-02-02 14:35:00+05:30,271.7,271.8,271.4,271.7,100884,
2024-02-02 14:36:00+05:30,271.7,272.05,271.5,272,218960,
2024-02-02 14:37:00+05:30,272.1,272.5,272.05,272.45,386564,
2024-02-02 14:38:00+05:30,272.45,272.75,272.3,272.75,202174,
2024-02-02 14:39:00+05:30,272.75,272.75,272.4,272.65,157834,
2024-02-02 14:40:00+05:30,272.55,272.7,272,272.2,161066,
2024-02-02 14:41:00+05:30,272.35,272.45,271.95,272.3,169962,
2024-02-02 14:42:00+05:30,272.45,272.5,272.3,272.4,85320,
2024-02-02 14:43:00+05:30,272.45,272.5,271.9,272.15,159974,
2024-02-02 14:44:00+05:30,272.2,272.5,272.2,272.45,123528,
2024-02-02 14:45:00+05:30,272.45,272.5,272.05,272.1,108050,
2024-02-02 14:46:00+05:30,272.05,272.1,271.7,271.8,185232,
2024-02-02 14:47:00+05:30,271.85,272.05,271.55,272,130964,
2024-02-02 14:48:00+05:30,272,272.05,271.6,271.9,127500,
2024-02-02 14:49:00+05:30,271.75,272,271.6,271.7,150680,
2024-02-02 14:50:00+05:30,271.7,271.85,271.4,271.45,137376,
2024-02-02 14:51:00+05:30,271.55,271.65,271.2,271.5,309672,
2024-02-02 14:52:00+05:30,271.4,271.55,271.3,271.4,185416,
2024-02-02 14:53:00+05:30,271.4,271.45,271.1,271.1,334430,
2024-02-02 14:54:00+05:30,271.2,271.4,271.1,271.3,148826,
2024-02-02 14:55:00+05:30,271.3,271.3,270.45,270.65,419492,
2024-02-02 14:56:00+05:30,270.65,270.7,270.35,270.35,313430,
2024-02-02 14:57:00+05:30,270.35,270.45,269.75,269.75,297166,
2024-02-02 14:58:00+05:30,269.85,269.85,269.55,269.6,274564,
2024-02-02 14:59:00+05:30,269.55,269.65,269.15,269.65,370752,
2024-02-02 15:00:00+05:30,269.65,270.2,269.55,270.05,243176,
2024-02-02 15:01:00+05:30,270.15,270.8,270.05,270.55,294438,
2024-02-02 15:02:00+05:30,270.7,270.75,269.85,270.05,135292,
2024-02-02 15:03:00+05:30,270.15,271,270.05,270.45,242892,
2024-02-02 15:04:00+05:30,270.1,270.35,269.95,270.25,204986,
2024-02-02 15:05:00+05:30,270.25,270.6,270.05,270.55,138358,
2024-02-02 15:06:00+05:30,270.55,271.3,270.55,271.2,344316,
2024-02-02 15:07:00+05:30,271.2,271.4,270.65,271,194786,
2024-02-02 15:08:00+05:30,271.05,271.1,270.8,270.9,87260,
2024-02-02 15:09:00+05:30,271,271,270.8,270.9,110878,
2024-02-02 15:10:00+05:30,271,271.3,271,271.2,160762,
2024-02-02 15:11:00+05:30,271.3,271.3,271,271.15,208798,
2024-02-02 15:12:00+05:30,271.15,271.4,270.55,270.75,728374,
2024-02-02 15:13:00+05:30,270.75,271.2,270.55,270.95,284486,
2024-02-02 15:14:00+05:30,271.1,271.3,270.9,271.25,234566,
2024-02-02 15:15:00+05:30,271.25,271.3,270.7,270.9,388226,
2024-02-02 15:16:00+05:30,270.8,271.05,270.65,270.7,261416,
2024-02-02 15:17:00+05:30,270.75,270.9,270.4,270.45,285826,
2024-02-02 15:18:00+05:30,270.4,270.8,270.15,270.25,613704,
2024-02-02 15:19:00+05:30,270.3,270.65,270.15,270.3,324880,
2024-02-02 15:20:00+05:30,270.5,270.75,269.7,269.85,630460,
2024-02-02 15:21:00+05:30,269.8,270.2,269.6,269.6,201234,
2024-02-02 15:22:00+05:30,269.6,269.85,269.55,269.75,126674,
2024-02-02 15:23:00+05:30,269.75,269.85,269.25,269.35,124984,
2024-02-02 15:24:00+05:30,269.35,269.8,269.25,269.55,221756,
2024-02-02 15:25:00+05:30,269.55,269.85,269.35,269.75,168372,
2024-02-02 15:26:00+05:30,269.85,269.85,269.55,269.7,105152,
2024-02-02 15:27:00+05:30,269.65,269.85,269.55,269.65,106062,
2024-02-02 15:28:00+05:30,269.6,269.65,269.2,269.2,184746,
2024-02-02 15:29:00+05:30,269.3,269.85,269.1,269.35,114232,
2024-02-05 09:15:00+05:30,274.45,274.45,270.35,270.8,547460,
2024-02-05 09:16:00+05:30,270.8,272.7,269.85,272.6,457586,
2024-02-05 09:17:00+05:30,273.05,273.65,271.65,272.4,634980,
2024-02-05 09:18:00+05:30,272.4,272.45,271.4,271.65,324108,
2024-02-05 09:19:00+05:30,271.45,272.4,271.35,272.25,205648,
2024-02-05 09:20:00+05:30,272.55,273.4,272.2,272.2,218804,
2024-02-05 09:21:00+05:30,272.1,272.55,271.6,271.65,193830,
2024-02-05 09:22:00+05:30,271.35,271.7,270.9,271.5,183784,
2024-02-05 09:23:00+05:30,271.45,272.65,271.2,272.15,127612,
2024-02-05 09:24:00+05:30,272.05,272.2,271.3,271.7,94288,
2024-02-05 09:25:00+05:30,271.7,273.5,271.4,273.5,187774,
2024-02-05 09:26:00+05:30,273.4,275.2,273.35,274.95,326266,
2024-02-05 09:27:00+05:30,274.9,275.35,274.1,275,217462,
2024-02-05 09:28:00+05:30,275.1,276.95,275,276.25,417324,
2024-02-05 09:29:00+05:30,276.35,277.2,275.75,276.55,353892,
2024-02-05 09:30:00+05:30,276.8,276.9,275,275.1,379050,
2024-02-05 09:31:00+05:30,275.2,275.5,274.65,274.7,244848,
2024-02-05 09:32:00+05:30,274.65,275.65,274.65,275.5,249062,
2024-02-05 09:33:00+05:30,275.45,276.65,275.45,275.65,309736,
2024-02-05 09:34:00+05:30,275.75,275.75,273.75,273.75,310636,
2024-02-05 09:35:00+05:30,273.75,274.3,273.25,274.3,240930,
2024-02-05 09:36:00+05:30,274.2,275.2,274.2,274.7,122444,
2024-02-05 09:37:00+05:30,274.7,275.65,274.5,275.65,148454,
2024-02-05 09:38:00+05:30,275.65,276.15,275.15,275.95,161714,
2024-02-05 09:39:00+05:30,275.75,276.35,275.55,276.3,184858,
2024-02-05 09:40:00+05:30,276.25,276.65,275.7,276.25,201290,
2024-02-05 09:41:00+05:30,276.3,276.75,276.25,276.45,161156,
2024-02-05 09:42:00+05:30,276.55,276.65,276.3,276.4,121774,
2024-02-05 09:43:00+05:30,276.45,278.1,276.45,277.8,488776,
2024-02-05 09:44:00+05:30,277.8,278.5,277.1,278.25,300984,
2024-02-05 09:45:00+05:30,278.45,278.6,277.7,278.2,314282,
2024-02-05 09:46:00+05:30,278.2,278.85,278.2,278.65,389322,
2024-02-05 09:47:00+05:30,278.75,279.05,278.1,278.35,283180,
2024-02-05 09:48:00+05:30,278.5,278.6,278.1,278.55,183038,
2024-02-05 09:49:00+05:30,278.5,278.5,277.9,278.05,216522,
2024-02-05 09:50:00+05:30,277.95,279.05,277.9,279.05,158816,
2024-02-05 09:51:00+05:30,278.95,279.55,278.6,279.45,280254,
2024-02-05 09:52:00+05:30,279.4,280.7,279.3,280.5,435932,
2024-02-05 09:53:00+05:30,280.4,281.75,280.4,281.4,644486,
2024-02-05 09:54:00+05:30,281.55,283.3,281.35,282.9,662328,
2024-02-05 09:55:00+05:30,282.75,283.35,282.3,283.1,507446,
2024-02-05 09:56:00+05:30,282.85,282.85,281.6,282.6,425066,
2024-02-05 09:57:00+05:30,282.65,282.65,281.6,281.8,313986,
2024-02-05 09:58:00+05:30,281.75,282.15,281.2,282.05,288634,
2024-02-05 09:59:00+05:30,282.05,282.8,282.05,282.75,256438,
2024-02-05 10:00:00+05:30,282.85,282.95,282,282,445272,
2024-02-05 10:01:00+05:30,281.95,282.2,281.5,281.95,441242,
2024-02-05 10:02:00+05:30,281.95,283.15,281.05,281.05,639408,
2024-02-05 10:03:00+05:30,281.1,281.4,280.65,281.2,356494,
2024-02-05 10:04:00+05:30,281.2,281.65,280.05,280.05,758646,
2024-02-05 10:05:00+05:30,280.05,280.6,279.75,280.3,445900,
2024-02-05 10:06:00+05:30,280.15,280.4,279.3,279.35,276676,
2024-02-05 10:07:00+05:30,279.45,279.9,279.15,279.35,239816,
2024-02-05 10:08:00+05:30,279.35,280.25,279.1,280.1,208022,
2024-02-05 10:09:00+05:30,280.05,280.45,279.75,279.8,139878,
2024-02-05 10:10:00+05:30,279.75,279.75,279.2,279.55,124934,
2024-02-05 10:11:00+05:30,279.35,279.85,279.15,279.3,212846,
2024-02-05 10:12:00+05:30,279.45,280.2,279.05,279.85,127534,
2024-02-05 10:13:00+05:30,279.85,280.8,279.85,280.6,238268,
2024-02-05 10:14:00+05:30,280.6,280.6,280.05,280.2,93648,
2024-02-05 10:15:00+05:30,280.2,281,280.2,280.55,147832,
2024-02-05 10:16:00+05:30,280.6,281.5,280.3,281.4,176592,
2024-02-05 10:17:00+05:30,281.2,281.65,280.8,281.35,148956,
2024-02-05 10:18:00+05:30,281.5,281.5,279.55,279.55,214338,
2024-02-05 10:19:00+05:30,279.65,279.65,278.4,278.6,395288,
2024-02-05 10:20:00+05:30,278.75,279.85,278.1,279.45,230432,
2024-02-05 10:21:00+05:30,279.45,279.5,278.6,278.75,161980,
2024-02-05 10:22:00+05:30,279.05,280.55,278.95,280.4,170902,
2024-02-05 10:23:00+05:30,280.2,280.45,279.95,280.25,116452,
2024-02-05 10:24:00+05:30,280.15,280.75,280.15,280.5,106580,
2024-02-05 10:25:00+05:30,280.5,281.3,280.5,281.1,162674,
2024-02-05 10:26:00+05:30,281.2,281.5,280.9,281.35,111388,
2024-02-05 10:27:00+05:30,281.4,281.75,281.15,281.7,87096,
2024-02-05 10:28:00+05:30,281.7,282.75,281.6,282.6,315504,
2024-02-05 10:29:00+05:30,282.85,283.15,282.05,282.45,223126,
2024-02-05 10:30:00+05:30,282.45,282.45,281.75,282.35,188520,
2024-02-05 10:31:00+05:30,282.25,282.45,281.8,282.2,119438,
2024-02-05 10:32:00+05:30,282.35,282.45,281.6,282.15,130732,
2024-02-05 10:33:00+05:30,282.25,282.45,282.15,282.45,80628,
2024-02-05 10:34:00+05:30,282.5,282.6,282.1,282.25,105618,
2024-02-05 10:35:00+05:30,282.35,282.85,282.3,282.75,215110,
2024-02-05 10:36:00+05:30,282.75,283.4,282.5,283.3,304996,
2024-02-05 10:37:00+05:30,283.3,284.55,283.3,284.2,437464,
2024-02-05 10:38:00+05:30,284.2,284.2,282.7,282.7,261326,
2024-02-05 10:39:00+05:30,282.85,282.95,281.95,282.35,130358,
2024-02-05 10:40:00+05:30,282.3,282.3,281.5,281.75,137038,
2024-02-05 10:41:00+05:30,281.75,281.75,280.5,280.7,176922,
2024-02-05 10:42:00+05:30,280.6,281.1,280.3,280.75,117598,
2024-02-05 10:43:00+05:30,280.9,281.4,280.75,280.8,93220,
2024-02-05 10:44:00+05:30,280.8,280.85,280.3,280.5,115812,
2024-02-05 10:45:00+05:30,280.4,280.9,280.1,280.5,90310,
2024-02-05 10:46:00+05:30,280.5,281,280.3,281,58868,
2024-02-05 10:47:00+05:30,281,281,280.05,280.4,69510,
2024-02-05 10:48:00+05:30,280.35,280.45,279.85,280.15,123110,
2024-02-05 10:49:00+05:30,280.2,280.7,280,280.3,54920,
2024-02-05 10:50:00+05:30,280.3,280.3,279.95,280.05,51128,
2024-02-05 10:51:00+05:30,280,280.25,279.95,280.2,33278,
2024-02-05 10:52:00+05:30,280.2,280.5,280.05,280.2,85184,
2024-02-05 10:53:00+05:30,280.3,280.95,280.2,280.9,70860,
2024-02-05 10:54:00+05:30,280.9,281.45,280.75,281.2,84176,
2024-02-05 10:55:00+05:30,281.1,281.6,281.05,281.4,63942,
2024-02-05 10:56:00+05:30,281.45,281.5,281.25,281.5,50436,
2024-02-05 10:57:00+05:30,281.5,281.5,280.8,281,72446,
2024-02-05 10:58:00+05:30,281,281.35,281,281.2,52582,
2024-02-05 10:59:00+05:30,281.2,281.4,281,281.1,52620,
2024-02-05 11:00:00+05:30,281.05,281.2,280.7,280.8,79760,
2024-02-05 11:01:00+05:30,280.8,281.1,280.7,280.8,39688,
2024-02-05 11:02:00+05:30,280.8,281,280.55,280.9,43198,
2024-02-05 11:03:00+05:30,281,281,280.6,280.7,31544,
2024-02-05 11:04:00+05:30,280.75,281,280.6,280.6,48264,
2024-02-05 11:05:00+05:30,280.7,280.95,280.6,280.9,25558,
2024-02-05 11:06:00+05:30,280.9,280.9,280.4,280.4,61304,
2024-02-05 11:07:00+05:30,280.4,280.8,280.4,280.8,91538,
2024-02-05 11:08:00+05:30,280.8,280.9,280.4,280.5,38884,
2024-02-05 11:09:00+05:30,280.5,280.95,280.5,280.9,39440,
2024-02-05 11:10:00+05:30,280.9,281.4,280.85,281.3,50986,
2024-02-05 11:11:00+05:30,281.4,281.4,281,281.3,37540,
2024-02-05 11:12:00+05:30,281.2,281.35,281.1,281.3,28134,
2024-02-05 11:13:00+05:30,281.3,281.35,281.2,281.35,24304,
2024-02-05 11:14:00+05:30,281.35,281.65,281.3,281.65,90496,
2024-02-05 11:15:00+05:30,281.65,282.25,281.65,282.15,104166,
2024-02-05 11:16:00+05:30,282.15,282.45,282.05,282.15,82992,
2024-02-05 11:17:00+05:30,282.15,282.45,282.1,282.4,44648,
2024-02-05 11:18:00+05:30,282.35,282.35,282,282.05,50044,
2024-02-05 11:19:00+05:30,282.1,282.1,281.6,281.7,74388,
2024-02-05 11:20:00+05:30,281.7,282.45,281.7,282.45,56318,
2024-02-05 11:21:00+05:30,282.3,282.85,282.3,282.65,69832,
2024-02-05 11:22:00+05:30,282.7,282.9,282.65,282.85,69648,
2024-02-05 11:23:00+05:30,282.7,283.25,282.55,282.85,87344,
2024-02-05 11:24:00+05:30,282.85,283.3,282.55,283.1,104536,
2024-02-05 11:25:00+05:30,283.15,283.15,282.75,283,40248,
2024-02-05 11:26:00+05:30,283.05,283.2,282.75,282.95,45812,
2024-02-05 11:27:00+05:30,282.95,283.15,282.7,282.8,42848,
2024-02-05 11:28:00+05:30,282.8,283.15,282.45,282.95,130742,
2024-02-05 11:29:00+05:30,282.95,283.15,282.7,282.8,62058,
2024-02-05 11:30:00+05:30,282.75,283.25,282.75,283.25,90512,
2024-02-05 11:31:00+05:30,283.25,283.8,283.05,283.8,385930,
2024-02-05 11:32:00+05:30,283.7,284.35,283.4,283.6,183094,
2024-02-05 11:33:00+05:30,283.5,284.1,283.5,283.9,113648,
2024-02-05 11:34:00+05:30,284.05,284.25,283.65,284.25,118058,
2024-02-05 11:35:00+05:30,284.35,284.75,284,284.6,242788,
2024-02-05 11:36:00+05:30,284.8,284.8,284.1,284.1,143996,
2024-02-05 11:37:00+05:30,284.2,284.25,283.8,283.9,95352,
2024-02-05 11:38:00+05:30,283.9,284.1,283.5,283.5,72836,
2024-02-05 11:39:00+05:30,283.6,283.9,283.5,283.85,38706,
2024-02-05 11:40:00+05:30,283.9,284.1,283.6,283.65,42264,
2024-02-05 11:41:00+05:30,283.75,284.15,283.6,284.1,37760,
2024-02-05 11:42:00+05:30,284.1,284.4,283.9,284,76894,
2024-02-05 11:43:00+05:30,284,284.3,283.9,284.1,41930,
2024-02-05 11:44:00+05:30,284,284.1,283.7,283.8,56902,
2024-02-05 11:45:00+05:30,283.8,284.4,283.8,284.4,60100,
2024-02-05 11:46:00+05:30,284.3,284.65,283.9,284.65,141362,
2024-02-05 11:47:00+05:30,284.6,284.85,284.4,284.8,122606,
2024-02-05 11:48:00+05:30,284.8,284.85,284.45,284.5,70464,
2024-02-05 11:49:00+05:30,284.7,285.1,284.5,284.9,122966,
2024-02-05 11:50:00+05:30,285.05,285.25,284.85,285,146890,
2024-02-05 11:51:00+05:30,285,285.2,284.65,284.65,114676,
2024-02-05 11:52:00+05:30,284.7,284.7,283.65,283.65,118280,
2024-02-05 11:53:00+05:30,283.7,284.3,283.5,284.15,96230,
2024-02-05 11:54:00+05:30,284.2,284.5,284.1,284.5,45220,
2024-02-05 11:55:00+05:30,284.35,284.7,284.35,284.5,40480,
2024-02-05 11:56:00+05:30,284.5,284.7,284.5,284.5,41340,
2024-02-05 11:57:00+05:30,284.65,284.85,284.5,284.7,47846,
2024-02-05 11:58:00+05:30,284.8,284.8,284,284.2,82742,
2024-02-05 11:59:00+05:30,284.15,284.4,284.05,284.15,34688,
2024-02-05 12:00:00+05:30,284.15,284.15,283.7,283.75,56104,
2024-02-05 12:01:00+05:30,283.75,284.1,283.75,284,65348,
2024-02-05 12:02:00+05:30,284.05,284.4,284,284.25,37688,
2024-02-05 12:03:00+05:30,284.3,284.4,284.25,284.35,23172,
2024-02-05 12:04:00+05:30,284.35,284.4,284.1,284.1,26924,
2024-02-05 12:05:00+05:30,284.2,284.2,283.9,284.1,34392,
2024-02-05 12:06:00+05:30,284.2,284.3,283.75,283.75,50372,
2024-02-05 12:07:00+05:30,283.85,284.05,283.8,283.9,26994,
2024-02-05 12:08:00+05:30,283.9,283.95,283.5,283.55,80142,
2024-02-05 12:09:00+05:30,283.8,283.8,283.3,283.45,122514,
2024-02-05 12:10:00+05:30,283.6,283.75,283.45,283.6,51348,
2024-02-05 12:11:00+05:30,283.6,283.9,283.5,283.75,34678,
2024-02-05 12:12:00+05:30,283.6,283.9,283.6,283.65,27732,
2024-02-05 12:13:00+05:30,283.6,283.7,283.4,283.4,47952,
2024-02-05 12:14:00+05:30,283.3,283.7,283.3,283.6,36110,
2024-02-05 12:15:00+05:30,283.5,283.85,283.5,283.85,22836,
2024-02-05 12:16:00+05:30,283.75,283.8,282.95,283.1,92282,
2024-02-05 12:17:00+05:30,283,283.15,282.8,282.95,90600,
2024-02-05 12:18:00+05:30,282.85,283.8,282.85,283.6,54704,
2024-02-05 12:19:00+05:30,283.5,283.6,283.3,283.4,17622,
2024-02-05 12:20:00+05:30,283.4,283.65,283.35,283.4,24550,
2024-02-05 12:21:00+05:30,283.4,283.55,283.2,283.45,34022,
2024-02-05 12:22:00+05:30,283.45,283.65,283.1,283.25,30178,
2024-02-05 12:23:00+05:30,283.15,283.25,282.8,282.95,62928,
2024-02-05 12:24:00+05:30,282.85,282.85,282.25,282.55,121196,
2024-02-05 12:25:00+05:30,282.55,282.75,282.45,282.7,31478,
2024-02-05 12:26:00+05:30,282.65,282.9,282.5,282.75,45558,
2024-02-05 12:27:00+05:30,282.65,282.85,282.5,282.75,38734,
2024-02-05 12:28:00+05:30,282.75,283,282.75,282.95,54832,
2024-02-05 12:29:00+05:30,282.95,283.05,282.55,282.6,37002,
2024-02-05 12:30:00+05:30,282.65,282.95,282.55,282.95,37838,
2024-02-05 12:31:00+05:30,282.85,283.2,282.75,282.95,27164,
2024-02-05 12:32:00+05:30,283.05,283.1,282.75,282.85,31094,
2024-02-05 12:33:00+05:30,282.9,282.95,282.75,282.85,24510,
2024-02-05 12:34:00+05:30,282.85,283.05,282.8,282.95,22554,
2024-02-05 12:35:00+05:30,282.95,283.4,282.95,283.3,33264,
2024-02-05 12:36:00+05:30,283.3,283.4,283.2,283.3,38918,
2024-02-05 12:37:00+05:30,283.2,283.3,282.95,283.15,34168,
2024-02-05 12:38:00+05:30,283.15,283.4,283.15,283.25,36150,
2024-02-05 12:39:00+05:30,283.25,283.3,282.95,283.05,38200,
2024-02-05 12:40:00+05:30,283.05,283.4,283.05,283.4,26484,
2024-02-05 12:41:00+05:30,283.4,283.4,283.1,283.2,52966,
2024-02-05 12:42:00+05:30,283.2,283.45,283.05,283.4,31846,
2024-02-05 12:43:00+05:30,283.5,283.7,283.4,283.4,41410,
2024-02-05 12:44:00+05:30,283.6,283.6,283.3,283.4,34684,
2024-02-05 12:45:00+05:30,283.3,283.4,283.2,283.25,35592,
2024-02-05 12:46:00+05:30,283.25,283.3,282.95,283.05,32062,
2024-02-05 12:47:00+05:30,283.05,283.05,282.65,282.8,65818,
2024-02-05 12:48:00+05:30,282.75,282.75,282,282.15,106128,
2024-02-05 12:49:00+05:30,282.1,282.4,282,282.05,58890,
2024-02-05 12:50:00+05:30,282.05,282.05,281.3,281.5,255810,
2024-02-05 12:51:00+05:30,281.7,281.7,281.3,281.3,66586,
2024-02-05 12:52:00+05:30,281.4,281.75,281.3,281.75,54158,
2024-02-05 12:53:00+05:30,281.6,281.85,281.6,281.85,33998,
2024-02-05 12:54:00+05:30,281.85,281.85,281.55,281.6,48332,
2024-02-05 12:55:00+05:30,281.6,281.6,281.25,281.4,97716,
2024-02-05 12:56:00+05:30,281.4,281.7,281.4,281.55,33534,
2024-02-05 12:57:00+05:30,281.55,281.75,281.3,281.6,50690,
2024-02-05 12:58:00+05:30,281.7,282.25,281.6,282,54224,
2024-02-05 12:59:00+05:30,281.95,282.05,281.3,281.4,41734,
2024-02-05 13:00:00+05:30,281.4,281.8,281.4,281.8,34648,
2024-02-05 13:01:00+05:30,281.8,282.05,281.75,281.95,42338,
2024-02-05 13:02:00+05:30,281.95,282.2,281.95,282.15,25478,
2024-02-05 13:03:00+05:30,282.15,282.15,281.75,281.85,39700,
2024-02-05 13:04:00+05:30,281.8,281.95,281.7,281.85,35150,
2024-02-05 13:05:00+05:30,281.85,281.95,281.75,281.85,25378,
2024-02-05 13:06:00+05:30,281.85,282.15,281.85,281.85,27140,
2024-02-05 13:07:00+05:30,281.85,282.15,281.85,282.15,22908,
2024-02-05 13:08:00+05:30,282.15,282.15,281.95,282.1,20134,
2024-02-05 13:09:00+05:30,282.1,282.15,281.8,281.95,40346,
2024-02-05 13:10:00+05:30,281.95,281.95,281.75,281.95,20568,
2024-02-05 13:11:00+05:30,281.95,282.65,281.75,282.65,61916,
2024-02-05 13:12:00+05:30,282.55,283.2,282.55,283.15,77368,
2024-02-05 13:13:00+05:30,283.15,283.3,282.75,283.05,41228,
2024-02-05 13:14:00+05:30,283.15,283.15,282.95,283.15,38980,
2024-02-05 13:15:00+05:30,283.15,283.7,283.15,283.6,75652,
2024-02-05 13:16:00+05:30,283.6,283.7,283,283.05,91986,
2024-02-05 13:17:00+05:30,283.15,283.3,282.95,283.3,39846,
2024-02-05 13:18:00+05:30,283.15,283.4,283.15,283.3,40338,
2024-02-05 13:19:00+05:30,283.25,283.4,283.15,283.4,71538,
2024-02-05 13:20:00+05:30,283.4,283.65,283.3,283.45,54182,
2024-02-05 13:21:00+05:30,283.45,283.7,283.4,283.65,53618,
2024-02-05 13:22:00+05:30,283.6,283.65,283.45,283.5,44688,
2024-02-05 13:23:00+05:30,283.5,283.6,283.35,283.5,48496,
2024-02-05 13:24:00+05:30,283.4,283.55,283.4,283.5,26508,
2024-02-05 13:25:00+05:30,283.5,283.85,283.4,283.65,56126,
2024-02-05 13:26:00+05:30,283.65,283.7,283.5,283.6,36044,
2024-02-05 13:27:00+05:30,283.7,283.8,283.6,283.8,21408,
2024-02-05 13:28:00+05:30,283.8,283.8,283.4,283.5,44752,
2024-02-05 13:29:00+05:30,283.55,283.55,282.75,282.85,87808,
2024-02-05 13:30:00+05:30,282.95,283.2,282.8,283.15,40434,
2024-02-05 13:31:00+05:30,283.25,283.7,283.15,283.6,42806,
2024-02-05 13:32:00+05:30,283.7,283.75,283.4,283.65,38100,
2024-02-05 13:33:00+05:30,283.7,283.7,283.45,283.65,26646,
2024-02-05 13:34:00+05:30,283.65,283.7,283.5,283.65,22100,
2024-02-05 13:35:00+05:30,283.65,283.75,283.4,283.5,39844,
2024-02-05 13:36:00+05:30,283.5,283.65,283.5,283.6,28172,
2024-02-05 13:37:00+05:30,283.6,283.8,283.5,283.8,35588,
2024-02-05 13:38:00+05:30,283.8,283.85,283.5,283.8,46310,
2024-02-05 13:39:00+05:30,283.8,283.9,283.65,283.7,37202,
2024-02-05 13:40:00+05:30,283.75,283.9,283.65,283.9,31206,
2024-02-05 13:41:00+05:30,283.9,283.9,283.8,283.9,39004,
2024-02-05 13:42:00+05:30,283.9,283.9,283.8,283.9,24806,
2024-02-05 13:43:00+05:30,283.9,283.9,283.7,283.9,36174,
2024-02-05 13:44:00+05:30,283.9,283.9,283.7,283.75,24288,
2024-02-05 13:45:00+05:30,283.85,283.9,283.55,283.7,30744,
2024-02-05 13:46:00+05:30,283.7,283.8,283.5,283.7,32954,
2024-02-05 13:47:00+05:30,283.7,283.8,283.6,283.75,21200,
2024-02-05 13:48:00+05:30,283.75,283.8,283.55,283.7,23302,
2024-02-05 13:49:00+05:30,283.7,283.8,283.5,283.75,31826,
2024-02-05 13:50:00+05:30,283.8,283.9,283.65,283.8,28962,
2024-02-05 13:51:00+05:30,283.8,283.8,283.6,283.7,31200,
2024-02-05 13:52:00+05:30,283.6,283.9,283.6,283.9,91204,
2024-02-05 13:53:00+05:30,283.9,283.9,283.7,283.8,23462,
2024-02-05 13:54:00+05:30,283.8,283.9,283.75,283.9,22432,
2024-02-05 13:55:00+05:30,283.9,283.9,283.8,283.8,96324,
2024-02-05 13:56:00+05:30,283.8,283.9,283.8,283.9,57636,
2024-02-05 13:57:00+05:30,283.8,283.9,283.55,283.65,37254,
2024-02-05 13:58:00+05:30,283.8,283.9,283.6,283.7,39188,
2024-02-05 13:59:00+05:30,283.65,283.85,283.6,283.8,24686,
2024-02-05 14:00:00+05:30,283.8,283.9,283.75,283.85,28588,
2024-02-05 14:01:00+05:30,283.85,283.9,283.7,283.9,42678,
2024-02-05 14:02:00+05:30,283.8,283.9,283.7,283.85,24132,
2024-02-05 14:03:00+05:30,283.85,283.9,283.55,283.6,38016,
2024-02-05 14:04:00+05:30,283.55,283.8,283.55,283.6,21048,
2024-02-05 14:05:00+05:30,283.6,283.9,283.5,283.7,251870,
2024-02-05 14:06:00+05:30,283.8,283.85,283.55,283.7,23518,
2024-02-05 14:07:00+05:30,283.7,283.9,283.65,283.85,25236,
2024-02-05 14:08:00+05:30,283.9,283.9,283.6,283.6,21550,
2024-02-05 14:09:00+05:30,283.65,283.9,283.55,283.55,51688,
2024-02-05 14:10:00+05:30,283.75,283.8,282.5,282.5,178400,
2024-02-05 14:11:00+05:30,282.55,282.7,282.15,282.45,113038,
2024-02-05 14:12:00+05:30,282.3,282.9,282.3,282.8,50508,
2024-02-05 14:13:00+05:30,282.8,283.45,282.75,283.4,60460,
2024-02-05 14:14:00+05:30,283.5,283.9,283.3,283.7,116616,
2024-02-05 14:15:00+05:30,283.7,283.9,283.6,283.8,46950,
2024-02-05 14:16:00+05:30,283.8,284.3,283.8,284,156364,
2024-02-05 14:17:00+05:30,284,284.15,283.8,283.9,33404,
2024-02-05 14:18:00+05:30,283.9,284.1,283.9,284,28082,
2024-02-05 14:19:00+05:30,284,284.1,283.9,284,34580,
2024-02-05 14:20:00+05:30,284,284.1,283.8,283.9,24582,
2024-02-05 14:21:00+05:30,283.95,284,283.5,283.5,50170,
2024-02-05 14:22:00+05:30,283.6,283.7,283.5,283.65,28212,
2024-02-05 14:23:00+05:30,283.65,283.65,283.15,283.3,61338,
2024-02-05 14:24:00+05:30,283.3,283.4,283.05,283.2,37690,
2024-02-05 14:25:00+05:30,283.2,283.25,282.5,282.75,68546,
2024-02-05 14:26:00+05:30,282.65,282.95,282.25,282.3,80316,
2024-02-05 14:27:00+05:30,282.3,282.35,281.65,281.95,139838,
2024-02-05 14:28:00+05:30,282.05,282.4,281.85,281.85,67974,
2024-02-05 14:29:00+05:30,281.95,282.25,281.85,282.05,40308,
2024-02-05 14:30:00+05:30,282.15,282.65,282.05,282.55,42450,
2024-02-05 14:31:00+05:30,282.55,282.6,281.7,281.85,89928,
2024-02-05 14:32:00+05:30,281.75,281.85,281.1,281.4,133692,
2024-02-05 14:33:00+05:30,281.5,281.75,281.15,281.6,72716,
2024-02-05 14:34:00+05:30,281.5,281.65,281.1,281.2,56830,
2024-02-05 14:35:00+05:30,281.2,281.35,280.6,280.6,280068,
2024-02-05 14:36:00+05:30,280.6,281.1,280.4,280.5,150738,
2024-02-05 14:37:00+05:30,280.5,280.8,279.9,279.95,143152,
2024-02-05 14:38:00+05:30,280.15,280.5,279.6,279.6,110756,
2024-02-05 14:39:00+05:30,279.65,280.1,279.25,279.25,189004,
2024-02-05 14:40:00+05:30,279.25,279.95,279.15,279.7,91536,
2024-02-05 14:41:00+05:30,279.6,280.25,279.6,279.75,155716,
2024-02-05 14:42:00+05:30,279.85,279.9,278.95,279.05,124306,
2024-02-05 14:43:00+05:30,279.15,279.45,278.35,278.4,188270,
2024-02-05 14:44:00+05:30,278.35,279.35,278.05,278.2,194634,
2024-02-05 14:45:00+05:30,278.3,278.55,277.3,277.4,190312,
2024-02-05 14:46:00+05:30,277.5,277.9,276.65,277.4,310748,
2024-02-05 14:47:00+05:30,277.2,279.7,277.05,279.7,287956,
2024-02-05 14:48:00+05:30,279.7,279.95,279.4,279.45,107792,
2024-02-05 14:49:00+05:30,279.3,280.4,279.2,280.2,133260,
2024-02-05 14:50:00+05:30,280.4,280.4,279.35,279.35,112600,
2024-02-05 14:51:00+05:30,279.45,279.7,278.85,279.25,95784,
2024-02-05 14:52:00+05:30,279.3,279.45,278.65,278.7,126632,
2024-02-05 14:53:00+05:30,278.75,279,278.5,278.75,92300,
2024-02-05 14:54:00+05:30,278.7,279.15,278.65,278.85,78414,
2024-02-05 14:55:00+05:30,278.95,278.95,278.1,278.2,156260,
2024-02-05 14:56:00+05:30,278.2,278.3,277.7,278,139180,
2024-02-05 14:57:00+05:30,278.15,278.25,277.05,277.55,222610,
2024-02-05 14:58:00+05:30,277.6,277.8,276.25,276.3,444076,
2024-02-05 14:59:00+05:30,276.55,277.3,276.2,276.35,198472,
2024-02-05 15:00:00+05:30,276.3,277.35,276.25,277.2,188938,
2024-02-05 15:01:00+05:30,277.1,278.05,276.7,278,177652,
2024-02-05 15:02:00+05:30,277.8,277.9,277.3,277.3,190600,
2024-02-05 15:03:00+05:30,277.35,278.1,277.3,278.1,94660,
2024-02-05 15:04:00+05:30,278.15,278.35,277.85,278,118014,
2024-02-05 15:05:00+05:30,278.1,278.6,277.9,278.6,98904,
2024-02-05 15:06:00+05:30,278.55,278.6,278.1,278.3,109212,
2024-02-05 15:07:00+05:30,278.3,278.45,278.1,278.4,91522,
2024-02-05 15:08:00+05:30,278.4,279.5,278.25,279.35,125722,
2024-02-05 15:09:00+05:30,279.35,280,279.35,279.75,135640,
2024-02-05 15:10:00+05:30,279.65,279.85,279.2,279.55,137788,
2024-02-05 15:11:00+05:30,279.55,279.55,279.25,279.45,98478,
2024-02-05 15:12:00+05:30,279.4,279.45,279,279.3,123858,
2024-02-05 15:13:00+05:30,279.25,279.75,279.15,279.35,124190,
2024-02-05 15:14:00+05:30,279.25,279.35,279.2,279.25,75572,
2024-02-05 15:15:00+05:30,279.3,279.35,278.35,278.35,122262,
2024-02-05 15:16:00+05:30,278.45,278.6,278.1,278.4,90702,
2024-02-05 15:17:00+05:30,278.45,278.6,278.3,278.55,82034,
2024-02-05 15:18:00+05:30,278.55,278.65,278.3,278.6,139296,
2024-02-05 15:19:00+05:30,278.6,278.6,277.95,278.05,142368,
2024-02-05 15:20:00+05:30,278.1,278.2,277.25,277.5,318016,
2024-02-05 15:21:00+05:30,277.6,277.9,277.4,277.85,45328,
2024-02-05 15:22:00+05:30,277.85,278.6,277.85,278.6,91448,
2024-02-05 15:23:00+05:30,278.5,278.75,278.5,278.65,53866,
2024-02-05 15:24:00+05:30,278.65,278.8,278.15,278.8,61104,
2024-02-05 15:25:00+05:30,278.8,279.55,278.7,279.55,68246,
2024-02-05 15:26:00+05:30,279.6,280.05,279.55,279.8,57570,
2024-02-05 15:27:00+05:30,279.75,279.95,279.55,279.8,53034,
2024-02-05 15:28:00+05:30,279.95,279.95,279.65,279.85,37722,
2024-02-05 15:29:00+05:30,279.85,279.95,279,279,47402,
2024-02-06 09:15:00+05:30,281,281.2,279.1,281.2,251238,
2024-02-06 09:16:00+05:30,281.65,281.75,280.15,280.55,172426,
2024-02-06 09:17:00+05:30,280.55,280.6,278.6,278.95,221478,
2024-02-06 09:18:00+05:30,279.05,279.05,277.9,278.5,195806,
2024-02-06 09:19:00+05:30,278.65,278.85,277.5,278.6,159418,
2024-02-06 09:20:00+05:30,278.5,278.6,277.45,278,105012,
2024-02-06 09:21:00+05:30,278,278,276.75,276.75,109462,
2024-02-06 09:22:00+05:30,276.65,277.05,276.5,276.95,100632,
2024-02-06 09:23:00+05:30,276.95,278.05,276.85,277.9,83722,
2024-02-06 09:24:00+05:30,277.75,278.1,277.25,277.75,303184,
2024-02-06 09:25:00+05:30,277.8,278.8,277.6,278.6,118658,
2024-02-06 09:26:00+05:30,278.65,278.8,278.1,278.65,103248,
2024-02-06 09:27:00+05:30,278.6,279.25,278.3,279.2,109356,
2024-02-06 09:28:00+05:30,279.35,279.35,277.85,278.3,146860,
2024-02-06 09:29:00+05:30,278.3,278.35,277.6,277.6,78502,
2024-02-06 09:30:00+05:30,277.6,278,277.2,277.8,90882,
2024-02-06 09:31:00+05:30,277.8,279,277.8,279,57408,
2024-02-06 09:32:00+05:30,279,279.25,278.4,278.4,70330,
2024-02-06 09:33:00+05:30,278.2,279,278.1,278.85,55162,
2024-02-06 09:34:00+05:30,278.85,279.5,278.85,279.35,97844,
2024-02-06 09:35:00+05:30,279.35,279.45,278.7,278.85,91218,
2024-02-06 09:36:00+05:30,278.85,278.85,278.25,278.35,96092,
2024-02-06 09:37:00+05:30,278.45,278.8,278.2,278.6,60106,
2024-02-06 09:38:00+05:30,278.65,279.75,278.6,279.65,66622,
2024-02-06 09:39:00+05:30,279.8,280.2,279.75,280.2,154838,
2024-02-06 09:40:00+05:30,280.15,280.2,279.75,279.75,102060,
2024-02-06 09:41:00+05:30,279.55,279.55,278.8,279.5,69582,
2024-02-06 09:42:00+05:30,279.55,279.7,279.25,279.65,60034,
2024-02-06 09:43:00+05:30,279.65,279.8,279.5,279.65,72870,
2024-02-06 09:44:00+05:30,279.65,280.15,279.55,280.15,79610,
2024-02-06 09:45:00+05:30,280.15,280.4,280.05,280.2,92148,
2024-02-06 09:46:00+05:30,280.3,280.5,280.1,280.5,48238,
2024-02-06 09:47:00+05:30,280.5,280.6,280.2,280.5,92028,
2024-02-06 09:48:00+05:30,280.6,280.9,280.4,280.85,100306,
2024-02-06 09:49:00+05:30,280.8,281.2,280.7,280.9,132712,
2024-02-06 09:50:00+05:30,280.95,281.45,280.8,281.3,89462,
2024-02-06 09:51:00+05:30,281.2,281.5,281.15,281.3,102256,
2024-02-06 09:52:00+05:30,281.3,281.8,281,281.7,123818,
2024-02-06 09:53:00+05:30,281.65,281.7,281.15,281.55,196280,
2024-02-06 09:54:00+05:30,281.55,282.25,281.5,282.15,131978,
2024-02-06 09:55:00+05:30,282.15,282.25,281.6,281.75,346222,
2024-02-06 09:56:00+05:30,281.6,282.25,281.5,282,222340,
2024-02-06 09:57:00+05:30,282.05,282.75,281.8,282.7,246812,
2024-02-06 09:58:00+05:30,282.75,283.7,282.55,283.3,568242,
2024-02-06 09:59:00+05:30,283.25,283.45,282.65,283.05,284078,
2024-02-06 10:00:00+05:30,283.05,283.85,282.9,283.6,224578,
2024-02-06 10:01:00+05:30,283.75,283.8,283.5,283.6,137866,
2024-02-06 10:02:00+05:30,283.5,284.2,283.5,284,178942,
2024-02-06 10:03:00+05:30,283.75,284.3,283.7,284.25,498612,
2024-02-06 10:04:00+05:30,284.3,284.7,284.15,284.4,319290,
2024-02-06 10:05:00+05:30,284.4,284.5,283.65,284.1,375066,
2024-02-06 10:06:00+05:30,284.2,284.95,283.9,284.85,234926,
2024-02-06 10:07:00+05:30,284.8,285.05,284.45,284.45,396882,
2024-02-06 10:08:00+05:30,284.55,284.6,284,284.15,184152,
2024-02-06 10:09:00+05:30,284.1,284.2,283.2,283.7,196416,
2024-02-06 10:10:00+05:30,283.8,284.6,283.6,284.5,88932,
2024-02-06 10:11:00+05:30,284.6,284.85,284.4,284.4,99840,
2024-02-06 10:12:00+05:30,284.65,284.65,284.1,284.4,72976,
2024-02-06 10:13:00+05:30,284.5,284.8,284.2,284.8,71464,
2024-02-06 10:14:00+05:30,284.85,284.85,284.4,284.55,85954,
2024-02-06 10:15:00+05:30,284.5,285.05,284.4,284.9,180402,
2024-02-06 10:16:00+05:30,284.95,285.6,284.95,285.35,241608,
2024-02-06 10:17:00+05:30,285.35,285.35,284.95,285.15,87554,
2024-02-06 10:18:00+05:30,285.35,285.6,285.25,285.6,120338,
2024-02-06 10:19:00+05:30,285.45,285.85,285.15,285.85,151420,
2024-02-06 10:20:00+05:30,285.85,286.6,285.75,286.45,406800,
2024-02-06 10:21:00+05:30,286.45,286.5,286.25,286.3,204324,
2024-02-06 10:22:00+05:30,286.25,286.3,285.65,285.75,251428,
2024-02-06 10:23:00+05:30,285.85,286.7,285.7,285.75,228824,
2024-02-06 10:24:00+05:30,285.85,286.25,285.75,286.05,90962,
2024-02-06 10:25:00+05:30,286.05,286.05,285.35,285.35,151156,
2024-02-06 10:26:00+05:30,285.35,285.55,284.8,285.55,184946,
2024-02-06 10:27:00+05:30,285.55,285.55,285.05,285.35,97612,
2024-02-06 10:28:00+05:30,285.45,285.75,285.15,285.25,82364,
2024-02-06 10:29:00+05:30,285.3,285.4,284.5,284.55,138846,
2024-02-06 10:30:00+05:30,284.6,284.65,283.6,284.15,291796,
2024-02-06 10:31:00+05:30,284,284.85,283.7,284.65,113008,
2024-02-06 10:32:00+05:30,284.65,284.7,283.65,283.7,96174,
2024-02-06 10:33:00+05:30,283.8,283.9,283.05,283.8,155332,
2024-02-06 10:34:00+05:30,283.7,284.4,283.4,284.3,59518,
2024-02-06 10:35:00+05:30,284.45,284.7,284.05,284.7,89410,
2024-02-06 10:36:00+05:30,284.7,285.4,284.55,285.35,128282,
2024-02-06 10:37:00+05:30,285.35,285.35,284.9,284.95,83022,
2024-02-06 10:38:00+05:30,285.05,285.25,284.95,285.15,69010,
2024-02-06 10:39:00+05:30,285.15,285.2,285.05,285.15,48250,
2024-02-06 10:40:00+05:30,285.05,285.3,284.85,285.3,58938,
2024-02-06 10:41:00+05:30,285.3,285.35,284.65,284.95,42124,
2024-02-06 10:42:00+05:30,284.95,285.05,284.8,284.85,34352,
2024-02-06 10:43:00+05:30,284.85,285.1,284.8,284.85,27760,
2024-02-06 10:44:00+05:30,284.8,285.3,284.8,285.3,34234,
2024-02-06 10:45:00+05:30,285.25,285.35,285.25,285.25,43278,
2024-02-06 10:46:00+05:30,285.15,285.35,285.15,285.25,27306,
2024-02-06 10:47:00+05:30,285.15,285.15,284.8,284.85,42482,
2024-02-06 10:48:00+05:30,284.9,284.95,284.7,284.7,125666,
2024-02-06 10:49:00+05:30,284.7,284.8,284.5,284.6,51708,
2024-02-06 10:50:00+05:30,284.7,284.85,284.5,284.6,35352,
2024-02-06 10:51:00+05:30,284.6,284.6,284.4,284.55,31198,
2024-02-06 10:52:00+05:30,284.5,284.95,284.5,284.85,30990,
2024-02-06 10:53:00+05:30,284.85,284.95,284.8,284.95,25836,
2024-02-06 10:54:00+05:30,284.9,285,284.8,284.85,21756,
2024-02-06 10:55:00+05:30,284.95,284.95,284.7,284.75,40214,
2024-02-06 10:56:00+05:30,284.75,284.75,284.4,284.5,38700,
2024-02-06 10:57:00+05:30,284.5,284.85,284.35,284.85,25894,
2024-02-06 10:58:00+05:30,284.85,284.85,284.6,284.7,23876,
2024-02-06 10:59:00+05:30,284.7,284.75,284.45,284.75,18256,
2024-02-06 11:00:00+05:30,284.75,284.85,284.6,284.85,26596,
2024-02-06 11:01:00+05:30,284.85,284.95,284.65,284.9,34432,
2024-02-06 11:02:00+05:30,284.9,286.05,284.9,285.75,181184,
2024-02-06 11:03:00+05:30,285.75,285.75,285.35,285.75,44648,
2024-02-06 11:04:00+05:30,285.75,285.8,285.55,285.55,32288,
2024-02-06 11:05:00+05:30,285.55,285.8,285.45,285.8,39242,
2024-02-06 11:06:00+05:30,285.8,285.85,285.6,285.8,48292,
2024-02-06 11:07:00+05:30,285.8,285.95,285.75,285.9,64334,
2024-02-06 11:08:00+05:30,285.9,286.1,285.9,286.05,45654,
2024-02-06 11:09:00+05:30,286.05,286.25,285.85,286.1,61696,
2024-02-06 11:10:00+05:30,286.1,286.5,286.05,286.35,148228,
2024-02-06 11:11:00+05:30,286.25,286.45,286.05,286.15,52106,
2024-02-06 11:12:00+05:30,286.25,286.4,285.95,286.35,94166,
2024-02-06 11:13:00+05:30,286.35,286.55,286.25,286.45,88676,
2024-02-06 11:14:00+05:30,286.45,286.5,286.3,286.45,62532,
2024-02-06 11:15:00+05:30,286.5,287.8,286.45,286.95,423670,
2024-02-06 11:16:00+05:30,287,287.55,286.8,287.55,93070,
2024-02-06 11:17:00+05:30,287.55,287.6,287.35,287.4,95536,
2024-02-06 11:18:00+05:30,287.4,287.7,287.2,287.5,179248,
2024-02-06 11:19:00+05:30,287.5,287.7,287.3,287.55,68732,
2024-02-06 11:20:00+05:30,287.7,287.7,287.3,287.5,104576,
2024-02-06 11:21:00+05:30,287.45,287.55,287.15,287.4,108878,
2024-02-06 11:22:00+05:30,287.4,287.5,287.2,287.3,72640,
2024-02-06 11:23:00+05:30,287.4,287.45,287.25,287.4,61714,
2024-02-06 11:24:00+05:30,287.4,287.45,287.1,287.3,115530,
2024-02-06 11:25:00+05:30,287.3,287.5,287.15,287.4,89380,
2024-02-06 11:26:00+05:30,287.5,288.25,287.45,288.15,250404,
2024-02-06 11:27:00+05:30,288.2,288.95,288.05,288.75,342482,
2024-02-06 11:28:00+05:30,288.85,288.9,288,288.05,173650,
2024-02-06 11:29:00+05:30,288.2,288.3,287.9,288.1,157942,
2024-02-06 11:30:00+05:30,288.15,288.25,288.05,288.25,70502,
2024-02-06 11:31:00+05:30,288.2,288.55,288.05,288.45,74046,
2024-02-06 11:32:00+05:30,288.45,288.85,288.45,288.6,130542,
2024-02-06 11:33:00+05:30,288.75,289.1,288.75,289,116518,
2024-02-06 11:34:00+05:30,289,289.05,288.25,288.25,164226,
2024-02-06 11:35:00+05:30,288.35,288.45,287.9,288,110028,
2024-02-06 11:36:00+05:30,287.9,288.25,287.85,288.15,89362,
2024-02-06 11:37:00+05:30,288.15,288.45,288.05,288.35,68852,
2024-02-06 11:38:00+05:30,288.35,288.75,288.35,288.65,53498,
2024-02-06 11:39:00+05:30,288.75,288.95,288.45,288.95,54098,
2024-02-06 11:40:00+05:30,288.75,288.95,288.35,288.45,55316,
2024-02-06 11:41:00+05:30,288.45,288.65,288.25,288.55,43284,
2024-02-06 11:42:00+05:30,288.55,289,288.45,288.95,70338,
2024-02-06 11:43:00+05:30,288.95,288.95,288.55,288.75,49704,
2024-02-06 11:44:00+05:30,288.75,288.75,288.3,288.3,68764,
2024-02-06 11:45:00+05:30,288.35,289.35,288.25,289.25,137420,
2024-02-06 11:46:00+05:30,289.2,289.45,289.1,289.15,115026,
2024-02-06 11:47:00+05:30,289.15,289.65,289.05,289.65,112666,
2024-02-06 11:48:00+05:30,289.6,289.6,288.85,288.95,105330,
2024-02-06 11:49:00+05:30,288.95,288.95,288.5,288.65,68928,
2024-02-06 11:50:00+05:30,288.65,288.95,288.5,288.95,40948,
2024-02-06 11:51:00+05:30,288.85,288.95,288.65,288.7,49856,
2024-02-06 11:52:00+05:30,288.7,288.95,288,288.1,168826,
2024-02-06 11:53:00+05:30,288.15,288.35,288.05,288.3,55884,
2024-02-06 11:54:00+05:30,288.25,288.25,288,288.05,53750,
2024-02-06 11:55:00+05:30,288.15,288.25,288.05,288.25,50268,
2024-02-06 11:56:00+05:30,288.25,288.5,288.15,288.35,35886,
2024-02-06 11:57:00+05:30,288.35,288.6,288.25,288.5,64290,
2024-02-06 11:58:00+05:30,288.6,288.65,288.45,288.55,28506,
2024-02-06 11:59:00+05:30,288.45,288.55,288.25,288.5,27318,
2024-02-06 12:00:00+05:30,288.45,288.5,288.05,288.25,64522,
2024-02-06 12:01:00+05:30,288.25,288.45,288.05,288.05,23006,
2024-02-06 12:02:00+05:30,288.15,288.25,287.6,287.9,125224,
2024-02-06 12:03:00+05:30,287.85,288.15,287.7,288.15,61444,
2024-02-06 12:04:00+05:30,288,288.15,287.9,287.9,28298,
2024-02-06 12:05:00+05:30,287.9,288.1,287.9,288.05,19084,
2024-02-06 12:06:00+05:30,288.05,288.25,288,288.15,33572,
2024-02-06 12:07:00+05:30,288.15,288.25,288,288,29382,
2024-02-06 12:08:00+05:30,288.1,288.15,287.45,287.55,85568,
2024-02-06 12:09:00+05:30,287.5,288.1,287.5,288.05,37222,
2024-02-06 12:10:00+05:30,288.05,288.35,288,288.25,87598,
2024-02-06 12:11:00+05:30,288.35,288.65,288.25,288.35,54652,
2024-02-06 12:12:00+05:30,288.35,288.6,288.25,288.55,27494,
2024-02-06 12:13:00+05:30,288.6,288.65,288.3,288.45,61226,
2024-02-06 12:14:00+05:30,288.45,288.5,288.25,288.35,31290,
2024-02-06 12:15:00+05:30,288.45,288.55,288.25,288.55,57264,
2024-02-06 12:16:00+05:30,288.6,288.7,288.45,288.5,58642,
2024-02-06 12:17:00+05:30,288.6,288.75,288.6,288.75,42446,
2024-02-06 12:18:00+05:30,288.75,288.8,288.6,288.7,49004,
2024-02-06 12:19:00+05:30,288.8,289.4,288.45,289.25,490990,
2024-02-06 12:20:00+05:30,289.35,289.85,288.95,289.05,241266,
2024-02-06 12:21:00+05:30,289.1,289.15,288.35,288.45,62544,
2024-02-06 12:22:00+05:30,288.45,288.45,287.8,287.8,138856,
2024-02-06 12:23:00+05:30,287.8,287.95,287.2,287.35,164622,
2024-02-06 12:24:00+05:30,287.35,287.55,286.7,286.7,147782,
2024-02-06 12:25:00+05:30,286.7,287.2,286.7,286.9,83150,
2024-02-06 12:26:00+05:30,287,287.65,286.9,287.65,74114,
2024-02-06 12:27:00+05:30,287.6,288.15,287.4,287.9,95228,
2024-02-06 12:28:00+05:30,287.9,288,287.5,287.8,74364,
2024-02-06 12:29:00+05:30,287.8,287.8,287.55,287.7,20632,
2024-02-06 12:30:00+05:30,287.7,287.7,287.45,287.6,32652,
2024-02-06 12:31:00+05:30,287.5,287.6,287.2,287.4,45134,
2024-02-06 12:32:00+05:30,287.55,287.6,287.4,287.55,39542,
2024-02-06 12:33:00+05:30,287.55,287.7,287.4,287.6,27718,
2024-02-06 12:34:00+05:30,287.55,287.75,287.5,287.75,30980,
2024-02-06 12:35:00+05:30,287.8,288.25,287.6,288.25,33574,
2024-02-06 12:36:00+05:30,288.15,288.45,288.15,288.45,58302,
2024-02-06 12:37:00+05:30,288.25,288.4,288.15,288.25,37524,
2024-02-06 12:38:00+05:30,288.15,288.25,287.9,287.9,26524,
2024-02-06 12:39:00+05:30,287.95,288,287.8,288,49234,
2024-02-06 12:40:00+05:30,288,288,287.9,287.9,22794,
2024-02-06 12:41:00+05:30,287.9,288,287.85,288,16592,
2024-02-06 12:42:00+05:30,288,288,287.9,287.9,18382,
2024-02-06 12:43:00+05:30,288,288.2,287.9,288.2,26724,
2024-02-06 12:44:00+05:30,288.2,288.85,288.15,288.65,94242,
2024-02-06 12:45:00+05:30,288.9,289.25,288.75,289,69504,
2024-02-06 12:46:00+05:30,289.1,289.45,289,289.1,72732,
2024-02-06 12:47:00+05:30,289.1,289.2,288.55,288.6,52324,
2024-02-06 12:48:00+05:30,288.55,288.55,288.05,288.35,68720,
2024-02-06 12:49:00+05:30,288.35,288.5,288.15,288.35,32934,
2024-02-06 12:50:00+05:30,288.25,288.55,288.25,288.55,26038,
2024-02-06 12:51:00+05:30,288.5,288.65,288.35,288.45,27802,
2024-02-06 12:52:00+05:30,288.45,288.45,288.05,288.35,85658,
2024-02-06 12:53:00+05:30,288.25,288.35,287.6,287.7,104462,
2024-02-06 12:54:00+05:30,287.65,287.8,287.5,287.8,46070,
2024-02-06 12:55:00+05:30,287.8,287.8,287.55,287.7,35146,
2024-02-06 12:56:00+05:30,287.7,287.8,287.6,287.7,20110,
2024-02-06 12:57:00+05:30,287.65,287.8,287.2,287.45,112302,
2024-02-06 12:58:00+05:30,287.4,287.4,286.8,286.9,103042,
2024-02-06 12:59:00+05:30,286.8,287.2,286.8,287,61638,
2024-02-06 13:00:00+05:30,287,287.4,286.8,287.3,59018,
2024-02-06 13:01:00+05:30,287.3,287.4,287.3,287.4,28460,
2024-02-06 13:02:00+05:30,287.4,287.8,287.4,287.7,60470,
2024-02-06 13:03:00+05:30,287.7,287.8,287.6,287.8,65170,
2024-02-06 13:04:00+05:30,287.7,287.8,287.6,287.7,88352,
2024-02-06 13:05:00+05:30,287.7,288.85,287.7,288.05,313766,
2024-02-06 13:06:00+05:30,288,288.25,288,288.2,69052,
2024-02-06 13:07:00+05:30,288.2,288.25,287.8,287.9,31962,
2024-02-06 13:08:00+05:30,287.9,288.05,287.8,287.95,45290,
2024-02-06 13:09:00+05:30,287.8,288,287.7,287.95,76668,
2024-02-06 13:10:00+05:30,287.9,288.25,287.9,288.15,40046,
2024-02-06 13:11:00+05:30,288.25,289,288.15,288.75,168076,
2024-02-06 13:12:00+05:30,288.75,289.7,288.75,289.3,191986,
2024-02-06 13:13:00+05:30,289.4,289.45,288.85,289.15,128870,
2024-02-06 13:14:00+05:30,289.1,289.9,289.1,289.7,153342,
2024-02-06 13:15:00+05:30,289.7,291.15,289.7,291,845330,
2024-02-06 13:16:00+05:30,290.85,291.1,289.95,290.1,285010,
2024-02-06 13:17:00+05:30,290.1,290.7,289.9,290.7,221648,
2024-02-06 13:18:00+05:30,290.4,290.6,289.95,290.2,140656,
2024-02-06 13:19:00+05:30,290.2,290.4,290,290.05,126994,
2024-02-06 13:20:00+05:30,290.2,291.1,290.1,290.9,206220,
2024-02-06 13:21:00+05:30,290.95,291.65,290.95,291.45,268974,
2024-02-06 13:22:00+05:30,291.65,292.35,291.3,291.45,310468,
2024-02-06 13:23:00+05:30,291.45,291.55,291,291.1,174844,
2024-02-06 13:24:00+05:30,290.95,291.7,290.9,291.4,172056,
2024-02-06 13:25:00+05:30,291.25,291.75,291.15,291.45,125462,
2024-02-06 13:26:00+05:30,291.4,291.4,290.7,291.25,118242,
2024-02-06 13:27:00+05:30,291.25,291.4,291,291.1,85826,
2024-02-06 13:28:00+05:30,291.1,291.5,291,291.15,89182,
2024-02-06 13:29:00+05:30,291.1,291.15,290.9,291.05,64724,
2024-02-06 13:30:00+05:30,291.1,291.65,290.8,290.8,141662,
2024-02-06 13:31:00+05:30,290.7,290.8,290.45,290.6,121354,
2024-02-06 13:32:00+05:30,290.5,290.7,290.3,290.6,84870,
2024-02-06 13:33:00+05:30,290.4,290.65,290.3,290.5,39284,
2024-02-06 13:34:00+05:30,290.6,290.9,290.5,290.7,57130,
2024-02-06 13:35:00+05:30,290.7,290.75,290.1,290.6,127446,
2024-02-06 13:36:00+05:30,290.6,291,290.55,290.7,94750,
2024-02-06 13:37:00+05:30,290.7,290.7,289.55,290.4,138102,
2024-02-06 13:38:00+05:30,290.4,291.25,290.3,291.25,116904,
2024-02-06 13:39:00+05:30,291.25,291.65,291.25,291.35,133874,
2024-02-06 13:40:00+05:30,291.4,292.15,291.4,292.15,206026,
2024-02-06 13:41:00+05:30,292.05,292.55,292.05,292.2,267782,
2024-02-06 13:42:00+05:30,292.2,292.55,292.05,292.45,127248,
2024-02-06 13:43:00+05:30,292.35,292.5,292.05,292.45,126626,
2024-02-06 13:44:00+05:30,292.5,292.65,291.95,292.15,135896,
2024-02-06 13:45:00+05:30,292.05,292.2,291.65,291.95,103166,
2024-02-06 13:46:00+05:30,291.95,292.45,291.85,292.15,109080,
2024-02-06 13:47:00+05:30,292.15,292.45,292.05,292.45,44676,
2024-02-06 13:48:00+05:30,292.4,293.1,292.35,292.95,304124,
2024-02-06 13:49:00+05:30,293,293,292.7,292.75,100486,
2024-02-06 13:50:00+05:30,292.9,294.2,292.8,294,526256,
2024-02-06 13:51:00+05:30,294,294.55,293.75,294.15,203520,
2024-02-06 13:52:00+05:30,294.3,294.55,293.85,294.4,256006,
2024-02-06 13:53:00+05:30,294.55,295.55,294.3,294.95,464528,
2024-02-06 13:54:00+05:30,295.05,295.4,294.85,295.05,371390,
2024-02-06 13:55:00+05:30,295.05,295.25,294.85,295.15,179528,
2024-02-06 13:56:00+05:30,295.15,297.35,295.15,297.35,990560,
2024-02-06 13:57:00+05:30,297.4,297.8,296.15,296.4,611838,
2024-02-06 13:58:00+05:30,296.4,296.4,295.35,295.9,306850,
2024-02-06 13:59:00+05:30,295.7,295.8,295.15,295.15,213226,
2024-02-06 14:00:00+05:30,295.2,295.35,294.65,294.75,188770,
2024-02-06 14:01:00+05:30,294.75,295.05,294.25,294.95,272268,
2024-02-06 14:02:00+05:30,294.95,295.55,294.55,295.55,103762,
2024-02-06 14:03:00+05:30,295.55,295.95,295.55,295.8,224306,
2024-02-06 14:04:00+05:30,295.85,296.5,295.8,296,199422,
2024-02-06 14:05:00+05:30,296,296,295.65,295.65,129112,
2024-02-06 14:06:00+05:30,295.7,295.8,295.65,295.65,66984,
2024-02-06 14:07:00+05:30,295.65,295.85,295.4,295.7,136402,
2024-02-06 14:08:00+05:30,295.65,295.8,295.55,295.75,138360,
2024-02-06 14:09:00+05:30,295.75,295.75,295.45,295.45,121826,
2024-02-06 14:10:00+05:30,295.55,296.2,295.55,296.2,112806,
2024-02-06 14:11:00+05:30,296.1,296.4,295.75,296,108154,
2024-02-06 14:12:00+05:30,296,296.2,295.05,295.05,172442,
2024-02-06 14:13:00+05:30,295.15,295.25,294.6,295.1,254504,
2024-02-06 14:14:00+05:30,295.35,295.45,294.85,295.45,86526,
2024-02-06 14:15:00+05:30,295.35,295.45,294.9,294.95,84760,
2024-02-06 14:16:00+05:30,295.05,295.05,294.45,294.55,129772,
2024-02-06 14:17:00+05:30,294.65,294.65,293.85,294.25,231562,
2024-02-06 14:18:00+05:30,294.25,294.45,294.15,294.35,52646,
2024-02-06 14:19:00+05:30,294.45,294.45,293.7,293.9,111424,
2024-02-06 14:20:00+05:30,293.85,294.3,293.75,293.9,119992,
2024-02-06 14:21:00+05:30,293.8,294.2,293.8,294,69364,
2024-02-06 14:22:00+05:30,294,294.1,293.7,293.85,75068,
2024-02-06 14:23:00+05:30,293.8,294.5,293.7,294.35,89246,
2024-02-06 14:24:00+05:30,294.45,294.6,294.3,294.45,69046,
2024-02-06 14:25:00+05:30,294.35,295.05,294.35,294.75,108660,
2024-02-06 14:26:00+05:30,294.7,295.05,294.55,294.85,87928,
2024-02-06 14:27:00+05:30,294.75,294.85,294.25,294.3,58676,
2024-02-06 14:28:00+05:30,294.35,294.65,294.25,294.45,55740,
2024-02-06 14:29:00+05:30,294.45,294.45,294,294.25,39380,
2024-02-06 14:30:00+05:30,294.35,295.15,294.3,294.95,100588,
2024-02-06 14:31:00+05:30,294.95,295.05,294.8,295.05,44526,
2024-02-06 14:32:00+05:30,295.05,295.25,294.95,295.25,61430,
2024-02-06 14:33:00+05:30,295.25,295.55,294.95,295.55,116210,
2024-02-06 14:34:00+05:30,295.55,295.7,295.35,295.45,97170,
2024-02-06 14:35:00+05:30,295.55,295.6,295.05,295.15,68186,
2024-02-06 14:36:00+05:30,295.05,295.15,294.65,294.85,65456,
2024-02-06 14:37:00+05:30,294.85,295,294.5,294.6,67918,
2024-02-06 14:38:00+05:30,294.6,294.65,294.25,294.45,100212,
2024-02-06 14:39:00+05:30,294.45,294.55,294,294.25,82514,
2024-02-06 14:40:00+05:30,294.25,294.3,293.4,294.1,232144,
2024-02-06 14:41:00+05:30,294.1,294.35,293.95,294.35,61844,
2024-02-06 14:42:00+05:30,294.25,294.55,294.2,294.45,60480,
2024-02-06 14:43:00+05:30,294.3,294.45,294,294,74776,
2024-02-06 14:44:00+05:30,294.1,294.3,293.95,294.2,52644,
2024-02-06 14:45:00+05:30,294.1,294.2,293.7,293.9,88234,
2024-02-06 14:46:00+05:30,294.1,294.3,293.95,294.3,66338,
2024-02-06 14:47:00+05:30,294.35,294.6,294.1,294.6,75886,
2024-02-06 14:48:00+05:30,294.65,294.8,294.6,294.75,53718,
2024-02-06 14:49:00+05:30,294.65,294.85,294.25,294.3,83338,
2024-02-06 14:50:00+05:30,294.3,294.35,294.2,294.2,53114,
2024-02-06 14:51:00+05:30,294.2,294.3,294.15,294.25,36246,
2024-02-06 14:52:00+05:30,294.3,294.75,294.25,294.55,53706,
2024-02-06 14:53:00+05:30,294.55,294.65,294.4,294.45,44650,
2024-02-06 14:54:00+05:30,294.45,294.55,294.4,294.55,44174,
2024-02-06 14:55:00+05:30,294.55,294.55,294.2,294.25,59314,
2024-02-06 14:56:00+05:30,294.25,294.55,294.25,294.45,65564,
2024-02-06 14:57:00+05:30,294.45,295.55,294.35,295.45,202358,
2024-02-06 14:58:00+05:30,295.35,295.45,294.95,295.15,77478,
2024-02-06 14:59:00+05:30,295.1,295.15,294.85,295.05,52624,
2024-02-06 15:00:00+05:30,295.05,295.1,294.8,294.8,90350,
2024-02-06 15:01:00+05:30,294.8,294.8,294.2,294.2,79722,
2024-02-06 15:02:00+05:30,294.2,294.65,294.2,294.55,102928,
2024-02-06 15:03:00+05:30,294.55,294.85,294.5,294.85,42336,
2024-02-06 15:04:00+05:30,294.85,294.95,294.75,294.95,55902,
2024-02-06 15:05:00+05:30,294.95,295,294.9,294.95,53538,
2024-02-06 15:06:00+05:30,294.95,294.95,294.7,294.75,60648,
2024-02-06 15:07:00+05:30,294.8,294.85,294.7,294.75,72750,
2024-02-06 15:08:00+05:30,294.75,294.75,294.45,294.45,90414,
2024-02-06 15:09:00+05:30,294.45,294.55,294.45,294.5,75598,
2024-02-06 15:10:00+05:30,294.55,294.55,294.45,294.45,74084,
2024-02-06 15:11:00+05:30,294.5,294.55,294.45,294.5,76346,
2024-02-06 15:12:00+05:30,294.5,294.75,294.45,294.65,133096,
2024-02-06 15:13:00+05:30,294.75,294.75,294.55,294.65,88148,
2024-02-06 15:14:00+05:30,294.6,294.65,294.55,294.65,95776,
2024-02-06 15:15:00+05:30,294.65,294.75,294.55,294.55,139884,
2024-02-06 15:16:00+05:30,294.55,294.7,294.45,294.65,164278,
2024-02-06 15:17:00+05:30,294.6,294.95,294.6,294.8,667806,
2024-02-06 15:18:00+05:30,294.75,295.55,294.75,295.55,276076,
2024-02-06 15:19:00+05:30,295.45,296.4,295.35,296,219678,
2024-02-06 15:20:00+05:30,296.15,296.65,295.9,296.5,435146,
2024-02-06 15:21:00+05:30,296.2,296.5,295.85,295.9,149366,
2024-02-06 15:22:00+05:30,295.9,295.9,295.55,295.65,99570,
2024-02-06 15:23:00+05:30,295.65,295.75,295.5,295.55,81654,
2024-02-06 15:24:00+05:30,295.55,295.65,295.25,295.4,165910,
2024-02-06 15:25:00+05:30,295.45,295.9,295.4,295.65,117972,
2024-02-06 15:26:00+05:30,295.65,296,295.55,295.9,71786,
2024-02-06 15:27:00+05:30,295.9,296.1,295.9,296.1,103174,
2024-02-06 15:28:00+05:30,296.05,296.05,295.8,296,38720,
2024-02-06 15:29:00+05:30,296,296,295.55,295.8,68196,
2024-02-07 09:15:00+05:30,298.85,298.85,296.55,297.45,463404,
2024-02-07 09:16:00+05:30,297.35,297.4,296,296.1,357958,
2024-02-07 09:17:00+05:30,295.8,296,294.35,294.65,388960,
2024-02-07 09:18:00+05:30,294.55,295.05,294.1,294.1,239796,
2024-02-07 09:19:00+05:30,294.55,294.65,293.85,294.25,187488,
2024-02-07 09:20:00+05:30,294.25,294.35,293.2,293.7,183166,
2024-02-07 09:21:00+05:30,293.4,293.8,291.4,291.8,298262,
2024-02-07 09:22:00+05:30,291.95,291.95,291.05,291.75,272760,
2024-02-07 09:23:00+05:30,291.95,292.65,291.8,292.45,188102,
2024-02-07 09:24:00+05:30,292.45,293.45,292.2,293.45,230840,
2024-02-07 09:25:00+05:30,293.45,293.45,292.05,292.05,220318,
2024-02-07 09:26:00+05:30,292.05,292.15,291.1,291.15,200220,
2024-02-07 09:27:00+05:30,291.2,291.5,290.9,290.95,116310,
2024-02-07 09:28:00+05:30,290.9,290.95,290.35,290.8,217474,
2024-02-07 09:29:00+05:30,290.8,291.65,290.6,291.65,139570,
2024-02-07 09:30:00+05:30,291.5,291.55,290.7,291.5,154958,
2024-02-07 09:31:00+05:30,291.5,292.65,291.5,292.65,176446,
2024-02-07 09:32:00+05:30,292.7,294.05,292.65,293.35,352652,
2024-02-07 09:33:00+05:30,293.4,293.8,292.5,293.6,226048,
2024-02-07 09:34:00+05:30,293.6,293.8,292.2,292.5,208774,
2024-02-07 09:35:00+05:30,292.5,292.6,291.65,292.35,97052,
2024-02-07 09:36:00+05:30,292.25,292.35,291.85,291.95,60196,
2024-02-07 09:37:00+05:30,291.85,291.95,291.65,291.8,79296,
2024-02-07 09:38:00+05:30,291.75,292.45,291.75,292.45,113048,
2024-02-07 09:39:00+05:30,292.45,292.55,292.1,292.5,75582,
2024-02-07 09:40:00+05:30,292.45,292.55,291.75,292,75646,
2024-02-07 09:41:00+05:30,292.05,292.35,291.9,292.15,55348,
2024-02-07 09:42:00+05:30,292.15,292.45,291.9,292.15,75560,
2024-02-07 09:43:00+05:30,292.05,292.05,291.65,291.85,56384,
2024-02-07 09:44:00+05:30,291.75,291.85,291.35,291.55,68930,
2024-02-07 09:45:00+05:30,291.55,292.6,291.55,292.55,96422,
2024-02-07 09:46:00+05:30,292.6,294,292.6,293.2,163344,
2024-02-07 09:47:00+05:30,293.3,293.8,292.9,293.8,170514,
2024-02-07 09:48:00+05:30,293.8,293.95,293.3,293.5,91526,
2024-02-07 09:49:00+05:30,293.5,293.75,293.35,293.75,75772,
2024-02-07 09:50:00+05:30,293.9,294.9,293.8,294.75,191526,
2024-02-07 09:51:00+05:30,294.65,296.25,294.35,296.2,243052,
2024-02-07 09:52:00+05:30,296.4,296.8,295.8,296.75,291038,
2024-02-07 09:53:00+05:30,296.75,298.1,296.65,297.95,415472,
2024-02-07 09:54:00+05:30,298.05,298.15,297.15,297.75,295060,
2024-02-07 09:55:00+05:30,297.95,299.2,297.95,298.4,412226,
2024-02-07 09:56:00+05:30,298.45,298.75,297.05,297.25,269308,
2024-02-07 09:57:00+05:30,297.2,299.35,296.85,298.85,285222,
2024-02-07 09:58:00+05:30,299.3,300.4,299.3,299.5,554152,
2024-02-07 09:59:00+05:30,299.55,299.7,298.9,299.6,219702,
2024-02-07 10:00:00+05:30,299.4,300.4,298.45,298.45,361108,
2024-02-07 10:01:00+05:30,298.4,298.85,297.95,298.6,201702,
2024-02-07 10:02:00+05:30,298.45,298.75,298.1,298.2,128554,
2024-02-07 10:03:00+05:30,298.2,299.2,298.2,298.75,105652,
2024-02-07 10:04:00+05:30,298.75,298.75,297.1,297.1,158406,
2024-02-07 10:05:00+05:30,297.25,297.6,297,297.45,130660,
2024-02-07 10:06:00+05:30,297.3,297.85,297.25,297.35,158504,
2024-02-07 10:07:00+05:30,297.35,297.45,296.55,296.7,157782,
2024-02-07 10:08:00+05:30,297.05,297.45,296.7,297.3,115696,
2024-02-07 10:09:00+05:30,297.45,297.45,296.85,297.2,167640,
2024-02-07 10:10:00+05:30,297.15,297.15,296.5,296.5,65832,
2024-02-07 10:11:00+05:30,296.6,297.25,296.5,297.25,69938,
2024-02-07 10:12:00+05:30,297.15,297.45,297.1,297.25,38136,
2024-02-07 10:13:00+05:30,297.25,297.45,297.25,297.45,42132,
2024-02-07 10:14:00+05:30,297.45,297.45,297.3,297.45,50704,
2024-02-07 10:15:00+05:30,297.45,298.65,297.4,298.1,145506,
2024-02-07 10:16:00+05:30,298.05,298.1,296.8,296.9,75604,
2024-02-07 10:17:00+05:30,296.8,296.95,296.15,296.6,87586,
2024-02-07 10:18:00+05:30,296.6,296.8,296.05,296.8,81336,
2024-02-07 10:19:00+05:30,296.8,297,296.6,296.85,43990,
2024-02-07 10:20:00+05:30,296.9,297.95,296.8,297.95,115418,
2024-02-07 10:21:00+05:30,297.95,297.95,297.25,297.35,45336,
2024-02-07 10:22:00+05:30,297.35,297.6,297.35,297.45,60792,
2024-02-07 10:23:00+05:30,297.5,297.5,297.25,297.35,37848,
2024-02-07 10:24:00+05:30,297.25,297.35,296.8,296.9,60456,
2024-02-07 10:25:00+05:30,296.9,297.35,296.9,297.3,29654,
2024-02-07 10:26:00+05:30,297.3,297.45,296.95,297,27488,
2024-02-07 10:27:00+05:30,297,297.25,296.8,297.15,39784,
2024-02-07 10:28:00+05:30,297.2,297.2,297,297.1,24758,
2024-02-07 10:29:00+05:30,297.1,297.1,296.8,296.8,12136,
2024-02-07 10:30:00+05:30,296.85,296.95,296.6,296.95,48898,
2024-02-07 10:31:00+05:30,297,297.75,296.8,297.45,77786,
2024-02-07 10:32:00+05:30,297.45,297.65,297.2,297.5,34588,
2024-02-07 10:33:00+05:30,297.45,297.45,297,297,16786,
2024-02-07 10:34:00+05:30,297.1,297.1,296.5,296.55,39384,
2024-02-07 10:35:00+05:30,296.5,296.6,295.75,296.1,122822,
2024-02-07 10:36:00+05:30,296.1,296.5,296,296.5,57230,
2024-02-07 10:37:00+05:30,296.35,296.5,295.75,295.75,51200,
2024-02-07 10:38:00+05:30,295.75,296,295.35,295.8,99788,
2024-02-07 10:39:00+05:30,295.7,296.1,295.65,295.7,65530,
2024-02-07 10:40:00+05:30,295.7,295.85,295.15,295.7,114470,
2024-02-07 10:41:00+05:30,295.65,295.75,295.15,295.45,70000,
2024-02-07 10:42:00+05:30,295.45,295.8,295.35,295.65,75142,
2024-02-07 10:43:00+05:30,295.65,295.65,295.05,295.3,37450,
2024-02-07 10:44:00+05:30,295.2,296.1,295.05,295.75,80006,
2024-02-07 10:45:00+05:30,295.8,295.8,295.45,295.8,31352,
2024-02-07 10:46:00+05:30,295.85,296.4,295.8,295.9,92886,
2024-02-07 10:47:00+05:30,295.8,295.9,295.75,295.9,32070,
2024-02-07 10:48:00+05:30,295.85,296.4,295.7,296.3,104678,
2024-02-07 10:49:00+05:30,296.25,297,296.25,296.7,80024,
2024-02-07 10:50:00+05:30,296.7,297.3,296.5,297.15,79552,
2024-02-07 10:51:00+05:30,297.15,297.45,296.75,296.9,181558,
2024-02-07 10:52:00+05:30,296.8,297.2,296.7,297.1,39274,
2024-02-07 10:53:00+05:30,297.1,297.1,296.8,296.8,17936,
2024-02-07 10:54:00+05:30,296.85,297,296.7,296.75,34342,
2024-02-07 10:55:00+05:30,296.75,296.9,296.3,296.4,49228,
2024-02-07 10:56:00+05:30,296.5,297,296.3,296.45,70772,
2024-02-07 10:57:00+05:30,296.5,296.5,295.8,295.95,54964,
2024-02-07 10:58:00+05:30,295.8,296.3,295.8,295.85,30842,
2024-02-07 10:59:00+05:30,295.85,296.05,295.85,295.9,30474,
2024-02-07 11:00:00+05:30,295.9,296,295.8,296,55478,
2024-02-07 11:01:00+05:30,296,296,295.8,295.85,18576,
2024-02-07 11:02:00+05:30,295.85,296,295.75,295.95,23934,
2024-02-07 11:03:00+05:30,295.9,295.9,295.2,295.25,61954,
2024-02-07 11:04:00+05:30,295.25,295.55,295.2,295.45,23136,
2024-02-07 11:05:00+05:30,295.45,295.45,294.75,294.9,138394,
2024-02-07 11:06:00+05:30,294.75,295.2,294.6,295.2,100832,
2024-02-07 11:07:00+05:30,295.15,295.15,294.8,294.95,31498,
2024-02-07 11:08:00+05:30,295,295.8,294.8,295.8,72446,
2024-02-07 11:09:00+05:30,295.75,295.75,295.05,295.55,89294,
2024-02-07 11:10:00+05:30,295.55,295.55,295.1,295.45,20372,
2024-02-07 11:11:00+05:30,295.45,296.2,295.35,296.1,86932,
2024-02-07 11:12:00+05:30,296.2,296.25,295.8,295.9,76436,
2024-02-07 11:13:00+05:30,296.1,296.5,296,296.5,44970,
2024-02-07 11:14:00+05:30,296.5,296.9,296.3,296.35,711892,
2024-02-07 11:15:00+05:30,296.3,296.45,296,296.3,28700,
2024-02-07 11:16:00+05:30,296.3,296.3,295.8,295.95,58868,
2024-02-07 11:17:00+05:30,296,296,295.9,296,13228,
2024-02-07 11:18:00+05:30,296,296.05,295.65,295.75,42906,
2024-02-07 11:19:00+05:30,295.75,296,295.55,295.7,27616,
2024-02-07 11:20:00+05:30,295.65,295.8,295.55,295.75,12428,
2024-02-07 11:21:00+05:30,295.8,295.95,295.55,295.65,26364,
2024-02-07 11:22:00+05:30,295.75,295.75,295.25,295.55,29880,
2024-02-07 11:23:00+05:30,295.55,295.55,295.15,295.3,19496,
2024-02-07 11:24:00+05:30,295.45,295.5,295.05,295.3,26724,
2024-02-07 11:25:00+05:30,295.25,295.3,295.05,295.25,20616,
2024-02-07 11:26:00+05:30,295.25,295.25,294.15,294.25,108100,
2024-02-07 11:27:00+05:30,294.25,295.15,294.25,295.15,82522,
2024-02-07 11:28:00+05:30,295.15,295.15,294.8,294.9,21074,
2024-02-07 11:29:00+05:30,294.9,295.05,294.55,294.9,45266,
2024-02-07 11:30:00+05:30,294.95,294.95,294.2,294.25,43530,
2024-02-07 11:31:00+05:30,294.3,294.55,294.2,294.25,46622,
2024-02-07 11:32:00+05:30,294.25,294.3,293.5,293.75,257340,
2024-02-07 11:33:00+05:30,293.6,293.9,293.3,293.8,339932,
2024-02-07 11:34:00+05:30,293.8,293.85,293.1,293.35,75836,
2024-02-07 11:35:00+05:30,293.4,293.95,293,293.7,88316,
2024-02-07 11:36:00+05:30,293.7,294.8,293.4,294.5,167882,
2024-02-07 11:37:00+05:30,294.45,294.85,294.1,294.1,60282,
2024-02-07 11:38:00+05:30,294.1,294.2,293.8,293.9,26210,
2024-02-07 11:39:00+05:30,293.9,295.3,293.9,295.3,71768,
2024-02-07 11:40:00+05:30,295.25,295.7,294.75,295.45,131790,
2024-02-07 11:41:00+05:30,295.35,295.45,294.7,295.25,63008,
2024-02-07 11:42:00+05:30,295.2,295.7,295.2,295.6,59628,
2024-02-07 11:43:00+05:30,295.65,295.75,295.35,295.55,62480,
2024-02-07 11:44:00+05:30,295.7,295.8,295.45,295.65,58642,
2024-02-07 11:45:00+05:30,295.65,296.2,295.45,296.2,89952,
2024-02-07 11:46:00+05:30,296.2,296.5,296,296.1,89962,
2024-02-07 11:47:00+05:30,296.2,296.25,295.85,296.1,38820,
2024-02-07 11:48:00+05:30,296.1,296.2,295.9,296,39732,
2024-02-07 11:49:00+05:30,296,296.45,295.9,296.15,46290,
2024-02-07 11:50:00+05:30,296.25,296.4,296,296.1,31596,
2024-02-07 11:51:00+05:30,296.1,296.2,295.8,296.1,28792,
2024-02-07 11:52:00+05:30,296,296.1,295.65,295.9,15708,
2024-02-07 11:53:00+05:30,295.9,296.1,295.75,295.9,17734,
2024-02-07 11:54:00+05:30,296,296,295.65,295.75,22266,
2024-02-07 11:55:00+05:30,295.7,295.75,295.35,295.45,35720,
2024-02-07 11:56:00+05:30,295.55,295.7,295.15,295.25,43944,
2024-02-07 11:57:00+05:30,295.25,295.35,295.05,295.15,57096,
2024-02-07 11:58:00+05:30,295.25,295.55,295.25,295.3,22882,
2024-02-07 11:59:00+05:30,295.3,295.6,295.1,295.55,27616,
2024-02-07 12:00:00+05:30,295.55,295.6,295.4,295.45,15990,
2024-02-07 12:01:00+05:30,295.5,295.55,295.25,295.45,28184,
2024-02-07 12:02:00+05:30,295.45,295.7,295.25,295.7,45620,
2024-02-07 12:03:00+05:30,295.65,295.65,295.35,295.55,17356,
2024-02-07 12:04:00+05:30,295.55,296,295.55,296,44140,
2024-02-07 12:05:00+05:30,296,296,295.8,295.9,9102,
2024-02-07 12:06:00+05:30,295.9,296.2,295.9,296.05,39072,
2024-02-07 12:07:00+05:30,296,296.5,296,296.45,56764,
2024-02-07 12:08:00+05:30,296.5,296.5,296.1,296.25,30856,
2024-02-07 12:09:00+05:30,296.2,296.25,296,296.1,22960,
2024-02-07 12:10:00+05:30,296.15,296.2,296.05,296.2,16692,
2024-02-07 12:11:00+05:30,296.2,296.35,296.15,296.3,16542,
2024-02-07 12:12:00+05:30,296.3,296.3,295.8,295.8,28658,
2024-02-07 12:13:00+05:30,295.75,295.9,295.55,295.9,22262,
2024-02-07 12:14:00+05:30,295.9,296,295.65,295.95,12974,
2024-02-07 12:15:00+05:30,295.85,296.15,295.8,296.1,25344,
2024-02-07 12:16:00+05:30,296.1,296.1,296,296.1,10974,
2024-02-07 12:17:00+05:30,296.05,296.1,296,296.1,11218,
2024-02-07 12:18:00+05:30,296.05,296.25,296.05,296.2,29554,
2024-02-07 12:19:00+05:30,296.2,296.25,295.9,296,18870,
2024-02-07 12:20:00+05:30,296,296,295.85,295.95,23324,
2024-02-07 12:21:00+05:30,295.95,296,295.7,295.8,22150,
2024-02-07 12:22:00+05:30,295.8,295.9,295.6,295.8,20644,
2024-02-07 12:23:00+05:30,295.8,295.8,295.7,295.75,10148,
2024-02-07 12:24:00+05:30,295.75,295.75,295.6,295.65,12934,
2024-02-07 12:25:00+05:30,295.7,295.8,295.7,295.75,15750,
2024-02-07 12:26:00+05:30,295.75,295.8,295.65,295.8,13636,
2024-02-07 12:27:00+05:30,295.8,295.8,295.7,295.75,12060,
2024-02-07 12:28:00+05:30,295.75,295.85,295.75,295.8,21178,
2024-02-07 12:29:00+05:30,295.8,295.85,295.8,295.8,12652,
2024-02-07 12:30:00+05:30,295.8,295.8,295.8,295.8,5908,
2024-02-07 12:31:00+05:30,295.8,296,295.8,296,41664,
2024-02-07 12:32:00+05:30,296,296,295.8,295.95,11560,
2024-02-07 12:33:00+05:30,295.95,296,295.8,295.8,13088,
2024-02-07 12:34:00+05:30,295.8,295.8,295.75,295.8,8310,
2024-02-07 12:35:00+05:30,295.8,295.8,295.75,295.8,28968,
2024-02-07 12:36:00+05:30,295.8,295.8,295.75,295.75,15706,
2024-02-07 12:37:00+05:30,295.8,295.8,295.55,295.7,34044,
2024-02-07 12:38:00+05:30,295.75,295.75,295.65,295.75,9520,
2024-02-07 12:39:00+05:30,295.75,295.75,295.6,295.7,9062,
2024-02-07 12:40:00+05:30,295.75,295.75,295.35,295.45,67526,
2024-02-07 12:41:00+05:30,295.55,295.65,295.35,295.55,25218,
2024-02-07 12:42:00+05:30,295.5,295.55,295.2,295.3,37434,
2024-02-07 12:43:00+05:30,295.3,295.55,295.2,295.45,20350,
2024-02-07 12:44:00+05:30,295.45,295.45,295.25,295.25,9160,
2024-02-07 12:45:00+05:30,295.35,295.45,295.25,295.35,22436,
2024-02-07 12:46:00+05:30,295.35,295.45,295.2,295.45,36642,
2024-02-07 12:47:00+05:30,295.45,295.5,295.2,295.4,22474,
2024-02-07 12:48:00+05:30,295.4,295.45,295.1,295.15,101870,
2024-02-07 12:49:00+05:30,295.15,295.25,294.65,294.95,36052,
2024-02-07 12:50:00+05:30,294.95,295.1,294.65,294.65,20814,
2024-02-07 12:51:00+05:30,294.65,295.05,294.45,295.05,53242,
2024-02-07 12:52:00+05:30,295,295.15,294.85,295.15,26236,
2024-02-07 12:53:00+05:30,295.15,295.15,294.55,294.7,16246,
2024-02-07 12:54:00+05:30,294.7,294.7,294.4,294.5,27916,
2024-02-07 12:55:00+05:30,294.5,294.75,294.45,294.55,26130,
2024-02-07 12:56:00+05:30,294.65,294.85,294.55,294.85,18528,
2024-02-07 12:57:00+05:30,294.85,294.9,294.55,294.75,12892,
2024-02-07 12:58:00+05:30,294.75,294.85,294.65,294.75,12810,
2024-02-07 12:59:00+05:30,294.75,294.85,294.55,294.65,17992,
2024-02-07 13:00:00+05:30,294.6,294.7,294.55,294.6,36542,
2024-02-07 13:01:00+05:30,294.55,294.75,294.55,294.65,14978,
2024-02-07 13:02:00+05:30,294.65,294.65,294.55,294.55,19848,
2024-02-07 13:03:00+05:30,294.65,294.65,294.55,294.6,11354,
2024-02-07 13:04:00+05:30,294.6,294.75,294.55,294.75,18096,
2024-02-07 13:05:00+05:30,294.75,294.85,294.7,294.8,12246,
2024-02-07 13:06:00+05:30,294.75,295,294.75,294.85,12022,
2024-02-07 13:07:00+05:30,294.85,294.85,294.55,294.75,13866,
2024-02-07 13:08:00+05:30,294.75,294.8,294.65,294.7,8474,
2024-02-07 13:09:00+05:30,294.7,294.85,294.55,294.85,48416,
2024-02-07 13:10:00+05:30,294.85,294.9,294.8,294.85,21774,
2024-02-07 13:11:00+05:30,294.85,294.9,294.55,294.55,45546,
2024-02-07 13:12:00+05:30,294.55,294.9,294.55,294.85,22182,
2024-02-07 13:13:00+05:30,294.85,294.85,294.55,294.65,13542,
2024-02-07 13:14:00+05:30,294.65,294.65,294.25,294.4,43050,
2024-02-07 13:15:00+05:30,294.35,294.4,293.7,294,102208,
2024-02-07 13:16:00+05:30,294.05,294.2,293.95,294.2,26522,
2024-02-07 13:17:00+05:30,294.25,294.25,294.1,294.2,12952,
2024-02-07 13:18:00+05:30,294.2,294.2,293.8,294,62468,
2024-02-07 13:19:00+05:30,294,294.2,294,294.2,13194,
2024-02-07 13:20:00+05:30,294.2,294.25,294.1,294.25,29978,
2024-02-07 13:21:00+05:30,294.25,294.35,294.1,294.2,39288,
2024-02-07 13:22:00+05:30,294.2,294.25,293.9,294,43770,
2024-02-07 13:23:00+05:30,294,294.1,293.9,294.1,18168,
2024-02-07 13:24:00+05:30,294.1,294.25,294.1,294.2,9548,
2024-02-07 13:25:00+05:30,294.2,294.2,293.8,293.9,54324,
2024-02-07 13:26:00+05:30,293.9,293.9,293.6,293.7,42808,
2024-02-07 13:27:00+05:30,293.7,294.1,293.7,294,25844,
2024-02-07 13:28:00+05:30,294,294.1,293.85,294.1,34342,
2024-02-07 13:29:00+05:30,293.95,294,293.6,293.7,17762,
2024-02-07 13:30:00+05:30,293.7,293.9,293.65,293.8,13328,
2024-02-07 13:31:00+05:30,293.8,293.9,293.7,293.8,21848,
2024-02-07 13:32:00+05:30,293.8,294.1,293.8,293.9,25610,
2024-02-07 13:33:00+05:30,293.8,294.1,293.75,294.1,20784,
2024-02-07 13:34:00+05:30,294.1,294.1,293.95,294,14340,
2024-02-07 13:35:00+05:30,294.05,294.25,294,294.25,28814,
2024-02-07 13:36:00+05:30,294.2,294.55,294.2,294.45,32560,
2024-02-07 13:37:00+05:30,294.55,294.65,294.45,294.55,60160,
2024-02-07 13:38:00+05:30,294.55,294.55,294.35,294.5,18588,
2024-02-07 13:39:00+05:30,294.35,294.5,294.35,294.4,16340,
2024-02-07 13:40:00+05:30,294.4,294.55,294.35,294.55,28502,
2024-02-07 13:41:00+05:30,294.55,294.55,294.55,294.55,20000,
2024-02-07 13:42:00+05:30,294.55,294.55,294.35,294.45,28704,
2024-02-07 13:43:00+05:30,294.4,294.55,294.3,294.45,83070,
2024-02-07 13:44:00+05:30,294.55,294.55,293.95,294.1,88214,
2024-02-07 13:45:00+05:30,294.05,294.2,293.75,293.75,27526,
2024-02-07 13:46:00+05:30,293.8,293.8,293.5,293.75,40362,
2024-02-07 13:47:00+05:30,293.7,294,293.65,293.75,14508,
2024-02-07 13:48:00+05:30,293.7,293.9,293.6,293.7,32994,
2024-02-07 13:49:00+05:30,293.6,294.25,293.4,293.9,466948,
2024-02-07 13:50:00+05:30,293.9,294.2,293.9,294.1,24130,
2024-02-07 13:51:00+05:30,294.1,294.3,294,294,35832,
2024-02-07 13:52:00+05:30,294.1,294.1,293.95,294,28116,
2024-02-07 13:53:00+05:30,294,294.1,293.9,294,22518,
2024-02-07 13:54:00+05:30,294,294,293.65,293.75,20564,
2024-02-07 13:55:00+05:30,293.8,293.85,293.7,293.8,20464,
2024-02-07 13:56:00+05:30,293.85,293.9,293.65,293.75,43068,
2024-02-07 13:57:00+05:30,293.75,293.75,293.6,293.7,19004,
2024-02-07 13:58:00+05:30,293.7,293.8,293.55,293.8,40308,
2024-02-07 13:59:00+05:30,293.8,293.8,293.45,293.45,57536,
2024-02-07 14:00:00+05:30,293.45,293.55,293.45,293.5,40614,
2024-02-07 14:01:00+05:30,293.55,293.55,293.45,293.5,13816,
2024-02-07 14:02:00+05:30,293.5,293.5,293.4,293.45,18302,
2024-02-07 14:03:00+05:30,293.4,293.55,293,293,42712,
2024-02-07 14:04:00+05:30,293.1,293.5,293,293.3,164644,
2024-02-07 14:05:00+05:30,293.3,293.3,292.95,293.05,72356,
2024-02-07 14:06:00+05:30,293.1,293.3,293.1,293.1,45928,
2024-02-07 14:07:00+05:30,293.1,293.1,292.8,292.85,118154,
2024-02-07 14:08:00+05:30,292.8,293.25,292.8,293.2,81508,
2024-02-07 14:09:00+05:30,293.2,293.3,292.85,292.9,53522,
2024-02-07 14:10:00+05:30,292.85,292.9,292.7,292.8,48492,
2024-02-07 14:11:00+05:30,292.7,292.9,292.7,292.9,34520,
2024-02-07 14:12:00+05:30,292.9,293,292.75,292.9,37854,
2024-02-07 14:13:00+05:30,292.85,292.9,292.7,292.75,22254,
2024-02-07 14:14:00+05:30,292.7,292.8,292.7,292.7,18530,
2024-02-07 14:15:00+05:30,292.7,292.9,292.7,292.8,21444,
2024-02-07 14:16:00+05:30,292.8,292.8,292.55,292.55,41414,
2024-02-07 14:17:00+05:30,292.45,292.55,292.2,292.25,65838,
2024-02-07 14:18:00+05:30,292.2,292.9,292.2,292.9,63866,
2024-02-07 14:19:00+05:30,292.8,293.1,292.7,292.9,49712,
2024-02-07 14:20:00+05:30,292.9,293.4,292.85,293.2,57188,
2024-02-07 14:21:00+05:30,293.1,293.4,293.05,293.2,47998,
2024-02-07 14:22:00+05:30,293.1,293.2,292.8,293,62544,
2024-02-07 14:23:00+05:30,292.95,293.3,292.95,293.15,35464,
2024-02-07 14:24:00+05:30,293.1,293.5,293.1,293.5,52654,
2024-02-07 14:25:00+05:30,293.35,294.1,293.35,294.1,117648,
2024-02-07 14:26:00+05:30,294,294.25,293.9,294.1,64790,
2024-02-07 14:27:00+05:30,294.1,294.15,293.55,293.8,43360,
2024-02-07 14:28:00+05:30,293.7,293.7,293.2,293.6,66284,
2024-02-07 14:29:00+05:30,293.6,293.7,293.1,293.5,52842,
2024-02-07 14:30:00+05:30,293.4,293.65,293.2,293.2,141646,
2024-02-07 14:31:00+05:30,293.2,293.3,293,293.05,36382,
2024-02-07 14:32:00+05:30,293.2,293.55,293,293.25,45120,
2024-02-07 14:33:00+05:30,293.25,293.5,293,293.1,23904,
2024-02-07 14:34:00+05:30,293.1,293.1,292.3,292.35,381970,
2024-02-07 14:35:00+05:30,292.55,292.6,292.2,292.55,75738,
2024-02-07 14:36:00+05:30,292.55,292.9,292.45,292.55,39966,
2024-02-07 14:37:00+05:30,292.65,292.65,292.3,292.45,55408,
2024-02-07 14:38:00+05:30,292.55,292.55,292.15,292.15,30264,
2024-02-07 14:39:00+05:30,292.1,292.4,291.85,292.35,62790,
2024-02-07 14:40:00+05:30,292.45,292.55,292.05,292.5,48956,
2024-02-07 14:41:00+05:30,292.5,292.55,292.15,292.35,62634,
2024-02-07 14:42:00+05:30,292.45,292.7,292.3,292.65,50194,
2024-02-07 14:43:00+05:30,292.6,292.65,291.85,292.15,88124,
2024-02-07 14:44:00+05:30,292.25,292.45,292.15,292.25,19664,
2024-02-07 14:45:00+05:30,292.25,292.35,291.7,292,40754,
2024-02-07 14:46:00+05:30,291.85,292.05,291.85,292.05,39772,
2024-02-07 14:47:00+05:30,292.05,292.15,292.05,292.05,36388,
2024-02-07 14:48:00+05:30,292.05,292.05,291.85,291.85,27250,
2024-02-07 14:49:00+05:30,291.9,292.15,291.65,291.8,82742,
2024-02-07 14:50:00+05:30,291.8,292.15,291.65,291.95,47514,
2024-02-07 14:51:00+05:30,291.95,292.1,291.85,291.95,56220,
2024-02-07 14:52:00+05:30,292,292.15,291.95,292.15,76306,
2024-02-07 14:53:00+05:30,292.15,292.55,292,292.45,80100,
2024-02-07 14:54:00+05:30,292.45,292.7,292.45,292.55,62582,
2024-02-07 14:55:00+05:30,292.55,292.65,292.45,292.55,33134,
2024-02-07 14:56:00+05:30,292.55,292.65,292.55,292.55,29340,
2024-02-07 14:57:00+05:30,292.55,292.55,292.5,292.55,57956,
2024-02-07 14:58:00+05:30,292.55,292.55,292.15,292.35,37374,
2024-02-07 14:59:00+05:30,292.3,292.45,291.75,291.85,105066,
2024-02-07 15:00:00+05:30,291.85,292.25,291.65,292.25,111622,
2024-02-07 15:01:00+05:30,292.25,292.25,291.65,291.85,58586,
2024-02-07 15:02:00+05:30,291.85,292,291.45,291.65,98426,
2024-02-07 15:03:00+05:30,291.6,291.85,291.55,291.75,90446,
2024-02-07 15:04:00+05:30,291.7,291.85,291.65,291.75,69528,
2024-02-07 15:05:00+05:30,291.65,291.85,291.65,291.75,47720,
2024-02-07 15:06:00+05:30,291.7,291.75,291.65,291.65,63362,
2024-02-07 15:07:00+05:30,291.7,291.8,291.4,291.75,117514,
2024-02-07 15:08:00+05:30,291.75,292.1,291.75,291.9,78264,
2024-02-07 15:09:00+05:30,291.85,291.9,291.7,291.8,55132,
2024-02-07 15:10:00+05:30,291.8,291.85,291.75,291.75,89726,
2024-02-07 15:11:00+05:30,291.8,291.85,291.65,291.65,54480,
2024-02-07 15:12:00+05:30,291.65,291.65,291.45,291.55,112260,
2024-02-07 15:13:00+05:30,291.6,291.65,291.45,291.5,51496,
2024-02-07 15:14:00+05:30,291.5,291.55,291.45,291.5,78474,
2024-02-07 15:15:00+05:30,291.55,291.55,291.15,291.35,137658,
2024-02-07 15:16:00+05:30,291.65,291.65,291.25,291.35,132556,
2024-02-07 15:17:00+05:30,291.35,291.45,291.15,291.25,92712,
2024-02-07 15:18:00+05:30,291.25,291.45,291,291.15,172798,
2024-02-07 15:19:00+05:30,291.05,291.55,291.05,291.55,87524,
2024-02-07 15:20:00+05:30,291.55,291.55,291.15,291.15,134478,
2024-02-07 15:21:00+05:30,291.1,291.55,291.05,291.5,195652,
2024-02-07 15:22:00+05:30,291.45,291.6,291.45,291.5,50134,
2024-02-07 15:23:00+05:30,291.5,291.7,291.35,291.65,176238,
2024-02-07 15:24:00+05:30,291.65,291.9,291.65,291.85,116612,
2024-02-07 15:25:00+05:30,291.85,292.55,291.75,292.25,102700,
2024-02-07 15:26:00+05:30,292.25,292.55,292.25,292.45,94100,
2024-02-07 15:27:00+05:30,292.45,292.65,292.25,292.45,76830,
2024-02-07 15:28:00+05:30,292.45,292.65,292.15,292.55,80060,
2024-02-07 15:29:00+05:30,292.55,293.4,292.55,293.1,79114,
2024-02-08 09:15:00+05:30,294.55,297.35,293.8,296.4,389044,
2024-02-08 09:16:00+05:30,296.35,297.7,296,297.45,204214,
2024-02-08 09:17:00+05:30,297.35,298.75,297.35,298.45,335306,
2024-02-08 09:18:00+05:30,298.6,299.4,298.05,298.4,357508,
2024-02-08 09:19:00+05:30,298.35,298.65,297.35,297.75,274770,
2024-02-08 09:20:00+05:30,297.85,299.1,297.85,299.1,211134,
2024-02-08 09:21:00+05:30,299.3,301.1,299.1,301,626534,
2024-02-08 09:22:00+05:30,301.2,301.2,299.75,300.05,364732,
2024-02-08 09:23:00+05:30,300.2,300.5,299.2,299.8,232522,
2024-02-08 09:24:00+05:30,299.85,301.85,299.75,301.3,606960,
2024-02-08 09:25:00+05:30,301.45,303.05,300.95,303,959128,
2024-02-08 09:26:00+05:30,303,303.6,301.95,302.2,685018,
2024-02-08 09:27:00+05:30,302.2,302.7,301.65,301.85,344008,
2024-02-08 09:28:00+05:30,302,302,300.9,301.15,248206,
2024-02-08 09:29:00+05:30,301,301.25,299.7,299.8,351662,
2024-02-08 09:30:00+05:30,299.85,300.4,299.5,299.8,243770,
2024-02-08 09:31:00+05:30,299.6,300,298.55,298.9,269362,
2024-02-08 09:32:00+05:30,298.9,298.9,298.05,298.25,212744,
2024-02-08 09:33:00+05:30,298.05,299.25,297.85,298.9,243452,
2024-02-08 09:34:00+05:30,298.9,299.7,298.35,299.6,116130,
2024-02-08 09:35:00+05:30,299.5,299.7,299.15,299.3,111950,
2024-02-08 09:36:00+05:30,299.4,299.6,299,299.4,172944,
2024-02-08 09:37:00+05:30,299.2,300,299.1,299.35,130064,
2024-02-08 09:38:00+05:30,299.3,299.9,299.15,299.8,82236,
2024-02-08 09:39:00+05:30,299.7,299.9,299.45,299.8,66074,
2024-02-08 09:40:00+05:30,299.8,299.9,299.15,299.3,107354,
2024-02-08 09:41:00+05:30,299.15,299.6,299.1,299.5,68272,
2024-02-08 09:42:00+05:30,299.5,299.5,299.1,299.4,43418,
2024-02-08 09:43:00+05:30,299.3,299.3,298.85,299.1,84014,
2024-02-08 09:44:00+05:30,299.15,299.55,299.05,299.4,55638,
2024-02-08 09:45:00+05:30,299.4,299.9,299.35,299.85,51710,
2024-02-08 09:46:00+05:30,299.7,300.75,299.7,300.5,199530,
2024-02-08 09:47:00+05:30,300.65,301.6,300.5,301.45,190732,
2024-02-08 09:48:00+05:30,301.1,301.45,300,300.2,134194,
2024-02-08 09:49:00+05:30,300.25,300.75,300.2,300.35,68446,
2024-02-08 09:50:00+05:30,300.25,301.1,300.1,300.9,68972,
2024-02-08 09:51:00+05:30,301,301,300.5,300.5,61454,
2024-02-08 09:52:00+05:30,300.5,300.85,300.5,300.75,37630,
2024-02-08 09:53:00+05:30,300.55,300.75,300.2,300.2,63324,
2024-02-08 09:54:00+05:30,300.2,300.55,300.15,300.4,62814,
2024-02-08 09:55:00+05:30,300.5,300.8,300.15,300.15,68788,
2024-02-08 09:56:00+05:30,300.2,300.4,300.1,300.2,52096,
2024-02-08 09:57:00+05:30,300.2,301.1,300.2,301.1,99994,
2024-02-08 09:58:00+05:30,301.05,301.3,300.95,301.05,66014,
2024-02-08 09:59:00+05:30,300.95,301.05,300.5,300.95,58636,
2024-02-08 10:00:00+05:30,300.95,301.25,300.75,301.25,80788,
2024-02-08 10:01:00+05:30,301.2,301.25,300.85,300.95,48928,
2024-02-08 10:02:00+05:30,300.9,301.35,300.65,300.9,119564,
2024-02-08 10:03:00+05:30,300.85,301,300.7,300.85,32960,
2024-02-08 10:04:00+05:30,300.85,301.25,300.75,301.15,41310,
2024-02-08 10:05:00+05:30,301.25,301.25,300.85,301.05,36894,
2024-02-08 10:06:00+05:30,301.05,301.15,300.7,301.05,62698,
2024-02-08 10:07:00+05:30,301.05,301.15,300.7,301,34158,
2024-02-08 10:08:00+05:30,301.05,301.65,300.85,301.55,162520,
2024-02-08 10:09:00+05:30,301.55,301.85,300.65,300.8,183276,
2024-02-08 10:10:00+05:30,300.85,301.25,300.55,301.1,132952,
2024-02-08 10:11:00+05:30,301.1,301.25,300.65,300.85,67462,
2024-02-08 10:12:00+05:30,301,301.6,300.85,301.6,144488,
2024-02-08 10:13:00+05:30,301.55,301.6,301.15,301.25,97870,
2024-02-08 10:14:00+05:30,301.35,302.55,301.3,302.55,239466,
2024-02-08 10:15:00+05:30,302.5,303,301.4,301.65,369156,
2024-02-08 10:16:00+05:30,301.65,302.1,301.55,301.6,125016,
2024-02-08 10:17:00+05:30,301.6,301.65,301.1,301.35,110560,
2024-02-08 10:18:00+05:30,301.25,301.75,301.15,301.45,72310,
2024-02-08 10:19:00+05:30,301.4,301.75,301.4,301.55,56750,
2024-02-08 10:20:00+05:30,301.6,302.1,301.45,302.05,106448,
2024-02-08 10:21:00+05:30,302.05,302.2,301.65,302.05,63614,
2024-02-08 10:22:00+05:30,301.85,302.05,301.5,301.55,62496,
2024-02-08 10:23:00+05:30,301.55,301.95,301.55,301.75,53994,
2024-02-08 10:24:00+05:30,301.85,302.2,301.75,302.1,85746,
2024-02-08 10:25:00+05:30,302.05,302.4,301.85,302.05,104850,
2024-02-08 10:26:00+05:30,302.05,302.3,301.9,302.15,56178,
2024-02-08 10:27:00+05:30,302.3,302.5,302.1,302.3,88954,
2024-02-08 10:28:00+05:30,302.3,302.4,302.1,302.25,55626,
2024-02-08 10:29:00+05:30,302.25,302.3,301.45,301.45,93728,
2024-02-08 10:30:00+05:30,301.45,301.65,301.15,301.25,73702,
2024-02-08 10:31:00+05:30,301.2,302.05,301.2,302,66116,
2024-02-08 10:32:00+05:30,302,302.05,301.55,301.85,46494,
2024-02-08 10:33:00+05:30,301.85,302.6,301.55,302.45,120196,
2024-02-08 10:34:00+05:30,302.6,302.6,302.05,302.2,48880,
2024-02-08 10:35:00+05:30,302.2,302.3,302.05,302.3,66002,
2024-02-08 10:36:00+05:30,302.2,302.65,302.2,302.5,73144,
2024-02-08 10:37:00+05:30,302.5,303,302.35,302.7,149630,
2024-02-08 10:38:00+05:30,302.7,302.8,302.6,302.75,104350,
2024-02-08 10:39:00+05:30,302.8,302.8,302.45,302.7,53016,
2024-02-08 10:40:00+05:30,302.7,302.7,301.95,302.15,81704,
2024-02-08 10:41:00+05:30,302.1,302.2,300.7,300.8,184294,
2024-02-08 10:42:00+05:30,300.95,300.95,300.1,300.4,210454,
2024-02-08 10:43:00+05:30,300.3,300.5,300.15,300.4,106502,
2024-02-08 10:44:00+05:30,300.55,301.25,300.4,301.15,90618,
2024-02-08 10:45:00+05:30,301.1,301.55,300.7,301.45,72052,
2024-02-08 10:46:00+05:30,301.75,301.8,301.1,301.75,53060,
2024-02-08 10:47:00+05:30,301.9,302,301.15,301.15,79756,
2024-02-08 10:48:00+05:30,301.05,301.65,301.05,301.55,36096,
2024-02-08 10:49:00+05:30,301.45,301.75,301.35,301.45,26128,
2024-02-08 10:50:00+05:30,301.35,301.5,301.25,301.5,32656,
2024-02-08 10:51:00+05:30,301.35,301.55,300.95,301.05,36846,
2024-02-08 10:52:00+05:30,301.1,301.25,300.65,300.75,49786,
2024-02-08 10:53:00+05:30,300.75,301,300.75,300.85,39344,
2024-02-08 10:54:00+05:30,300.85,301.05,300.75,300.85,46322,
2024-02-08 10:55:00+05:30,300.85,301.15,300.65,300.65,34302,
2024-02-08 10:56:00+05:30,300.65,300.85,300.3,300.3,50558,
2024-02-08 10:57:00+05:30,300.3,300.5,299.5,299.5,115698,
2024-02-08 10:58:00+05:30,299.5,299.6,298.7,299,139280,
2024-02-08 10:59:00+05:30,298.85,299.25,298.6,298.65,100508,
2024-02-08 11:00:00+05:30,298.5,299.4,298.5,299.2,88652,
2024-02-08 11:01:00+05:30,299.3,299.6,299.05,299.6,40130,
2024-02-08 11:02:00+05:30,299.65,300.25,299.45,299.7,51704,
2024-02-08 11:03:00+05:30,299.7,299.7,299.1,299.2,126520,
2024-02-08 11:04:00+05:30,299.1,299.3,298.15,298.85,164730,
2024-02-08 11:05:00+05:30,298.85,299.1,297.95,298.15,315602,
2024-02-08 11:06:00+05:30,298,298.9,297.95,298.85,136212,
2024-02-08 11:07:00+05:30,298.65,298.9,298.45,298.75,64010,
2024-02-08 11:08:00+05:30,298.75,299,298.35,298.7,72182,
2024-02-08 11:09:00+05:30,298.55,298.85,298.1,298.2,57508,
2024-02-08 11:10:00+05:30,298.2,298.25,298,298.1,48194,
2024-02-08 11:11:00+05:30,298.1,298.9,298,298.75,55648,
2024-02-08 11:12:00+05:30,298.75,299.6,298.75,299.4,74916,
2024-02-08 11:13:00+05:30,299.5,299.7,299.2,299.2,48290,
2024-02-08 11:14:00+05:30,299.2,299.3,298.65,299,31558,
2024-02-08 11:15:00+05:30,299.1,299.1,298.6,298.85,48954,
2024-02-08 11:16:00+05:30,298.9,298.9,298.45,298.45,43106,
2024-02-08 11:17:00+05:30,298.55,298.85,298.1,298.35,46640,
2024-02-08 11:18:00+05:30,298.45,299.25,298.45,299,65650,
2024-02-08 11:19:00+05:30,299,299.1,298.55,298.75,52244,
2024-02-08 11:20:00+05:30,298.85,299.1,298.55,298.55,39766,
2024-02-08 11:21:00+05:30,298.75,299,298.6,298.9,20422,
2024-02-08 11:22:00+05:30,298.9,298.9,298.35,298.7,37018,
2024-02-08 11:23:00+05:30,298.75,298.75,298.45,298.75,24878,
2024-02-08 11:24:00+05:30,298.65,299,298.6,298.9,30040,
2024-02-08 11:25:00+05:30,298.9,299.1,298.8,299.1,33796,
2024-02-08 11:26:00+05:30,299,299.4,298.9,299.3,56416,
2024-02-08 11:27:00+05:30,299.25,299.6,299.25,299.4,67654,
2024-02-08 11:28:00+05:30,299.3,299.8,299.05,299.7,54736,
2024-02-08 11:29:00+05:30,299.7,300.1,299.7,300.05,55892,
2024-02-08 11:30:00+05:30,300.05,300.2,299.9,300.1,66578,
2024-02-08 11:31:00+05:30,300.1,300.85,300.1,300.5,122748,
2024-02-08 11:32:00+05:30,300.65,301.75,300.4,301.55,160812,
2024-02-08 11:33:00+05:30,301.45,301.55,300.85,301.05,95454,
2024-02-08 11:34:00+05:30,301.1,301.25,300.4,300.55,84738,
2024-02-08 11:35:00+05:30,300.4,300.85,300.35,300.55,48258,
2024-02-08 11:36:00+05:30,300.45,300.7,300.15,300.5,31684,
2024-02-08 11:37:00+05:30,300.4,300.85,300.3,300.8,43780,
2024-02-08 11:38:00+05:30,300.85,300.95,300.6,300.95,45476,
2024-02-08 11:39:00+05:30,300.8,301.25,300.8,301.25,40870,
2024-02-08 11:40:00+05:30,301.25,301.4,300.95,300.95,55976,
2024-02-08 11:41:00+05:30,300.95,301,300.5,300.85,42846,
2024-02-08 11:42:00+05:30,300.75,301.65,300.7,301.65,55014,
2024-02-08 11:43:00+05:30,301.65,302.05,301.6,301.85,119338,
2024-02-08 11:44:00+05:30,301.65,301.85,301.45,301.85,50450,
2024-02-08 11:45:00+05:30,301.85,301.85,301.1,301.25,36700,
2024-02-08 11:46:00+05:30,301.25,301.35,300.85,301.25,31126,
2024-02-08 11:47:00+05:30,301.3,301.7,301.25,301.45,29068,
2024-02-08 11:48:00+05:30,301.45,301.7,301.15,301.65,39034,
2024-02-08 11:49:00+05:30,301.6,301.65,301.35,301.5,24122,
2024-02-08 11:50:00+05:30,301.55,301.85,301.35,301.35,53546,
2024-02-08 11:51:00+05:30,301.35,301.95,301.35,301.8,42666,
2024-02-08 11:52:00+05:30,301.85,302.3,301.8,302.25,124746,
2024-02-08 11:53:00+05:30,302.3,302.3,302.05,302.1,34330,
2024-02-08 11:54:00+05:30,302.1,302.3,302.05,302.2,85266,
2024-02-08 11:55:00+05:30,302.1,302.2,301.65,302.1,124518,
2024-02-08 11:56:00+05:30,302.1,302.2,301.85,302.1,72340,
2024-02-08 11:57:00+05:30,302.1,302.35,301.95,302.15,34530,
2024-02-08 11:58:00+05:30,302.15,302.55,302.05,302.4,52830,
2024-02-08 11:59:00+05:30,302.4,302.5,302.15,302.2,46246,
2024-02-08 12:00:00+05:30,302.3,302.8,302.2,302.6,223864,
2024-02-08 12:01:00+05:30,302.7,303.5,302.55,303.4,196208,
2024-02-08 12:02:00+05:30,303.35,304.2,303.35,304.1,327508,
2024-02-08 12:03:00+05:30,304.05,304.05,303.45,303.55,162770,
2024-02-08 12:04:00+05:30,303.75,304.15,303.55,303.75,147964,
2024-02-08 12:05:00+05:30,303.85,304,303.6,303.6,88664,
2024-02-08 12:06:00+05:30,303.65,303.9,303.6,303.8,54372,
2024-02-08 12:07:00+05:30,303.9,304.1,303.65,303.75,98208,
2024-02-08 12:08:00+05:30,303.7,303.9,303.2,303.3,85316,
2024-02-08 12:09:00+05:30,303.2,303.4,302.8,303.15,68216,
2024-02-08 12:10:00+05:30,303.15,303.2,302.6,302.6,65178,
2024-02-08 12:11:00+05:30,302.8,302.95,302.6,302.65,80428,
2024-02-08 12:12:00+05:30,302.6,303.2,302.6,302.95,49650,
2024-02-08 12:13:00+05:30,302.95,303.5,302.95,303.4,44988,
2024-02-08 12:14:00+05:30,303.4,303.5,303.3,303.5,24006,
2024-02-08 12:15:00+05:30,303.5,303.65,303.4,303.65,108484,
2024-02-08 12:16:00+05:30,303.55,303.75,303.2,303.3,105136,
2024-02-08 12:17:00+05:30,303.3,303.5,303.2,303.4,24584,
2024-02-08 12:18:00+05:30,303.5,303.5,303.25,303.25,36596,
2024-02-08 12:19:00+05:30,303.2,303.2,302.75,302.75,98398,
2024-02-08 12:20:00+05:30,302.75,303,302.3,302.35,71856,
2024-02-08 12:21:00+05:30,302.5,302.5,302.1,302.35,113280,
2024-02-08 12:22:00+05:30,302.35,302.45,301.9,301.95,60988,
2024-02-08 12:23:00+05:30,301.95,302.05,301.45,301.85,87670,
2024-02-08 12:24:00+05:30,301.85,302.35,301.75,302.2,57372,
2024-02-08 12:25:00+05:30,302.2,302.6,302.05,302.6,41822,
2024-02-08 12:26:00+05:30,302.6,302.6,302.25,302.3,35340,
2024-02-08 12:27:00+05:30,302.3,302.3,302.05,302.2,22094,
2024-02-08 12:28:00+05:30,302.2,302.5,302.2,302.3,27372,
2024-02-08 12:29:00+05:30,302.35,302.5,302.05,302.2,21826,
2024-02-08 12:30:00+05:30,302.2,302.4,302.05,302.3,18462,
2024-02-08 12:31:00+05:30,302.1,302.8,302.1,302.4,103062,
2024-02-08 12:32:00+05:30,302.5,302.7,302.2,302.5,30600,
2024-02-08 12:33:00+05:30,302.55,303.1,302.5,302.95,83822,
2024-02-08 12:34:00+05:30,303.1,303.2,302.85,302.9,33088,
2024-02-08 12:35:00+05:30,303.1,303.1,302.65,302.8,45738,
2024-02-08 12:36:00+05:30,302.8,303.1,302.8,303.1,29696,
2024-02-08 12:37:00+05:30,303.1,303.1,302.95,303.05,27480,
2024-02-08 12:38:00+05:30,303.05,303.2,302.95,303.1,22940,
2024-02-08 12:39:00+05:30,303.1,303.1,302.85,303,24896,
2024-02-08 12:40:00+05:30,303,303.1,302.8,302.8,37198,
2024-02-08 12:41:00+05:30,302.8,303,302.8,303,20042,
2024-02-08 12:42:00+05:30,303,303.05,302.8,302.85,29108,
2024-02-08 12:43:00+05:30,302.9,303,302.6,302.7,65454,
2024-02-08 12:44:00+05:30,302.7,302.7,302.65,302.7,17854,
2024-02-08 12:45:00+05:30,302.65,302.8,302.2,302.3,51002,
2024-02-08 12:46:00+05:30,302.3,302.45,302.2,302.3,33808,
2024-02-08 12:47:00+05:30,302.35,302.4,302.15,302.4,19780,
2024-02-08 12:48:00+05:30,302.4,302.4,302.05,302.2,31130,
2024-02-08 12:49:00+05:30,302.1,302.35,302.1,302.3,16732,
2024-02-08 12:50:00+05:30,302.3,302.7,302.3,302.4,17934,
2024-02-08 12:51:00+05:30,302.4,302.4,302.05,302.3,37804,
2024-02-08 12:52:00+05:30,302.4,302.4,302.05,302.3,47822,
2024-02-08 12:53:00+05:30,302.3,302.3,302.1,302.3,26516,
2024-02-08 12:54:00+05:30,302.3,302.75,302.3,302.75,96808,
2024-02-08 12:55:00+05:30,302.6,302.7,301.75,302.05,85488,
2024-02-08 12:56:00+05:30,302.05,302.35,302,302.2,18584,
2024-02-08 12:57:00+05:30,302.2,302.25,302,302.05,23316,
2024-02-08 12:58:00+05:30,302.1,302.15,302.05,302.1,21676,
2024-02-08 12:59:00+05:30,302.1,302.2,302.05,302.2,20298,
2024-02-08 13:00:00+05:30,302.2,302.3,302.1,302.25,20306,
2024-02-08 13:01:00+05:30,302.3,302.3,301.55,301.55,34990,
2024-02-08 13:02:00+05:30,301.65,301.95,301.55,301.75,45524,
2024-02-08 13:03:00+05:30,301.7,301.85,301.5,301.55,30940,
2024-02-08 13:04:00+05:30,301.5,301.85,301.45,301.75,60344,
2024-02-08 13:05:00+05:30,301.75,302,301.6,302,18698,
2024-02-08 13:06:00+05:30,302,302.3,301.95,302.15,18954,
2024-02-08 13:07:00+05:30,302.2,302.2,302.05,302.1,21620,
2024-02-08 13:08:00+05:30,302.2,302.2,302.1,302.1,12016,
2024-02-08 13:09:00+05:30,302.1,302.3,302.1,302.25,16798,
2024-02-08 13:10:00+05:30,302.3,302.3,301.75,301.75,126386,
2024-02-08 13:11:00+05:30,301.85,302.2,301.7,301.8,72096,
2024-02-08 13:12:00+05:30,301.85,301.95,301.4,301.9,96634,
2024-02-08 13:13:00+05:30,301.95,301.95,301.6,301.65,38610,
2024-02-08 13:14:00+05:30,301.65,301.8,301.6,301.65,24442,
2024-02-08 13:15:00+05:30,301.65,301.75,301.5,301.55,19872,
2024-02-08 13:16:00+05:30,301.65,301.65,301.4,301.6,18724,
2024-02-08 13:17:00+05:30,301.6,301.65,301.4,301.5,13980,
2024-02-08 13:18:00+05:30,301.5,301.55,301,301.15,50150,
2024-02-08 13:19:00+05:30,301.05,301.35,300.9,300.95,56466,
2024-02-08 13:20:00+05:30,300.95,301.15,300.95,301.05,20728,
2024-02-08 13:21:00+05:30,301.05,301.05,300.5,300.6,99816,
2024-02-08 13:22:00+05:30,300.6,300.85,300.4,300.65,122152,
2024-02-08 13:23:00+05:30,300.65,300.8,300.2,300.4,127722,
2024-02-08 13:24:00+05:30,300.4,300.55,300.3,300.4,42522,
2024-02-08 13:25:00+05:30,300.4,300.5,300.15,300.45,55090,
2024-02-08 13:26:00+05:30,300.45,300.5,300.2,300.5,66314,
2024-02-08 13:27:00+05:30,300.45,301.05,300.4,301.05,50736,
2024-02-08 13:28:00+05:30,301.05,301.4,301,301.35,30368,
2024-02-08 13:29:00+05:30,301.35,301.55,301.25,301.45,33596,
2024-02-08 13:30:00+05:30,301.55,301.85,301.05,301.2,51684,
2024-02-08 13:31:00+05:30,301.35,301.65,301.1,301.55,34982,
2024-02-08 13:32:00+05:30,301.4,301.55,301.35,301.45,21024,
2024-02-08 13:33:00+05:30,301.5,301.55,301.35,301.35,22002,
2024-02-08 13:34:00+05:30,301.35,301.5,301.25,301.45,19042,
2024-02-08 13:35:00+05:30,301.35,301.55,301.35,301.45,17484,
2024-02-08 13:36:00+05:30,301.35,301.45,301.25,301.3,16496,
2024-02-08 13:37:00+05:30,301.35,301.55,301.3,301.45,21054,
2024-02-08 13:38:00+05:30,301.45,301.65,301.35,301.6,22774,
2024-02-08 13:39:00+05:30,301.65,301.65,300.9,301.45,59134,
2024-02-08 13:40:00+05:30,301.55,301.6,301.25,301.6,24918,
2024-02-08 13:41:00+05:30,301.6,301.75,301.45,301.75,35906,
2024-02-08 13:42:00+05:30,301.75,301.75,301.35,301.55,33694,
2024-02-08 13:43:00+05:30,301.55,301.55,301.25,301.45,37728,
2024-02-08 13:44:00+05:30,301.55,301.8,301.45,301.8,18270,
2024-02-08 13:45:00+05:30,301.75,302.4,301.65,302.4,87128,
2024-02-08 13:46:00+05:30,302.5,303.05,302.35,302.85,120280,
2024-02-08 13:47:00+05:30,302.75,303.55,302.75,303.4,155294,
2024-02-08 13:48:00+05:30,303.4,303.55,302.9,303.4,78100,
2024-02-08 13:49:00+05:30,303.35,303.4,303.05,303.3,56488,
2024-02-08 13:50:00+05:30,303.3,303.4,303.2,303.4,51704,
2024-02-08 13:51:00+05:30,303.45,303.6,303.25,303.25,52132,
2024-02-08 13:52:00+05:30,303.3,303.3,302.5,302.9,58912,
2024-02-08 13:53:00+05:30,302.9,303.5,302.8,303.4,154422,
2024-02-08 13:54:00+05:30,303.55,304,303.4,303.95,138584,
2024-02-08 13:55:00+05:30,303.85,304.15,303.75,304.1,85432,
2024-02-08 13:56:00+05:30,304.05,305.6,304.05,305.55,672782,
2024-02-08 13:57:00+05:30,305.55,306.2,305.25,305.85,304886,
2024-02-08 13:58:00+05:30,305.7,306.7,305.7,306.55,370684,
2024-02-08 13:59:00+05:30,306.55,307.05,306.4,306.8,357816,
2024-02-08 14:00:00+05:30,306.85,307.65,306.3,307.6,616916,
2024-02-08 14:01:00+05:30,307.85,307.85,306.45,306.5,261872,
2024-02-08 14:02:00+05:30,306.6,306.9,306.55,306.65,103840,
2024-02-08 14:03:00+05:30,306.55,306.7,305.7,306.3,138966,
2024-02-08 14:04:00+05:30,306.45,306.45,305.8,306.1,84546,
2024-02-08 14:05:00+05:30,306.1,306.7,305.8,306.7,104152,
2024-02-08 14:06:00+05:30,306.6,307.25,306.5,307.2,114266,
2024-02-08 14:07:00+05:30,307.15,307.65,306.9,307.25,144590,
2024-02-08 14:08:00+05:30,307.35,307.6,306.75,306.75,112134,
2024-02-08 14:09:00+05:30,306.75,306.9,306.6,306.7,87270,
2024-02-08 14:10:00+05:30,306.75,307.05,306.6,306.75,100876,
2024-02-08 14:11:00+05:30,306.75,307.65,306.7,307.55,110548,
2024-02-08 14:12:00+05:30,307.45,307.65,307.35,307.45,125252,
2024-02-08 14:13:00+05:30,307.55,307.55,306.85,307.05,114540,
2024-02-08 14:14:00+05:30,307.05,307.15,306.2,306.3,117272,
2024-02-08 14:15:00+05:30,306.3,306.3,305.4,305.4,205526,
2024-02-08 14:16:00+05:30,305.15,305.15,304.3,305.05,296956,
2024-02-08 14:17:00+05:30,305.15,305.45,304.95,305.2,107702,
2024-02-08 14:18:00+05:30,305.15,306.2,305.15,305.95,130650,
2024-02-08 14:19:00+05:30,306,306,305.1,305.75,119770,
2024-02-08 14:20:00+05:30,305.8,306,305.4,305.8,67898,
2024-02-08 14:21:00+05:30,305.75,306,305.6,305.85,65668,
2024-02-08 14:22:00+05:30,306,306,305.2,305.2,66728,
2024-02-08 14:23:00+05:30,305.4,305.6,305.2,305.4,65124,
2024-02-08 14:24:00+05:30,305.4,305.6,305.3,305.5,74516,
2024-02-08 14:25:00+05:30,305.5,305.5,305.2,305.5,51868,
2024-02-08 14:26:00+05:30,305.5,305.65,304.65,304.7,123010,
2024-02-08 14:27:00+05:30,304.7,305.05,304.45,305.05,54938,
2024-02-08 14:28:00+05:30,305.05,305.2,304.65,304.85,133432,
2024-02-08 14:29:00+05:30,304.85,305,304.35,304.5,80548,
2024-02-08 14:30:00+05:30,304.45,304.85,304.35,304.45,80626,
2024-02-08 14:31:00+05:30,304.45,304.45,303,303,204402,
2024-02-08 14:32:00+05:30,303.2,303.75,303,303.5,102490,
2024-02-08 14:33:00+05:30,303.5,303.6,303.15,303.6,73866,
2024-02-08 14:34:00+05:30,303.6,303.6,303.05,303.2,69720,
2024-02-08 14:35:00+05:30,303.15,303.3,302.5,302.75,115862,
2024-02-08 14:36:00+05:30,302.6,302.75,302.35,302.35,93406,
2024-02-08 14:37:00+05:30,302.45,302.8,302.15,302.7,129120,
2024-02-08 14:38:00+05:30,302.7,302.75,302.3,302.6,53698,
2024-02-08 14:39:00+05:30,302.55,302.6,301.35,302.3,196570,
2024-02-08 14:40:00+05:30,302.1,302.3,301.25,302.05,70090,
2024-02-08 14:41:00+05:30,302.1,302.5,302.1,302.5,72126,
2024-02-08 14:42:00+05:30,302.5,302.6,301.95,302.1,73632,
2024-02-08 14:43:00+05:30,302.1,302.7,302.1,302.7,51740,
2024-02-08 14:44:00+05:30,302.7,302.8,301.85,301.95,100054,
2024-02-08 14:45:00+05:30,301.85,302.4,301.55,301.8,61484,
2024-02-08 14:46:00+05:30,301.8,302.2,301.6,302.2,89574,
2024-02-08 14:47:00+05:30,302.2,302.45,302.05,302.3,71062,
2024-02-08 14:48:00+05:30,302.4,302.65,302.1,302.6,73394,
2024-02-08 14:49:00+05:30,302.7,302.75,302.1,302.6,84800,
2024-02-08 14:50:00+05:30,302.6,302.6,302.2,302.4,43756,
2024-02-08 14:51:00+05:30,302.4,302.6,301.45,301.65,126956,
2024-02-08 14:52:00+05:30,301.7,302.1,301.7,301.9,42076,
2024-02-08 14:53:00+05:30,301.85,301.95,301.35,301.35,93566,
2024-02-08 14:54:00+05:30,301.45,301.55,300.85,300.85,163510,
2024-02-08 14:55:00+05:30,300.85,301.35,300.85,301.2,85736,
2024-02-08 14:56:00+05:30,300.95,301.05,300.55,300.55,108920,
2024-02-08 14:57:00+05:30,300.65,300.85,300.55,300.75,72522,
2024-02-08 14:58:00+05:30,300.7,300.7,300,300.4,182548,
2024-02-08 14:59:00+05:30,300.3,300.5,299.7,300.35,154908,
2024-02-08 15:00:00+05:30,300.55,300.8,300.2,300.2,117028,
2024-02-08 15:01:00+05:30,300.4,300.65,300.2,300.4,96318,
2024-02-08 15:02:00+05:30,300.5,300.5,300,300.35,105732,
2024-02-08 15:03:00+05:30,300.35,300.4,300.1,300.25,122230,
2024-02-08 15:04:00+05:30,300.2,300.5,299.8,300.45,124534,
2024-02-08 15:05:00+05:30,300.5,301,300.3,300.55,140918,
2024-02-08 15:06:00+05:30,300.55,301.2,300.5,301.05,115302,
2024-02-08 15:07:00+05:30,301.05,301.25,300.85,300.95,105564,
2024-02-08 15:08:00+05:30,300.95,301.15,300.65,300.65,69694,
2024-02-08 15:09:00+05:30,300.65,301.1,300.55,300.8,92170,
2024-02-08 15:10:00+05:30,300.9,300.95,300.65,300.65,70450,
2024-02-08 15:11:00+05:30,300.8,300.8,300.75,300.75,81558,
2024-02-08 15:12:00+05:30,300.75,301.1,300.75,300.95,137234,
2024-02-08 15:13:00+05:30,300.85,300.95,300.75,300.95,80130,
2024-02-08 15:14:00+05:30,300.95,300.95,300.65,300.85,116764,
2024-02-08 15:15:00+05:30,300.8,300.85,300.65,300.8,103112,
2024-02-08 15:16:00+05:30,300.85,300.85,300.55,300.75,135644,
2024-02-08 15:17:00+05:30,300.8,300.8,300.5,300.6,118046,
2024-02-08 15:18:00+05:30,300.6,300.6,300.25,300.3,186056,
2024-02-08 15:19:00+05:30,300.4,300.4,300.1,300.3,122902,
2024-02-08 15:20:00+05:30,300.3,300.4,300.1,300.1,163918,
2024-02-08 15:21:00+05:30,300.25,300.95,300.1,300.65,164352,
2024-02-08 15:22:00+05:30,300.8,300.8,300.55,300.7,68908,
2024-02-08 15:23:00+05:30,300.7,300.7,300.6,300.65,79928,
2024-02-08 15:24:00+05:30,300.55,300.75,300.3,300.75,252950,
2024-02-08 15:25:00+05:30,300.75,300.75,300.6,300.75,47494,
2024-02-08 15:26:00+05:30,300.75,300.75,300.7,300.75,47334,
2024-02-08 15:27:00+05:30,300.75,301.2,300.65,301.15,124192,
2024-02-08 15:28:00+05:30,301.2,301.45,300.85,301.25,64180,
2024-02-08 15:29:00+05:30,301.25,302.1,301.1,301.85,86702,
2024-02-09 09:15:00+05:30,301.85,302.05,298.75,300.9,317538,
2024-02-09 09:16:00+05:30,300.9,301.85,300.8,301.5,147712,
2024-02-09 09:17:00+05:30,301,301.35,299.4,299.4,187562,
2024-02-09 09:18:00+05:30,299.7,299.7,296.9,297,247114,
2024-02-09 09:19:00+05:30,297.35,299.5,296.7,299.45,175752,
2024-02-09 09:20:00+05:30,299.2,299.45,298.15,298.25,132300,
2024-02-09 09:21:00+05:30,298.4,298.65,297.55,298.45,93594,
2024-02-09 09:22:00+05:30,298.45,298.45,297.3,297.6,81976,
2024-02-09 09:23:00+05:30,297.65,297.85,297.3,297.55,64248,
2024-02-09 09:24:00+05:30,297.45,297.55,296.8,297,94478,
2024-02-09 09:25:00+05:30,297.1,297.75,296.9,297.1,112244,
2024-02-09 09:26:00+05:30,297.1,297.15,296.2,296.6,119190,
2024-02-09 09:27:00+05:30,296.75,296.75,295.55,296.45,114682,
2024-02-09 09:28:00+05:30,296.35,298.4,296.35,298.4,144494,
2024-02-09 09:29:00+05:30,298.3,298.85,297.75,298.15,109084,
2024-02-09 09:30:00+05:30,298.15,298.2,296.25,296.45,69528,
2024-02-09 09:31:00+05:30,296.45,296.7,295.9,296.3,121734,
2024-02-09 09:32:00+05:30,296.1,296.2,295.2,295.8,215546,
2024-02-09 09:33:00+05:30,295.75,295.8,294.95,295.35,188824,
2024-02-09 09:34:00+05:30,295.2,295.5,294.25,295.45,312594,
2024-02-09 09:35:00+05:30,295.3,295.35,294.1,294.85,145904,
2024-02-09 09:36:00+05:30,294.75,295.25,294.1,295.05,193574,
2024-02-09 09:37:00+05:30,295.1,296,294,294.2,91752,
2024-02-09 09:38:00+05:30,294.1,294.35,293.3,293.5,119582,
2024-02-09 09:39:00+05:30,293.5,293.6,291.45,291.8,302546,
2024-02-09 09:40:00+05:30,291.85,293.55,291.25,293.5,156068,
2024-02-09 09:41:00+05:30,293.35,293.8,292.7,293.2,126880,
2024-02-09 09:42:00+05:30,293.1,294.95,292.9,294.1,106226,
2024-02-09 09:43:00+05:30,294,294.25,293.4,293.5,99298,
2024-02-09 09:44:00+05:30,293.6,294.95,293.6,294.9,73214,
2024-02-09 09:45:00+05:30,294.85,295.25,294.1,294.1,82864,
2024-02-09 09:46:00+05:30,293.8,293.95,292.25,292.8,213986,
2024-02-09 09:47:00+05:30,292.9,293.2,291.7,291.85,172816,
2024-02-09 09:48:00+05:30,291.85,293.1,291.85,293,131334,
2024-02-09 09:49:00+05:30,292.75,293.1,292.45,292.45,45150,
2024-02-09 09:50:00+05:30,292.6,293.8,292.6,292.95,54602,
2024-02-09 09:51:00+05:30,292.95,293.7,292.65,292.65,67716,
2024-02-09 09:52:00+05:30,292.65,292.7,292.25,292.7,65262,
2024-02-09 09:53:00+05:30,292.65,292.7,290.95,290.95,158896,
2024-02-09 09:54:00+05:30,291,291.75,290.7,291.15,185442,
2024-02-09 09:55:00+05:30,291.35,291.85,291.15,291.35,124616,
2024-02-09 09:56:00+05:30,291.5,292,291.15,291.65,108840,
2024-02-09 09:57:00+05:30,291.65,293.5,291.5,292.8,111906,
2024-02-09 09:58:00+05:30,292.9,293.15,291.5,291.6,80084,
2024-02-09 09:59:00+05:30,291.65,292.45,291.6,291.65,84674,
2024-02-09 10:00:00+05:30,291.55,292.55,290.85,291,212760,
2024-02-09 10:01:00+05:30,291.1,291.65,289.15,289.35,1231046,
2024-02-09 10:02:00+05:30,289.3,290,288.65,289.5,383796,
2024-02-09 10:03:00+05:30,289.55,290.65,288.85,290.3,148766,
2024-02-09 10:04:00+05:30,290.1,292.7,290.1,292.65,546142,
2024-02-09 10:05:00+05:30,292.7,293.6,292.5,293.4,129170,
2024-02-09 10:06:00+05:30,293.4,294.45,293.2,294.25,108402,
2024-02-09 10:07:00+05:30,294.35,295,294.25,294.85,101720,
2024-02-09 10:08:00+05:30,295.15,295.15,294.2,294.75,148498,
2024-02-09 10:09:00+05:30,294.65,295.8,294.65,295.55,147830,
2024-02-09 10:10:00+05:30,295.55,295.65,294.3,294.35,79914,
2024-02-09 10:11:00+05:30,294.45,295.3,294.35,295.15,54888,
2024-02-09 10:12:00+05:30,294.9,295.15,294.35,294.75,31588,
2024-02-09 10:13:00+05:30,294.5,294.8,293.7,294.8,61622,
2024-02-09 10:14:00+05:30,294.65,294.9,294.35,294.8,35248,
2024-02-09 10:15:00+05:30,294.9,294.9,293.5,293.6,53914,
2024-02-09 10:16:00+05:30,293.7,293.7,293.1,293.25,46084,
2024-02-09 10:17:00+05:30,293.25,293.5,292.9,293.3,49640,
2024-02-09 10:18:00+05:30,292.9,293.45,292.9,293.4,22268,
2024-02-09 10:19:00+05:30,293.45,293.85,293.15,293.25,26852,
2024-02-09 10:20:00+05:30,293.4,293.5,292.7,293.1,49008,
2024-02-09 10:21:00+05:30,293.3,293.9,293.3,293.5,34438,
2024-02-09 10:22:00+05:30,293.65,294,293.5,293.6,18160,
2024-02-09 10:23:00+05:30,293.5,293.65,293.15,293.3,23290,
2024-02-09 10:24:00+05:30,293.3,293.6,293.1,293.35,25982,
2024-02-09 10:25:00+05:30,293.25,293.45,292.15,292.45,51166,
2024-02-09 10:26:00+05:30,292.45,292.45,291.35,291.35,53462,
2024-02-09 10:27:00+05:30,291.35,292.65,291.2,292.65,100396,
2024-02-09 10:28:00+05:30,292.65,292.8,291.95,292.25,28090,
2024-02-09 10:29:00+05:30,292.25,292.55,291.75,291.9,35148,
2024-02-09 10:30:00+05:30,291.9,292.65,291.85,292.25,40510,
2024-02-09 10:31:00+05:30,292.35,292.35,291.15,291.3,57650,
2024-02-09 10:32:00+05:30,291.15,291.65,290.7,290.7,75606,
2024-02-09 10:33:00+05:30,290.7,290.9,289.8,290.1,146462,
2024-02-09 10:34:00+05:30,289.95,290.3,289.8,289.95,113506,
2024-02-09 10:35:00+05:30,290.1,290.3,289.25,290.2,121014,
2024-02-09 10:36:00+05:30,290,290.3,289.7,290,87128,
2024-02-09 10:37:00+05:30,290.1,290.3,289.25,289.45,122220,
2024-02-09 10:38:00+05:30,289.55,290.3,289.25,290.1,46124,
2024-02-09 10:39:00+05:30,290.1,290.2,289.15,289.25,89898,
2024-02-09 10:40:00+05:30,289.15,291.15,288.75,291.15,122136,
2024-02-09 10:41:00+05:30,291.1,291.35,290.55,291.25,97498,
2024-02-09 10:42:00+05:30,291.15,291.85,290.9,291.75,61058,
2024-02-09 10:43:00+05:30,291.75,291.85,290.8,290.9,61622,
2024-02-09 10:44:00+05:30,290.85,291.1,289.75,289.75,75288,
2024-02-09 10:45:00+05:30,289.9,290,288.6,289.45,159600,
2024-02-09 10:46:00+05:30,289.45,289.7,289,289.25,79978,
2024-02-09 10:47:00+05:30,289.25,289.6,288.95,289.5,44704,
2024-02-09 10:48:00+05:30,289.55,290.6,289.25,289.8,107260,
2024-02-09 10:49:00+05:30,289.8,290.2,289.25,289.35,83178,
2024-02-09 10:50:00+05:30,289.5,289.55,288.85,289.15,61410,
2024-02-09 10:51:00+05:30,289.15,289.55,288.35,288.95,145526,
2024-02-09 10:52:00+05:30,288.95,289.25,288.85,289.05,43320,
2024-02-09 10:53:00+05:30,289.15,289.15,288.35,289,76704,
2024-02-09 10:54:00+05:30,288.85,289.1,288.45,288.45,59646,
2024-02-09 10:55:00+05:30,288.65,288.7,288.3,288.6,58642,
2024-02-09 10:56:00+05:30,288.65,289.95,288.1,289.8,274776,
2024-02-09 10:57:00+05:30,289.85,290,289.25,289.45,37830,
2024-02-09 10:58:00+05:30,289.45,291.3,289.45,291.05,88262,
2024-02-09 10:59:00+05:30,291.15,291.35,290.4,290.4,68258,
2024-02-09 11:00:00+05:30,290.4,291.1,290,290.15,48384,
2024-02-09 11:01:00+05:30,290.3,290.3,289.7,289.8,25050,
2024-02-09 11:02:00+05:30,289.8,289.9,288.85,288.85,39692,
2024-02-09 11:03:00+05:30,288.95,289.15,288.5,288.65,71658,
2024-02-09 11:04:00+05:30,288.65,288.65,287.9,287.9,121078,
2024-02-09 11:05:00+05:30,287.8,288.2,286.95,287.95,218098,
2024-02-09 11:06:00+05:30,288.25,289.6,287.95,289.55,133982,
2024-02-09 11:07:00+05:30,289.55,289.8,289.05,289.45,69744,
2024-02-09 11:08:00+05:30,289.5,290.1,289.35,290.05,71778,
2024-02-09 11:09:00+05:30,290,290.45,289.45,289.65,66412,
2024-02-09 11:10:00+05:30,289.7,289.95,289.55,289.95,31568,
2024-02-09 11:11:00+05:30,290,290.7,289.7,290.4,58598,
2024-02-09 11:12:00+05:30,290.4,290.65,289.95,290.05,64222,
2024-02-09 11:13:00+05:30,290.2,290.6,289.85,290.5,41466,
2024-02-09 11:14:00+05:30,290.6,290.95,290.45,290.5,65112,
2024-02-09 11:15:00+05:30,290.7,291.15,290.5,290.95,57886,
2024-02-09 11:16:00+05:30,291.1,291.1,289.9,290.15,65682,
2024-02-09 11:17:00+05:30,290.1,291.1,290,290.8,65248,
2024-02-09 11:18:00+05:30,290.9,291.15,290.75,290.8,55750,
2024-02-09 11:19:00+05:30,290.9,291.1,290.55,290.6,39262,
2024-02-09 11:20:00+05:30,290.45,290.45,289.8,289.9,33312,
2024-02-09 11:21:00+05:30,289.9,290.2,289.55,290.05,52176,
2024-02-09 11:22:00+05:30,290.05,291.1,289.85,291,36678,
2024-02-09 11:23:00+05:30,290.9,291,290.05,290.15,19852,
2024-02-09 11:24:00+05:30,290.05,290.4,289.85,289.9,21920,
2024-02-09 11:25:00+05:30,289.9,290.7,289.85,290.5,20550,
2024-02-09 11:26:00+05:30,290.7,290.7,289.7,289.8,38468,
2024-02-09 11:27:00+05:30,290,290.2,289.6,289.9,32674,
2024-02-09 11:28:00+05:30,289.9,290.5,289.8,290.4,32948,
2024-02-09 11:29:00+05:30,290.4,291.5,290.3,291.5,86758,
2024-02-09 11:30:00+05:30,291.6,293.1,291.6,292.55,277314,
2024-02-09 11:31:00+05:30,292.6,292.6,292.05,292.15,76110,
2024-02-09 11:32:00+05:30,292.25,292.65,291.75,292.5,33862,
2024-02-09 11:33:00+05:30,292.35,292.4,292,292.15,48316,
2024-02-09 11:34:00+05:30,292.25,292.35,291.55,292.35,37080,
2024-02-09 11:35:00+05:30,292.2,292.35,291.85,291.95,45540,
2024-02-09 11:36:00+05:30,291.85,292.25,291.65,291.7,19870,
2024-02-09 11:37:00+05:30,291.75,292.4,291.75,292.05,44182,
2024-02-09 11:38:00+05:30,292.05,292.4,291.85,291.85,28782,
2024-02-09 11:39:00+05:30,291.9,292.35,291.7,292.3,48212,
2024-02-09 11:40:00+05:30,292.35,293.6,292.15,293,103170,
2024-02-09 11:41:00+05:30,293.1,293.3,292.65,292.9,47064,
2024-02-09 11:42:00+05:30,292.9,293.2,292.05,292.3,50356,
2024-02-09 11:43:00+05:30,292.15,292.7,292.15,292.45,25634,
2024-02-09 11:44:00+05:30,292.35,293.05,292.35,293.05,29630,
2024-02-09 11:45:00+05:30,293.1,294,292.45,292.8,115482,
2024-02-09 11:46:00+05:30,292.95,293.3,292.55,292.7,32606,
2024-02-09 11:47:00+05:30,292.55,293,292.15,292.9,35680,
2024-02-09 11:48:00+05:30,292.9,293.7,292.9,293.35,41600,
2024-02-09 11:49:00+05:30,293.5,294.25,293.4,294.15,66574,
2024-02-09 11:50:00+05:30,294.25,294.45,293.65,293.75,64730,
2024-02-09 11:51:00+05:30,293.75,294.1,293.6,293.9,31920,
2024-02-09 11:52:00+05:30,294,294.1,293.6,293.85,38878,
2024-02-09 11:53:00+05:30,293.85,294,293.45,293.8,36294,
2024-02-09 11:54:00+05:30,293.85,294,293.35,293.85,37794,
2024-02-09 11:55:00+05:30,293.85,294.05,293.65,294.05,18996,
2024-02-09 11:56:00+05:30,294.1,294.8,294.1,294.6,78216,
2024-02-09 11:57:00+05:30,294.75,294.95,294.5,294.75,47484,
2024-02-09 11:58:00+05:30,294.75,294.95,294.2,294.35,49102,
2024-02-09 11:59:00+05:30,294.45,294.7,294.25,294.7,29178,
2024-02-09 12:00:00+05:30,294.6,295.15,294.55,294.7,59806,
2024-02-09 12:01:00+05:30,294.65,294.8,294.25,294.3,27528,
2024-02-09 12:02:00+05:30,294.35,294.4,294.1,294.25,25946,
2024-02-09 12:03:00+05:30,294.25,295.05,294.25,294.8,36200,
2024-02-09 12:04:00+05:30,294.7,295.45,294.55,295.3,43058,
2024-02-09 12:05:00+05:30,295.3,295.8,295.15,295.65,109884,
2024-02-09 12:06:00+05:30,295.65,295.7,294.55,294.8,92294,
2024-02-09 12:07:00+05:30,294.8,295.15,294.35,294.6,77508,
2024-02-09 12:08:00+05:30,294.6,295.25,294.6,295.25,26936,
2024-02-09 12:09:00+05:30,295.15,295.75,295.15,295.6,69188,
2024-02-09 12:10:00+05:30,295.45,296.4,295.45,296.3,93828,
2024-02-09 12:11:00+05:30,296.25,296.35,295.15,295.45,119946,
2024-02-09 12:12:00+05:30,295.45,295.55,294.95,295.4,64024,
2024-02-09 12:13:00+05:30,295.25,295.55,294.65,295.45,66662,
2024-02-09 12:14:00+05:30,295.45,296.1,295.35,295.9,41950,
2024-02-09 12:15:00+05:30,296,296.2,295.7,295.85,66946,
2024-02-09 12:16:00+05:30,296,296.1,295.55,295.65,53938,
2024-02-09 12:17:00+05:30,295.7,296.1,295.55,296,80712,
2024-02-09 12:18:00+05:30,296.15,296.8,296.1,296.6,168728,
2024-02-09 12:19:00+05:30,296.6,296.65,296.25,296.5,58516,
2024-02-09 12:20:00+05:30,296.45,296.8,296.3,296.5,80422,
2024-02-09 12:21:00+05:30,296.3,296.7,296.3,296.4,61390,
2024-02-09 12:22:00+05:30,296.45,296.8,296.45,296.6,56714,
2024-02-09 12:23:00+05:30,296.8,296.9,296.1,296.3,113712,
2024-02-09 12:24:00+05:30,296.3,296.9,296.2,296.8,41854,
2024-02-09 12:25:00+05:30,296.9,297.35,296.8,297.1,83504,
2024-02-09 12:26:00+05:30,297.1,297.45,297.1,297.3,122176,
2024-02-09 12:27:00+05:30,297.25,297.45,297.1,297.45,73590,
2024-02-09 12:28:00+05:30,297.5,297.6,297.3,297.45,96786,
2024-02-09 12:29:00+05:30,297.45,297.75,297.35,297.55,67612,
2024-02-09 12:30:00+05:30,297.65,297.95,297.4,297.65,112448,
2024-02-09 12:31:00+05:30,297.75,297.75,297.2,297.3,58208,
2024-02-09 12:32:00+05:30,297.3,297.55,297.25,297.35,43302,
2024-02-09 12:33:00+05:30,297.35,298.8,297.35,298.45,231620,
2024-02-09 12:34:00+05:30,298.45,299.2,298.25,298.95,89352,
2024-02-09 12:35:00+05:30,298.85,298.95,298.5,298.8,80028,
2024-02-09 12:36:00+05:30,298.85,298.85,298.25,298.25,48614,
2024-02-09 12:37:00+05:30,298.25,298.8,297.35,297.35,262518,
2024-02-09 12:38:00+05:30,297.6,298.85,297.45,298.5,92258,
2024-02-09 12:39:00+05:30,298.65,299.1,298.45,298.75,113212,
2024-02-09 12:40:00+05:30,298.85,299,298.15,298.75,159782,
2024-02-09 12:41:00+05:30,298.65,299.3,298.6,299.3,71976,
2024-02-09 12:42:00+05:30,299.3,300.1,299.3,300.1,202790,
2024-02-09 12:43:00+05:30,300.1,301.15,299.9,300.85,264310,
2024-02-09 12:44:00+05:30,300.85,301.3,300.4,300.85,198390,
2024-02-09 12:45:00+05:30,300.85,302.15,300.55,301.65,388270,
2024-02-09 12:46:00+05:30,301.85,301.85,300.5,300.7,188440,
2024-02-09 12:47:00+05:30,300.75,301.2,299.4,299.6,177726,
2024-02-09 12:48:00+05:30,299.7,300.55,299.7,300.3,142052,
2024-02-09 12:49:00+05:30,300.35,300.55,299.5,299.7,117402,
2024-02-09 12:50:00+05:30,299.75,299.75,298.2,298.35,156970,
2024-02-09 12:51:00+05:30,298.45,298.55,297.95,298.4,135248,
2024-02-09 12:52:00+05:30,298.25,298.25,297.45,297.5,68640,
2024-02-09 12:53:00+05:30,297.5,298.35,297.3,298.35,72526,
2024-02-09 12:54:00+05:30,298.35,298.35,297.3,297.3,70350,
2024-02-09 12:55:00+05:30,297.35,297.6,297.35,297.45,42974,
2024-02-09 12:56:00+05:30,297.45,297.55,297.3,297.35,53150,
2024-02-09 12:57:00+05:30,297.35,297.75,297.1,297.3,68594,
2024-02-09 12:58:00+05:30,297.35,298.3,297.35,298.05,247458,
2024-02-09 12:59:00+05:30,298.05,298.6,297.8,297.85,62100,
2024-02-09 13:00:00+05:30,297.9,298.55,297.75,297.95,75398,
2024-02-09 13:01:00+05:30,297.95,298.25,297.55,297.95,53794,
2024-02-09 13:02:00+05:30,297.95,297.95,297.6,297.7,21616,
2024-02-09 13:03:00+05:30,297.6,297.8,297.55,297.55,36400,
2024-02-09 13:04:00+05:30,297.5,297.75,297.35,297.65,35756,
2024-02-09 13:05:00+05:30,297.45,297.65,297.35,297.6,20676,
2024-02-09 13:06:00+05:30,297.55,297.8,297.3,297.5,64760,
2024-02-09 13:07:00+05:30,297.55,297.95,297.35,297.95,23006,
2024-02-09 13:08:00+05:30,297.95,298.6,297.85,298.45,81864,
2024-02-09 13:09:00+05:30,298.35,298.35,297.75,298.05,36698,
2024-02-09 13:10:00+05:30,298.05,298.4,297.95,298.25,20960,
2024-02-09 13:11:00+05:30,298.25,298.35,297.75,297.75,17192,
2024-02-09 13:12:00+05:30,297.75,297.95,297.45,297.85,24386,
2024-02-09 13:13:00+05:30,297.85,297.85,297.65,297.65,23096,
2024-02-09 13:14:00+05:30,297.75,297.85,297.55,297.55,16722,
2024-02-09 13:15:00+05:30,297.7,297.7,297.35,297.35,32030,
2024-02-09 13:16:00+05:30,297.35,297.7,297.3,297.35,38456,
2024-02-09 13:17:00+05:30,297.35,297.55,297.15,297.15,21788,
2024-02-09 13:18:00+05:30,297.1,297.55,297.1,297.35,39080,
2024-02-09 13:19:00+05:30,297.35,297.45,296.9,297.3,336762,
2024-02-09 13:20:00+05:30,297.2,297.45,296.7,296.75,75486,
2024-02-09 13:21:00+05:30,296.7,296.7,295.8,296.25,120282,
2024-02-09 13:22:00+05:30,296.25,296.45,294.85,294.95,140142,
2024-02-09 13:23:00+05:30,294.85,295.25,294.55,295.05,141604,
2024-02-09 13:24:00+05:30,295.05,295.75,295.05,295.55,38068,
2024-02-09 13:25:00+05:30,295.55,295.65,295.25,295.25,43324,
2024-02-09 13:26:00+05:30,295.15,295.45,295.15,295.25,38812,
2024-02-09 13:27:00+05:30,295.35,295.5,294.55,294.85,50022,
2024-02-09 13:28:00+05:30,294.65,295.25,294.65,295.15,19636,
2024-02-09 13:29:00+05:30,295.25,295.25,294.75,294.85,29290,
2024-02-09 13:30:00+05:30,294.85,295.15,294.55,294.6,28700,
2024-02-09 13:31:00+05:30,294.6,294.9,294.1,294.8,69122,
2024-02-09 13:32:00+05:30,294.7,294.95,294.55,294.55,30492,
2024-02-09 13:33:00+05:30,294.55,294.75,294.55,294.55,90444,
2024-02-09 13:34:00+05:30,294.55,295.35,294.55,295.05,62548,
2024-02-09 13:35:00+05:30,295.05,295.45,295.05,295.05,40468,
2024-02-09 13:36:00+05:30,295.15,295.55,295.05,295.55,30900,
2024-02-09 13:37:00+05:30,295.35,295.55,294.95,295.05,36998,
2024-02-09 13:38:00+05:30,295.05,295.45,294.85,294.95,24732,
2024-02-09 13:39:00+05:30,294.95,295.05,294.6,294.95,33846,
2024-02-09 13:40:00+05:30,294.95,295.1,294.85,295.05,21742,
2024-02-09 13:41:00+05:30,295.05,295.3,294.9,294.95,62376,
2024-02-09 13:42:00+05:30,294.95,295.35,294.7,295.25,28612,
2024-02-09 13:43:00+05:30,295.35,296.7,295.25,296.3,285834,
2024-02-09 13:44:00+05:30,296.4,296.9,296.15,296.85,70444,
2024-02-09 13:45:00+05:30,296.85,297.1,296.05,296.2,86458,
2024-02-09 13:46:00+05:30,296.1,296.2,295,295.25,71028,
2024-02-09 13:47:00+05:30,295.15,295.45,294.95,295.1,38338,
2024-02-09 13:48:00+05:30,295.25,295.3,295.05,295.15,19096,
2024-02-09 13:49:00+05:30,295.15,295.65,295.1,295.65,39744,
2024-02-09 13:50:00+05:30,295.65,295.75,295.35,295.45,28740,
2024-02-09 13:51:00+05:30,295.5,296.2,295.5,296.05,31672,
2024-02-09 13:52:00+05:30,296,296.4,296,296.2,38008,
2024-02-09 13:53:00+05:30,296.2,296.55,296.2,296.25,59094,
2024-02-09 13:54:00+05:30,296.25,296.4,296,296,22382,
2024-02-09 13:55:00+05:30,296,296.1,295.8,295.85,35852,
2024-02-09 13:56:00+05:30,295.85,295.9,295.75,295.75,22054,
2024-02-09 13:57:00+05:30,295.75,295.85,295.7,295.75,42408,
2024-02-09 13:58:00+05:30,295.8,295.85,295.55,295.55,21736,
2024-02-09 13:59:00+05:30,295.5,295.75,295.45,295.65,27796,
2024-02-09 14:00:00+05:30,295.65,295.75,295.2,295.2,18184,
2024-02-09 14:01:00+05:30,295.2,295.8,295.15,295.55,41712,
2024-02-09 14:02:00+05:30,295.55,295.65,295.3,295.35,28154,
2024-02-09 14:03:00+05:30,295.4,295.65,295.35,295.35,20734,
2024-02-09 14:04:00+05:30,295.45,295.75,295.45,295.75,17816,
2024-02-09 14:05:00+05:30,295.8,296.15,295.8,296.1,61206,
2024-02-09 14:06:00+05:30,296,296.4,295.9,295.9,35306,
2024-02-09 14:07:00+05:30,295.9,296.35,295.9,296,28438,
2024-02-09 14:08:00+05:30,296,296.15,295.55,295.75,50594,
2024-02-09 14:09:00+05:30,295.8,296.1,295.8,295.8,23678,
2024-02-09 14:10:00+05:30,295.8,296.35,295.8,296.3,47426,
2024-02-09 14:11:00+05:30,296.4,296.7,296.2,296.45,33292,
2024-02-09 14:12:00+05:30,296.45,297.75,296.4,297.5,97082,
2024-02-09 14:13:00+05:30,297.45,297.85,297.45,297.55,54580,
2024-02-09 14:14:00+05:30,297.75,297.85,297.45,297.7,57544,
2024-02-09 14:15:00+05:30,297.7,297.95,297,297,108496,
2024-02-09 14:16:00+05:30,297,297.3,296.75,296.8,67624,
2024-02-09 14:17:00+05:30,297,297,296.55,296.55,46624,
2024-02-09 14:18:00+05:30,296.55,296.9,296.4,296.7,56972,
2024-02-09 14:19:00+05:30,296.7,296.8,296.4,296.5,49592,
2024-02-09 14:20:00+05:30,296.4,296.75,296.4,296.6,37602,
2024-02-09 14:21:00+05:30,296.6,297,296.5,296.8,41048,
2024-02-09 14:22:00+05:30,296.7,296.85,296.55,296.55,16112,
2024-02-09 14:23:00+05:30,296.55,296.95,296.55,296.8,16100,
2024-02-09 14:24:00+05:30,296.75,296.9,296.5,296.55,23088,
2024-02-09 14:25:00+05:30,296.55,296.7,296.5,296.55,24018,
2024-02-09 14:26:00+05:30,296.55,296.7,296,296,23194,
2024-02-09 14:27:00+05:30,296,296.4,296,296.1,35214,
2024-02-09 14:28:00+05:30,296.1,296.65,296.1,296.25,19184,
2024-02-09 14:29:00+05:30,296.25,296.5,296.2,296.4,16640,
2024-02-09 14:30:00+05:30,296.5,296.6,296.35,296.4,16242,
2024-02-09 14:31:00+05:30,296.4,297,296.4,296.7,26466,
2024-02-09 14:32:00+05:30,296.65,296.8,296.5,296.6,28470,
2024-02-09 14:33:00+05:30,296.6,297,296.6,296.85,19212,
2024-02-09 14:34:00+05:30,296.9,297,296.7,296.75,19430,
2024-02-09 14:35:00+05:30,296.75,296.75,295.7,295.8,56484,
2024-02-09 14:36:00+05:30,295.8,296,295.75,296,28744,
2024-02-09 14:37:00+05:30,296,296.2,295.8,296.1,33838,
2024-02-09 14:38:00+05:30,296.05,296.2,295.8,295.8,28770,
2024-02-09 14:39:00+05:30,295.85,296.05,295.8,295.9,15282,
2024-02-09 14:40:00+05:30,296.1,296.2,295.9,296.05,18648,
2024-02-09 14:41:00+05:30,296.05,296.2,296,296.1,22482,
2024-02-09 14:42:00+05:30,296.1,296.2,295.65,295.75,49202,
2024-02-09 14:43:00+05:30,295.75,295.8,295.6,295.6,28770,
2024-02-09 14:44:00+05:30,295.55,295.75,295.15,295.3,40412,
2024-02-09 14:45:00+05:30,295.35,295.8,295.35,295.55,40244,
2024-02-09 14:46:00+05:30,295.55,296.2,295.55,296,31606,
2024-02-09 14:47:00+05:30,295.9,296.4,295.9,296.1,31684,
2024-02-09 14:48:00+05:30,296.1,296.25,295.9,296,18386,
2024-02-09 14:49:00+05:30,296,296.3,295.95,296.15,22498,
2024-02-09 14:50:00+05:30,296.15,296.2,295.8,295.95,16532,
2024-02-09 14:51:00+05:30,295.95,296.2,295.55,295.55,31530,
2024-02-09 14:52:00+05:30,295.65,295.9,295.55,295.6,20052,
2024-02-09 14:53:00+05:30,295.75,296,295.55,295.8,20216,
2024-02-09 14:54:00+05:30,295.8,296.2,295.75,295.9,22302,
2024-02-09 14:55:00+05:30,295.9,296.05,295.8,295.8,26192,
2024-02-09 14:56:00+05:30,295.85,296.05,295.75,295.9,17926,
2024-02-09 14:57:00+05:30,296.1,296.25,295.9,296.1,39244,
2024-02-09 14:58:00+05:30,296.1,296.9,296.1,296.6,89956,
2024-02-09 14:59:00+05:30,296.6,296.6,296,296.25,35382,
2024-02-09 15:00:00+05:30,296.25,297.8,296.15,296.25,119132,
2024-02-09 15:01:00+05:30,296.2,297.4,296.1,297.35,87602,
2024-02-09 15:02:00+05:30,297.35,297.65,297,297.3,81992,
2024-02-09 15:03:00+05:30,297.35,297.85,297.2,297.7,76284,
2024-02-09 15:04:00+05:30,297.8,297.9,297.55,297.75,38736,
2024-02-09 15:05:00+05:30,297.75,298.2,297.55,298.15,88790,
2024-02-09 15:06:00+05:30,298.15,298.2,297.75,297.85,58936,
2024-02-09 15:07:00+05:30,297.85,297.9,297.75,297.8,16138,
2024-02-09 15:08:00+05:30,297.85,297.85,297.25,297.35,65164,
2024-02-09 15:09:00+05:30,297.45,297.7,297.3,297.65,35362,
2024-02-09 15:10:00+05:30,297.85,298.05,297.65,297.95,62294,
2024-02-09 15:11:00+05:30,298.05,298.1,297.75,298,57378,
2024-02-09 15:12:00+05:30,297.85,298,297.75,297.75,34346,
2024-02-09 15:13:00+05:30,297.8,297.85,297.45,297.55,43706,
2024-02-09 15:14:00+05:30,297.55,297.9,297.55,297.75,36292,
2024-02-09 15:15:00+05:30,297.75,297.95,297.65,297.75,66258,
2024-02-09 15:16:00+05:30,297.75,297.95,297.65,297.7,58992,
2024-02-09 15:17:00+05:30,297.65,297.9,297.6,297.75,37046,
2024-02-09 15:18:00+05:30,297.85,298.05,297.65,297.9,83826,
2024-02-09 15:19:00+05:30,297.9,298.05,297.85,297.85,43612,
2024-02-09 15:20:00+05:30,297.85,298.15,297.65,297.65,143910,
2024-02-09 15:21:00+05:30,297.75,297.85,297.4,297.45,32272,
2024-02-09 15:22:00+05:30,297.45,297.75,297.45,297.6,19484,
2024-02-09 15:23:00+05:30,297.6,297.6,297.2,297.35,36966,
2024-02-09 15:24:00+05:30,297.35,297.45,297.2,297.45,41862,
2024-02-09 15:25:00+05:30,297.45,297.5,297.35,297.5,22772,
2024-02-09 15:26:00+05:30,297.5,297.8,297.5,297.65,42890,
2024-02-09 15:27:00+05:30,297.45,297.65,297.4,297.45,17074,
2024-02-09 15:28:00+05:30,297.45,297.45,297,297.2,28456,
2024-02-09 15:29:00+05:30,297.45,297.7,297,297.7,53016,
2024-02-12 09:15:00+05:30,297.85,298.85,296.55,297.75,135280,
2024-02-12 09:16:00+05:30,297.55,297.75,296.6,296.8,68558,
2024-02-12 09:17:00+05:30,296.6,296.75,295.55,296.1,98090,
2024-02-12 09:18:00+05:30,295.95,297.8,295.65,297.7,116558,
2024-02-12 09:19:00+05:30,297.95,299.7,297.95,299.45,127720,
2024-02-12 09:20:00+05:30,299.45,299.65,298.65,298.7,112186,
2024-02-12 09:21:00+05:30,298.65,298.7,295.8,296.05,150092,
2024-02-12 09:22:00+05:30,295.8,296.3,295.25,295.65,115834,
2024-02-12 09:23:00+05:30,295.45,295.7,294.75,295.55,100458,
2024-02-12 09:24:00+05:30,295.3,295.45,294.35,294.75,97418,
2024-02-12 09:25:00+05:30,294.55,295.45,294.5,294.85,62564,
2024-02-12 09:26:00+05:30,295.05,296.1,294.85,296.1,50890,
2024-02-12 09:27:00+05:30,295.9,296.5,295.55,295.65,51822,
2024-02-12 09:28:00+05:30,295.65,296.3,295.65,296,28132,
2024-02-12 09:29:00+05:30,295.9,297.35,295.9,297.3,51862,
2024-02-12 09:30:00+05:30,297.3,297.3,295.9,296.2,47218,
2024-02-12 09:31:00+05:30,296.2,296.4,295.7,295.75,42974,
2024-02-12 09:32:00+05:30,295.65,295.8,295.15,295.45,43176,
2024-02-12 09:33:00+05:30,295.45,295.45,294.55,294.65,29304,
2024-02-12 09:34:00+05:30,294.55,295.05,294.55,294.65,36598,
2024-02-12 09:35:00+05:30,294.65,295.2,294.55,295.05,25402,
2024-02-12 09:36:00+05:30,295.1,295.7,295.1,295.55,41588,
2024-02-12 09:37:00+05:30,295.65,296.2,295.65,295.9,33376,
2024-02-12 09:38:00+05:30,295.9,295.9,295.25,295.4,50968,
2024-02-12 09:39:00+05:30,295.45,295.75,294.7,294.7,33634,
2024-02-12 09:40:00+05:30,294.65,294.85,293.4,294.15,105114,
2024-02-12 09:41:00+05:30,294.25,294.95,294.1,294.35,25404,
2024-02-12 09:42:00+05:30,294.55,294.75,294.1,294.25,23824,
2024-02-12 09:43:00+05:30,294.25,294.45,293.75,293.9,29904,
2024-02-12 09:44:00+05:30,293.9,294.45,293.8,294.15,33454,
2024-02-12 09:45:00+05:30,294.2,294.25,293.6,293.6,50792,
2024-02-12 09:46:00+05:30,293.6,293.6,292.65,292.8,91494,
2024-02-12 09:47:00+05:30,292.8,293.4,292.45,292.85,64016,
2024-02-12 09:48:00+05:30,292.85,293.35,292.7,292.9,40046,
2024-02-12 09:49:00+05:30,293,293.1,292.25,292.45,49808,
2024-02-12 09:50:00+05:30,292.35,293.7,292.25,293.6,47732,
2024-02-12 09:51:00+05:30,293.45,293.95,292.85,293.1,28242,
2024-02-12 09:52:00+05:30,293.05,293.35,292.9,293.3,28982,
2024-02-12 09:53:00+05:30,293.2,293.5,293,293.3,18670,
2024-02-12 09:54:00+05:30,293.4,293.5,292.75,292.9,32870,
2024-02-12 09:55:00+05:30,292.9,292.9,292.5,292.55,20798,
2024-02-12 09:56:00+05:30,292.55,292.75,291.9,292.1,46584,
2024-02-12 09:57:00+05:30,292.25,292.65,292.15,292.15,36132,
2024-02-12 09:58:00+05:30,292.1,292.55,291.15,291.45,280724,
2024-02-12 09:59:00+05:30,291.4,291.45,290.75,290.8,77132,
2024-02-12 10:00:00+05:30,290.9,291.1,290.25,290.35,177728,
2024-02-12 10:01:00+05:30,290.4,290.7,290.2,290.2,78286,
2024-02-12 10:02:00+05:30,289.8,290.65,289.8,290.2,76478,
2024-02-12 10:03:00+05:30,290.35,291,289.85,291,66826,
2024-02-12 10:04:00+05:30,291,291.45,290.7,291.45,40096,
2024-02-12 10:05:00+05:30,291.45,291.6,290.65,290.8,71992,
2024-02-12 10:06:00+05:30,290.7,291,290.1,290.4,136042,
2024-02-12 10:07:00+05:30,290.3,290.7,290.15,290.3,37278,
2024-02-12 10:08:00+05:30,290.15,290.3,289.55,289.55,55442,
2024-02-12 10:09:00+05:30,289.55,289.95,288.85,288.9,89758,
2024-02-12 10:10:00+05:30,288.8,289.35,288.65,289.15,106976,
2024-02-12 10:11:00+05:30,289.25,290.1,288.85,289.9,94556,
2024-02-12 10:12:00+05:30,290.2,290.7,290,290.3,156936,
2024-02-12 10:13:00+05:30,290.35,290.5,289.45,289.45,24228,
2024-02-12 10:14:00+05:30,289.55,289.9,288.95,288.95,49870,
2024-02-12 10:15:00+05:30,289.05,289.6,288.75,289.6,124090,
2024-02-12 10:16:00+05:30,289.55,290.9,289.55,290.3,198682,
2024-02-12 10:17:00+05:30,290.45,290.55,289.25,289.25,62160,
2024-02-12 10:18:00+05:30,289.45,289.9,289.25,289.45,36232,
2024-02-12 10:19:00+05:30,289.45,289.6,288,288.05,257880,
2024-02-12 10:20:00+05:30,288,288.6,287.55,287.6,97582,
2024-02-12 10:21:00+05:30,287.75,288.25,287.45,287.8,130328,
2024-02-12 10:22:00+05:30,287.6,288.25,287.5,287.55,50818,
2024-02-12 10:23:00+05:30,287.7,288,287.05,287.55,113314,
2024-02-12 10:24:00+05:30,287.7,287.7,286.4,286.4,122604,
2024-02-12 10:25:00+05:30,286.5,286.9,286.25,286.85,70606,
2024-02-12 10:26:00+05:30,286.85,286.85,285.05,285.45,144954,
2024-02-12 10:27:00+05:30,285.45,286.1,285.1,285.4,80994,
2024-02-12 10:28:00+05:30,285.65,286.8,285.2,286.05,89396,
2024-02-12 10:29:00+05:30,286,286.35,285.25,286.35,45316,
2024-02-12 10:30:00+05:30,286.15,286.55,285.95,286.45,56446,
2024-02-12 10:31:00+05:30,286.45,287.7,286.45,287.7,113746,
2024-02-12 10:32:00+05:30,287.5,288.35,287.45,287.9,79228,
2024-02-12 10:33:00+05:30,287.8,287.9,287.1,287.5,54520,
2024-02-12 10:34:00+05:30,287.5,287.65,287.1,287.1,21284,
2024-02-12 10:35:00+05:30,287.1,287.2,286.6,286.75,40928,
2024-02-12 10:36:00+05:30,286.75,287.4,286.35,286.35,44704,
2024-02-12 10:37:00+05:30,286.35,287.65,286.35,287.6,40446,
2024-02-12 10:38:00+05:30,287.6,287.95,286.7,286.8,50916,
2024-02-12 10:39:00+05:30,286.8,287.4,286.7,287.3,18396,
2024-02-12 10:40:00+05:30,287.2,287.2,286.35,286.45,16362,
2024-02-12 10:41:00+05:30,286.35,286.6,286.25,286.4,17570,
2024-02-12 10:42:00+05:30,286.5,286.9,286.15,286.6,31596,
2024-02-12 10:43:00+05:30,286.6,287,286.35,286.55,31068,
2024-02-12 10:44:00+05:30,286.5,286.95,286.45,286.6,17442,
2024-02-12 10:45:00+05:30,286.6,286.6,285.25,285.25,79902,
2024-02-12 10:46:00+05:30,285.55,285.75,284.7,285.65,86842,
2024-02-12 10:47:00+05:30,285.65,285.85,284.9,285.05,58776,
2024-02-12 10:48:00+05:30,284.95,285.05,284,284.4,121510,
2024-02-12 10:49:00+05:30,284.5,284.7,284.3,284.4,105332,
2024-02-12 10:50:00+05:30,284.4,284.6,283.8,284.1,125084,
2024-02-12 10:51:00+05:30,284.1,284.4,283.75,283.9,56548,
2024-02-12 10:52:00+05:30,284.15,284.8,283.95,284.2,65870,
2024-02-12 10:53:00+05:30,284.35,284.7,284,284.5,71704,
2024-02-12 10:54:00+05:30,284.6,284.85,284.4,284.8,71658,
2024-02-12 10:55:00+05:30,284.8,285,283.95,283.95,61466,
2024-02-12 10:56:00+05:30,283.95,284.05,283.5,283.7,82248,
2024-02-12 10:57:00+05:30,283.7,284.4,283.6,284.3,39014,
2024-02-12 10:58:00+05:30,284.35,285.8,284.3,285.75,53652,
2024-02-12 10:59:00+05:30,285.7,286.25,285.6,285.85,87890,
2024-02-12 11:00:00+05:30,286.05,286.05,285,285.25,45952,
2024-02-12 11:01:00+05:30,285.25,285.75,285.05,285.5,19254,
2024-02-12 11:02:00+05:30,285.5,285.55,284.9,285.05,23540,
2024-02-12 11:03:00+05:30,285.05,285.15,284.7,284.7,42440,
2024-02-12 11:04:00+05:30,284.75,284.85,284.3,284.4,41246,
2024-02-12 11:05:00+05:30,284.2,284.45,283.9,284.15,55162,
2024-02-12 11:06:00+05:30,284,284.55,283.9,284.4,30532,
2024-02-12 11:07:00+05:30,284.4,284.9,284.4,284.5,25758,
2024-02-12 11:08:00+05:30,284.5,285.35,284.35,285.25,41940,
2024-02-12 11:09:00+05:30,285.2,286.05,285.2,285.75,66108,
2024-02-12 11:10:00+05:30,285.75,286.05,285.45,285.65,88914,
2024-02-12 11:11:00+05:30,285.65,285.85,284.7,285.05,49642,
2024-02-12 11:12:00+05:30,285.35,285.65,284.95,285.5,20990,
2024-02-12 11:13:00+05:30,285.45,285.9,285.4,285.55,39464,
2024-02-12 11:14:00+05:30,285.55,285.75,285.35,285.65,25702,
2024-02-12 11:15:00+05:30,285.65,285.7,285.15,285.25,54832,
2024-02-12 11:16:00+05:30,285.25,285.3,285.05,285.15,13388,
2024-02-12 11:17:00+05:30,285.05,285.15,284.5,284.5,52636,
2024-02-12 11:18:00+05:30,284.6,284.7,283.95,284.2,100600,
2024-02-12 11:19:00+05:30,284.2,284.3,284.05,284.1,38076,
2024-02-12 11:20:00+05:30,284.1,284.2,283.9,283.9,26312,
2024-02-12 11:21:00+05:30,283.95,284.4,283.9,284.15,37424,
2024-02-12 11:22:00+05:30,284.15,284.5,284.1,284.45,28748,
2024-02-12 11:23:00+05:30,284.35,284.65,284.1,284.15,26000,
2024-02-12 11:24:00+05:30,284.2,284.6,284.1,284.55,16842,
2024-02-12 11:25:00+05:30,284.55,284.8,284.3,284.7,19168,
2024-02-12 11:26:00+05:30,284.7,284.8,284,284.2,22610,
2024-02-12 11:27:00+05:30,284.2,284.4,284,284.4,15670,
2024-02-12 11:28:00+05:30,284.4,284.65,284.3,284.4,30694,
2024-02-12 11:29:00+05:30,284.55,284.75,284.4,284.4,10790,
2024-02-12 11:30:00+05:30,284.45,284.85,284.4,284.75,17488,
2024-02-12 11:31:00+05:30,284.75,284.85,284.2,284.3,40008,
2024-02-12 11:32:00+05:30,284.4,284.4,283.4,283.4,73604,
2024-02-12 11:33:00+05:30,283.3,283.95,283.15,283.9,188812,
2024-02-12 11:34:00+05:30,283.9,283.9,283.45,283.6,30528,
2024-02-12 11:35:00+05:30,283.6,283.8,283.4,283.6,31156,
2024-02-12 11:36:00+05:30,283.6,283.9,283.5,283.5,35252,
2024-02-12 11:37:00+05:30,283.5,283.55,283.05,283.4,37046,
2024-02-12 11:38:00+05:30,283.25,283.6,282.95,283.6,48478,
2024-02-12 11:39:00+05:30,283.6,284.1,283.45,283.9,69466,
2024-02-12 11:40:00+05:30,283.9,284.4,283.9,284.3,28488,
2024-02-12 11:41:00+05:30,284.3,284.7,284.15,284.5,23962,
2024-02-12 11:42:00+05:30,284.55,284.6,284.1,284.2,20474,
2024-02-12 11:43:00+05:30,284.15,284.35,283.7,283.8,11034,
2024-02-12 11:44:00+05:30,283.8,284.1,283.65,284.1,24678,
2024-02-12 11:45:00+05:30,284.1,284.1,283.5,283.6,9952,
2024-02-12 11:46:00+05:30,283.6,283.9,283.5,283.8,5748,
2024-02-12 11:47:00+05:30,283.8,283.9,283.65,283.8,13356,
2024-02-12 11:48:00+05:30,283.8,284.2,283.65,284.1,17752,
2024-02-12 11:49:00+05:30,284.15,284.4,283.7,283.7,10470,
2024-02-12 11:50:00+05:30,283.75,283.9,282.95,283.1,44174,
2024-02-12 11:51:00+05:30,283.1,284,282.85,283.85,57370,
2024-02-12 11:52:00+05:30,283.9,284.1,283.5,283.9,15570,
2024-02-12 11:53:00+05:30,284,284.75,283.8,284.55,57714,
2024-02-12 11:54:00+05:30,284.45,285,284.4,284.95,45770,
2024-02-12 11:55:00+05:30,285,285,284.65,284.8,23612,
2024-02-12 11:56:00+05:30,284.8,285.05,284.15,284.15,21690,
2024-02-12 11:57:00+05:30,284.15,284.85,284.1,284.6,16960,
2024-02-12 11:58:00+05:30,284.6,284.8,284.3,284.6,11090,
2024-02-12 11:59:00+05:30,284.6,284.75,284.1,284.45,32062,
2024-02-12 12:00:00+05:30,284.7,284.75,284.2,284.2,8942,
2024-02-12 12:01:00+05:30,284.2,284.3,283.9,283.9,8124,
2024-02-12 12:02:00+05:30,283.9,284.1,283.7,283.9,11398,
2024-02-12 12:03:00+05:30,283.9,284.4,283.75,283.95,27620,
2024-02-12 12:04:00+05:30,284,284.4,284,284.2,14396,
2024-02-12 12:05:00+05:30,284.1,284.35,283.65,283.9,28172,
2024-02-12 12:06:00+05:30,283.9,284.2,283.65,283.8,18692,
2024-02-12 12:07:00+05:30,283.75,284,283.65,283.75,9462,
2024-02-12 12:08:00+05:30,283.65,284,283.65,283.75,38598,
2024-02-12 12:09:00+05:30,283.8,284.4,283.7,284.4,26986,
2024-02-12 12:10:00+05:30,284.3,285.25,284.3,285.05,53186,
2024-02-12 12:11:00+05:30,284.85,285.25,284.85,285.1,13442,
2024-02-12 12:12:00+05:30,285.25,285.85,285.25,285.85,52352,
2024-02-12 12:13:00+05:30,285.85,286.05,285.55,285.75,51696,
2024-02-12 12:14:00+05:30,285.75,285.95,285.45,285.65,35562,
2024-02-12 12:15:00+05:30,285.65,286.5,285.55,286.05,119944,
2024-02-12 12:16:00+05:30,286.3,286.3,285.85,286.1,28766,
2024-02-12 12:17:00+05:30,286.1,286.6,286.1,286.6,50254,
2024-02-12 12:18:00+05:30,286.6,287.2,286.45,286.7,91420,
2024-02-12 12:19:00+05:30,286.7,287.2,286.6,287,33592,
2024-02-12 12:20:00+05:30,287,287.35,286.9,286.9,62278,
2024-02-12 12:21:00+05:30,287.1,287.1,286.55,286.7,52020,
2024-02-12 12:22:00+05:30,286.7,286.8,285.85,285.95,153934,
2024-02-12 12:23:00+05:30,285.85,286.35,285.85,286.15,28326,
2024-02-12 12:24:00+05:30,286.25,286.9,286.15,286.8,41112,
2024-02-12 12:25:00+05:30,286.7,286.75,286.05,286.3,45172,
2024-02-12 12:26:00+05:30,286.35,286.35,285.95,285.95,46994,
2024-02-12 12:27:00+05:30,286,286.15,285.75,286,46590,
2024-02-12 12:28:00+05:30,286,286.25,285.85,286.05,13996,
2024-02-12 12:29:00+05:30,286.05,286.7,285.95,286.3,42844,
2024-02-12 12:30:00+05:30,286.3,286.75,286.3,286.35,12216,
2024-02-12 12:31:00+05:30,286.3,286.75,286.3,286.5,19832,
2024-02-12 12:32:00+05:30,286.6,286.65,286.45,286.45,19258,
2024-02-12 12:33:00+05:30,286.45,286.5,285.85,286.05,16832,
2024-02-12 12:34:00+05:30,285.95,286.35,285.95,286.15,50890,
2024-02-12 12:35:00+05:30,286.15,286.45,286.15,286.45,6362,
2024-02-12 12:36:00+05:30,286.45,286.8,286.45,286.6,30412,
2024-02-12 12:37:00+05:30,286.6,286.9,286.5,286.7,27012,
2024-02-12 12:38:00+05:30,286.75,286.9,286.7,286.9,16664,
2024-02-12 12:39:00+05:30,286.85,286.9,286.45,286.8,10924,
2024-02-12 12:40:00+05:30,286.8,286.9,286.55,286.7,12690,
2024-02-12 12:41:00+05:30,286.75,287,286.7,286.8,13862,
2024-02-12 12:42:00+05:30,286.8,287.05,286.8,287,12812,
2024-02-12 12:43:00+05:30,287,287.3,286.9,286.95,12102,
2024-02-12 12:44:00+05:30,286.9,287.05,286.45,286.6,98262,
2024-02-12 12:45:00+05:30,286.55,286.55,286.2,286.25,67270,
2024-02-12 12:46:00+05:30,286.25,286.3,285.7,285.75,29780,
2024-02-12 12:47:00+05:30,285.75,286.05,285.7,285.7,60612,
2024-02-12 12:48:00+05:30,285.7,285.75,285.1,285.15,67522,
2024-02-12 12:49:00+05:30,285.15,285.55,285.15,285.45,29728,
2024-02-12 12:50:00+05:30,285.45,285.55,285.25,285.5,14434,
2024-02-12 12:51:00+05:30,285.5,286.15,285.4,286,43664,
2024-02-12 12:52:00+05:30,286,286.15,285.65,285.65,22622,
2024-02-12 12:53:00+05:30,285.75,285.95,285.65,285.95,28134,
2024-02-12 12:54:00+05:30,285.85,286,285.65,285.8,33924,
2024-02-12 12:55:00+05:30,285.8,286,285.45,285.85,23904,
2024-02-12 12:56:00+05:30,285.85,286.15,285.75,286.05,29462,
2024-02-12 12:57:00+05:30,286.05,286.25,286,286.05,28238,
2024-02-12 12:58:00+05:30,286.05,286.05,285.65,285.85,27416,
2024-02-12 12:59:00+05:30,285.85,286.7,285.8,286.5,28812,
2024-02-12 13:00:00+05:30,286.5,286.6,285.65,285.85,30006,
2024-02-12 13:01:00+05:30,285.85,285.85,285.55,285.75,9744,
2024-02-12 13:02:00+05:30,285.75,285.85,285.2,285.35,41192,
2024-02-12 13:03:00+05:30,285.35,285.85,285.15,285.85,17004,
2024-02-12 13:04:00+05:30,285.8,285.85,285.65,285.85,24316,
2024-02-12 13:05:00+05:30,285.8,285.8,285.4,285.75,8360,
2024-02-12 13:06:00+05:30,285.65,286.15,285.65,285.85,26246,
2024-02-12 13:07:00+05:30,285.85,286.1,285.85,286.05,7306,
2024-02-12 13:08:00+05:30,286,286.2,285.95,285.95,18260,
2024-02-12 13:09:00+05:30,285.95,286.25,285.85,286.15,11436,
2024-02-12 13:10:00+05:30,286.15,286.7,285.95,286.25,52832,
2024-02-12 13:11:00+05:30,286.25,286.55,286.1,286.4,20780,
2024-02-12 13:12:00+05:30,286.3,286.55,286.15,286.5,10722,
2024-02-12 13:13:00+05:30,286.75,287.3,286.5,287.2,58260,
2024-02-12 13:14:00+05:30,287.1,287.15,286.6,286.7,36532,
2024-02-12 13:15:00+05:30,286.7,286.8,286.45,286.75,25462,
2024-02-12 13:16:00+05:30,286.7,287.2,286.65,287.1,21286,
2024-02-12 13:17:00+05:30,287.1,287.2,286.7,286.7,24564,
2024-02-12 13:18:00+05:30,286.6,286.8,285.85,285.85,22590,
2024-02-12 13:19:00+05:30,285.85,286.35,285.75,286.15,15994,
2024-02-12 13:20:00+05:30,286.1,286.25,285.85,285.9,7096,
2024-02-12 13:21:00+05:30,285.85,286.05,285.85,285.85,7426,
2024-02-12 13:22:00+05:30,285.75,285.95,285.65,285.9,12754,
2024-02-12 13:23:00+05:30,285.9,285.95,285.7,285.75,8622,
2024-02-12 13:24:00+05:30,285.85,286.05,285.85,285.9,13348,
2024-02-12 13:25:00+05:30,285.9,286.2,285.75,286.15,10342,
2024-02-12 13:26:00+05:30,286.05,286.25,286.05,286.05,7054,
2024-02-12 13:27:00+05:30,286.05,286.5,285.95,286.45,7554,
2024-02-12 13:28:00+05:30,286.45,286.6,286.35,286.6,12716,
2024-02-12 13:29:00+05:30,286.6,286.8,286.5,286.5,31606,
2024-02-12 13:30:00+05:30,286.5,286.8,286.5,286.6,26122,
2024-02-12 13:31:00+05:30,286.6,286.75,286.55,286.6,6074,
2024-02-12 13:32:00+05:30,286.6,287.75,286.6,287.65,109420,
2024-02-12 13:33:00+05:30,287.6,287.9,287.4,287.65,76028,
2024-02-12 13:34:00+05:30,287.65,288.15,287.4,288.15,82464,
2024-02-12 13:35:00+05:30,288,288.65,288,288.45,78920,
2024-02-12 13:36:00+05:30,288.55,288.55,287.45,287.6,41616,
2024-02-12 13:37:00+05:30,287.65,288,287.2,287.4,27032,
2024-02-12 13:38:00+05:30,287.6,287.8,287.45,287.7,18664,
2024-02-12 13:39:00+05:30,287.65,287.7,287.1,287.35,20968,
2024-02-12 13:40:00+05:30,287.3,287.45,286.6,287.2,279096,
2024-02-12 13:41:00+05:30,287.2,287.2,286.8,287.2,8466,
2024-02-12 13:42:00+05:30,287.25,287.6,287.1,287.55,20922,
2024-02-12 13:43:00+05:30,287.5,287.65,287.2,287.5,12206,
2024-02-12 13:44:00+05:30,287.5,287.6,287.2,287.4,13842,
2024-02-12 13:45:00+05:30,287.4,287.75,287.4,287.7,16742,
2024-02-12 13:46:00+05:30,287.6,288,287.55,287.9,30156,
2024-02-12 13:47:00+05:30,287.95,288,287.4,287.7,13708,
2024-02-12 13:48:00+05:30,287.4,287.8,287.4,287.6,20110,
2024-02-12 13:49:00+05:30,287.6,288,287.6,288,14896,
2024-02-12 13:50:00+05:30,288.05,288.4,288.05,288.25,18648,
2024-02-12 13:51:00+05:30,288.25,288.45,288.1,288.2,15390,
2024-02-12 13:52:00+05:30,288.05,288.85,288.05,288.75,37680,
2024-02-12 13:53:00+05:30,288.95,289.05,288.05,288.1,33012,
2024-02-12 13:54:00+05:30,288.1,288.35,287.1,287.5,29050,
2024-02-12 13:55:00+05:30,287.5,288.25,287.5,288,37126,
2024-02-12 13:56:00+05:30,288.15,288.35,287.9,288.3,11882,
2024-02-12 13:57:00+05:30,288.3,288.35,288,288.35,11798,
2024-02-12 13:58:00+05:30,288.25,288.35,288,288.1,16572,
2024-02-12 13:59:00+05:30,288.05,288.2,287.8,287.9,12624,
2024-02-12 14:00:00+05:30,287.95,288.5,287.8,288.45,25348,
2024-02-12 14:01:00+05:30,288.35,288.5,288,288.15,10924,
2024-02-12 14:02:00+05:30,288.15,288.45,288.15,288.35,6064,
2024-02-12 14:03:00+05:30,288.35,288.9,288.35,288.75,29608,
2024-02-12 14:04:00+05:30,288.8,288.85,288.55,288.75,14512,
2024-02-12 14:05:00+05:30,288.65,288.85,288.5,288.65,20184,
2024-02-12 14:06:00+05:30,288.65,288.85,288.25,288.5,40500,
2024-02-12 14:07:00+05:30,288.5,288.5,288.05,288.25,13588,
2024-02-12 14:08:00+05:30,288.25,288.3,287.9,288.15,14100,
2024-02-12 14:09:00+05:30,288.15,288.2,287.9,288.15,12186,
2024-02-12 14:10:00+05:30,288.05,288.35,288,288.2,27132,
2024-02-12 14:11:00+05:30,288.15,288.65,288.05,288.55,18168,
2024-02-12 14:12:00+05:30,288.55,288.65,288.4,288.55,10070,
2024-02-12 14:13:00+05:30,288.55,289,288.55,288.9,13130,
2024-02-12 14:14:00+05:30,288.9,288.95,288.75,288.85,10346,
2024-02-12 14:15:00+05:30,288.8,289.25,288.8,289.05,38050,
2024-02-12 14:16:00+05:30,289.05,289.2,288.85,289.05,26410,
2024-02-12 14:17:00+05:30,288.85,289.2,288.75,288.85,17374,
2024-02-12 14:18:00+05:30,288.75,289.25,288.75,289.1,70842,
2024-02-12 14:19:00+05:30,289.1,289.15,288.9,289,14516,
2024-02-12 14:20:00+05:30,289.05,289.55,288.95,289.55,40810,
2024-02-12 14:21:00+05:30,289.45,289.6,288.95,289,25990,
2024-02-12 14:22:00+05:30,289,289.15,288.15,288.35,41344,
2024-02-12 14:23:00+05:30,288.35,288.75,288.25,288.55,16634,
2024-02-12 14:24:00+05:30,288.55,288.65,287.7,288.15,34940,
2024-02-12 14:25:00+05:30,288.2,288.35,287.8,287.8,18736,
2024-02-12 14:26:00+05:30,288,288,287.1,287.4,64470,
2024-02-12 14:27:00+05:30,287.25,287.55,287,287.2,38386,
2024-02-12 14:28:00+05:30,287.2,287.4,286.8,286.8,40042,
2024-02-12 14:29:00+05:30,286.75,286.9,286.35,286.45,36680,
2024-02-12 14:30:00+05:30,286.45,287.55,286.45,287.45,43902,
2024-02-12 14:31:00+05:30,287.45,288.15,287.45,288.15,28496,
2024-02-12 14:32:00+05:30,288.15,288.65,287.85,288.55,25788,
2024-02-12 14:33:00+05:30,288.65,288.65,288.25,288.35,18820,
2024-02-12 14:34:00+05:30,288.45,289.05,288.35,288.95,22698,
2024-02-12 14:35:00+05:30,288.95,289.15,288.6,288.85,28478,
2024-02-12 14:36:00+05:30,288.75,289.05,288.15,288.15,21858,
2024-02-12 14:37:00+05:30,288.05,288.25,287.7,287.75,18456,
2024-02-12 14:38:00+05:30,287.6,287.8,287.3,287.3,10928,
2024-02-12 14:39:00+05:30,287.4,287.6,286.85,287.05,52742,
2024-02-12 14:40:00+05:30,287.05,287.25,286.35,286.35,16900,
2024-02-12 14:41:00+05:30,286.35,287.25,286.3,287.1,26442,
2024-02-12 14:42:00+05:30,286.85,287.7,286.8,287.7,42662,
2024-02-12 14:43:00+05:30,287.65,288.25,287.65,288,16834,
2024-02-12 14:44:00+05:30,288,288.15,287.55,287.6,31016,
2024-02-12 14:45:00+05:30,287.6,287.6,287.2,287.3,24104,
2024-02-12 14:46:00+05:30,287.2,287.8,287.2,287.55,30014,
2024-02-12 14:47:00+05:30,287.4,287.9,287.4,287.75,11604,
2024-02-12 14:48:00+05:30,287.7,287.8,287.3,287.4,31550,
2024-02-12 14:49:00+05:30,287.3,287.4,286.7,287.1,37910,
2024-02-12 14:50:00+05:30,287.1,287.7,286.85,286.95,22834,
2024-02-12 14:51:00+05:30,286.75,287.2,286.7,286.7,47458,
2024-02-12 14:52:00+05:30,286.7,286.8,286.35,286.45,26624,
2024-02-12 14:53:00+05:30,286.5,286.95,286.45,286.8,12194,
2024-02-12 14:54:00+05:30,286.75,286.8,286.45,286.45,11160,
2024-02-12 14:55:00+05:30,286.45,287.1,286.45,286.65,22406,
2024-02-12 14:56:00+05:30,286.65,287,286.65,286.8,24180,
2024-02-12 14:57:00+05:30,286.8,286.9,286.45,286.5,10824,
2024-02-12 14:58:00+05:30,286.5,286.5,285.7,285.8,73616,
2024-02-12 14:59:00+05:30,285.85,285.85,285.15,285.25,39294,
2024-02-12 15:00:00+05:30,285.15,286.9,285.15,286.7,148566,
2024-02-12 15:01:00+05:30,286.6,287.75,286.6,287.7,62800,
2024-02-12 15:02:00+05:30,287.75,288,287.5,287.7,34526,
2024-02-12 15:03:00+05:30,287.6,288,287.4,287.85,34996,
2024-02-12 15:04:00+05:30,287.9,287.95,287.5,287.55,33798,
2024-02-12 15:05:00+05:30,287.55,287.95,287.55,287.55,33284,
2024-02-12 15:06:00+05:30,287.55,287.9,287.55,287.6,33562,
2024-02-12 15:07:00+05:30,287.6,287.9,287.55,287.65,26578,
2024-02-12 15:08:00+05:30,287.7,287.85,287,287.1,50030,
2024-02-12 15:09:00+05:30,287.2,287.25,286.8,287.1,30776,
2024-02-12 15:10:00+05:30,287.15,287.45,286.75,286.8,147138,
2024-02-12 15:11:00+05:30,286.8,286.9,286.15,286.35,44772,
2024-02-12 15:12:00+05:30,286.35,286.35,285.5,285.7,47706,
2024-02-12 15:13:00+05:30,285.65,286.25,285.65,286.25,38264,
2024-02-12 15:14:00+05:30,286.25,286.25,285.55,285.65,102716,
2024-02-12 15:15:00+05:30,285.5,285.65,284.85,285.25,75856,
2024-02-12 15:16:00+05:30,285.15,285.15,284.5,284.75,110292,
2024-02-12 15:17:00+05:30,284.75,284.85,284.25,284.7,93572,
2024-02-12 15:18:00+05:30,284.8,284.85,284.2,284.3,90186,
2024-02-12 15:19:00+05:30,284.3,284.85,284.2,284.75,80682,
2024-02-12 15:20:00+05:30,284.8,285.45,284.8,285.15,70328,
2024-02-12 15:21:00+05:30,285.05,285.65,285.05,285.65,33762,
2024-02-12 15:22:00+05:30,285.75,285.95,285.35,285.4,25164,
2024-02-12 15:23:00+05:30,285.45,286,285.35,285.75,28980,
2024-02-12 15:24:00+05:30,285.75,285.75,285.3,285.65,42066,
2024-02-12 15:25:00+05:30,285.65,286.1,285.45,286.1,38508,
2024-02-12 15:26:00+05:30,286.05,286.55,286.05,286.45,36674,
2024-02-12 15:27:00+05:30,286.45,286.5,286.25,286.4,29556,
2024-02-12 15:28:00+05:30,286.35,286.5,285.85,286.45,107278,
2024-02-12 15:29:00+05:30,286.15,286.5,286.05,286.05,14196,
2024-02-13 09:15:00+05:30,286.8,287.3,284.5,286.45,96894,
2024-02-13 09:16:00+05:30,286.75,288.65,286.6,288.45,80304,
2024-02-13 09:17:00+05:30,288.4,288.5,287.5,287.6,171248,
2024-02-13 09:18:00+05:30,287.3,287.5,285.95,285.95,100188,
2024-02-13 09:19:00+05:30,286.05,286.5,285.05,286.5,86800,
2024-02-13 09:20:00+05:30,286.45,286.9,285.45,285.65,51688,
2024-02-13 09:21:00+05:30,285.55,285.85,284.95,285.05,72988,
2024-02-13 09:22:00+05:30,285,285.25,283.3,283.4,165876,
2024-02-13 09:23:00+05:30,283.4,283.4,282.6,282.7,239190,
2024-02-13 09:24:00+05:30,282.55,284.4,282.5,283.75,186968,
2024-02-13 09:25:00+05:30,284,285.05,284,284.85,121876,
2024-02-13 09:26:00+05:30,284.85,286.3,284.5,286.3,186334,
2024-02-13 09:27:00+05:30,286.05,287.05,285.85,286.7,164956,
2024-02-13 09:28:00+05:30,286.7,287.1,285.75,286.45,75592,
2024-02-13 09:29:00+05:30,286.1,286.25,285.05,285.85,103048,
2024-02-13 09:30:00+05:30,286,286.9,285.7,286.15,137888,
2024-02-13 09:31:00+05:30,286.25,286.45,285.1,285.3,78064,
2024-02-13 09:32:00+05:30,285.25,285.25,283.8,283.85,219804,
2024-02-13 09:33:00+05:30,283.7,283.9,282.85,282.85,120990,
2024-02-13 09:34:00+05:30,283.15,284.7,283.05,283.9,128330,
2024-02-13 09:35:00+05:30,283.95,284.8,283.25,284.7,83460,
2024-02-13 09:36:00+05:30,284.7,286.45,284.65,286.3,118918,
2024-02-13 09:37:00+05:30,286.3,286.45,285.45,285.65,98402,
2024-02-13 09:38:00+05:30,285.75,287.15,285.75,286.45,91630,
2024-02-13 09:39:00+05:30,286.5,287.1,286.45,286.9,31660,
2024-02-13 09:40:00+05:30,286.65,286.9,286.35,286.9,46526,
2024-02-13 09:41:00+05:30,286.9,286.9,285.35,285.5,31750,
2024-02-13 09:42:00+05:30,285.65,285.75,285.2,285.45,66028,
2024-02-13 09:43:00+05:30,285.45,285.45,283.3,283.5,83124,
2024-02-13 09:44:00+05:30,283.5,283.65,283.2,283.35,116488,
2024-02-13 09:45:00+05:30,283.35,283.45,282.5,282.75,101992,
2024-02-13 09:46:00+05:30,282.85,283.6,282.75,283.6,121028,
2024-02-13 09:47:00+05:30,283.35,284.15,283.2,283.75,70564,
2024-02-13 09:48:00+05:30,283.7,283.95,283.3,283.5,35562,
2024-02-13 09:49:00+05:30,283.45,283.45,282.75,282.8,34914,
2024-02-13 09:50:00+05:30,282.75,283.3,282.45,283.05,44220,
2024-02-13 09:51:00+05:30,283.05,283.15,282.25,282.45,68816,
2024-02-13 09:52:00+05:30,282.5,282.5,281.75,281.75,203640,
2024-02-13 09:53:00+05:30,281.75,282.2,281.2,282.15,187220,
2024-02-13 09:54:00+05:30,282.25,284.1,282.15,283.9,131522,
2024-02-13 09:55:00+05:30,283.5,284.85,283.5,284.6,98920,
2024-02-13 09:56:00+05:30,284.45,285.1,284.4,284.85,82344,
2024-02-13 09:57:00+05:30,285.05,286.1,284.85,286.05,86612,
2024-02-13 09:58:00+05:30,286.05,286.25,285.05,285.25,31018,
2024-02-13 09:59:00+05:30,285.25,286.05,285.25,285.85,31924,
2024-02-13 10:00:00+05:30,285.7,286.2,285.6,285.6,21080,
2024-02-13 10:01:00+05:30,285.6,285.85,285.05,285.3,44736,
2024-02-13 10:02:00+05:30,285.35,285.35,284.7,284.85,14090,
2024-02-13 10:03:00+05:30,284.9,284.9,284.5,284.5,20616,
2024-02-13 10:04:00+05:30,284.6,284.6,284.1,284.25,29566,
2024-02-13 10:05:00+05:30,284.35,284.95,284.25,284.75,36990,
2024-02-13 10:06:00+05:30,284.75,285,284.65,284.85,23646,
2024-02-13 10:07:00+05:30,284.85,284.95,284.5,284.95,18572,
2024-02-13 10:08:00+05:30,284.95,285.05,284.3,284.45,15306,
2024-02-13 10:09:00+05:30,284.45,284.95,284.4,284.95,9670,
2024-02-13 10:10:00+05:30,284.85,284.95,284.8,284.9,9520,
2024-02-13 10:11:00+05:30,285.25,285.25,284.7,285.1,27204,
2024-02-13 10:12:00+05:30,285.05,285.55,284.95,285.25,28252,
2024-02-13 10:13:00+05:30,285.3,285.85,285.05,285.1,20502,
2024-02-13 10:14:00+05:30,285.05,285.65,285.05,285.6,16794,
2024-02-13 10:15:00+05:30,285.45,285.6,285.05,285.05,9794,
2024-02-13 10:16:00+05:30,284.9,285.05,283.95,284.1,13040,
2024-02-13 10:17:00+05:30,284.25,284.85,284.15,284.85,17502,
2024-02-13 10:18:00+05:30,284.85,285.45,284.5,284.9,22230,
2024-02-13 10:19:00+05:30,284.85,285.35,284.7,285.35,24908,
2024-02-13 10:20:00+05:30,285.15,285.35,284.85,285.15,19152,
2024-02-13 10:21:00+05:30,285.25,286.35,285.15,286.3,44046,
2024-02-13 10:22:00+05:30,286.35,286.35,286.05,286.15,21286,
2024-02-13 10:23:00+05:30,286.15,286.6,285.95,286.05,54780,
2024-02-13 10:24:00+05:30,286.15,286.15,285.35,285.55,12636,
2024-02-13 10:25:00+05:30,285.55,285.95,285.45,285.95,21518,
2024-02-13 10:26:00+05:30,285.95,286.45,285.95,286.45,10680,
2024-02-13 10:27:00+05:30,286.45,286.7,286.35,286.45,26594,
2024-02-13 10:28:00+05:30,286.6,287.3,286.55,287.05,71588,
2024-02-13 10:29:00+05:30,286.9,287.3,286.8,287.2,22430,
2024-02-13 10:30:00+05:30,287.25,287.7,286.9,287.1,67982,
2024-02-13 10:31:00+05:30,287.2,287.6,287.1,287.3,59996,
2024-02-13 10:32:00+05:30,287.5,288,287.5,287.95,36478,
2024-02-13 10:33:00+05:30,287.95,288,287.25,287.35,41974,
2024-02-13 10:34:00+05:30,287.4,287.8,287.4,287.4,14534,
2024-02-13 10:35:00+05:30,287.5,287.65,287.3,287.4,32468,
2024-02-13 10:36:00+05:30,287.4,287.45,286.8,287,17952,
2024-02-13 10:37:00+05:30,287.15,287.15,286.6,286.8,21728,
2024-02-13 10:38:00+05:30,286.8,287.5,286.65,287.4,26130,
2024-02-13 10:39:00+05:30,287.4,287.4,286.85,286.9,18572,
2024-02-13 10:40:00+05:30,286.9,287.1,285.85,286.05,47966,
2024-02-13 10:41:00+05:30,285.85,285.9,284.95,285.25,63866,
2024-02-13 10:42:00+05:30,285.25,286.15,285.15,286.15,14766,
2024-02-13 10:43:00+05:30,285.9,286.45,285.9,286.15,22444,
2024-02-13 10:44:00+05:30,286.35,286.5,286.25,286.5,21604,
2024-02-13 10:45:00+05:30,286.5,286.5,286.15,286.15,9698,
2024-02-13 10:46:00+05:30,286.15,286.35,286.15,286.35,6516,
2024-02-13 10:47:00+05:30,286.35,286.45,286.05,286.35,8626,
2024-02-13 10:48:00+05:30,286.45,286.7,286.05,286.7,15912,
2024-02-13 10:49:00+05:30,286.7,286.7,286.55,286.7,8856,
2024-02-13 10:50:00+05:30,286.7,286.8,286.6,286.6,8004,
2024-02-13 10:51:00+05:30,286.6,287,286.6,286.95,21782,
2024-02-13 10:52:00+05:30,286.8,287.4,286.8,287.25,35200,
2024-02-13 10:53:00+05:30,287.4,287.5,287.1,287.2,28722,
2024-02-13 10:54:00+05:30,287.4,287.75,287.2,287.7,37388,
2024-02-13 10:55:00+05:30,287.7,287.85,287.4,287.8,32344,
2024-02-13 10:56:00+05:30,287.8,287.8,287.15,287.3,20972,
2024-02-13 10:57:00+05:30,287.3,287.3,286.8,287.2,16240,
2024-02-13 10:58:00+05:30,287.2,287.2,286.7,287,9678,
2024-02-13 10:59:00+05:30,287,287,286.6,286.8,10000,
2024-02-13 11:00:00+05:30,286.8,286.8,286.4,286.45,8784,
2024-02-13 11:01:00+05:30,286.6,286.95,286.55,286.9,22866,
2024-02-13 11:02:00+05:30,286.9,286.9,286.8,286.9,19600,
2024-02-13 11:03:00+05:30,286.9,286.9,286.55,286.7,8154,
2024-02-13 11:04:00+05:30,286.7,286.8,286.6,286.8,6142,
2024-02-13 11:05:00+05:30,286.8,286.9,286.6,286.8,14404,
2024-02-13 11:06:00+05:30,286.85,286.9,286.7,286.9,4768,
2024-02-13 11:07:00+05:30,286.9,287.6,286.8,287.6,37652,
2024-02-13 11:08:00+05:30,287.6,288.2,287.1,287.35,120544,
2024-02-13 11:09:00+05:30,287.4,288.15,287.4,287.8,26770,
2024-02-13 11:10:00+05:30,287.8,287.85,287.55,287.6,29408,
2024-02-13 11:11:00+05:30,287.6,287.95,287.5,287.95,30580,
2024-02-13 11:12:00+05:30,287.95,288.75,287.95,288.65,84270,
2024-02-13 11:13:00+05:30,288.65,288.75,288.4,288.75,48238,
2024-02-13 11:14:00+05:30,288.65,289.05,288.6,288.7,38944,
2024-02-13 11:15:00+05:30,288.7,288.7,288.05,288.15,26658,
2024-02-13 11:16:00+05:30,288.25,288.35,287.4,287.55,21406,
2024-02-13 11:17:00+05:30,287.55,287.6,286.75,287.05,18826,
2024-02-13 11:18:00+05:30,286.95,287.15,286.7,287.05,14336,
2024-02-13 11:19:00+05:30,287.05,287.05,286.15,286.6,39418,
2024-02-13 11:20:00+05:30,286.6,287.6,286.25,287.6,32004,
2024-02-13 11:21:00+05:30,287.6,287.6,286.55,286.8,63892,
2024-02-13 11:22:00+05:30,286.7,286.8,286.55,286.7,49336,
2024-02-13 11:23:00+05:30,286.7,286.7,286.25,286.45,19092,
2024-02-13 11:24:00+05:30,286.45,286.7,286.35,286.5,27834,
2024-02-13 11:25:00+05:30,286.5,286.6,286.25,286.35,25038,
2024-02-13 11:26:00+05:30,286.25,286.25,285.55,285.65,39808,
2024-02-13 11:27:00+05:30,285.85,285.85,285.55,285.65,23204,
2024-02-13 11:28:00+05:30,285.55,285.9,285.55,285.85,36504,
2024-02-13 11:29:00+05:30,285.85,285.85,285.45,285.45,12838,
2024-02-13 11:30:00+05:30,285.55,285.55,284.6,284.8,113054,
2024-02-13 11:31:00+05:30,284.8,284.85,284.4,284.85,69296,
2024-02-13 11:32:00+05:30,284.85,284.85,284.75,284.85,17222,
2024-02-13 11:33:00+05:30,284.85,285.15,284.8,285.15,26744,
2024-02-13 11:34:00+05:30,285.25,285.35,284.85,284.95,26740,
2024-02-13 11:35:00+05:30,285.05,285.15,284.85,284.85,23518,
2024-02-13 11:36:00+05:30,284.95,284.95,284.3,284.3,23770,
2024-02-13 11:37:00+05:30,284.4,284.6,284.15,284.6,19112,
2024-02-13 11:38:00+05:30,284.65,284.7,284.45,284.65,14218,
2024-02-13 11:39:00+05:30,284.65,284.85,284.6,284.8,26316,
2024-02-13 11:40:00+05:30,284.5,284.65,284.05,284.15,40878,
2024-02-13 11:41:00+05:30,284.15,284.2,283.1,283.3,73338,
2024-02-13 11:42:00+05:30,283.4,283.55,283.05,283.4,67400,
2024-02-13 11:43:00+05:30,283.4,284,283.4,283.8,22636,
2024-02-13 11:44:00+05:30,283.9,283.95,283.4,283.5,16542,
2024-02-13 11:45:00+05:30,283.65,283.8,283.4,283.65,18396,
2024-02-13 11:46:00+05:30,283.65,284.05,283.6,284,19556,
2024-02-13 11:47:00+05:30,284,284.1,283.5,283.6,41768,
2024-02-13 11:48:00+05:30,283.65,283.85,283.45,283.8,61538,
2024-02-13 11:49:00+05:30,283.8,284.05,283.8,284,14196,
2024-02-13 11:50:00+05:30,284,285.2,283.95,285.05,81496,
2024-02-13 11:51:00+05:30,285.05,286.05,284.8,285.25,116308,
2024-02-13 11:52:00+05:30,285.25,285.25,284.8,285,21628,
2024-02-13 11:53:00+05:30,285.1,285.15,284.85,285,9304,
2024-02-13 11:54:00+05:30,285,285.6,284.8,285.35,39286,
2024-02-13 11:55:00+05:30,285.35,285.75,285.35,285.65,18780,
2024-02-13 11:56:00+05:30,285.65,286.1,285.6,285.85,34498,
2024-02-13 11:57:00+05:30,285.9,285.9,285.6,285.8,18388,
2024-02-13 11:58:00+05:30,285.6,285.85,285.55,285.85,11682,
2024-02-13 11:59:00+05:30,285.85,285.85,285.5,285.75,11512,
2024-02-13 12:00:00+05:30,285.75,285.75,285.2,285.25,4378,
2024-02-13 12:01:00+05:30,285.25,285.5,285.25,285.45,6214,
2024-02-13 12:02:00+05:30,285.45,285.45,284.95,285.3,14938,
2024-02-13 12:03:00+05:30,285.3,285.3,284.15,284.15,21994,
2024-02-13 12:04:00+05:30,284.2,284.7,284.2,284.55,14882,
2024-02-13 12:05:00+05:30,284.55,284.7,284.1,284.1,5534,
2024-02-13 12:06:00+05:30,284.3,284.65,284.1,284.5,5478,
2024-02-13 12:07:00+05:30,284.6,284.65,284.35,284.5,17970,
2024-02-13 12:08:00+05:30,284.4,284.45,283.55,283.8,73966,
2024-02-13 12:09:00+05:30,283.7,283.7,283.25,283.4,96578,
2024-02-13 12:10:00+05:30,283.4,283.4,283.05,283.25,80732,
2024-02-13 12:11:00+05:30,283.25,283.5,283.05,283.35,80136,
2024-02-13 12:12:00+05:30,283.5,283.6,283.1,283.2,97582,
2024-02-13 12:13:00+05:30,283.2,283.2,282.8,283.05,57398,
2024-02-13 12:14:00+05:30,282.95,282.95,282.05,282.25,69770,
2024-02-13 12:15:00+05:30,282.35,282.35,281.95,282.2,60326,
2024-02-13 12:16:00+05:30,282.2,282.65,281.95,282.5,62498,
2024-02-13 12:17:00+05:30,282.65,282.65,281.95,282.05,57352,
2024-02-13 12:18:00+05:30,282.15,282.65,282.05,282.6,54024,
2024-02-13 12:19:00+05:30,282.55,282.95,282.55,282.75,58660,
2024-02-13 12:20:00+05:30,282.6,282.8,282.45,282.75,13884,
2024-02-13 12:21:00+05:30,282.8,282.8,282.35,282.7,38904,
2024-02-13 12:22:00+05:30,282.7,283.15,282.65,283,12626,
2024-02-13 12:23:00+05:30,282.95,283.15,282.75,282.95,33064,
2024-02-13 12:24:00+05:30,282.95,283.25,282.85,283.1,18890,
2024-02-13 12:25:00+05:30,283.05,283.1,282.1,282.35,32674,
2024-02-13 12:26:00+05:30,282.35,282.55,282.25,282.35,3838,
2024-02-13 12:27:00+05:30,282.35,282.45,282.1,282.3,14982,
2024-02-13 12:28:00+05:30,282.3,282.45,281.85,282.05,23980,
2024-02-13 12:29:00+05:30,282.05,282.8,281.85,282.75,35016,
2024-02-13 12:30:00+05:30,282.8,282.95,282.15,282.15,20598,
2024-02-13 12:31:00+05:30,282.35,282.45,282.05,282.2,12710,
2024-02-13 12:32:00+05:30,282.15,282.65,281.95,282.25,17440,
2024-02-13 12:33:00+05:30,282.4,282.85,282.2,282.85,8210,
2024-02-13 12:34:00+05:30,282.85,283.15,282.7,283.15,26336,
2024-02-13 12:35:00+05:30,283.1,283.1,282.35,282.35,32050,
2024-02-13 12:36:00+05:30,282,282.15,281.5,281.55,27456,
2024-02-13 12:37:00+05:30,281.7,281.85,281.55,281.75,15818,
2024-02-13 12:38:00+05:30,281.75,282.45,281.7,282.45,26318,
2024-02-13 12:39:00+05:30,282.45,283.4,282.45,283.05,59232,
2024-02-13 12:40:00+05:30,283.1,283.1,282.55,282.75,22340,
2024-02-13 12:41:00+05:30,282.75,282.9,282.35,282.35,15634,
2024-02-13 12:42:00+05:30,282.35,282.45,282.05,282.4,31228,
2024-02-13 12:43:00+05:30,282.25,282.4,282.1,282.35,10470,
2024-02-13 12:44:00+05:30,282.25,282.85,282.2,282.75,18630,
2024-02-13 12:45:00+05:30,282.55,282.85,282.4,282.7,11158,
2024-02-13 12:46:00+05:30,282.85,283.4,282.7,283.3,32388,
2024-02-13 12:47:00+05:30,283.3,283.6,283,283,31730,
2024-02-13 12:48:00+05:30,283.05,283.2,282.85,283.05,10478,
2024-02-13 12:49:00+05:30,282.95,283.2,282.85,283.05,9802,
2024-02-13 12:50:00+05:30,283.15,283.15,282.5,282.8,12714,
2024-02-13 12:51:00+05:30,282.75,282.95,282.75,282.85,11540,
2024-02-13 12:52:00+05:30,282.85,283.2,282.85,283.2,9328,
2024-02-13 12:53:00+05:30,283.15,283.4,283.05,283.4,14318,
2024-02-13 12:54:00+05:30,283.35,283.7,283.2,283.35,36068,
2024-02-13 12:55:00+05:30,283.35,283.6,283.3,283.45,21464,
2024-02-13 12:56:00+05:30,283.4,283.6,283.3,283.4,18330,
2024-02-13 12:57:00+05:30,283.4,283.5,283.2,283.5,11288,
2024-02-13 12:58:00+05:30,283.5,283.6,283.4,283.6,12748,
2024-02-13 12:59:00+05:30,283.6,283.9,283.6,283.9,35478,
2024-02-13 13:00:00+05:30,283.9,284.45,283.85,284.4,29724,
2024-02-13 13:01:00+05:30,284.4,284.5,284.1,284.4,40026,
2024-02-13 13:02:00+05:30,284.4,284.7,284.1,284.7,29736,
2024-02-13 13:03:00+05:30,284.75,284.8,284.45,284.55,17058,
2024-02-13 13:04:00+05:30,284.4,284.7,284.4,284.6,19622,
2024-02-13 13:05:00+05:30,284.6,284.7,284.3,284.55,11254,
2024-02-13 13:06:00+05:30,284.5,284.55,284.1,284.3,15112,
2024-02-13 13:07:00+05:30,284.25,284.65,284.15,284.3,28700,
2024-02-13 13:08:00+05:30,284.35,284.35,284,284,8448,
2024-02-13 13:09:00+05:30,284.05,284.35,283.9,284.2,12560,
2024-02-13 13:10:00+05:30,284.2,284.35,283.7,284.15,23482,
2024-02-13 13:11:00+05:30,284.15,284.25,283.95,284,2142,
2024-02-13 13:12:00+05:30,284,284,283.65,283.8,26382,
2024-02-13 13:13:00+05:30,283.8,283.85,283.05,283.15,29948,
2024-02-13 13:14:00+05:30,283.2,283.4,282.75,283.4,18526,
2024-02-13 13:15:00+05:30,283.35,283.9,283.3,283.7,20796,
2024-02-13 13:16:00+05:30,283.7,283.85,283.5,283.8,10890,
2024-02-13 13:17:00+05:30,283.8,284.1,283.75,284,9366,
2024-02-13 13:18:00+05:30,284.1,284.3,283.9,283.9,19596,
2024-02-13 13:19:00+05:30,284,284,283.6,283.8,12746,
2024-02-13 13:20:00+05:30,283.9,283.9,283.3,283.3,3800,
2024-02-13 13:21:00+05:30,283.4,283.65,283.25,283.35,10562,
2024-02-13 13:22:00+05:30,283.3,283.4,283.1,283.1,2690,
2024-02-13 13:23:00+05:30,283.15,283.55,283.1,283.25,18896,
2024-02-13 13:24:00+05:30,283.25,283.6,283.15,283.15,14996,
2024-02-13 13:25:00+05:30,283.15,283.4,283.15,283.25,6068,
2024-02-13 13:26:00+05:30,283.3,283.5,283.15,283.5,10108,
2024-02-13 13:27:00+05:30,283.45,283.95,283.4,283.95,12074,
2024-02-13 13:28:00+05:30,283.8,284,283.5,283.75,26114,
2024-02-13 13:29:00+05:30,283.8,283.9,283.75,283.8,2932,
2024-02-13 13:30:00+05:30,283.8,283.9,283.6,283.8,6344,
2024-02-13 13:31:00+05:30,283.75,284.3,283.75,284.2,28026,
2024-02-13 13:32:00+05:30,284.2,284.3,284,284.1,9622,
2024-02-13 13:33:00+05:30,284.15,284.15,283.9,284.1,4564,
2024-02-13 13:34:00+05:30,284.05,284.25,284.05,284.15,9130,
2024-02-13 13:35:00+05:30,284.15,284.2,283.7,283.7,17924,
2024-02-13 13:36:00+05:30,283.7,284,283.5,283.85,9282,
2024-02-13 13:37:00+05:30,284,284,283.85,283.9,4136,
2024-02-13 13:38:00+05:30,283.9,284.15,283.9,284.1,7550,
2024-02-13 13:39:00+05:30,284.1,284.2,283.8,283.9,8128,
2024-02-13 13:40:00+05:30,283.9,284.3,283.7,284.3,10376,
2024-02-13 13:41:00+05:30,284.3,284.35,284.1,284.2,10430,
2024-02-13 13:42:00+05:30,284.2,284.2,283.9,283.9,12634,
2024-02-13 13:43:00+05:30,284,284.2,283.9,284.1,6940,
2024-02-13 13:44:00+05:30,284.05,284.15,284,284,9382,
2024-02-13 13:45:00+05:30,284.1,284.1,284,284,4258,
2024-02-13 13:46:00+05:30,284,284,283.9,283.9,15038,
2024-02-13 13:47:00+05:30,283.9,283.9,283.5,283.8,35426,
2024-02-13 13:48:00+05:30,283.75,283.75,283.6,283.6,7358,
2024-02-13 13:49:00+05:30,283.6,283.8,283.4,283.55,9194,
2024-02-13 13:50:00+05:30,283.55,283.85,283.5,283.7,14688,
2024-02-13 13:51:00+05:30,283.7,283.7,283.3,283.3,16664,
2024-02-13 13:52:00+05:30,283.3,283.8,283.3,283.5,41708,
2024-02-13 13:53:00+05:30,283.6,284.2,283.5,284,30606,
2024-02-13 13:54:00+05:30,284.05,284.3,283.8,283.8,21362,
2024-02-13 13:55:00+05:30,283.8,283.9,283.65,283.65,16914,
2024-02-13 13:56:00+05:30,283.65,284,283.65,283.9,10672,
2024-02-13 13:57:00+05:30,283.9,283.9,283.5,283.5,5534,
2024-02-13 13:58:00+05:30,283.55,283.55,283.45,283.55,8440,
2024-02-13 13:59:00+05:30,283.5,283.9,283.45,283.65,17468,
2024-02-13 14:00:00+05:30,283.75,283.9,283.5,283.9,17570,
2024-02-13 14:01:00+05:30,283.85,284,283.6,283.9,30988,
2024-02-13 14:02:00+05:30,283.9,283.9,283.6,283.7,19164,
2024-02-13 14:03:00+05:30,283.5,283.85,283.4,283.7,29242,
2024-02-13 14:04:00+05:30,283.7,283.7,283.5,283.5,6176,
2024-02-13 14:05:00+05:30,283.6,283.9,283.6,283.8,21734,
2024-02-13 14:06:00+05:30,283.8,283.8,283.3,283.3,14214,
2024-02-13 14:07:00+05:30,283.3,283.75,283.3,283.7,11308,
2024-02-13 14:08:00+05:30,283.7,283.7,283.4,283.45,12698,
2024-02-13 14:09:00+05:30,283.45,283.5,283.3,283.3,10408,
2024-02-13 14:10:00+05:30,283.3,283.3,283.05,283.1,11202,
2024-02-13 14:11:00+05:30,283.05,283.05,282.6,282.75,17698,
2024-02-13 14:12:00+05:30,282.65,282.85,282.55,282.55,10580,
2024-02-13 14:13:00+05:30,282.65,282.9,282.45,282.75,30870,
2024-02-13 14:14:00+05:30,282.75,282.85,282.7,282.8,13132,
2024-02-13 14:15:00+05:30,282.95,282.95,282.8,282.85,6366,
2024-02-13 14:16:00+05:30,282.85,282.85,282.45,282.7,12402,
2024-02-13 14:17:00+05:30,282.65,283.15,282.65,282.85,13698,
2024-02-13 14:18:00+05:30,282.85,283,282.85,282.85,5568,
2024-02-13 14:19:00+05:30,282.9,282.9,282.45,282.45,14930,
2024-02-13 14:20:00+05:30,282.55,282.65,282.3,282.4,18366,
2024-02-13 14:21:00+05:30,282.45,282.85,282.4,282.65,8444,
2024-02-13 14:22:00+05:30,282.65,282.85,282.6,282.65,5916,
2024-02-13 14:23:00+05:30,282.65,282.75,282.6,282.7,8232,
2024-02-13 14:24:00+05:30,282.7,283,282.55,282.9,11882,
2024-02-13 14:25:00+05:30,282.85,283.3,282.85,283.1,23468,
2024-02-13 14:26:00+05:30,283.05,283.2,282.65,282.85,6126,
2024-02-13 14:27:00+05:30,282.85,282.95,282.85,282.95,5460,
2024-02-13 14:28:00+05:30,282.95,282.95,282.65,282.7,7362,
2024-02-13 14:29:00+05:30,282.75,282.85,282.55,282.8,8430,
2024-02-13 14:30:00+05:30,282.75,283.05,282.75,282.85,6560,
2024-02-13 14:31:00+05:30,282.9,283.05,282.85,282.95,5634,
2024-02-13 14:32:00+05:30,282.95,283.05,282.95,283,7162,
2024-02-13 14:33:00+05:30,283.05,283.45,283.05,283.3,21888,
2024-02-13 14:34:00+05:30,283.25,283.5,283.25,283.35,32376,
2024-02-13 14:35:00+05:30,283.35,283.4,283.3,283.3,8020,
2024-02-13 14:36:00+05:30,283.3,283.3,283.15,283.25,21006,
2024-02-13 14:37:00+05:30,283.25,283.25,282.95,282.95,8884,
2024-02-13 14:38:00+05:30,283,283.05,282.7,282.75,9014,
2024-02-13 14:39:00+05:30,282.75,282.75,282.55,282.65,19422,
2024-02-13 14:40:00+05:30,282.65,282.85,282.45,282.65,20654,
2024-02-13 14:41:00+05:30,282.65,282.85,282.5,282.8,5534,
2024-02-13 14:42:00+05:30,282.8,282.8,282.6,282.7,7334,
2024-02-13 14:43:00+05:30,282.7,282.95,282.7,282.8,7864,
2024-02-13 14:44:00+05:30,282.8,282.85,282.55,282.55,16918,
2024-02-13 14:45:00+05:30,282.55,282.65,282.5,282.65,5802,
2024-02-13 14:46:00+05:30,282.85,282.85,282.45,282.45,20006,
2024-02-13 14:47:00+05:30,282.45,282.6,282.15,282.35,19850,
2024-02-13 14:48:00+05:30,282.35,282.35,281.95,282.1,12228,
2024-02-13 14:49:00+05:30,282.05,282.1,281.85,281.95,20194,
2024-02-13 14:50:00+05:30,281.95,282.35,281.95,282.15,25970,
2024-02-13 14:51:00+05:30,282.2,282.25,282.05,282.15,8944,
2024-02-13 14:52:00+05:30,282.15,282.55,282.1,282.55,10304,
2024-02-13 14:53:00+05:30,282.55,282.85,282.15,282.65,16830,
2024-02-13 14:54:00+05:30,282.65,282.85,282.65,282.8,11684,
2024-02-13 14:55:00+05:30,282.95,283.1,282.7,283.1,53050,
2024-02-13 14:56:00+05:30,283.05,283.2,282.9,282.95,32094,
2024-02-13 14:57:00+05:30,282.95,283.05,282.95,283,9078,
2024-02-13 14:58:00+05:30,283,283.15,282.85,282.95,13500,
2024-02-13 14:59:00+05:30,282.95,283.15,282.95,283.1,9614,
2024-02-13 15:00:00+05:30,283.1,283.3,283,283.25,23220,
2024-02-13 15:01:00+05:30,283.3,283.3,282.95,282.95,14106,
2024-02-13 15:02:00+05:30,282.95,283.15,282.9,282.95,19958,
2024-02-13 15:03:00+05:30,282.95,283.15,282.85,282.85,10368,
2024-02-13 15:04:00+05:30,282.85,282.9,282.65,282.85,12212,
2024-02-13 15:05:00+05:30,282.85,283,282.8,282.95,17880,
2024-02-13 15:06:00+05:30,282.95,282.95,282.75,282.85,14594,
2024-02-13 15:07:00+05:30,282.85,283.15,282.85,282.95,15548,
2024-02-13 15:08:00+05:30,283,283,282.85,282.85,41696,
2024-02-13 15:09:00+05:30,282.85,283.1,282.85,282.95,19544,
2024-02-13 15:10:00+05:30,283.15,283.2,282.95,283.05,33626,
2024-02-13 15:11:00+05:30,283.05,283.05,282.75,282.75,27426,
2024-02-13 15:12:00+05:30,282.85,283.05,282.75,282.95,53552,
2024-02-13 15:13:00+05:30,282.95,282.95,282.65,282.7,28822,
2024-02-13 15:14:00+05:30,282.75,282.95,282.65,282.85,24548,
2024-02-13 15:15:00+05:30,282.85,283.05,282.75,282.95,40354,
2024-02-13 15:16:00+05:30,283.05,283.05,282.75,282.95,63796,
2024-02-13 15:17:00+05:30,282.95,283.05,282.95,282.95,18912,
2024-02-13 15:18:00+05:30,283.05,283.4,282.95,283.3,38592,
2024-02-13 15:19:00+05:30,283.3,283.55,283.3,283.55,22492,
2024-02-13 15:20:00+05:30,283.5,283.5,283.25,283.3,50158,
2024-02-13 15:21:00+05:30,283.3,283.5,283.25,283.4,21210,
2024-02-13 15:22:00+05:30,283.4,283.4,283.25,283.25,19124,
2024-02-13 15:23:00+05:30,283.25,283.5,283.25,283.4,20290,
2024-02-13 15:24:00+05:30,283.35,283.5,283.3,283.4,35758,
2024-02-13 15:25:00+05:30,283.4,283.45,283.25,283.25,25980,
2024-02-13 15:26:00+05:30,283.25,283.4,283.25,283.35,15982,
2024-02-13 15:27:00+05:30,283.35,283.4,283.05,283.2,35500,
2024-02-13 15:28:00+05:30,283.2,283.35,283.15,283.3,13958,
2024-02-13 15:29:00+05:30,283.3,283.4,282.95,283.25,14012,
2024-02-14 09:15:00+05:30,281.95,286.35,281.95,286.05,528566,
2024-02-14 09:16:00+05:30,285.95,288.65,285.95,287.6,507030,
2024-02-14 09:17:00+05:30,287.7,288.4,286.8,287.2,337006,
2024-02-14 09:18:00+05:30,287.1,288.75,286.8,288.25,523152,
2024-02-14 09:19:00+05:30,288.4,289.55,287.8,289.55,517558,
2024-02-14 09:20:00+05:30,289.6,290.2,287.2,287.5,593210,
2024-02-14 09:21:00+05:30,287.2,287.9,286.55,286.75,374478,
2024-02-14 09:22:00+05:30,286.7,286.7,285.4,285.6,364956,
2024-02-14 09:23:00+05:30,285.65,286.05,285.15,285.25,233730,
2024-02-14 09:24:00+05:30,285.25,285.75,284.8,284.8,172012,
2024-02-14 09:25:00+05:30,284.6,284.85,284.25,284.4,130036,
2024-02-14 09:26:00+05:30,284.4,284.8,284.2,284.3,186346,
2024-02-14 09:27:00+05:30,284.4,284.85,283.9,284.7,258684,
2024-02-14 09:28:00+05:30,284.8,285.15,284.5,284.8,170126,
2024-02-14 09:29:00+05:30,284.85,284.85,284.4,284.4,99386,
2024-02-14 09:30:00+05:30,284.65,284.7,284.1,284.2,85994,
2024-02-14 09:31:00+05:30,284.2,284.6,283.4,284.5,268900,
2024-02-14 09:32:00+05:30,284.4,284.6,284.25,284.3,130988,
2024-02-14 09:33:00+05:30,284.3,284.65,284.1,284.5,144476,
2024-02-14 09:34:00+05:30,284.5,284.75,284.2,284.5,74454,
2024-02-14 09:35:00+05:30,284.4,285.5,284.3,285.15,168864,
2024-02-14 09:36:00+05:30,285.05,285.55,284.6,284.6,185636,
2024-02-14 09:37:00+05:30,284.6,285.05,284.45,285.05,110024,
2024-02-14 09:38:00+05:30,285.05,285.05,284.5,285,55734,
2024-02-14 09:39:00+05:30,285.05,285.05,284.25,284.4,154992,
2024-02-14 09:40:00+05:30,284.5,284.65,284.1,284.45,103470,
2024-02-14 09:41:00+05:30,284.4,284.6,284.3,284.45,36376,
2024-02-14 09:42:00+05:30,284.5,284.9,284.25,284.9,56878,
2024-02-14 09:43:00+05:30,284.85,285.6,284.75,285.55,149426,
2024-02-14 09:44:00+05:30,285.45,285.85,285.1,285.75,83768,
2024-02-14 09:45:00+05:30,285.75,285.85,284.85,285,99530,
2024-02-14 09:46:00+05:30,284.85,285.35,284.65,284.95,59552,
2024-02-14 09:47:00+05:30,284.95,285.55,284.85,285.35,109542,
2024-02-14 09:48:00+05:30,285.25,285.35,284.8,284.8,44372,
2024-02-14 09:49:00+05:30,284.8,284.85,284.4,284.6,67232,
2024-02-14 09:50:00+05:30,284.7,284.7,284.15,284.6,66376,
2024-02-14 09:51:00+05:30,284.5,284.6,284.4,284.45,47434,
2024-02-14 09:52:00+05:30,284.5,284.8,284.4,284.6,48760,
2024-02-14 09:53:00+05:30,284.65,285.15,284.65,284.95,37896,
2024-02-14 09:54:00+05:30,284.95,284.95,284.65,284.8,134896,
2024-02-14 09:55:00+05:30,284.8,285.35,284.8,285.25,76282,
2024-02-14 09:56:00+05:30,285.2,285.45,285.1,285.35,34580,
2024-02-14 09:57:00+05:30,285.45,286.1,285.4,285.85,108674,
2024-02-14 09:58:00+05:30,285.95,286.05,285.75,285.8,49142,
2024-02-14 09:59:00+05:30,285.8,285.85,285.65,285.65,27472,
2024-02-14 10:00:00+05:30,285.65,286.5,285.65,286.25,154656,
2024-02-14 10:01:00+05:30,286.25,286.5,286.2,286.35,57228,
2024-02-14 10:02:00+05:30,286.25,286.7,286.25,286.7,144498,
2024-02-14 10:03:00+05:30,286.9,287,286.05,286.35,175476,
2024-02-14 10:04:00+05:30,286.35,286.45,284.9,285.1,85234,
2024-02-14 10:05:00+05:30,285.05,285.55,284.85,285.45,49362,
2024-02-14 10:06:00+05:30,285.4,286.05,285.4,285.85,79564,
2024-02-14 10:07:00+05:30,285.85,285.85,285.6,285.75,25352,
2024-02-14 10:08:00+05:30,285.75,285.75,285.25,285.55,44894,
2024-02-14 10:09:00+05:30,285.5,286.1,285.35,286.05,44560,
2024-02-14 10:10:00+05:30,286.1,286.15,285.95,286.05,37020,
2024-02-14 10:11:00+05:30,286.45,286.7,286.1,286.15,63234,
2024-02-14 10:12:00+05:30,286.15,286.55,286.05,286.35,75092,
2024-02-14 10:13:00+05:30,286.35,286.5,286.35,286.35,61262,
2024-02-14 10:14:00+05:30,286.35,286.6,286.35,286.5,60414,
2024-02-14 10:15:00+05:30,286.45,286.55,286.35,286.35,49636,
2024-02-14 10:16:00+05:30,286.35,286.75,286.35,286.6,47834,
2024-02-14 10:17:00+05:30,286.6,287.3,286.45,287.1,140842,
2024-02-14 10:18:00+05:30,287.3,287.6,287.05,287.55,82046,
2024-02-14 10:19:00+05:30,287.6,287.8,287,287.3,157662,
2024-02-14 10:20:00+05:30,287.2,287.3,286.6,286.6,72752,
2024-02-14 10:21:00+05:30,286.6,286.75,286.45,286.5,33952,
2024-02-14 10:22:00+05:30,286.5,286.5,286.15,286.5,37102,
2024-02-14 10:23:00+05:30,286.5,286.5,285.9,286.15,62608,
2024-02-14 10:24:00+05:30,286.15,286.55,286.15,286.25,29756,
2024-02-14 10:25:00+05:30,286.25,286.6,286.25,286.5,21364,
2024-02-14 10:26:00+05:30,286.45,286.45,286.35,286.35,10444,
2024-02-14 10:27:00+05:30,286.35,286.8,286.35,286.6,37544,
2024-02-14 10:28:00+05:30,286.45,286.6,286.35,286.45,12484,
2024-02-14 10:29:00+05:30,286.5,286.5,286.15,286.35,33282,
2024-02-14 10:30:00+05:30,286.35,286.35,285.25,285.35,68958,
2024-02-14 10:31:00+05:30,285.35,285.85,285.15,285.75,56674,
2024-02-14 10:32:00+05:30,285.65,287.15,285.65,287.05,249614,
2024-02-14 10:33:00+05:30,287.05,287.05,286.8,286.8,32264,
2024-02-14 10:34:00+05:30,286.8,286.95,286.8,286.8,24146,
2024-02-14 10:35:00+05:30,286.8,288.65,286.8,287.9,1063826,
2024-02-14 10:36:00+05:30,287.9,288.55,287.9,288.25,115036,
2024-02-14 10:37:00+05:30,288.25,288.45,287.7,287.9,59696,
2024-02-14 10:38:00+05:30,287.75,287.9,287.5,287.6,49292,
2024-02-14 10:39:00+05:30,287.8,287.9,287.6,287.9,27272,
2024-02-14 10:40:00+05:30,287.9,288,287.8,287.9,24014,
2024-02-14 10:41:00+05:30,287.65,288.7,287.65,288.25,296028,
2024-02-14 10:42:00+05:30,288.25,288.4,288.25,288.25,66512,
2024-02-14 10:43:00+05:30,288.25,288.55,288.1,288.3,83882,
2024-02-14 10:44:00+05:30,288.35,288.45,288.3,288.35,26324,
2024-02-14 10:45:00+05:30,288.35,288.65,288.3,288.55,33156,
2024-02-14 10:46:00+05:30,288.65,288.65,288.45,288.45,23032,
2024-02-14 10:47:00+05:30,288.45,288.5,288.25,288.35,39608,
2024-02-14 10:48:00+05:30,288.45,288.45,288.25,288.35,20766,
2024-02-14 10:49:00+05:30,288.35,288.55,288.3,288.55,22072,
2024-02-14 10:50:00+05:30,288.45,288.75,288.45,288.75,30442,
2024-02-14 10:51:00+05:30,288.75,288.85,288.25,288.45,135870,
2024-02-14 10:52:00+05:30,288.45,288.5,288.25,288.35,58412,
2024-02-14 10:53:00+05:30,288.45,288.65,288.35,288.5,33596,
2024-02-14 10:54:00+05:30,288.55,288.55,288.45,288.5,8256,
2024-02-14 10:55:00+05:30,288.5,288.5,288.25,288.25,25416,
2024-02-14 10:56:00+05:30,288.25,288.45,288.25,288.4,33160,
2024-02-14 10:57:00+05:30,288.3,288.65,288.25,288.45,46166,
2024-02-14 10:58:00+05:30,288.55,288.55,288.25,288.25,24810,
2024-02-14 10:59:00+05:30,288.25,288.45,288.25,288.25,73972,
2024-02-14 11:00:00+05:30,288.25,288.25,288,288.2,68488,
2024-02-14 11:01:00+05:30,288.2,288.2,287.4,287.4,37708,
2024-02-14 11:02:00+05:30,287.4,287.95,287.4,287.9,56282,
2024-02-14 11:03:00+05:30,287.9,287.95,287.1,287.1,39296,
2024-02-14 11:04:00+05:30,287.1,287.5,287.1,287.5,23046,
2024-02-14 11:05:00+05:30,287.5,287.8,287.5,287.7,18198,
2024-02-14 11:06:00+05:30,287.65,287.7,287.3,287.5,32550,
2024-02-14 11:07:00+05:30,287.5,288.05,287.5,288.05,40778,
2024-02-14 11:08:00+05:30,288.15,288.25,288,288,10876,
2024-02-14 11:09:00+05:30,288.1,288.15,287.9,287.9,10640,
2024-02-14 11:10:00+05:30,287.9,288,287.8,287.9,14092,
2024-02-14 11:11:00+05:30,288,288,287.8,287.8,11676,
2024-02-14 11:12:00+05:30,287.8,287.9,287.7,287.7,71086,
2024-02-14 11:13:00+05:30,287.7,287.9,287.1,287.1,36898,
2024-02-14 11:14:00+05:30,287.2,287.75,287.1,287.7,27362,
2024-02-14 11:15:00+05:30,287.7,288,287.6,287.95,28576,
2024-02-14 11:16:00+05:30,287.95,288.3,287.9,288.05,42252,
2024-02-14 11:17:00+05:30,288.15,288.25,288,288.25,36682,
2024-02-14 11:18:00+05:30,288.25,288.45,288.1,288.35,23376,
2024-02-14 11:19:00+05:30,288.15,288.35,288.15,288.35,15086,
2024-02-14 11:20:00+05:30,288.35,288.95,288.25,288.95,104304,
2024-02-14 11:21:00+05:30,288.95,289.4,288.65,289.35,134584,
2024-02-14 11:22:00+05:30,289.4,289.55,288.95,289.1,55508,
2024-02-14 11:23:00+05:30,289.1,289.25,288.75,288.85,50172,
2024-02-14 11:24:00+05:30,288.75,289.45,288.75,289.45,79618,
2024-02-14 11:25:00+05:30,289.45,290.3,289.2,290.1,214926,
2024-02-14 11:26:00+05:30,290.1,291.15,290.1,291.15,268826,
2024-02-14 11:27:00+05:30,291.1,292.45,291.05,292.25,254016,
2024-02-14 11:28:00+05:30,292.25,292.45,291.1,291.4,197016,
2024-02-14 11:29:00+05:30,291.5,291.85,291.15,291.45,103364,
2024-02-14 11:30:00+05:30,291.55,292.55,291.25,292.4,133622,
2024-02-14 11:31:00+05:30,292.25,292.5,291.45,291.6,97084,
2024-02-14 11:32:00+05:30,291.65,292.15,291.65,291.95,58604,
2024-02-14 11:33:00+05:30,291.95,292.3,291.9,292.15,62950,
2024-02-14 11:34:00+05:30,292.15,292.25,291.65,291.65,64568,
2024-02-14 11:35:00+05:30,291.75,291.9,291.5,291.85,80136,
2024-02-14 11:36:00+05:30,291.75,291.95,291.1,291.15,104268,
2024-02-14 11:37:00+05:30,291.2,291.65,291.1,291.4,57692,
2024-02-14 11:38:00+05:30,291.5,291.65,291.25,291.55,33598,
2024-02-14 11:39:00+05:30,291.65,292.55,291.55,292.45,108432,
2024-02-14 11:40:00+05:30,292.35,292.9,292.3,292.85,126546,
2024-02-14 11:41:00+05:30,293.1,293.5,292.55,292.55,289166,
2024-02-14 11:42:00+05:30,292.6,293.1,292.4,293.1,107686,
2024-02-14 11:43:00+05:30,293,293.3,293,293.15,87104,
2024-02-14 11:44:00+05:30,293.05,293.3,292.95,293.3,92196,
2024-02-14 11:45:00+05:30,293.3,293.6,293.1,293.3,130928,
2024-02-14 11:46:00+05:30,293.25,293.4,293,293.1,121714,
2024-02-14 11:47:00+05:30,293.05,293.3,292.75,292.85,68022,
2024-02-14 11:48:00+05:30,292.8,294.05,292.8,293.85,162858,
2024-02-14 11:49:00+05:30,293.85,294.05,293.5,293.9,136570,
2024-02-14 11:50:00+05:30,294.2,294.3,293.8,294.1,200972,
2024-02-14 11:51:00+05:30,293.9,294.2,293.4,293.8,99246,
2024-02-14 11:52:00+05:30,293.8,294.25,293.65,293.9,83570,
2024-02-14 11:53:00+05:30,293.9,294.2,293.85,294.1,62666,
2024-02-14 11:54:00+05:30,294.25,294.25,293.9,294.1,60412,
2024-02-14 11:55:00+05:30,294.25,294.85,294.1,294.8,165340,
2024-02-14 11:56:00+05:30,294.75,295.2,294.55,295.15,174026,
2024-02-14 11:57:00+05:30,295.2,295.85,295.05,295.45,359110,
2024-02-14 11:58:00+05:30,295.65,295.8,295.45,295.8,124012,
2024-02-14 11:59:00+05:30,295.8,295.8,295.25,295.55,241618,
2024-02-14 12:00:00+05:30,295.55,295.8,295.35,295.8,103628,
2024-02-14 12:01:00+05:30,295.7,296.7,295.65,295.8,326472,
2024-02-14 12:02:00+05:30,295.75,296.35,295.75,296.25,156870,
2024-02-14 12:03:00+05:30,296.25,296.3,295.55,295.8,186224,
2024-02-14 12:04:00+05:30,295.75,295.95,295.65,295.8,49226,
2024-02-14 12:05:00+05:30,295.8,296.85,295.8,296.35,224054,
2024-02-14 12:06:00+05:30,296.4,296.95,296.3,296.8,155214,
2024-02-14 12:07:00+05:30,296.7,297.3,296.5,297.15,192004,
2024-02-14 12:08:00+05:30,297.15,297.55,297.05,297.55,205684,
2024-02-14 12:09:00+05:30,297.5,298.25,297.35,297.95,379562,
2024-02-14 12:10:00+05:30,297.95,298.7,297.75,298.05,338842,
2024-02-14 12:11:00+05:30,297.95,297.95,297.1,297.2,544110,
2024-02-14 12:12:00+05:30,297.15,297.45,296.4,297.1,255340,
2024-02-14 12:13:00+05:30,297.1,297.25,296.6,296.6,122412,
2024-02-14 12:14:00+05:30,296.6,296.8,296.1,296.25,165362,
2024-02-14 12:15:00+05:30,296.3,296.75,296.1,296.75,116110,
2024-02-14 12:16:00+05:30,296.75,297.85,296.7,297.75,191520,
2024-02-14 12:17:00+05:30,297.85,297.85,297.35,297.45,82348,
2024-02-14 12:18:00+05:30,297.5,297.9,297.45,297.85,158104,
2024-02-14 12:19:00+05:30,297.85,297.85,297.65,297.65,40226,
2024-02-14 12:20:00+05:30,297.7,297.8,297.25,297.25,88288,
2024-02-14 12:21:00+05:30,297.35,297.45,297,297.4,83660,
2024-02-14 12:22:00+05:30,297.35,297.55,296.8,297,96980,
2024-02-14 12:23:00+05:30,297,297.3,296.9,297,45596,
2024-02-14 12:24:00+05:30,297,297.2,296.35,296.35,94352,
2024-02-14 12:25:00+05:30,296.5,297,296.5,296.95,62314,
2024-02-14 12:26:00+05:30,296.9,297.25,296.9,297.05,78194,
2024-02-14 12:27:00+05:30,297.05,297.4,296.95,297.3,76746,
2024-02-14 12:28:00+05:30,297.4,297.65,297.3,297.35,76568,
2024-02-14 12:29:00+05:30,297.35,297.35,296.5,296.5,82538,
2024-02-14 12:30:00+05:30,296.5,297.7,296.4,297.7,229138,
2024-02-14 12:31:00+05:30,297.7,298.35,297.45,298.05,642012,
2024-02-14 12:32:00+05:30,298.05,298.35,297.85,297.9,162548,
2024-02-14 12:33:00+05:30,298,298.05,297.75,298.05,171514,
2024-02-14 12:34:00+05:30,298,298.05,297.9,297.9,52732,
2024-02-14 12:35:00+05:30,298.05,298.05,297.75,297.95,191568,
2024-02-14 12:36:00+05:30,297.95,298.45,297.95,298.15,202252,
2024-02-14 12:37:00+05:30,298.05,298.15,297.65,297.9,135518,
2024-02-14 12:38:00+05:30,298.05,298.1,297.75,297.95,60352,
2024-02-14 12:39:00+05:30,297.95,298.1,297.95,298.05,57118,
2024-02-14 12:40:00+05:30,298.05,298.25,297.95,297.95,74874,
2024-02-14 12:41:00+05:30,297.95,298.2,297.95,298.1,32814,
2024-02-14 12:42:00+05:30,298.15,298.15,297.85,298.05,158664,
2024-02-14 12:43:00+05:30,298.05,298.2,297.9,298.2,92594,
2024-02-14 12:44:00+05:30,298.2,298.2,297.9,298.05,49362,
2024-02-14 12:45:00+05:30,298.05,298.05,297.75,298.05,53380,
2024-02-14 12:46:00+05:30,297.9,299.3,297.9,299.1,416332,
2024-02-14 12:47:00+05:30,299.1,299.6,299,299.4,307472,
2024-02-14 12:48:00+05:30,299.3,299.4,299.15,299.4,100046,
2024-02-14 12:49:00+05:30,299.3,299.4,298.9,299.1,115014,
2024-02-14 12:50:00+05:30,299,299.15,298.15,298.45,164858,
2024-02-14 12:51:00+05:30,298.4,298.45,298.15,298.3,68408,
2024-02-14 12:52:00+05:30,298.3,298.3,297.95,297.95,210692,
2024-02-14 12:53:00+05:30,297.95,298.05,297.95,297.95,59768,
2024-02-14 12:54:00+05:30,298.05,298.05,297.75,297.85,79568,
2024-02-14 12:55:00+05:30,297.7,298.6,297.65,298.35,219212,
2024-02-14 12:56:00+05:30,298.3,298.45,298.2,298.25,55588,
2024-02-14 12:57:00+05:30,298.35,298.45,298.15,298.2,31492,
2024-02-14 12:58:00+05:30,298.2,298.4,297.95,298.05,105422,
2024-02-14 12:59:00+05:30,298.05,298.25,297.95,298.15,37922,
2024-02-14 13:00:00+05:30,298.25,298.3,298.05,298.25,25114,
2024-02-14 13:01:00+05:30,298.25,298.25,297.95,298.05,37584,
2024-02-14 13:02:00+05:30,298.05,298.15,297.95,297.95,48356,
2024-02-14 13:03:00+05:30,297.95,298.4,297.95,298.25,54254,
2024-02-14 13:04:00+05:30,298.25,298.45,298.25,298.35,42728,
2024-02-14 13:05:00+05:30,298.45,298.45,298.15,298.2,33950,
2024-02-14 13:06:00+05:30,298.2,298.35,298.15,298.25,24766,
2024-02-14 13:07:00+05:30,298.25,298.45,297.95,298.3,110584,
2024-02-14 13:08:00+05:30,298.3,298.35,298.05,298.15,18174,
2024-02-14 13:09:00+05:30,298.1,298.2,297.95,297.95,47548,
2024-02-14 13:10:00+05:30,298.05,298.15,297.8,298.15,107548,
2024-02-14 13:11:00+05:30,298.2,298.9,298.1,298.75,145378,
2024-02-14 13:12:00+05:30,298.6,298.7,298.1,298.15,77442,
2024-02-14 13:13:00+05:30,298.1,298.5,298.05,298.45,37650,
2024-02-14 13:14:00+05:30,298.45,298.65,298.25,298.55,42112,
2024-02-14 13:15:00+05:30,298.6,298.65,298.35,298.6,35446,
2024-02-14 13:16:00+05:30,298.6,298.85,298.5,298.75,46972,
2024-02-14 13:17:00+05:30,298.85,299.25,298.8,299,138326,
2024-02-14 13:18:00+05:30,299.1,299.1,298.75,298.9,86060,
2024-02-14 13:19:00+05:30,298.85,299.1,298.65,298.75,53192,
2024-02-14 13:20:00+05:30,298.9,298.9,298.65,298.8,39244,
2024-02-14 13:21:00+05:30,298.8,298.9,298.65,298.8,32940,
2024-02-14 13:22:00+05:30,298.9,298.9,298.75,298.85,15658,
2024-02-14 13:23:00+05:30,298.85,299.1,298.75,298.9,71286,
2024-02-14 13:24:00+05:30,298.9,298.9,298.55,298.75,39322,
2024-02-14 13:25:00+05:30,298.75,298.75,298.35,298.6,63964,
2024-02-14 13:26:00+05:30,298.65,298.9,298.65,298.85,37012,
2024-02-14 13:27:00+05:30,298.85,299.3,298.85,299.1,90282,
2024-02-14 13:28:00+05:30,299,299.6,298.9,299.35,139192,
2024-02-14 13:29:00+05:30,299.35,299.6,299.2,299.4,81512,
2024-02-14 13:30:00+05:30,299.4,300.4,299.2,299.8,333852,
2024-02-14 13:31:00+05:30,300.05,300.05,297.95,298.15,249962,
2024-02-14 13:32:00+05:30,298.15,298.15,297,297.3,348130,
2024-02-14 13:33:00+05:30,297.25,297.65,297.2,297.3,122100,
2024-02-14 13:34:00+05:30,297.3,297.45,296.25,296.3,192908,
2024-02-14 13:35:00+05:30,296.45,296.95,296.3,296.75,137296,
2024-02-14 13:36:00+05:30,296.85,297.35,296.8,296.95,236512,
2024-02-14 13:37:00+05:30,297,297.2,296.9,296.9,94206,
2024-02-14 13:38:00+05:30,297,297.6,297,297.6,81274,
2024-02-14 13:39:00+05:30,297.6,298.2,297.45,298.05,106558,
2024-02-14 13:40:00+05:30,298,299.7,297.85,298.75,617902,
2024-02-14 13:41:00+05:30,298.7,298.8,297.95,298.05,81494,
2024-02-14 13:42:00+05:30,298.05,298.1,297.45,297.95,119782,
2024-02-14 13:43:00+05:30,297.9,298.35,297.75,298.05,42206,
2024-02-14 13:44:00+05:30,298.05,298.25,298.05,298.05,24586,
2024-02-14 13:45:00+05:30,298.2,298.7,298.05,298.7,72634,
2024-02-14 13:46:00+05:30,298.65,298.65,298.2,298.25,44014,
2024-02-14 13:47:00+05:30,298.35,298.55,298.05,298.55,38690,
2024-02-14 13:48:00+05:30,298.55,298.55,298.1,298.15,30882,
2024-02-14 13:49:00+05:30,298.25,298.45,298.15,298.45,34146,
2024-02-14 13:50:00+05:30,298.45,298.45,297.75,297.85,51744,
2024-02-14 13:51:00+05:30,297.95,298.1,297.3,297.35,586580,
2024-02-14 13:52:00+05:30,297.45,297.85,297.35,297.35,55718,
2024-02-14 13:53:00+05:30,297.45,297.65,297.2,297.3,59020,
2024-02-14 13:54:00+05:30,297.3,297.3,296.8,296.95,97560,
2024-02-14 13:55:00+05:30,296.95,297.35,296.95,297.1,68392,
2024-02-14 13:56:00+05:30,297.1,297.3,296.8,296.8,51870,
2024-02-14 13:57:00+05:30,296.8,297.85,296.8,297.85,100008,
2024-02-14 13:58:00+05:30,297.65,297.8,297.2,297.4,93314,
2024-02-14 13:59:00+05:30,297.35,297.45,297.1,297.35,35830,
2024-02-14 14:00:00+05:30,297.35,297.7,297.2,297.35,113098,
2024-02-14 14:01:00+05:30,297.35,298.05,297.2,297.95,137306,
2024-02-14 14:02:00+05:30,297.95,298.3,297.45,297.65,63468,
2024-02-14 14:03:00+05:30,297.7,297.95,297.45,297.8,27898,
2024-02-14 14:04:00+05:30,297.85,298.15,297.8,298.05,60264,
2024-02-14 14:05:00+05:30,298.05,298.4,297.9,298.15,64880,
2024-02-14 14:06:00+05:30,298.25,298.45,298.25,298.4,49198,
2024-02-14 14:07:00+05:30,298.35,298.45,298.15,298.15,48784,
2024-02-14 14:08:00+05:30,298.15,298.75,298.15,298.75,89450,
2024-02-14 14:09:00+05:30,298.75,299.25,298.75,299.05,183638,
2024-02-14 14:10:00+05:30,299.15,299.15,298.85,299,71810,
2024-02-14 14:11:00+05:30,299,299.4,299,299.35,92344,
2024-02-14 14:12:00+05:30,299.4,299.65,298.9,298.9,158736,
2024-02-14 14:13:00+05:30,298.9,299.4,298.9,299.2,74622,
2024-02-14 14:14:00+05:30,299.2,299.6,299.05,299.4,109314,
2024-02-14 14:15:00+05:30,299.2,299.45,299,299.3,63924,
2024-02-14 14:16:00+05:30,299.3,299.4,299.2,299.25,27756,
2024-02-14 14:17:00+05:30,299.3,299.4,299.2,299.2,37934,
2024-02-14 14:18:00+05:30,299.2,300.25,299.1,300,226728,
2024-02-14 14:19:00+05:30,300,300.25,299.85,299.9,135142,
2024-02-14 14:20:00+05:30,299.9,300.1,299.8,300.1,59294,
2024-02-14 14:21:00+05:30,300.2,300.2,299.7,299.8,123484,
2024-02-14 14:22:00+05:30,299.8,299.9,299.5,299.8,53742,
2024-02-14 14:23:00+05:30,299.85,300,299.45,299.8,89098,
2024-02-14 14:24:00+05:30,299.85,299.95,299.8,299.9,48808,
2024-02-14 14:25:00+05:30,299.9,300,299.8,299.9,60178,
2024-02-14 14:26:00+05:30,300,300.15,299.9,300.05,44430,
2024-02-14 14:27:00+05:30,300.2,300.35,300.1,300.3,81174,
2024-02-14 14:28:00+05:30,300.3,300.3,299.65,299.9,93212,
2024-02-14 14:29:00+05:30,299.9,300.15,299.8,299.95,74800,
2024-02-14 14:30:00+05:30,300.1,301.6,300.1,301.45,441814,
2024-02-14 14:31:00+05:30,301.35,301.75,301.15,301.65,199442,
2024-02-14 14:32:00+05:30,301.45,302.1,301.45,302.05,235886,
2024-02-14 14:33:00+05:30,301.95,302.15,301.75,301.95,288306,
2024-02-14 14:34:00+05:30,302.05,302.05,301.15,301.55,196468,
2024-02-14 14:35:00+05:30,301.55,302.05,301.5,301.95,215018,
2024-02-14 14:36:00+05:30,302.05,303.4,301.95,303.3,485830,
2024-02-14 14:37:00+05:30,303.25,303.65,302.85,303.65,265810,
2024-02-14 14:38:00+05:30,303.75,304.55,303.75,304.25,496608,
2024-02-14 14:39:00+05:30,304.45,304.8,304.15,304.55,268438,
2024-02-14 14:40:00+05:30,304.65,304.9,304.5,304.75,355022,
2024-02-14 14:41:00+05:30,304.85,304.95,304.5,304.65,286916,
2024-02-14 14:42:00+05:30,304.55,304.65,303.5,304.05,243108,
2024-02-14 14:43:00+05:30,304.05,304.35,303.85,304.15,150030,
2024-02-14 14:44:00+05:30,304.15,304.5,304.05,304.05,116082,
2024-02-14 14:45:00+05:30,304.05,304.1,303.45,303.65,132226,
2024-02-14 14:46:00+05:30,303.85,304.5,303.8,304.45,125614,
2024-02-14 14:47:00+05:30,304.45,304.5,303.1,303.2,216320,
2024-02-14 14:48:00+05:30,303.15,303.65,303.05,303.55,95000,
2024-02-14 14:49:00+05:30,303.6,303.95,303.3,303.6,136624,
2024-02-14 14:50:00+05:30,303.6,303.6,302.8,303.25,158240,
2024-02-14 14:51:00+05:30,303.3,303.5,303.1,303.35,100128,
2024-02-14 14:52:00+05:30,303.3,303.3,303.1,303.2,49396,
2024-02-14 14:53:00+05:30,303.2,303.3,302.85,303.05,180286,
2024-02-14 14:54:00+05:30,303.2,303.2,302.2,302.35,601840,
2024-02-14 14:55:00+05:30,302.3,302.95,302.3,302.6,147818,
2024-02-14 14:56:00+05:30,302.7,303.25,302.65,303.15,111026,
2024-02-14 14:57:00+05:30,303.15,303.2,302.05,302.05,121912,
2024-02-14 14:58:00+05:30,302.1,302.55,302.1,302.4,104284,
2024-02-14 14:59:00+05:30,302.4,302.55,302.3,302.4,80878,
2024-02-14 15:00:00+05:30,302.4,302.6,301.65,302.6,223700,
2024-02-14 15:01:00+05:30,302.6,303,302.45,302.7,130558,
2024-02-14 15:02:00+05:30,302.7,302.7,302.45,302.55,84218,
2024-02-14 15:03:00+05:30,302.55,302.8,302.55,302.65,59136,
2024-02-14 15:04:00+05:30,302.7,302.7,302.3,302.45,66692,
2024-02-14 15:05:00+05:30,302.5,302.8,302.45,302.7,55738,
2024-02-14 15:06:00+05:30,302.7,302.8,302.6,302.75,119576,
2024-02-14 15:07:00+05:30,302.7,302.7,302.05,302.05,250692,
2024-02-14 15:08:00+05:30,302.1,302.2,301.5,301.75,203882,
2024-02-14 15:09:00+05:30,301.8,301.85,301.5,301.75,130874,
2024-02-14 15:10:00+05:30,301.75,301.85,300.7,301,331728,
2024-02-14 15:11:00+05:30,301,301.25,300.75,300.95,221678,
2024-02-14 15:12:00+05:30,301,301.25,300.8,301,221026,
2024-02-14 15:13:00+05:30,301.15,301.85,301.05,301.55,239782,
2024-02-14 15:14:00+05:30,301.45,301.85,301.4,301.75,153382,
2024-02-14 15:15:00+05:30,301.85,301.85,301.25,301.35,183416,
2024-02-14 15:16:00+05:30,301.35,301.8,301.35,301.45,155268,
2024-02-14 15:17:00+05:30,301.45,301.85,301.4,301.8,151278,
2024-02-14 15:18:00+05:30,301.8,302.25,301.7,302.2,284578,
2024-02-14 15:19:00+05:30,302.2,302.5,301.85,302.2,283952,
2024-02-14 15:20:00+05:30,302.1,303.3,302.1,302.7,389022,
2024-02-14 15:21:00+05:30,302.7,302.8,302.5,302.5,140502,
2024-02-14 15:22:00+05:30,302.5,302.8,302.5,302.7,79168,
2024-02-14 15:23:00+05:30,302.7,302.85,302.65,302.8,117978,
2024-02-14 15:24:00+05:30,302.9,303.3,302.8,303.25,178918,
2024-02-14 15:25:00+05:30,303.25,303.25,302.4,303.15,252792,
2024-02-14 15:26:00+05:30,303.2,303.3,303,303.1,105260,
2024-02-14 15:27:00+05:30,303.1,303.3,303.05,303.3,91124,
2024-02-14 15:28:00+05:30,303.1,303.65,303.1,303.6,143734,
2024-02-14 15:29:00+05:30,303.45,303.7,303.05,303.6,65452,
2024-02-15 09:15:00+05:30,305.2,305.2,303.3,304.7,554862,
2024-02-15 09:16:00+05:30,304.5,304.5,302.6,303.65,377554,
2024-02-15 09:17:00+05:30,303.65,304.75,303.45,304.15,255162,
2024-02-15 09:18:00+05:30,304.05,304.15,302.8,303.35,249804,
2024-02-15 09:19:00+05:30,303.2,304.4,302.7,303.4,195196,
2024-02-15 09:20:00+05:30,303.3,304.05,302.4,302.55,188790,
2024-02-15 09:21:00+05:30,302.45,304.15,301.9,304.15,252922,
2024-02-15 09:22:00+05:30,304.25,304.25,303.6,304.15,311144,
2024-02-15 09:23:00+05:30,304.35,307.1,304.25,306.85,1088862,
2024-02-15 09:24:00+05:30,307.45,308.5,306.95,308.5,808850,
2024-02-15 09:25:00+05:30,308.7,308.8,307.25,307.5,642864,
2024-02-15 09:26:00+05:30,307.55,308.4,306.75,308.4,308992,
2024-02-15 09:27:00+05:30,308.3,308.7,307.65,308.4,266962,
2024-02-15 09:28:00+05:30,308.4,308.6,307.85,308.15,242766,
2024-02-15 09:29:00+05:30,307.95,308.2,306.7,307.55,235768,
2024-02-15 09:30:00+05:30,307.55,307.65,306.85,307.45,134196,
2024-02-15 09:31:00+05:30,307.65,309.85,307.3,309.65,605562,
2024-02-15 09:32:00+05:30,309.9,310.45,309.5,309.85,444628,
2024-02-15 09:33:00+05:30,309.85,310.05,308.7,309.3,307790,
2024-02-15 09:34:00+05:30,309.2,309.6,309.05,309.4,156466,
2024-02-15 09:35:00+05:30,309.3,310.8,308.95,310.45,395246,
2024-02-15 09:36:00+05:30,310.85,310.85,308.25,309.15,318270,
2024-02-15 09:37:00+05:30,309,309.2,308.35,308.5,190302,
2024-02-15 09:38:00+05:30,308.6,310.35,308.4,310.35,230526,
2024-02-15 09:39:00+05:30,310.35,310.45,309.1,309.75,179024,
2024-02-15 09:40:00+05:30,309.65,309.65,309,309.5,121490,
2024-02-15 09:41:00+05:30,309.55,310.25,309.25,309.85,319248,
2024-02-15 09:42:00+05:30,309.8,310.05,309.6,309.7,171082,
2024-02-15 09:43:00+05:30,309.85,309.85,308.9,309,118582,
2024-02-15 09:44:00+05:30,308.95,309.05,308.4,308.6,190900,
2024-02-15 09:45:00+05:30,308.6,308.7,307.55,308.15,264388,
2024-02-15 09:46:00+05:30,308.25,308.45,308.05,308.25,101852,
2024-02-15 09:47:00+05:30,308.2,308.85,308.15,308.85,82384,
2024-02-15 09:48:00+05:30,308.85,310.05,308.85,309.5,170506,
2024-02-15 09:49:00+05:30,309.6,309.7,308.8,309,101726,
2024-02-15 09:50:00+05:30,308.9,309.85,308.9,309.6,96896,
2024-02-15 09:51:00+05:30,309.6,309.95,309.1,309.85,116242,
2024-02-15 09:52:00+05:30,309.95,310.05,309.55,310.05,437202,
2024-02-15 09:53:00+05:30,310,310.25,309.85,310.05,316954,
2024-02-15 09:54:00+05:30,310.1,311.4,310.1,311.4,557720,
2024-02-15 09:55:00+05:30,311.4,311.65,310.3,311.05,499754,
2024-02-15 09:56:00+05:30,311.15,311.15,309.85,309.85,228092,
2024-02-15 09:57:00+05:30,309.9,310.1,308.85,309.85,295296,
2024-02-15 09:58:00+05:30,309.85,309.95,309.6,309.9,83210,
2024-02-15 09:59:00+05:30,309.95,310.2,309.6,309.9,130314,
2024-02-15 10:00:00+05:30,310.05,310.45,309.7,310.45,73200,
2024-02-15 10:01:00+05:30,310.4,311.25,310.4,311.25,151624,
2024-02-15 10:02:00+05:30,311.25,311.95,311.2,311.5,268528,
2024-02-15 10:03:00+05:30,311.35,311.75,311.3,311.7,140514,
2024-02-15 10:04:00+05:30,311.8,312.3,311.35,311.5,242504,
2024-02-15 10:05:00+05:30,311.5,311.85,311.4,311.7,112884,
2024-02-15 10:06:00+05:30,311.85,312.5,311.8,312.4,298758,
2024-02-15 10:07:00+05:30,312.4,312.5,311.35,311.6,224972,
2024-02-15 10:08:00+05:30,311.6,311.95,311.5,311.9,105838,
2024-02-15 10:09:00+05:30,311.9,312.1,311.35,311.35,164724,
2024-02-15 10:10:00+05:30,311.35,311.8,311.15,311.6,162184,
2024-02-15 10:11:00+05:30,311.7,311.95,311.3,311.3,101456,
2024-02-15 10:12:00+05:30,311.35,312,311.3,311.8,90774,
2024-02-15 10:13:00+05:30,311.8,312.4,311.65,311.95,145934,
2024-02-15 10:14:00+05:30,311.95,312.05,311.5,312,178870,
2024-02-15 10:15:00+05:30,312.3,312.3,311.5,311.55,77546,
2024-02-15 10:16:00+05:30,311.7,312.2,311.5,312.2,141352,
2024-02-15 10:17:00+05:30,312.2,312.4,311.7,311.7,134244,
2024-02-15 10:18:00+05:30,311.85,311.9,311.55,311.7,52782,
2024-02-15 10:19:00+05:30,311.55,311.85,311.2,311.8,126146,
2024-02-15 10:20:00+05:30,311.8,311.95,311.55,311.85,76088,
2024-02-15 10:21:00+05:30,311.85,312.4,311.85,312,111802,
2024-02-15 10:22:00+05:30,312.05,312.2,311.5,311.6,100894,
2024-02-15 10:23:00+05:30,311.6,311.6,310.45,310.65,295380,
2024-02-15 10:24:00+05:30,310.65,311.5,310.55,311.2,94572,
2024-02-15 10:25:00+05:30,311.35,311.85,311.15,311.85,66448,
2024-02-15 10:26:00+05:30,311.75,311.95,311.25,311.3,97010,
2024-02-15 10:27:00+05:30,311.3,312.95,311.15,312.8,337878,
2024-02-15 10:28:00+05:30,312.8,313.15,312.65,312.95,206126,
2024-02-15 10:29:00+05:30,312.95,313.45,312.75,312.75,340138,
2024-02-15 10:30:00+05:30,312.65,313.15,312.3,312.7,236578,
2024-02-15 10:31:00+05:30,312.8,313.25,312.7,312.9,118474,
2024-02-15 10:32:00+05:30,312.9,313.25,312.8,313.1,97222,
2024-02-15 10:33:00+05:30,313.2,313.25,312.5,313.1,134844,
2024-02-15 10:34:00+05:30,313.1,313.35,312.8,312.8,86548,
2024-02-15 10:35:00+05:30,312.85,312.95,311.6,311.75,300924,
2024-02-15 10:36:00+05:30,311.7,311.7,310.9,311.15,235004,
2024-02-15 10:37:00+05:30,311.15,311.25,310.65,311.05,133248,
2024-02-15 10:38:00+05:30,311.05,311.25,310.65,310.65,131904,
2024-02-15 10:39:00+05:30,310.65,310.8,309.85,310,273628,
2024-02-15 10:40:00+05:30,309.95,310.25,309.8,310.05,123056,
2024-02-15 10:41:00+05:30,310.05,310.3,308.95,309.2,302706,
2024-02-15 10:42:00+05:30,309.2,309.95,308.9,309.95,192256,
2024-02-15 10:43:00+05:30,309.85,310.25,309.6,310.25,142762,
2024-02-15 10:44:00+05:30,310.25,310.75,310.2,310.35,137824,
2024-02-15 10:45:00+05:30,310.5,310.7,309.6,309.6,111994,
2024-02-15 10:46:00+05:30,309.6,309.85,309.4,309.7,118094,
2024-02-15 10:47:00+05:30,309.7,309.95,309.7,309.8,58040,
2024-02-15 10:48:00+05:30,309.8,309.85,309.25,309.4,56932,
2024-02-15 10:49:00+05:30,309.4,309.4,308.9,308.9,75170,
2024-02-15 10:50:00+05:30,308.95,309.3,308.85,309.2,63054,
2024-02-15 10:51:00+05:30,309.1,309.85,309.1,309.6,76338,
2024-02-15 10:52:00+05:30,309.5,310,309.3,309.85,74954,
2024-02-15 10:53:00+05:30,309.85,310.3,309.7,309.95,75700,
2024-02-15 10:54:00+05:30,309.85,310.1,309.65,309.75,28440,
2024-02-15 10:55:00+05:30,309.8,309.8,308.9,309.2,80140,
2024-02-15 10:56:00+05:30,309.3,309.3,307.95,308.45,180140,
2024-02-15 10:57:00+05:30,308.45,309.3,308.35,308.75,114864,
2024-02-15 10:58:00+05:30,308.75,309,308.65,308.8,80240,
2024-02-15 10:59:00+05:30,308.95,309.1,308.6,308.9,73884,
2024-02-15 11:00:00+05:30,308.9,309.45,308.75,309.35,58530,
2024-02-15 11:01:00+05:30,309.5,309.8,309.1,309.1,96926,
2024-02-15 11:02:00+05:30,309.1,309.2,308.4,309,52824,
2024-02-15 11:03:00+05:30,309,309.15,308.9,309.05,33722,
2024-02-15 11:04:00+05:30,309.05,309.1,308.8,308.85,27692,
2024-02-15 11:05:00+05:30,308.85,309.4,308.8,309.2,33070,
2024-02-15 11:06:00+05:30,309.2,309.4,309.2,309.35,36202,
2024-02-15 11:07:00+05:30,309.4,309.8,309.35,309.7,37652,
2024-02-15 11:08:00+05:30,309.7,310.4,309.6,310.4,113844,
2024-02-15 11:09:00+05:30,310.4,310.7,310.25,310.55,99100,
2024-02-15 11:10:00+05:30,310.55,310.65,309.8,309.8,161224,
2024-02-15 11:11:00+05:30,309.8,310.55,309.75,310.55,101494,
2024-02-15 11:12:00+05:30,310.45,311.65,310.45,311.25,203620,
2024-02-15 11:13:00+05:30,311.4,312.25,311.3,311.5,184788,
2024-02-15 11:14:00+05:30,311.6,312.2,311.3,311.95,132226,
2024-02-15 11:15:00+05:30,311.9,312.25,311.35,311.35,135258,
2024-02-15 11:16:00+05:30,311.35,312.5,310.85,312.5,191932,
2024-02-15 11:17:00+05:30,312.4,312.5,311.7,311.85,200290,
2024-02-15 11:18:00+05:30,311.85,312.2,311.5,311.5,91942,
2024-02-15 11:19:00+05:30,311.5,311.6,311.4,311.4,75330,
2024-02-15 11:20:00+05:30,311.4,311.6,311.05,311.05,64410,
2024-02-15 11:21:00+05:30,311.05,311.15,310.55,310.55,103030,
2024-02-15 11:22:00+05:30,310.55,311.05,310.45,310.85,66954,
2024-02-15 11:23:00+05:30,310.95,311.35,310.85,311.25,50780,
2024-02-15 11:24:00+05:30,311.25,311.35,311.15,311.25,29530,
2024-02-15 11:25:00+05:30,311.25,311.7,310.85,311.6,53182,
2024-02-15 11:26:00+05:30,311.6,312,311.4,311.7,51406,
2024-02-15 11:27:00+05:30,311.8,311.85,311.5,311.75,39742,
2024-02-15 11:28:00+05:30,311.8,311.8,311.7,311.7,45662,
2024-02-15 11:29:00+05:30,311.8,312.05,311.7,311.9,90640,
2024-02-15 11:30:00+05:30,311.9,312.3,311.8,312.2,86858,
2024-02-15 11:31:00+05:30,312.25,312.25,311.35,311.4,79968,
2024-02-15 11:32:00+05:30,311.35,311.4,311.15,311.4,42576,
2024-02-15 11:33:00+05:30,311.35,311.5,311.25,311.3,39884,
2024-02-15 11:34:00+05:30,311.3,311.35,310.65,310.65,44846,
2024-02-15 11:35:00+05:30,310.75,311.15,310.55,311.05,42902,
2024-02-15 11:36:00+05:30,311.05,311.25,310.5,310.55,92830,
2024-02-15 11:37:00+05:30,310.55,310.75,310.3,310.7,52536,
2024-02-15 11:38:00+05:30,310.7,310.95,310.65,310.85,31194,
2024-02-15 11:39:00+05:30,310.85,310.85,310.35,310.55,78196,
2024-02-15 11:40:00+05:30,310.55,310.75,310.55,310.65,33734,
2024-02-15 11:41:00+05:30,310.65,310.8,310.65,310.65,32294,
2024-02-15 11:42:00+05:30,310.65,310.75,310.15,310.35,129956,
2024-02-15 11:43:00+05:30,310.45,310.65,310.35,310.45,28188,
2024-02-15 11:44:00+05:30,310.5,310.75,310.45,310.75,22702,
2024-02-15 11:45:00+05:30,310.75,311.3,310.75,311.25,51082,
2024-02-15 11:46:00+05:30,311.15,311.85,311.15,311.8,77886,
2024-02-15 11:47:00+05:30,311.75,312.7,311.7,312.65,468138,
2024-02-15 11:48:00+05:30,312.6,313.3,312.5,313.05,692854,
2024-02-15 11:49:00+05:30,313.05,313.05,312.5,312.5,146764,
2024-02-15 11:50:00+05:30,312.55,312.6,312.3,312.55,100120,
2024-02-15 11:51:00+05:30,312.5,312.9,312.3,312.7,176978,
2024-02-15 11:52:00+05:30,312.55,313.05,312.5,312.8,81560,
2024-02-15 11:53:00+05:30,312.8,312.95,312.5,312.6,39648,
2024-02-15 11:54:00+05:30,312.7,313.05,312.6,313,82118,
2024-02-15 11:55:00+05:30,313,313.65,312.95,313.45,168104,
2024-02-15 11:56:00+05:30,313.6,313.65,313.05,313.2,126352,
2024-02-15 11:57:00+05:30,313.25,313.25,312.8,312.9,77122,
2024-02-15 11:58:00+05:30,312.9,312.9,311.8,312.4,125884,
2024-02-15 11:59:00+05:30,312.5,312.55,312,312.2,43862,
2024-02-15 12:00:00+05:30,312.05,312.4,312,312.35,36300,
2024-02-15 12:01:00+05:30,312.5,313.45,312.35,313.35,88396,
2024-02-15 12:02:00+05:30,313.35,313.65,313.05,313.65,176452,
2024-02-15 12:03:00+05:30,313.75,313.9,313.25,313.4,178872,
2024-02-15 12:04:00+05:30,313.25,313.55,313.25,313.45,48244,
2024-02-15 12:05:00+05:30,313.45,314.7,313.4,314.55,454644,
2024-02-15 12:06:00+05:30,314.45,314.45,314.15,314.35,109458,
2024-02-15 12:07:00+05:30,314.35,314.8,314.2,314.55,241268,
2024-02-15 12:08:00+05:30,314.5,314.75,314.5,314.65,134968,
2024-02-15 12:09:00+05:30,314.65,314.65,313.55,314.55,290066,
2024-02-15 12:10:00+05:30,314.55,314.55,313.8,314.05,119788,
2024-02-15 12:11:00+05:30,314.05,314.35,313.75,313.75,121500,
2024-02-15 12:12:00+05:30,313.85,314.1,313.7,314,49094,
2024-02-15 12:13:00+05:30,314,314.25,313.95,313.95,37600,
2024-02-15 12:14:00+05:30,314,314.25,313.95,314.1,77242,
2024-02-15 12:15:00+05:30,314.1,314.35,314.05,314.2,42412,
2024-02-15 12:16:00+05:30,314.2,314.55,314.15,314.15,79250,
2024-02-15 12:17:00+05:30,314.15,314.15,312.8,313.05,160812,
2024-02-15 12:18:00+05:30,312.95,313.1,312.55,312.95,98800,
2024-02-15 12:19:00+05:30,312.9,313.65,312.9,313.65,103850,
2024-02-15 12:20:00+05:30,313.55,313.85,313.1,313.85,469254,
2024-02-15 12:21:00+05:30,313.45,314.45,313.45,314.45,170896,
2024-02-15 12:22:00+05:30,314.45,314.9,314.25,314.8,250298,
2024-02-15 12:23:00+05:30,314.8,315.35,314.8,315.05,846482,
2024-02-15 12:24:00+05:30,315.05,315.6,314.9,315.4,290336,
2024-02-15 12:25:00+05:30,315.5,315.8,315.4,315.5,252500,
2024-02-15 12:26:00+05:30,315.6,315.8,315.45,315.6,260164,
2024-02-15 12:27:00+05:30,315.5,315.6,315.4,315.4,216422,
2024-02-15 12:28:00+05:30,315.4,315.65,315.05,315.5,155072,
2024-02-15 12:29:00+05:30,315.55,315.6,315.2,315.35,199256,
2024-02-15 12:30:00+05:30,315.35,315.6,315.3,315.5,116094,
2024-02-15 12:31:00+05:30,315.55,316.35,315.4,316,351026,
2024-02-15 12:32:00+05:30,316.05,316.15,315.9,316.05,368874,
2024-02-15 12:33:00+05:30,316.15,316.15,315.15,315.2,386094,
2024-02-15 12:34:00+05:30,315.5,315.5,314.35,314.45,421136,
2024-02-15 12:35:00+05:30,314.4,316,314.25,315.55,207438,
2024-02-15 12:36:00+05:30,315.55,316.1,315.3,316.1,171256,
2024-02-15 12:37:00+05:30,316.1,316.55,316,316.15,182960,
2024-02-15 12:38:00+05:30,316.3,316.3,315.95,316,71552,
2024-02-15 12:39:00+05:30,315.9,316.1,315.9,316.1,62812,
2024-02-15 12:40:00+05:30,316.05,316.55,316,316.1,139744,
2024-02-15 12:41:00+05:30,316.15,316.15,315.65,316,74068,
2024-02-15 12:42:00+05:30,315.45,315.6,315,315.5,257516,
2024-02-15 12:43:00+05:30,315.5,315.8,315.4,315.7,46356,
2024-02-15 12:44:00+05:30,315.7,315.95,315.65,315.9,91980,
2024-02-15 12:45:00+05:30,315.8,315.95,315.5,315.9,61550,
2024-02-15 12:46:00+05:30,315.9,316,315.5,315.7,45358,
2024-02-15 12:47:00+05:30,315.7,315.8,315.65,315.7,42670,
2024-02-15 12:48:00+05:30,315.7,315.95,315.65,315.8,57668,
2024-02-15 12:49:00+05:30,315.75,315.8,315.1,315.55,88840,
2024-02-15 12:50:00+05:30,315.5,315.75,315.2,315.6,51334,
2024-02-15 12:51:00+05:30,315.6,315.7,315.2,315.6,81802,
2024-02-15 12:52:00+05:30,315.6,316.1,315.6,316,67824,
2024-02-15 12:53:00+05:30,316,316.1,315.9,316.1,55498,
2024-02-15 12:54:00+05:30,316.1,316.1,315.7,315.7,61002,
2024-02-15 12:55:00+05:30,315.9,316.25,315.7,316.25,100746,
2024-02-15 12:56:00+05:30,316.25,316.25,316.1,316.1,74888,
2024-02-15 12:57:00+05:30,316.1,316.55,316.1,316.15,152596,
2024-02-15 12:58:00+05:30,316.15,316.15,315.25,315.5,100332,
2024-02-15 12:59:00+05:30,315.4,315.8,315.4,315.7,44020,
2024-02-15 13:00:00+05:30,315.65,315.75,315.25,315.45,88840,
2024-02-15 13:01:00+05:30,315.4,315.6,315.25,315.55,52262,
2024-02-15 13:02:00+05:30,315.45,315.6,315.2,315.5,36926,
2024-02-15 13:03:00+05:30,315.5,315.6,315.2,315.6,56634,
2024-02-15 13:04:00+05:30,315.5,315.95,315.5,315.85,92638,
2024-02-15 13:05:00+05:30,315.85,315.95,315.5,315.9,57114,
2024-02-15 13:06:00+05:30,315.9,316.1,315.7,316,66328,
2024-02-15 13:07:00+05:30,315.95,316.1,315.8,315.8,76708,
2024-02-15 13:08:00+05:30,315.8,315.9,315.6,315.7,50656,
2024-02-15 13:09:00+05:30,315.7,316.45,315.7,316.45,85172,
2024-02-15 13:10:00+05:30,316.45,316.55,316.15,316.35,57404,
2024-02-15 13:11:00+05:30,316.45,316.45,316.25,316.35,44330,
2024-02-15 13:12:00+05:30,316.35,316.35,316,316.1,60126,
2024-02-15 13:13:00+05:30,316.1,316.25,316.1,316.25,33428,
2024-02-15 13:14:00+05:30,316.15,316.25,316.1,316.15,42166,
2024-02-15 13:15:00+05:30,316.1,316.25,315.7,315.8,56452,
2024-02-15 13:16:00+05:30,315.8,316,315.7,315.9,74136,
2024-02-15 13:17:00+05:30,315.9,315.95,315.45,315.65,56506,
2024-02-15 13:18:00+05:30,315.8,316.15,315.6,315.9,55678,
2024-02-15 13:19:00+05:30,315.9,315.9,315.45,315.75,59780,
2024-02-15 13:20:00+05:30,315.75,315.85,315.4,315.8,65886,
2024-02-15 13:21:00+05:30,315.8,316.15,315.5,316.1,84676,
2024-02-15 13:22:00+05:30,316.1,316.15,315.75,315.9,55554,
2024-02-15 13:23:00+05:30,315.9,316.25,315.75,316.15,46004,
2024-02-15 13:24:00+05:30,316.2,316.45,315.95,316.25,67482,
2024-02-15 13:25:00+05:30,316.25,316.25,315.7,315.8,51580,
2024-02-15 13:26:00+05:30,315.7,315.8,315.5,315.55,54882,
2024-02-15 13:27:00+05:30,315.65,315.7,315.3,315.7,103962,
2024-02-15 13:28:00+05:30,315.7,315.9,315.5,315.9,41026,
2024-02-15 13:29:00+05:30,315.9,315.9,315.6,315.9,33464,
2024-02-15 13:30:00+05:30,315.85,316.3,315.75,316.1,82154,
2024-02-15 13:31:00+05:30,316.1,316.25,315.95,316.15,39550,
2024-02-15 13:32:00+05:30,316.15,316.5,316.1,316.35,87636,
2024-02-15 13:33:00+05:30,316.35,316.5,316.15,316.35,50460,
2024-02-15 13:34:00+05:30,316.15,316.3,315.8,316.1,54826,
2024-02-15 13:35:00+05:30,316.1,318,316,317.7,526244,
2024-02-15 13:36:00+05:30,317.7,318.3,317.65,318.05,212678,
2024-02-15 13:37:00+05:30,317.9,318.05,317.65,317.9,149124,
2024-02-15 13:38:00+05:30,317.8,318,317.65,317.8,64196,
2024-02-15 13:39:00+05:30,317.8,318,317.6,317.8,105406,
2024-02-15 13:40:00+05:30,317.8,318,317.15,317.7,183316,
2024-02-15 13:41:00+05:30,317.7,317.9,317.15,317.6,92708,
2024-02-15 13:42:00+05:30,317.65,317.8,316.95,317.05,95192,
2024-02-15 13:43:00+05:30,317.05,317.35,317.05,317.25,73900,
2024-02-15 13:44:00+05:30,317.3,317.35,316.85,317.25,132198,
2024-02-15 13:45:00+05:30,317.35,317.6,316.9,317.6,74278,
2024-02-15 13:46:00+05:30,317.45,317.65,317.35,317.5,63550,
2024-02-15 13:47:00+05:30,317.45,317.9,317.45,317.8,80730,
2024-02-15 13:48:00+05:30,317.8,317.8,317.25,317.35,78462,
2024-02-15 13:49:00+05:30,317.25,317.45,317.15,317.35,91102,
2024-02-15 13:50:00+05:30,317.35,317.65,317.25,317.6,44518,
2024-02-15 13:51:00+05:30,317.65,317.65,317.25,317.35,69888,
2024-02-15 13:52:00+05:30,317.55,317.7,317.4,317.55,59412,
2024-02-15 13:53:00+05:30,317.55,317.65,317.15,317.15,82154,
2024-02-15 13:54:00+05:30,317.15,317.55,317.15,317.55,76058,
2024-02-15 13:55:00+05:30,317.45,317.55,317.25,317.25,63222,
2024-02-15 13:56:00+05:30,317.25,317.35,317.2,317.3,50198,
2024-02-15 13:57:00+05:30,317.25,317.65,317.25,317.6,82380,
2024-02-15 13:58:00+05:30,317.55,317.8,317.55,317.65,53552,
2024-02-15 13:59:00+05:30,317.65,318.05,317.65,318,71534,
2024-02-15 14:00:00+05:30,318,318.05,317.55,317.6,78826,
2024-02-15 14:01:00+05:30,317.65,317.75,317.45,317.55,63212,
2024-02-15 14:02:00+05:30,317.55,317.65,317.4,317.4,72878,
2024-02-15 14:03:00+05:30,317.35,317.45,316.75,316.85,123346,
2024-02-15 14:04:00+05:30,316.85,317.25,316.75,316.95,90710,
2024-02-15 14:05:00+05:30,316.95,317.1,316.35,316.85,134906,
2024-02-15 14:06:00+05:30,316.85,317.05,316.65,317,67974,
2024-02-15 14:07:00+05:30,317.05,317.35,316.85,317.3,89368,
2024-02-15 14:08:00+05:30,317.25,317.45,317.1,317.35,68364,
2024-02-15 14:09:00+05:30,317.35,317.35,317.15,317.15,52448,
2024-02-15 14:10:00+05:30,317.05,317.3,316.95,317.15,31892,
2024-02-15 14:11:00+05:30,317.2,317.35,317.15,317.35,45136,
2024-02-15 14:12:00+05:30,317.35,317.45,317.2,317.25,45334,
2024-02-15 14:13:00+05:30,317.25,317.25,316.55,316.9,94094,
2024-02-15 14:14:00+05:30,316.9,316.95,316.25,316.25,82570,
2024-02-15 14:15:00+05:30,316.2,316.45,315.5,315.6,200972,
2024-02-15 14:16:00+05:30,315.6,315.6,314.65,315.15,313550,
2024-02-15 14:17:00+05:30,315.2,316.25,315.1,315.9,130632,
2024-02-15 14:18:00+05:30,315.9,316.15,315.25,315.7,93682,
2024-02-15 14:19:00+05:30,315.7,316.15,315.7,315.7,59812,
2024-02-15 14:20:00+05:30,315.7,315.85,315.4,315.6,77664,
2024-02-15 14:21:00+05:30,315.7,315.7,315.2,315.3,84294,
2024-02-15 14:22:00+05:30,315.3,315.6,314.95,315,81366,
2024-02-15 14:23:00+05:30,315,315.6,314.65,315.45,127652,
2024-02-15 14:24:00+05:30,315.45,315.5,314.65,314.7,66162,
2024-02-15 14:25:00+05:30,314.9,315.3,314.65,315.3,85942,
2024-02-15 14:26:00+05:30,315.2,316.1,315.15,316,116288,
2024-02-15 14:27:00+05:30,316.05,316.55,315.9,316.45,98294,
2024-02-15 14:28:00+05:30,316.45,316.85,316.35,316.75,85974,
2024-02-15 14:29:00+05:30,316.7,316.85,316.45,316.65,60086,
2024-02-15 14:30:00+05:30,316.65,317.35,316.65,317.3,114616,
2024-02-15 14:31:00+05:30,317.25,317.35,316.9,316.95,93206,
2024-02-15 14:32:00+05:30,317.05,317.1,316.1,316.35,101966,
2024-02-15 14:33:00+05:30,316.35,316.75,316.3,316.55,70564,
2024-02-15 14:34:00+05:30,316.55,316.6,316.1,316.25,58542,
2024-02-15 14:35:00+05:30,316.25,316.75,316.15,316.55,55110,
2024-02-15 14:36:00+05:30,316.6,316.9,316.45,316.85,49358,
2024-02-15 14:37:00+05:30,316.85,317.1,316.8,316.95,66218,
2024-02-15 14:38:00+05:30,316.95,317.05,316.85,316.85,39938,
2024-02-15 14:39:00+05:30,316.85,316.95,316.65,316.65,46142,
2024-02-15 14:40:00+05:30,316.65,316.95,316.55,316.65,44086,
2024-02-15 14:41:00+05:30,316.5,316.7,316.25,316.6,40048,
2024-02-15 14:42:00+05:30,316.6,316.7,316.25,316.55,36748,
2024-02-15 14:43:00+05:30,316.65,316.85,316.65,316.75,39908,
2024-02-15 14:44:00+05:30,316.85,316.95,316.7,316.85,41440,
2024-02-15 14:45:00+05:30,316.85,317.15,316.45,316.6,85628,
2024-02-15 14:46:00+05:30,316.45,316.7,316.45,316.45,63964,
2024-02-15 14:47:00+05:30,316.45,316.85,316.45,316.65,46084,
2024-02-15 14:48:00+05:30,316.65,316.8,316.35,316.45,95126,
2024-02-15 14:49:00+05:30,316.45,317,316.35,316.95,59656,
2024-02-15 14:50:00+05:30,316.95,317.05,316.7,316.85,117676,
2024-02-15 14:51:00+05:30,316.75,317.05,316.5,316.65,113652,
2024-02-15 14:52:00+05:30,316.65,316.85,316.5,316.7,65154,
2024-02-15 14:53:00+05:30,316.55,316.8,316.55,316.75,56314,
2024-02-15 14:54:00+05:30,316.75,316.85,316.65,316.85,42540,
2024-02-15 14:55:00+05:30,316.85,316.85,316.45,316.45,72346,
2024-02-15 14:56:00+05:30,316.6,316.6,316.35,316.45,81570,
2024-02-15 14:57:00+05:30,316.45,316.7,316.1,316.7,136404,
2024-02-15 14:58:00+05:30,316.75,316.85,316.55,316.65,37918,
2024-02-15 14:59:00+05:30,316.7,316.8,316.55,316.75,59644,
2024-02-15 15:00:00+05:30,316.8,317,316.6,316.7,102070,
2024-02-15 15:01:00+05:30,316.7,316.75,316.5,316.65,68388,
2024-02-15 15:02:00+05:30,316.65,316.85,315.9,315.9,117228,
2024-02-15 15:03:00+05:30,315.9,316.15,315.9,316.1,87000,
2024-02-15 15:04:00+05:30,316,316.7,316,316.5,109778,
2024-02-15 15:05:00+05:30,316.35,316.7,316.35,316.55,71574,
2024-02-15 15:06:00+05:30,316.55,316.55,316.1,316.35,92244,
2024-02-15 15:07:00+05:30,316.25,316.55,316.15,316.4,97218,
2024-02-15 15:08:00+05:30,316.45,316.85,316.25,316.75,78556,
2024-02-15 15:09:00+05:30,316.75,316.75,316.45,316.65,73350,
2024-02-15 15:10:00+05:30,316.7,316.7,316.15,316.25,219542,
2024-02-15 15:11:00+05:30,316.35,316.35,316.25,316.25,88622,
2024-02-15 15:12:00+05:30,316.25,316.25,315.75,315.75,127538,
2024-02-15 15:13:00+05:30,315.8,315.9,315.7,315.85,113406,
2024-02-15 15:14:00+05:30,315.85,316.15,315.8,316.15,111422,
2024-02-15 15:15:00+05:30,316.15,316.15,315.8,316.1,195618,
2024-02-15 15:16:00+05:30,316.1,316.25,315.95,316.1,195046,
2024-02-15 15:17:00+05:30,316.05,316.85,316,316.75,200978,
2024-02-15 15:18:00+05:30,316.75,317.05,316.55,316.95,198886,
2024-02-15 15:19:00+05:30,316.95,316.95,316.55,316.75,154356,
2024-02-15 15:20:00+05:30,316.8,317.25,316.65,316.75,231204,
2024-02-15 15:21:00+05:30,316.75,317.05,316.55,316.75,108138,
2024-02-15 15:22:00+05:30,316.8,316.85,315.8,316,64108,
2024-02-15 15:23:00+05:30,316.1,316.2,315.7,315.9,182468,
2024-02-15 15:24:00+05:30,315.9,316.2,315.7,316,135634,
2024-02-15 15:25:00+05:30,316,316,315.4,315.65,87120,
2024-02-15 15:26:00+05:30,315.65,315.8,315,315.1,137084,
2024-02-15 15:27:00+05:30,315.1,315.3,314.95,315,109102,
2024-02-15 15:28:00+05:30,315.1,315.3,314.9,314.95,97186,
2024-02-15 15:29:00+05:30,314.9,315.4,314.9,315.2,34608,
2024-02-16 09:15:00+05:30,322.65,326.55,320.45,325.75,1385878,
2024-02-16 09:16:00+05:30,325.2,328.85,325.2,327.8,1828706,
2024-02-16 09:17:00+05:30,327.5,328.7,327.4,328.1,814338,
2024-02-16 09:18:00+05:30,328.25,328.3,327.3,328.3,694216,
2024-02-16 09:19:00+05:30,328.6,330.7,328.3,330.4,1403770,
2024-02-16 09:20:00+05:30,330.2,333.1,329.45,331.95,1563948,
2024-02-16 09:21:00+05:30,331.5,331.85,329.95,331.2,837146,
2024-02-16 09:22:00+05:30,331.2,331.75,329.95,331.15,561256,
2024-02-16 09:23:00+05:30,331.15,332.05,329.65,331.3,968354,
2024-02-16 09:24:00+05:30,331.4,331.6,330.7,331.4,432168,
2024-02-16 09:25:00+05:30,331.25,332.15,331.25,331.5,458792,
2024-02-16 09:26:00+05:30,331.6,332.3,330.2,332.25,447448,
2024-02-16 09:27:00+05:30,332.25,332.85,331.85,332.85,612678,
2024-02-16 09:28:00+05:30,332.85,333.3,332.25,332.9,473244,
2024-02-16 09:29:00+05:30,332.85,333.05,331.95,332.15,293320,
2024-02-16 09:30:00+05:30,332.05,332.3,331.25,331.85,310236,
2024-02-16 09:31:00+05:30,331.85,331.9,330.75,330.75,327384,
2024-02-16 09:32:00+05:30,330.75,330.8,329.75,329.95,486556,
2024-02-16 09:33:00+05:30,330.15,330.15,328.3,328.8,700214,
2024-02-16 09:34:00+05:30,328.85,329.05,328.2,328.95,335140,
2024-02-16 09:35:00+05:30,328.95,330.3,328.4,328.75,345960,
2024-02-16 09:36:00+05:30,328.75,329.05,327.3,327.55,482722,
2024-02-16 09:37:00+05:30,327.7,327.8,325.85,327,716916,
2024-02-16 09:38:00+05:30,327,327.3,326.45,326.85,309646,
2024-02-16 09:39:00+05:30,326.95,328.65,326.8,328.3,314546,
2024-02-16 09:40:00+05:30,328.25,328.25,327.7,327.75,140630,
2024-02-16 09:41:00+05:30,327.5,328.1,327.5,327.9,147128,
2024-02-16 09:42:00+05:30,327.8,327.9,327.3,327.6,141024,
2024-02-16 09:43:00+05:30,327.6,327.9,327.2,327.9,151756,
2024-02-16 09:44:00+05:30,327.65,327.65,326.95,327,154544,
2024-02-16 09:45:00+05:30,326.95,327,325.85,326.05,293754,
2024-02-16 09:46:00+05:30,326.05,326.4,325.45,326.4,317764,
2024-02-16 09:47:00+05:30,326.35,326.4,324.9,325.15,357398,
2024-02-16 09:48:00+05:30,325.15,326.35,325.1,325.75,184732,
2024-02-16 09:49:00+05:30,325.7,325.75,324.75,325.3,213770,
2024-02-16 09:50:00+05:30,325.3,327,325.25,326.8,217870,
2024-02-16 09:51:00+05:30,326.65,328,326.25,327.9,317134,
2024-02-16 09:52:00+05:30,327.9,329.05,327.9,328.6,338342,
2024-02-16 09:53:00+05:30,328.6,328.6,327.5,327.7,185722,
2024-02-16 09:54:00+05:30,327.7,327.85,326.45,326.45,208426,
2024-02-16 09:55:00+05:30,326.55,326.8,325.7,326.05,201266,
2024-02-16 09:56:00+05:30,325.85,326.05,325.2,325.55,267752,
2024-02-16 09:57:00+05:30,325.45,325.6,324.1,324.1,499430,
2024-02-16 09:58:00+05:30,324.2,324.5,323.85,323.9,296214,
2024-02-16 09:59:00+05:30,324.1,324.5,323.85,324,232794,
2024-02-16 10:00:00+05:30,323.9,325.15,323.9,324.3,199966,
2024-02-16 10:01:00+05:30,324.1,324.2,323.25,323.35,253940,
2024-02-16 10:02:00+05:30,323.35,323.55,322.9,323.55,228558,
2024-02-16 10:03:00+05:30,323.35,323.4,322.9,323,121600,
2024-02-16 10:04:00+05:30,323,324.1,323,324.1,133844,
2024-02-16 10:05:00+05:30,324,324.15,323.25,323.9,145724,
2024-02-16 10:06:00+05:30,323.9,323.9,322.4,322.55,238960,
2024-02-16 10:07:00+05:30,322.75,323.75,322.45,323.55,125122,
2024-02-16 10:08:00+05:30,323.55,324.15,323.15,324.15,154408,
2024-02-16 10:09:00+05:30,324.4,326.35,324.3,326.15,451606,
2024-02-16 10:10:00+05:30,325.9,326.05,324.1,324.2,248962,
2024-02-16 10:11:00+05:30,324.2,324.5,324.1,324.3,75726,
2024-02-16 10:12:00+05:30,324.3,325.85,324.3,325.8,121552,
2024-02-16 10:13:00+05:30,325.9,326.15,325.65,325.75,199818,
2024-02-16 10:14:00+05:30,325.75,326.4,325.4,326.15,166440,
2024-02-16 10:15:00+05:30,326.2,326.35,325.9,326.05,145340,
2024-02-16 10:16:00+05:30,326.05,326.3,325.85,326.15,90312,
2024-02-16 10:17:00+05:30,326.15,327,325.1,325.3,405642,
2024-02-16 10:18:00+05:30,325.2,325.55,325,325.05,118504,
2024-02-16 10:19:00+05:30,324.9,326.25,324.9,325.95,113874,
2024-02-16 10:20:00+05:30,325.9,325.95,325.15,325.85,95356,
2024-02-16 10:21:00+05:30,325.9,326.25,325.35,325.35,70714,
2024-02-16 10:22:00+05:30,325.35,326.35,325.35,326.25,117786,
2024-02-16 10:23:00+05:30,326.05,326.25,325.8,325.95,55412,
2024-02-16 10:24:00+05:30,326.05,326.2,325.8,325.95,62676,
2024-02-16 10:25:00+05:30,326.05,326.75,325.8,326.75,91754,
2024-02-16 10:26:00+05:30,326.75,327,326.05,326.05,176498,
2024-02-16 10:27:00+05:30,326.05,326.5,326.05,326.3,80862,
2024-02-16 10:28:00+05:30,326.3,326.9,326.3,326.5,114886,
2024-02-16 10:29:00+05:30,326.5,326.9,326.35,326.75,79912,
2024-02-16 10:30:00+05:30,326.75,326.9,326.6,326.7,57614,
2024-02-16 10:31:00+05:30,326.8,326.8,326.3,326.35,67084,
2024-02-16 10:32:00+05:30,326.35,326.55,325.6,325.6,99610,
2024-02-16 10:33:00+05:30,325.55,326.35,325.3,326.15,111364,
2024-02-16 10:34:00+05:30,326.15,328.2,325.95,328,412050,
2024-02-16 10:35:00+05:30,328.1,328.25,327.1,327.3,182584,
2024-02-16 10:36:00+05:30,327.35,327.65,327.15,327.4,84020,
2024-02-16 10:37:00+05:30,327.45,327.75,327.1,327.2,102544,
2024-02-16 10:38:00+05:30,327.1,327.4,326.45,327.2,131882,
2024-02-16 10:39:00+05:30,327.2,327.45,327,327.15,69906,
2024-02-16 10:40:00+05:30,327.15,327.2,326.85,326.95,39658,
2024-02-16 10:41:00+05:30,326.95,327,326.45,326.95,44486,
2024-02-16 10:42:00+05:30,326.95,327.3,326.85,327.15,56314,
2024-02-16 10:43:00+05:30,327.05,327.15,326.85,326.95,41586,
2024-02-16 10:44:00+05:30,326.95,327.05,326.6,326.6,31892,
2024-02-16 10:45:00+05:30,326.45,326.85,326.3,326.55,69964,
2024-02-16 10:46:00+05:30,326.75,327,326.65,326.85,46130,
2024-02-16 10:47:00+05:30,326.85,327,326.35,326.85,65902,
2024-02-16 10:48:00+05:30,326.85,326.85,325.55,325.55,145988,
2024-02-16 10:49:00+05:30,325.75,326.05,325.55,325.75,88462,
2024-02-16 10:50:00+05:30,325.8,326.05,325.6,325.65,51570,
2024-02-16 10:51:00+05:30,325.65,326.35,325.65,325.7,54726,
2024-02-16 10:52:00+05:30,325.85,326,325.6,325.65,49568,
2024-02-16 10:53:00+05:30,325.65,325.75,325.2,325.55,120340,
2024-02-16 10:54:00+05:30,325.4,325.55,325.2,325.45,52980,
2024-02-16 10:55:00+05:30,325.35,325.65,324.65,324.7,221382,
2024-02-16 10:56:00+05:30,324.8,325.45,324.8,325.2,91672,
2024-02-16 10:57:00+05:30,325.4,325.75,324.95,324.95,126318,
2024-02-16 10:58:00+05:30,325,325.4,325,325.3,95388,
2024-02-16 10:59:00+05:30,325.15,325.45,325.15,325.45,34242,
2024-02-16 11:00:00+05:30,325.45,325.45,324.95,325.05,162590,
2024-02-16 11:01:00+05:30,324.9,325.1,324.6,324.9,105820,
2024-02-16 11:02:00+05:30,324.85,325,324.3,324.6,161420,
2024-02-16 11:03:00+05:30,324.55,325.2,324,325.05,166914,
2024-02-16 11:04:00+05:30,325.05,325.45,324.85,325.05,133036,
2024-02-16 11:05:00+05:30,325.05,325.1,324.6,324.65,50494,
2024-02-16 11:06:00+05:30,324.65,324.65,323.75,324.3,154732,
2024-02-16 11:07:00+05:30,324.3,324.9,324.1,324.6,84614,
2024-02-16 11:08:00+05:30,324.6,324.6,323.7,323.85,101606,
2024-02-16 11:09:00+05:30,323.95,324,323.65,323.7,83402,
2024-02-16 11:10:00+05:30,323.65,323.75,323.35,323.55,124362,
2024-02-16 11:11:00+05:30,323.65,324.4,323.65,324.2,104416,
2024-02-16 11:12:00+05:30,324.3,324.4,324,324.1,52088,
2024-02-16 11:13:00+05:30,324,324.7,324,324.5,49326,
2024-02-16 11:14:00+05:30,324.8,325.3,324.4,325,156090,
2024-02-16 11:15:00+05:30,324.9,325.55,324.9,325.45,109860,
2024-02-16 11:16:00+05:30,325.4,325.5,325.1,325.45,63992,
2024-02-16 11:17:00+05:30,325.5,325.55,325.1,325.3,62038,
2024-02-16 11:18:00+05:30,325.3,325.95,325.2,325.85,99886,
2024-02-16 11:19:00+05:30,325.85,325.85,325.2,325.45,80558,
2024-02-16 11:20:00+05:30,325.45,325.8,325.3,325.8,52774,
2024-02-16 11:21:00+05:30,325.7,325.8,324.8,325.05,76320,
2024-02-16 11:22:00+05:30,325,325.35,325,325.1,23396,
2024-02-16 11:23:00+05:30,325.1,325.45,325.1,325.3,38308,
2024-02-16 11:24:00+05:30,325.3,325.3,325.1,325.2,26520,
2024-02-16 11:25:00+05:30,325.15,325.55,325.15,325.4,42154,
2024-02-16 11:26:00+05:30,325.4,325.4,325.1,325.1,38832,
2024-02-16 11:27:00+05:30,325.2,325.3,325,325.2,25054,
2024-02-16 11:28:00+05:30,325.1,325.2,324.6,325.1,109400,
2024-02-16 11:29:00+05:30,325,325.1,324.7,325,69668,
2024-02-16 11:30:00+05:30,325.05,325.05,324.6,324.85,108294,
2024-02-16 11:31:00+05:30,324.9,325,324.45,324.5,78996,
2024-02-16 11:32:00+05:30,324.25,324.45,323.7,324.1,112652,
2024-02-16 11:33:00+05:30,324.1,324.6,324.1,324.3,44434,
2024-02-16 11:34:00+05:30,324.3,324.4,323.65,323.75,117342,
2024-02-16 11:35:00+05:30,323.85,323.95,323.65,323.9,77836,
2024-02-16 11:36:00+05:30,323.75,323.75,322,322.1,668502,
2024-02-16 11:37:00+05:30,322.2,322.4,320.75,321.45,369006,
2024-02-16 11:38:00+05:30,321.45,322.65,321.35,322.3,162398,
2024-02-16 11:39:00+05:30,322.3,323.1,322.3,322.75,158766,
2024-02-16 11:40:00+05:30,322.8,322.85,322.35,322.85,99852,
2024-02-16 11:41:00+05:30,322.85,322.9,322.2,322.4,78614,
2024-02-16 11:42:00+05:30,322.4,322.55,321.2,321.45,165324,
2024-02-16 11:43:00+05:30,321.45,322,321.2,321.9,121448,
2024-02-16 11:44:00+05:30,322,322.35,321.75,321.75,121818,
2024-02-16 11:45:00+05:30,321.7,322.3,321.5,322.2,95004,
2024-02-16 11:46:00+05:30,322.2,322.2,320.8,321.3,219212,
2024-02-16 11:47:00+05:30,321.2,322.3,321.2,322,110036,
2024-02-16 11:48:00+05:30,322,322.2,321.8,322.1,90148,
2024-02-16 11:49:00+05:30,322.15,322.15,321.35,321.85,106938,
2024-02-16 11:50:00+05:30,322,322.95,321.75,322.95,101364,
2024-02-16 11:51:00+05:30,322.85,323.15,322.45,322.5,205382,
2024-02-16 11:52:00+05:30,322.55,323.05,322.5,322.85,82178,
2024-02-16 11:53:00+05:30,322.7,322.9,322.65,322.85,65068,
2024-02-16 11:54:00+05:30,322.85,322.85,322.25,322.25,112186,
2024-02-16 11:55:00+05:30,322.25,323,322.25,322.8,139638,
2024-02-16 11:56:00+05:30,322.8,322.8,322.3,322.35,54242,
2024-02-16 11:57:00+05:30,322.35,322.5,322.2,322.45,77032,
2024-02-16 11:58:00+05:30,322.45,322.65,322.35,322.55,46604,
2024-02-16 11:59:00+05:30,322.45,322.95,322.2,322.85,71154,
2024-02-16 12:00:00+05:30,322.85,322.85,322.2,322.45,44326,
2024-02-16 12:01:00+05:30,322.45,322.45,321.7,321.7,91494,
2024-02-16 12:02:00+05:30,321.8,321.9,321.3,321.65,136498,
2024-02-16 12:03:00+05:30,321.6,322.1,321.6,321.85,66826,
2024-02-16 12:04:00+05:30,321.85,322.15,321.75,322.1,32864,
2024-02-16 12:05:00+05:30,322.05,322.2,321.8,322,52126,
2024-02-16 12:06:00+05:30,322.1,322.3,321.95,322.2,72758,
2024-02-16 12:07:00+05:30,322.2,322.2,321.8,322.1,79886,
2024-02-16 12:08:00+05:30,322.1,322.65,322.05,322.3,70160,
2024-02-16 12:09:00+05:30,322.3,322.6,322.1,322.1,66310,
2024-02-16 12:10:00+05:30,322.1,322.55,321.8,322.2,119186,
2024-02-16 12:11:00+05:30,322.3,322.35,322.1,322.35,39296,
2024-02-16 12:12:00+05:30,322.3,322.35,321.8,321.95,68336,
2024-02-16 12:13:00+05:30,321.7,321.75,321.3,321.4,107590,
2024-02-16 12:14:00+05:30,321.3,321.6,321.2,321.2,68572,
2024-02-16 12:15:00+05:30,321.3,321.3,320.6,320.75,178888,
2024-02-16 12:16:00+05:30,321.1,321.25,320.85,321.1,79860,
2024-02-16 12:17:00+05:30,321.1,321.2,320.65,320.75,115298,
2024-02-16 12:18:00+05:30,320.65,321,320.6,320.9,79594,
2024-02-16 12:19:00+05:30,320.9,320.9,320.25,320.55,215242,
2024-02-16 12:20:00+05:30,320.35,320.55,318.4,318.65,450136,
2024-02-16 12:21:00+05:30,318.7,319.2,318.15,319.05,322044,
2024-02-16 12:22:00+05:30,319,319.65,318.8,319.55,154562,
2024-02-16 12:23:00+05:30,319.35,319.65,318.55,318.7,132894,
2024-02-16 12:24:00+05:30,318.65,319.05,318.4,318.8,114606,
2024-02-16 12:25:00+05:30,318.7,319.4,318.7,318.9,91388,
2024-02-16 12:26:00+05:30,318.8,319.4,318.45,319.2,164216,
2024-02-16 12:27:00+05:30,319.25,319.25,319.05,319.2,47400,
2024-02-16 12:28:00+05:30,319.2,320.05,319.1,319.8,123034,
2024-02-16 12:29:00+05:30,319.8,319.8,319.3,319.6,62708,
2024-02-16 12:30:00+05:30,319.75,319.8,319.35,319.45,55364,
2024-02-16 12:31:00+05:30,319.45,319.55,319.1,319.1,53858,
2024-02-16 12:32:00+05:30,319.1,319.2,318.7,318.9,98282,
2024-02-16 12:33:00+05:30,318.9,319.05,318.85,318.9,33284,
2024-02-16 12:34:00+05:30,318.9,319.25,318.6,319.25,57980,
2024-02-16 12:35:00+05:30,319.25,319.35,318.9,318.95,45878,
2024-02-16 12:36:00+05:30,319,319.2,318.7,319.2,83028,
2024-02-16 12:37:00+05:30,319.2,319.4,319.15,319.2,64636,
2024-02-16 12:38:00+05:30,319.2,319.2,318.75,318.9,38340,
2024-02-16 12:39:00+05:30,319,319.15,318.9,319,32950,
2024-02-16 12:40:00+05:30,319,319.25,318.95,319.2,52512,
2024-02-16 12:41:00+05:30,319.2,320.35,319.2,319.7,192570,
2024-02-16 12:42:00+05:30,319.6,319.75,319.3,319.75,57350,
2024-02-16 12:43:00+05:30,319.65,320.45,319.6,319.95,157690,
2024-02-16 12:44:00+05:30,319.95,320.25,319.55,319.65,133876,
2024-02-16 12:45:00+05:30,319.65,319.7,319.5,319.55,34202,
2024-02-16 12:46:00+05:30,319.55,319.6,319.25,319.5,73030,
2024-02-16 12:47:00+05:30,319.55,320.1,319.45,320.1,42646,
2024-02-16 12:48:00+05:30,320.05,321,319.85,320.55,178588,
2024-02-16 12:49:00+05:30,320.65,321,320.4,320.65,108544,
2024-02-16 12:50:00+05:30,320.65,320.9,320.55,320.9,73438,
2024-02-16 12:51:00+05:30,320.9,321.6,320.9,321.3,153298,
2024-02-16 12:52:00+05:30,321.2,321.3,320.9,321.25,57116,
2024-02-16 12:53:00+05:30,321.2,321.9,321.2,321.9,91386,
2024-02-16 12:54:00+05:30,321.8,322.65,321.8,322.2,518864,
2024-02-16 12:55:00+05:30,322.2,322.35,322.1,322.35,79992,
2024-02-16 12:56:00+05:30,322.35,322.65,322.25,322.55,211164,
2024-02-16 12:57:00+05:30,322.55,322.65,322.1,322.5,139044,
2024-02-16 12:58:00+05:30,322.55,322.65,322.2,322.65,92844,
2024-02-16 12:59:00+05:30,322.65,322.65,322.35,322.5,40830,
2024-02-16 13:00:00+05:30,322.35,324.3,322.3,324.2,612776,
2024-02-16 13:01:00+05:30,324.3,324.3,322.6,322.9,215612,
2024-02-16 13:02:00+05:30,322.9,322.9,321.3,321.45,194744,
2024-02-16 13:03:00+05:30,321.35,321.65,321,321.4,87114,
2024-02-16 13:04:00+05:30,321.4,321.4,320.8,321.3,63024,
2024-02-16 13:05:00+05:30,321.4,321.45,321.2,321.3,47788,
2024-02-16 13:06:00+05:30,321.4,322.5,321.3,322.45,83204,
2024-02-16 13:07:00+05:30,322.45,322.55,321.2,321.2,74180,
2024-02-16 13:08:00+05:30,321.2,321.6,321.2,321.5,30764,
2024-02-16 13:09:00+05:30,321.6,321.7,321.4,321.45,30978,
2024-02-16 13:10:00+05:30,321.5,321.7,321.4,321.7,15380,
2024-02-16 13:11:00+05:30,321.7,321.9,321.6,321.8,19480,
2024-02-16 13:12:00+05:30,321.8,322.1,321.75,321.8,38218,
2024-02-16 13:13:00+05:30,321.8,321.8,321.6,321.6,20472,
2024-02-16 13:14:00+05:30,321.6,321.8,321.25,321.8,51800,
2024-02-16 13:15:00+05:30,321.75,321.9,321.75,321.8,14470,
2024-02-16 13:16:00+05:30,321.8,322.2,321.55,322,61192,
2024-02-16 13:17:00+05:30,322.05,322.1,321.45,321.6,32854,
2024-02-16 13:18:00+05:30,321.6,321.6,321.3,321.4,23334,
2024-02-16 13:19:00+05:30,321.4,321.4,320.65,320.65,88296,
2024-02-16 13:20:00+05:30,320.75,320.75,319.75,320.15,115688,
2024-02-16 13:21:00+05:30,320.15,320.95,320.15,320.8,63374,
2024-02-16 13:22:00+05:30,320.9,321.2,320.8,321.1,34342,
2024-02-16 13:23:00+05:30,321.1,321.1,320.65,320.65,33374,
2024-02-16 13:24:00+05:30,320.65,320.95,320.65,320.75,42748,
2024-02-16 13:25:00+05:30,320.75,320.75,320.65,320.7,29714,
2024-02-16 13:26:00+05:30,320.65,320.65,320.4,320.6,37378,
2024-02-16 13:27:00+05:30,320.6,320.65,320.15,320.35,50994,
2024-02-16 13:28:00+05:30,320.35,320.45,319.95,320,44330,
2024-02-16 13:29:00+05:30,320,320.25,319.85,320.25,49056,
2024-02-16 13:30:00+05:30,320.25,320.4,318.95,319.25,281730,
2024-02-16 13:31:00+05:30,319.2,319.25,318.8,319.1,96948,
2024-02-16 13:32:00+05:30,319,319.6,318.85,319.45,53684,
2024-02-16 13:33:00+05:30,319.55,319.85,319.45,319.75,41834,
2024-02-16 13:34:00+05:30,319.75,320.15,319.6,319.75,66766,
2024-02-16 13:35:00+05:30,319.75,320.15,319.55,319.75,68762,
2024-02-16 13:36:00+05:30,319.65,319.95,319.65,319.9,24640,
2024-02-16 13:37:00+05:30,319.95,320.05,319.85,319.95,31850,
2024-02-16 13:38:00+05:30,319.9,319.9,319.65,319.75,46712,
2024-02-16 13:39:00+05:30,319.75,319.9,319.65,319.75,41356,
2024-02-16 13:40:00+05:30,319.75,319.85,319.2,319.25,60692,
2024-02-16 13:41:00+05:30,319.2,319.75,319.2,319.7,62458,
2024-02-16 13:42:00+05:30,319.7,319.75,319.55,319.75,37296,
2024-02-16 13:43:00+05:30,319.65,319.65,319.35,319.35,29844,
2024-02-16 13:44:00+05:30,319.35,319.35,318.9,319.25,49710,
2024-02-16 13:45:00+05:30,319.2,319.25,318.5,318.6,135034,
2024-02-16 13:46:00+05:30,318.3,318.55,317.8,318.3,187696,
2024-02-16 13:47:00+05:30,318.3,318.5,318.1,318.4,51404,
2024-02-16 13:48:00+05:30,318.4,318.7,318.3,318.7,63818,
2024-02-16 13:49:00+05:30,318.6,318.8,318.55,318.7,32886,
2024-02-16 13:50:00+05:30,318.7,319.3,318.7,319.1,85502,
2024-02-16 13:51:00+05:30,319.05,319.05,318.3,318.45,114464,
2024-02-16 13:52:00+05:30,318.4,319,318.4,318.9,33896,
2024-02-16 13:53:00+05:30,319,319,318.4,319,35278,
2024-02-16 13:54:00+05:30,319,319.45,318.9,319.25,61538,
2024-02-16 13:55:00+05:30,319.25,319.25,318.9,318.9,30810,
2024-02-16 13:56:00+05:30,318.9,318.9,318.7,318.7,45966,
2024-02-16 13:57:00+05:30,318.7,318.9,318.65,318.85,31458,
2024-02-16 13:58:00+05:30,318.85,319.05,318.65,318.65,52616,
2024-02-16 13:59:00+05:30,318.65,318.65,318.3,318.35,60944,
2024-02-16 14:00:00+05:30,318.3,318.4,318.25,318.3,87074,
2024-02-16 14:01:00+05:30,318.25,318.8,318.2,318.75,41290,
2024-02-16 14:02:00+05:30,318.75,319,318.3,318.35,45472,
2024-02-16 14:03:00+05:30,318.35,318.35,317.95,318.3,77614,
2024-02-16 14:04:00+05:30,318.4,318.7,318.25,318.65,72660,
2024-02-16 14:05:00+05:30,318.65,318.65,318.3,318.3,37412,
2024-02-16 14:06:00+05:30,318.3,318.6,318.3,318.55,35636,
2024-02-16 14:07:00+05:30,318.6,318.7,318.05,318.2,57674,
2024-02-16 14:08:00+05:30,318.2,318.6,318.05,318.3,64044,
2024-02-16 14:09:00+05:30,318.25,318.55,318.1,318.5,28642,
2024-02-16 14:10:00+05:30,318.5,319.8,318.5,319.55,160614,
2024-02-16 14:11:00+05:30,319.55,320,319.2,319.55,200268,
2024-02-16 14:12:00+05:30,319.45,319.55,319.05,319.2,38768,
2024-02-16 14:13:00+05:30,319.35,319.35,318.35,318.35,64542,
2024-02-16 14:14:00+05:30,318.4,319.25,318.15,319.2,59030,
2024-02-16 14:15:00+05:30,319.2,319.2,318.7,318.7,49854,
2024-02-16 14:16:00+05:30,318.7,319.05,318.4,319,43690,
2024-02-16 14:17:00+05:30,319,319,318.6,318.8,42504,
2024-02-16 14:18:00+05:30,318.8,319.1,318.75,319,27126,
2024-02-16 14:19:00+05:30,319,319,318.8,318.9,23128,
2024-02-16 14:20:00+05:30,318.9,318.95,318.35,318.85,56002,
2024-02-16 14:21:00+05:30,318.9,319.2,318.9,319.2,27940,
2024-02-16 14:22:00+05:30,319.2,319.2,318.55,318.65,34464,
2024-02-16 14:23:00+05:30,318.6,319,318.55,318.6,17294,
2024-02-16 14:24:00+05:30,318.7,318.7,318.55,318.6,24828,
2024-02-16 14:25:00+05:30,318.6,318.8,318.6,318.6,43362,
2024-02-16 14:26:00+05:30,318.6,318.8,318.3,318.7,93686,
2024-02-16 14:27:00+05:30,318.7,319,318.7,318.9,54318,
2024-02-16 14:28:00+05:30,318.9,319,318.7,318.8,26624,
2024-02-16 14:29:00+05:30,318.8,319.05,318.75,319,13476,
2024-02-16 14:30:00+05:30,319.05,319.1,319,319,37248,
2024-02-16 14:31:00+05:30,319.05,319.25,318.5,318.8,77928,
2024-02-16 14:32:00+05:30,318.6,318.65,318.2,318.3,61096,
2024-02-16 14:33:00+05:30,318.3,318.5,318.3,318.4,31368,
2024-02-16 14:34:00+05:30,318.4,318.45,317.85,318,99604,
2024-02-16 14:35:00+05:30,318,318,317.1,317.15,264232,
2024-02-16 14:36:00+05:30,317.25,317.55,316.95,317.45,108290,
2024-02-16 14:37:00+05:30,317.45,318.2,317.45,317.7,81722,
2024-02-16 14:38:00+05:30,317.7,318.1,317.65,317.85,64802,
2024-02-16 14:39:00+05:30,317.8,318.55,317.8,318.4,74754,
2024-02-16 14:40:00+05:30,318.4,319.05,318.35,318.5,85384,
2024-02-16 14:41:00+05:30,318.5,318.8,318.5,318.7,27614,
2024-02-16 14:42:00+05:30,318.65,318.8,318.4,318.7,30866,
2024-02-16 14:43:00+05:30,318.7,318.7,318.35,318.35,24530,
2024-02-16 14:44:00+05:30,318.45,318.8,318.45,318.6,46606,
2024-02-16 14:45:00+05:30,318.55,319.25,318.3,319.25,85902,
2024-02-16 14:46:00+05:30,319.45,319.45,318.9,319.05,80094,
2024-02-16 14:47:00+05:30,319,319.1,318.6,318.9,54324,
2024-02-16 14:48:00+05:30,318.9,318.95,318.4,318.5,42038,
2024-02-16 14:49:00+05:30,318.4,319.5,318.4,319.1,105102,
2024-02-16 14:50:00+05:30,319.2,319.65,319.1,319.65,79414,
2024-02-16 14:51:00+05:30,319.55,319.95,318.9,319.95,187630,
2024-02-16 14:52:00+05:30,320.15,320.3,319.45,319.45,253904,
2024-02-16 14:53:00+05:30,319.45,319.9,319.45,319.55,64006,
2024-02-16 14:54:00+05:30,319.55,319.7,319.1,319.2,79798,
2024-02-16 14:55:00+05:30,319.2,319.35,318.8,318.8,89794,
2024-02-16 14:56:00+05:30,318.8,318.8,318.3,318.7,87160,
2024-02-16 14:57:00+05:30,318.7,318.9,318.55,318.7,61334,
2024-02-16 14:58:00+05:30,318.7,318.9,318.6,318.65,33902,
2024-02-16 14:59:00+05:30,318.65,318.7,318.25,318.6,73062,
2024-02-16 15:00:00+05:30,318.6,318.9,318.55,318.6,136386,
2024-02-16 15:01:00+05:30,318.6,319.1,318.6,319,87956,
2024-02-16 15:02:00+05:30,318.95,319.1,318.6,319,101998,
2024-02-16 15:03:00+05:30,319,319.1,318.6,318.7,119340,
2024-02-16 15:04:00+05:30,318.7,318.8,317.8,318,102400,
2024-02-16 15:05:00+05:30,318.05,318.8,318,318.7,62486,
2024-02-16 15:06:00+05:30,318.7,318.7,318.2,318.2,65226,
2024-02-16 15:07:00+05:30,318.2,318.5,317.95,318.25,84776,
2024-02-16 15:08:00+05:30,318.2,318.3,317.85,317.85,67540,
2024-02-16 15:09:00+05:30,317.85,317.85,317.25,317.75,218926,
2024-02-16 15:10:00+05:30,317.95,318.2,317.45,318,144460,
2024-02-16 15:11:00+05:30,318,318,317.4,317.55,77114,
2024-02-16 15:12:00+05:30,317.6,317.6,317.35,317.45,126908,
2024-02-16 15:13:00+05:30,317.5,317.65,317.35,317.45,80418,
2024-02-16 15:14:00+05:30,317.45,317.8,317.35,317.6,166566,
2024-02-16 15:15:00+05:30,317.55,317.8,317.25,317.35,236526,
2024-02-16 15:16:00+05:30,317.35,317.35,316.35,316.45,402278,
2024-02-16 15:17:00+05:30,316.55,317.15,316.45,316.65,169668,
2024-02-16 15:18:00+05:30,316.65,316.75,315.85,316.1,405350,
2024-02-16 15:19:00+05:30,316.35,316.45,315.9,316.25,162834,
2024-02-16 15:20:00+05:30,316.25,316.55,315.95,316.15,293608,
2024-02-16 15:21:00+05:30,316.15,316.55,316.15,316.55,89206,
2024-02-16 15:22:00+05:30,316.55,316.75,316.55,316.65,41962,
2024-02-16 15:23:00+05:30,316.7,316.85,316.5,316.65,68212,
2024-02-16 15:24:00+05:30,316.65,316.7,316.15,316.35,207636,
2024-02-16 15:25:00+05:30,316.35,316.35,316.15,316.15,118772,
2024-02-16 15:26:00+05:30,316.15,316.2,315.95,316,84796,
2024-02-16 15:27:00+05:30,316,316.25,316,316.15,71364,
2024-02-16 15:28:00+05:30,316.15,316.55,316.05,316.3,109410,
2024-02-16 15:29:00+05:30,316.1,316.35,316.1,316.3,47678,
2024-02-19 09:15:00+05:30,319.7,319.7,316.55,319.1,598094,
2024-02-19 09:16:00+05:30,318.7,319.6,317.9,319.2,276824,
2024-02-19 09:17:00+05:30,319.2,320.65,318.9,320.35,303008,
2024-02-19 09:18:00+05:30,320.15,320.15,317.8,318.7,269176,
2024-02-19 09:19:00+05:30,318.55,319.35,318.1,318.9,209412,
2024-02-19 09:20:00+05:30,319,319.35,317.45,318.4,297356,
2024-02-19 09:21:00+05:30,318.3,318.7,317.65,318,216164,
2024-02-19 09:22:00+05:30,317.95,318.2,317.55,317.65,165642,
2024-02-19 09:23:00+05:30,317.6,318.5,317.6,318.1,74716,
2024-02-19 09:24:00+05:30,318.1,318.35,317.8,317.8,135952,
2024-02-19 09:25:00+05:30,317.85,317.9,317.15,317.3,243604,
2024-02-19 09:26:00+05:30,317.3,317.35,316,316.45,155448,
2024-02-19 09:27:00+05:30,316.3,317.35,315.95,317,81732,
2024-02-19 09:28:00+05:30,317.1,317.35,316.85,317.15,66410,
2024-02-19 09:29:00+05:30,317.3,317.35,316.55,317.05,64220,
2024-02-19 09:30:00+05:30,316.95,317.35,316.1,316.1,93556,
2024-02-19 09:31:00+05:30,316,317.25,315.6,316.7,106364,
2024-02-19 09:32:00+05:30,316.55,317.15,316.4,317.1,51632,
2024-02-19 09:33:00+05:30,317.1,317.35,316.8,317.35,79196,
2024-02-19 09:34:00+05:30,317.35,317.55,317.1,317.35,143848,
2024-02-19 09:35:00+05:30,317.35,317.4,316.85,316.95,70516,
2024-02-19 09:36:00+05:30,316.75,317.35,316.45,316.45,71338,
2024-02-19 09:37:00+05:30,316.45,316.95,315.9,316.45,70946,
2024-02-19 09:38:00+05:30,316.55,316.75,316,316.15,63618,
2024-02-19 09:39:00+05:30,316.1,316.65,316.1,316.55,42028,
2024-02-19 09:40:00+05:30,316.65,317.35,316.65,316.85,54898,
2024-02-19 09:41:00+05:30,316.75,317.35,316.7,316.9,62148,
2024-02-19 09:42:00+05:30,316.95,317.25,316.95,317.15,28862,
2024-02-19 09:43:00+05:30,317.1,317.9,317.05,317.35,86746,
2024-02-19 09:44:00+05:30,317.3,317.55,316.95,317.45,53212,
2024-02-19 09:45:00+05:30,317.45,317.45,316.55,317.1,50918,
2024-02-19 09:46:00+05:30,317.15,317.35,317.05,317.15,28116,
2024-02-19 09:47:00+05:30,317.15,318.2,317.15,317.85,113244,
2024-02-19 09:48:00+05:30,318.05,318.05,317.15,317.35,92600,
2024-02-19 09:49:00+05:30,317.3,317.65,317.1,317.45,38566,
2024-02-19 09:50:00+05:30,317.45,317.7,316.85,316.85,51600,
2024-02-19 09:51:00+05:30,316.85,317.05,316.45,316.45,44710,
2024-02-19 09:52:00+05:30,316.55,316.85,316.55,316.85,16950,
2024-02-19 09:53:00+05:30,316.7,316.75,316,316.35,59940,
2024-02-19 09:54:00+05:30,316.15,316.6,316,316.25,84550,
2024-02-19 09:55:00+05:30,316.25,316.95,316.15,316.95,39150,
2024-02-19 09:56:00+05:30,316.95,317.55,316.95,317.5,62482,
2024-02-19 09:57:00+05:30,317.4,317.55,316.85,316.85,88076,
2024-02-19 09:58:00+05:30,316.85,317.35,316.65,317.35,22074,
2024-02-19 09:59:00+05:30,317.3,317.35,316.65,316.75,32912,
2024-02-19 10:00:00+05:30,316.85,317.05,316.75,317.05,23042,
2024-02-19 10:01:00+05:30,317.05,317.05,316.2,316.65,56634,
2024-02-19 10:02:00+05:30,316.45,317.05,316.25,316.95,24274,
2024-02-19 10:03:00+05:30,316.95,317.3,316.85,317.1,44972,
2024-02-19 10:04:00+05:30,317.1,317.25,316.85,317.1,34216,
2024-02-19 10:05:00+05:30,317.1,317.45,316.9,317.15,70978,
2024-02-19 10:06:00+05:30,317.15,317.35,317.15,317.25,28432,
2024-02-19 10:07:00+05:30,317.3,318.1,317.25,317.35,81552,
2024-02-19 10:08:00+05:30,317.35,317.7,317.35,317.65,26640,
2024-02-19 10:09:00+05:30,317.65,318.05,317.65,318.05,19628,
2024-02-19 10:10:00+05:30,318,318.55,318,318.1,93022,
2024-02-19 10:11:00+05:30,318.15,318.3,317.8,317.8,23982,
2024-02-19 10:12:00+05:30,317.8,319,317.8,318.9,99418,
2024-02-19 10:13:00+05:30,318.9,319.2,318.55,318.8,69414,
2024-02-19 10:14:00+05:30,318.95,318.95,318.65,318.8,38704,
2024-02-19 10:15:00+05:30,318.9,319.9,318.75,319.45,172792,
2024-02-19 10:16:00+05:30,319.4,321.6,319.3,321.45,264100,
2024-02-19 10:17:00+05:30,321.5,322.15,320.4,320.75,809440,
2024-02-19 10:18:00+05:30,320.75,321.6,320.65,321.45,233778,
2024-02-19 10:19:00+05:30,321.65,322.05,321.45,321.7,119084,
2024-02-19 10:20:00+05:30,321.85,323,321.8,322.65,385082,
2024-02-19 10:21:00+05:30,322.65,322.65,319.65,319.75,928112,
2024-02-19 10:22:00+05:30,319.75,322.05,319.55,321.6,427138,
2024-02-19 10:23:00+05:30,321.7,321.8,320.6,320.9,131970,
2024-02-19 10:24:00+05:30,321,321.5,320.75,321.1,103958,
2024-02-19 10:25:00+05:30,321.1,321.1,320.25,320.9,90310,
2024-02-19 10:26:00+05:30,320.9,321.2,319.65,319.95,468470,
2024-02-19 10:27:00+05:30,319.8,320,319.25,319.55,98490,
2024-02-19 10:28:00+05:30,319.55,319.95,318.6,318.7,123826,
2024-02-19 10:29:00+05:30,318.75,318.75,315.9,316.55,1038568,
2024-02-19 10:30:00+05:30,316.55,317.4,316.35,316.45,115716,
2024-02-19 10:31:00+05:30,316.55,316.85,316.1,316.15,101016,
2024-02-19 10:32:00+05:30,316.15,316.7,316.15,316.45,74618,
2024-02-19 10:33:00+05:30,316.4,316.75,316.15,316.35,83864,
2024-02-19 10:34:00+05:30,316.35,316.65,316.25,316.35,48508,
2024-02-19 10:35:00+05:30,316.35,316.55,316.15,316.55,66662,
2024-02-19 10:36:00+05:30,316.65,316.75,316.15,316.65,82110,
2024-02-19 10:37:00+05:30,316.65,317.3,316.6,317.15,72578,
2024-02-19 10:38:00+05:30,316.95,317.65,316.9,317.6,68762,
2024-02-19 10:39:00+05:30,317.55,317.55,317.05,317.05,64340,
2024-02-19 10:40:00+05:30,317.15,317.35,316.85,317.15,51914,
2024-02-19 10:41:00+05:30,317.25,317.35,317.05,317.2,28880,
2024-02-19 10:42:00+05:30,317.2,317.45,317.15,317.3,41816,
2024-02-19 10:43:00+05:30,317.3,317.7,317.3,317.7,40594,
2024-02-19 10:44:00+05:30,317.7,317.7,317.35,317.55,22010,
2024-02-19 10:45:00+05:30,317.55,318.5,317.55,318.4,111262,
2024-02-19 10:46:00+05:30,318.6,319.45,318.35,319.2,120080,
2024-02-19 10:47:00+05:30,319.35,319.4,318.8,319.05,67650,
2024-02-19 10:48:00+05:30,319.05,319.25,318.95,319.25,59966,
2024-02-19 10:49:00+05:30,319.25,319.35,318.8,319.1,84284,
2024-02-19 10:50:00+05:30,318.9,319.2,318.85,319.1,26476,
2024-02-19 10:51:00+05:30,319.1,319.2,319,319.2,20448,
2024-02-19 10:52:00+05:30,319.2,319.7,318.9,319.55,92164,
2024-02-19 10:53:00+05:30,319.6,319.65,318.15,318.2,212812,
2024-02-19 10:54:00+05:30,318.25,319.1,318.2,318.85,39256,
2024-02-19 10:55:00+05:30,319,319.25,319,319.2,39600,
2024-02-19 10:56:00+05:30,319.3,319.85,319.3,319.65,111786,
2024-02-19 10:57:00+05:30,319.75,320.1,319.65,320.05,51614,
2024-02-19 10:58:00+05:30,320.05,320.05,319.2,319.25,66544,
2024-02-19 10:59:00+05:30,319.25,319.65,319.25,319.5,30082,
2024-02-19 11:00:00+05:30,319.5,319.5,319.1,319.1,39434,
2024-02-19 11:01:00+05:30,319.15,319.15,317.85,318.1,163298,
2024-02-19 11:02:00+05:30,318,318.4,317.95,317.95,50828,
2024-02-19 11:03:00+05:30,317.9,318.3,317.9,318.15,30322,
2024-02-19 11:04:00+05:30,318.3,318.3,317.35,317.35,81108,
2024-02-19 11:05:00+05:30,317.45,318.1,317.35,317.85,50442,
2024-02-19 11:06:00+05:30,317.85,317.9,317.55,317.65,27642,
2024-02-19 11:07:00+05:30,317.65,317.65,317.35,317.45,30384,
2024-02-19 11:08:00+05:30,317.55,317.7,317.45,317.7,22716,
2024-02-19 11:09:00+05:30,317.65,317.7,317.6,317.6,20008,
2024-02-19 11:10:00+05:30,317.6,317.7,316.85,317.3,116422,
2024-02-19 11:11:00+05:30,317.15,317.35,317.15,317.2,17554,
2024-02-19 11:12:00+05:30,317.2,317.35,317.15,317.25,40898,
2024-02-19 11:13:00+05:30,317.25,317.35,317.15,317.25,36104,
2024-02-19 11:14:00+05:30,317.25,317.35,317.2,317.2,31106,
2024-02-19 11:15:00+05:30,317.05,317.2,316.65,316.85,52254,
2024-02-19 11:16:00+05:30,316.85,317.45,316.7,317.45,37040,
2024-02-19 11:17:00+05:30,317.35,317.45,317.1,317.25,30736,
2024-02-19 11:18:00+05:30,317.25,317.45,317.15,317.4,29760,
2024-02-19 11:19:00+05:30,317.35,317.8,317.25,317.8,33926,
2024-02-19 11:20:00+05:30,317.7,317.75,317.55,317.65,16332,
2024-02-19 11:21:00+05:30,317.4,317.55,317.4,317.45,37722,
2024-02-19 11:22:00+05:30,317.55,317.7,317.25,317.5,51946,
2024-02-19 11:23:00+05:30,317.55,318.3,317.45,318.15,42798,
2024-02-19 11:24:00+05:30,318.15,318.6,318.15,318.45,41504,
2024-02-19 11:25:00+05:30,318.55,318.55,318.3,318.4,24016,
2024-02-19 11:26:00+05:30,318.4,318.8,318.35,318.5,39268,
2024-02-19 11:27:00+05:30,318.5,318.6,317.45,317.55,56012,
2024-02-19 11:28:00+05:30,317.55,317.8,317.55,317.7,13286,
2024-02-19 11:29:00+05:30,317.7,318.2,317.7,317.85,15114,
2024-02-19 11:30:00+05:30,317.85,318.1,317.85,318.05,18692,
2024-02-19 11:31:00+05:30,318.1,318.1,317.8,318,16056,
2024-02-19 11:32:00+05:30,318,318.1,318,318.05,8844,
2024-02-19 11:33:00+05:30,318.05,318.4,318.05,318.2,36710,
2024-02-19 11:34:00+05:30,318.2,318.3,318.2,318.25,7482,
2024-02-19 11:35:00+05:30,318.25,318.3,318.2,318.25,21862,
2024-02-19 11:36:00+05:30,318.2,318.35,318.2,318.3,9392,
2024-02-19 11:37:00+05:30,318.3,318.35,317.8,318,43178,
2024-02-19 11:38:00+05:30,317.85,318.35,317.8,318.2,21910,
2024-02-19 11:39:00+05:30,318.2,318.2,318.1,318.2,71384,
2024-02-19 11:40:00+05:30,318.2,318.2,318.15,318.15,15076,
2024-02-19 11:41:00+05:30,318.2,318.2,317.9,318.1,21714,
2024-02-19 11:42:00+05:30,318.1,318.1,317.9,318,21364,
2024-02-19 11:43:00+05:30,318,318.1,317.9,318,17944,
2024-02-19 11:44:00+05:30,318,318.05,317.9,317.9,16808,
2024-02-19 11:45:00+05:30,317.9,318.1,317.85,318.1,21308,
2024-02-19 11:46:00+05:30,318.1,318.1,317.95,318,20570,
2024-02-19 11:47:00+05:30,318,318.1,318,318.1,21582,
2024-02-19 11:48:00+05:30,318,318.1,317.95,318.1,21306,
2024-02-19 11:49:00+05:30,318.1,318.25,318,318.15,19966,
2024-02-19 11:50:00+05:30,318.15,318.3,318.15,318.25,23264,
2024-02-19 11:51:00+05:30,318.25,318.3,317.95,318.05,27968,
2024-02-19 11:52:00+05:30,318.05,318.1,317.9,318,15726,
2024-02-19 11:53:00+05:30,318.05,318.05,317.8,317.9,23946,
2024-02-19 11:54:00+05:30,317.9,318.1,317.7,318.1,34392,
2024-02-19 11:55:00+05:30,318.1,318.1,318,318,17208,
2024-02-19 11:56:00+05:30,318.1,318.1,317.95,317.95,19224,
2024-02-19 11:57:00+05:30,317.95,318.05,317.9,317.9,19054,
2024-02-19 11:58:00+05:30,317.9,317.95,317.8,317.85,14834,
2024-02-19 11:59:00+05:30,317.85,318.05,317.8,317.95,19350,
2024-02-19 12:00:00+05:30,318.05,318.3,317.9,318.3,19606,
2024-02-19 12:01:00+05:30,318.3,318.4,318.1,318.1,69052,
2024-02-19 12:02:00+05:30,318.05,318.15,317.8,317.9,20554,
2024-02-19 12:03:00+05:30,317.8,318,317.65,317.9,31172,
2024-02-19 12:04:00+05:30,317.9,318.2,317.9,318.2,21860,
2024-02-19 12:05:00+05:30,318.2,318.2,318.05,318.05,23574,
2024-02-19 12:06:00+05:30,318.05,318.1,318,318,14330,
2024-02-19 12:07:00+05:30,318,318.05,317.9,317.95,16204,
2024-02-19 12:08:00+05:30,317.9,318,317.9,317.95,18432,
2024-02-19 12:09:00+05:30,317.9,317.9,317.8,317.8,23946,
2024-02-19 12:10:00+05:30,317.8,317.9,317.8,317.9,21892,
2024-02-19 12:11:00+05:30,317.9,318,317.85,317.9,25028,
2024-02-19 12:12:00+05:30,317.9,318.05,317.9,317.9,16872,
2024-02-19 12:13:00+05:30,317.9,318,317.85,317.9,16506,
2024-02-19 12:14:00+05:30,317.9,317.9,317.8,317.9,16246,
2024-02-19 12:15:00+05:30,317.8,318.2,317.8,318.15,27694,
2024-02-19 12:16:00+05:30,318.2,318.2,318,318.1,21164,
2024-02-19 12:17:00+05:30,318.1,318.15,318,318,16254,
2024-02-19 12:18:00+05:30,318,318.1,318,318.05,18912,
2024-02-19 12:19:00+05:30,318.05,318.1,317.65,317.65,26232,
2024-02-19 12:20:00+05:30,317.7,318,317.65,317.8,21604,
2024-02-19 12:21:00+05:30,317.9,318,317.8,317.8,20026,
2024-02-19 12:22:00+05:30,317.8,317.9,317.8,317.8,19694,
2024-02-19 12:23:00+05:30,317.8,317.95,317.8,317.8,23508,
2024-02-19 12:24:00+05:30,317.8,317.85,317.7,317.75,22800,
2024-02-19 12:25:00+05:30,317.7,317.8,317.65,317.65,31190,
2024-02-19 12:26:00+05:30,317.65,317.65,317.1,317.2,62668,
2024-02-19 12:27:00+05:30,317.2,317.25,317.05,317.15,14212,
2024-02-19 12:28:00+05:30,317.15,317.15,316.95,317.1,15680,
2024-02-19 12:29:00+05:30,317.15,317.3,317.1,317.3,23828,
2024-02-19 12:30:00+05:30,317.3,317.65,317.2,317.65,53212,
2024-02-19 12:31:00+05:30,317.65,317.75,317.55,317.65,27972,
2024-02-19 12:32:00+05:30,317.65,318.2,317.65,318.2,37208,
2024-02-19 12:33:00+05:30,318.2,318.3,318.15,318.2,29568,
2024-02-19 12:34:00+05:30,318.2,318.6,318.2,318.5,51396,
2024-02-19 12:35:00+05:30,318.5,318.8,318.5,318.7,107448,
2024-02-19 12:36:00+05:30,318.7,318.8,318.55,318.55,97554,
2024-02-19 12:37:00+05:30,318.55,318.55,318.3,318.3,43386,
2024-02-19 12:38:00+05:30,318.35,318.4,318.3,318.3,32318,
2024-02-19 12:39:00+05:30,318.3,318.3,317.9,317.9,41044,
2024-02-19 12:40:00+05:30,317.9,318.2,317.9,317.9,15256,
2024-02-19 12:41:00+05:30,317.9,318.15,317.85,318.1,20926,
2024-02-19 12:42:00+05:30,318.1,318.4,318.1,318.4,29244,
2024-02-19 12:43:00+05:30,318.3,318.4,318.3,318.3,40366,
2024-02-19 12:44:00+05:30,318.3,318.4,318.3,318.3,28974,
2024-02-19 12:45:00+05:30,318.3,318.4,318.1,318.1,42924,
2024-02-19 12:46:00+05:30,318.1,318.2,317.9,317.9,22384,
2024-02-19 12:47:00+05:30,317.9,318.1,317.8,318.1,23992,
2024-02-19 12:48:00+05:30,318.1,318.1,317.9,318.05,15416,
2024-02-19 12:49:00+05:30,318.05,318.15,317.9,318.1,23100,
2024-02-19 12:50:00+05:30,318.1,318.4,318.1,318.3,38444,
2024-02-19 12:51:00+05:30,318.3,318.5,318.3,318.45,30538,
2024-02-19 12:52:00+05:30,318.45,318.45,318.35,318.45,33304,
2024-02-19 12:53:00+05:30,318.45,318.8,318.4,318.8,42734,
2024-02-19 12:54:00+05:30,318.8,319.25,318.7,319.25,70816,
2024-02-19 12:55:00+05:30,319.2,319.65,319.1,319.55,251024,
2024-02-19 12:56:00+05:30,319.45,319.55,319.1,319.2,83252,
2024-02-19 12:57:00+05:30,319.25,319.35,319.1,319.2,33534,
2024-02-19 12:58:00+05:30,319.25,319.25,318.9,319.1,37806,
2024-02-19 12:59:00+05:30,319.05,319.25,319,319.1,30424,
2024-02-19 13:00:00+05:30,319.1,320.35,319.1,320,170328,
2024-02-19 13:01:00+05:30,320,320.2,319.65,319.75,95498,
2024-02-19 13:02:00+05:30,319.75,320.15,319.55,319.55,76416,
2024-02-19 13:03:00+05:30,319.55,319.65,319.25,319.45,35604,
2024-02-19 13:04:00+05:30,319.45,319.5,319.25,319.35,31154,
2024-02-19 13:05:00+05:30,319.35,319.4,319.1,319.15,23172,
2024-02-19 13:06:00+05:30,319.2,319.4,319.05,319.25,53320,
2024-02-19 13:07:00+05:30,319.4,319.75,319.25,319.35,53450,
2024-02-19 13:08:00+05:30,319.35,319.45,319.25,319.3,20922,
2024-02-19 13:09:00+05:30,319.4,319.4,319.1,319.2,48196,
2024-02-19 13:10:00+05:30,319.2,319.25,319.1,319.2,22656,
2024-02-19 13:11:00+05:30,319.2,319.2,319.15,319.2,21560,
2024-02-19 13:12:00+05:30,319.15,319.15,318.85,318.9,43956,
2024-02-19 13:13:00+05:30,318.85,318.9,318.55,318.6,45418,
2024-02-19 13:14:00+05:30,318.6,318.8,318.6,318.65,35788,
2024-02-19 13:15:00+05:30,318.65,318.9,318.6,318.8,25234,
2024-02-19 13:16:00+05:30,318.8,318.8,318.7,318.75,35600,
2024-02-19 13:17:00+05:30,318.7,318.8,318.7,318.7,18096,
2024-02-19 13:18:00+05:30,318.7,318.7,318.6,318.65,21450,
2024-02-19 13:19:00+05:30,318.6,318.8,318.55,318.65,32682,
2024-02-19 13:20:00+05:30,318.65,318.65,318.45,318.5,24056,
2024-02-19 13:21:00+05:30,318.5,318.5,318.3,318.3,33408,
2024-02-19 13:22:00+05:30,318.3,318.6,318.3,318.6,31214,
2024-02-19 13:23:00+05:30,318.6,318.8,318.55,318.7,29658,
2024-02-19 13:24:00+05:30,318.8,319.25,318.7,319.1,36630,
2024-02-19 13:25:00+05:30,319.1,319.55,319.1,319.45,48430,
2024-02-19 13:26:00+05:30,319.45,319.55,319.25,319.3,34508,
2024-02-19 13:27:00+05:30,319.25,319.25,318.7,318.7,32924,
2024-02-19 13:28:00+05:30,318.7,318.8,317.7,318.3,155556,
2024-02-19 13:29:00+05:30,318.3,318.65,317.8,318.6,77528,
2024-02-19 13:30:00+05:30,318.55,318.55,318.1,318.1,22266,
2024-02-19 13:31:00+05:30,318.2,318.5,318.1,318.3,28362,
2024-02-19 13:32:00+05:30,318.3,318.35,317.9,318.15,41540,
2024-02-19 13:33:00+05:30,318.15,318.2,317.9,318.1,21110,
2024-02-19 13:34:00+05:30,318.05,318.3,317.9,318.3,28402,
2024-02-19 13:35:00+05:30,318.3,318.9,318.3,318.7,35054,
2024-02-19 13:36:00+05:30,318.6,318.6,318.2,318.2,22030,
2024-02-19 13:37:00+05:30,318.3,318.55,318.2,318.35,28844,
2024-02-19 13:38:00+05:30,318.35,319.25,318.3,319,39928,
2024-02-19 13:39:00+05:30,319.1,319.6,318.8,319.55,55762,
2024-02-19 13:40:00+05:30,319.6,319.75,319.15,319.2,126166,
2024-02-19 13:41:00+05:30,319.2,319.75,319.2,319.35,44116,
2024-02-19 13:42:00+05:30,319.3,320,319.3,319.75,130008,
2024-02-19 13:43:00+05:30,319.85,319.85,319.65,319.75,98964,
2024-02-19 13:44:00+05:30,319.75,319.85,319.75,319.75,44268,
2024-02-19 13:45:00+05:30,319.75,319.85,319.6,319.75,55038,
2024-02-19 13:46:00+05:30,319.75,319.95,319.65,319.95,59640,
2024-02-19 13:47:00+05:30,319.85,320.25,319.75,320.15,74456,
2024-02-19 13:48:00+05:30,320.15,320.15,319.75,319.9,22540,
2024-02-19 13:49:00+05:30,319.85,319.95,319.8,319.95,25178,
2024-02-19 13:50:00+05:30,319.95,319.95,319.65,319.75,32518,
2024-02-19 13:51:00+05:30,319.75,319.85,319.35,319.55,36048,
2024-02-19 13:52:00+05:30,319.55,319.55,319,319.4,81308,
2024-02-19 13:53:00+05:30,319.4,319.45,319,319.1,26116,
2024-02-19 13:54:00+05:30,319.1,319.55,318.9,319.35,62954,
2024-02-19 13:55:00+05:30,319.35,319.35,319.05,319.15,26676,
2024-02-19 13:56:00+05:30,319.2,319.25,319.1,319.2,25430,
2024-02-19 13:57:00+05:30,319.2,319.2,319,319.05,25578,
2024-02-19 13:58:00+05:30,319.05,319.1,318.7,318.7,40140,
2024-02-19 13:59:00+05:30,318.7,318.85,318.7,318.85,44060,
2024-02-19 14:00:00+05:30,319,319,318.8,318.9,20884,
2024-02-19 14:01:00+05:30,318.9,319.1,318.9,319,23366,
2024-02-19 14:02:00+05:30,318.95,319,318.9,318.9,34506,
2024-02-19 14:03:00+05:30,318.9,318.95,318.7,318.75,35622,
2024-02-19 14:04:00+05:30,318.75,318.75,318.5,318.55,20842,
2024-02-19 14:05:00+05:30,318.55,318.6,318.3,318.3,24672,
2024-02-19 14:06:00+05:30,318.35,318.4,317.95,318.15,47848,
2024-02-19 14:07:00+05:30,318,318.3,318,318.1,28216,
2024-02-19 14:08:00+05:30,318.1,318.25,318,318.15,26186,
2024-02-19 14:09:00+05:30,318.05,318.2,317.95,318.1,30792,
2024-02-19 14:10:00+05:30,318.1,318.1,317.85,317.9,25714,
2024-02-19 14:11:00+05:30,318,318,317.7,317.7,123774,
2024-02-19 14:12:00+05:30,317.7,317.7,317.25,317.35,207616,
2024-02-19 14:13:00+05:30,317.35,317.35,317.2,317.25,39600,
2024-02-19 14:14:00+05:30,317.25,317.35,317.25,317.35,81614,
2024-02-19 14:15:00+05:30,317.35,317.35,317.25,317.35,131500,
2024-02-19 14:16:00+05:30,317.35,317.35,317.35,317.35,23196,
2024-02-19 14:17:00+05:30,317.35,318.25,317.35,317.9,82188,
2024-02-19 14:18:00+05:30,317.9,318.1,317.65,317.65,31650,
2024-02-19 14:19:00+05:30,317.65,317.7,317.4,317.45,34064,
2024-02-19 14:20:00+05:30,317.45,317.65,317.35,317.55,26974,
2024-02-19 14:21:00+05:30,317.45,317.85,317.45,317.8,29592,
2024-02-19 14:22:00+05:30,317.8,317.8,317.65,317.8,16922,
2024-02-19 14:23:00+05:30,317.65,318.3,317.65,318.3,41034,
2024-02-19 14:24:00+05:30,318.25,318.3,317.95,318,27986,
2024-02-19 14:25:00+05:30,318,318,317.8,317.8,23648,
2024-02-19 14:26:00+05:30,317.8,318.1,317.8,318.1,21546,
2024-02-19 14:27:00+05:30,318.1,318.1,317.8,317.8,19728,
2024-02-19 14:28:00+05:30,317.8,318,317.7,317.7,14722,
2024-02-19 14:29:00+05:30,317.8,317.9,317.7,317.8,20774,
2024-02-19 14:30:00+05:30,317.9,317.95,317.7,317.75,27316,
2024-02-19 14:31:00+05:30,317.9,317.95,317.75,317.8,17906,
2024-02-19 14:32:00+05:30,317.8,318,317.7,317.9,37796,
2024-02-19 14:33:00+05:30,317.9,317.95,317.7,317.75,25286,
2024-02-19 14:34:00+05:30,317.8,317.9,317.7,317.85,16496,
2024-02-19 14:35:00+05:30,317.85,317.9,317.7,317.9,30870,
2024-02-19 14:36:00+05:30,317.9,318.1,317.8,317.95,19614,
2024-02-19 14:37:00+05:30,317.95,318,317.7,317.85,23802,
2024-02-19 14:38:00+05:30,317.8,317.9,317.65,317.7,28164,
2024-02-19 14:39:00+05:30,317.85,317.9,317.7,317.85,25416,
2024-02-19 14:40:00+05:30,317.9,317.9,317.7,317.8,26876,
2024-02-19 14:41:00+05:30,317.8,318.1,317.7,317.85,46200,
2024-02-19 14:42:00+05:30,318,318,317.7,317.85,15370,
2024-02-19 14:43:00+05:30,317.9,318.2,317.9,317.9,28050,
2024-02-19 14:44:00+05:30,317.9,318,317.7,317.8,42634,
2024-02-19 14:45:00+05:30,317.8,318,317.65,317.85,115172,
2024-02-19 14:46:00+05:30,317.9,318,317.6,317.8,80824,
2024-02-19 14:47:00+05:30,317.9,317.9,316.9,316.9,75252,
2024-02-19 14:48:00+05:30,316.9,317.05,316.15,316.35,145408,
2024-02-19 14:49:00+05:30,316.55,317.05,316.55,316.95,43266,
2024-02-19 14:50:00+05:30,316.95,316.95,316.25,316.8,72208,
2024-02-19 14:51:00+05:30,316.85,317.35,316.75,317.3,47266,
2024-02-19 14:52:00+05:30,317.35,317.35,317.15,317.25,78260,
2024-02-19 14:53:00+05:30,317.25,317.35,317.05,317.3,11676,
2024-02-19 14:54:00+05:30,317.3,317.35,317.15,317.25,12290,
2024-02-19 14:55:00+05:30,317.25,317.65,317.1,317.25,92718,
2024-02-19 14:56:00+05:30,317.15,317.25,316.95,316.95,12942,
2024-02-19 14:57:00+05:30,316.95,317.05,316.45,316.75,42966,
2024-02-19 14:58:00+05:30,316.75,317.25,316.65,317.05,21834,
2024-02-19 14:59:00+05:30,317.05,317.35,317.05,317.2,31480,
2024-02-19 15:00:00+05:30,317.25,317.35,316.95,317.25,34486,
2024-02-19 15:01:00+05:30,317.25,317.35,317.05,317.25,34176,
2024-02-19 15:02:00+05:30,317.25,317.35,317.15,317.35,19952,
2024-02-19 15:03:00+05:30,317.35,317.35,316.7,316.75,31278,
2024-02-19 15:04:00+05:30,316.75,316.85,316.65,316.75,22234,
2024-02-19 15:05:00+05:30,316.65,316.85,316.65,316.75,34598,
2024-02-19 15:06:00+05:30,316.75,316.75,316.35,316.4,112126,
2024-02-19 15:07:00+05:30,316.4,316.45,316.1,316.35,43854,
2024-02-19 15:08:00+05:30,316.35,316.35,315.9,316.05,54794,
2024-02-19 15:09:00+05:30,316.1,316.1,315.7,315.9,80132,
2024-02-19 15:10:00+05:30,315.9,316.15,315.75,316.15,116754,
2024-02-19 15:11:00+05:30,316.15,316.25,316,316.05,24432,
2024-02-19 15:12:00+05:30,316.1,316.1,315.6,315.7,50328,
2024-02-19 15:13:00+05:30,315.75,315.9,315.6,315.9,59640,
2024-02-19 15:14:00+05:30,315.9,315.9,315.65,315.8,48716,
2024-02-19 15:15:00+05:30,315.8,315.8,315.3,315.5,138742,
2024-02-19 15:16:00+05:30,315.5,316.15,315.5,316.1,93238,
2024-02-19 15:17:00+05:30,316.1,316.1,315.9,316,75126,
2024-02-19 15:18:00+05:30,316,316.65,316,316.65,270534,
2024-02-19 15:19:00+05:30,316.75,316.75,316.25,316.45,127868,
2024-02-19 15:20:00+05:30,316.35,316.45,315.9,316,136088,
2024-02-19 15:21:00+05:30,316,316.45,316,316.45,42634,
2024-02-19 15:22:00+05:30,316.45,316.45,315.95,316,62796,
2024-02-19 15:23:00+05:30,315.9,316.45,315.55,316.3,199570,
2024-02-19 15:24:00+05:30,316.35,316.35,315.85,316.05,45918,
2024-02-19 15:25:00+05:30,315.95,316.05,315.9,316.05,34288,
2024-02-19 15:26:00+05:30,316.1,316.4,316,316.1,41206,
2024-02-19 15:27:00+05:30,316.1,316.35,316.1,316.35,27774,
2024-02-19 15:28:00+05:30,316.35,316.35,316.15,316.15,18448,
2024-02-19 15:29:00+05:30,316.15,316.45,316.1,316.35,21550,
2024-02-20 09:15:00+05:30,316.15,316.3,314.25,316.1,171738,
2024-02-20 09:16:00+05:30,315.9,316.8,315.9,316.8,121510,
2024-02-20 09:17:00+05:30,316.9,316.95,315.65,315.7,146380,
2024-02-20 09:18:00+05:30,315.8,315.8,313.95,314.45,189542,
2024-02-20 09:19:00+05:30,314.35,314.55,313.95,314.2,101054,
2024-02-20 09:20:00+05:30,314.35,314.4,311.8,312.6,201340,
2024-02-20 09:21:00+05:30,313,313.1,312.5,312.5,93558,
2024-02-20 09:22:00+05:30,312.35,312.35,311.15,311.6,161310,
2024-02-20 09:23:00+05:30,311.8,312.95,311.6,312.95,134930,
2024-02-20 09:24:00+05:30,312.95,313.05,312.05,312.3,113150,
2024-02-20 09:25:00+05:30,312.3,314.25,312.1,314.05,142192,
2024-02-20 09:26:00+05:30,314.1,314.25,313.45,314,94872,
2024-02-20 09:27:00+05:30,313.95,315.9,313.95,315.8,190050,
2024-02-20 09:28:00+05:30,316.05,316.35,315.4,315.9,159784,
2024-02-20 09:29:00+05:30,315.9,316.25,315.65,315.85,92754,
2024-02-20 09:30:00+05:30,315.8,316.3,315.6,315.8,69668,
2024-02-20 09:31:00+05:30,315.9,316,314.6,314.6,83982,
2024-02-20 09:32:00+05:30,314.55,315,313.95,315,68832,
2024-02-20 09:33:00+05:30,315.1,315.2,314.7,314.75,50004,
2024-02-20 09:34:00+05:30,314.6,314.75,312.4,312.55,386710,
2024-02-20 09:35:00+05:30,312.6,313.55,312.5,313.35,99718,
2024-02-20 09:36:00+05:30,313.45,313.65,312.95,313.65,56964,
2024-02-20 09:37:00+05:30,313.65,313.65,312.9,313.25,69168,
2024-02-20 09:38:00+05:30,313.15,313.45,312.9,313.35,37118,
2024-02-20 09:39:00+05:30,313.35,313.45,312.95,313.05,49378,
2024-02-20 09:40:00+05:30,313.15,313.4,312.95,313.1,30356,
2024-02-20 09:41:00+05:30,313.1,313.15,312.8,312.8,37708,
2024-02-20 09:42:00+05:30,312.8,313.7,312.75,313.35,45252,
2024-02-20 09:43:00+05:30,313.35,313.45,313.05,313.15,29040,
2024-02-20 09:44:00+05:30,313.15,313.35,312.2,312.3,68276,
2024-02-20 09:45:00+05:30,312.35,312.4,311.55,311.8,117492,
2024-02-20 09:46:00+05:30,311.65,312.3,311.65,312,58578,
2024-02-20 09:47:00+05:30,312,312.3,311.8,312.2,37630,
2024-02-20 09:48:00+05:30,312.2,312.45,312.1,312.4,28810,
2024-02-20 09:49:00+05:30,312.5,312.5,311.85,312.1,38896,
2024-02-20 09:50:00+05:30,312,312.4,311.8,312.3,42254,
2024-02-20 09:51:00+05:30,312.4,312.7,312.2,312.2,58264,
2024-02-20 09:52:00+05:30,312.2,312.3,311.35,311.4,66086,
2024-02-20 09:53:00+05:30,310.95,311.55,310.7,311.15,103738,
2024-02-20 09:54:00+05:30,311.15,311.4,310.65,310.65,47566,
2024-02-20 09:55:00+05:30,310.8,311.05,310.55,310.85,62918,
2024-02-20 09:56:00+05:30,310.85,311,310.1,310.7,227474,
2024-02-20 09:57:00+05:30,310.9,311.4,310.85,311.4,70376,
2024-02-20 09:58:00+05:30,311.35,311.5,311.25,311.35,69680,
2024-02-20 09:59:00+05:30,311.35,312,311.15,311.45,402606,
2024-02-20 10:00:00+05:30,311.7,311.7,311.2,311.25,59140,
2024-02-20 10:01:00+05:30,311.25,311.35,311.15,311.25,45932,
2024-02-20 10:02:00+05:30,311.2,311.35,311.05,311.05,37538,
2024-02-20 10:03:00+05:30,311.15,311.15,310.25,310.45,93024,
2024-02-20 10:04:00+05:30,310.45,311.35,310.45,310.95,85744,
2024-02-20 10:05:00+05:30,311.05,311.2,310.85,311.05,44132,
2024-02-20 10:06:00+05:30,311.05,311.25,310.55,310.75,50230,
2024-02-20 10:07:00+05:30,310.75,310.85,310.65,310.65,21160,
2024-02-20 10:08:00+05:30,310.7,311.05,310.65,311.05,26914,
2024-02-20 10:09:00+05:30,311.05,311.05,310.85,310.95,33024,
2024-02-20 10:10:00+05:30,310.9,311.35,310.85,311.35,34518,
2024-02-20 10:11:00+05:30,311.3,311.4,311.15,311.25,29762,
2024-02-20 10:12:00+05:30,311.25,311.35,311.05,311.3,50860,
2024-02-20 10:13:00+05:30,311.3,311.3,310.6,311.3,65688,
2024-02-20 10:14:00+05:30,311.15,311.35,310.9,311.1,41762,
2024-02-20 10:15:00+05:30,311.1,311.35,310.95,310.95,48324,
2024-02-20 10:16:00+05:30,310.95,311.15,310.85,310.85,28868,
2024-02-20 10:17:00+05:30,310.85,310.9,310.65,310.75,34760,
2024-02-20 10:18:00+05:30,310.7,311.1,310.6,311,30336,
2024-02-20 10:19:00+05:30,311,311.3,310.95,311.25,16438,
2024-02-20 10:20:00+05:30,311.3,311.3,310.55,310.55,48448,
2024-02-20 10:21:00+05:30,310.7,310.95,310.55,310.85,26520,
2024-02-20 10:22:00+05:30,310.8,310.95,310.65,310.8,17426,
2024-02-20 10:23:00+05:30,310.8,310.95,310.2,310.2,62684,
2024-02-20 10:24:00+05:30,310.2,310.5,309.85,309.85,110896,
2024-02-20 10:25:00+05:30,309.95,310.15,309.85,310.05,52464,
2024-02-20 10:26:00+05:30,310.15,310.15,309.95,310.15,26812,
2024-02-20 10:27:00+05:30,310.15,310.15,310.15,310.15,18142,
2024-02-20 10:28:00+05:30,310.15,310.65,310.15,310.5,27196,
2024-02-20 10:29:00+05:30,310.45,310.55,310.2,310.55,63776,
2024-02-20 10:30:00+05:30,310.55,310.75,310.55,310.65,24384,
2024-02-20 10:31:00+05:30,310.65,310.75,310.45,310.5,22726,
2024-02-20 10:32:00+05:30,310.55,310.7,310.45,310.65,10716,
2024-02-20 10:33:00+05:30,310.65,310.75,310.45,310.65,30502,
2024-02-20 10:34:00+05:30,310.55,311.4,310.5,310.95,61476,
2024-02-20 10:35:00+05:30,311.05,311.15,310.85,311.05,13136,
2024-02-20 10:36:00+05:30,311.15,311.35,310.55,310.65,43248,
2024-02-20 10:37:00+05:30,310.75,311.05,310.65,310.75,20522,
2024-02-20 10:38:00+05:30,310.85,310.85,310.55,310.65,25384,
2024-02-20 10:39:00+05:30,310.65,310.85,310.6,310.65,16528,
2024-02-20 10:40:00+05:30,310.7,310.8,310.55,310.55,20938,
2024-02-20 10:41:00+05:30,310.3,310.5,309.85,310.45,63002,
2024-02-20 10:42:00+05:30,310.55,310.55,309.85,309.95,40418,
2024-02-20 10:43:00+05:30,310.05,310.15,309.85,310,19186,
2024-02-20 10:44:00+05:30,309.9,310.25,309.85,310.05,77428,
2024-02-20 10:45:00+05:30,309.95,310.2,309.7,309.8,36616,
2024-02-20 10:46:00+05:30,309.8,309.8,309.1,309.2,97766,
2024-02-20 10:47:00+05:30,309.2,309.5,309.1,309.1,58996,
2024-02-20 10:48:00+05:30,309.1,309.8,309.1,309.7,58466,
2024-02-20 10:49:00+05:30,309.7,309.7,309.25,309.7,28798,
2024-02-20 10:50:00+05:30,309.6,309.7,309.4,309.55,38166,
2024-02-20 10:51:00+05:30,309.6,309.6,308.9,308.9,45294,
2024-02-20 10:52:00+05:30,308.9,309.65,308.7,309.65,55888,
2024-02-20 10:53:00+05:30,309.55,310.05,309.5,309.95,39304,
2024-02-20 10:54:00+05:30,309.95,310.2,309.85,309.9,37540,
2024-02-20 10:55:00+05:30,309.9,310.45,309.85,310.35,61696,
2024-02-20 10:56:00+05:30,310.35,310.65,310.25,310.6,40366,
2024-02-20 10:57:00+05:30,310.65,311.05,310.65,310.95,65672,
2024-02-20 10:58:00+05:30,310.85,311.05,310.85,310.85,33064,
2024-02-20 10:59:00+05:30,310.8,310.85,310.45,310.45,28998,
2024-02-20 11:00:00+05:30,310.45,310.45,310.25,310.35,23070,
2024-02-20 11:01:00+05:30,310.45,310.45,310.05,310.3,32818,
2024-02-20 11:02:00+05:30,310.3,310.3,310.05,310.3,25386,
2024-02-20 11:03:00+05:30,310.3,310.4,309.8,309.85,35532,
2024-02-20 11:04:00+05:30,309.7,310.05,309.7,310.05,44264,
2024-02-20 11:05:00+05:30,310.05,310.05,309.85,310,14744,
2024-02-20 11:06:00+05:30,310,310.05,309.8,309.8,26322,
2024-02-20 11:07:00+05:30,309.85,309.85,309.7,309.85,26122,
2024-02-20 11:08:00+05:30,309.85,310.05,309.8,309.95,12406,
2024-02-20 11:09:00+05:30,309.95,310.1,309.95,310.05,24400,
2024-02-20 11:10:00+05:30,310.05,310.15,309.9,309.9,33024,
2024-02-20 11:11:00+05:30,310,310.15,309.9,310.05,19204,
2024-02-20 11:12:00+05:30,310.05,310.05,309.95,310.05,8472,
2024-02-20 11:13:00+05:30,310,310,309.4,309.5,39348,
2024-02-20 11:14:00+05:30,309.6,309.85,309.5,309.85,10342,
2024-02-20 11:15:00+05:30,309.85,310.05,309.85,310.05,42452,
2024-02-20 11:16:00+05:30,310.05,310.05,310,310.05,8700,
2024-02-20 11:17:00+05:30,310.05,310.45,310.05,310.2,41184,
2024-02-20 11:18:00+05:30,310.2,310.55,310.15,310.4,23976,
2024-02-20 11:19:00+05:30,310.45,310.9,310.4,310.9,34114,
2024-02-20 11:20:00+05:30,310.9,310.95,310.7,310.7,26730,
2024-02-20 11:21:00+05:30,310.7,310.8,310.6,310.6,17132,
2024-02-20 11:22:00+05:30,310.6,310.8,310.45,310.8,27236,
2024-02-20 11:23:00+05:30,310.65,310.75,310.5,310.55,18774,
2024-02-20 11:24:00+05:30,310.6,310.95,310.55,310.95,18878,
2024-02-20 11:25:00+05:30,311.1,311.35,310.75,310.85,120602,
2024-02-20 11:26:00+05:30,310.85,311.45,310.8,311.35,59168,
2024-02-20 11:27:00+05:30,311.35,311.5,311.15,311.15,62138,
2024-02-20 11:28:00+05:30,311.25,311.35,311.15,311.35,13718,
2024-02-20 11:29:00+05:30,311.35,311.45,311.35,311.35,23710,
2024-02-20 11:30:00+05:30,311.35,311.35,310.95,311.05,14778,
2024-02-20 11:31:00+05:30,311.05,311.25,311.05,311.15,9942,
2024-02-20 11:32:00+05:30,311.15,311.25,311.05,311.15,10690,
2024-02-20 11:33:00+05:30,311.15,311.15,310.8,310.8,16606,
2024-02-20 11:34:00+05:30,310.75,311.15,310.65,311.15,30932,
2024-02-20 11:35:00+05:30,311.15,311.15,310.9,311,17360,
2024-02-20 11:36:00+05:30,311.15,311.15,310.9,310.95,9062,
2024-02-20 11:37:00+05:30,310.95,310.95,310.85,310.9,9406,
2024-02-20 11:38:00+05:30,310.9,311,310.85,311,9750,
2024-02-20 11:39:00+05:30,310.85,310.95,310.6,310.7,13530,
2024-02-20 11:40:00+05:30,310.65,310.7,310.1,310.15,45052,
2024-02-20 11:41:00+05:30,310.1,310.5,310.1,310.45,25170,
2024-02-20 11:42:00+05:30,310.45,310.55,310.3,310.45,12566,
2024-02-20 11:43:00+05:30,310.45,311.05,310.35,311.05,19594,
2024-02-20 11:44:00+05:30,310.9,311.3,310.9,311.3,26392,
2024-02-20 11:45:00+05:30,311.3,311.3,310.85,310.95,11130,
2024-02-20 11:46:00+05:30,310.95,311.25,310.9,311.15,13088,
2024-02-20 11:47:00+05:30,311.1,311.15,310.85,310.85,8380,
2024-02-20 11:48:00+05:30,310.85,310.95,310.75,310.85,30798,
2024-02-20 11:49:00+05:30,310.8,310.8,310.45,310.55,41926,
2024-02-20 11:50:00+05:30,310.55,310.65,310.45,310.45,11634,
2024-02-20 11:51:00+05:30,310.45,310.55,310.3,310.45,24278,
2024-02-20 11:52:00+05:30,310.3,310.35,310.2,310.25,35676,
2024-02-20 11:53:00+05:30,310.25,310.45,310.2,310.35,31768,
2024-02-20 11:54:00+05:30,310.35,310.45,310.25,310.25,13558,
2024-02-20 11:55:00+05:30,310.25,310.35,310.25,310.3,16834,
2024-02-20 11:56:00+05:30,310.25,310.7,310.25,310.65,36470,
2024-02-20 11:57:00+05:30,310.65,310.75,310.55,310.6,12952,
2024-02-20 11:58:00+05:30,310.65,310.95,310.55,310.95,20346,
2024-02-20 11:59:00+05:30,310.95,310.95,310.45,310.45,76336,
2024-02-20 12:00:00+05:30,310.45,310.85,310.45,310.6,37488,
2024-02-20 12:01:00+05:30,310.6,310.75,310.55,310.7,29006,
2024-02-20 12:02:00+05:30,310.7,310.95,310.65,310.85,23884,
2024-02-20 12:03:00+05:30,310.85,310.85,310.65,310.75,43626,
2024-02-20 12:04:00+05:30,310.75,310.95,310.45,310.95,69870,
2024-02-20 12:05:00+05:30,310.95,310.95,310.85,310.85,45196,
2024-02-20 12:06:00+05:30,310.85,310.95,310.8,310.9,13106,
2024-02-20 12:07:00+05:30,310.9,310.9,310.4,310.4,20970,
2024-02-20 12:08:00+05:30,310.35,310.45,310.35,310.4,23442,
2024-02-20 12:09:00+05:30,310.4,310.75,310.35,310.55,49456,
2024-02-20 12:10:00+05:30,310.55,310.75,310.45,310.55,69330,
2024-02-20 12:11:00+05:30,310.55,310.55,310.4,310.45,74700,
2024-02-20 12:12:00+05:30,310.45,310.45,310.15,310.15,31422,
2024-02-20 12:13:00+05:30,310.15,310.15,310.05,310.15,17476,
2024-02-20 12:14:00+05:30,310.15,310.15,309.95,309.95,42472,
2024-02-20 12:15:00+05:30,310.05,310.05,309.95,309.95,30856,
2024-02-20 12:16:00+05:30,310,310.05,309.95,310,14552,
2024-02-20 12:17:00+05:30,310.05,310.05,310,310.05,12100,
2024-02-20 12:18:00+05:30,310.05,310.05,309.95,310.05,26450,
2024-02-20 12:19:00+05:30,310.05,310.05,310,310.05,7384,
2024-02-20 12:20:00+05:30,310.05,310.05,309.95,310.05,18664,
2024-02-20 12:21:00+05:30,309.95,310.05,309.85,309.95,18624,
2024-02-20 12:22:00+05:30,309.95,310,309.9,309.95,7104,
2024-02-20 12:23:00+05:30,309.95,310.05,309.95,310.05,11100,
2024-02-20 12:24:00+05:30,310.05,310.05,309.95,310.05,13758,
2024-02-20 12:25:00+05:30,310.05,310.05,309.85,309.95,34646,
2024-02-20 12:26:00+05:30,309.95,310.05,309.85,310.05,9100,
2024-02-20 12:27:00+05:30,310.05,310.05,309.95,310.05,25084,
2024-02-20 12:28:00+05:30,310,310.05,309.85,309.95,16160,
2024-02-20 12:29:00+05:30,309.95,310.05,309.95,310.05,6642,
2024-02-20 12:30:00+05:30,310.05,310.05,310,310.05,49358,
2024-02-20 12:31:00+05:30,310.05,310.05,309.9,309.9,13146,
2024-02-20 12:32:00+05:30,309.85,309.95,309.7,309.85,24134,
2024-02-20 12:33:00+05:30,309.85,310.05,309.85,310.05,13618,
2024-02-20 12:34:00+05:30,310.05,310.05,310,310.05,9076,
2024-02-20 12:35:00+05:30,310.05,310.05,310.05,310.05,22500,
2024-02-20 12:36:00+05:30,310.05,310.15,310.05,310.05,78018,
2024-02-20 12:37:00+05:30,310.05,310.85,309.95,310.65,113268,
2024-02-20 12:38:00+05:30,310.6,310.6,310.1,310.25,14052,
2024-02-20 12:39:00+05:30,310.25,310.45,310.25,310.35,12342,
2024-02-20 12:40:00+05:30,310.35,310.95,310.35,310.65,29450,
2024-02-20 12:41:00+05:30,310.75,310.9,310.65,310.8,30922,
2024-02-20 12:42:00+05:30,310.8,310.85,310.65,310.8,13086,
2024-02-20 12:43:00+05:30,310.8,310.9,310.75,310.9,19350,
2024-02-20 12:44:00+05:30,310.85,311.15,310.65,311.05,61240,
2024-02-20 12:45:00+05:30,311.05,311.25,310.95,311.05,26016,
2024-02-20 12:46:00+05:30,311.1,311.5,311.1,311.4,59488,
2024-02-20 12:47:00+05:30,311.4,311.4,311.15,311.3,23916,
2024-02-20 12:48:00+05:30,311.25,311.3,311.15,311.25,18020,
2024-02-20 12:49:00+05:30,311.25,311.4,311.2,311.4,38068,
2024-02-20 12:50:00+05:30,311.4,312,311.3,311.7,83928,
2024-02-20 12:51:00+05:30,311.7,311.8,311.6,311.7,25282,
2024-02-20 12:52:00+05:30,311.7,312.2,311.7,312,45116,
2024-02-20 12:53:00+05:30,312,312.25,312,312.1,55270,
2024-02-20 12:54:00+05:30,312.1,312.5,312,312.45,61530,
2024-02-20 12:55:00+05:30,312.4,312.9,312.4,312.8,78994,
2024-02-20 12:56:00+05:30,312.7,313.05,312.5,312.8,91248,
2024-02-20 12:57:00+05:30,312.8,312.9,312.65,312.75,33628,
2024-02-20 12:58:00+05:30,312.7,312.8,312.5,312.6,40096,
2024-02-20 12:59:00+05:30,312.6,312.7,312.5,312.6,22486,
2024-02-20 13:00:00+05:30,312.6,312.65,312.3,312.65,56888,
2024-02-20 13:01:00+05:30,312.6,313.25,312.6,313.25,67058,
2024-02-20 13:02:00+05:30,313.25,313.65,313,313.1,53524,
2024-02-20 13:03:00+05:30,313.1,313.7,313.05,313.45,59240,
2024-02-20 13:04:00+05:30,313.45,313.45,313.25,313.4,22900,
2024-02-20 13:05:00+05:30,313.35,314.05,313.35,314.05,86890,
2024-02-20 13:06:00+05:30,314.05,314.3,313.75,313.85,84518,
2024-02-20 13:07:00+05:30,313.85,313.95,313.8,313.95,36756,
2024-02-20 13:08:00+05:30,313.95,314.15,313.95,314,26736,
2024-02-20 13:09:00+05:30,313.95,314.8,313.95,314.75,113068,
2024-02-20 13:10:00+05:30,314.8,314.9,314.35,314.45,68226,
2024-02-20 13:11:00+05:30,314.55,314.9,314.45,314.55,65448,
2024-02-20 13:12:00+05:30,314.65,314.65,314.3,314.45,62120,
2024-02-20 13:13:00+05:30,314.45,314.5,314.15,314.15,57736,
2024-02-20 13:14:00+05:30,314.15,314.2,314,314.05,32470,
2024-02-20 13:15:00+05:30,314.05,314.05,313.35,313.35,111162,
2024-02-20 13:16:00+05:30,313.4,313.45,313.25,313.35,58854,
2024-02-20 13:17:00+05:30,313.4,313.4,313.15,313.15,96738,
2024-02-20 13:18:00+05:30,313.2,313.5,313.05,313.15,42168,
2024-02-20 13:19:00+05:30,313.2,313.25,313.05,313.15,16158,
2024-02-20 13:20:00+05:30,313.15,313.15,312.85,312.9,49242,
2024-02-20 13:21:00+05:30,312.9,312.95,312.9,312.95,14696,
2024-02-20 13:22:00+05:30,312.95,313.15,312.95,312.95,34330,
2024-02-20 13:23:00+05:30,313,313.75,312.95,313.65,51400,
2024-02-20 13:24:00+05:30,313.7,313.85,313.15,313.55,156178,
2024-02-20 13:25:00+05:30,313.55,314.05,313.35,313.85,146114,
2024-02-20 13:26:00+05:30,313.75,314.25,313.7,313.85,148036,
2024-02-20 13:27:00+05:30,313.85,313.95,312.95,313.15,98072,
2024-02-20 13:28:00+05:30,313.15,313.6,313.05,313.35,25942,
2024-02-20 13:29:00+05:30,313.25,313.45,313.05,313.15,18018,
2024-02-20 13:30:00+05:30,313.2,313.75,313.2,313.75,64168,
2024-02-20 13:31:00+05:30,313.75,314.3,313.45,314.25,83818,
2024-02-20 13:32:00+05:30,314.2,314.35,313.75,313.85,77794,
2024-02-20 13:33:00+05:30,313.75,314.35,313.75,314.05,49174,
2024-02-20 13:34:00+05:30,314,314.25,314,314.2,34344,
2024-02-20 13:35:00+05:30,314.2,314.35,314.15,314.35,25176,
2024-02-20 13:36:00+05:30,314.35,315.05,314.3,314.85,153688,
2024-02-20 13:37:00+05:30,314.75,315.25,314.55,315.25,69672,
2024-02-20 13:38:00+05:30,315.2,316.85,315,316.75,198088,
2024-02-20 13:39:00+05:30,317,317.9,316.4,316.95,443612,
2024-02-20 13:40:00+05:30,316.95,317.55,316.6,317,115318,
2024-02-20 13:41:00+05:30,317,317,315.9,315.9,159162,
2024-02-20 13:42:00+05:30,315.9,316.05,315.55,315.7,151444,
2024-02-20 13:43:00+05:30,315.7,316.45,315.55,316.45,64102,
2024-02-20 13:44:00+05:30,316.35,316.75,316,316.25,63408,
2024-02-20 13:45:00+05:30,316.25,317.15,315.9,317.05,52192,
2024-02-20 13:46:00+05:30,317.05,317.7,316.95,317.15,136342,
2024-02-20 13:47:00+05:30,317.2,317.25,316.45,316.9,61604,
2024-02-20 13:48:00+05:30,316.95,318.3,316.75,318.1,143344,
2024-02-20 13:49:00+05:30,317.95,318.05,316.55,316.95,119484,
2024-02-20 13:50:00+05:30,316.95,316.95,316.45,316.55,75438,
2024-02-20 13:51:00+05:30,316.6,316.75,316.05,316.35,101480,
2024-02-20 13:52:00+05:30,316.35,317.15,316.35,317.1,64106,
2024-02-20 13:53:00+05:30,317.15,317.75,316.75,317.15,99888,
2024-02-20 13:54:00+05:30,317,317,316.25,316.45,56370,
2024-02-20 13:55:00+05:30,316.25,316.45,315.7,316.25,109328,
2024-02-20 13:56:00+05:30,316.15,316.95,316.1,316.7,36198,
2024-02-20 13:57:00+05:30,316.55,317.35,316.4,317.05,55274,
2024-02-20 13:58:00+05:30,317.05,317.25,316.65,317.15,35816,
2024-02-20 13:59:00+05:30,317.25,317.35,316.85,316.95,55258,
2024-02-20 14:00:00+05:30,316.9,317.6,316.9,317.55,74816,
2024-02-20 14:01:00+05:30,317.45,317.6,316.65,316.75,68532,
2024-02-20 14:02:00+05:30,316.65,316.75,316,316.25,84860,
2024-02-20 14:03:00+05:30,316.25,316.6,316.1,316.25,54702,
2024-02-20 14:04:00+05:30,316.25,316.35,315.2,315.3,83776,
2024-02-20 14:05:00+05:30,315.4,316.1,315.4,315.5,74156,
2024-02-20 14:06:00+05:30,315.5,316.35,315.25,316.25,35786,
2024-02-20 14:07:00+05:30,316.25,316.35,315.9,316,31698,
2024-02-20 14:08:00+05:30,316,316.25,315.9,316.25,29254,
2024-02-20 14:09:00+05:30,316.25,316.55,316.05,316.15,28190,
2024-02-20 14:10:00+05:30,316.35,316.45,316.1,316.35,24942,
2024-02-20 14:11:00+05:30,316.35,316.35,316.15,316.25,15828,
2024-02-20 14:12:00+05:30,316.25,317.3,316.25,316.75,72406,
2024-02-20 14:13:00+05:30,316.85,316.85,316.35,316.55,35784,
2024-02-20 14:14:00+05:30,316.55,317.05,316.55,316.75,22744,
2024-02-20 14:15:00+05:30,316.7,317.05,316.7,316.95,20814,
2024-02-20 14:16:00+05:30,316.95,317.15,316.9,316.95,39056,
2024-02-20 14:17:00+05:30,316.95,317.05,316.9,316.95,32444,
2024-02-20 14:18:00+05:30,317.05,317.35,316.95,317.25,36994,
2024-02-20 14:19:00+05:30,317.25,317.35,317.15,317.15,22436,
2024-02-20 14:20:00+05:30,317.2,317.55,317.15,317.55,41090,
2024-02-20 14:21:00+05:30,317.6,317.6,316.75,316.95,69340,
2024-02-20 14:22:00+05:30,316.95,317.25,316.85,316.9,31518,
2024-02-20 14:23:00+05:30,316.9,317.1,316.65,316.75,83386,
2024-02-20 14:24:00+05:30,316.85,316.85,316.7,316.7,14178,
2024-02-20 14:25:00+05:30,316.75,316.75,316.45,316.45,40846,
2024-02-20 14:26:00+05:30,316.45,316.65,316.25,316.3,29222,
2024-02-20 14:27:00+05:30,316.3,316.45,316.25,316.35,30666,
2024-02-20 14:28:00+05:30,316.3,316.85,316.3,316.65,21920,
2024-02-20 14:29:00+05:30,316.7,316.85,316.5,316.55,26364,
2024-02-20 14:30:00+05:30,316.55,316.75,316.5,316.65,13230,
2024-02-20 14:31:00+05:30,316.75,316.85,316.65,316.8,20508,
2024-02-20 14:32:00+05:30,316.8,316.95,316.75,316.85,21112,
2024-02-20 14:33:00+05:30,316.85,317.35,316.85,317.05,63062,
2024-02-20 14:34:00+05:30,317.15,317.35,317,317.25,96492,
2024-02-20 14:35:00+05:30,317.2,317.35,317.2,317.35,55850,
2024-02-20 14:36:00+05:30,317.3,317.7,317.25,317.35,64380,
2024-02-20 14:37:00+05:30,317.35,317.4,317.05,317.05,24822,
2024-02-20 14:38:00+05:30,317.05,317.15,317.05,317.15,16678,
2024-02-20 14:39:00+05:30,317.15,317.15,316.65,316.75,53704,
2024-02-20 14:40:00+05:30,316.75,316.75,316.55,316.65,26792,
2024-02-20 14:41:00+05:30,316.65,316.8,316.45,316.65,42630,
2024-02-20 14:42:00+05:30,316.65,316.75,316.5,316.7,26490,
2024-02-20 14:43:00+05:30,316.7,316.75,316.65,316.75,19834,
2024-02-20 14:44:00+05:30,316.7,317.1,316.6,316.6,44456,
2024-02-20 14:45:00+05:30,316.6,316.75,316.45,316.6,78568,
2024-02-20 14:46:00+05:30,316.6,317.25,316.55,317.2,164234,
2024-02-20 14:47:00+05:30,317.2,317.35,317.15,317.35,28786,
2024-02-20 14:48:00+05:30,317.35,317.35,316.9,317.1,33398,
2024-02-20 14:49:00+05:30,317.1,317.15,316.65,316.75,28604,
2024-02-20 14:50:00+05:30,316.75,316.95,316.75,316.95,16638,
2024-02-20 14:51:00+05:30,316.95,316.95,316.75,316.75,20332,
2024-02-20 14:52:00+05:30,316.8,316.9,316.7,316.85,25006,
2024-02-20 14:53:00+05:30,316.8,316.85,316.6,316.8,26000,
2024-02-20 14:54:00+05:30,316.75,316.9,316.7,316.85,38974,
2024-02-20 14:55:00+05:30,316.85,316.85,316.75,316.85,15884,
2024-02-20 14:56:00+05:30,316.85,316.85,316.75,316.75,13672,
2024-02-20 14:57:00+05:30,316.75,316.85,316.65,316.85,23900,
2024-02-20 14:58:00+05:30,316.85,317.55,316.8,317.45,94908,
2024-02-20 14:59:00+05:30,317.45,317.6,317.35,317.45,53906,
2024-02-20 15:00:00+05:30,317.65,317.9,316.9,316.9,176088,
2024-02-20 15:01:00+05:30,317,317.6,316.9,317.55,42926,
2024-02-20 15:02:00+05:30,317.65,317.65,317.3,317.35,60468,
2024-02-20 15:03:00+05:30,317.35,317.4,317.15,317.15,71560,
2024-02-20 15:04:00+05:30,317.15,317.6,317.15,317.55,39204,
2024-02-20 15:05:00+05:30,317.55,317.7,317.25,317.25,43084,
2024-02-20 15:06:00+05:30,317.25,317.35,317.25,317.35,42340,
2024-02-20 15:07:00+05:30,317.35,317.35,317.25,317.3,40502,
2024-02-20 15:08:00+05:30,317.35,317.35,317.25,317.35,44598,
2024-02-20 15:09:00+05:30,317.25,317.3,317.05,317.1,60752,
2024-02-20 15:10:00+05:30,317.05,317.3,317,317.2,51004,
2024-02-20 15:11:00+05:30,317.2,317.45,317.15,317.4,67754,
2024-02-20 15:12:00+05:30,317.35,317.35,317.25,317.35,79428,
2024-02-20 15:13:00+05:30,317.25,317.35,317.15,317.15,63314,
2024-02-20 15:14:00+05:30,317.15,317.15,317.05,317.1,46324,
2024-02-20 15:15:00+05:30,317.05,317.2,316.85,317,70172,
2024-02-20 15:16:00+05:30,316.95,318,316.9,317.7,177688,
2024-02-20 15:17:00+05:30,317.7,318.1,317.5,317.85,85018,
2024-02-20 15:18:00+05:30,317.85,318,317.6,317.9,108332,
2024-02-20 15:19:00+05:30,318.05,318.3,317.9,318.3,64306,
2024-02-20 15:20:00+05:30,318.3,318.95,318.25,318.8,150808,
2024-02-20 15:21:00+05:30,318.75,319.6,318.7,319.55,108966,
2024-02-20 15:22:00+05:30,319.65,319.65,319.2,319.45,53638,
2024-02-20 15:23:00+05:30,319.45,319.75,319.35,319.55,137790,
2024-02-20 15:24:00+05:30,319.55,319.75,319.5,319.75,86334,
2024-02-20 15:25:00+05:30,319.75,320.7,319.65,320.7,112416,
2024-02-20 15:26:00+05:30,320.65,321.1,320.55,321,80092,
2024-02-20 15:27:00+05:30,321,321.7,320.9,321.5,171570,
2024-02-20 15:28:00+05:30,321.6,321.7,321.1,321.5,120972,
2024-02-20 15:29:00+05:30,321.45,321.7,321.25,321.5,61716,
2024-02-21 09:15:00+05:30,321.5,323.55,319.75,323.05,387606,
2024-02-21 09:16:00+05:30,323.05,323.45,320.4,320.55,273282,
2024-02-21 09:17:00+05:30,320.55,320.55,318.6,319.45,204576,
2024-02-21 09:18:00+05:30,319.45,320.25,319.1,319.65,124538,
2024-02-21 09:19:00+05:30,319.55,319.8,316.85,317.3,199902,
2024-02-21 09:20:00+05:30,317.25,318.3,317.15,317.95,127910,
2024-02-21 09:21:00+05:30,317.95,317.95,316.1,316.35,176640,
2024-02-21 09:22:00+05:30,316.4,316.65,315.4,315.45,117630,
2024-02-21 09:23:00+05:30,315.2,316.15,315.15,316.15,87304,
2024-02-21 09:24:00+05:30,316.15,316.15,315.8,316,76440,
2024-02-21 09:25:00+05:30,315.95,316.25,315.6,316.1,69514,
2024-02-21 09:26:00+05:30,316.1,316.65,315.9,316,93678,
2024-02-21 09:27:00+05:30,315.95,316.15,315.2,315.3,105728,
2024-02-21 09:28:00+05:30,315.4,316.1,315.25,315.9,70600,
2024-02-21 09:29:00+05:30,315.9,317.25,315.6,316.75,93912,
2024-02-21 09:30:00+05:30,316.65,316.85,316,316.55,61114,
2024-02-21 09:31:00+05:30,316.65,316.75,316.15,316.45,50124,
2024-02-21 09:32:00+05:30,316.45,316.5,316.15,316.25,46024,
2024-02-21 09:33:00+05:30,316.45,317.55,316.2,317.35,115910,
2024-02-21 09:34:00+05:30,317.45,318.3,317.3,318.1,196426,
2024-02-21 09:35:00+05:30,318,318.5,317.65,318.5,154260,
2024-02-21 09:36:00+05:30,318.45,319.1,317.9,317.95,176822,
2024-02-21 09:37:00+05:30,318,318.15,316.7,316.85,93524,
2024-02-21 09:38:00+05:30,316.85,317.55,316.85,317.35,178512,
2024-02-21 09:39:00+05:30,317.35,317.55,317.1,317.15,102072,
2024-02-21 09:40:00+05:30,317.15,317.3,315.9,315.9,123856,
2024-02-21 09:41:00+05:30,315.9,316.15,315.4,316.1,91242,
2024-02-21 09:42:00+05:30,316.1,316.5,316.1,316.15,33250,
2024-02-21 09:43:00+05:30,316.15,316.8,316.15,316.7,35780,
2024-02-21 09:44:00+05:30,316.7,316.95,316.65,316.7,35786,
2024-02-21 09:45:00+05:30,316.7,317.25,316.7,316.85,46334,
2024-02-21 09:46:00+05:30,316.85,317.2,315.9,315.9,79276,
2024-02-21 09:47:00+05:30,316,316.1,315.55,315.8,93444,
2024-02-21 09:48:00+05:30,315.8,315.9,314.45,314.6,230588,
2024-02-21 09:49:00+05:30,314.7,314.7,313.45,314.5,280232,
2024-02-21 09:50:00+05:30,314.55,314.6,313.95,314.05,62358,
2024-02-21 09:51:00+05:30,313.6,314.6,313.6,314.55,100898,
2024-02-21 09:52:00+05:30,314.45,315,314.45,314.65,65010,
2024-02-21 09:53:00+05:30,314.7,314.8,314.45,314.75,28666,
2024-02-21 09:54:00+05:30,314.85,314.95,314.5,314.9,35684,
2024-02-21 09:55:00+05:30,314.9,315.2,314.55,314.95,31192,
2024-02-21 09:56:00+05:30,314.95,315.05,314.6,314.8,29994,
2024-02-21 09:57:00+05:30,314.8,315.6,314.7,315.4,57506,
2024-02-21 09:58:00+05:30,315.45,315.8,315.1,315.6,60746,
2024-02-21 09:59:00+05:30,315.6,315.8,315.4,315.65,38942,
2024-02-21 10:00:00+05:30,315.7,316.1,315.65,316,61124,
2024-02-21 10:01:00+05:30,316,316.35,316,316.35,56174,
2024-02-21 10:02:00+05:30,316.35,316.35,316.05,316.25,32842,
2024-02-21 10:03:00+05:30,316.15,316.3,316,316.2,56790,
2024-02-21 10:04:00+05:30,316.15,316.6,316,316.55,100736,
2024-02-21 10:05:00+05:30,316.55,316.65,316.4,316.65,49268,
2024-02-21 10:06:00+05:30,316.6,316.75,316.55,316.55,33982,
2024-02-21 10:07:00+05:30,316.55,316.55,315.65,315.7,74110,
2024-02-21 10:08:00+05:30,315.7,316.1,315.7,315.8,23558,
2024-02-21 10:09:00+05:30,315.8,315.9,315.65,315.7,27806,
2024-02-21 10:10:00+05:30,315.7,315.7,315.15,315.2,37172,
2024-02-21 10:11:00+05:30,315.4,315.4,315,315.1,49850,
2024-02-21 10:12:00+05:30,315.1,315.15,314.9,314.9,45088,
2024-02-21 10:13:00+05:30,315,315.4,314.9,315.35,48406,
2024-02-21 10:14:00+05:30,315.2,315.3,314.15,314.45,104328,
2024-02-21 10:15:00+05:30,314.45,314.75,314.2,314.75,75924,
2024-02-21 10:16:00+05:30,314.7,315,314.45,314.8,34090,
2024-02-21 10:17:00+05:30,314.8,315,314.55,315,25368,
2024-02-21 10:18:00+05:30,315,315.5,314.8,314.85,45916,
2024-02-21 10:19:00+05:30,314.8,315,314.7,315,19756,
2024-02-21 10:20:00+05:30,315,315,314.55,314.8,26684,
2024-02-21 10:21:00+05:30,314.75,314.9,314.65,314.85,15960,
2024-02-21 10:22:00+05:30,314.9,314.9,314.7,314.8,14894,
2024-02-21 10:23:00+05:30,314.8,315,314.75,314.8,47706,
2024-02-21 10:24:00+05:30,314.9,314.9,314.8,314.9,13762,
2024-02-21 10:25:00+05:30,314.9,315.4,314.8,314.9,30836,
2024-02-21 10:26:00+05:30,314.9,315.1,314.9,314.9,14086,
2024-02-21 10:27:00+05:30,314.95,314.95,314.2,314.3,79994,
2024-02-21 10:28:00+05:30,314.35,314.4,313.95,313.95,42334,
2024-02-21 10:29:00+05:30,314.05,314.35,313.95,314.35,39804,
2024-02-21 10:30:00+05:30,314.35,314.35,313.95,314.35,20804,
2024-02-21 10:31:00+05:30,314.25,314.35,314.15,314.15,13314,
2024-02-21 10:32:00+05:30,314.15,314.5,314.15,314.4,15502,
2024-02-21 10:33:00+05:30,314.25,315,314.2,315,30538,
2024-02-21 10:34:00+05:30,314.95,315.1,314.45,314.5,39904,
2024-02-21 10:35:00+05:30,314.6,314.6,313.95,313.95,50228,
2024-02-21 10:36:00+05:30,313.95,314.55,313.95,314.45,13576,
2024-02-21 10:37:00+05:30,314.45,314.55,314.1,314.25,20368,
2024-02-21 10:38:00+05:30,314.25,314.25,313.95,314,26966,
2024-02-21 10:39:00+05:30,314,314.05,313.8,313.95,30206,
2024-02-21 10:40:00+05:30,313.85,313.95,313.45,313.45,95830,
2024-02-21 10:41:00+05:30,313.5,313.85,313.45,313.7,37226,
2024-02-21 10:42:00+05:30,313.85,314.05,313.45,313.85,45050,
2024-02-21 10:43:00+05:30,313.95,313.95,313.55,313.65,13752,
2024-02-21 10:44:00+05:30,313.65,313.65,313.05,313.05,46670,
2024-02-21 10:45:00+05:30,313.1,313.3,312.95,313.25,43364,
2024-02-21 10:46:00+05:30,313.25,313.65,313.15,313.35,28802,
2024-02-21 10:47:00+05:30,313.35,313.65,313.25,313.4,10904,
2024-02-21 10:48:00+05:30,313.3,313.55,313.2,313.5,28908,
2024-02-21 10:49:00+05:30,313.5,313.8,313.3,313.55,31906,
2024-02-21 10:50:00+05:30,313.55,313.75,313.45,313.5,12044,
2024-02-21 10:51:00+05:30,313.5,313.8,313.35,313.45,26984,
2024-02-21 10:52:00+05:30,313.45,313.65,313.45,313.5,8454,
2024-02-21 10:53:00+05:30,313.5,313.6,313.45,313.55,10976,
2024-02-21 10:54:00+05:30,313.55,313.75,313.45,313.55,14570,
2024-02-21 10:55:00+05:30,313.55,313.6,313.1,313.35,27254,
2024-02-21 10:56:00+05:30,313.35,313.7,313.25,313.6,8684,
2024-02-21 10:57:00+05:30,313.65,313.95,313.5,313.95,18784,
2024-02-21 10:58:00+05:30,313.95,313.95,313.75,313.95,9134,
2024-02-21 10:59:00+05:30,313.95,314.25,313.95,314.15,39416,
2024-02-21 11:00:00+05:30,314.15,314.3,313.85,314.05,14062,
2024-02-21 11:01:00+05:30,314,314.2,314,314.15,13122,
2024-02-21 11:02:00+05:30,314.15,314.2,313.85,314,32796,
2024-02-21 11:03:00+05:30,314,314.05,313.45,313.45,14388,
2024-02-21 11:04:00+05:30,313.65,313.85,313.25,313.85,32638,
2024-02-21 11:05:00+05:30,313.85,313.85,313.35,313.55,26362,
2024-02-21 11:06:00+05:30,313.55,313.55,313.2,313.55,14076,
2024-02-21 11:07:00+05:30,313.45,313.8,313.35,313.8,8670,
2024-02-21 11:08:00+05:30,313.8,313.9,313.65,313.65,9218,
2024-02-21 11:09:00+05:30,313.5,313.7,313.45,313.6,16338,
2024-02-21 11:10:00+05:30,313.5,313.7,313.45,313.6,11706,
2024-02-21 11:11:00+05:30,313.55,313.65,313.5,313.6,8624,
2024-02-21 11:12:00+05:30,313.55,313.95,313.55,313.95,10924,
2024-02-21 11:13:00+05:30,313.9,313.9,313.8,313.85,3120,
2024-02-21 11:14:00+05:30,313.85,314.05,313.8,314.05,15428,
2024-02-21 11:15:00+05:30,314,314.15,313.85,313.9,12444,
2024-02-21 11:16:00+05:30,313.85,313.9,313.65,313.65,10148,
2024-02-21 11:17:00+05:30,313.65,313.7,313.35,313.45,31766,
2024-02-21 11:18:00+05:30,313.45,313.45,313.35,313.4,12494,
2024-02-21 11:19:00+05:30,313.4,313.45,313.25,313.25,22108,
2024-02-21 11:20:00+05:30,313.25,313.35,313,313.05,19832,
2024-02-21 11:21:00+05:30,313.05,313.25,312.95,313.25,12250,
2024-02-21 11:22:00+05:30,313.25,313.25,313.05,313.05,9656,
2024-02-21 11:23:00+05:30,313.1,313.3,313.05,313.3,7394,
2024-02-21 11:24:00+05:30,313.3,313.55,313.3,313.55,17238,
2024-02-21 11:25:00+05:30,313.65,313.65,313.4,313.45,22352,
2024-02-21 11:26:00+05:30,313.4,313.45,313.25,313.25,3444,
2024-02-21 11:27:00+05:30,313.25,313.35,313.2,313.2,8558,
2024-02-21 11:28:00+05:30,313.2,313.35,313.15,313.25,13106,
2024-02-21 11:29:00+05:30,313.15,313.35,313.15,313.35,5202,
2024-02-21 11:30:00+05:30,313.45,313.65,313.45,313.55,4488,
2024-02-21 11:31:00+05:30,313.55,313.65,313.45,313.55,8744,
2024-02-21 11:32:00+05:30,313.55,313.65,313.35,313.5,5712,
2024-02-21 11:33:00+05:30,313.5,313.6,313.45,313.6,5890,
2024-02-21 11:34:00+05:30,313.6,313.6,313,313.05,24844,
2024-02-21 11:35:00+05:30,313.05,313.05,313,313.05,29478,
2024-02-21 11:36:00+05:30,313.05,313.05,312.5,312.5,93474,
2024-02-21 11:37:00+05:30,312.55,313.1,312.55,313.05,16848,
2024-02-21 11:38:00+05:30,313.05,313.15,312.9,313.05,16382,
2024-02-21 11:39:00+05:30,312.95,313.45,312.95,313.35,11196,
2024-02-21 11:40:00+05:30,313.35,313.65,313.35,313.55,16514,
2024-02-21 11:41:00+05:30,313.6,313.85,313.55,313.75,32456,
2024-02-21 11:42:00+05:30,313.75,314.05,313.75,314,24398,
2024-02-21 11:43:00+05:30,314,314.2,313.9,314.15,11740,
2024-02-21 11:44:00+05:30,314.15,314.2,314.05,314.05,10330,
2024-02-21 11:45:00+05:30,314.05,314.15,313.95,314.05,11210,
2024-02-21 11:46:00+05:30,314.05,314.15,313.95,313.95,22378,
2024-02-21 11:47:00+05:30,313.95,314,313.45,313.45,19682,
2024-02-21 11:48:00+05:30,313.45,314.05,313.45,313.55,18424,
2024-02-21 11:49:00+05:30,313.65,313.75,313.6,313.65,16124,
2024-02-21 11:50:00+05:30,313.65,313.95,313.65,313.85,5918,
2024-02-21 11:51:00+05:30,313.95,314.05,313.85,313.95,13034,
2024-02-21 11:52:00+05:30,313.95,313.95,313.65,313.85,8978,
2024-02-21 11:53:00+05:30,313.85,313.85,313.65,313.7,4740,
2024-02-21 11:54:00+05:30,313.7,314.15,313.6,314.15,9324,
2024-02-21 11:55:00+05:30,314.05,314.15,313.95,313.95,25850,
2024-02-21 11:56:00+05:30,313.95,314.05,313.85,313.95,23120,
2024-02-21 11:57:00+05:30,313.95,314.05,313.85,313.95,10234,
2024-02-21 11:58:00+05:30,313.95,313.95,313.85,313.95,9232,
2024-02-21 11:59:00+05:30,313.95,314,313.85,314,4686,
2024-02-21 12:00:00+05:30,314,314,313.45,313.6,17336,
2024-02-21 12:01:00+05:30,313.45,313.6,313.25,313.4,19748,
2024-02-21 12:02:00+05:30,313.4,313.5,313.25,313.45,7628,
2024-02-21 12:03:00+05:30,313.3,313.75,313.3,313.65,4674,
2024-02-21 12:04:00+05:30,313.65,313.65,313.45,313.45,5916,
2024-02-21 12:05:00+05:30,313.55,313.55,313.3,313.35,3882,
2024-02-21 12:06:00+05:30,313.35,313.65,313.35,313.55,11978,
2024-02-21 12:07:00+05:30,313.55,313.55,313.35,313.35,3462,
2024-02-21 12:08:00+05:30,313.45,313.55,313.35,313.4,8700,
2024-02-21 12:09:00+05:30,313.4,313.45,313.05,313.15,22574,
2024-02-21 12:10:00+05:30,313.25,313.3,313.15,313.2,4094,
2024-02-21 12:11:00+05:30,313.15,313.25,313.15,313.15,3420,
2024-02-21 12:12:00+05:30,313.15,313.3,313.15,313.25,4030,
2024-02-21 12:13:00+05:30,313.25,313.35,313.15,313.15,10326,
2024-02-21 12:14:00+05:30,313.15,313.25,313.1,313.2,5804,
2024-02-21 12:15:00+05:30,313.2,313.25,313.15,313.2,30368,
2024-02-21 12:16:00+05:30,313.2,313.25,312.9,313.05,61040,
2024-02-21 12:17:00+05:30,313.05,313.05,312.7,312.7,21326,
2024-02-21 12:18:00+05:30,312.8,313.1,312.7,312.95,15854,
2024-02-21 12:19:00+05:30,312.95,312.95,312.8,312.9,6356,
2024-02-21 12:20:00+05:30,312.9,312.95,312.8,312.95,6490,
2024-02-21 12:21:00+05:30,312.95,313.05,312.9,312.9,5246,
2024-02-21 12:22:00+05:30,313.05,313.25,312.9,313.05,16038,
2024-02-21 12:23:00+05:30,313.05,313.05,312.9,312.9,16600,
2024-02-21 12:24:00+05:30,312.9,312.95,312.9,312.9,8278,
2024-02-21 12:25:00+05:30,312.95,312.95,312.85,312.9,10784,
2024-02-21 12:26:00+05:30,312.9,312.95,312.85,312.9,7160,
2024-02-21 12:27:00+05:30,312.9,313.25,312.9,313.05,8200,
2024-02-21 12:28:00+05:30,313.15,313.25,312.75,312.8,16740,
2024-02-21 12:29:00+05:30,312.8,312.95,312.75,312.9,11736,
2024-02-21 12:30:00+05:30,312.95,313.2,312.9,313.2,14208,
2024-02-21 12:31:00+05:30,313.1,313.25,312.9,312.9,11098,
2024-02-21 12:32:00+05:30,312.9,313.15,312.9,312.95,5978,
2024-02-21 12:33:00+05:30,313.05,313.2,312.95,312.95,65252,
2024-02-21 12:34:00+05:30,313.05,313.2,312.95,313.1,18020,
2024-02-21 12:35:00+05:30,313.1,313.2,313,313.1,6808,
2024-02-21 12:36:00+05:30,313.05,313.2,313.05,313.1,6028,
2024-02-21 12:37:00+05:30,313.1,313.15,313.05,313.05,5280,
2024-02-21 12:38:00+05:30,313.15,313.15,313,313.05,4616,
2024-02-21 12:39:00+05:30,313.05,313.1,312.95,312.95,4866,
2024-02-21 12:40:00+05:30,312.95,313.05,312.95,312.95,16372,
2024-02-21 12:41:00+05:30,312.95,313.05,312.95,312.95,9374,
2024-02-21 12:42:00+05:30,312.95,313.2,312.95,313.05,15370,
2024-02-21 12:43:00+05:30,313.05,313.2,312.95,312.95,18132,
2024-02-21 12:44:00+05:30,312.95,313.05,312.95,312.95,11798,
2024-02-21 12:45:00+05:30,312.95,313.05,312.95,313.05,5036,
2024-02-21 12:46:00+05:30,312.95,313,312.75,312.8,13766,
2024-02-21 12:47:00+05:30,312.75,312.9,312.75,312.8,38020,
2024-02-21 12:48:00+05:30,312.8,312.85,312.75,312.8,20490,
2024-02-21 12:49:00+05:30,312.8,312.9,312.7,312.7,9474,
2024-02-21 12:50:00+05:30,312.75,312.8,312.6,312.8,7736,
2024-02-21 12:51:00+05:30,312.8,312.8,312.6,312.6,8128,
2024-02-21 12:52:00+05:30,312.65,312.65,312.4,312.5,63246,
2024-02-21 12:53:00+05:30,312.5,312.55,312.4,312.5,14342,
2024-02-21 12:54:00+05:30,312.5,312.5,312.35,312.4,13466,
2024-02-21 12:55:00+05:30,312.35,312.4,312.1,312.15,24018,
2024-02-21 12:56:00+05:30,311.95,312.2,311.9,312.2,49394,
2024-02-21 12:57:00+05:30,312.1,312.4,312.1,312.3,20334,
2024-02-21 12:58:00+05:30,312.3,312.4,312.25,312.35,7982,
2024-02-21 12:59:00+05:30,312.25,312.4,312.25,312.3,7956,
2024-02-21 13:00:00+05:30,312.3,312.45,312.25,312.3,27666,
2024-02-21 13:01:00+05:30,312.3,313.45,312.3,313.45,186262,
2024-02-21 13:02:00+05:30,313.6,313.6,312.9,312.9,95354,
2024-02-21 13:03:00+05:30,313.05,313.15,312.9,312.9,24948,
2024-02-21 13:04:00+05:30,312.95,312.95,312.75,312.9,9722,
2024-02-21 13:05:00+05:30,312.9,312.9,312.25,312.5,26744,
2024-02-21 13:06:00+05:30,312.5,312.5,312.2,312.2,15362,
2024-02-21 13:07:00+05:30,312.2,312.4,312.1,312.1,16328,
2024-02-21 13:08:00+05:30,312.15,312.5,312.1,312.3,13386,
2024-02-21 13:09:00+05:30,312.3,312.5,312.2,312.4,14062,
2024-02-21 13:10:00+05:30,312.4,312.8,312.4,312.55,8116,
2024-02-21 13:11:00+05:30,312.7,312.7,312.5,312.5,5770,
2024-02-21 13:12:00+05:30,312.5,312.75,312.5,312.65,4210,
2024-02-21 13:13:00+05:30,312.7,312.95,312.6,312.95,31038,
2024-02-21 13:14:00+05:30,312.95,312.95,312.8,312.9,9776,
2024-02-21 13:15:00+05:30,312.8,312.95,312.8,312.85,6694,
2024-02-21 13:16:00+05:30,312.8,312.95,312.8,312.9,10572,
2024-02-21 13:17:00+05:30,312.9,313.2,312.9,313.15,26086,
2024-02-21 13:18:00+05:30,313.15,313.2,312.9,312.95,7844,
2024-02-21 13:19:00+05:30,312.95,313.05,312.9,312.9,11376,
2024-02-21 13:20:00+05:30,312.9,312.95,312.9,312.9,3840,
2024-02-21 13:21:00+05:30,312.9,312.95,312.8,312.8,7038,
2024-02-21 13:22:00+05:30,312.8,312.9,312.8,312.85,7206,
2024-02-21 13:23:00+05:30,312.85,312.95,312.5,312.5,45942,
2024-02-21 13:24:00+05:30,312.5,312.85,312.5,312.6,18464,
2024-02-21 13:25:00+05:30,312.6,312.85,312.4,312.4,11514,
2024-02-21 13:26:00+05:30,312.4,312.65,312.4,312.5,7956,
2024-02-21 13:27:00+05:30,312.5,312.65,312.45,312.45,4752,
2024-02-21 13:28:00+05:30,312.5,312.75,312.5,312.7,8078,
2024-02-21 13:29:00+05:30,312.7,312.7,312.4,312.4,9310,
2024-02-21 13:30:00+05:30,312.45,312.5,312.35,312.4,72382,
2024-02-21 13:31:00+05:30,312.4,312.5,312.3,312.4,7830,
2024-02-21 13:32:00+05:30,312.45,312.8,312.4,312.4,76176,
2024-02-21 13:33:00+05:30,312.4,312.5,312.3,312.4,30352,
2024-02-21 13:34:00+05:30,312.4,312.6,312.3,312.4,14128,
2024-02-21 13:35:00+05:30,312.35,312.5,312.35,312.45,34108,
2024-02-21 13:36:00+05:30,312.45,312.5,312.4,312.45,29012,
2024-02-21 13:37:00+05:30,312.45,312.6,312.4,312.5,130388,
2024-02-21 13:38:00+05:30,312.6,313.45,312.45,313.15,214762,
2024-02-21 13:39:00+05:30,313.25,314.05,313.25,313.35,86962,
2024-02-21 13:40:00+05:30,313.35,313.75,313.25,313.75,84970,
2024-02-21 13:41:00+05:30,313.75,314.25,313.75,314.05,164760,
2024-02-21 13:42:00+05:30,314.05,314.15,313.65,313.85,82996,
2024-02-21 13:43:00+05:30,313.8,314,313.55,313.75,27962,
2024-02-21 13:44:00+05:30,313.7,314.15,313.7,314,35494,
2024-02-21 13:45:00+05:30,313.95,314,313.55,313.8,34428,
2024-02-21 13:46:00+05:30,313.7,313.75,313.3,313.45,35736,
2024-02-21 13:47:00+05:30,313.45,313.45,312.95,313.2,50674,
2024-02-21 13:48:00+05:30,313.2,313.2,312,312,85080,
2024-02-21 13:49:00+05:30,312,312,311.05,311.25,222818,
2024-02-21 13:50:00+05:30,311.25,311.8,311.05,311.7,46648,
2024-02-21 13:51:00+05:30,311.7,311.8,311.4,311.65,42628,
2024-02-21 13:52:00+05:30,311.65,312.2,311.65,311.95,52252,
2024-02-21 13:53:00+05:30,312,312.2,311.9,311.95,103280,
2024-02-21 13:54:00+05:30,312,312,311.6,311.8,32434,
2024-02-21 13:55:00+05:30,311.8,311.8,311.2,311.5,47220,
2024-02-21 13:56:00+05:30,311.45,311.65,311.35,311.45,20534,
2024-02-21 13:57:00+05:30,311.45,311.6,311.3,311.5,13850,
2024-02-21 13:58:00+05:30,311.6,311.9,311.45,311.65,31558,
2024-02-21 13:59:00+05:30,311.65,311.65,311.35,311.4,26186,
2024-02-21 14:00:00+05:30,311.4,311.6,310.85,310.95,45964,
2024-02-21 14:01:00+05:30,310.95,310.95,310.35,310.45,80834,
2024-02-21 14:02:00+05:30,310.55,310.55,310.25,310.35,110548,
2024-02-21 14:03:00+05:30,310.25,310.95,310.05,310.7,102402,
2024-02-21 14:04:00+05:30,310.6,311.3,310.6,311.25,36552,
2024-02-21 14:05:00+05:30,311.25,311.4,310.85,311.05,42812,
2024-02-21 14:06:00+05:30,311.15,311.35,310.95,310.95,21742,
2024-02-21 14:07:00+05:30,310.95,311.3,310.95,311,13086,
2024-02-21 14:08:00+05:30,311,311.05,310.7,310.85,33944,
2024-02-21 14:09:00+05:30,310.7,310.9,310.55,310.75,19252,
2024-02-21 14:10:00+05:30,310.65,310.85,310.2,310.25,48410,
2024-02-21 14:11:00+05:30,310.25,310.35,309.75,309.95,99984,
2024-02-21 14:12:00+05:30,310.05,310.25,309.95,309.95,24358,
2024-02-21 14:13:00+05:30,310.05,310.15,309.7,309.95,28056,
2024-02-21 14:14:00+05:30,309.95,310.05,309.7,309.95,33822,
2024-02-21 14:15:00+05:30,309.95,310.45,309.95,310.35,31474,
2024-02-21 14:16:00+05:30,310.35,310.75,310.05,310.55,40990,
2024-02-21 14:17:00+05:30,310.55,310.75,310.3,310.5,26574,
2024-02-21 14:18:00+05:30,310.5,310.6,310.35,310.35,21442,
2024-02-21 14:19:00+05:30,310.35,311.15,310.35,310.95,105282,
2024-02-21 14:20:00+05:30,310.95,311.25,310.95,310.95,26848,
2024-02-21 14:21:00+05:30,310.95,311.05,310.85,310.85,17928,
2024-02-21 14:22:00+05:30,310.85,310.85,310.45,310.45,27118,
2024-02-21 14:23:00+05:30,310.45,310.55,309.7,309.7,69782,
2024-02-21 14:24:00+05:30,309.7,309.95,309.6,309.6,52240,
2024-02-21 14:25:00+05:30,309.6,309.9,309.5,309.5,43816,
2024-02-21 14:26:00+05:30,309.5,309.7,309.25,309.35,48534,
2024-02-21 14:27:00+05:30,309.4,309.95,309.4,309.95,32846,
2024-02-21 14:28:00+05:30,309.8,309.9,309.6,309.85,24712,
2024-02-21 14:29:00+05:30,309.7,309.85,309.6,309.6,34272,
2024-02-21 14:30:00+05:30,309.6,309.7,309.1,309.1,33772,
2024-02-21 14:31:00+05:30,309.1,310.05,309.1,309.85,50464,
2024-02-21 14:32:00+05:30,309.95,309.95,309.4,309.5,35582,
2024-02-21 14:33:00+05:30,309.55,309.85,309.45,309.7,29990,
2024-02-21 14:34:00+05:30,309.7,309.85,309.6,309.6,28760,
2024-02-21 14:35:00+05:30,309.6,309.6,309.1,309.1,42082,
2024-02-21 14:36:00+05:30,309.1,309.45,309,309.1,69192,
2024-02-21 14:37:00+05:30,309.1,309.3,309,309.1,16212,
2024-02-21 14:38:00+05:30,309.3,309.5,309.1,309.4,27598,
2024-02-21 14:39:00+05:30,309.4,309.4,307.45,307.45,176958,
2024-02-21 14:40:00+05:30,307.35,308.05,307.15,307.95,122490,
2024-02-21 14:41:00+05:30,307.95,308.6,307.45,308.3,91474,
2024-02-21 14:42:00+05:30,308.35,308.5,307.75,307.9,66388,
2024-02-21 14:43:00+05:30,307.9,308.65,307.85,308.2,102776,
2024-02-21 14:44:00+05:30,308.2,308.85,308,308.4,72562,
2024-02-21 14:45:00+05:30,308.3,308.4,307.7,307.9,31846,
2024-02-21 14:46:00+05:30,307.85,307.95,307,307.25,89770,
2024-02-21 14:47:00+05:30,307.35,307.4,306.95,307.2,73392,
2024-02-21 14:48:00+05:30,307.2,307.35,306.3,306.55,99752,
2024-02-21 14:49:00+05:30,306.5,307.1,306.2,306.7,143586,
2024-02-21 14:50:00+05:30,306.7,307.35,306.6,307.15,58308,
2024-02-21 14:51:00+05:30,307.25,307.85,307.25,307.65,48684,
2024-02-21 14:52:00+05:30,307.65,308.15,307.4,307.65,71276,
2024-02-21 14:53:00+05:30,307.75,307.75,307.15,307.15,36614,
2024-02-21 14:54:00+05:30,307.15,307.65,307.1,307.65,34420,
2024-02-21 14:55:00+05:30,307.55,307.7,307.2,307.45,36638,
2024-02-21 14:56:00+05:30,307.3,307.4,306.5,306.7,69854,
2024-02-21 14:57:00+05:30,306.65,306.85,306.3,306.6,53246,
2024-02-21 14:58:00+05:30,306.7,306.8,305.9,306.7,115592,
2024-02-21 14:59:00+05:30,306.8,306.85,306.4,306.6,41840,
2024-02-21 15:00:00+05:30,306.75,307.15,306.75,306.85,66000,
2024-02-21 15:01:00+05:30,306.85,307,306.1,306.4,69692,
2024-02-21 15:02:00+05:30,306.5,307.05,306.1,306.1,67292,
2024-02-21 15:03:00+05:30,306.25,306.3,305.2,305.3,163676,
2024-02-21 15:04:00+05:30,305.5,306.3,305.35,305.95,124544,
2024-02-21 15:05:00+05:30,306.1,307.45,306.1,307.45,157608,
2024-02-21 15:06:00+05:30,307.4,308.6,307,308.4,182438,
2024-02-21 15:07:00+05:30,308.3,308.3,307.6,307.95,90618,
2024-02-21 15:08:00+05:30,307.95,308.15,307.65,308.05,52266,
2024-02-21 15:09:00+05:30,308.1,308.3,307.95,308.15,81318,
2024-02-21 15:10:00+05:30,308.15,308.3,308.05,308.15,54260,
2024-02-21 15:11:00+05:30,308.25,308.25,307.25,307.35,81102,
2024-02-21 15:12:00+05:30,307.25,307.5,306.9,306.95,83370,
2024-02-21 15:13:00+05:30,307,307.55,306.95,307.35,76562,
2024-02-21 15:14:00+05:30,307.35,307.6,307.05,307.05,60790,
2024-02-21 15:15:00+05:30,307.05,307.25,306.8,306.95,137524,
2024-02-21 15:16:00+05:30,306.95,306.95,306.25,306.7,134892,
2024-02-21 15:17:00+05:30,306.8,307,306.7,306.75,59448,
2024-02-21 15:18:00+05:30,306.75,306.9,306.2,306.4,177674,
2024-02-21 15:19:00+05:30,306.4,306.4,305.85,306.1,113008,
2024-02-21 15:20:00+05:30,306.1,306.4,305.9,306.2,213348,
2024-02-21 15:21:00+05:30,306.3,306.6,306.2,306.4,39794,
2024-02-21 15:22:00+05:30,306.4,306.5,306.3,306.3,94224,
2024-02-21 15:23:00+05:30,306.2,306.6,306.15,306.5,85300,
2024-02-21 15:24:00+05:30,306.5,306.5,306.05,306.2,72126,
2024-02-21 15:25:00+05:30,306.1,306.6,306,306.6,52126,
2024-02-21 15:26:00+05:30,306.6,306.6,306.4,306.4,39164,
2024-02-21 15:27:00+05:30,306.3,306.65,306.3,306.5,43196,
2024-02-21 15:28:00+05:30,306.5,306.85,306.35,306.8,59486,
2024-02-21 15:29:00+05:30,306.8,307.05,306.4,306.7,51408,
2024-02-22 09:15:00+05:30,304.75,305.6,300.4,303.6,628870,
2024-02-22 09:16:00+05:30,303.6,304.1,302.5,303.6,417786,
2024-02-22 09:17:00+05:30,303.5,304.65,303.5,303.6,182348,
2024-02-22 09:18:00+05:30,303.6,304.2,302.95,303.8,159846,
2024-02-22 09:19:00+05:30,303.85,304,302.4,302.45,284226,
2024-02-22 09:20:00+05:30,302.4,302.6,301.15,301.85,419062,
2024-02-22 09:21:00+05:30,301.6,302.8,301.55,301.85,195734,
2024-02-22 09:22:00+05:30,301.65,302.2,301.45,301.45,147642,
2024-02-22 09:23:00+05:30,301.65,301.75,300.75,300.75,242686,
2024-02-22 09:24:00+05:30,300.75,301.6,300.2,301.45,261936,
2024-02-22 09:25:00+05:30,301.35,301.85,301.35,301.45,193792,
2024-02-22 09:26:00+05:30,301.4,302.05,300.7,301.2,259166,
2024-02-22 09:27:00+05:30,301.2,301.25,300.85,301.1,104304,
2024-02-22 09:28:00+05:30,301.1,301.85,301,301.15,94166,
2024-02-22 09:29:00+05:30,301.25,301.25,299.15,299.8,257158,
2024-02-22 09:30:00+05:30,300.05,300.65,299.75,300,180144,
2024-02-22 09:31:00+05:30,299.8,299.95,297.75,297.75,521792,
2024-02-22 09:32:00+05:30,297.75,299.1,297.75,299.1,200336,
2024-02-22 09:33:00+05:30,299.05,299.8,298.2,298.2,116960,
2024-02-22 09:34:00+05:30,298.2,299,297.2,297.45,177864,
2024-02-22 09:35:00+05:30,297.45,297.85,297.1,297.2,190618,
2024-02-22 09:36:00+05:30,297.2,298.15,296.8,297.95,183654,
2024-02-22 09:37:00+05:30,297.95,299,297.85,298.9,137878,
2024-02-22 09:38:00+05:30,298.9,299.75,298.85,299.1,145624,
2024-02-22 09:39:00+05:30,299.1,300.4,299.05,300.3,156584,
2024-02-22 09:40:00+05:30,300.3,301,299.7,300.85,165728,
2024-02-22 09:41:00+05:30,300.85,302.1,300.75,301.85,370000,
2024-02-22 09:42:00+05:30,301.75,302.55,300.85,301.55,183080,
2024-02-22 09:43:00+05:30,301.55,302.05,301.4,301.75,110636,
2024-02-22 09:44:00+05:30,301.75,302.05,301.35,301.85,85934,
2024-02-22 09:45:00+05:30,301.85,301.95,300.75,300.75,89406,
2024-02-22 09:46:00+05:30,300.75,301.55,300.4,301.5,91352,
2024-02-22 09:47:00+05:30,301.5,301.8,301.2,301.75,42376,
2024-02-22 09:48:00+05:30,301.75,301.85,301.4,301.75,47548,
2024-02-22 09:49:00+05:30,301.85,301.95,301.55,301.55,42944,
2024-02-22 09:50:00+05:30,301.5,301.65,300.9,300.95,46732,
2024-02-22 09:51:00+05:30,301.05,301.25,300.6,301,57670,
2024-02-22 09:52:00+05:30,301.15,301.6,301.05,301.35,35816,
2024-02-22 09:53:00+05:30,301.35,301.35,299.9,300.85,145024,
2024-02-22 09:54:00+05:30,300.85,300.95,300,300,75088,
2024-02-22 09:55:00+05:30,300,300.2,299.3,299.4,90666,
2024-02-22 09:56:00+05:30,299.4,300.1,299.3,299.65,86742,
2024-02-22 09:57:00+05:30,299.6,299.95,299.4,299.4,51520,
2024-02-22 09:58:00+05:30,299.45,299.6,298.75,298.75,71198,
2024-02-22 09:59:00+05:30,298.75,299.3,298.2,299,113370,
2024-02-22 10:00:00+05:30,299,299.1,298.45,298.6,113224,
2024-02-22 10:01:00+05:30,298.55,298.9,298.2,298.85,75898,
2024-02-22 10:02:00+05:30,298.85,299.35,298.55,299.3,64526,
2024-02-22 10:03:00+05:30,299.3,299.8,298.9,298.95,85780,
2024-02-22 10:04:00+05:30,298.95,299.55,298.95,299.4,60216,
2024-02-22 10:05:00+05:30,299.3,299.5,298.35,298.35,87388,
2024-02-22 10:06:00+05:30,298.25,299.2,298.25,298.85,50480,
2024-02-22 10:07:00+05:30,298.9,299.15,298.65,299.1,52944,
2024-02-22 10:08:00+05:30,299.1,299.3,298.9,299,32166,
2024-02-22 10:09:00+05:30,298.95,299.1,298.7,298.9,41490,
2024-02-22 10:10:00+05:30,299,299.35,298.85,298.9,50320,
2024-02-22 10:11:00+05:30,298.9,299.15,297.8,298.4,127796,
2024-02-22 10:12:00+05:30,298.45,299,298.45,298.5,116728,
2024-02-22 10:13:00+05:30,298.5,299.1,298.45,298.45,74230,
2024-02-22 10:14:00+05:30,298.55,299.15,298.55,299.1,71312,
2024-02-22 10:15:00+05:30,299.1,299.1,298.45,298.75,84104,
2024-02-22 10:16:00+05:30,298.75,298.85,298.25,298.65,83658,
2024-02-22 10:17:00+05:30,298.85,298.85,298.45,298.55,38454,
2024-02-22 10:18:00+05:30,298.5,298.9,298.5,298.7,16644,
2024-02-22 10:19:00+05:30,298.65,298.75,298,298.15,41848,
2024-02-22 10:20:00+05:30,298.15,298.7,298.15,298.45,39102,
2024-02-22 10:21:00+05:30,298.55,298.55,298.25,298.25,27538,
2024-02-22 10:22:00+05:30,298.25,298.25,297.3,297.45,238852,
2024-02-22 10:23:00+05:30,297.45,297.65,297.25,297.55,88250,
2024-02-22 10:24:00+05:30,297.55,298.4,297.3,298.15,61072,
2024-02-22 10:25:00+05:30,298.15,298.2,297.75,298,55298,
2024-02-22 10:26:00+05:30,297.95,297.95,297.65,297.75,40792,
2024-02-22 10:27:00+05:30,297.75,298.25,297.5,298.2,81982,
2024-02-22 10:28:00+05:30,298.25,298.3,297.85,297.95,54226,
2024-02-22 10:29:00+05:30,297.95,298.15,297.75,298.05,38510,
2024-02-22 10:30:00+05:30,298.1,298.25,297.75,297.85,38024,
2024-02-22 10:31:00+05:30,297.85,298.45,297.7,298.35,75450,
2024-02-22 10:32:00+05:30,298.35,298.65,298.05,298.65,35522,
2024-02-22 10:33:00+05:30,298.65,299.2,298.6,299,91702,
2024-02-22 10:34:00+05:30,299,299,298.45,298.65,39554,
2024-02-22 10:35:00+05:30,298.65,299.05,298.65,299.05,20622,
2024-02-22 10:36:00+05:30,299,299.3,298.9,299.3,65316,
2024-02-22 10:37:00+05:30,299.3,299.3,298.75,298.75,55190,
2024-02-22 10:38:00+05:30,298.85,299.05,298.75,298.85,48520,
2024-02-22 10:39:00+05:30,298.75,298.85,298.45,298.75,24584,
2024-02-22 10:40:00+05:30,298.75,298.9,298.55,298.65,33970,
2024-02-22 10:41:00+05:30,298.65,298.7,298.25,298.65,49096,
2024-02-22 10:42:00+05:30,298.65,299.1,298.65,299,20020,
2024-02-22 10:43:00+05:30,299,299.1,298.65,298.9,37870,
2024-02-22 10:44:00+05:30,299,299,298.65,298.65,16820,
2024-02-22 10:45:00+05:30,298.65,299.05,298.35,298.6,52138,
2024-02-22 10:46:00+05:30,298.6,298.7,298.4,298.55,45770,
2024-02-22 10:47:00+05:30,298.55,298.55,298.15,298.2,65746,
2024-02-22 10:48:00+05:30,298.25,298.25,297.65,297.7,163630,
2024-02-22 10:49:00+05:30,297.7,297.7,297.35,297.55,111142,
2024-02-22 10:50:00+05:30,297.55,297.85,297.45,297.55,49744,
2024-02-22 10:51:00+05:30,297.55,298.15,297.45,297.8,34220,
2024-02-22 10:52:00+05:30,297.75,298.25,297.75,298.1,36512,
2024-02-22 10:53:00+05:30,298,298.35,297.95,298.05,34752,
2024-02-22 10:54:00+05:30,298,298.05,297.65,297.7,74572,
2024-02-22 10:55:00+05:30,297.7,297.75,297.3,297.6,79490,
2024-02-22 10:56:00+05:30,297.65,297.65,296.65,296.85,156604,
2024-02-22 10:57:00+05:30,296.85,296.85,296,296.3,278966,
2024-02-22 10:58:00+05:30,296.3,296.7,295.9,296.55,261840,
2024-02-22 10:59:00+05:30,296.5,297.15,296.5,296.9,71874,
2024-02-22 11:00:00+05:30,296.8,297.55,296.8,297.15,147544,
2024-02-22 11:01:00+05:30,297.1,297.55,297.1,297.55,40684,
2024-02-22 11:02:00+05:30,297.55,297.7,297.2,297.35,28088,
2024-02-22 11:03:00+05:30,297.2,297.35,297,297.35,41828,
2024-02-22 11:04:00+05:30,297.3,297.45,297.05,297.35,25594,
2024-02-22 11:05:00+05:30,297.35,297.7,297.3,297.65,46928,
2024-02-22 11:06:00+05:30,297.65,297.85,297.45,297.65,43568,
2024-02-22 11:07:00+05:30,297.65,298.35,297.6,297.95,90750,
2024-02-22 11:08:00+05:30,298,298.65,298,298.45,70894,
2024-02-22 11:09:00+05:30,298.35,298.9,298.35,298.75,86280,
2024-02-22 11:10:00+05:30,298.75,298.9,298.25,298.35,48292,
2024-02-22 11:11:00+05:30,298.3,298.7,298.15,298.6,47116,
2024-02-22 11:12:00+05:30,298.6,298.65,297.95,298.05,26692,
2024-02-22 11:13:00+05:30,298.05,298.05,297.7,297.95,48644,
2024-02-22 11:14:00+05:30,297.95,298.15,297.55,298.15,33330,
2024-02-22 11:15:00+05:30,298,298.05,297.7,297.75,41478,
2024-02-22 11:16:00+05:30,297.7,297.7,297.3,297.45,86094,
2024-02-22 11:17:00+05:30,297.45,297.6,297.35,297.45,26350,
2024-02-22 11:18:00+05:30,297.45,297.55,297.1,297.1,34196,
2024-02-22 11:19:00+05:30,297.25,297.3,296.9,297,86874,
2024-02-22 11:20:00+05:30,296.9,297,296.75,297,35626,
2024-02-22 11:21:00+05:30,296.9,297.15,296.9,297.05,34704,
2024-02-22 11:22:00+05:30,297,297.35,296.95,297.15,31732,
2024-02-22 11:23:00+05:30,297.25,297.65,297.15,297.55,38272,
2024-02-22 11:24:00+05:30,297.6,297.75,297.35,297.65,23860,
2024-02-22 11:25:00+05:30,297.6,297.65,297.3,297.45,24134,
2024-02-22 11:26:00+05:30,297.5,297.7,297.4,297.65,23720,
2024-02-22 11:27:00+05:30,297.65,297.65,297.5,297.55,11520,
2024-02-22 11:28:00+05:30,297.6,297.65,297.5,297.65,21916,
2024-02-22 11:29:00+05:30,297.55,297.65,297.45,297.55,19280,
2024-02-22 11:30:00+05:30,297.55,297.7,297.5,297.55,19196,
2024-02-22 11:31:00+05:30,297.6,297.65,297.1,297.15,70790,
2024-02-22 11:32:00+05:30,297.1,297.35,296.9,297.35,38640,
2024-02-22 11:33:00+05:30,297.35,297.55,297.3,297.55,15604,
2024-02-22 11:34:00+05:30,297.55,297.9,297.55,297.75,28910,
2024-02-22 11:35:00+05:30,297.75,297.75,297.55,297.6,15024,
2024-02-22 11:36:00+05:30,297.55,297.85,297.55,297.7,26752,
2024-02-22 11:37:00+05:30,297.7,297.95,297.7,297.85,52610,
2024-02-22 11:38:00+05:30,297.8,297.85,297.35,297.35,14922,
2024-02-22 11:39:00+05:30,297.35,297.55,297.35,297.55,10732,
2024-02-22 11:40:00+05:30,297.55,297.65,297.1,297.25,27498,
2024-02-22 11:41:00+05:30,297.2,297.6,297.1,297.6,15312,
2024-02-22 11:42:00+05:30,297.6,297.65,297.45,297.65,10462,
2024-02-22 11:43:00+05:30,297.65,297.75,297.55,297.7,48954,
2024-02-22 11:44:00+05:30,297.75,297.8,297.7,297.75,13686,
2024-02-22 11:45:00+05:30,297.75,297.8,297.7,297.75,27502,
2024-02-22 11:46:00+05:30,297.8,298.15,297.8,298.15,44740,
2024-02-22 11:47:00+05:30,298.05,298.15,297.6,297.75,67006,
2024-02-22 11:48:00+05:30,297.75,298.05,297.7,297.85,14562,
2024-02-22 11:49:00+05:30,297.85,297.95,297.7,297.9,23186,
2024-02-22 11:50:00+05:30,297.85,298.2,297.85,298.15,21976,
2024-02-22 11:51:00+05:30,298.15,298.2,298.1,298.15,22506,
2024-02-22 11:52:00+05:30,298.2,298.45,298.15,298.45,20754,
2024-02-22 11:53:00+05:30,298.35,298.55,298.35,298.45,47970,
2024-02-22 11:54:00+05:30,298.5,298.5,298.15,298.45,28578,
2024-02-22 11:55:00+05:30,298.45,298.85,298.4,298.55,49718,
2024-02-22 11:56:00+05:30,298.65,298.7,298.55,298.65,15494,
2024-02-22 11:57:00+05:30,298.65,298.85,298.5,298.85,39292,
2024-02-22 11:58:00+05:30,298.85,298.85,298.65,298.75,19406,
2024-02-22 11:59:00+05:30,298.85,298.85,298.5,298.55,17796,
2024-02-22 12:00:00+05:30,298.5,298.55,298.25,298.35,34780,
2024-02-22 12:01:00+05:30,298.55,299,298.45,299,51282,
2024-02-22 12:02:00+05:30,299,299.35,298.9,299.2,63682,
2024-02-22 12:03:00+05:30,299.2,299.8,299.1,299.7,145382,
2024-02-22 12:04:00+05:30,299.7,300.1,299.6,300.1,122468,
2024-02-22 12:05:00+05:30,300.1,300.55,300.1,300.4,148536,
2024-02-22 12:06:00+05:30,300.4,300.85,300.4,300.65,112822,
2024-02-22 12:07:00+05:30,300.75,300.85,300.4,300.5,114422,
2024-02-22 12:08:00+05:30,300.5,301.1,300.45,301,128628,
2024-02-22 12:09:00+05:30,301,301.55,300.85,301.45,92158,
2024-02-22 12:10:00+05:30,301.45,301.65,300.95,301.05,72328,
2024-02-22 12:11:00+05:30,300.95,301.05,300.65,301.05,78930,
2024-02-22 12:12:00+05:30,300.95,301,300.85,300.85,30778,
2024-02-22 12:13:00+05:30,300.9,301.3,300.55,301.1,69576,
2024-02-22 12:14:00+05:30,301.15,301.25,300.95,300.95,33242,
2024-02-22 12:15:00+05:30,300.95,301.15,300.85,300.85,27034,
2024-02-22 12:16:00+05:30,300.8,300.9,300.65,300.85,33950,
2024-02-22 12:17:00+05:30,300.65,301.15,300.2,300.2,69998,
2024-02-22 12:18:00+05:30,300.15,300.8,300.15,300.5,33042,
2024-02-22 12:19:00+05:30,300.5,300.65,300.35,300.55,13318,
2024-02-22 12:20:00+05:30,300.55,300.55,300.15,300.3,24892,
2024-02-22 12:21:00+05:30,300.3,300.5,300,300.15,30598,
2024-02-22 12:22:00+05:30,300.15,300.6,300.05,300.45,31362,
2024-02-22 12:23:00+05:30,300.45,300.5,300.25,300.5,39720,
2024-02-22 12:24:00+05:30,300.5,300.7,300.2,300.5,46548,
2024-02-22 12:25:00+05:30,300.6,300.95,300.5,300.9,58388,
2024-02-22 12:26:00+05:30,300.6,301.15,300.55,301.05,23866,
2024-02-22 12:27:00+05:30,301.05,301.5,301.05,301.25,51374,
2024-02-22 12:28:00+05:30,301.25,301.55,301.05,301.45,49786,
2024-02-22 12:29:00+05:30,301.55,301.55,301.25,301.55,37070,
2024-02-22 12:30:00+05:30,301.5,301.55,300.95,300.95,37986,
2024-02-22 12:31:00+05:30,300.9,301.15,300.5,300.85,34844,
2024-02-22 12:32:00+05:30,300.85,301.05,300.8,300.85,20322,
2024-02-22 12:33:00+05:30,300.95,301,300.6,300.65,37062,
2024-02-22 12:34:00+05:30,300.65,300.8,300.45,300.65,42116,
2024-02-22 12:35:00+05:30,300.65,300.75,300.45,300.75,16686,
2024-02-22 12:36:00+05:30,300.75,300.85,300.75,300.85,19744,
2024-02-22 12:37:00+05:30,300.85,300.9,300.65,300.85,17082,
2024-02-22 12:38:00+05:30,300.85,301.05,300.85,301.05,19594,
2024-02-22 12:39:00+05:30,301.05,301.15,300.9,300.95,20232,
2024-02-22 12:40:00+05:30,300.95,300.95,300.75,300.85,12080,
2024-02-22 12:41:00+05:30,300.85,300.95,300.75,300.75,9168,
2024-02-22 12:42:00+05:30,300.85,300.85,300.6,300.75,8560,
2024-02-22 12:43:00+05:30,300.7,300.75,300.4,300.4,26608,
2024-02-22 12:44:00+05:30,300.4,300.75,300.4,300.75,23882,
2024-02-22 12:45:00+05:30,300.85,301.35,300.75,301.15,55004,
2024-02-22 12:46:00+05:30,301.15,301.15,300.9,300.9,16862,
2024-02-22 12:47:00+05:30,300.95,300.95,300,300,103362,
2024-02-22 12:48:00+05:30,300.05,300.2,299.9,300,47712,
2024-02-22 12:49:00+05:30,300.05,300.05,299.35,299.5,94080,
2024-02-22 12:50:00+05:30,299.6,300.1,299.5,300,49754,
2024-02-22 12:51:00+05:30,300,300,299.7,299.75,29466,
2024-02-22 12:52:00+05:30,299.7,300.1,299.65,300.1,33718,
2024-02-22 12:53:00+05:30,300,300,299.2,299.4,42806,
2024-02-22 12:54:00+05:30,299.4,299.5,298.9,299.1,58982,
2024-02-22 12:55:00+05:30,299.1,299.35,299.05,299.3,36466,
2024-02-22 12:56:00+05:30,299.3,299.6,299.3,299.35,61448,
2024-02-22 12:57:00+05:30,299.4,299.4,299.3,299.3,31902,
2024-02-22 12:58:00+05:30,299.3,299.4,299.3,299.3,10696,
2024-02-22 12:59:00+05:30,299.3,299.4,299.3,299.3,17692,
2024-02-22 13:00:00+05:30,299.4,299.4,298.9,298.9,162624,
2024-02-22 13:01:00+05:30,298.9,298.9,298.7,298.85,41560,
2024-02-22 13:02:00+05:30,298.85,298.9,298.65,298.65,125064,
2024-02-22 13:03:00+05:30,298.65,298.65,298.55,298.65,120984,
2024-02-22 13:04:00+05:30,298.65,298.8,298.65,298.7,50960,
2024-02-22 13:05:00+05:30,298.8,298.8,298.25,298.25,71030,
2024-02-22 13:06:00+05:30,298.35,298.6,298.35,298.6,16578,
2024-02-22 13:07:00+05:30,298.6,298.75,298.45,298.75,20114,
2024-02-22 13:08:00+05:30,298.7,298.85,298.65,298.75,28756,
2024-02-22 13:09:00+05:30,298.75,299.1,298.75,299,32276,
2024-02-22 13:10:00+05:30,299,299.7,299,299.5,176314,
2024-02-22 13:11:00+05:30,299.5,299.65,299,299.1,58894,
2024-02-22 13:12:00+05:30,299.1,299.9,299.1,299.6,68358,
2024-02-22 13:13:00+05:30,299.6,300.1,299.5,300.1,31266,
2024-02-22 13:14:00+05:30,300,300.15,299.9,299.9,21032,
2024-02-22 13:15:00+05:30,299.9,300.5,299.9,300.4,65272,
2024-02-22 13:16:00+05:30,300.4,300.65,300.3,300.65,39940,
2024-02-22 13:17:00+05:30,300.65,300.8,300.6,300.65,51306,
2024-02-22 13:18:00+05:30,300.7,300.7,300.45,300.5,15300,
2024-02-22 13:19:00+05:30,300.25,300.3,300,300,51296,
2024-02-22 13:20:00+05:30,300,300.2,299.75,300.2,38962,
2024-02-22 13:21:00+05:30,300.2,300.2,299.95,300.15,23694,
2024-02-22 13:22:00+05:30,300.1,300.1,299.75,299.95,16628,
2024-02-22 13:23:00+05:30,300,300.05,299.6,299.7,39550,
2024-02-22 13:24:00+05:30,299.7,299.75,299.05,299.1,83780,
2024-02-22 13:25:00+05:30,299,299.6,298.95,299.5,44428,
2024-02-22 13:26:00+05:30,299.6,299.65,298.9,299.4,367908,
2024-02-22 13:27:00+05:30,299.4,299.4,298.7,298.9,54656,
2024-02-22 13:28:00+05:30,298.75,299.2,298.75,299,17990,
2024-02-22 13:29:00+05:30,298.95,299,298.85,298.9,31574,
2024-02-22 13:30:00+05:30,298.9,299.1,298.75,299.1,30876,
2024-02-22 13:31:00+05:30,299.1,299.2,298.75,298.8,33926,
2024-02-22 13:32:00+05:30,298.8,298.85,298.45,298.45,69844,
2024-02-22 13:33:00+05:30,298.45,298.75,298.45,298.55,31322,
2024-02-22 13:34:00+05:30,298.55,298.75,298.5,298.55,14804,
2024-02-22 13:35:00+05:30,298.55,298.8,298.55,298.75,17956,
2024-02-22 13:36:00+05:30,298.75,299.15,298.55,298.9,35608,
2024-02-22 13:37:00+05:30,298.9,299.2,298.9,299,36932,
2024-02-22 13:38:00+05:30,299,299.3,298.85,298.85,41906,
2024-02-22 13:39:00+05:30,298.85,299.2,298.7,299.1,50236,
2024-02-22 13:40:00+05:30,299.1,299.3,299.05,299.05,14522,
2024-02-22 13:41:00+05:30,299.05,299.6,299.05,299.4,65380,
2024-02-22 13:42:00+05:30,299.4,299.75,299.25,299.3,80158,
2024-02-22 13:43:00+05:30,299.3,299.5,299.15,299.35,43192,
2024-02-22 13:44:00+05:30,299.4,299.55,299.15,299.45,35554,
2024-02-22 13:45:00+05:30,299.45,299.75,298.9,299.15,97890,
2024-02-22 13:46:00+05:30,299.2,299.5,299.2,299.35,45416,
2024-02-22 13:47:00+05:30,299.3,299.5,299,299.1,27484,
2024-02-22 13:48:00+05:30,299.1,299.4,298.9,299.1,87596,
2024-02-22 13:49:00+05:30,299.1,299.45,299.05,299.4,25490,
2024-02-22 13:50:00+05:30,299.45,299.5,299.2,299.2,83892,
2024-02-22 13:51:00+05:30,299.2,299.4,299.1,299.3,27042,
2024-02-22 13:52:00+05:30,299.3,299.5,299.1,299.4,26578,
2024-02-22 13:53:00+05:30,299.4,299.6,299.35,299.45,167318,
2024-02-22 13:54:00+05:30,299.4,299.5,299.4,299.4,50494,
2024-02-22 13:55:00+05:30,299.4,300.4,299.4,300.4,69452,
2024-02-22 13:56:00+05:30,300.35,300.35,299.8,299.8,58258,
2024-02-22 13:57:00+05:30,299.8,300,299.65,299.9,19692,
2024-02-22 13:58:00+05:30,300.15,300.3,299.9,300.3,49086,
2024-02-22 13:59:00+05:30,300.3,300.55,300.3,300.4,70700,
2024-02-22 14:00:00+05:30,300.4,300.65,300.4,300.4,45116,
2024-02-22 14:01:00+05:30,300.55,300.65,300.15,300.65,51832,
2024-02-22 14:02:00+05:30,300.65,300.75,300.2,300.55,73146,
2024-02-22 14:03:00+05:30,300.65,300.75,300.3,300.55,57590,
2024-02-22 14:04:00+05:30,300.55,300.55,300.3,300.35,14150,
2024-02-22 14:05:00+05:30,300.3,300.4,300.05,300.25,33654,
2024-02-22 14:06:00+05:30,300.3,300.3,300,300.15,30032,
2024-02-22 14:07:00+05:30,300.2,300.4,300.05,300.05,31836,
2024-02-22 14:08:00+05:30,299.95,300.05,299.6,299.85,65400,
2024-02-22 14:09:00+05:30,299.85,300.3,299.8,300.1,22450,
2024-02-22 14:10:00+05:30,300.2,300.3,300.1,300.1,45838,
2024-02-22 14:11:00+05:30,300,300.1,299.65,299.7,43406,
2024-02-22 14:12:00+05:30,299.7,299.8,299.6,299.7,14942,
2024-02-22 14:13:00+05:30,299.7,299.9,299.65,299.85,12518,
2024-02-22 14:14:00+05:30,299.9,299.9,299.4,299.4,38718,
2024-02-22 14:15:00+05:30,299.2,299.5,299.15,299.4,37908,
2024-02-22 14:16:00+05:30,299.45,299.6,299.4,299.55,19474,
2024-02-22 14:17:00+05:30,299.55,299.8,299.45,299.55,35922,
2024-02-22 14:18:00+05:30,299.6,299.85,299.45,299.45,51056,
2024-02-22 14:19:00+05:30,299.5,299.6,299.3,299.4,116366,
2024-02-22 14:20:00+05:30,299.4,299.6,299.4,299.4,355184,
2024-02-22 14:21:00+05:30,299.4,300.2,299.4,300.1,52924,
2024-02-22 14:22:00+05:30,300.1,300.95,300.05,300.95,122258,
2024-02-22 14:23:00+05:30,300.95,301.1,300.65,300.75,42264,
2024-02-22 14:24:00+05:30,300.75,301.15,300.65,301.05,61110,
2024-02-22 14:25:00+05:30,301.05,301.15,300.95,301.05,50434,
2024-02-22 14:26:00+05:30,301.05,301.1,300.1,300.1,83678,
2024-02-22 14:27:00+05:30,300.2,300.5,300.2,300.4,65936,
2024-02-22 14:28:00+05:30,300.4,300.55,300.35,300.4,83396,
2024-02-22 14:29:00+05:30,300.5,300.55,300.2,300.4,35218,
2024-02-22 14:30:00+05:30,300.4,300.55,300.25,300.45,41260,
2024-02-22 14:31:00+05:30,300.4,300.5,300,300.2,22194,
2024-02-22 14:32:00+05:30,300.2,300.2,300,300.05,15804,
2024-02-22 14:33:00+05:30,300.1,300.4,300.1,300.2,14520,
2024-02-22 14:34:00+05:30,300.2,300.4,300.1,300.4,17572,
2024-02-22 14:35:00+05:30,300.4,300.4,300.05,300.15,16962,
2024-02-22 14:36:00+05:30,300.15,300.4,300,300.35,32480,
2024-02-22 14:37:00+05:30,300.2,300.4,300.2,300.4,17574,
2024-02-22 14:38:00+05:30,300.4,300.5,300.3,300.4,129466,
2024-02-22 14:39:00+05:30,300.4,303.2,300.4,302.7,872744,
2024-02-22 14:40:00+05:30,302.75,302.8,301.75,302.05,148652,
2024-02-22 14:41:00+05:30,301.95,302.3,301.55,302.1,71770,
2024-02-22 14:42:00+05:30,302.2,302.3,302.05,302.2,44398,
2024-02-22 14:43:00+05:30,302.2,302.2,301.55,301.7,43798,
2024-02-22 14:44:00+05:30,301.65,301.85,301.55,301.85,37384,
2024-02-22 14:45:00+05:30,301.8,302.3,301.55,302.3,51384,
2024-02-22 14:46:00+05:30,302.3,302.3,301.35,301.75,90332,
2024-02-22 14:47:00+05:30,301.75,301.75,301.45,301.7,63420,
2024-02-22 14:48:00+05:30,301.7,302.05,301.5,301.95,74348,
2024-02-22 14:49:00+05:30,302.05,302.5,301.95,302.4,61900,
2024-02-22 14:50:00+05:30,302.4,302.8,302.3,302.8,70950,
2024-02-22 14:51:00+05:30,302.7,303.2,302.7,303,108296,
2024-02-22 14:52:00+05:30,302.95,303.3,302.3,302.8,122680,
2024-02-22 14:53:00+05:30,302.9,303,302.55,302.7,62940,
2024-02-22 14:54:00+05:30,302.7,302.75,302.2,302.4,51702,
2024-02-22 14:55:00+05:30,302.3,302.8,302.1,302.4,95514,
2024-02-22 14:56:00+05:30,302.4,302.65,302.05,302.05,73230,
2024-02-22 14:57:00+05:30,302.05,302.15,301.9,302.15,36482,
2024-02-22 14:58:00+05:30,302.15,302.55,301.85,302.1,79068,
2024-02-22 14:59:00+05:30,302.3,302.7,302.2,302.6,46546,
2024-02-22 15:00:00+05:30,302.5,302.7,302.05,302.3,77790,
2024-02-22 15:01:00+05:30,302.3,302.45,302.2,302.45,44138,
2024-02-22 15:02:00+05:30,302.4,302.8,302.4,302.65,79272,
2024-02-22 15:03:00+05:30,302.8,302.9,302.65,302.8,94594,
2024-02-22 15:04:00+05:30,302.8,302.95,302.65,302.95,164266,
2024-02-22 15:05:00+05:30,302.9,303,302.75,302.75,70850,
2024-02-22 15:06:00+05:30,302.9,303,302.75,302.9,74024,
2024-02-22 15:07:00+05:30,302.9,303.2,302.85,303.2,66300,
2024-02-22 15:08:00+05:30,303.05,303.2,302.7,302.7,69376,
2024-02-22 15:09:00+05:30,302.7,303,302.65,302.85,47922,
2024-02-22 15:10:00+05:30,302.9,302.95,302.8,302.95,51218,
2024-02-22 15:11:00+05:30,302.9,303.4,302.9,303.3,99526,
2024-02-22 15:12:00+05:30,303.3,303.45,303.1,303.3,72500,
2024-02-22 15:13:00+05:30,303.3,303.45,303.15,303.3,86378,
2024-02-22 15:14:00+05:30,303.25,303.4,303.1,303.2,78556,
2024-02-22 15:15:00+05:30,303.2,303.5,303.1,303.3,95422,
2024-02-22 15:16:00+05:30,303.35,303.7,303.3,303.6,112976,
2024-02-22 15:17:00+05:30,303.75,303.75,303.5,303.6,108728,
2024-02-22 15:18:00+05:30,303.65,303.9,303.55,303.7,117600,
2024-02-22 15:19:00+05:30,303.7,303.9,303.6,303.9,89566,
2024-02-22 15:20:00+05:30,303.75,304,303.65,303.85,130296,
2024-02-22 15:21:00+05:30,303.85,303.95,303.55,303.85,94306,
2024-02-22 15:22:00+05:30,303.85,303.85,303.5,303.65,80732,
2024-02-22 15:23:00+05:30,303.65,303.75,303.55,303.6,63534,
2024-02-22 15:24:00+05:30,303.6,303.7,303.45,303.5,47018,
2024-02-22 15:25:00+05:30,303.5,303.55,303.3,303.4,34704,
2024-02-22 15:26:00+05:30,303.5,303.75,303.4,303.75,41100,
2024-02-22 15:27:00+05:30,303.7,303.75,303.5,303.6,39598,
2024-02-22 15:28:00+05:30,303.6,303.6,302.9,303.1,126504,
2024-02-22 15:29:00+05:30,303.1,303.75,302.7,303.3,75624,
2024-02-23 09:15:00+05:30,301.35,303.55,301.35,303.55,259872,
2024-02-23 09:16:00+05:30,303.3,304.55,303.3,303.9,203088,
2024-02-23 09:17:00+05:30,303.9,305,303.75,304.45,143996,
2024-02-23 09:18:00+05:30,304.6,304.95,303.6,304.1,130368,
2024-02-23 09:19:00+05:30,304.1,304.75,303.75,304.75,90694,
2024-02-23 09:20:00+05:30,304.65,304.75,304.05,304.25,108718,
2024-02-23 09:21:00+05:30,304.4,304.45,303,303.35,100488,
2024-02-23 09:22:00+05:30,303.5,303.6,303.2,303.4,61870,
2024-02-23 09:23:00+05:30,303.45,303.65,303.1,303.25,77658,
2024-02-23 09:24:00+05:30,303.3,303.35,301.65,301.95,196284,
2024-02-23 09:25:00+05:30,302.05,302.5,301.85,302.5,94792,
2024-02-23 09:26:00+05:30,302.5,303.8,302.5,303.5,103020,
2024-02-23 09:27:00+05:30,303.5,304.05,303.5,303.95,67674,
2024-02-23 09:28:00+05:30,304.05,304.05,303.2,303.5,61810,
2024-02-23 09:29:00+05:30,303.4,303.4,302.1,302.15,275426,
2024-02-23 09:30:00+05:30,302.15,302.9,302.15,302.8,62784,
2024-02-23 09:31:00+05:30,302.75,302.8,301.85,302.35,128278,
2024-02-23 09:32:00+05:30,302.2,302.55,302.05,302.05,53514,
2024-02-23 09:33:00+05:30,301.95,302.1,300.4,300.8,196436,
2024-02-23 09:34:00+05:30,301,301.1,300.5,300.75,124268,
2024-02-23 09:35:00+05:30,300.85,301.65,300.75,301.35,95064,
2024-02-23 09:36:00+05:30,301.35,301.45,300.5,300.55,92284,
2024-02-23 09:37:00+05:30,300.5,300.65,300,300.2,122014,
2024-02-23 09:38:00+05:30,300.2,301.15,300.2,301.15,84886,
2024-02-23 09:39:00+05:30,301.2,301.35,300.65,300.8,80226,
2024-02-23 09:40:00+05:30,300.85,301.3,300.75,301.25,20986,
2024-02-23 09:41:00+05:30,301.25,301.3,300.85,301.25,14220,
2024-02-23 09:42:00+05:30,301.1,301.45,301.05,301.2,30116,
2024-02-23 09:43:00+05:30,301.25,301.25,301.05,301.25,21742,
2024-02-23 09:44:00+05:30,301.25,301.85,301.25,301.55,67146,
2024-02-23 09:45:00+05:30,301.55,301.75,300.85,301.1,58570,
2024-02-23 09:46:00+05:30,301.1,301.25,300.75,301.2,27074,
2024-02-23 09:47:00+05:30,301.15,301.55,301.05,301.25,18124,
2024-02-23 09:48:00+05:30,301.25,301.85,301.25,301.75,29380,
2024-02-23 09:49:00+05:30,301.75,301.8,301.1,301.1,31014,
2024-02-23 09:50:00+05:30,301.2,301.75,301.1,301.6,13524,
2024-02-23 09:51:00+05:30,301.6,302.05,301.35,302,39008,
2024-02-23 09:52:00+05:30,302.05,302.05,301.75,301.75,19322,
2024-02-23 09:53:00+05:30,301.75,301.8,301.4,301.65,41234,
2024-02-23 09:54:00+05:30,301.75,301.95,301.35,301.65,30562,
2024-02-23 09:55:00+05:30,301.65,301.65,301.4,301.6,8606,
2024-02-23 09:56:00+05:30,301.6,301.7,301.45,301.55,11580,
2024-02-23 09:57:00+05:30,301.55,301.8,301.45,301.75,15668,
2024-02-23 09:58:00+05:30,301.75,301.75,301.4,301.6,21498,
2024-02-23 09:59:00+05:30,301.65,302.05,301.65,302.05,39728,
2024-02-23 10:00:00+05:30,302.05,302.6,301.9,302.55,44320,
2024-02-23 10:01:00+05:30,302.55,302.8,302.45,302.5,77958,
2024-02-23 10:02:00+05:30,302.5,303.3,302.45,302.7,149330,
2024-02-23 10:03:00+05:30,302.75,302.75,302.3,302.7,35078,
2024-02-23 10:04:00+05:30,302.7,302.8,302.5,302.6,22902,
2024-02-23 10:05:00+05:30,302.8,302.85,302.1,302.3,57890,
2024-02-23 10:06:00+05:30,302.15,302.5,302.1,302.5,29964,
2024-02-23 10:07:00+05:30,302.5,302.7,302.1,302.2,10866,
2024-02-23 10:08:00+05:30,302.2,302.55,302.1,302.55,12834,
2024-02-23 10:09:00+05:30,302.55,303,302.55,302.8,44760,
2024-02-23 10:10:00+05:30,302.8,302.8,302.55,302.65,12908,
2024-02-23 10:11:00+05:30,302.7,302.8,302.6,302.8,10814,
2024-02-23 10:12:00+05:30,302.8,302.8,302.5,302.5,11012,
2024-02-23 10:13:00+05:30,302.6,303,302.5,302.8,18788,
2024-02-23 10:14:00+05:30,302.8,303.1,302.65,303.05,10012,
2024-02-23 10:15:00+05:30,303.05,303.1,302.9,303,26780,
2024-02-23 10:16:00+05:30,303,303,302.65,302.8,20834,
2024-02-23 10:17:00+05:30,302.8,302.8,302.7,302.8,11850,
2024-02-23 10:18:00+05:30,302.8,302.8,302.4,302.45,10728,
2024-02-23 10:19:00+05:30,302.5,302.5,302.1,302.3,17376,
2024-02-23 10:20:00+05:30,302.4,302.4,301.85,301.85,12608,
2024-02-23 10:21:00+05:30,302,302.05,301.75,301.85,61228,
2024-02-23 10:22:00+05:30,301.95,302.05,301.85,302.05,36278,
2024-02-23 10:23:00+05:30,301.95,301.95,301.35,301.5,37532,
2024-02-23 10:24:00+05:30,301.55,301.65,301.3,301.35,21814,
2024-02-23 10:25:00+05:30,301.35,301.6,301.05,301.45,59608,
2024-02-23 10:26:00+05:30,301.45,301.55,301.35,301.45,8870,
2024-02-23 10:27:00+05:30,301.5,301.5,300.4,300.5,73108,
2024-02-23 10:28:00+05:30,300.5,300.65,299.5,299.8,134226,
2024-02-23 10:29:00+05:30,299.8,299.95,299.4,299.6,107844,
2024-02-23 10:30:00+05:30,299.7,299.75,298.85,299.05,100214,
2024-02-23 10:31:00+05:30,299.05,299.25,298.75,299.1,83402,
2024-02-23 10:32:00+05:30,299.05,299.5,299.05,299.4,73348,
2024-02-23 10:33:00+05:30,299.3,299.8,299.05,299.8,53586,
2024-02-23 10:34:00+05:30,299.8,299.8,299.05,299.15,49372,
2024-02-23 10:35:00+05:30,299.15,299.7,298.9,299.2,78484,
2024-02-23 10:36:00+05:30,299,299,298.35,298.45,142106,
2024-02-23 10:37:00+05:30,298.35,298.9,298.05,298.65,131766,
2024-02-23 10:38:00+05:30,298.75,299.2,298.5,299.1,38880,
2024-02-23 10:39:00+05:30,299.15,299.2,298.85,299,71860,
2024-02-23 10:40:00+05:30,298.9,299.3,298.9,299.15,28616,
2024-02-23 10:41:00+05:30,299.15,299.9,298.95,299.7,53114,
2024-02-23 10:42:00+05:30,299.75,300.4,299.3,299.5,108680,
2024-02-23 10:43:00+05:30,299.45,300.15,299.45,300.1,13086,
2024-02-23 10:44:00+05:30,300.1,300.1,299.5,299.7,43266,
2024-02-23 10:45:00+05:30,299.55,299.7,298.75,298.75,36590,
2024-02-23 10:46:00+05:30,298.9,298.95,298.75,298.9,15034,
2024-02-23 10:47:00+05:30,298.9,299.1,298.85,298.85,21296,
2024-02-23 10:48:00+05:30,298.85,299.25,298.75,298.85,34720,
2024-02-23 10:49:00+05:30,298.85,299.6,298.85,299.4,22316,
2024-02-23 10:50:00+05:30,299.6,299.6,299.05,299.3,12384,
2024-02-23 10:51:00+05:30,299.3,299.4,298.95,299,15402,
2024-02-23 10:52:00+05:30,299.1,299.1,298.9,299,20870,
2024-02-23 10:53:00+05:30,299,299.3,298.95,299.2,5746,
2024-02-23 10:54:00+05:30,299.2,299.4,299.1,299.25,9396,
2024-02-23 10:55:00+05:30,299.3,299.35,299,299.05,26400,
2024-02-23 10:56:00+05:30,299.05,299.3,299,299.2,16886,
2024-02-23 10:57:00+05:30,299.2,299.2,298.9,299.1,23340,
2024-02-23 10:58:00+05:30,299.1,299.2,299,299.05,15980,
2024-02-23 10:59:00+05:30,299.05,299.15,299,299.15,9602,
2024-02-23 11:00:00+05:30,299,299.2,298.95,299,15870,
2024-02-23 11:01:00+05:30,299,299,298.95,298.95,10010,
2024-02-23 11:02:00+05:30,298.95,299.1,298.9,299,8222,
2024-02-23 11:03:00+05:30,299,299.15,299,299.15,4736,
2024-02-23 11:04:00+05:30,299.15,299.4,299.15,299.3,6514,
2024-02-23 11:05:00+05:30,299.3,299.8,299.3,299.7,13124,
2024-02-23 11:06:00+05:30,299.7,299.9,299.65,299.8,42680,
2024-02-23 11:07:00+05:30,299.8,300,299.8,299.9,18404,
2024-02-23 11:08:00+05:30,299.9,299.95,299.8,299.8,20166,
2024-02-23 11:09:00+05:30,299.8,299.8,299.7,299.7,17620,
2024-02-23 11:10:00+05:30,299.7,300.05,299.7,299.8,20508,
2024-02-23 11:11:00+05:30,299.8,299.9,299.7,299.7,11940,
2024-02-23 11:12:00+05:30,299.7,299.7,299.4,299.5,19032,
2024-02-23 11:13:00+05:30,299.5,299.5,298.9,299,31072,
2024-02-23 11:14:00+05:30,299,299.1,298.9,298.9,24002,
2024-02-23 11:15:00+05:30,299.1,299.6,299.1,299.6,8430,
2024-02-23 11:16:00+05:30,299.6,299.6,299,299,18106,
2024-02-23 11:17:00+05:30,299.1,299.2,298.9,299,12056,
2024-02-23 11:18:00+05:30,299.1,299.2,298.95,299.1,6046,
2024-02-23 11:19:00+05:30,299.1,299.3,299,299.15,6146,
2024-02-23 11:20:00+05:30,299.15,299.15,298.95,299,6590,
2024-02-23 11:21:00+05:30,299,299.2,298.9,299.1,32264,
2024-02-23 11:22:00+05:30,299.1,299.3,298.9,299.15,11090,
2024-02-23 11:23:00+05:30,299.2,299.5,299.15,299.4,11768,
2024-02-23 11:24:00+05:30,299.4,299.5,299.4,299.4,13136,
2024-02-23 11:25:00+05:30,299.45,299.5,299.25,299.3,8980,
2024-02-23 11:26:00+05:30,299.4,299.4,299.2,299.25,5346,
2024-02-23 11:27:00+05:30,299.25,299.3,299.15,299.3,9940,
2024-02-23 11:28:00+05:30,299.2,299.3,298.95,299.1,11792,
2024-02-23 11:29:00+05:30,299.1,299.15,298.95,299.1,11528,
2024-02-23 11:30:00+05:30,299.1,299.1,299,299,9628,
2024-02-23 11:31:00+05:30,299,299.4,299,299.15,16288,
2024-02-23 11:32:00+05:30,299.15,299.6,299.1,299.45,9712,
2024-02-23 11:33:00+05:30,299.5,299.7,299.3,299.65,9738,
2024-02-23 11:34:00+05:30,299.65,299.65,299.5,299.6,5648,
2024-02-23 11:35:00+05:30,299.6,299.6,299.25,299.3,15478,
2024-02-23 11:36:00+05:30,299.35,299.65,299.35,299.6,9972,
2024-02-23 11:37:00+05:30,299.6,299.8,299.6,299.8,10016,
2024-02-23 11:38:00+05:30,299.8,299.9,299.6,299.65,18386,
2024-02-23 11:39:00+05:30,299.65,299.7,299.4,299.4,13418,
2024-02-23 11:40:00+05:30,299.55,299.55,299.3,299.3,21552,
2024-02-23 11:41:00+05:30,299.3,299.5,299.3,299.5,4822,
2024-02-23 11:42:00+05:30,299.5,299.5,299.3,299.3,2352,
2024-02-23 11:43:00+05:30,299.3,299.3,299.2,299.2,3012,
2024-02-23 11:44:00+05:30,299.1,299.3,299.05,299.2,15394,
2024-02-23 11:45:00+05:30,299.3,299.5,299.2,299.5,7138,
2024-02-23 11:46:00+05:30,299.45,299.45,299.3,299.3,2894,
2024-02-23 11:47:00+05:30,299.3,299.55,299.25,299.5,6396,
2024-02-23 11:48:00+05:30,299.5,299.8,299.4,299.75,19256,
2024-02-23 11:49:00+05:30,299.75,300.1,299.7,299.9,25162,
2024-02-23 11:50:00+05:30,299.9,299.9,299.5,299.6,11630,
2024-02-23 11:51:00+05:30,299.6,299.9,299.5,299.9,13452,
2024-02-23 11:52:00+05:30,299.9,299.9,299.55,299.55,12408,
2024-02-23 11:53:00+05:30,299.55,299.7,299.4,299.7,12546,
2024-02-23 11:54:00+05:30,299.7,299.7,299.4,299.5,9408,
2024-02-23 11:55:00+05:30,299.5,299.8,299.45,299.8,10422,
2024-02-23 11:56:00+05:30,299.75,299.8,299.7,299.75,4616,
2024-02-23 11:57:00+05:30,299.7,299.75,299.65,299.7,5250,
2024-02-23 11:58:00+05:30,299.7,299.7,299.6,299.6,5570,
2024-02-23 11:59:00+05:30,299.6,299.6,299.55,299.6,2238,
2024-02-23 12:00:00+05:30,299.6,299.6,299.5,299.6,4014,
2024-02-23 12:01:00+05:30,299.6,299.6,299.45,299.55,5626,
2024-02-23 12:02:00+05:30,299.55,299.55,299.25,299.25,20180,
2024-02-23 12:03:00+05:30,299.3,299.4,299.2,299.35,19976,
2024-02-23 12:04:00+05:30,299.35,299.35,299.25,299.25,17900,
2024-02-23 12:05:00+05:30,299.35,299.35,299.3,299.3,2706,
2024-02-23 12:06:00+05:30,299.3,299.3,299.3,299.3,3928,
2024-02-23 12:07:00+05:30,299.3,299.3,299.25,299.3,2964,
2024-02-23 12:08:00+05:30,299.3,299.4,299.25,299.4,17436,
2024-02-23 12:09:00+05:30,299.4,299.4,299.3,299.35,2900,
2024-02-23 12:10:00+05:30,299.4,299.4,299.25,299.25,16744,
2024-02-23 12:11:00+05:30,299.3,299.3,299.15,299.15,19298,
2024-02-23 12:12:00+05:30,299.2,299.2,298.95,299.05,26710,
2024-02-23 12:13:00+05:30,299.05,299.2,299,299.15,10632,
2024-02-23 12:14:00+05:30,299.15,299.4,299.1,299.3,8454,
2024-02-23 12:15:00+05:30,299.3,299.5,299.3,299.35,8790,
2024-02-23 12:16:00+05:30,299.4,299.4,299.3,299.3,1982,
2024-02-23 12:17:00+05:30,299.3,299.4,299.3,299.4,8520,
2024-02-23 12:18:00+05:30,299.4,299.8,299.4,299.8,14278,
2024-02-23 12:19:00+05:30,299.8,300.5,299.8,300.5,62140,
2024-02-23 12:20:00+05:30,300.5,300.5,300,300.05,63434,
2024-02-23 12:21:00+05:30,300.05,300.35,300.05,300.2,20990,
2024-02-23 12:22:00+05:30,300.2,300.75,300.2,300.65,59778,
2024-02-23 12:23:00+05:30,300.65,300.7,300.45,300.5,14728,
2024-02-23 12:24:00+05:30,300.5,300.75,300.45,300.65,25324,
2024-02-23 12:25:00+05:30,300.65,300.65,300.45,300.5,37054,
2024-02-23 12:26:00+05:30,300.5,301.65,300.45,301.25,134926,
2024-02-23 12:27:00+05:30,301.25,301.25,301,301.15,22180,
2024-02-23 12:28:00+05:30,301.15,301.15,300.7,300.85,51364,
2024-02-23 12:29:00+05:30,300.95,301.05,300.75,301.05,14352,
2024-02-23 12:30:00+05:30,301.05,301.05,300.9,301,15594,
2024-02-23 12:31:00+05:30,300.95,300.95,300.75,300.8,20816,
2024-02-23 12:32:00+05:30,300.8,300.8,300.5,300.5,20948,
2024-02-23 12:33:00+05:30,300.5,300.5,300.3,300.35,27638,
2024-02-23 12:34:00+05:30,300.3,300.5,300.3,300.4,30848,
2024-02-23 12:35:00+05:30,300.4,300.75,300.3,300.65,18880,
2024-02-23 12:36:00+05:30,300.8,300.85,300.6,300.7,18534,
2024-02-23 12:37:00+05:30,300.65,300.95,300.65,300.8,14518,
2024-02-23 12:38:00+05:30,300.8,300.85,300.75,300.75,5224,
2024-02-23 12:39:00+05:30,300.75,300.8,300.75,300.75,3558,
2024-02-23 12:40:00+05:30,300.75,300.85,300.75,300.85,10958,
2024-02-23 12:41:00+05:30,300.85,300.85,300.75,300.8,14848,
2024-02-23 12:42:00+05:30,300.8,300.8,300.75,300.75,4222,
2024-02-23 12:43:00+05:30,300.75,300.75,300.7,300.7,9720,
2024-02-23 12:44:00+05:30,300.75,300.75,300.65,300.7,29404,
2024-02-23 12:45:00+05:30,300.7,300.75,300.65,300.65,14286,
2024-02-23 12:46:00+05:30,300.65,300.65,300.05,300.05,39494,
2024-02-23 12:47:00+05:30,300.25,300.5,300.1,300.35,45864,
2024-02-23 12:48:00+05:30,300.3,300.35,300.3,300.3,7352,
2024-02-23 12:49:00+05:30,300.3,300.3,300.1,300.2,11958,
2024-02-23 12:50:00+05:30,300.2,300.4,300.1,300.3,16626,
2024-02-23 12:51:00+05:30,300.3,300.55,300.3,300.5,13046,
2024-02-23 12:52:00+05:30,300.5,300.65,300.4,300.55,12448,
2024-02-23 12:53:00+05:30,300.55,300.65,300.5,300.55,17994,
2024-02-23 12:54:00+05:30,300.55,300.65,300.5,300.55,23862,
2024-02-23 12:55:00+05:30,300.55,300.75,300.55,300.6,11788,
2024-02-23 12:56:00+05:30,300.65,300.75,300.55,300.65,17522,
2024-02-23 12:57:00+05:30,300.65,300.65,300.5,300.65,6696,
2024-02-23 12:58:00+05:30,300.65,300.65,300.5,300.5,3484,
2024-02-23 12:59:00+05:30,300.55,300.55,300.5,300.5,1512,
2024-02-23 13:00:00+05:30,300.55,300.55,300.4,300.4,15724,
2024-02-23 13:01:00+05:30,300.5,300.5,300.4,300.45,5542,
2024-02-23 13:02:00+05:30,300.45,301.15,300.4,301.15,142406,
2024-02-23 13:03:00+05:30,301.25,301.35,301,301.2,51352,
2024-02-23 13:04:00+05:30,301.35,301.55,301.15,301.5,77502,
2024-02-23 13:05:00+05:30,301.55,301.8,301.35,301.5,87786,
2024-02-23 13:06:00+05:30,301.65,302.05,301.5,301.75,135984,
2024-02-23 13:07:00+05:30,301.85,301.85,301.4,301.55,25192,
2024-02-23 13:08:00+05:30,301.55,301.8,301.55,301.65,42440,
2024-02-23 13:09:00+05:30,301.65,301.65,301.55,301.65,22778,
2024-02-23 13:10:00+05:30,301.65,301.8,301.5,301.75,20430,
2024-02-23 13:11:00+05:30,301.65,301.8,301.5,301.6,37518,
2024-02-23 13:12:00+05:30,301.6,301.6,301.5,301.55,10034,
2024-02-23 13:13:00+05:30,301.55,301.55,301.5,301.55,5046,
2024-02-23 13:14:00+05:30,301.55,301.55,301.45,301.45,7526,
2024-02-23 13:15:00+05:30,301.55,301.8,301.45,301.8,43252,
2024-02-23 13:16:00+05:30,301.8,301.8,301.65,301.7,8448,
2024-02-23 13:17:00+05:30,301.65,301.75,301.55,301.65,29188,
2024-02-23 13:18:00+05:30,301.65,301.75,301.55,301.7,19310,
2024-02-23 13:19:00+05:30,301.7,302.05,301.55,302.05,40138,
2024-02-23 13:20:00+05:30,302.05,302.1,301.85,302.1,63814,
2024-02-23 13:21:00+05:30,302,302.05,301.5,301.75,103332,
2024-02-23 13:22:00+05:30,301.65,301.75,301.15,301.65,62544,
2024-02-23 13:23:00+05:30,301.55,301.6,301.3,301.35,17662,
2024-02-23 13:24:00+05:30,301.35,301.35,300.65,301.05,52580,
2024-02-23 13:25:00+05:30,300.85,301.05,300.05,300.2,93326,
2024-02-23 13:26:00+05:30,300.05,300.2,299.95,300.1,41546,
2024-02-23 13:27:00+05:30,300.1,300.1,299.7,300,49076,
2024-02-23 13:28:00+05:30,300,300.75,299.9,300.5,27136,
2024-02-23 13:29:00+05:30,300.45,300.95,300.45,300.85,18938,
2024-02-23 13:30:00+05:30,300.85,300.85,300.65,300.65,17824,
2024-02-23 13:31:00+05:30,300.65,300.85,300.65,300.75,18630,
2024-02-23 13:32:00+05:30,300.85,300.95,300.75,300.8,11124,
2024-02-23 13:33:00+05:30,300.85,300.85,300.75,300.75,17132,
2024-02-23 13:34:00+05:30,300.75,300.85,300.75,300.75,21156,
2024-02-23 13:35:00+05:30,300.75,300.75,300.65,300.65,19214,
2024-02-23 13:36:00+05:30,300.7,300.7,300.4,300.5,24580,
2024-02-23 13:37:00+05:30,300.45,300.6,300.3,300.5,19162,
2024-02-23 13:38:00+05:30,300.55,300.85,300.5,300.75,5914,
2024-02-23 13:39:00+05:30,300.75,300.75,300.65,300.65,6714,
2024-02-23 13:40:00+05:30,300.7,300.7,300.5,300.5,18930,
2024-02-23 13:41:00+05:30,300.5,300.55,300.45,300.5,8986,
2024-02-23 13:42:00+05:30,300.5,300.5,300.4,300.4,14436,
2024-02-23 13:43:00+05:30,300.45,300.45,300.3,300.3,11244,
2024-02-23 13:44:00+05:30,300.35,300.35,300.3,300.35,11712,
2024-02-23 13:45:00+05:30,300.35,300.55,300.3,300.5,14284,
2024-02-23 13:46:00+05:30,300.5,300.55,300.5,300.55,5816,
2024-02-23 13:47:00+05:30,300.55,300.55,300.5,300.5,3764,
2024-02-23 13:48:00+05:30,300.5,300.5,300.5,300.5,8500,
2024-02-23 13:49:00+05:30,300.5,300.75,300.5,300.7,12164,
2024-02-23 13:50:00+05:30,300.75,300.95,300.7,300.85,11644,
2024-02-23 13:51:00+05:30,300.85,301.1,300.85,300.95,15244,
2024-02-23 13:52:00+05:30,301.05,301.3,300.95,301.15,13756,
2024-02-23 13:53:00+05:30,301.25,301.3,301.1,301.1,32686,
2024-02-23 13:54:00+05:30,301.15,301.15,300.5,300.75,42588,
2024-02-23 13:55:00+05:30,300.8,301,300.75,300.95,8982,
2024-02-23 13:56:00+05:30,300.95,301,300.95,300.95,8140,
2024-02-23 13:57:00+05:30,300.95,300.95,300.85,300.85,9076,
2024-02-23 13:58:00+05:30,300.9,300.95,300.75,300.75,18476,
2024-02-23 13:59:00+05:30,300.8,300.8,300.5,300.65,24116,
2024-02-23 14:00:00+05:30,300.65,300.65,300.2,300.2,54154,
2024-02-23 14:01:00+05:30,300.3,300.55,300.2,300.5,21316,
2024-02-23 14:02:00+05:30,300.5,300.5,300.4,300.5,5856,
2024-02-23 14:03:00+05:30,300.5,300.5,300.4,300.4,8768,
2024-02-23 14:04:00+05:30,300.45,300.5,300.4,300.4,8668,
2024-02-23 14:05:00+05:30,300.5,300.5,300.3,300.35,14584,
2024-02-23 14:06:00+05:30,300.3,300.3,299.9,300,22980,
2024-02-23 14:07:00+05:30,300.1,300.1,299.7,299.9,34754,
2024-02-23 14:08:00+05:30,300.1,300.3,299.9,300.15,12260,
2024-02-23 14:09:00+05:30,300.15,300.15,300,300,12422,
2024-02-23 14:10:00+05:30,300,300.05,299.9,299.9,14248,
2024-02-23 14:11:00+05:30,299.9,299.95,299.65,299.8,32690,
2024-02-23 14:12:00+05:30,299.8,300.1,299.7,299.85,20304,
2024-02-23 14:13:00+05:30,299.95,299.95,299.5,299.55,28964,
2024-02-23 14:14:00+05:30,299.5,299.75,299.45,299.6,15176,
2024-02-23 14:15:00+05:30,299.65,299.75,299.55,299.7,22186,
2024-02-23 14:16:00+05:30,299.7,300.25,299.7,300.25,15344,
2024-02-23 14:17:00+05:30,300.1,300.35,300.1,300.2,12802,
2024-02-23 14:18:00+05:30,300.3,300.4,300.2,300.3,12272,
2024-02-23 14:19:00+05:30,300.35,300.4,300.1,300.3,40900,
2024-02-23 14:20:00+05:30,300.25,300.25,299.9,300.1,5548,
2024-02-23 14:21:00+05:30,300.1,300.4,300,300.2,11628,
2024-02-23 14:22:00+05:30,300.2,300.4,300.2,300.3,19080,
2024-02-23 14:23:00+05:30,300.35,300.35,300.25,300.25,3018,
2024-02-23 14:24:00+05:30,300.3,300.3,300.15,300.15,12844,
2024-02-23 14:25:00+05:30,300.2,300.3,300.15,300.2,14488,
2024-02-23 14:26:00+05:30,300.2,300.5,300.2,300.45,6810,
2024-02-23 14:27:00+05:30,300.45,300.55,300.45,300.55,11364,
2024-02-23 14:28:00+05:30,300.55,300.65,300.5,300.65,38358,
2024-02-23 14:29:00+05:30,300.65,300.85,300.65,300.65,15556,
2024-02-23 14:30:00+05:30,300.65,300.8,300.65,300.75,9750,
2024-02-23 14:31:00+05:30,300.75,300.85,300.65,300.75,14636,
2024-02-23 14:32:00+05:30,300.75,300.8,300.65,300.75,5676,
2024-02-23 14:33:00+05:30,300.75,300.75,300.45,300.5,22846,
2024-02-23 14:34:00+05:30,300.5,300.85,300.4,300.7,19540,
2024-02-23 14:35:00+05:30,300.75,300.8,300.55,300.7,8886,
2024-02-23 14:36:00+05:30,300.7,300.7,300.5,300.6,4668,
2024-02-23 14:37:00+05:30,300.6,300.6,300.3,300.4,32374,
2024-02-23 14:38:00+05:30,300.4,300.55,300.2,300.4,34570,
2024-02-23 14:39:00+05:30,300.4,300.5,300.2,300.5,11462,
2024-02-23 14:40:00+05:30,300.5,300.7,300.45,300.65,5172,
2024-02-23 14:41:00+05:30,300.7,300.7,300.5,300.5,12996,
2024-02-23 14:42:00+05:30,300.55,300.7,300.5,300.65,6096,
2024-02-23 14:43:00+05:30,300.7,300.7,300.55,300.6,17020,
2024-02-23 14:44:00+05:30,300.65,300.65,300.55,300.55,2476,
2024-02-23 14:45:00+05:30,300.55,300.6,300.5,300.5,4294,
2024-02-23 14:46:00+05:30,300.55,300.55,300.2,300.2,21946,
2024-02-23 14:47:00+05:30,300.2,300.6,300.2,300.5,35320,
2024-02-23 14:48:00+05:30,300.5,300.5,300.15,300.15,13956,
2024-02-23 14:49:00+05:30,300.2,300.4,300.1,300.3,11520,
2024-02-23 14:50:00+05:30,300.3,300.55,300.25,300.45,8552,
2024-02-23 14:51:00+05:30,300.5,300.5,300.3,300.3,7058,
2024-02-23 14:52:00+05:30,300.35,300.35,300.1,300.15,31176,
2024-02-23 14:53:00+05:30,300.2,300.2,299.95,300.15,17100,
2024-02-23 14:54:00+05:30,300.15,300.25,300,300.2,17562,
2024-02-23 14:55:00+05:30,300.25,300.25,299.95,299.95,21228,
2024-02-23 14:56:00+05:30,299.95,300.1,299.95,300.1,8410,
2024-02-23 14:57:00+05:30,300.1,300.15,300,300.1,26012,
2024-02-23 14:58:00+05:30,300.15,300.3,300.1,300.15,16940,
2024-02-23 14:59:00+05:30,300.2,300.6,300.15,300.4,36552,
2024-02-23 15:00:00+05:30,300.5,300.5,299.9,299.95,38048,
2024-02-23 15:01:00+05:30,299.95,300.1,299.9,300,29754,
2024-02-23 15:02:00+05:30,299.95,300,299.6,299.65,28496,
2024-02-23 15:03:00+05:30,299.6,300,299.4,299.75,63042,
2024-02-23 15:04:00+05:30,299.85,299.85,299.4,299.6,36100,
2024-02-23 15:05:00+05:30,299.4,299.7,299.4,299.5,41062,
2024-02-23 15:06:00+05:30,299.5,299.8,299.5,299.75,30172,
2024-02-23 15:07:00+05:30,299.7,299.75,299.5,299.6,22696,
2024-02-23 15:08:00+05:30,299.6,299.65,299.4,299.4,26842,
2024-02-23 15:09:00+05:30,299.5,299.9,299.4,299.75,109102,
2024-02-23 15:10:00+05:30,300.1,300.2,299.5,299.5,62770,
2024-02-23 15:11:00+05:30,299.45,299.7,299.4,299.6,46688,
2024-02-23 15:12:00+05:30,299.7,299.7,299.45,299.5,39490,
2024-02-23 15:13:00+05:30,299.5,299.6,299.5,299.6,56638,
2024-02-23 15:14:00+05:30,299.6,299.75,299.5,299.55,42070,
2024-02-23 15:15:00+05:30,299.55,299.7,299.3,299.4,90370,
2024-02-23 15:16:00+05:30,299.4,299.5,299,299,113190,
2024-02-23 15:17:00+05:30,299,299.2,298.9,299.1,69302,
2024-02-23 15:18:00+05:30,299.15,299.3,298.9,299,127118,
2024-02-23 15:19:00+05:30,299,299.35,298.95,299.35,59928,
2024-02-23 15:20:00+05:30,299.2,299.5,299,299.05,130100,
2024-02-23 15:21:00+05:30,299.2,299.4,299,299.25,37770,
2024-02-23 15:22:00+05:30,299.2,299.4,299.2,299.4,30422,
2024-02-23 15:23:00+05:30,299.4,299.4,299.3,299.35,22762,
2024-02-23 15:24:00+05:30,299.3,299.35,299,299,61086,
2024-02-23 15:25:00+05:30,299,299.1,298.95,299,27474,
2024-02-23 15:26:00+05:30,299,299,298.9,298.95,28144,
2024-02-23 15:27:00+05:30,298.95,299.1,298.9,299,25846,
2024-02-23 15:28:00+05:30,299,299.1,298.75,298.9,50532,
2024-02-23 15:29:00+05:30,298.9,299.1,298.6,298.9,23978,
2024-02-26 09:15:00+05:30,299,299,294.1,294.1,408194,
2024-02-26 09:16:00+05:30,294.1,297.3,294.1,296.9,154632,
2024-02-26 09:17:00+05:30,296.9,297.2,296.05,296.1,170788,
2024-02-26 09:18:00+05:30,296.1,297.95,296,297.2,159070,
2024-02-26 09:19:00+05:30,297.2,297.8,297.2,297.35,140148,
2024-02-26 09:20:00+05:30,297.2,297.2,296,296.3,95262,
2024-02-26 09:21:00+05:30,296.5,296.8,295.9,295.9,66018,
2024-02-26 09:22:00+05:30,295.8,296,295.15,295.75,159044,
2024-02-26 09:23:00+05:30,295.6,295.8,295.25,295.65,59920,
2024-02-26 09:24:00+05:30,295.75,295.75,294.95,295.15,160184,
2024-02-26 09:25:00+05:30,295.25,295.25,294.15,294.6,150502,
2024-02-26 09:26:00+05:30,294.55,294.65,294.15,294.55,154862,
2024-02-26 09:27:00+05:30,294.7,294.85,294.25,294.6,63110,
2024-02-26 09:28:00+05:30,294.55,294.85,294.35,294.75,124606,
2024-02-26 09:29:00+05:30,294.65,294.85,294.45,294.55,50674,
2024-02-26 09:30:00+05:30,294.45,294.55,293.85,294.2,163084,
2024-02-26 09:31:00+05:30,294.2,294.45,293.75,294.45,88980,
2024-02-26 09:32:00+05:30,294.45,294.8,294.3,294.75,75586,
2024-02-26 09:33:00+05:30,294.8,295.5,294.45,295.25,98380,
2024-02-26 09:34:00+05:30,295.15,295.45,295.05,295.35,69142,
2024-02-26 09:35:00+05:30,295.35,295.8,295.05,295.55,146338,
2024-02-26 09:36:00+05:30,295.55,295.9,295.45,295.8,54956,
2024-02-26 09:37:00+05:30,295.8,295.85,295.3,295.3,43832,
2024-02-26 09:38:00+05:30,295.3,295.85,294.95,295.75,83586,
2024-02-26 09:39:00+05:30,295.75,296.3,295.75,296.1,79780,
2024-02-26 09:40:00+05:30,296.1,296.3,295.75,295.75,66416,
2024-02-26 09:41:00+05:30,295.8,296.15,295.6,296.15,62084,
2024-02-26 09:42:00+05:30,296,296.25,295.8,295.8,48634,
2024-02-26 09:43:00+05:30,295.75,296,295.75,295.8,26596,
2024-02-26 09:44:00+05:30,295.8,296.5,295.75,296.3,73670,
2024-02-26 09:45:00+05:30,296.3,296.35,295.9,296.35,42462,
2024-02-26 09:46:00+05:30,296.2,296.45,295.8,295.9,44142,
2024-02-26 09:47:00+05:30,295.9,296.1,295.9,296.05,20730,
2024-02-26 09:48:00+05:30,295.95,296,295.8,295.8,25386,
2024-02-26 09:49:00+05:30,295.8,295.8,295.05,295.2,36406,
2024-02-26 09:50:00+05:30,295.05,295.3,294.95,294.95,49784,
2024-02-26 09:51:00+05:30,294.95,295,294.25,294.35,92332,
2024-02-26 09:52:00+05:30,294.35,294.7,294.15,294.45,42192,
2024-02-26 09:53:00+05:30,294.45,295.15,294.25,295.15,83442,
2024-02-26 09:54:00+05:30,295.1,295.45,294.7,295.35,52438,
2024-02-26 09:55:00+05:30,295.35,295.35,294.65,294.75,33916,
2024-02-26 09:56:00+05:30,294.75,295.25,294.7,294.7,43564,
2024-02-26 09:57:00+05:30,294.7,295.2,294.55,294.65,49496,
2024-02-26 09:58:00+05:30,294.75,294.95,294.35,294.45,122258,
2024-02-26 09:59:00+05:30,294.45,294.65,294.1,294.1,137978,
2024-02-26 10:00:00+05:30,294,294.7,294,294.2,79960,
2024-02-26 10:01:00+05:30,294.25,294.45,294.1,294.25,67248,
2024-02-26 10:02:00+05:30,294.25,294.35,294.1,294.25,48866,
2024-02-26 10:03:00+05:30,294.25,294.55,294.25,294.55,28942,
2024-02-26 10:04:00+05:30,294.5,294.7,294.25,294.35,57246,
2024-02-26 10:05:00+05:30,294.25,294.55,294.25,294.25,32608,
2024-02-26 10:06:00+05:30,294.25,294.75,294.25,294.65,134460,
2024-02-26 10:07:00+05:30,294.55,294.95,294.45,294.75,61752,
2024-02-26 10:08:00+05:30,294.85,294.95,294.65,294.85,26196,
2024-02-26 10:09:00+05:30,294.85,294.95,294.45,294.5,41176,
2024-02-26 10:10:00+05:30,294.45,294.55,294.25,294.25,47156,
2024-02-26 10:11:00+05:30,294.35,294.35,293.9,294,83942,
2024-02-26 10:12:00+05:30,294.05,294.55,294,294.55,33396,
2024-02-26 10:13:00+05:30,294.45,294.65,294.25,294.45,36458,
2024-02-26 10:14:00+05:30,294.45,294.7,294.45,294.6,21630,
2024-02-26 10:15:00+05:30,294.55,294.6,294.2,294.25,21328,
2024-02-26 10:16:00+05:30,294.35,294.35,294.1,294.1,33798,
2024-02-26 10:17:00+05:30,294.1,294.5,293.95,294.5,53042,
2024-02-26 10:18:00+05:30,294.45,294.75,294.35,294.55,30368,
2024-02-26 10:19:00+05:30,294.55,294.85,294.5,294.55,36556,
2024-02-26 10:20:00+05:30,294.7,294.7,294.35,294.45,25588,
2024-02-26 10:21:00+05:30,294.45,294.65,294.2,294.2,189800,
2024-02-26 10:22:00+05:30,294.25,294.35,293.9,294.1,176956,
2024-02-26 10:23:00+05:30,294.1,294.25,293.95,294.1,36182,
2024-02-26 10:24:00+05:30,294.1,294.3,294.1,294.25,23850,
2024-02-26 10:25:00+05:30,294.25,294.3,293.95,294.3,44410,
2024-02-26 10:26:00+05:30,294.25,294.4,293.95,294,63846,
2024-02-26 10:27:00+05:30,293.7,294,293.2,293.4,284110,
2024-02-26 10:28:00+05:30,293.4,293.6,293.2,293.35,63036,
2024-02-26 10:29:00+05:30,293.2,293.3,292.7,292.9,166846,
2024-02-26 10:30:00+05:30,292.8,293.1,292.7,293.05,48024,
2024-02-26 10:31:00+05:30,293.05,293.2,292.9,293.1,41040,
2024-02-26 10:32:00+05:30,293,293.25,292.9,293.05,37400,
2024-02-26 10:33:00+05:30,293.05,293.2,292.9,293.1,52688,
2024-02-26 10:34:00+05:30,293.1,293.4,293,293.3,95472,
2024-02-26 10:35:00+05:30,293.2,293.3,293,293.2,41470,
2024-02-26 10:36:00+05:30,293.2,293.25,293,293.2,19882,
2024-02-26 10:37:00+05:30,293.2,293.4,293.1,293.1,56450,
2024-02-26 10:38:00+05:30,293.2,293.3,293.1,293.2,18950,
2024-02-26 10:39:00+05:30,293.2,293.2,293,293.1,30322,
2024-02-26 10:40:00+05:30,293,293.3,293,293.1,25574,
2024-02-26 10:41:00+05:30,293.1,293.4,293.05,293.2,29070,
2024-02-26 10:42:00+05:30,293.2,293.3,292.8,293.25,75112,
2024-02-26 10:43:00+05:30,293.2,293.3,293,293.1,57730,
2024-02-26 10:44:00+05:30,293,293.4,293,293.2,43154,
2024-02-26 10:45:00+05:30,293.2,293.8,293.2,293.7,44896,
2024-02-26 10:46:00+05:30,293.6,293.75,293.4,293.5,28208,
2024-02-26 10:47:00+05:30,293.5,293.8,293.45,293.6,45120,
2024-02-26 10:48:00+05:30,293.6,293.9,293.6,293.8,29176,
2024-02-26 10:49:00+05:30,293.8,294.05,293.8,294,85422,
2024-02-26 10:50:00+05:30,294,294.1,293.9,293.9,45266,
2024-02-26 10:51:00+05:30,293.9,293.9,293.6,293.6,43814,
2024-02-26 10:52:00+05:30,293.6,293.65,293.5,293.6,25468,
2024-02-26 10:53:00+05:30,293.6,293.6,293.3,293.5,31184,
2024-02-26 10:54:00+05:30,293.5,293.7,293.5,293.5,24034,
2024-02-26 10:55:00+05:30,293.55,293.6,293.25,293.5,47808,
2024-02-26 10:56:00+05:30,293.5,293.7,293.3,293.6,22248,
2024-02-26 10:57:00+05:30,293.6,293.9,293.6,293.75,17592,
2024-02-26 10:58:00+05:30,293.65,293.75,293.5,293.5,25876,
2024-02-26 10:59:00+05:30,293.5,293.6,293.35,293.35,24664,
2024-02-26 11:00:00+05:30,293.35,293.5,293.3,293.45,17072,
2024-02-26 11:01:00+05:30,293.55,293.6,293.4,293.45,26258,
2024-02-26 11:02:00+05:30,293.45,293.9,293.45,293.9,58810,
2024-02-26 11:03:00+05:30,293.9,294.55,293.75,294.45,140702,
2024-02-26 11:04:00+05:30,294.35,294.65,294.2,294.55,69410,
2024-02-26 11:05:00+05:30,294.55,295,294.45,294.45,174728,
2024-02-26 11:06:00+05:30,294.45,294.6,294.2,294.55,61904,
2024-02-26 11:07:00+05:30,294.6,294.95,294.5,294.8,40242,
2024-02-26 11:08:00+05:30,294.8,295.15,294.75,294.8,48030,
2024-02-26 11:09:00+05:30,294.8,295.05,294.75,295.05,83268,
2024-02-26 11:10:00+05:30,295,295.25,294.9,295.15,61502,
2024-02-26 11:11:00+05:30,295.05,295.15,294.45,294.75,124118,
2024-02-26 11:12:00+05:30,294.8,294.8,294.55,294.65,35548,
2024-02-26 11:13:00+05:30,294.65,295.05,294.65,294.9,28186,
2024-02-26 11:14:00+05:30,294.9,294.9,294.65,294.75,14236,
2024-02-26 11:15:00+05:30,294.75,294.75,294.25,294.45,61016,
2024-02-26 11:16:00+05:30,294.45,294.75,294.35,294.55,101188,
2024-02-26 11:17:00+05:30,294.5,294.9,294.45,294.85,20826,
2024-02-26 11:18:00+05:30,294.85,295.25,294.85,295.15,23224,
2024-02-26 11:19:00+05:30,295.05,295.15,294.9,295.05,16400,
2024-02-26 11:20:00+05:30,295.05,295.15,294.9,295.05,38996,
2024-02-26 11:21:00+05:30,295.15,295.25,295.05,295.2,26856,
2024-02-26 11:22:00+05:30,295.25,295.35,295.15,295.35,30992,
2024-02-26 11:23:00+05:30,295.35,295.95,295.2,295.6,160838,
2024-02-26 11:24:00+05:30,295.7,295.7,295.35,295.45,53184,
2024-02-26 11:25:00+05:30,295.45,295.65,295.4,295.6,27906,
2024-02-26 11:26:00+05:30,295.6,295.6,295.4,295.55,26626,
2024-02-26 11:27:00+05:30,295.55,295.65,295.55,295.55,28902,
2024-02-26 11:28:00+05:30,295.55,295.65,295.55,295.65,26134,
2024-02-26 11:29:00+05:30,295.65,295.8,295.5,295.65,46890,
2024-02-26 11:30:00+05:30,295.65,295.8,295.6,295.65,58016,
2024-02-26 11:31:00+05:30,295.65,295.65,295.35,295.35,23522,
2024-02-26 11:32:00+05:30,295.35,295.55,295.35,295.55,26420,
2024-02-26 11:33:00+05:30,295.55,295.55,295.15,295.35,47252,
2024-02-26 11:34:00+05:30,295.35,295.75,295.15,295.15,89992,
2024-02-26 11:35:00+05:30,295.15,295.15,295,295.15,30450,
2024-02-26 11:36:00+05:30,295.05,295.15,294.95,295.05,44722,
2024-02-26 11:37:00+05:30,295.05,295.3,294.95,295.25,30458,
2024-02-26 11:38:00+05:30,295.25,295.55,295.25,295.5,19110,
2024-02-26 11:39:00+05:30,295.45,295.55,295.35,295.45,20198,
2024-02-26 11:40:00+05:30,295.35,295.5,295.35,295.35,21326,
2024-02-26 11:41:00+05:30,295.35,295.4,294.55,294.8,60728,
2024-02-26 11:42:00+05:30,294.75,295,294.7,294.75,22926,
2024-02-26 11:43:00+05:30,294.75,295.25,294.75,295.25,58974,
2024-02-26 11:44:00+05:30,295.25,295.65,295.2,295.65,56606,
2024-02-26 11:45:00+05:30,295.65,295.65,295.05,295.1,59658,
2024-02-26 11:46:00+05:30,295.1,295.5,295.05,295.5,21672,
2024-02-26 11:47:00+05:30,295.55,295.55,295.15,295.25,40600,
2024-02-26 11:48:00+05:30,295.25,295.25,295.05,295.1,16954,
2024-02-26 11:49:00+05:30,295.1,295.25,295,295.15,19724,
2024-02-26 11:50:00+05:30,295.15,295.3,294.85,294.9,32160,
2024-02-26 11:51:00+05:30,294.9,295.15,294.9,295.05,15132,
2024-02-26 11:52:00+05:30,295.05,295.25,294.95,295.05,14044,
2024-02-26 11:53:00+05:30,294.95,294.95,294.3,294.55,44590,
2024-02-26 11:54:00+05:30,294.5,294.65,294.1,294.1,71210,
2024-02-26 11:55:00+05:30,294.1,294.2,293.8,294.1,59358,
2024-02-26 11:56:00+05:30,294.1,294.25,293.95,294.2,21414,
2024-02-26 11:57:00+05:30,294.2,294.6,294,294.6,17648,
2024-02-26 11:58:00+05:30,294.35,294.55,294.2,294.4,25026,
2024-02-26 11:59:00+05:30,294.4,294.8,294.4,294.65,78848,
2024-02-26 12:00:00+05:30,294.55,294.85,294.55,294.65,49528,
2024-02-26 12:01:00+05:30,294.65,294.75,294.45,294.75,35222,
2024-02-26 12:02:00+05:30,294.75,294.85,294.55,294.6,17882,
2024-02-26 12:03:00+05:30,294.55,295.05,294.55,294.6,75338,
2024-02-26 12:04:00+05:30,294.6,295.1,294.6,295,44102,
2024-02-26 12:05:00+05:30,295.05,295.15,294.95,295.15,21602,
2024-02-26 12:06:00+05:30,295.15,295.15,294.85,294.95,20388,
2024-02-26 12:07:00+05:30,294.95,295,294.85,294.9,18854,
2024-02-26 12:08:00+05:30,294.85,295.2,294.85,295.05,19010,
2024-02-26 12:09:00+05:30,295.05,295.05,294.95,294.95,17902,
2024-02-26 12:10:00+05:30,294.95,294.95,294.25,294.45,26286,
2024-02-26 12:11:00+05:30,294.4,294.45,293.95,294.25,37332,
2024-02-26 12:12:00+05:30,294.25,294.4,294.1,294.2,18086,
2024-02-26 12:13:00+05:30,294.1,294.6,294.1,294.45,40336,
2024-02-26 12:14:00+05:30,294.35,294.45,294.2,294.35,13230,
2024-02-26 12:15:00+05:30,294.35,294.45,294.2,294.45,22438,
2024-02-26 12:16:00+05:30,294.45,294.85,294.45,294.75,14582,
2024-02-26 12:17:00+05:30,294.7,294.95,294.4,294.55,21904,
2024-02-26 12:18:00+05:30,294.45,294.55,294.2,294.35,14348,
2024-02-26 12:19:00+05:30,294.25,294.5,294.25,294.5,9490,
2024-02-26 12:20:00+05:30,294.45,294.55,294.2,294.2,19344,
2024-02-26 12:21:00+05:30,294.2,294.55,294.2,294.45,20160,
2024-02-26 12:22:00+05:30,294.55,294.85,294.55,294.65,14920,
2024-02-26 12:23:00+05:30,294.8,294.95,294.7,294.9,16362,
2024-02-26 12:24:00+05:30,294.85,295.05,294.75,294.85,14442,
2024-02-26 12:25:00+05:30,294.85,295.15,294.75,295.15,18584,
2024-02-26 12:26:00+05:30,295.15,295.45,295.15,295.3,41590,
2024-02-26 12:27:00+05:30,295.35,295.6,295.35,295.45,28864,
2024-02-26 12:28:00+05:30,295.55,295.55,295.35,295.45,17390,
2024-02-26 12:29:00+05:30,295.55,295.9,295.45,295.75,47876,
2024-02-26 12:30:00+05:30,295.75,295.75,295.55,295.65,13992,
2024-02-26 12:31:00+05:30,295.65,295.75,295.45,295.75,20478,
2024-02-26 12:32:00+05:30,295.65,295.9,295.55,295.75,52220,
2024-02-26 12:33:00+05:30,295.75,296,295.7,295.8,33894,
2024-02-26 12:34:00+05:30,295.8,296.2,295.8,296.1,58380,
2024-02-26 12:35:00+05:30,296.1,296.1,295.75,295.8,22084,
2024-02-26 12:36:00+05:30,295.8,296.05,295.75,295.9,50804,
2024-02-26 12:37:00+05:30,296,296.1,295.8,295.85,14678,
2024-02-26 12:38:00+05:30,295.8,296.05,295.8,295.95,10414,
2024-02-26 12:39:00+05:30,295.9,296,295.8,295.95,15562,
2024-02-26 12:40:00+05:30,295.9,296.5,295.9,296.35,54602,
2024-02-26 12:41:00+05:30,296.35,296.6,296.15,296.4,63818,
2024-02-26 12:42:00+05:30,296.4,296.6,296.2,296.5,24902,
2024-02-26 12:43:00+05:30,296.6,296.8,296.6,296.75,51840,
2024-02-26 12:44:00+05:30,296.7,296.75,296.5,296.5,34390,
2024-02-26 12:45:00+05:30,296.35,296.6,296.2,296.5,41078,
2024-02-26 12:46:00+05:30,296.4,296.9,296.4,296.85,31180,
2024-02-26 12:47:00+05:30,296.85,297,296.75,296.9,24958,
2024-02-26 12:48:00+05:30,296.9,297,296.75,296.8,26122,
2024-02-26 12:49:00+05:30,296.8,296.95,296.8,296.85,14450,
2024-02-26 12:50:00+05:30,296.95,297.2,296.8,297.2,32486,
2024-02-26 12:51:00+05:30,297.2,297.2,297.1,297.2,24556,
2024-02-26 12:52:00+05:30,297.1,297.3,297.1,297.3,21710,
2024-02-26 12:53:00+05:30,297.25,297.35,297.2,297.2,26536,
2024-02-26 12:54:00+05:30,297.2,297.35,297.2,297.3,17580,
2024-02-26 12:55:00+05:30,297.1,297.35,297.1,297.35,22814,
2024-02-26 12:56:00+05:30,297.35,297.35,297.2,297.3,12868,
2024-02-26 12:57:00+05:30,297.3,297.65,297.3,297.55,41872,
2024-02-26 12:58:00+05:30,297.55,297.65,297.4,297.55,21338,
2024-02-26 12:59:00+05:30,297.65,297.65,297.35,297.65,23740,
2024-02-26 13:00:00+05:30,297.55,297.65,297.55,297.6,17684,
2024-02-26 13:01:00+05:30,297.6,297.65,296.9,297.1,37772,
2024-02-26 13:02:00+05:30,297.1,297.4,297.1,297.2,20000,
2024-02-26 13:03:00+05:30,297.15,297.3,297.05,297.2,13718,
2024-02-26 13:04:00+05:30,297.2,297.3,297.1,297.3,10568,
2024-02-26 13:05:00+05:30,297.2,297.45,297.2,297.35,18882,
2024-02-26 13:06:00+05:30,297.35,297.45,297.35,297.35,12418,
2024-02-26 13:07:00+05:30,297.35,297.65,297.35,297.55,20718,
2024-02-26 13:08:00+05:30,297.55,297.95,297.45,297.95,35194,
2024-02-26 13:09:00+05:30,297.95,297.95,297.75,297.9,20570,
2024-02-26 13:10:00+05:30,297.85,297.95,297.55,297.75,17984,
2024-02-26 13:11:00+05:30,297.75,297.8,297.45,297.7,19704,
2024-02-26 13:12:00+05:30,297.7,297.9,297.65,297.75,17242,
2024-02-26 13:13:00+05:30,297.75,297.85,297.5,297.65,17778,
2024-02-26 13:14:00+05:30,297.45,297.75,297.4,297.55,17862,
2024-02-26 13:15:00+05:30,297.55,297.65,297.35,297.65,18352,
2024-02-26 13:16:00+05:30,297.55,297.75,297.45,297.65,11626,
2024-02-26 13:17:00+05:30,297.75,297.75,297.55,297.65,10442,
2024-02-26 13:18:00+05:30,297.65,297.65,297.3,297.4,19158,
2024-02-26 13:19:00+05:30,297.35,297.65,297.3,297.55,22862,
2024-02-26 13:20:00+05:30,297.55,297.8,297.55,297.75,15020,
2024-02-26 13:21:00+05:30,297.8,297.8,297.45,297.55,15818,
2024-02-26 13:22:00+05:30,297.5,297.55,297.35,297.4,13206,
2024-02-26 13:23:00+05:30,297.55,297.55,297.4,297.55,11754,
2024-02-26 13:24:00+05:30,297.55,297.7,297.45,297.65,12058,
2024-02-26 13:25:00+05:30,297.65,297.7,297.55,297.7,15272,
2024-02-26 13:26:00+05:30,297.7,297.8,297.55,297.65,10214,
2024-02-26 13:27:00+05:30,297.65,297.7,297.6,297.7,10284,
2024-02-26 13:28:00+05:30,297.65,297.9,297.65,297.85,15134,
2024-02-26 13:29:00+05:30,297.8,297.95,297.8,297.85,13440,
2024-02-26 13:30:00+05:30,297.75,297.85,297.65,297.7,15134,
2024-02-26 13:31:00+05:30,297.65,297.7,297.55,297.6,13018,
2024-02-26 13:32:00+05:30,297.6,297.7,297.55,297.7,11772,
2024-02-26 13:33:00+05:30,297.65,297.85,297.55,297.75,17270,
2024-02-26 13:34:00+05:30,297.85,297.95,297.75,297.95,9802,
2024-02-26 13:35:00+05:30,297.95,297.95,297.75,297.9,12034,
2024-02-26 13:36:00+05:30,297.9,297.9,297.75,297.85,9798,
2024-02-26 13:37:00+05:30,297.75,297.95,297.75,297.95,16484,
2024-02-26 13:38:00+05:30,297.9,298.35,297.9,298.35,57742,
2024-02-26 13:39:00+05:30,298.3,298.55,298.3,298.45,51994,
2024-02-26 13:40:00+05:30,298.45,298.45,298.25,298.35,20034,
2024-02-26 13:41:00+05:30,298.35,298.55,298.2,298.55,24736,
2024-02-26 13:42:00+05:30,298.55,298.9,298.45,298.85,39656,
2024-02-26 13:43:00+05:30,298.85,298.85,298.55,298.65,24798,
2024-02-26 13:44:00+05:30,298.6,298.9,298.55,298.75,33222,
2024-02-26 13:45:00+05:30,298.75,298.9,298.65,298.9,21834,
2024-02-26 13:46:00+05:30,298.9,299.1,298.75,299,37774,
2024-02-26 13:47:00+05:30,299,299.05,298.75,299,25020,
2024-02-26 13:48:00+05:30,299,299,298.9,298.9,19824,
2024-02-26 13:49:00+05:30,298.9,298.9,298.85,298.9,15806,
2024-02-26 13:50:00+05:30,298.9,299.15,298.9,299.15,24378,
2024-02-26 13:51:00+05:30,299.15,299.7,299,299.5,74212,
2024-02-26 13:52:00+05:30,299.5,300.7,299.3,300.65,169336,
2024-02-26 13:53:00+05:30,300.65,301.15,300.5,300.85,114186,
2024-02-26 13:54:00+05:30,300.85,301.35,300.65,301.35,65394,
2024-02-26 13:55:00+05:30,301.35,301.65,300.7,300.75,133494,
2024-02-26 13:56:00+05:30,300.7,300.85,300.2,300.5,108756,
2024-02-26 13:57:00+05:30,300.55,300.55,300.2,300.2,84208,
2024-02-26 13:58:00+05:30,300.2,300.75,300.2,300.6,28350,
2024-02-26 13:59:00+05:30,300.7,300.75,300.4,300.7,20092,
2024-02-26 14:00:00+05:30,300.65,300.7,300.5,300.65,25214,
2024-02-26 14:01:00+05:30,300.7,300.7,300.4,300.45,30080,
2024-02-26 14:02:00+05:30,300.3,300.45,299.9,299.9,28612,
2024-02-26 14:03:00+05:30,299.9,300.1,299.9,300,52448,
2024-02-26 14:04:00+05:30,300,300.1,299.55,299.6,39798,
2024-02-26 14:05:00+05:30,299.65,299.9,299.55,299.75,84158,
2024-02-26 14:06:00+05:30,299.75,300,299.65,300,41810,
2024-02-26 14:07:00+05:30,300,300.3,300,300.3,34188,
2024-02-26 14:08:00+05:30,300.2,300.5,300.05,300.1,42948,
2024-02-26 14:09:00+05:30,300.1,300.4,300.1,300.4,14276,
2024-02-26 14:10:00+05:30,300.3,300.55,300.2,300.5,36430,
2024-02-26 14:11:00+05:30,300.5,300.5,300.35,300.35,22802,
2024-02-26 14:12:00+05:30,300.5,300.8,300.45,300.75,48900,
2024-02-26 14:13:00+05:30,300.75,300.95,300.7,300.7,47294,
2024-02-26 14:14:00+05:30,300.65,301.55,300.65,301.55,63280,
2024-02-26 14:15:00+05:30,301.5,302.3,301.15,301.25,130858,
2024-02-26 14:16:00+05:30,301.25,301.75,301.25,301.75,41076,
2024-02-26 14:17:00+05:30,301.75,302.1,301.55,301.85,82002,
2024-02-26 14:18:00+05:30,301.85,301.9,301.25,301.35,50222,
2024-02-26 14:19:00+05:30,301.3,301.95,301.3,301.8,40782,
2024-02-26 14:20:00+05:30,301.95,302.05,301.75,301.95,32112,
2024-02-26 14:21:00+05:30,301.85,302,301.65,301.65,30138,
2024-02-26 14:22:00+05:30,301.65,302,301.55,302,51854,
2024-02-26 14:23:00+05:30,301.95,302.05,301.9,302.05,21590,
2024-02-26 14:24:00+05:30,302.05,302.1,301.85,302,39298,
2024-02-26 14:25:00+05:30,302.05,302.2,301.65,301.65,27532,
2024-02-26 14:26:00+05:30,301.65,302.1,301.6,302.05,37698,
2024-02-26 14:27:00+05:30,301.95,302.3,301.95,302.2,28818,
2024-02-26 14:28:00+05:30,302.1,302.8,302.05,302.7,86818,
2024-02-26 14:29:00+05:30,302.8,303,302.5,302.7,101594,
2024-02-26 14:30:00+05:30,302.7,303.6,302.45,303.35,140766,
2024-02-26 14:31:00+05:30,303.3,304.05,303.2,303.85,180656,
2024-02-26 14:32:00+05:30,303.9,303.9,303.6,303.65,82490,
2024-02-26 14:33:00+05:30,303.75,303.85,303.5,303.85,90414,
2024-02-26 14:34:00+05:30,304.1,305.15,304.05,304.95,240714,
2024-02-26 14:35:00+05:30,305.15,305.7,304.9,304.9,291534,
2024-02-26 14:36:00+05:30,305.05,305.45,304.45,305.2,241412,
2024-02-26 14:37:00+05:30,305.25,306.6,305.2,306.2,299652,
2024-02-26 14:38:00+05:30,306.2,306.95,305.8,306.7,235734,
2024-02-26 14:39:00+05:30,306.7,306.7,306,306.2,165566,
2024-02-26 14:40:00+05:30,306.2,306.7,306.1,306.45,132936,
2024-02-26 14:41:00+05:30,306.5,306.85,306.35,306.55,202962,
2024-02-26 14:42:00+05:30,306.5,306.8,306.2,306.7,111898,
2024-02-26 14:43:00+05:30,306.7,306.75,306,306.1,155738,
2024-02-26 14:44:00+05:30,306.2,306.45,305.8,306.3,123186,
2024-02-26 14:45:00+05:30,306.5,306.7,306.45,306.7,59576,
2024-02-26 14:46:00+05:30,306.7,306.7,305.8,305.85,71996,
2024-02-26 14:47:00+05:30,305.8,306.45,305.8,306.1,59020,
2024-02-26 14:48:00+05:30,306.1,306.3,305.3,305.45,74324,
2024-02-26 14:49:00+05:30,305.45,305.5,304.75,304.95,173794,
2024-02-26 14:50:00+05:30,305.05,305.1,304.35,304.45,114464,
2024-02-26 14:51:00+05:30,304.45,305.4,304.45,304.95,82130,
2024-02-26 14:52:00+05:30,304.9,305.2,304.85,305.2,48686,
2024-02-26 14:53:00+05:30,305.15,305.25,304.8,305.1,72970,
2024-02-26 14:54:00+05:30,305.1,305.15,304.85,305.05,32090,
2024-02-26 14:55:00+05:30,305.05,305.05,304.55,304.6,53386,
2024-02-26 14:56:00+05:30,304.55,304.8,304.1,304.75,124174,
2024-02-26 14:57:00+05:30,304.7,304.8,304.45,304.8,56806,
2024-02-26 14:58:00+05:30,304.75,305.05,304.7,304.95,52834,
2024-02-26 14:59:00+05:30,304.95,305.15,304.85,305.05,86210,
2024-02-26 15:00:00+05:30,305.05,305.2,304.55,304.6,86314,
2024-02-26 15:01:00+05:30,304.55,304.7,304,304.65,98746,
2024-02-26 15:02:00+05:30,304.65,304.85,304.25,304.75,52912,
2024-02-26 15:03:00+05:30,304.85,305.15,304.75,304.75,67784,
2024-02-26 15:04:00+05:30,304.95,304.95,304.5,304.6,59600,
2024-02-26 15:05:00+05:30,304.55,304.65,304.35,304.55,67372,
2024-02-26 15:06:00+05:30,304.45,304.75,304.45,304.65,49676,
2024-02-26 15:07:00+05:30,304.65,305,304.65,304.8,68138,
2024-02-26 15:08:00+05:30,304.75,304.85,304.55,304.65,62480,
2024-02-26 15:09:00+05:30,304.65,304.65,304.35,304.35,75508,
2024-02-26 15:10:00+05:30,304.4,304.45,304.15,304.35,84550,
2024-02-26 15:11:00+05:30,304.35,304.55,304.05,304.45,129590,
2024-02-26 15:12:00+05:30,304.45,304.45,304.15,304.35,64308,
2024-02-26 15:13:00+05:30,304.45,304.45,304.25,304.35,55132,
2024-02-26 15:14:00+05:30,304.55,304.55,304.2,304.35,107728,
2024-02-26 15:15:00+05:30,304.25,304.45,304.1,304.25,117360,
2024-02-26 15:16:00+05:30,304.25,304.25,303.5,303.65,254102,
2024-02-26 15:17:00+05:30,303.75,304.25,303.6,303.85,209636,
2024-02-26 15:18:00+05:30,303.95,304.15,303.6,303.95,252276,
2024-02-26 15:19:00+05:30,303.95,303.95,303.45,303.6,197702,
2024-02-26 15:20:00+05:30,303.6,303.75,303.35,303.5,289820,
2024-02-26 15:21:00+05:30,303.4,303.7,303.3,303.6,182152,
2024-02-26 15:22:00+05:30,303.65,303.9,303.2,303.75,217344,
2024-02-26 15:23:00+05:30,303.75,304,303.55,303.85,145956,
2024-02-26 15:24:00+05:30,303.85,303.85,303.35,303.65,207716,
2024-02-26 15:25:00+05:30,303.65,303.95,303.5,303.65,188492,
2024-02-26 15:26:00+05:30,303.75,303.75,303.3,303.3,485006,
2024-02-26 15:27:00+05:30,303.4,303.55,303.15,303.4,97266,
2024-02-26 15:28:00+05:30,303.4,303.6,303.1,303.35,125126,
2024-02-26 15:29:00+05:30,303.3,303.65,302.8,302.9,96658,
2024-02-27 09:15:00+05:30,303.8,304.7,302.4,302.9,157732,
2024-02-27 09:16:00+05:30,302.9,303.6,302.6,303.6,152034,
2024-02-27 09:17:00+05:30,303.55,303.55,302.3,302.3,100128,
2024-02-27 09:18:00+05:30,302.3,302.65,301.35,301.65,140980,
2024-02-27 09:19:00+05:30,301.5,302.1,301.1,301.55,110352,
2024-02-27 09:20:00+05:30,301.6,302.3,301.25,302.3,66684,
2024-02-27 09:21:00+05:30,302.3,303.5,302.2,303.5,93772,
2024-02-27 09:22:00+05:30,303.4,303.4,302.35,302.4,98708,
2024-02-27 09:23:00+05:30,302.4,303.35,302.3,303,69988,
2024-02-27 09:24:00+05:30,303,303.45,302.6,303.3,63260,
2024-02-27 09:25:00+05:30,303.4,304.15,303.3,304.1,75944,
2024-02-27 09:26:00+05:30,304,304.25,303.6,303.8,128144,
2024-02-27 09:27:00+05:30,303.75,304.25,303.65,304.15,36580,
2024-02-27 09:28:00+05:30,304.15,305.9,304.15,305.35,180154,
2024-02-27 09:29:00+05:30,305.5,305.6,304.95,305.25,194834,
2024-02-27 09:30:00+05:30,305.25,305.6,304.7,304.7,155786,
2024-02-27 09:31:00+05:30,304.75,305.15,304.35,305.15,80098,
2024-02-27 09:32:00+05:30,305.15,305.55,304.95,305.4,82854,
2024-02-27 09:33:00+05:30,305.3,305.55,305.15,305.4,50216,
2024-02-27 09:34:00+05:30,305.5,306.1,305.4,305.9,120506,
2024-02-27 09:35:00+05:30,305.9,305.9,305.15,305.55,61870,
2024-02-27 09:36:00+05:30,305.55,306.1,305.5,305.6,67142,
2024-02-27 09:37:00+05:30,305.6,305.8,305.4,305.7,39470,
2024-02-27 09:38:00+05:30,305.6,305.7,304.8,305,59770,
2024-02-27 09:39:00+05:30,305.15,305.2,304.95,305.15,25418,
2024-02-27 09:40:00+05:30,305.15,305.35,304.95,305.05,36338,
2024-02-27 09:41:00+05:30,305.05,305.05,304.55,304.6,50718,
2024-02-27 09:42:00+05:30,304.6,305.15,304.2,305.15,89622,
2024-02-27 09:43:00+05:30,305.15,305.3,304.8,305.15,35012,
2024-02-27 09:44:00+05:30,305.15,305.3,305,305.15,23852,
2024-02-27 09:45:00+05:30,305.15,306.2,305.15,306.2,61652,
2024-02-27 09:46:00+05:30,306.2,306.55,305.85,306,113606,
2024-02-27 09:47:00+05:30,306,306.4,305.55,306.4,64822,
2024-02-27 09:48:00+05:30,306.3,306.4,305.85,306.05,30612,
2024-02-27 09:49:00+05:30,306.1,306.35,305.8,305.8,52356,
2024-02-27 09:50:00+05:30,305.95,306.2,305.8,306.1,34360,
2024-02-27 09:51:00+05:30,306.1,306.15,305.8,306.15,19462,
2024-02-27 09:52:00+05:30,306.15,306.15,305.45,305.75,97608,
2024-02-27 09:53:00+05:30,305.75,305.9,305.4,305.6,71770,
2024-02-27 09:54:00+05:30,305.6,305.6,304.35,304.55,96578,
2024-02-27 09:55:00+05:30,304.7,304.75,304.4,304.55,31742,
2024-02-27 09:56:00+05:30,304.65,304.75,304.25,304.25,55980,
2024-02-27 09:57:00+05:30,304.4,304.85,304.25,304.75,50302,
2024-02-27 09:58:00+05:30,304.85,304.85,304.65,304.75,25418,
2024-02-27 09:59:00+05:30,304.85,305.05,304.75,305.05,25026,
2024-02-27 10:00:00+05:30,304.95,305.1,304.55,304.75,43386,
2024-02-27 10:01:00+05:30,304.75,304.95,304.55,304.75,17960,
2024-02-27 10:02:00+05:30,304.9,304.95,304.75,304.95,4568,
2024-02-27 10:03:00+05:30,304.9,304.95,304.5,304.75,32430,
2024-02-27 10:04:00+05:30,304.75,304.9,304.6,304.7,20804,
2024-02-27 10:05:00+05:30,304.7,304.7,304.25,304.3,34766,
2024-02-27 10:06:00+05:30,304.25,304.3,303.75,303.75,60112,
2024-02-27 10:07:00+05:30,303.75,303.75,303.35,303.35,73192,
2024-02-27 10:08:00+05:30,303.35,303.4,302.55,302.8,91886,
2024-02-27 10:09:00+05:30,302.8,303.05,302.65,302.65,35466,
2024-02-27 10:10:00+05:30,302.8,303.6,302.65,303.5,53736,
2024-02-27 10:11:00+05:30,303.5,303.75,303.35,303.4,37036,
2024-02-27 10:12:00+05:30,303.4,303.4,303.1,303.25,35076,
2024-02-27 10:13:00+05:30,303.25,303.25,302.4,302.7,55020,
2024-02-27 10:14:00+05:30,302.7,303.3,302.5,303.25,19636,
2024-02-27 10:15:00+05:30,303.2,303.65,303.1,303.4,22952,
2024-02-27 10:16:00+05:30,303.3,303.45,303.2,303.25,19888,
2024-02-27 10:17:00+05:30,303.05,303.3,303,303.3,31232,
2024-02-27 10:18:00+05:30,303.3,303.3,303,303.1,38592,
2024-02-27 10:19:00+05:30,303.15,303.15,302.9,302.9,19966,
2024-02-27 10:20:00+05:30,302.9,303.3,302.8,303.3,28874,
2024-02-27 10:21:00+05:30,303.3,303.3,303.1,303.15,20154,
2024-02-27 10:22:00+05:30,303.15,303.4,303.1,303.2,17958,
2024-02-27 10:23:00+05:30,303.2,303.2,302.9,303,19796,
2024-02-27 10:24:00+05:30,303,303,302.55,302.6,49480,
2024-02-27 10:25:00+05:30,302.6,302.8,302.3,302.4,66204,
2024-02-27 10:26:00+05:30,302.4,302.55,302.4,302.4,14870,
2024-02-27 10:27:00+05:30,302.45,302.8,302.35,302.8,56150,
2024-02-27 10:28:00+05:30,302.8,303.25,302.8,303.25,10390,
2024-02-27 10:29:00+05:30,303.25,303.3,302.55,302.7,30580,
2024-02-27 10:30:00+05:30,302.75,303.15,302.7,303.1,6454,
2024-02-27 10:31:00+05:30,303.15,303.3,303.1,303.2,8144,
2024-02-27 10:32:00+05:30,303.3,303.65,303.2,303.6,24502,
2024-02-27 10:33:00+05:30,303.6,303.85,303.6,303.75,49388,
2024-02-27 10:34:00+05:30,303.85,303.95,303.6,303.6,39830,
2024-02-27 10:35:00+05:30,303.7,303.85,303.6,303.85,10794,
2024-02-27 10:36:00+05:30,303.85,304.2,303.75,304.15,51438,
2024-02-27 10:37:00+05:30,304.15,304.15,303.1,303.15,40656,
2024-02-27 10:38:00+05:30,303.15,303.7,303.15,303.6,18418,
2024-02-27 10:39:00+05:30,303.6,303.75,303.6,303.6,11894,
2024-02-27 10:40:00+05:30,303.6,303.75,303.3,303.3,16780,
2024-02-27 10:41:00+05:30,303.3,303.6,303.3,303.6,3842,
2024-02-27 10:42:00+05:30,303.6,303.75,303.6,303.6,6584,
2024-02-27 10:43:00+05:30,303.75,304,303.75,303.8,53816,
2024-02-27 10:44:00+05:30,303.75,304.25,303.75,304.1,20432,
2024-02-27 10:45:00+05:30,304.1,304.65,304.05,304.5,44510,
2024-02-27 10:46:00+05:30,304.5,304.65,304.25,304.5,33390,
2024-02-27 10:47:00+05:30,304.55,304.75,304.5,304.75,24528,
2024-02-27 10:48:00+05:30,304.8,304.8,304.5,304.55,22066,
2024-02-27 10:49:00+05:30,304.6,304.7,304.35,304.55,21438,
2024-02-27 10:50:00+05:30,304.55,304.9,304.45,304.45,29446,
2024-02-27 10:51:00+05:30,304.5,304.95,304.5,304.75,22300,
2024-02-27 10:52:00+05:30,304.75,304.95,304.65,304.75,35268,
2024-02-27 10:53:00+05:30,304.75,304.75,304.35,304.5,17428,
2024-02-27 10:54:00+05:30,304.65,304.65,304.45,304.65,4928,
2024-02-27 10:55:00+05:30,304.65,304.65,304.3,304.45,31172,
2024-02-27 10:56:00+05:30,304.45,304.55,304.35,304.45,8800,
2024-02-27 10:57:00+05:30,304.4,304.55,303.9,303.9,22460,
2024-02-27 10:58:00+05:30,303.8,303.95,303.75,303.95,37822,
2024-02-27 10:59:00+05:30,303.95,304.25,303.95,304.15,20058,
2024-02-27 11:00:00+05:30,304.15,304.25,303.8,303.85,12502,
2024-02-27 11:01:00+05:30,303.85,303.95,303.85,303.85,11896,
2024-02-27 11:02:00+05:30,303.85,304.25,303.85,304.25,22104,
2024-02-27 11:03:00+05:30,304.25,304.35,304.15,304.25,10896,
2024-02-27 11:04:00+05:30,304.25,304.5,304.25,304.5,11004,
2024-02-27 11:05:00+05:30,304.55,304.55,304.1,304.15,17306,
2024-02-27 11:06:00+05:30,304.15,304.25,303.85,303.85,17334,
2024-02-27 11:07:00+05:30,304,304,303.85,303.9,6702,
2024-02-27 11:08:00+05:30,304,304.25,303.85,303.95,24960,
2024-02-27 11:09:00+05:30,303.95,304.1,303.9,304.05,16764,
2024-02-27 11:10:00+05:30,304.05,304.2,304.05,304.2,7020,
2024-02-27 11:11:00+05:30,304.2,304.55,304.2,304.4,19234,
2024-02-27 11:12:00+05:30,304.45,304.45,304.2,304.25,14132,
2024-02-27 11:13:00+05:30,304.25,304.45,304.25,304.45,4856,
2024-02-27 11:14:00+05:30,304.45,304.45,304.15,304.25,7074,
2024-02-27 11:15:00+05:30,304.25,304.5,304.25,304.45,9596,
2024-02-27 11:16:00+05:30,304.45,304.45,304.25,304.25,11022,
2024-02-27 11:17:00+05:30,304.35,304.35,304,304,17604,
2024-02-27 11:18:00+05:30,304,304.15,303.65,303.85,30340,
2024-02-27 11:19:00+05:30,303.85,304,303.7,303.7,9648,
2024-02-27 11:20:00+05:30,303.7,303.8,303.35,303.5,21390,
2024-02-27 11:21:00+05:30,303.6,303.65,303.6,303.6,5642,
2024-02-27 11:22:00+05:30,303.6,303.75,303.6,303.75,15138,
2024-02-27 11:23:00+05:30,303.75,304.4,303.75,304.35,17156,
2024-02-27 11:24:00+05:30,304.15,304.5,304.1,304.45,15012,
2024-02-27 11:25:00+05:30,304.45,304.45,303.85,304.15,11990,
2024-02-27 11:26:00+05:30,304.15,304.75,304.15,304.7,28790,
2024-02-27 11:27:00+05:30,304.7,305.2,304.65,304.95,60064,
2024-02-27 11:28:00+05:30,305.05,305.1,304.7,304.7,28214,
2024-02-27 11:29:00+05:30,304.75,304.85,304.55,304.55,17118,
2024-02-27 11:30:00+05:30,304.6,304.75,304.6,304.75,3668,
2024-02-27 11:31:00+05:30,304.75,304.75,304.65,304.65,11812,
2024-02-27 11:32:00+05:30,304.55,304.65,304.4,304.55,15092,
2024-02-27 11:33:00+05:30,304.6,304.75,304.45,304.55,19404,
2024-02-27 11:34:00+05:30,304.65,305.1,304.6,305.05,22814,
2024-02-27 11:35:00+05:30,304.9,305.05,304.65,304.75,34714,
2024-02-27 11:36:00+05:30,304.75,304.75,304.65,304.65,6206,
2024-02-27 11:37:00+05:30,304.65,304.7,304.25,304.35,21094,
2024-02-27 11:38:00+05:30,304.25,304.6,304.25,304.45,9128,
2024-02-27 11:39:00+05:30,304.45,304.6,304.15,304.15,24234,
2024-02-27 11:40:00+05:30,304.15,304.15,303.35,303.45,39716,
2024-02-27 11:41:00+05:30,303.4,303.85,303.4,303.75,21720,
2024-02-27 11:42:00+05:30,303.75,303.75,303.6,303.75,17492,
2024-02-27 11:43:00+05:30,303.75,303.85,303.55,303.85,19054,
2024-02-27 11:44:00+05:30,303.8,304.05,303.8,303.95,9036,
2024-02-27 11:45:00+05:30,303.95,304,303.75,303.75,13974,
2024-02-27 11:46:00+05:30,303.7,303.75,303.1,303.15,34966,
2024-02-27 11:47:00+05:30,303.15,303.3,303.05,303.2,17736,
2024-02-27 11:48:00+05:30,303.2,303.2,302.8,303,38816,
2024-02-27 11:49:00+05:30,303,303.15,302.8,302.9,9282,
2024-02-27 11:50:00+05:30,302.9,303.05,302.8,302.9,25750,
2024-02-27 11:51:00+05:30,302.9,303,302.35,302.5,38432,
2024-02-27 11:52:00+05:30,302.5,302.6,302.05,302.3,90576,
2024-02-27 11:53:00+05:30,302.2,302.3,302.05,302.1,25398,
2024-02-27 11:54:00+05:30,302.2,302.2,301.7,301.8,59454,
2024-02-27 11:55:00+05:30,301.7,301.75,301.35,301.55,49580,
2024-02-27 11:56:00+05:30,301.5,301.5,300.55,301.35,129488,
2024-02-27 11:57:00+05:30,301.35,301.35,301.15,301.2,37016,
2024-02-27 11:58:00+05:30,301.2,301.7,301.2,301.4,57086,
2024-02-27 11:59:00+05:30,301.45,301.45,301.2,301.35,26510,
2024-02-27 12:00:00+05:30,301.35,301.45,301.25,301.45,15006,
2024-02-27 12:01:00+05:30,301.45,301.75,301.3,301.75,61218,
2024-02-27 12:02:00+05:30,301.5,301.65,301.3,301.35,32574,
2024-02-27 12:03:00+05:30,301.35,301.45,301.35,301.35,16744,
2024-02-27 12:04:00+05:30,301.35,301.35,301,301.05,31924,
2024-02-27 12:05:00+05:30,301.05,301.1,300.4,300.5,57652,
2024-02-27 12:06:00+05:30,300.5,301.3,300.5,301.15,21652,
2024-02-27 12:07:00+05:30,301.25,301.25,301.1,301.15,9230,
2024-02-27 12:08:00+05:30,301.15,301.45,300.85,300.95,47372,
2024-02-27 12:09:00+05:30,300.95,300.95,300.55,300.75,32118,
2024-02-27 12:10:00+05:30,300.75,301,300.65,300.85,43118,
2024-02-27 12:11:00+05:30,300.85,300.85,300.5,300.65,18838,
2024-02-27 12:12:00+05:30,300.65,300.65,300.4,300.5,18002,
2024-02-27 12:13:00+05:30,300.55,300.85,300.5,300.85,37042,
2024-02-27 12:14:00+05:30,300.8,300.95,300.75,300.85,13864,
2024-02-27 12:15:00+05:30,300.85,301.6,300.85,301.35,59134,
2024-02-27 12:16:00+05:30,301.25,301.35,301,301.15,22004,
2024-02-27 12:17:00+05:30,301.35,301.35,301.1,301.15,20340,
2024-02-27 12:18:00+05:30,301.15,301.15,301.15,301.15,7974,
2024-02-27 12:19:00+05:30,301.15,301.2,301.1,301.15,13872,
2024-02-27 12:20:00+05:30,301.15,301.25,301.1,301.25,9350,
2024-02-27 12:21:00+05:30,301.25,301.6,301.2,301.5,18784,
2024-02-27 12:22:00+05:30,301.35,301.6,301.3,301.35,13102,
2024-02-27 12:23:00+05:30,301.35,301.55,301.35,301.55,13004,
2024-02-27 12:24:00+05:30,301.55,301.75,301.55,301.65,14678,
2024-02-27 12:25:00+05:30,301.75,301.75,301.6,301.65,18712,
2024-02-27 12:26:00+05:30,301.65,301.75,301.65,301.75,18652,
2024-02-27 12:27:00+05:30,301.75,301.75,301.55,301.7,7752,
2024-02-27 12:28:00+05:30,301.65,301.65,301.35,301.35,18326,
2024-02-27 12:29:00+05:30,301.45,301.45,301.1,301.1,14700,
2024-02-27 12:30:00+05:30,301.15,301.25,301.05,301.25,17120,
2024-02-27 12:31:00+05:30,301.25,301.25,301.1,301.25,12012,
2024-02-27 12:32:00+05:30,301.25,301.4,301.25,301.35,9000,
2024-02-27 12:33:00+05:30,301.35,301.35,301.25,301.25,12536,
2024-02-27 12:34:00+05:30,301.25,301.25,300.85,300.85,35902,
2024-02-27 12:35:00+05:30,300.85,301.25,300.85,301.25,12800,
2024-02-27 12:36:00+05:30,301.25,301.55,301.2,301.55,13744,
2024-02-27 12:37:00+05:30,301.55,301.75,301.45,301.6,22354,
2024-02-27 12:38:00+05:30,301.6,301.65,301.5,301.65,12460,
2024-02-27 12:39:00+05:30,301.65,301.65,301.5,301.55,11452,
2024-02-27 12:40:00+05:30,301.55,301.75,301.5,301.65,16390,
2024-02-27 12:41:00+05:30,301.65,301.75,301.35,301.35,11532,
2024-02-27 12:42:00+05:30,301.45,301.7,301.35,301.55,25218,
2024-02-27 12:43:00+05:30,301.55,301.55,301.45,301.45,5604,
2024-02-27 12:44:00+05:30,301.45,301.45,300.6,300.85,150804,
2024-02-27 12:45:00+05:30,300.75,301.35,300.75,301.25,18050,
2024-02-27 12:46:00+05:30,301.25,301.25,301.15,301.25,3416,
2024-02-27 12:47:00+05:30,301.25,301.35,301.25,301.3,7026,
2024-02-27 12:48:00+05:30,301.35,301.45,301.25,301.45,24212,
2024-02-27 12:49:00+05:30,301.45,301.6,301.45,301.45,15222,
2024-02-27 12:50:00+05:30,301.45,301.65,301.45,301.65,12200,
2024-02-27 12:51:00+05:30,301.65,301.7,301.6,301.7,8932,
2024-02-27 12:52:00+05:30,301.7,301.75,301.55,301.55,13370,
2024-02-27 12:53:00+05:30,301.55,301.65,301.5,301.65,11860,
2024-02-27 12:54:00+05:30,301.65,301.7,301.6,301.65,9702,
2024-02-27 12:55:00+05:30,301.65,301.65,301.6,301.65,7204,
2024-02-27 12:56:00+05:30,301.65,301.75,301.6,301.6,28518,
2024-02-27 12:57:00+05:30,301.65,301.65,301.35,301.4,13028,
2024-02-27 12:58:00+05:30,301.45,301.55,301.4,301.55,8540,
2024-02-27 12:59:00+05:30,301.45,301.55,301.4,301.45,8236,
2024-02-27 13:00:00+05:30,301.55,301.65,301.2,301.35,14712,
2024-02-27 13:01:00+05:30,301.35,301.45,301.05,301.05,12666,
2024-02-27 13:02:00+05:30,301.1,301.45,301.05,301.25,16416,
2024-02-27 13:03:00+05:30,301.2,301.25,301.05,301.15,7808,
2024-02-27 13:04:00+05:30,301.15,301.35,301.1,301.3,9932,
2024-02-27 13:05:00+05:30,301.3,301.3,300.95,301.1,26252,
2024-02-27 13:06:00+05:30,301.1,301.25,301.05,301.15,7282,
2024-02-27 13:07:00+05:30,301.25,301.25,300.75,300.8,22544,
2024-02-27 13:08:00+05:30,300.8,300.95,300.55,300.65,27114,
2024-02-27 13:09:00+05:30,300.65,300.75,300.55,300.55,12600,
2024-02-27 13:10:00+05:30,300.6,300.6,300.4,300.4,46686,
2024-02-27 13:11:00+05:30,300.4,300.7,300.4,300.7,35644,
2024-02-27 13:12:00+05:30,300.65,300.85,300.5,300.65,19446,
2024-02-27 13:13:00+05:30,300.7,300.75,300.6,300.65,8222,
2024-02-27 13:14:00+05:30,300.65,300.9,300.65,300.85,22036,
2024-02-27 13:15:00+05:30,300.85,301.25,300.85,301.15,53038,
2024-02-27 13:16:00+05:30,301.15,302.1,301.1,301.55,184376,
2024-02-27 13:17:00+05:30,301.5,302.05,301.5,302.05,34022,
2024-02-27 13:18:00+05:30,302.05,302.5,301.95,302.3,55550,
2024-02-27 13:19:00+05:30,302.4,302.7,302.3,302.7,29330,
2024-02-27 13:20:00+05:30,302.7,303.1,302.6,303.1,53908,
2024-02-27 13:21:00+05:30,303.05,303.1,302.9,302.95,23694,
2024-02-27 13:22:00+05:30,302.8,303.15,302.8,302.95,33516,
2024-02-27 13:23:00+05:30,303,303.1,302.9,303,16060,
2024-02-27 13:24:00+05:30,303,303,302.8,302.8,23936,
2024-02-27 13:25:00+05:30,302.7,302.8,302.5,302.5,19998,
2024-02-27 13:26:00+05:30,302.5,302.55,302.05,302.05,22566,
2024-02-27 13:27:00+05:30,302.1,302.5,302.05,302.5,26168,
2024-02-27 13:28:00+05:30,302.5,302.5,302.1,302.15,9596,
2024-02-27 13:29:00+05:30,302.1,302.15,301.85,301.85,38972,
2024-02-27 13:30:00+05:30,301.85,302.2,301.85,302.15,16870,
2024-02-27 13:31:00+05:30,302.2,302.3,302.15,302.25,11532,
2024-02-27 13:32:00+05:30,302.25,302.5,302.05,302.2,45386,
2024-02-27 13:33:00+05:30,302.2,302.3,302.1,302.25,14558,
2024-02-27 13:34:00+05:30,302.2,302.4,302.15,302.2,18638,
2024-02-27 13:35:00+05:30,302.3,302.4,302.2,302.35,4792,
2024-02-27 13:36:00+05:30,302.35,302.35,302.1,302.15,7246,
2024-02-27 13:37:00+05:30,302.15,302.15,302.05,302.05,12406,
2024-02-27 13:38:00+05:30,302.05,302.3,301.85,302.25,23150,
2024-02-27 13:39:00+05:30,302.3,302.6,302.3,302.5,28512,
2024-02-27 13:40:00+05:30,302.5,302.55,301.95,302.3,18760,
2024-02-27 13:41:00+05:30,302.3,302.3,302.1,302.15,6374,
2024-02-27 13:42:00+05:30,302.15,302.3,301.75,301.9,48904,
2024-02-27 13:43:00+05:30,301.75,302.25,301.75,302.25,56410,
2024-02-27 13:44:00+05:30,302.25,302.25,301.85,302.1,88430,
2024-02-27 13:45:00+05:30,302.1,302.1,301.85,301.85,52308,
2024-02-27 13:46:00+05:30,301.85,301.95,301.65,301.85,82420,
2024-02-27 13:47:00+05:30,301.9,301.95,301.75,301.9,179674,
2024-02-27 13:48:00+05:30,301.9,301.95,301.75,301.95,120582,
2024-02-27 13:49:00+05:30,301.95,302.05,301.25,301.45,174280,
2024-02-27 13:50:00+05:30,301.6,301.6,301.05,301.15,32636,
2024-02-27 13:51:00+05:30,301.2,301.85,301.15,301.5,51250,
2024-02-27 13:52:00+05:30,301.5,301.65,301.35,301.55,13106,
2024-02-27 13:53:00+05:30,301.55,301.55,300.9,301.25,37232,
2024-02-27 13:54:00+05:30,301.3,301.3,300.75,300.75,20610,
2024-02-27 13:55:00+05:30,300.85,300.85,299.85,299.9,109736,
2024-02-27 13:56:00+05:30,299.8,299.95,299,299.3,112764,
2024-02-27 13:57:00+05:30,299.3,300,299.2,299.8,46528,
2024-02-27 13:58:00+05:30,299.8,300.1,299.7,300,22148,
2024-02-27 13:59:00+05:30,300,300.3,299.9,300.3,21020,
2024-02-27 14:00:00+05:30,300.3,300.3,299.25,299.25,54646,
2024-02-27 14:01:00+05:30,299.4,299.6,298.85,298.9,59084,
2024-02-27 14:02:00+05:30,298.9,299.7,298.9,299.6,27814,
2024-02-27 14:03:00+05:30,299.55,299.65,299.1,299.4,45462,
2024-02-27 14:04:00+05:30,299.4,299.5,299.25,299.3,23024,
2024-02-27 14:05:00+05:30,299.5,299.6,299.1,299.4,37500,
2024-02-27 14:06:00+05:30,299.4,299.9,299.4,299.7,17692,
2024-02-27 14:07:00+05:30,299.8,299.8,299.4,299.4,14132,
2024-02-27 14:08:00+05:30,299.45,299.6,299.15,299.35,15322,
2024-02-27 14:09:00+05:30,299.3,299.55,299.2,299.5,22192,
2024-02-27 14:10:00+05:30,299.55,299.55,299.15,299.2,32498,
2024-02-27 14:11:00+05:30,299.2,299.3,299.05,299.05,18648,
2024-02-27 14:12:00+05:30,299.2,299.3,298.6,298.9,43614,
2024-02-27 14:13:00+05:30,298.85,299,298.8,298.95,76678,
2024-02-27 14:14:00+05:30,298.95,299.2,298.75,298.8,32820,
2024-02-27 14:15:00+05:30,298.8,299.2,298.8,299.15,42174,
2024-02-27 14:16:00+05:30,299.15,299.5,299.05,299.15,20812,
2024-02-27 14:17:00+05:30,299.2,299.2,299.1,299.15,10630,
2024-02-27 14:18:00+05:30,299.2,299.6,299.2,299.5,12838,
2024-02-27 14:19:00+05:30,299.5,299.6,299.4,299.4,12712,
2024-02-27 14:20:00+05:30,299.4,299.55,299.4,299.4,8568,
2024-02-27 14:21:00+05:30,299.45,299.6,299.4,299.6,9752,
2024-02-27 14:22:00+05:30,299.6,299.9,299.6,299.8,61286,
2024-02-27 14:23:00+05:30,299.8,299.9,299.8,299.8,25570,
2024-02-27 14:24:00+05:30,299.9,299.9,299.6,299.6,62420,
2024-02-27 14:25:00+05:30,299.6,299.75,299.5,299.75,24596,
2024-02-27 14:26:00+05:30,299.75,299.75,299.6,299.6,15516,
2024-02-27 14:27:00+05:30,299.7,299.75,299.65,299.7,11816,
2024-02-27 14:28:00+05:30,299.75,299.9,299.75,299.9,24618,
2024-02-27 14:29:00+05:30,299.9,299.9,299.8,299.9,48246,
2024-02-27 14:30:00+05:30,299.9,299.9,299.75,299.75,13362,
2024-02-27 14:31:00+05:30,299.85,299.9,299.85,299.9,26176,
2024-02-27 14:32:00+05:30,299.9,299.9,299.7,299.8,38168,
2024-02-27 14:33:00+05:30,299.8,299.9,299.8,299.9,33166,
2024-02-27 14:34:00+05:30,299.9,299.9,299.9,299.9,130934,
2024-02-27 14:35:00+05:30,299.9,300,299.8,300,85978,
2024-02-27 14:36:00+05:30,300.35,301.85,300.15,301.25,336418,
2024-02-27 14:37:00+05:30,301.25,301.65,300.65,300.85,192694,
2024-02-27 14:38:00+05:30,300.75,300.75,300.2,300.4,14120,
2024-02-27 14:39:00+05:30,300.3,300.5,300.25,300.4,18634,
2024-02-27 14:40:00+05:30,300.5,301.1,300.4,301.1,27380,
2024-02-27 14:41:00+05:30,301.05,301.35,300.85,300.85,152674,
2024-02-27 14:42:00+05:30,300.85,300.85,300.7,300.75,78620,
2024-02-27 14:43:00+05:30,300.85,300.85,300.75,300.85,46404,
2024-02-27 14:44:00+05:30,300.85,301.25,300.85,300.85,34174,
2024-02-27 14:45:00+05:30,300.95,300.95,300.85,300.85,8230,
2024-02-27 14:46:00+05:30,300.9,301.3,300.85,301.15,32816,
2024-02-27 14:47:00+05:30,301.2,301.3,301.15,301.25,15466,
2024-02-27 14:48:00+05:30,301.2,301.45,301.2,301.45,25684,
2024-02-27 14:49:00+05:30,301.4,302.05,301.35,301.55,46996,
2024-02-27 14:50:00+05:30,301.6,301.6,300.95,301.3,21642,
2024-02-27 14:51:00+05:30,301.2,301.65,301.1,301.55,37522,
2024-02-27 14:52:00+05:30,301.55,301.7,301.35,301.45,24826,
2024-02-27 14:53:00+05:30,301.5,301.55,301.35,301.4,18838,
2024-02-27 14:54:00+05:30,301.45,301.45,301.25,301.25,7334,
2024-02-27 14:55:00+05:30,301.25,301.35,301.1,301.35,25422,
2024-02-27 14:56:00+05:30,301.35,301.85,301.35,301.6,36310,
2024-02-27 14:57:00+05:30,301.45,301.85,301.45,301.85,22712,
2024-02-27 14:58:00+05:30,301.85,302.3,301.85,302.1,39972,
2024-02-27 14:59:00+05:30,302.05,302.3,302.05,302.3,41232,
2024-02-27 15:00:00+05:30,302.2,302.55,302.05,302.4,55968,
2024-02-27 15:01:00+05:30,302.4,302.9,302.3,302.5,82402,
2024-02-27 15:02:00+05:30,302.5,302.75,302.5,302.6,29158,
2024-02-27 15:03:00+05:30,302.6,302.6,301.95,302,44894,
2024-02-27 15:04:00+05:30,302.05,302.3,302.05,302.2,57690,
2024-02-27 15:05:00+05:30,302.1,302.8,302.1,302.8,57948,
2024-02-27 15:06:00+05:30,302.7,302.8,302.5,302.8,50142,
2024-02-27 15:07:00+05:30,302.8,302.9,302.45,302.5,50828,
2024-02-27 15:08:00+05:30,302.5,302.5,302.3,302.4,26674,
2024-02-27 15:09:00+05:30,302.4,302.85,302.4,302.75,57224,
2024-02-27 15:10:00+05:30,302.7,302.9,302.7,302.85,41580,
2024-02-27 15:11:00+05:30,302.85,302.9,302.8,302.85,43308,
2024-02-27 15:12:00+05:30,302.9,302.9,302.8,302.85,40432,
2024-02-27 15:13:00+05:30,302.85,303.45,302.8,303.45,134548,
2024-02-27 15:14:00+05:30,303.4,303.5,303.25,303.3,141228,
2024-02-27 15:15:00+05:30,303.3,303.4,303.2,303.25,141030,
2024-02-27 15:16:00+05:30,303.25,303.4,303.05,303.3,135144,
2024-02-27 15:17:00+05:30,303.2,303.3,303.05,303.3,103692,
2024-02-27 15:18:00+05:30,303.3,303.3,302.65,302.7,105606,
2024-02-27 15:19:00+05:30,302.7,302.8,302.55,302.6,58438,
2024-02-27 15:20:00+05:30,302.6,302.95,302.45,302.7,100528,
2024-02-27 15:21:00+05:30,302.8,302.8,302.4,302.55,38914,
2024-02-27 15:22:00+05:30,302.55,303.1,302.5,303.1,39746,
2024-02-27 15:23:00+05:30,303.05,303.1,302.6,302.8,38096,
2024-02-27 15:24:00+05:30,302.8,303,302.8,303,40124,
2024-02-27 15:25:00+05:30,303,303,302.7,302.7,63872,
2024-02-27 15:26:00+05:30,302.7,302.75,302.05,302.3,43696,
2024-02-27 15:27:00+05:30,302.3,302.9,302.2,302.6,35908,
2024-02-27 15:28:00+05:30,302.6,302.8,302.3,302.5,33208,
2024-02-27 15:29:00+05:30,302.5,302.8,301.95,301.95,9894,
2024-02-28 09:15:00+05:30,302.6,302.7,301.05,301.75,72812,
2024-02-28 09:16:00+05:30,301.75,301.85,300.95,301.8,48128,
2024-02-28 09:17:00+05:30,301.65,302.3,301.65,301.85,43740,
2024-02-28 09:18:00+05:30,301.8,302.4,301.55,302.3,40028,
2024-02-28 09:19:00+05:30,302.3,302.8,301.95,301.95,36626,
2024-02-28 09:20:00+05:30,302.05,302.1,300.85,301,73966,
2024-02-28 09:21:00+05:30,301.15,302.2,300.85,302.1,78800,
2024-02-28 09:22:00+05:30,302.3,302.65,302.05,302.65,73498,
2024-02-28 09:23:00+05:30,302.55,303.05,302.55,302.95,148020,
2024-02-28 09:24:00+05:30,302.9,303.1,302.8,302.8,27938,
2024-02-28 09:25:00+05:30,302.9,302.9,301.95,301.95,44038,
2024-02-28 09:26:00+05:30,302,302.3,301.85,302,42358,
2024-02-28 09:27:00+05:30,301.9,302.05,301.45,301.5,24572,
2024-02-28 09:28:00+05:30,301.65,301.65,301.4,301.4,17450,
2024-02-28 09:29:00+05:30,301.4,301.45,300.5,300.95,71992,
2024-02-28 09:30:00+05:30,300.95,301.25,300.5,300.75,48136,
2024-02-28 09:31:00+05:30,300.75,301.2,300.6,301.05,35224,
2024-02-28 09:32:00+05:30,301.05,301.6,300.85,301.25,41848,
2024-02-28 09:33:00+05:30,301.15,301.85,301.15,301.65,36106,
2024-02-28 09:34:00+05:30,301.45,301.55,301.35,301.45,10082,
2024-02-28 09:35:00+05:30,301.45,301.55,300.65,300.65,23952,
2024-02-28 09:36:00+05:30,300.6,300.9,300.55,300.65,49628,
2024-02-28 09:37:00+05:30,300.45,300.95,300.35,300.4,108128,
2024-02-28 09:38:00+05:30,300.55,301.05,300.4,300.7,44010,
2024-02-28 09:39:00+05:30,300.8,301.05,300.65,300.8,17000,
2024-02-28 09:40:00+05:30,300.75,300.85,300.1,300.3,40162,
2024-02-28 09:41:00+05:30,300.2,300.55,299.9,300.3,94736,
2024-02-28 09:42:00+05:30,300.3,300.75,300.15,300.75,68086,
2024-02-28 09:43:00+05:30,300.75,300.75,300.4,300.5,42058,
2024-02-28 09:44:00+05:30,300.55,300.75,300.5,300.6,13548,
2024-02-28 09:45:00+05:30,300.65,300.8,300.4,300.8,29912,
2024-02-28 09:46:00+05:30,300.8,301.85,300.75,301.35,91112,
2024-02-28 09:47:00+05:30,301.4,301.45,300.75,300.85,18490,
2024-02-28 09:48:00+05:30,300.85,301.45,300.85,301.2,49886,
2024-02-28 09:49:00+05:30,301.2,301.35,301,301.1,5234,
2024-02-28 09:50:00+05:30,301.1,301.2,300.75,300.95,11692,
2024-02-28 09:51:00+05:30,300.8,300.95,300.75,300.95,7368,
2024-02-28 09:52:00+05:30,300.85,300.95,300.85,300.95,10858,
2024-02-28 09:53:00+05:30,300.85,300.85,300.5,300.75,29630,
2024-02-28 09:54:00+05:30,300.75,300.95,300.55,300.55,15082,
2024-02-28 09:55:00+05:30,300.6,300.85,300.55,300.7,7016,
2024-02-28 09:56:00+05:30,300.7,300.7,300.15,300.2,33912,
2024-02-28 09:57:00+05:30,300.3,300.3,300.15,300.15,50610,
2024-02-28 09:58:00+05:30,300.15,300.15,299.65,299.9,50384,
2024-02-28 09:59:00+05:30,299.9,299.9,299.65,299.8,24580,
2024-02-28 10:00:00+05:30,299.8,299.8,299.2,299.3,64588,
2024-02-28 10:01:00+05:30,299.45,300.15,299.2,300.15,36818,
2024-02-28 10:02:00+05:30,300.15,300.15,299.6,299.7,14064,
2024-02-28 10:03:00+05:30,299.6,299.9,299.6,299.8,13344,
2024-02-28 10:04:00+05:30,299.8,300.15,299.6,300.15,32734,
2024-02-28 10:05:00+05:30,300.15,300.15,299.8,299.95,20664,
2024-02-28 10:06:00+05:30,299.95,300.25,299.75,300.15,36524,
2024-02-28 10:07:00+05:30,300.15,300.85,300.1,300.85,56448,
2024-02-28 10:08:00+05:30,300.75,300.75,300.2,300.55,20884,
2024-02-28 10:09:00+05:30,300.55,300.55,300.4,300.5,12620,
2024-02-28 10:10:00+05:30,300.5,300.65,300.4,300.5,20452,
2024-02-28 10:11:00+05:30,300.5,300.85,300.5,300.75,19126,
2024-02-28 10:12:00+05:30,300.75,300.75,300.05,300.4,18610,
2024-02-28 10:13:00+05:30,300.4,300.55,300.3,300.5,8516,
2024-02-28 10:14:00+05:30,300.5,301.1,300.4,301.05,19100,
2024-02-28 10:15:00+05:30,300.95,301.35,300.95,301.3,36538,
2024-02-28 10:16:00+05:30,301.3,301.55,301.15,301.55,47958,
2024-02-28 10:17:00+05:30,301.55,301.55,301.2,301.35,26636,
2024-02-28 10:18:00+05:30,301.25,301.35,301.05,301.05,11870,
2024-02-28 10:19:00+05:30,301.1,301.25,300.95,300.95,10342,
2024-02-28 10:20:00+05:30,301.05,301.1,300.85,300.9,11838,
2024-02-28 10:21:00+05:30,300.95,301.35,300.9,301.25,24062,
2024-02-28 10:22:00+05:30,301.25,301.35,301.15,301.15,16804,
2024-02-28 10:23:00+05:30,301.15,301.3,300.85,300.85,7454,
2024-02-28 10:24:00+05:30,300.95,300.95,300.5,300.5,18610,
2024-02-28 10:25:00+05:30,300.5,300.85,300.5,300.75,23160,
2024-02-28 10:26:00+05:30,300.75,301.2,300.75,301.1,11884,
2024-02-28 10:27:00+05:30,301.2,301.25,300.85,300.85,11994,
2024-02-28 10:28:00+05:30,300.85,301.3,300.7,300.7,21422,
2024-02-28 10:29:00+05:30,300.7,301.15,300.7,301.15,3522,
2024-02-28 10:30:00+05:30,301.15,301.15,300.75,300.75,7414,
2024-02-28 10:31:00+05:30,300.75,300.85,300.45,300.5,18740,
2024-02-28 10:32:00+05:30,300.5,300.5,300.1,300.4,13260,
2024-02-28 10:33:00+05:30,300.55,300.65,300.2,300.2,10862,
2024-02-28 10:34:00+05:30,300.2,300.4,299.9,300.2,23308,
2024-02-28 10:35:00+05:30,300.35,300.35,300,300.2,12034,
2024-02-28 10:36:00+05:30,300.15,300.55,300.1,300.5,21746,
2024-02-28 10:37:00+05:30,300.4,300.65,300.3,300.4,12062,
2024-02-28 10:38:00+05:30,300.3,300.4,300.1,300.15,18194,
2024-02-28 10:39:00+05:30,300.15,300.3,299.95,299.95,13078,
2024-02-28 10:40:00+05:30,299.9,300.1,299.65,300,32616,
2024-02-28 10:41:00+05:30,300,300.1,299.7,299.9,28774,
2024-02-28 10:42:00+05:30,299.9,299.9,299.75,299.8,8128,
2024-02-28 10:43:00+05:30,299.75,300.6,299.75,300.3,66800,
2024-02-28 10:44:00+05:30,300.3,300.55,299.9,300,7614,
2024-02-28 10:45:00+05:30,300,300.1,299.5,299.7,31986,
2024-02-28 10:46:00+05:30,299.7,299.7,299.35,299.35,47454,
2024-02-28 10:47:00+05:30,299.4,299.4,298.85,298.85,66492,
2024-02-28 10:48:00+05:30,298.9,299.15,298.65,298.75,43706,
2024-02-28 10:49:00+05:30,298.75,299,298.6,298.95,28634,
2024-02-28 10:50:00+05:30,298.85,298.85,298.25,298.75,94608,
2024-02-28 10:51:00+05:30,298.55,298.65,297.95,298.15,71174,
2024-02-28 10:52:00+05:30,297.95,298.35,297.95,298.2,25576,
2024-02-28 10:53:00+05:30,298.2,298.55,298.05,298.15,30152,
2024-02-28 10:54:00+05:30,298,298.2,297.85,298.1,47426,
2024-02-28 10:55:00+05:30,297.95,298.25,297.5,298.15,39320,
2024-02-28 10:56:00+05:30,298.05,298.1,297.65,297.95,17534,
2024-02-28 10:57:00+05:30,297.9,297.95,297.05,297.1,37580,
2024-02-28 10:58:00+05:30,297.1,297.65,296.75,297.55,41746,
2024-02-28 10:59:00+05:30,297.45,297.6,297.1,297.35,39108,
2024-02-28 11:00:00+05:30,297.3,297.45,297,297.35,20972,
2024-02-28 11:01:00+05:30,297.45,297.7,297.25,297.65,36512,
2024-02-28 11:02:00+05:30,297.5,298,297.35,297.9,45302,
2024-02-28 11:03:00+05:30,297.85,297.85,297.45,297.65,19080,
2024-02-28 11:04:00+05:30,297.65,297.65,297.35,297.4,15810,
2024-02-28 11:05:00+05:30,297.4,297.65,297.35,297.55,16528,
2024-02-28 11:06:00+05:30,297.65,297.95,297.55,297.8,27002,
2024-02-28 11:07:00+05:30,297.8,297.95,297.75,297.95,52090,
2024-02-28 11:08:00+05:30,297.85,297.95,297.55,297.95,23152,
2024-02-28 11:09:00+05:30,297.75,297.95,297.75,297.95,95186,
2024-02-28 11:10:00+05:30,297.95,298.35,297.95,298.25,78594,
2024-02-28 11:11:00+05:30,298.25,298.45,298.2,298.4,13118,
2024-02-28 11:12:00+05:30,298.35,298.9,298.35,298.9,33822,
2024-02-28 11:13:00+05:30,298.85,298.9,298.55,298.75,54510,
2024-02-28 11:14:00+05:30,298.75,298.75,297.95,298.15,41740,
2024-02-28 11:15:00+05:30,298.15,298.55,298.15,298.25,37640,
2024-02-28 11:16:00+05:30,298.25,298.75,298.25,298.7,19684,
2024-02-28 11:17:00+05:30,298.7,298.85,298.45,298.45,28892,
2024-02-28 11:18:00+05:30,298.6,298.85,298.55,298.85,33996,
2024-02-28 11:19:00+05:30,298.85,298.85,298.65,298.85,37664,
2024-02-28 11:20:00+05:30,298.85,299.1,298.8,299.1,38948,
2024-02-28 11:21:00+05:30,299.15,299.4,298.9,299,45210,
2024-02-28 11:22:00+05:30,299,299.05,298.65,298.75,20690,
2024-02-28 11:23:00+05:30,298.75,298.85,298.75,298.85,16976,
2024-02-28 11:24:00+05:30,298.8,298.85,298.35,298.55,21268,
2024-02-28 11:25:00+05:30,298.5,298.55,297.95,298.25,18924,
2024-02-28 11:26:00+05:30,298.25,298.25,297.95,298.1,14786,
2024-02-28 11:27:00+05:30,298.1,298.15,297.65,297.75,20096,
2024-02-28 11:28:00+05:30,297.75,298.35,297.75,298.35,24572,
2024-02-28 11:29:00+05:30,298.35,298.45,297.95,298.15,26510,
2024-02-28 11:30:00+05:30,298.15,298.15,297.45,297.8,31908,
2024-02-28 11:31:00+05:30,297.8,298.05,297.65,297.85,26864,
2024-02-28 11:32:00+05:30,297.85,298.4,297.85,298.35,26038,
2024-02-28 11:33:00+05:30,298.35,298.85,298.25,298.85,37210,
2024-02-28 11:34:00+05:30,298.85,298.85,298.45,298.75,70650,
2024-02-28 11:35:00+05:30,298.75,298.75,298.1,298.2,17772,
2024-02-28 11:36:00+05:30,298.2,298.65,298.15,298.65,31502,
2024-02-28 11:37:00+05:30,298.7,298.85,298.5,298.8,48278,
2024-02-28 11:38:00+05:30,298.85,298.85,298.45,298.65,20628,
2024-02-28 11:39:00+05:30,298.6,298.75,298.6,298.75,8320,
2024-02-28 11:40:00+05:30,298.75,298.75,298.3,298.35,14612,
2024-02-28 11:41:00+05:30,298.45,298.45,297.55,297.75,47496,
2024-02-28 11:42:00+05:30,297.7,297.85,297.55,297.65,24850,
2024-02-28 11:43:00+05:30,297.75,297.75,297.45,297.55,57384,
2024-02-28 11:44:00+05:30,297.45,297.55,296.95,296.95,37940,
2024-02-28 11:45:00+05:30,297,297.2,296.9,297.2,33102,
2024-02-28 11:46:00+05:30,297.2,297.2,296.8,297,36674,
2024-02-28 11:47:00+05:30,297,297.35,297,297.3,49018,
2024-02-28 11:48:00+05:30,297.35,297.55,297.3,297.45,27800,
2024-02-28 11:49:00+05:30,297.45,297.55,297.3,297.35,26652,
2024-02-28 11:50:00+05:30,297.35,297.85,297.35,297.8,44706,
2024-02-28 11:51:00+05:30,297.75,297.8,297.45,297.55,19686,
2024-02-28 11:52:00+05:30,297.55,297.6,297.05,297.1,20400,
2024-02-28 11:53:00+05:30,297.1,297.3,296.75,296.8,49710,
2024-02-28 11:54:00+05:30,296.8,297.25,296.75,297.15,30302,
2024-02-28 11:55:00+05:30,297,297.35,296.9,297.2,18382,
2024-02-28 11:56:00+05:30,297.2,297.3,297.15,297.2,7148,
2024-02-28 11:57:00+05:30,297.2,297.3,297.1,297.3,10790,
2024-02-28 11:58:00+05:30,297.3,297.3,297.15,297.2,11020,
2024-02-28 11:59:00+05:30,297.2,297.3,296.95,297.2,27410,
2024-02-28 12:00:00+05:30,297.2,297.25,297.2,297.25,7330,
2024-02-28 12:01:00+05:30,297.2,297.25,296.6,296.95,36960,
2024-02-28 12:02:00+05:30,296.95,297.3,296.95,297.15,16750,
2024-02-28 12:03:00+05:30,297.15,297.3,297.1,297.3,8940,
2024-02-28 12:04:00+05:30,297.3,297.3,296.8,297,29398,
2024-02-28 12:05:00+05:30,297,297.05,296.6,296.75,21410,
2024-02-28 12:06:00+05:30,296.7,296.9,296.7,296.75,25512,
2024-02-28 12:07:00+05:30,296.8,297,296.7,296.9,14758,
2024-02-28 12:08:00+05:30,296.9,297,296.6,296.95,25962,
2024-02-28 12:09:00+05:30,296.95,297,296.5,296.6,24252,
2024-02-28 12:10:00+05:30,296.6,296.95,296.55,296.9,13704,
2024-02-28 12:11:00+05:30,296.9,296.9,296.65,296.7,15230,
2024-02-28 12:12:00+05:30,296.75,296.95,296.7,296.9,21888,
2024-02-28 12:13:00+05:30,296.9,296.9,296.65,296.9,17688,
2024-02-28 12:14:00+05:30,296.9,296.9,296.8,296.8,6930,
2024-02-28 12:15:00+05:30,296.9,297.05,296.9,297.05,31716,
2024-02-28 12:16:00+05:30,297.2,297.25,296.75,296.9,32708,
2024-02-28 12:17:00+05:30,296.9,296.95,296.7,296.8,24450,
2024-02-28 12:18:00+05:30,296.8,296.9,296.5,296.8,27254,
2024-02-28 12:19:00+05:30,296.75,296.9,296.6,296.8,18714,
2024-02-28 12:20:00+05:30,296.9,297.1,296.8,297,17834,
2024-02-28 12:21:00+05:30,297,297.35,297,297.35,16792,
2024-02-28 12:22:00+05:30,297.35,297.35,297.3,297.3,17582,
2024-02-28 12:23:00+05:30,297.3,297.3,297.1,297.25,27536,
2024-02-28 12:24:00+05:30,297.25,297.7,297.2,297.45,53896,
2024-02-28 12:25:00+05:30,297.45,297.45,297,297.35,21270,
2024-02-28 12:26:00+05:30,297.35,297.35,297.05,297.2,37298,
2024-02-28 12:27:00+05:30,296.75,297.2,296.7,297.1,25596,
2024-02-28 12:28:00+05:30,297.1,297.2,297.1,297.2,15538,
2024-02-28 12:29:00+05:30,297.2,297.3,297.2,297.3,21544,
2024-02-28 12:30:00+05:30,297.3,297.35,297,297.05,24308,
2024-02-28 12:31:00+05:30,297.1,297.1,296.75,296.9,28800,
2024-02-28 12:32:00+05:30,296.9,297.35,296.9,297.35,73212,
2024-02-28 12:33:00+05:30,297.35,297.45,297.35,297.45,26434,
2024-02-28 12:34:00+05:30,297.45,297.45,296.95,297.1,23776,
2024-02-28 12:35:00+05:30,297.1,297.1,296.7,296.8,18776,
2024-02-28 12:36:00+05:30,296.8,297.1,296.7,297,17394,
2024-02-28 12:37:00+05:30,297,297.1,297,297.1,11160,
2024-02-28 12:38:00+05:30,297.1,297.1,296.95,297,14486,
2024-02-28 12:39:00+05:30,297,297.2,296.95,297.2,28692,
2024-02-28 12:40:00+05:30,297.2,297.45,297.2,297.45,10546,
2024-02-28 12:41:00+05:30,297.4,297.45,297.3,297.4,28912,
2024-02-28 12:42:00+05:30,297.4,297.75,297.35,297.75,33224,
2024-02-28 12:43:00+05:30,297.75,297.95,297.65,297.95,33094,
2024-02-28 12:44:00+05:30,297.9,298.35,297.9,298.35,30760,
2024-02-28 12:45:00+05:30,298.35,298.55,298.3,298.55,42352,
2024-02-28 12:46:00+05:30,298.55,298.6,298.05,298.15,24098,
2024-02-28 12:47:00+05:30,298.15,298.25,298.05,298.2,14380,
2024-02-28 12:48:00+05:30,298.25,298.4,298.2,298.3,15190,
2024-02-28 12:49:00+05:30,298.35,298.55,298.3,298.5,18168,
2024-02-28 12:50:00+05:30,298.45,298.85,298.45,298.85,35022,
2024-02-28 12:51:00+05:30,298.9,299.3,298.75,299.1,54152,
2024-02-28 12:52:00+05:30,299.1,299.1,298.75,299,18460,
2024-02-28 12:53:00+05:30,298.9,299.1,298.9,299.1,12024,
2024-02-28 12:54:00+05:30,299.1,299.1,298.5,298.55,29958,
2024-02-28 12:55:00+05:30,298.45,298.85,298.45,298.45,20898,
2024-02-28 12:56:00+05:30,298.45,298.55,298.1,298.3,33384,
2024-02-28 12:57:00+05:30,298.2,298.2,298,298.15,22362,
2024-02-28 12:58:00+05:30,298.15,298.15,297.45,297.75,35754,
2024-02-28 12:59:00+05:30,297.75,297.75,297.5,297.65,27878,
2024-02-28 13:00:00+05:30,297.6,297.65,297.3,297.3,25624,
2024-02-28 13:01:00+05:30,297.3,297.45,297.05,297.2,35560,
2024-02-28 13:02:00+05:30,297.3,297.75,297.3,297.6,33952,
2024-02-28 13:03:00+05:30,297.55,297.55,297.35,297.4,24626,
2024-02-28 13:04:00+05:30,297.4,297.4,297.1,297.2,28266,
2024-02-28 13:05:00+05:30,297.15,297.2,296.8,297.1,37010,
2024-02-28 13:06:00+05:30,297.1,297.1,296.75,296.8,37676,
2024-02-28 13:07:00+05:30,296.8,296.8,295.8,295.9,88174,
2024-02-28 13:08:00+05:30,295.9,296.45,295.9,296.4,50142,
2024-02-28 13:09:00+05:30,296.4,296.9,296.3,296.9,27122,
2024-02-28 13:10:00+05:30,296.75,296.95,296.55,296.85,17804,
2024-02-28 13:11:00+05:30,296.85,296.95,296.7,296.8,17250,
2024-02-28 13:12:00+05:30,296.7,296.8,296.4,296.7,62552,
2024-02-28 13:13:00+05:30,296.7,296.8,296.1,296.3,27918,
2024-02-28 13:14:00+05:30,296.2,296.5,295.6,295.95,52874,
2024-02-28 13:15:00+05:30,295.95,296.4,295.9,296.4,44412,
2024-02-28 13:16:00+05:30,296.4,296.5,296.3,296.5,30308,
2024-02-28 13:17:00+05:30,296.5,296.6,296.4,296.5,47540,
2024-02-28 13:18:00+05:30,296.5,296.7,296.4,296.6,21758,
2024-02-28 13:19:00+05:30,296.6,296.6,296.3,296.5,18082,
2024-02-28 13:20:00+05:30,296.5,296.7,296.4,296.7,21634,
2024-02-28 13:21:00+05:30,296.7,296.7,296.3,296.3,26118,
2024-02-28 13:22:00+05:30,296.3,296.6,296.25,296.45,16934,
2024-02-28 13:23:00+05:30,296.45,296.6,296.4,296.5,20662,
2024-02-28 13:24:00+05:30,296.5,296.95,296.5,296.95,24726,
2024-02-28 13:25:00+05:30,296.9,297.3,296.65,297.3,25786,
2024-02-28 13:26:00+05:30,297.4,297.75,297.3,297.45,42314,
2024-02-28 13:27:00+05:30,297.35,297.4,296.9,297.35,28000,
2024-02-28 13:28:00+05:30,297.4,297.6,297.35,297.55,15468,
2024-02-28 13:29:00+05:30,297.55,297.55,297.35,297.5,21400,
2024-02-28 13:30:00+05:30,297.5,297.5,297.2,297.5,17238,
2024-02-28 13:31:00+05:30,297.45,297.9,297.4,297.85,29542,
2024-02-28 13:32:00+05:30,297.85,298.4,297.85,298.25,23980,
2024-02-28 13:33:00+05:30,298.4,298.75,298.4,298.65,49588,
2024-02-28 13:34:00+05:30,298.65,298.65,298.25,298.45,36334,
2024-02-28 13:35:00+05:30,298.4,298.65,298.35,298.65,27534,
2024-02-28 13:36:00+05:30,298.65,298.75,298.55,298.65,31740,
2024-02-28 13:37:00+05:30,298.75,298.75,298.45,298.55,17402,
2024-02-28 13:38:00+05:30,298.4,298.6,298.35,298.35,19210,
2024-02-28 13:39:00+05:30,298.35,298.45,297.95,298.25,24278,
2024-02-28 13:40:00+05:30,298.25,298.35,298.15,298.3,19426,
2024-02-28 13:41:00+05:30,298.3,298.3,297.75,297.9,23212,
2024-02-28 13:42:00+05:30,297.95,298.3,297.95,298.2,21204,
2024-02-28 13:43:00+05:30,298.05,298.3,298,298.25,16586,
2024-02-28 13:44:00+05:30,298.25,298.3,297.95,298.2,17766,
2024-02-28 13:45:00+05:30,298.2,298.2,298.05,298.15,15556,
2024-02-28 13:46:00+05:30,298.15,298.15,298,298,13280,
2024-02-28 13:47:00+05:30,297.95,298.05,297.55,297.55,35412,
2024-02-28 13:48:00+05:30,297.65,297.75,297.55,297.75,24668,
2024-02-28 13:49:00+05:30,297.75,298,297.55,297.95,26330,
2024-02-28 13:50:00+05:30,297.95,298.55,297.95,298.55,38832,
2024-02-28 13:51:00+05:30,298.55,298.85,298.35,298.65,43914,
2024-02-28 13:52:00+05:30,298.65,299.1,298.65,299.05,26446,
2024-02-28 13:53:00+05:30,299.1,299.5,299.05,299.5,63710,
2024-02-28 13:54:00+05:30,299.5,299.5,299.2,299.3,30522,
2024-02-28 13:55:00+05:30,299.3,299.5,299.2,299.4,19902,
2024-02-28 13:56:00+05:30,299.35,299.4,299.3,299.4,22436,
2024-02-28 13:57:00+05:30,299.4,299.4,298.75,299.05,24154,
2024-02-28 13:58:00+05:30,299,299.35,299,299.3,21388,
2024-02-28 13:59:00+05:30,299.3,299.3,298.55,298.95,38474,
2024-02-28 14:00:00+05:30,299,299.2,298.75,299,22532,
2024-02-28 14:01:00+05:30,299.1,299.1,298.85,299.05,31452,
2024-02-28 14:02:00+05:30,299,299.4,299,299.4,31878,
2024-02-28 14:03:00+05:30,299.5,300,299.2,300,76410,
2024-02-28 14:04:00+05:30,299.9,300.85,299.8,300.85,210396,
2024-02-28 14:05:00+05:30,300.75,301.45,300.75,301.1,203628,
2024-02-28 14:06:00+05:30,301.05,301.55,300.95,301.4,76124,
2024-02-28 14:07:00+05:30,301.4,301.6,300.65,300.85,64258,
2024-02-28 14:08:00+05:30,300.85,301.15,300.6,300.65,30878,
2024-02-28 14:09:00+05:30,300.65,300.65,300.25,300.3,31610,
2024-02-28 14:10:00+05:30,300.35,300.4,300.1,300.4,35564,
2024-02-28 14:11:00+05:30,300.45,300.6,300.4,300.6,15184,
2024-02-28 14:12:00+05:30,300.55,300.95,300.55,300.9,28532,
2024-02-28 14:13:00+05:30,300.85,300.85,300.5,300.5,22680,
2024-02-28 14:14:00+05:30,300.5,300.55,300.2,300.25,37564,
2024-02-28 14:15:00+05:30,300.2,300.2,299.3,299.3,63464,
2024-02-28 14:16:00+05:30,299.3,299.3,298.75,298.8,64174,
2024-02-28 14:17:00+05:30,298.85,299.3,298.7,298.95,42684,
2024-02-28 14:18:00+05:30,299,299.1,298.7,298.75,32044,
2024-02-28 14:19:00+05:30,298.75,298.85,298.25,298.45,46288,
2024-02-28 14:20:00+05:30,298.45,298.45,298.15,298.45,41038,
2024-02-28 14:21:00+05:30,298.45,298.55,298.25,298.4,32976,
2024-02-28 14:22:00+05:30,298.4,298.55,298.35,298.45,17734,
2024-02-28 14:23:00+05:30,298.5,298.5,298.35,298.35,11914,
2024-02-28 14:24:00+05:30,298.35,298.65,298.25,298.25,33578,
2024-02-28 14:25:00+05:30,298.35,298.35,298.1,298.2,18480,
2024-02-28 14:26:00+05:30,298.2,298.25,298.15,298.2,13022,
2024-02-28 14:27:00+05:30,298.25,298.55,298.2,298.45,28840,
2024-02-28 14:28:00+05:30,298.55,298.6,298.35,298.45,27754,
2024-02-28 14:29:00+05:30,298.45,298.55,298.2,298.25,23454,
2024-02-28 14:30:00+05:30,298.25,298.45,298.25,298.45,10208,
2024-02-28 14:31:00+05:30,298.45,298.45,298.3,298.3,21830,
2024-02-28 14:32:00+05:30,298.25,298.35,297.3,297.35,79256,
2024-02-28 14:33:00+05:30,297.3,297.3,297.05,297.25,37718,
2024-02-28 14:34:00+05:30,297.2,297.35,297.1,297.3,27670,
2024-02-28 14:35:00+05:30,297.3,297.65,297.2,297.45,36380,
2024-02-28 14:36:00+05:30,297.45,297.45,297.05,297.05,33380,
2024-02-28 14:37:00+05:30,297.1,297.1,296.7,296.9,53594,
2024-02-28 14:38:00+05:30,296.9,297,296.3,296.8,59680,
2024-02-28 14:39:00+05:30,296.8,297.15,296.75,296.8,19888,
2024-02-28 14:40:00+05:30,296.8,297,296.45,296.6,34272,
2024-02-28 14:41:00+05:30,296.6,296.65,296.25,296.25,31588,
2024-02-28 14:42:00+05:30,296.3,296.3,296.15,296.2,29568,
2024-02-28 14:43:00+05:30,296.25,296.5,296.1,296.1,35404,
2024-02-28 14:44:00+05:30,296.25,296.65,296.2,296.4,31500,
2024-02-28 14:45:00+05:30,296.45,296.75,295.75,296,79250,
2024-02-28 14:46:00+05:30,296,296.25,295.85,296,35404,
2024-02-28 14:47:00+05:30,296,296.5,295.95,296.4,25020,
2024-02-28 14:48:00+05:30,296.5,296.95,296.45,296.8,46594,
2024-02-28 14:49:00+05:30,296.9,296.9,296.5,296.7,29492,
2024-02-28 14:50:00+05:30,296.7,297.35,296.6,297.35,29120,
2024-02-28 14:51:00+05:30,297.35,297.45,297,297,35750,
2024-02-28 14:52:00+05:30,297,297.3,296.8,296.8,29570,
2024-02-28 14:53:00+05:30,296.9,296.9,296.5,296.55,31242,
2024-02-28 14:54:00+05:30,296.6,296.8,296.3,296.5,34340,
2024-02-28 14:55:00+05:30,296.5,296.65,296.25,296.25,27688,
2024-02-28 14:56:00+05:30,296.3,296.45,296.25,296.4,15314,
2024-02-28 14:57:00+05:30,296.4,296.4,295.95,295.95,67166,
2024-02-28 14:58:00+05:30,295.85,296.25,295.75,296.15,16474,
2024-02-28 14:59:00+05:30,296.25,296.3,296,296.2,21642,
2024-02-28 15:00:00+05:30,296.2,296.2,295.75,296.1,22972,
2024-02-28 15:01:00+05:30,296.1,296.2,296,296.2,25296,
2024-02-28 15:02:00+05:30,296.2,296.2,295.9,296.1,20388,
2024-02-28 15:03:00+05:30,296.15,296.25,296,296.1,19610,
2024-02-28 15:04:00+05:30,296.1,296.1,295.9,296.1,31172,
2024-02-28 15:05:00+05:30,296.1,296.8,296,296.7,29460,
2024-02-28 15:06:00+05:30,296.75,296.75,296.55,296.6,33758,
2024-02-28 15:07:00+05:30,296.7,296.7,296.55,296.6,15124,
2024-02-28 15:08:00+05:30,296.6,296.6,296,296.1,30174,
2024-02-28 15:09:00+05:30,296.1,296.2,295.9,295.95,41034,
2024-02-28 15:10:00+05:30,295.95,296,295.8,296,41402,
2024-02-28 15:11:00+05:30,296,296,295.55,295.6,40444,
2024-02-28 15:12:00+05:30,295.65,295.65,295.15,295.3,66244,
2024-02-28 15:13:00+05:30,295.3,295.8,295.3,295.8,62108,
2024-02-28 15:14:00+05:30,295.8,296.3,295.75,295.75,63068,
2024-02-28 15:15:00+05:30,295.65,295.75,295.4,295.65,67492,
2024-02-28 15:16:00+05:30,295.7,295.9,295.15,295.45,134828,
2024-02-28 15:17:00+05:30,295.4,295.55,295.15,295.45,42330,
2024-02-28 15:18:00+05:30,295.45,295.45,294.85,294.95,90448,
2024-02-28 15:19:00+05:30,295.05,295.05,294.35,294.55,70404,
2024-02-28 15:20:00+05:30,294.55,294.65,293.8,294.05,110032,
2024-02-28 15:21:00+05:30,294.2,294.5,294.1,294.45,38222,
2024-02-28 15:22:00+05:30,294.45,294.55,294.3,294.45,29852,
2024-02-28 15:23:00+05:30,294.45,294.45,294.25,294.3,36010,
2024-02-28 15:24:00+05:30,294.3,294.3,293.75,293.85,31476,
2024-02-28 15:25:00+05:30,293.8,294.1,293.65,294.1,37670,
2024-02-28 15:26:00+05:30,294.1,294.2,293.9,294,36046,
2024-02-28 15:27:00+05:30,294,294.2,293.9,294.2,43200,
2024-02-28 15:28:00+05:30,294.2,294.8,293.85,294.25,46342,
2024-02-28 15:29:00+05:30,294.25,295.95,293.75,294.1,27492,
2024-02-29 09:15:00+05:30,295.05,296.4,293.7,294.65,252564,
2024-02-29 09:16:00+05:30,294.65,294.65,293.35,293.9,131816,
2024-02-29 09:17:00+05:30,293.85,294.75,293.65,294.65,99172,
2024-02-29 09:18:00+05:30,294.65,295.05,294.6,295.05,57630,
2024-02-29 09:19:00+05:30,295.05,295.1,293.9,294.1,101900,
2024-02-29 09:20:00+05:30,294.1,294.1,291.25,291.85,255722,
2024-02-29 09:21:00+05:30,291.75,291.75,290.9,291.1,111976,
2024-02-29 09:22:00+05:30,291,291,289.7,290.25,230950,
2024-02-29 09:23:00+05:30,290.3,290.55,288,288.4,319094,
2024-02-29 09:24:00+05:30,288.55,290,288.55,289.5,190756,
2024-02-29 09:25:00+05:30,289.6,290.7,289.55,290.7,176310,
2024-02-29 09:26:00+05:30,290.7,292.65,290.6,292.65,170838,
2024-02-29 09:27:00+05:30,292.5,292.8,291.95,292.75,120904,
2024-02-29 09:28:00+05:30,292.75,293.2,292.2,293.1,92184,
2024-02-29 09:29:00+05:30,293.1,293.2,292.55,292.65,51988,
2024-02-29 09:30:00+05:30,292.7,293.05,292.35,292.7,61320,
2024-02-29 09:31:00+05:30,292.7,292.7,291.4,291.75,62608,
2024-02-29 09:32:00+05:30,291.75,292.55,291.65,292.25,71172,
2024-02-29 09:33:00+05:30,292.45,292.8,291.85,292.8,26508,
2024-02-29 09:34:00+05:30,292.7,292.85,292.15,292.25,53008,
2024-02-29 09:35:00+05:30,292.15,292.35,291.9,292.2,61618,
2024-02-29 09:36:00+05:30,292.15,292.45,291.65,291.75,51928,
2024-02-29 09:37:00+05:30,291.75,291.8,291.2,291.45,23180,
2024-02-29 09:38:00+05:30,291.4,291.65,290.95,291.05,42112,
2024-02-29 09:39:00+05:30,290.9,291.55,290.8,291.1,58734,
2024-02-29 09:40:00+05:30,291.2,291.3,290.8,290.9,36052,
2024-02-29 09:41:00+05:30,290.9,290.95,290.1,290.2,69628,
2024-02-29 09:42:00+05:30,290.2,290.8,290.1,290.5,63138,
2024-02-29 09:43:00+05:30,290.35,290.6,290,290.2,79474,
2024-02-29 09:44:00+05:30,290.2,290.45,289.7,290.45,134354,
2024-02-29 09:45:00+05:30,290.4,290.6,290.25,290.6,30700,
2024-02-29 09:46:00+05:30,290.6,290.6,290.4,290.5,27278,
2024-02-29 09:47:00+05:30,290.55,290.95,290.2,290.2,48296,
2024-02-29 09:48:00+05:30,290.3,290.3,289.7,289.8,66214,
2024-02-29 09:49:00+05:30,289.8,289.95,289.35,289.35,50710,
2024-02-29 09:50:00+05:30,289.35,289.6,289.15,289.55,68430,
2024-02-29 09:51:00+05:30,289.6,290.05,289.45,290,68048,
2024-02-29 09:52:00+05:30,289.9,290,289.55,289.6,28584,
2024-02-29 09:53:00+05:30,289.6,289.6,289.35,289.6,41064,
2024-02-29 09:54:00+05:30,289.55,290.15,289.55,289.9,57590,
2024-02-29 09:55:00+05:30,289.9,291.6,289.9,291.45,80920,
2024-02-29 09:56:00+05:30,291.65,292.15,291.05,291.25,67770,
2024-02-29 09:57:00+05:30,291.25,292.15,291,292.15,62462,
2024-02-29 09:58:00+05:30,292.15,292.15,291.4,291.75,29708,
2024-02-29 09:59:00+05:30,291.95,292.65,291.75,292.35,111830,
2024-02-29 10:00:00+05:30,292.35,292.85,292.35,292.7,109446,
2024-02-29 10:01:00+05:30,292.7,292.7,292.4,292.55,57768,
2024-02-29 10:02:00+05:30,292.55,292.75,292.55,292.7,31316,
2024-02-29 10:03:00+05:30,292.7,293.05,292.6,292.75,92726,
2024-02-29 10:04:00+05:30,292.75,293.05,292.7,293,36060,
2024-02-29 10:05:00+05:30,293,293.35,292.75,292.9,80800,
2024-02-29 10:06:00+05:30,292.7,292.8,292.25,292.35,60124,
2024-02-29 10:07:00+05:30,292.15,292.65,291.85,291.95,70996,
2024-02-29 10:08:00+05:30,291.85,291.85,290.95,291.55,68418,
2024-02-29 10:09:00+05:30,291.45,292.05,291.4,291.6,32072,
2024-02-29 10:10:00+05:30,291.6,291.8,291.4,291.55,40284,
2024-02-29 10:11:00+05:30,291.65,291.95,291.5,291.55,51742,
2024-02-29 10:12:00+05:30,291.5,292.15,291.25,292.05,45730,
2024-02-29 10:13:00+05:30,292.15,292.2,291.25,291.25,59188,
2024-02-29 10:14:00+05:30,291.25,292.25,291.15,292.15,55400,
2024-02-29 10:15:00+05:30,292.15,292.6,292.05,292.2,62812,
2024-02-29 10:16:00+05:30,292.25,292.3,291.6,291.75,51358,
2024-02-29 10:17:00+05:30,291.8,292.9,291.8,292.9,52108,
2024-02-29 10:18:00+05:30,292.8,292.9,292.55,292.65,51094,
2024-02-29 10:19:00+05:30,292.65,292.8,292.3,292.65,48812,
2024-02-29 10:20:00+05:30,292.55,293.3,292.55,292.8,66864,
2024-02-29 10:21:00+05:30,292.8,293.6,292.8,293.2,84502,
2024-02-29 10:22:00+05:30,293.35,293.4,292.95,293.2,24586,
2024-02-29 10:23:00+05:30,293.1,293.4,293,293.4,47594,
2024-02-29 10:24:00+05:30,293.4,293.4,293,293,31356,
2024-02-29 10:25:00+05:30,293,293.1,292.7,293,45996,
2024-02-29 10:26:00+05:30,293,293,292.2,292.35,32092,
2024-02-29 10:27:00+05:30,292.2,292.55,292.2,292.45,28348,
2024-02-29 10:28:00+05:30,292.45,292.45,292,292.25,40292,
2024-02-29 10:29:00+05:30,292.25,292.3,291.9,291.95,22534,
2024-02-29 10:30:00+05:30,291.95,292.05,291.45,291.65,51834,
2024-02-29 10:31:00+05:30,291.65,291.85,291.4,291.45,22322,
2024-02-29 10:32:00+05:30,291.45,292.05,291.45,291.95,34648,
2024-02-29 10:33:00+05:30,291.85,291.9,291.55,291.65,18472,
2024-02-29 10:34:00+05:30,291.6,291.75,291.4,291.45,34368,
2024-02-29 10:35:00+05:30,291.4,292.1,291.25,291.95,37274,
2024-02-29 10:36:00+05:30,292.1,292.4,291.7,292.3,25026,
2024-02-29 10:37:00+05:30,292.45,292.6,292.25,292.25,27476,
2024-02-29 10:38:00+05:30,292.35,292.35,291.95,292.05,18646,
2024-02-29 10:39:00+05:30,292.05,292.1,291.75,291.9,23678,
2024-02-29 10:40:00+05:30,291.85,292.15,291.65,291.65,8842,
2024-02-29 10:41:00+05:30,291.8,292.35,291.65,292.15,20846,
2024-02-29 10:42:00+05:30,292.15,292.2,291.9,292.05,13488,
2024-02-29 10:43:00+05:30,292.05,292.35,291.95,292.25,24618,
2024-02-29 10:44:00+05:30,292.25,292.45,292.1,292.2,13716,
2024-02-29 10:45:00+05:30,291.95,292.25,291.45,291.65,31020,
2024-02-29 10:46:00+05:30,291.65,292,291.55,291.65,11540,
2024-02-29 10:47:00+05:30,291.65,292.15,291.55,292.15,8380,
2024-02-29 10:48:00+05:30,292.15,292.5,292.15,292.35,17310,
2024-02-29 10:49:00+05:30,292.15,292.35,292.15,292.15,11352,
2024-02-29 10:50:00+05:30,292.15,292.25,292,292.15,2870,
2024-02-29 10:51:00+05:30,292.05,292.25,292.05,292.05,8594,
2024-02-29 10:52:00+05:30,292.15,292.15,291.75,291.95,11906,
2024-02-29 10:53:00+05:30,291.95,291.95,291.5,291.65,32264,
2024-02-29 10:54:00+05:30,291.65,291.75,291.25,291.4,27362,
2024-02-29 10:55:00+05:30,291.35,291.55,291.15,291.15,111746,
2024-02-29 10:56:00+05:30,291.15,291.15,290.45,290.55,124858,
2024-02-29 10:57:00+05:30,290.55,291.15,290.5,291.1,39120,
2024-02-29 10:58:00+05:30,291.1,291.1,290.7,290.9,13768,
2024-02-29 10:59:00+05:30,290.9,290.9,290.5,290.55,28674,
2024-02-29 11:00:00+05:30,290.55,290.9,290.35,290.7,31214,
2024-02-29 11:01:00+05:30,290.7,291.1,290.65,290.9,60566,
2024-02-29 11:02:00+05:30,290.9,291.1,290.8,291.1,32834,
2024-02-29 11:03:00+05:30,290.95,291.5,290.95,291.3,10784,
2024-02-29 11:04:00+05:30,291.3,291.35,291.1,291.1,23050,
2024-02-29 11:05:00+05:30,291.1,291.45,291,291.45,23408,
2024-02-29 11:06:00+05:30,291.45,291.45,291,291,4074,
2024-02-29 11:07:00+05:30,291,291.6,290.85,291.5,37200,
2024-02-29 11:08:00+05:30,291.5,292.05,291.45,291.8,46848,
2024-02-29 11:09:00+05:30,291.8,292.15,291.75,291.85,17974,
2024-02-29 11:10:00+05:30,291.85,292.35,291.75,292.35,19538,
2024-02-29 11:11:00+05:30,292.35,292.35,292.15,292.25,21246,
2024-02-29 11:12:00+05:30,292.25,292.25,292.15,292.15,16756,
2024-02-29 11:13:00+05:30,292.25,292.25,291.85,292.05,44174,
2024-02-29 11:14:00+05:30,292.15,293,292.05,292.8,54402,
2024-02-29 11:15:00+05:30,292.8,293.35,292.7,293.1,83078,
2024-02-29 11:16:00+05:30,293.1,293.45,292.8,293,70148,
2024-02-29 11:17:00+05:30,293,293.1,292.6,292.7,42140,
2024-02-29 11:18:00+05:30,292.75,292.75,292.35,292.35,30588,
2024-02-29 11:19:00+05:30,292.35,292.55,292.15,292.25,23198,
2024-02-29 11:20:00+05:30,292.25,292.35,292.15,292.15,6172,
2024-02-29 11:21:00+05:30,292.15,292.65,292.15,292.65,3322,
2024-02-29 11:22:00+05:30,292.7,292.9,292.55,292.55,14804,
2024-02-29 11:23:00+05:30,292.55,292.55,292.25,292.35,5734,
2024-02-29 11:24:00+05:30,292.35,292.45,292.15,292.35,4546,
2024-02-29 11:25:00+05:30,292.35,292.35,291.85,292,62028,
2024-02-29 11:26:00+05:30,292,292,291.7,291.9,6954,
2024-02-29 11:27:00+05:30,291.85,292,291.75,291.75,12488,
2024-02-29 11:28:00+05:30,291.7,291.75,291.1,291.4,33370,
2024-02-29 11:29:00+05:30,291.45,291.65,291.1,291.15,33140,
2024-02-29 11:30:00+05:30,291.25,291.55,291.15,291.25,11668,
2024-02-29 11:31:00+05:30,291.25,291.45,291.15,291.45,19692,
2024-02-29 11:32:00+05:30,291.45,291.95,291.45,291.85,17060,
2024-02-29 11:33:00+05:30,291.75,291.85,291.45,291.55,8070,
2024-02-29 11:34:00+05:30,291.55,291.95,291.5,291.75,7926,
2024-02-29 11:35:00+05:30,291.85,291.95,291.65,291.85,5068,
2024-02-29 11:36:00+05:30,291.85,291.85,291.45,291.6,6332,
2024-02-29 11:37:00+05:30,291.45,291.75,291.45,291.7,5960,
2024-02-29 11:38:00+05:30,291.7,291.85,291.6,291.85,6310,
2024-02-29 11:39:00+05:30,291.85,291.85,291.5,291.65,4678,
2024-02-29 11:40:00+05:30,291.6,291.65,291.5,291.65,3352,
2024-02-29 11:41:00+05:30,291.65,291.85,291.65,291.75,6488,
2024-02-29 11:42:00+05:30,291.75,291.95,291.75,291.95,4822,
2024-02-29 11:43:00+05:30,291.95,292.3,291.95,292.15,11578,
2024-02-29 11:44:00+05:30,292.1,292.25,291.85,292,8670,
2024-02-29 11:45:00+05:30,291.85,292.15,291.55,291.75,15942,
2024-02-29 11:46:00+05:30,291.85,292.05,291.55,291.95,9284,
2024-02-29 11:47:00+05:30,291.95,292.55,291.9,292.45,18072,
2024-02-29 11:48:00+05:30,292.4,292.45,292.05,292.05,22076,
2024-02-29 11:49:00+05:30,292.05,292.45,292.05,292.35,13944,
2024-02-29 11:50:00+05:30,292.2,292.25,292,292.1,12936,
2024-02-29 11:51:00+05:30,292.1,292.15,291.9,291.9,8414,
2024-02-29 11:52:00+05:30,291.9,292.25,291.8,292.15,22298,
2024-02-29 11:53:00+05:30,292.15,292.25,292.15,292.25,20970,
2024-02-29 11:54:00+05:30,292.25,292.45,292.25,292.4,13148,
2024-02-29 11:55:00+05:30,292.4,292.55,292.35,292.55,29642,
2024-02-29 11:56:00+05:30,292.55,292.7,292.45,292.7,13780,
2024-02-29 11:57:00+05:30,292.7,292.7,292.45,292.55,3380,
2024-02-29 11:58:00+05:30,292.55,292.7,292.45,292.55,5498,
2024-02-29 11:59:00+05:30,292.45,292.65,292.45,292.55,11408,
2024-02-29 12:00:00+05:30,292.6,292.8,292.6,292.8,22862,
2024-02-29 12:01:00+05:30,292.7,292.9,292.65,292.9,23498,
2024-02-29 12:02:00+05:30,292.9,293.35,292.85,293.3,28478,
2024-02-29 12:03:00+05:30,293.3,293.3,292.9,292.95,15336,
2024-02-29 12:04:00+05:30,292.9,293.25,292.9,293.1,18296,
2024-02-29 12:05:00+05:30,293.1,293.15,293,293,14518,
2024-02-29 12:06:00+05:30,293,293.2,292.75,293.15,24102,
2024-02-29 12:07:00+05:30,293.2,293.6,293.15,293.6,34894,
2024-02-29 12:08:00+05:30,293.6,293.6,293.2,293.2,36612,
2024-02-29 12:09:00+05:30,293.15,293.2,292.65,292.85,24612,
2024-02-29 12:10:00+05:30,292.85,292.95,292.65,292.65,28000,
2024-02-29 12:11:00+05:30,292.7,292.9,292.7,292.7,7780,
2024-02-29 12:12:00+05:30,292.7,292.9,292.7,292.9,7152,
2024-02-29 12:13:00+05:30,292.9,293.1,292.8,293.1,12784,
2024-02-29 12:14:00+05:30,293.1,293.1,293,293.1,6868,
2024-02-29 12:15:00+05:30,293.1,293.3,292.9,293.2,17958,
2024-02-29 12:16:00+05:30,293.2,293.5,293.1,293.3,9434,
2024-02-29 12:17:00+05:30,293.3,293.5,293.3,293.3,17034,
2024-02-29 12:18:00+05:30,293.3,293.5,293.25,293.4,11950,
2024-02-29 12:19:00+05:30,293.4,294.35,293.4,294.15,63098,
2024-02-29 12:20:00+05:30,294.35,294.35,294,294.1,30832,
2024-02-29 12:21:00+05:30,294.2,294.85,294.1,294.35,65342,
2024-02-29 12:22:00+05:30,294.5,294.55,293.85,294.25,36098,
2024-02-29 12:23:00+05:30,294.25,294.55,294.2,294.55,36938,
2024-02-29 12:24:00+05:30,294.55,294.55,293.45,293.6,71362,
2024-02-29 12:25:00+05:30,293.5,293.8,293.35,293.5,32734,
2024-02-29 12:26:00+05:30,293.5,293.95,293.4,293.8,11232,
2024-02-29 12:27:00+05:30,293.8,294.35,293.7,294.2,25670,
2024-02-29 12:28:00+05:30,294.1,294.25,293.75,294.1,21898,
2024-02-29 12:29:00+05:30,294.1,294.2,293.85,293.9,26814,
2024-02-29 12:30:00+05:30,294,294,293.4,293.8,88722,
2024-02-29 12:31:00+05:30,293.8,294.4,293.8,294.25,28352,
2024-02-29 12:32:00+05:30,294.25,294.5,294.25,294.5,19450,
2024-02-29 12:33:00+05:30,294.5,294.55,294.3,294.5,29232,
2024-02-29 12:34:00+05:30,294.45,295.05,294.45,295,46456,
2024-02-29 12:35:00+05:30,295.05,295.25,294.45,294.7,71570,
2024-02-29 12:36:00+05:30,294.65,294.7,294.55,294.55,16654,
2024-02-29 12:37:00+05:30,294.55,294.65,294.25,294.45,39226,
2024-02-29 12:38:00+05:30,294.45,294.65,294.35,294.35,34910,
2024-02-29 12:39:00+05:30,294.5,294.8,294.35,294.6,16568,
2024-02-29 12:40:00+05:30,294.7,294.8,294.55,294.6,7124,
2024-02-29 12:41:00+05:30,294.65,294.7,294.35,294.65,32394,
2024-02-29 12:42:00+05:30,294.55,294.75,294.4,294.55,4340,
2024-02-29 12:43:00+05:30,294.45,294.65,294.3,294.55,14782,
2024-02-29 12:44:00+05:30,294.55,294.65,294.25,294.45,17082,
2024-02-29 12:45:00+05:30,294.45,294.75,294.25,294.45,22440,
2024-02-29 12:46:00+05:30,294.55,294.55,294.25,294.3,28354,
2024-02-29 12:47:00+05:30,294.4,294.5,294.25,294.25,17462,
2024-02-29 12:48:00+05:30,294.25,294.25,294,294,24078,
2024-02-29 12:49:00+05:30,294,294.1,293.85,293.85,38326,
2024-02-29 12:50:00+05:30,293.8,294,293.35,293.65,55198,
2024-02-29 12:51:00+05:30,293.45,293.9,293.4,293.7,55668,
2024-02-29 12:52:00+05:30,293.7,293.85,293.6,293.65,15514,
2024-02-29 12:53:00+05:30,293.8,294.2,293.75,294,36212,
2024-02-29 12:54:00+05:30,294,294.25,293.95,294.2,27282,
2024-02-29 12:55:00+05:30,294.1,294.15,293.65,293.9,33872,
2024-02-29 12:56:00+05:30,293.8,293.85,293.35,293.4,37994,
2024-02-29 12:57:00+05:30,293.4,293.85,293.4,293.85,18072,
2024-02-29 12:58:00+05:30,293.7,293.9,293.6,293.8,5152,
2024-02-29 12:59:00+05:30,293.6,294.25,293.6,294.15,32134,
2024-02-29 13:00:00+05:30,294.2,294.2,293.75,293.8,20252,
2024-02-29 13:01:00+05:30,293.85,293.85,293.6,293.8,12314,
2024-02-29 13:02:00+05:30,293.7,294.15,293.7,294,8270,
2024-02-29 13:03:00+05:30,294,294.4,293.9,294.1,46116,
2024-02-29 13:04:00+05:30,293.95,294,293.65,294,20064,
2024-02-29 13:05:00+05:30,294,294.3,294,294,48488,
2024-02-29 13:06:00+05:30,294,294.2,293.85,294,39604,
2024-02-29 13:07:00+05:30,294,294.55,293.9,294.55,25734,
2024-02-29 13:08:00+05:30,294.45,294.55,294.2,294.25,19588,
2024-02-29 13:09:00+05:30,294.2,294.35,293.95,294.05,32966,
2024-02-29 13:10:00+05:30,294.1,294.15,293.7,293.8,19298,
2024-02-29 13:11:00+05:30,293.8,293.9,293.35,293.4,41756,
2024-02-29 13:12:00+05:30,293.4,293.8,293.2,293.7,19844,
2024-02-29 13:13:00+05:30,293.7,293.7,293.1,293.4,44302,
2024-02-29 13:14:00+05:30,293.4,293.6,293.2,293.3,30418,
2024-02-29 13:15:00+05:30,293.3,293.6,293.3,293.5,28790,
2024-02-29 13:16:00+05:30,293.5,294.05,293.5,294,39274,
2024-02-29 13:17:00+05:30,294,294.45,293.9,294.25,16496,
2024-02-29 13:18:00+05:30,294.1,294.1,293.7,293.8,14602,
2024-02-29 13:19:00+05:30,293.8,293.9,293.7,293.8,3564,
2024-02-29 13:20:00+05:30,293.7,294,293.7,293.75,15660,
2024-02-29 13:21:00+05:30,293.8,294.1,293.8,294,17582,
2024-02-29 13:22:00+05:30,294,294.55,294,294.45,57430,
2024-02-29 13:23:00+05:30,294.55,294.8,294.35,294.4,77264,
2024-02-29 13:24:00+05:30,294.45,294.95,294.25,294.95,47826,
2024-02-29 13:25:00+05:30,294.95,295,294.45,294.65,60126,
2024-02-29 13:26:00+05:30,294.65,294.65,294.1,294.2,30422,
2024-02-29 13:27:00+05:30,294.2,294.35,294,294.2,39062,
2024-02-29 13:28:00+05:30,294.2,294.65,294.2,294.45,22770,
2024-02-29 13:29:00+05:30,294.55,294.55,294.2,294.25,14160,
2024-02-29 13:30:00+05:30,294.25,294.55,294.25,294.35,21844,
2024-02-29 13:31:00+05:30,294.4,294.65,294.25,294.25,34092,
2024-02-29 13:32:00+05:30,294.35,294.65,294.35,294.4,22462,
2024-02-29 13:33:00+05:30,294.45,294.65,294.25,294.3,21884,
2024-02-29 13:34:00+05:30,294.45,294.55,294,294.35,23474,
2024-02-29 13:35:00+05:30,294.5,294.55,294.25,294.55,20628,
2024-02-29 13:36:00+05:30,294.55,294.55,293.5,293.65,30166,
2024-02-29 13:37:00+05:30,293.7,294.1,293.5,294,11228,
2024-02-29 13:38:00+05:30,294,294.2,293.6,293.9,46638,
2024-02-29 13:39:00+05:30,293.9,294.1,293.5,293.5,9538,
2024-02-29 13:40:00+05:30,293.5,293.6,293.3,293.4,31320,
2024-02-29 13:41:00+05:30,293.4,293.8,293.4,293.5,11692,
2024-02-29 13:42:00+05:30,293.65,293.85,293.5,293.8,9428,
2024-02-29 13:43:00+05:30,293.85,293.9,293.6,293.85,9202,
2024-02-29 13:44:00+05:30,293.85,294.05,293.7,293.85,15172,
2024-02-29 13:45:00+05:30,293.8,293.8,293.5,293.5,2836,
2024-02-29 13:46:00+05:30,293.7,293.85,293.6,293.7,10594,
2024-02-29 13:47:00+05:30,293.7,293.7,293.2,293.7,13004,
2024-02-29 13:48:00+05:30,293.7,293.8,293.6,293.7,4962,
2024-02-29 13:49:00+05:30,293.75,293.95,293.7,293.9,8150,
2024-02-29 13:50:00+05:30,293.95,294.05,293.8,293.9,11136,
2024-02-29 13:51:00+05:30,293.9,293.95,293.5,293.6,13330,
2024-02-29 13:52:00+05:30,293.65,293.8,293.55,293.65,5004,
2024-02-29 13:53:00+05:30,293.7,293.9,293.6,293.7,6376,
2024-02-29 13:54:00+05:30,293.8,293.8,293.5,293.6,8594,
2024-02-29 13:55:00+05:30,293.5,293.55,293.35,293.4,6048,
2024-02-29 13:56:00+05:30,293.35,293.45,293.35,293.4,7392,
2024-02-29 13:57:00+05:30,293.4,293.6,293.2,293.6,20594,
2024-02-29 13:58:00+05:30,293.55,293.8,293.4,293.7,8722,
2024-02-29 13:59:00+05:30,293.7,293.95,293.7,293.85,9376,
2024-02-29 14:00:00+05:30,293.9,293.9,293.6,293.65,8414,
2024-02-29 14:01:00+05:30,293.65,293.65,293.2,293.3,7084,
2024-02-29 14:02:00+05:30,293.3,293.5,293.2,293.5,6882,
2024-02-29 14:03:00+05:30,293.5,293.65,293.25,293.3,9778,
2024-02-29 14:04:00+05:30,293.3,293.5,293.3,293.5,11038,
2024-02-29 14:05:00+05:30,293.45,293.5,293.25,293.5,14532,
2024-02-29 14:06:00+05:30,293.5,293.55,293.15,293.25,24046,
2024-02-29 14:07:00+05:30,293.25,293.5,293.25,293.4,11998,
2024-02-29 14:08:00+05:30,293.3,293.4,293.2,293.2,6970,
2024-02-29 14:09:00+05:30,293.25,293.3,292.9,293,67084,
2024-02-29 14:10:00+05:30,293,293.4,292.9,293.2,41314,
2024-02-29 14:11:00+05:30,293.2,293.4,293.1,293.25,20266,
2024-02-29 14:12:00+05:30,293.25,293.45,293.1,293.4,27456,
2024-02-29 14:13:00+05:30,293.4,293.55,293.35,293.45,4964,
2024-02-29 14:14:00+05:30,293.45,294,293.45,293.9,14100,
2024-02-29 14:15:00+05:30,293.85,294,293.85,294,8462,
2024-02-29 14:16:00+05:30,293.9,294.3,293.9,294.1,32952,
2024-02-29 14:17:00+05:30,294.1,294.1,293.95,294,6396,
2024-02-29 14:18:00+05:30,293.9,294,293.75,293.8,15028,
2024-02-29 14:19:00+05:30,293.8,293.85,293.5,293.55,6706,
2024-02-29 14:20:00+05:30,293.55,293.6,293.35,293.4,18372,
2024-02-29 14:21:00+05:30,293.3,293.7,293.3,293.6,25410,
2024-02-29 14:22:00+05:30,293.6,293.8,293.5,293.65,12952,
2024-02-29 14:23:00+05:30,293.5,293.7,293.4,293.7,6664,
2024-02-29 14:24:00+05:30,293.7,293.7,293.5,293.55,17474,
2024-02-29 14:25:00+05:30,293.55,293.85,293.5,293.7,15500,
2024-02-29 14:26:00+05:30,293.7,293.75,293.55,293.55,9100,
2024-02-29 14:27:00+05:30,293.55,293.85,293.4,293.65,34954,
2024-02-29 14:28:00+05:30,293.65,293.65,293.3,293.4,48228,
2024-02-29 14:29:00+05:30,293.35,293.6,293.3,293.45,14602,
2024-02-29 14:30:00+05:30,293.4,293.6,293.3,293.45,20324,
2024-02-29 14:31:00+05:30,293.35,293.4,292.7,292.9,78820,
2024-02-29 14:32:00+05:30,292.9,292.9,292.25,292.4,133974,
2024-02-29 14:33:00+05:30,292.45,292.7,292.25,292.35,75072,
2024-02-29 14:34:00+05:30,292.35,292.45,292.15,292.35,33498,
2024-02-29 14:35:00+05:30,292.35,292.45,292.15,292.3,20644,
2024-02-29 14:36:00+05:30,292.35,292.65,292.35,292.35,16218,
2024-02-29 14:37:00+05:30,292.4,292.95,292.35,292.7,9416,
2024-02-29 14:38:00+05:30,292.7,293,292.7,292.8,28610,
2024-02-29 14:39:00+05:30,292.75,293.3,292.65,293.25,15826,
2024-02-29 14:40:00+05:30,293.1,293.3,293,293.1,10662,
2024-02-29 14:41:00+05:30,293.1,293.3,293.1,293.3,17320,
2024-02-29 14:42:00+05:30,293.3,293.8,293.2,293.8,24676,
2024-02-29 14:43:00+05:30,293.7,294,293.65,293.9,29052,
2024-02-29 14:44:00+05:30,293.8,294,293.7,293.9,18914,
2024-02-29 14:45:00+05:30,293.9,294.2,293.6,293.85,31914,
2024-02-29 14:46:00+05:30,293.9,294.1,293.7,294,29052,
2024-02-29 14:47:00+05:30,294,294.1,293.8,294.05,20708,
2024-02-29 14:48:00+05:30,294,294.3,293.8,294,73316,
2024-02-29 14:49:00+05:30,294.05,294.15,294,294.1,20034,
2024-02-29 14:50:00+05:30,294.05,294.3,294,294.15,12376,
2024-02-29 14:51:00+05:30,294.1,294.55,294.1,294.4,32954,
2024-02-29 14:52:00+05:30,294.45,294.45,294.2,294.2,30382,
2024-02-29 14:53:00+05:30,294.25,294.55,294.15,294.35,116514,
2024-02-29 14:54:00+05:30,294.35,294.4,293.85,293.85,41164,
2024-02-29 14:55:00+05:30,293.8,294.2,293.55,293.9,51738,
2024-02-29 14:56:00+05:30,293.95,293.95,293.5,293.5,33546,
2024-02-29 14:57:00+05:30,293.5,293.7,293.3,293.5,39644,
2024-02-29 14:58:00+05:30,293.4,293.5,293.1,293.15,28636,
2024-02-29 14:59:00+05:30,293.15,293.7,293.1,293.5,55642,
2024-02-29 15:00:00+05:30,293.5,293.6,291.55,291.55,368800,
2024-02-29 15:01:00+05:30,291.55,291.55,290.95,291.1,386978,
2024-02-29 15:02:00+05:30,291.1,291.85,290.75,291.65,334362,
2024-02-29 15:03:00+05:30,291.65,291.75,290.8,291,265794,
2024-02-29 15:04:00+05:30,291.1,291.45,290.9,291,251514,
2024-02-29 15:05:00+05:30,291,291.15,290.8,290.8,210358,
2024-02-29 15:06:00+05:30,290.8,291,290.8,290.85,229854,
2024-02-29 15:07:00+05:30,290.9,291.6,290.85,291.35,332472,
2024-02-29 15:08:00+05:30,291.35,291.35,290.8,290.85,366678,
2024-02-29 15:09:00+05:30,290.85,291.1,290.8,290.8,262040,
2024-02-29 15:10:00+05:30,290.9,291.55,290.85,291.45,270704,
2024-02-29 15:11:00+05:30,291.5,292.45,291.5,292.35,352624,
2024-02-29 15:12:00+05:30,292.35,292.5,292.35,292.45,233014,
2024-02-29 15:13:00+05:30,292.45,292.55,292.4,292.5,215734,
2024-02-29 15:14:00+05:30,292.55,292.65,292.5,292.6,312582,
2024-02-29 15:15:00+05:30,292.6,292.95,292.6,292.95,218978,
2024-02-29 15:16:00+05:30,293,293.3,293,293.2,256884,
2024-02-29 15:17:00+05:30,293.2,293.2,293.15,293.15,277282,
2024-02-29 15:18:00+05:30,293.1,293.6,292.75,293.6,413668,
2024-02-29 15:19:00+05:30,293.6,293.8,293.5,293.75,217024,
2024-02-29 15:20:00+05:30,293.75,294.3,293.75,294.2,311860,
2024-02-29 15:21:00+05:30,294.2,294.3,294.2,294.3,182760,
2024-02-29 15:22:00+05:30,294.3,294.45,294.25,294.45,159272,
2024-02-29 15:23:00+05:30,294.35,294.45,294.35,294.35,194410,
2024-02-29 15:24:00+05:30,294.35,294.35,294.05,294.1,272772,
2024-02-29 15:25:00+05:30,294.1,294.1,293.9,293.9,230826,
2024-02-29 15:26:00+05:30,293.9,293.9,293.7,293.7,177480,
2024-02-29 15:27:00+05:30,293.7,295,293.5,294.8,419862,
2024-02-29 15:28:00+05:30,294.95,295.95,294.85,295.4,164130,
2024-02-29 15:29:00+05:30,295.35,295.8,294.05,294.25,74562,
