date,open,high,low,close,volume,oi
2016-10-27 09:15:00+05:30,577,577,570.5,576.95,4274,
2016-10-27 09:16:00+05:30,576.95,577.55,574.2,574.35,7542,
2016-10-27 09:17:00+05:30,574.35,574.35,573.8,574.3,4001,
2016-10-27 09:18:00+05:30,574.3,575.05,573.95,574.6,4226,
2016-10-27 09:19:00+05:30,574.6,575.1,574.55,574.75,1174,
2016-10-27 09:20:00+05:30,574.75,576.95,574.75,576.8,1528,
2016-10-27 09:21:00+05:30,576.8,577.35,576.25,577.35,569,
2016-10-27 09:22:00+05:30,577.35,577.65,577,577.65,2912,
2016-10-27 09:23:00+05:30,577.65,577.8,577.5,577.7,984,
2016-10-27 09:24:00+05:30,577.7,578,577.5,577.95,1414,
2016-10-27 09:25:00+05:30,577.95,577.95,577.5,577.9,402,
2016-10-27 09:26:00+05:30,577.9,578,577.35,577.5,1366,
2016-10-27 09:27:00+05:30,577.5,578,577,578,11304,
2016-10-27 09:28:00+05:30,578,578.75,577.9,578.75,3841,
2016-10-27 09:29:00+05:30,578.5,578.75,578.5,578.75,834,
2016-10-27 09:30:00+05:30,578.75,579.85,578.5,579.85,1735,
2016-10-27 09:31:00+05:30,579.55,580.95,579.55,580.95,3899,
2016-10-27 09:32:00+05:30,580.95,580.95,580.25,580.25,843,
2016-10-27 09:33:00+05:30,580.25,580.35,580,580.05,1777,
2016-10-27 09:34:00+05:30,580,580.7,579.85,579.85,2107,
2016-10-27 09:35:00+05:30,579.85,580.3,579.8,579.8,931,
2016-10-27 09:36:00+05:30,579.8,579.8,579.55,579.8,630,
2016-10-27 09:37:00+05:30,579.8,580.1,579.8,579.85,1037,
2016-10-27 09:38:00+05:30,579.85,579.85,579.65,579.8,713,
2016-10-27 09:39:00+05:30,579.8,580.25,579.8,580.2,725,
2016-10-27 09:40:00+05:30,579.95,580.3,579.8,580.1,1215,
2016-10-27 09:41:00+05:30,580.3,580.45,579.85,580.35,1617,
2016-10-27 09:42:00+05:30,580.35,580.35,580,580.25,571,
2016-10-27 09:43:00+05:30,580.25,580.55,580,580.1,1291,
2016-10-27 09:44:00+05:30,580.1,580.25,579.85,580,1070,
2016-10-27 09:45:00+05:30,580,580,579.85,579.85,366,
2016-10-27 09:46:00+05:30,579.85,580.25,579.85,580.2,699,
2016-10-27 09:47:00+05:30,580.25,580.25,580.05,580.05,98,
2016-10-27 09:48:00+05:30,580.2,580.25,579.8,579.8,1331,
2016-10-27 09:49:00+05:30,579.8,579.8,579.65,579.65,361,
2016-10-27 09:50:00+05:30,579.65,579.85,579.65,579.85,2138,
2016-10-27 09:51:00+05:30,579.85,579.85,579.7,579.85,245,
2016-10-27 09:52:00+05:30,579.85,579.85,579.5,579.5,4673,
2016-10-27 09:53:00+05:30,579.5,579.5,579.3,579.45,1507,
2016-10-27 09:54:00+05:30,579.45,579.45,579.2,579.25,181,
2016-10-27 09:55:00+05:30,579.25,579.3,579.1,579.1,170,
2016-10-27 09:56:00+05:30,579.1,579.3,578.6,578.6,858,
2016-10-27 09:57:00+05:30,578.6,578.9,578.3,578.5,430,
2016-10-27 09:58:00+05:30,578.5,578.5,578.2,578.25,603,
2016-10-27 09:59:00+05:30,578.25,578.45,578,578.45,2672,
2016-10-27 10:00:00+05:30,578.45,578.45,578,578,522,
2016-10-27 10:01:00+05:30,578.4,578.4,577.9,578.3,1130,
2016-10-27 10:02:00+05:30,578.3,578.35,577.8,578.1,710,
2016-10-27 10:03:00+05:30,578.1,578.1,577.7,577.7,298,
2016-10-27 10:04:00+05:30,578,578.1,577.7,577.85,250,
2016-10-27 10:05:00+05:30,577.85,578.35,577.85,578,1181,
2016-10-27 10:06:00+05:30,578,578.15,577.7,577.7,489,
2016-10-27 10:07:00+05:30,578,578,577.7,578,48,
2016-10-27 10:08:00+05:30,578,578.1,577.65,577.95,1384,
2016-10-27 10:09:00+05:30,577.5,577.95,577.5,577.95,3799,
2016-10-27 10:10:00+05:30,577.95,578.2,577.95,578.2,438,
2016-10-27 10:11:00+05:30,578.2,578.5,578.05,578.5,977,
2016-10-27 10:12:00+05:30,578.5,578.55,578.3,578.3,814,
2016-10-27 10:13:00+05:30,578.3,578.5,578.3,578.5,90,
2016-10-27 10:14:00+05:30,578.5,578.5,577.2,577.35,4969,
2016-10-27 10:15:00+05:30,577.6,577.95,576.65,577.95,8018,
2016-10-27 10:16:00+05:30,577.95,578.1,577.35,577.65,547,
2016-10-27 10:17:00+05:30,577.65,578.05,577.5,578.05,576,
2016-10-27 10:18:00+05:30,577.7,578.05,577.7,577.95,1190,
2016-10-27 10:19:00+05:30,577.95,578.4,577.95,578.4,1460,
2016-10-27 10:20:00+05:30,578.4,579,578.4,579,2019,
2016-10-27 10:21:00+05:30,579,579,578.85,579,1227,
2016-10-27 10:22:00+05:30,579,579.4,579,579,1322,
2016-10-27 10:23:00+05:30,579,579.4,578.8,579.3,621,
2016-10-27 10:24:00+05:30,579.3,579.55,578.8,578.8,1018,
2016-10-27 10:25:00+05:30,578.8,579.35,578.8,579.15,275,
2016-10-27 10:26:00+05:30,579.15,579.3,579,579.25,677,
2016-10-27 10:27:00+05:30,579.25,579.25,578.8,579,1163,
2016-10-27 10:28:00+05:30,579,579,578.3,578.3,950,
2016-10-27 10:29:00+05:30,578.3,578.8,578.3,578.8,450,
2016-10-27 10:30:00+05:30,578.8,578.8,578.6,578.7,173,
2016-10-27 10:31:00+05:30,578.7,578.7,578.35,578.4,295,
2016-10-27 10:32:00+05:30,578.5,578.5,578.4,578.5,30,
2016-10-27 10:33:00+05:30,578.45,578.5,578.25,578.5,486,
2016-10-27 10:34:00+05:30,578.5,578.7,578.5,578.7,249,
2016-10-27 10:35:00+05:30,578.7,578.7,578.4,578.65,63,
2016-10-27 10:36:00+05:30,578.65,578.7,578.25,578.65,206,
2016-10-27 10:37:00+05:30,578.65,578.65,578.1,578.65,1391,
2016-10-27 10:38:00+05:30,578.65,578.65,578.1,578.1,674,
2016-10-27 10:39:00+05:30,578.1,578.55,578.1,578.4,411,
2016-10-27 10:40:00+05:30,578.4,578.55,578.15,578.15,450,
2016-10-27 10:41:00+05:30,578.15,578.5,578.15,578.5,80,
2016-10-27 10:42:00+05:30,578.5,578.6,578.3,578.6,187,
2016-10-27 10:43:00+05:30,578.6,578.6,578.4,578.5,45,
2016-10-27 10:44:00+05:30,578.5,578.5,578.3,578.5,326,
2016-10-27 10:45:00+05:30,578.5,578.5,578.25,578.45,106,
2016-10-27 10:46:00+05:30,578.45,578.45,578.25,578.35,969,
2016-10-27 10:47:00+05:30,578.35,578.35,578.1,578.25,245,
2016-10-27 10:48:00+05:30,578.25,578.35,578.1,578.35,60,
2016-10-27 10:49:00+05:30,578.35,578.35,578.1,578.35,1355,
2016-10-27 10:50:00+05:30,578.35,578.45,578.1,578.4,1838,
2016-10-27 10:51:00+05:30,578.4,578.4,578.1,578.3,136,
2016-10-27 10:52:00+05:30,578.3,578.45,578,578.15,692,
2016-10-27 10:53:00+05:30,578.15,578.45,578.1,578.45,166,
2016-10-27 10:54:00+05:30,578.45,578.45,578.4,578.4,137,
2016-10-27 10:55:00+05:30,578.4,578.4,578.1,578.1,50,
2016-10-27 10:56:00+05:30,578.35,578.35,578.15,578.15,79,
2016-10-27 10:57:00+05:30,578.15,578.35,578.15,578.35,120,
2016-10-27 10:58:00+05:30,578.35,578.5,578.2,578.5,103,
2016-10-27 10:59:00+05:30,578.5,578.6,578.5,578.5,893,
2016-10-27 11:00:00+05:30,578.5,578.6,578.5,578.5,185,
2016-10-27 11:01:00+05:30,578.5,578.5,578.2,578.25,582,
2016-10-27 11:02:00+05:30,578.25,578.5,578.25,578.5,56,
2016-10-27 11:03:00+05:30,578.5,578.5,578.5,578.5,182,
2016-10-27 11:04:00+05:30,578.5,578.6,578.5,578.5,248,
2016-10-27 11:05:00+05:30,578.5,578.6,578.5,578.6,686,
2016-10-27 11:06:00+05:30,578.6,578.6,578.4,578.6,138,
2016-10-27 11:07:00+05:30,578.6,578.6,578.25,578.25,268,
2016-10-27 11:08:00+05:30,578.25,578.6,578.25,578.3,1141,
2016-10-27 11:09:00+05:30,578.3,578.7,578.3,578.7,358,
2016-10-27 11:10:00+05:30,578.7,578.7,578.45,578.45,105,
2016-10-27 11:11:00+05:30,578.45,578.6,578.3,578.45,208,
2016-10-27 11:12:00+05:30,578.45,578.5,578.1,578.25,367,
2016-10-27 11:13:00+05:30,578.25,578.35,578.1,578.35,317,
2016-10-27 11:14:00+05:30,578.35,579,578.35,579,603,
2016-10-27 11:15:00+05:30,578.9,579.5,578.9,579.5,1029,
2016-10-27 11:16:00+05:30,579.5,580,579,579,1658,
2016-10-27 11:17:00+05:30,579,579.05,578.45,579.05,522,
2016-10-27 11:18:00+05:30,579.05,579.05,578.55,578.7,443,
2016-10-27 11:19:00+05:30,578.7,579.45,578.7,579.45,457,
2016-10-27 11:20:00+05:30,579.45,579.75,579.05,579.25,579,
2016-10-27 11:21:00+05:30,579.55,579.55,579.15,579.25,1614,
2016-10-27 11:22:00+05:30,579.25,579.5,578.7,579.5,115,
2016-10-27 11:23:00+05:30,579.5,579.55,579.25,579.55,532,
2016-10-27 11:24:00+05:30,579.55,579.55,579,579.25,142,
2016-10-27 11:25:00+05:30,579.25,579.25,579.25,579.25,113,
2016-10-27 11:26:00+05:30,579.25,579.5,579.05,579.45,433,
2016-10-27 11:27:00+05:30,579.45,579.45,579.2,579.45,657,
2016-10-27 11:28:00+05:30,579.45,579.45,579.45,579.45,262,
2016-10-27 11:29:00+05:30,579.45,579.45,579.35,579.35,100,
2016-10-27 11:30:00+05:30,579.35,579.4,579.15,579.4,275,
2016-10-27 11:31:00+05:30,579.4,579.4,578.95,579.3,433,
2016-10-27 11:32:00+05:30,579.3,579.3,579.05,579.3,102,
2016-10-27 11:33:00+05:30,579.3,579.3,578.85,579.3,416,
2016-10-27 11:34:00+05:30,579.3,579.3,578.95,579.2,88,
2016-10-27 11:35:00+05:30,579.2,579.3,579,579,391,
2016-10-27 11:36:00+05:30,579,579,578.8,579,84,
2016-10-27 11:37:00+05:30,579,579.35,578.75,579.3,581,
2016-10-27 11:38:00+05:30,579.3,579.35,579.3,579.35,457,
2016-10-27 11:39:00+05:30,579.1,579.25,579,579.1,128,
2016-10-27 11:40:00+05:30,579.1,579.1,579,579.1,376,
2016-10-27 11:41:00+05:30,579.1,579.25,579,579.2,540,
2016-10-27 11:42:00+05:30,579.2,579.2,579.2,579.2,245,
2016-10-27 11:43:00+05:30,579.2,579.2,578.7,579.2,350,
2016-10-27 11:44:00+05:30,579.2,579.2,578.8,579.2,194,
2016-10-27 11:45:00+05:30,579.2,579.2,579.15,579.2,128,
2016-10-27 11:46:00+05:30,579.2,579.2,579,579,106,
2016-10-27 11:47:00+05:30,579,579,578.6,578.6,469,
2016-10-27 11:48:00+05:30,578.6,578.6,578.55,578.6,495,
2016-10-27 11:49:00+05:30,578.6,579,578.6,579,155,
2016-10-27 11:50:00+05:30,579,579,578.95,579,97,
2016-10-27 11:51:00+05:30,578.85,578.95,578.6,578.6,866,
2016-10-27 11:52:00+05:30,578.6,579.1,578.6,578.6,2247,
2016-10-27 11:53:00+05:30,578.6,578.95,578.6,578.85,1283,
2016-10-27 11:54:00+05:30,578.85,578.85,578.4,578.75,280,
2016-10-27 11:55:00+05:30,578.75,578.8,578.5,578.65,70,
2016-10-27 11:56:00+05:30,578.65,578.75,578,578.55,4075,
2016-10-27 11:57:00+05:30,578.85,578.95,578.55,578.9,445,
2016-10-27 11:58:00+05:30,578.9,578.9,578.6,578.8,150,
2016-10-27 11:59:00+05:30,578.8,578.9,578.6,578.9,192,
2016-10-27 12:00:00+05:30,578.9,579.1,578.6,578.9,1866,
2016-10-27 12:01:00+05:30,578.9,579.6,578.8,579.5,1930,
2016-10-27 12:02:00+05:30,579.5,579.5,578.65,579,1145,
2016-10-27 12:03:00+05:30,579,579.3,578.8,579.3,290,
2016-10-27 12:04:00+05:30,579.3,579.6,579.3,579.45,785,
2016-10-27 12:05:00+05:30,579.25,579.25,579,579,739,
2016-10-27 12:06:00+05:30,579,579.25,579,579.2,85,
2016-10-27 12:07:00+05:30,579.2,579.3,579.05,579.05,299,
2016-10-27 12:08:00+05:30,579,579,578.7,578.95,965,
2016-10-27 12:09:00+05:30,578.95,578.95,578.95,578.95,96,
2016-10-27 12:10:00+05:30,578.95,578.95,578.2,578.4,671,
2016-10-27 12:11:00+05:30,578.4,578.7,578.2,578.7,350,
2016-10-27 12:12:00+05:30,578.7,578.7,578.25,578.3,106,
2016-10-27 12:13:00+05:30,578.3,578.6,578.3,578.6,101,
2016-10-27 12:14:00+05:30,578.6,578.6,578.3,578.6,75,
2016-10-27 12:15:00+05:30,578.6,578.6,578.3,578.6,65,
2016-10-27 12:16:00+05:30,578.6,578.7,578.35,578.6,623,
2016-10-27 12:17:00+05:30,578.5,578.5,578.2,578.2,189,
2016-10-27 12:18:00+05:30,578.2,578.45,578.1,578.4,1101,
2016-10-27 12:19:00+05:30,578.4,579,578.4,579,566,
2016-10-27 12:20:00+05:30,579,579.25,578.55,579,723,
2016-10-27 12:21:00+05:30,579,579.3,579,579.3,360,
2016-10-27 12:22:00+05:30,579.3,579.55,578.95,579.55,3465,
2016-10-27 12:23:00+05:30,579.55,579.55,579.1,579.1,107,
2016-10-27 12:24:00+05:30,579.1,579.4,579.1,579.35,440,
2016-10-27 12:25:00+05:30,579.35,579.35,579.35,579.35,120,
2016-10-27 12:26:00+05:30,579.35,580,579.35,580,4217,
2016-10-27 12:27:00+05:30,580,580,579.35,579.85,708,
2016-10-27 12:28:00+05:30,579.85,579.95,579.85,579.85,106,
2016-10-27 12:29:00+05:30,579.85,579.85,579,579,437,
2016-10-27 12:30:00+05:30,579,579.4,579,579.4,139,
2016-10-27 12:31:00+05:30,579.4,579.85,579.15,579.6,915,
2016-10-27 12:32:00+05:30,579.85,579.95,579.7,579.95,515,
2016-10-27 12:33:00+05:30,579.95,580,579.85,580,2757,
2016-10-27 12:34:00+05:30,580,580,579.85,579.95,431,
2016-10-27 12:35:00+05:30,579.95,580,579.6,580,1725,
2016-10-27 12:36:00+05:30,580,580,579.75,579.95,264,
2016-10-27 12:37:00+05:30,579.95,580,579.85,579.85,1662,
2016-10-27 12:38:00+05:30,579.75,579.75,579.25,579.25,620,
2016-10-27 12:39:00+05:30,579.25,579.65,579.1,579.6,371,
2016-10-27 12:40:00+05:30,579.3,579.6,579.25,579.25,31,
2016-10-27 12:41:00+05:30,579.25,579.7,579.25,579.6,879,
2016-10-27 12:42:00+05:30,579.6,579.6,579.15,579.15,296,
2016-10-27 12:43:00+05:30,579.15,579.5,579,579.5,224,
2016-10-27 12:44:00+05:30,579.5,579.6,579.5,579.6,53,
2016-10-27 12:45:00+05:30,579.6,579.65,579.35,579.65,30,
2016-10-27 12:46:00+05:30,579.65,579.85,579.65,579.85,47,
2016-10-27 12:47:00+05:30,579.85,579.85,579.65,579.8,551,
2016-10-27 12:48:00+05:30,579.8,579.8,579.05,579.05,441,
2016-10-27 12:49:00+05:30,579.25,579.85,579.25,579.85,125,
2016-10-27 12:50:00+05:30,579.85,579.85,579.5,579.8,156,
2016-10-27 12:51:00+05:30,579.8,579.8,579.5,579.7,824,
2016-10-27 12:52:00+05:30,579.85,580,579.7,579.95,797,
2016-10-27 12:53:00+05:30,579.95,580,579.7,580,357,
2016-10-27 12:54:00+05:30,580,580,579.95,580,105,
2016-10-27 12:55:00+05:30,579.95,580,579.8,579.8,2853,
2016-10-27 12:56:00+05:30,579.8,579.8,579.8,579.8,0,
2016-10-27 12:57:00+05:30,579.8,579.9,579.8,579.9,42,
2016-10-27 12:58:00+05:30,579.9,579.9,579.55,579.55,90,
2016-10-27 12:59:00+05:30,579.55,579.95,579.55,579.65,176,
2016-10-27 13:00:00+05:30,579.65,579.75,579.5,579.75,270,
2016-10-27 13:01:00+05:30,579.75,580,579.6,580,642,
2016-10-27 13:02:00+05:30,580,580,579.7,580,1594,
2016-10-27 13:03:00+05:30,580,580,579.7,580,206,
2016-10-27 13:04:00+05:30,580,580,580,580,52,
2016-10-27 13:05:00+05:30,580,580.05,580,580,3661,
2016-10-27 13:06:00+05:30,580,580,579.65,579.65,338,
2016-10-27 13:07:00+05:30,579.65,579.85,579.5,579.55,80,
2016-10-27 13:08:00+05:30,579.55,579.9,579.5,579.85,436,
2016-10-27 13:09:00+05:30,579.85,580,579.8,579.8,237,
2016-10-27 13:10:00+05:30,579.8,580.1,579.8,580.05,1126,
2016-10-27 13:11:00+05:30,580.05,580.1,579.85,580.1,187,
2016-10-27 13:12:00+05:30,580.1,580.1,580,580.1,410,
2016-10-27 13:13:00+05:30,580.1,580.15,580.1,580.15,886,
2016-10-27 13:14:00+05:30,580.15,580.15,580,580.15,111,
2016-10-27 13:15:00+05:30,580.15,580.15,579.95,580.15,910,
2016-10-27 13:16:00+05:30,580.15,580.15,579.85,579.85,578,
2016-10-27 13:17:00+05:30,579.85,580.15,579.85,579.85,527,
2016-10-27 13:18:00+05:30,579.85,580.15,579.85,580.1,98,
2016-10-27 13:19:00+05:30,580.1,580.15,579.95,580.1,379,
2016-10-27 13:20:00+05:30,580.1,580.2,580,580,1037,
2016-10-27 13:21:00+05:30,580.15,580.2,580,580.2,124,
2016-10-27 13:22:00+05:30,580.15,580.15,580,580,119,
2016-10-27 13:23:00+05:30,580.1,580.1,579.85,579.9,679,
2016-10-27 13:24:00+05:30,579.9,580.1,579.9,579.95,1838,
2016-10-27 13:25:00+05:30,579.95,580,579.95,579.95,867,
2016-10-27 13:26:00+05:30,579.95,580.1,579.95,580.1,2881,
2016-10-27 13:27:00+05:30,580.1,580.1,580,580,1372,
2016-10-27 13:28:00+05:30,580,580.2,580,580.2,1581,
2016-10-27 13:29:00+05:30,580.2,580.2,580,580.1,103,
2016-10-27 13:30:00+05:30,580.1,580.2,580,580,638,
2016-10-27 13:31:00+05:30,580,582,580,582,11231,
2016-10-27 13:32:00+05:30,582,583.1,582,582.75,4115,
2016-10-27 13:33:00+05:30,582.75,583.35,582.5,583.05,3977,
2016-10-27 13:34:00+05:30,583.05,583.75,583.05,583.4,3823,
2016-10-27 13:35:00+05:30,583.1,583.15,582.55,582.95,2906,
2016-10-27 13:36:00+05:30,582.95,583,582.5,582.9,1669,
2016-10-27 13:37:00+05:30,582.9,583,582.85,583,1065,
2016-10-27 13:38:00+05:30,583,583,582.7,583,795,
2016-10-27 13:39:00+05:30,583,583.1,582.7,582.9,967,
2016-10-27 13:40:00+05:30,582.9,582.95,582.75,582.9,899,
2016-10-27 13:41:00+05:30,582.9,582.9,582.75,582.8,1135,
2016-10-27 13:42:00+05:30,582.8,582.95,582.6,582.9,1275,
2016-10-27 13:43:00+05:30,582.9,582.95,582.65,582.7,72,
2016-10-27 13:44:00+05:30,582.7,582.75,582.65,582.7,313,
2016-10-27 13:45:00+05:30,582.7,582.8,582.7,582.8,385,
2016-10-27 13:46:00+05:30,582.85,582.95,582.75,582.85,531,
2016-10-27 13:47:00+05:30,582.85,582.85,582.3,582.5,7192,
2016-10-27 13:48:00+05:30,582.25,582.75,581.65,582.25,3164,
2016-10-27 13:49:00+05:30,582.1,582.3,581.85,582.05,1708,
2016-10-27 13:50:00+05:30,582.05,582.05,581.3,581.3,771,
2016-10-27 13:51:00+05:30,581.3,581.8,581.25,581.35,1106,
2016-10-27 13:52:00+05:30,581.35,581.85,581.35,581.8,415,
2016-10-27 13:53:00+05:30,581.8,582,581.6,581.6,231,
2016-10-27 13:54:00+05:30,581.6,582,581.6,582,303,
2016-10-27 13:55:00+05:30,582,582,581.65,581.65,139,
2016-10-27 13:56:00+05:30,581.65,581.75,581.2,581.2,309,
2016-10-27 13:57:00+05:30,581.2,581.4,581.1,581.15,495,
2016-10-27 13:58:00+05:30,581.15,581.4,581.15,581.35,199,
2016-10-27 13:59:00+05:30,581.35,581.55,581.25,581.35,487,
2016-10-27 14:00:00+05:30,581.35,581.45,581.25,581.45,270,
2016-10-27 14:01:00+05:30,581.45,581.75,581.25,581.65,282,
2016-10-27 14:02:00+05:30,581.65,581.75,581.3,581.6,279,
2016-10-27 14:03:00+05:30,581.6,582.1,581.15,582.1,961,
2016-10-27 14:04:00+05:30,582.1,582.15,581.55,581.75,791,
2016-10-27 14:05:00+05:30,581.75,581.9,581.6,581.6,275,
2016-10-27 14:06:00+05:30,581.9,582,581.4,581.4,2636,
2016-10-27 14:07:00+05:30,581.45,581.9,581.45,581.6,1289,
2016-10-27 14:08:00+05:30,581.45,581.9,581.05,581.15,1576,
2016-10-27 14:09:00+05:30,581.15,581.35,580.85,580.9,3624,
2016-10-27 14:10:00+05:30,580.85,581.1,580.7,580.8,282,
2016-10-27 14:11:00+05:30,580.8,580.9,580.6,580.6,844,
2016-10-27 14:12:00+05:30,580.6,580.95,580.3,580.3,601,
2016-10-27 14:13:00+05:30,580.25,580.45,580,580.15,4185,
2016-10-27 14:14:00+05:30,580,580.25,580,580.2,5577,
2016-10-27 14:15:00+05:30,580,580,578.6,578.8,12333,
2016-10-27 14:16:00+05:30,578.8,579.3,578.8,579.15,397,
2016-10-27 14:17:00+05:30,579,579.35,578.8,578.9,1867,
2016-10-27 14:18:00+05:30,578.9,579.45,578.6,579.3,371,
2016-10-27 14:19:00+05:30,579.05,579.5,579.05,579.45,492,
2016-10-27 14:20:00+05:30,579.45,579.5,579.45,579.45,184,
2016-10-27 14:21:00+05:30,579.45,579.95,579.2,579.95,706,
2016-10-27 14:22:00+05:30,579.95,580,579.7,579.7,1221,
2016-10-27 14:23:00+05:30,579.7,579.7,579.05,579.35,3362,
2016-10-27 14:24:00+05:30,579.35,579.75,579.35,579.75,228,
2016-10-27 14:25:00+05:30,579.75,580.1,579.1,579.9,1314,
2016-10-27 14:26:00+05:30,579.9,579.95,579.55,579.95,294,
2016-10-27 14:27:00+05:30,579.6,580,579.55,579.9,1571,
2016-10-27 14:28:00+05:30,579.95,580,578.8,578.9,2566,
2016-10-27 14:29:00+05:30,578.9,580,578.9,580,331,
2016-10-27 14:30:00+05:30,580,580,578.5,578.5,3232,
2016-10-27 14:31:00+05:30,578.6,579.05,578.2,578.45,5265,
2016-10-27 14:32:00+05:30,578.5,579.7,578.35,579.2,8611,
2016-10-27 14:33:00+05:30,579.2,580.1,579.2,580.1,6262,
2016-10-27 14:34:00+05:30,580.1,580.35,579.8,580,5385,
2016-10-27 14:35:00+05:30,580,580,579.25,579.6,5630,
2016-10-27 14:36:00+05:30,579.6,579.95,578.55,579.25,2870,
2016-10-27 14:37:00+05:30,579.25,580,579.1,579.95,4949,
2016-10-27 14:38:00+05:30,580,582.8,580,581.3,12963,
2016-10-27 14:39:00+05:30,581.15,581.15,580.2,580.4,2602,
2016-10-27 14:40:00+05:30,580.4,581.3,580.4,581.3,991,
2016-10-27 14:41:00+05:30,581.3,582.95,581.3,581.7,4226,
2016-10-27 14:42:00+05:30,581.6,581.6,580.45,581.2,2099,
2016-10-27 14:43:00+05:30,581.2,582.7,581.2,581.6,3153,
2016-10-27 14:44:00+05:30,581.6,582.5,580.9,582.4,3787,
2016-10-27 14:45:00+05:30,582.4,582.45,580.7,581.05,7690,
2016-10-27 14:46:00+05:30,580.95,581.7,580.9,581.05,1108,
2016-10-27 14:47:00+05:30,581.05,582.05,581.05,582.05,2801,
2016-10-27 14:48:00+05:30,582.3,582.3,581.7,581.7,1078,
2016-10-27 14:49:00+05:30,581.7,581.95,581.55,581.6,401,
2016-10-27 14:50:00+05:30,581.85,581.95,581.6,581.6,96,
2016-10-27 14:51:00+05:30,581.6,581.8,581.5,581.5,545,
2016-10-27 14:52:00+05:30,581.8,581.95,581.5,581.85,177,
2016-10-27 14:53:00+05:30,581.9,582,581.45,581.85,1261,
2016-10-27 14:54:00+05:30,581.6,581.9,581.6,581.9,276,
2016-10-27 14:55:00+05:30,581.75,582.45,581.75,582.45,3147,
2016-10-27 14:56:00+05:30,582.45,582.5,582.2,582.25,503,
2016-10-27 14:57:00+05:30,582.25,582.7,581.75,582,1482,
2016-10-27 14:58:00+05:30,582.05,582.8,582.05,582.5,5292,
2016-10-27 14:59:00+05:30,582.5,583,581.8,582.9,3395,
2016-10-27 15:00:00+05:30,582.95,586,582.95,586,12468,
2016-10-27 15:01:00+05:30,585.85,586.5,585.2,586.2,11471,
2016-10-27 15:02:00+05:30,586.3,586.55,585.7,585.7,25474,
2016-10-27 15:03:00+05:30,585.5,585.5,584.4,584.7,9235,
2016-10-27 15:04:00+05:30,584.7,585.9,584.7,585.35,14168,
2016-10-27 15:05:00+05:30,585.55,586.9,585.55,585.9,13252,
2016-10-27 15:06:00+05:30,585.8,586.45,585.3,585.9,8598,
2016-10-27 15:07:00+05:30,585.9,586.5,585.5,585.8,7893,
2016-10-27 15:08:00+05:30,585.75,586.1,585.1,585.9,8582,
2016-10-27 15:09:00+05:30,585.9,586,584.95,585.2,10047,
2016-10-27 15:10:00+05:30,585.25,586.25,585.25,585.65,7823,
2016-10-27 15:11:00+05:30,585.65,586.8,585.65,586.5,11321,
2016-10-27 15:12:00+05:30,586.5,587.5,586.05,586.85,12288,
2016-10-27 15:13:00+05:30,586.85,587.3,586.15,586.65,6371,
2016-10-27 15:14:00+05:30,586.65,587.75,586.65,587.75,6786,
2016-10-27 15:15:00+05:30,587.05,588,586.95,587.85,16351,
2016-10-27 15:16:00+05:30,587.85,588,586.5,586.5,13649,
2016-10-27 15:17:00+05:30,586.5,587,585.2,586.6,15609,
2016-10-27 15:18:00+05:30,586.6,587.65,586.25,586.9,13754,
2016-10-27 15:19:00+05:30,586.9,586.9,585.55,586.4,13140,
2016-10-27 15:20:00+05:30,586.4,586.55,585.6,585.6,17033,
2016-10-27 15:21:00+05:30,586.1,586.5,583.4,585,18741,
2016-10-27 15:22:00+05:30,585.25,585.65,584.05,584.95,10863,
2016-10-27 15:23:00+05:30,584.8,585.45,584.1,584.5,13490,
2016-10-27 15:24:00+05:30,584.5,584.9,584.15,584.5,9415,
2016-10-27 15:25:00+05:30,584.3,584.5,583.15,583.7,12969,
2016-10-27 15:26:00+05:30,583.7,585.8,583.1,584.95,6700,
2016-10-27 15:27:00+05:30,584.9,585.5,583.2,584.3,9306,
2016-10-27 15:28:00+05:30,584.3,585,582.2,582.7,7277,
2016-10-27 15:29:00+05:30,582.7,584.35,582.3,582.3,2998,
2016-10-28 09:15:00+05:30,583.9,585.95,583.9,585.95,2598,
2016-10-28 09:16:00+05:30,585.95,586.85,585.55,585.55,4038,
2016-10-28 09:17:00+05:30,585.55,585.9,584.65,584.9,3582,
2016-10-28 09:18:00+05:30,584.9,585.5,584.9,585.25,4579,
2016-10-28 09:19:00+05:30,585.05,585.15,583.4,583.4,6201,
2016-10-28 09:20:00+05:30,583.4,584,583.2,583.5,7083,
2016-10-28 09:21:00+05:30,583.5,583.5,582.4,582.7,3569,
2016-10-28 09:22:00+05:30,582.7,582.75,581.95,582.75,2398,
2016-10-28 09:23:00+05:30,582.75,582.75,581.5,582.3,2733,
2016-10-28 09:24:00+05:30,582.3,582.65,582.1,582.65,949,
2016-10-28 09:25:00+05:30,582.65,582.9,582.3,582.3,2020,
2016-10-28 09:26:00+05:30,582.3,582.4,582.3,582.4,599,
2016-10-28 09:27:00+05:30,582.4,582.5,582.4,582.5,724,
2016-10-28 09:28:00+05:30,582.5,582.5,581.3,581.35,2239,
2016-10-28 09:29:00+05:30,581.35,581.35,580.4,580.6,3116,
2016-10-28 09:30:00+05:30,580.6,580.6,579.9,579.9,3419,
2016-10-28 09:31:00+05:30,580.15,580.15,579.45,579.45,3597,
2016-10-28 09:32:00+05:30,579.45,579.6,579,579.6,3469,
2016-10-28 09:33:00+05:30,579.4,579.7,579.35,579.6,2201,
2016-10-28 09:34:00+05:30,579.6,579.6,579.1,579.45,1806,
2016-10-28 09:35:00+05:30,579.45,579.7,579.45,579.65,1412,
2016-10-28 09:36:00+05:30,579.65,580.4,579.25,580.35,3914,
2016-10-28 09:37:00+05:30,580,580.35,580,580,887,
2016-10-28 09:38:00+05:30,580,580.35,580,580.35,1902,
2016-10-28 09:39:00+05:30,580.35,580.55,579.8,579.85,1598,
2016-10-28 09:40:00+05:30,579.85,580.75,579.85,580.75,1818,
2016-10-28 09:41:00+05:30,580.5,580.75,580.5,580.65,1642,
2016-10-28 09:42:00+05:30,580.5,580.65,580.1,580.6,1584,
2016-10-28 09:43:00+05:30,580.6,580.65,580.25,580.6,501,
2016-10-28 09:44:00+05:30,580.6,580.65,580.3,580.55,766,
2016-10-28 09:45:00+05:30,580.55,580.7,580.3,580.7,933,
2016-10-28 09:46:00+05:30,580.7,580.75,580.5,580.65,1665,
2016-10-28 09:47:00+05:30,580.65,580.85,580.25,580.8,1150,
2016-10-28 09:48:00+05:30,580.85,581.2,580.85,581.2,711,
2016-10-28 09:49:00+05:30,581.2,581.2,580.85,581.2,365,
2016-10-28 09:50:00+05:30,581.2,581.2,580.05,580.4,2084,
2016-10-28 09:51:00+05:30,580.1,580.35,579.9,580.1,1137,
2016-10-28 09:52:00+05:30,580.1,580.1,579.4,579.95,1031,
2016-10-28 09:53:00+05:30,579.9,579.95,579.45,579.6,1580,
2016-10-28 09:54:00+05:30,579.6,579.6,579.3,579.5,1258,
2016-10-28 09:55:00+05:30,579.5,579.5,579.35,579.45,1597,
2016-10-28 09:56:00+05:30,579.45,579.7,579.35,579.7,591,
2016-10-28 09:57:00+05:30,579.7,580.6,579.7,580.35,2612,
2016-10-28 09:58:00+05:30,580.35,580.65,579.7,579.7,1709,
2016-10-28 09:59:00+05:30,580.35,580.75,580.2,580.75,2952,
2016-10-28 10:00:00+05:30,580.75,581.15,580.45,580.9,1212,
2016-10-28 10:01:00+05:30,581,581,580.5,580.75,208,
2016-10-28 10:02:00+05:30,580.75,580.75,580.4,580.6,516,
2016-10-28 10:03:00+05:30,580.6,580.6,579.8,580,1553,
2016-10-28 10:04:00+05:30,580,580.1,579.9,580.1,313,
2016-10-28 10:05:00+05:30,579.65,580.05,579.55,579.55,395,
2016-10-28 10:06:00+05:30,579.55,579.55,579.25,579.25,3584,
2016-10-28 10:07:00+05:30,579.25,579.3,579,579.25,3758,
2016-10-28 10:08:00+05:30,579.25,579.4,579.05,579.25,1812,
2016-10-28 10:09:00+05:30,579.25,579.25,579.1,579.25,832,
2016-10-28 10:10:00+05:30,579.25,579.25,578.9,579.2,1640,
2016-10-28 10:11:00+05:30,579.2,579.2,578.6,578.65,1832,
2016-10-28 10:12:00+05:30,578.65,578.7,578.2,578.2,1053,
2016-10-28 10:13:00+05:30,578.2,578.6,577.95,578.5,4812,
2016-10-28 10:14:00+05:30,578.5,579,578.5,579,3719,
2016-10-28 10:15:00+05:30,579,579.1,578.5,578.6,885,
2016-10-28 10:16:00+05:30,578.6,578.95,578.6,578.8,1936,
2016-10-28 10:17:00+05:30,578.8,579.5,578.8,579.3,8151,
2016-10-28 10:18:00+05:30,579.3,579.75,579.3,579.75,6063,
2016-10-28 10:19:00+05:30,579.75,580.2,579.65,580.1,1552,
2016-10-28 10:20:00+05:30,580.1,580.15,579.4,579.45,1696,
2016-10-28 10:21:00+05:30,579.45,579.9,579.45,579.6,40,
2016-10-28 10:22:00+05:30,579.6,580,579.6,579.75,1450,
2016-10-28 10:23:00+05:30,579.75,580.4,579.75,580.4,1003,
2016-10-28 10:24:00+05:30,580.4,580.45,580,580.1,548,
2016-10-28 10:25:00+05:30,580.1,580.2,580,580,1958,
2016-10-28 10:26:00+05:30,580,580,579.2,579.2,1207,
2016-10-28 10:27:00+05:30,579.2,579.75,579.2,579.75,426,
2016-10-28 10:28:00+05:30,579.75,579.75,579.75,579.75,495,
2016-10-28 10:29:00+05:30,579.8,579.85,579.5,579.7,503,
2016-10-28 10:30:00+05:30,579.7,579.7,579.5,579.55,615,
2016-10-28 10:31:00+05:30,579.55,579.85,579.5,579.85,1279,
2016-10-28 10:32:00+05:30,579.85,579.95,579.85,579.95,173,
2016-10-28 10:33:00+05:30,579.95,580,579.5,579.85,674,
2016-10-28 10:34:00+05:30,579.85,579.85,579.4,579.5,1021,
2016-10-28 10:35:00+05:30,579.5,579.5,579.2,579.5,330,
2016-10-28 10:36:00+05:30,579.5,579.65,579,579.65,2350,
2016-10-28 10:37:00+05:30,579.8,579.8,579.5,579.5,965,
2016-10-28 10:38:00+05:30,579.5,579.5,579.3,579.3,1125,
2016-10-28 10:39:00+05:30,579.3,579.65,579.3,579.65,1403,
2016-10-28 10:40:00+05:30,579.65,579.8,579.2,579.8,1684,
2016-10-28 10:41:00+05:30,579.8,579.8,579.5,579.8,522,
2016-10-28 10:42:00+05:30,579.8,579.8,579.25,579.6,1374,
2016-10-28 10:43:00+05:30,579.6,579.6,579.25,579.55,685,
2016-10-28 10:44:00+05:30,579.6,579.7,579.45,579.65,296,
2016-10-28 10:45:00+05:30,579.65,579.8,579.05,579.1,2339,
2016-10-28 10:46:00+05:30,579.1,579.65,579.1,579.65,419,
2016-10-28 10:47:00+05:30,579.65,579.65,579.5,579.5,9,
2016-10-28 10:48:00+05:30,579.5,579.5,579,579.15,854,
2016-10-28 10:49:00+05:30,579.15,579.35,579.15,579.15,456,
2016-10-28 10:50:00+05:30,579.15,579.15,579,579.15,1192,
2016-10-28 10:51:00+05:30,579.15,579.15,578.85,579.1,654,
2016-10-28 10:52:00+05:30,579.1,579.1,578.7,579,1685,
2016-10-28 10:53:00+05:30,578.75,579,578.75,578.8,104,
2016-10-28 10:54:00+05:30,578.8,578.95,578.65,578.65,350,
2016-10-28 10:55:00+05:30,578.65,578.9,578.45,578.7,1251,
2016-10-28 10:56:00+05:30,578.7,578.9,578.5,578.85,830,
2016-10-28 10:57:00+05:30,578.45,578.85,578.45,578.85,988,
2016-10-28 10:58:00+05:30,578.85,578.85,578.6,578.85,817,
2016-10-28 10:59:00+05:30,578.9,578.95,578.9,578.95,294,
2016-10-28 11:00:00+05:30,578.95,578.95,578.3,578.75,756,
2016-10-28 11:01:00+05:30,578.75,578.75,578.35,578.75,1098,
2016-10-28 11:02:00+05:30,578.5,578.75,578.3,578.6,1282,
2016-10-28 11:03:00+05:30,578.6,578.6,578.3,578.3,884,
2016-10-28 11:04:00+05:30,578.45,578.45,578.25,578.35,535,
2016-10-28 11:05:00+05:30,578.25,578.45,578.2,578.45,722,
2016-10-28 11:06:00+05:30,578.3,578.45,578.3,578.3,239,
2016-10-28 11:07:00+05:30,578.3,578.75,578.2,578.2,7543,
2016-10-28 11:08:00+05:30,578.2,579.1,578.2,579.1,633,
2016-10-28 11:09:00+05:30,579.1,579.2,578.25,578.55,3529,
2016-10-28 11:10:00+05:30,578.55,578.55,578.3,578.45,1049,
2016-10-28 11:11:00+05:30,578.45,578.75,578.45,578.5,622,
2016-10-28 11:12:00+05:30,578.5,578.75,578.4,578.75,2651,
2016-10-28 11:13:00+05:30,578.5,579.1,578.5,579.1,2382,
2016-10-28 11:14:00+05:30,579.1,579.6,579.1,579.3,845,
2016-10-28 11:15:00+05:30,579.5,579.5,579.3,579.45,513,
2016-10-28 11:16:00+05:30,579.45,579.5,579.15,579.15,386,
2016-10-28 11:17:00+05:30,579.15,579.45,578.65,578.9,961,
2016-10-28 11:18:00+05:30,578.9,579.1,578.9,578.95,2299,
2016-10-28 11:19:00+05:30,578.65,579.4,578.65,579.3,2242,
2016-10-28 11:20:00+05:30,579.3,579.3,578.9,578.9,1382,
2016-10-28 11:21:00+05:30,578.9,578.9,578.7,578.9,463,
2016-10-28 11:22:00+05:30,578.95,579,578.65,579,863,
2016-10-28 11:23:00+05:30,579,579,578.6,578.6,586,
2016-10-28 11:24:00+05:30,578.85,578.85,578.55,578.85,1507,
2016-10-28 11:25:00+05:30,578.85,578.85,578.5,578.7,715,
2016-10-28 11:26:00+05:30,578.7,578.7,578.4,578.4,76,
2016-10-28 11:27:00+05:30,578.4,578.6,578,578,1229,
2016-10-28 11:28:00+05:30,578,578.6,578,578.4,1943,
2016-10-28 11:29:00+05:30,578.6,578.85,578.3,578.85,3344,
2016-10-28 11:30:00+05:30,578.85,578.85,578.4,578.6,1142,
2016-10-28 11:31:00+05:30,578.6,578.95,578.6,578.75,469,
2016-10-28 11:32:00+05:30,578.75,578.75,578.55,578.75,646,
2016-10-28 11:33:00+05:30,578.75,578.75,578.75,578.75,199,
2016-10-28 11:34:00+05:30,578.75,579,578.75,579,2071,
2016-10-28 11:35:00+05:30,578.7,579,578.7,579,1295,
2016-10-28 11:36:00+05:30,579,579,578.85,579,391,
2016-10-28 11:37:00+05:30,579,579.35,579,579.35,2847,
2016-10-28 11:38:00+05:30,579.35,579.45,579.25,579.45,640,
2016-10-28 11:39:00+05:30,579.45,579.45,579.05,579.3,311,
2016-10-28 11:40:00+05:30,579.3,579.3,578.8,578.8,1153,
2016-10-28 11:41:00+05:30,579.1,579.25,578.9,578.9,738,
2016-10-28 11:42:00+05:30,578.9,579.15,578.9,579.15,188,
2016-10-28 11:43:00+05:30,579.15,579.15,578.9,578.9,593,
2016-10-28 11:44:00+05:30,578.6,578.8,578.6,578.8,1409,
2016-10-28 11:45:00+05:30,578.9,579,578.9,579,328,
2016-10-28 11:46:00+05:30,579,579.2,578.9,579.15,742,
2016-10-28 11:47:00+05:30,579.15,579.3,579,579,897,
2016-10-28 11:48:00+05:30,579,579.45,579,579.25,456,
2016-10-28 11:49:00+05:30,579.25,579.4,579.1,579.4,1987,
2016-10-28 11:50:00+05:30,579.4,579.4,579.3,579.3,830,
2016-10-28 11:51:00+05:30,579.3,579.4,579.1,579.3,758,
2016-10-28 11:52:00+05:30,579.3,579.5,579.3,579.5,1812,
2016-10-28 11:53:00+05:30,579.5,579.5,579.4,579.4,680,
2016-10-28 11:54:00+05:30,579.35,579.35,579.3,579.35,578,
2016-10-28 11:55:00+05:30,579.35,579.5,579.35,579.5,309,
2016-10-28 11:56:00+05:30,579.5,579.5,578.6,578.75,4258,
2016-10-28 11:57:00+05:30,578.75,579.45,578.75,579.1,556,
2016-10-28 11:58:00+05:30,579.1,579.45,579.1,579.3,533,
2016-10-28 11:59:00+05:30,579.3,579.35,579.05,579.3,1623,
2016-10-28 12:00:00+05:30,579.3,579.3,578.85,579.1,13352,
2016-10-28 12:01:00+05:30,579.1,579.1,577.1,577.1,20109,
2016-10-28 12:02:00+05:30,577.1,577.5,577.1,577.4,2053,
2016-10-28 12:03:00+05:30,577.4,577.4,576.1,576.1,6891,
2016-10-28 12:04:00+05:30,576.1,576.5,575.8,576.5,4313,
2016-10-28 12:05:00+05:30,576.5,576.6,576,576,2795,
2016-10-28 12:06:00+05:30,576,576.4,575.65,576.4,3143,
2016-10-28 12:07:00+05:30,576.4,576.6,576,576,6163,
2016-10-28 12:08:00+05:30,576,576,575.95,575.95,2466,
2016-10-28 12:09:00+05:30,576,576,575.95,576,3693,
2016-10-28 12:10:00+05:30,576,576,575.95,575.95,2536,
2016-10-28 12:11:00+05:30,576,576,575.75,575.8,627,
2016-10-28 12:12:00+05:30,575.8,576,575.8,575.95,985,
2016-10-28 12:13:00+05:30,576,576,575.95,576,522,
2016-10-28 12:14:00+05:30,576,576,575.8,575.8,1366,
2016-10-28 12:15:00+05:30,575.8,575.8,575.75,575.8,1065,
2016-10-28 12:16:00+05:30,575.8,575.95,575.75,575.95,1996,
2016-10-28 12:17:00+05:30,575.95,576,575.95,576,1275,
2016-10-28 12:18:00+05:30,576,576.5,576,576.5,2227,
2016-10-28 12:19:00+05:30,576.5,576.6,576.4,576.6,1225,
2016-10-28 12:20:00+05:30,576.65,577,576.5,576.8,1013,
2016-10-28 12:21:00+05:30,576.8,577.55,576.8,577.3,1420,
2016-10-28 12:22:00+05:30,577.3,577.55,577.3,577.3,1448,
2016-10-28 12:23:00+05:30,577.3,577.4,577.3,577.4,1074,
2016-10-28 12:24:00+05:30,577.4,577.8,577.3,577.5,1197,
2016-10-28 12:25:00+05:30,577.5,577.85,577.5,577.75,830,
2016-10-28 12:26:00+05:30,577.75,578,577.5,577.5,4163,
2016-10-28 12:27:00+05:30,577.5,577.7,577.5,577.7,190,
2016-10-28 12:28:00+05:30,577.7,577.7,577.5,577.7,279,
2016-10-28 12:29:00+05:30,577.7,577.7,577.5,577.55,1389,
2016-10-28 12:30:00+05:30,577.55,577.6,577.1,577.1,645,
2016-10-28 12:31:00+05:30,577.1,577.4,577,577,2096,
2016-10-28 12:32:00+05:30,577.1,577.15,576.85,577.15,5312,
2016-10-28 12:33:00+05:30,577.15,577.25,577,577.2,1130,
2016-10-28 12:34:00+05:30,577,577.15,577,577,1089,
2016-10-28 12:35:00+05:30,577,577.1,577,577,5519,
2016-10-28 12:36:00+05:30,577,577.1,577,577,695,
2016-10-28 12:37:00+05:30,577.05,577.1,577,577.1,4003,
2016-10-28 12:38:00+05:30,577.1,577.1,576.7,577,885,
2016-10-28 12:39:00+05:30,577,577,576.4,576.65,1235,
2016-10-28 12:40:00+05:30,576.65,576.8,576.35,576.35,812,
2016-10-28 12:41:00+05:30,576.35,576.4,576.3,576.4,1746,
2016-10-28 12:42:00+05:30,576.4,576.45,576.2,576.45,705,
2016-10-28 12:43:00+05:30,576.45,576.5,576.2,576.35,729,
2016-10-28 12:44:00+05:30,576.35,576.5,576.1,576.3,1209,
2016-10-28 12:45:00+05:30,576.3,576.3,576.1,576.3,2802,
2016-10-28 12:46:00+05:30,576.3,576.3,575.8,576,1367,
2016-10-28 12:47:00+05:30,576,576.1,575.8,576.1,8430,
2016-10-28 12:48:00+05:30,576.1,576.3,576.05,576.3,204,
2016-10-28 12:49:00+05:30,576.3,576.3,576.1,576.1,69,
2016-10-28 12:50:00+05:30,576.15,576.3,576,576.3,1062,
2016-10-28 12:51:00+05:30,576.2,576.3,576.05,576.2,1441,
2016-10-28 12:52:00+05:30,576.2,576.3,576.05,576.1,1108,
2016-10-28 12:53:00+05:30,576.1,576.2,576.1,576.15,1138,
2016-10-28 12:54:00+05:30,576.15,577.1,576.15,577.1,3647,
2016-10-28 12:55:00+05:30,577.1,577.1,576.6,577.05,1482,
2016-10-28 12:56:00+05:30,577.05,577.2,576.55,577.05,1229,
2016-10-28 12:57:00+05:30,577.05,577.1,576.95,577.1,836,
2016-10-28 12:58:00+05:30,577.1,577.3,577,577.3,494,
2016-10-28 12:59:00+05:30,577.3,577.45,577.05,577.45,599,
2016-10-28 13:00:00+05:30,577.45,577.45,576.75,577,1098,
2016-10-28 13:01:00+05:30,577,577,576.35,576.7,3614,
2016-10-28 13:02:00+05:30,576.7,576.75,576.6,576.6,119,
2016-10-28 13:03:00+05:30,576.6,576.6,576,576,1542,
2016-10-28 13:04:00+05:30,576,576.55,576,576.55,796,
2016-10-28 13:05:00+05:30,576.55,576.55,576.2,576.55,594,
2016-10-28 13:06:00+05:30,576.55,577.4,576.55,577.4,4307,
2016-10-28 13:07:00+05:30,577.4,577.4,576.65,576.8,2218,
2016-10-28 13:08:00+05:30,576.8,577.2,576.75,577,3025,
2016-10-28 13:09:00+05:30,577.2,577.6,577,577.6,3414,
2016-10-28 13:10:00+05:30,577.6,578.2,577.6,578.2,3454,
2016-10-28 13:11:00+05:30,578.2,578.35,578,578,857,
2016-10-28 13:12:00+05:30,578,578.05,577.75,578.05,1613,
2016-10-28 13:13:00+05:30,578.05,578.15,578,578.15,1109,
2016-10-28 13:14:00+05:30,578.15,578.15,577.75,578.1,2939,
2016-10-28 13:15:00+05:30,578.1,578.1,577.75,578.1,8107,
2016-10-28 13:16:00+05:30,578.1,578.1,578.05,578.1,3004,
2016-10-28 13:17:00+05:30,578.1,578.2,577.7,577.8,1228,
2016-10-28 13:18:00+05:30,577.8,578,577.7,577.75,2125,
2016-10-28 13:19:00+05:30,577.7,577.75,576.8,576.8,3726,
2016-10-28 13:20:00+05:30,577,577,576.6,576.6,676,
2016-10-28 13:21:00+05:30,576.6,577.25,576.55,577.2,5748,
2016-10-28 13:22:00+05:30,577.2,577.2,576.45,576.45,1378,
2016-10-28 13:23:00+05:30,576.45,576.95,576.45,576.9,14,
2016-10-28 13:24:00+05:30,576.9,577,576.3,576.3,613,
2016-10-28 13:25:00+05:30,576.3,576.85,576.3,576.45,1464,
2016-10-28 13:26:00+05:30,576.45,576.85,576.45,576.8,494,
2016-10-28 13:27:00+05:30,576.8,576.8,576.75,576.75,354,
2016-10-28 13:28:00+05:30,576.75,576.85,576.75,576.85,158,
2016-10-28 13:29:00+05:30,576.85,576.85,576.5,576.85,1199,
2016-10-28 13:30:00+05:30,576.85,576.85,576.6,576.85,328,
2016-10-28 13:31:00+05:30,576.85,576.9,576.6,576.6,1030,
2016-10-28 13:32:00+05:30,576.6,576.75,576.6,576.75,126,
2016-10-28 13:33:00+05:30,576.75,576.8,576.6,576.8,1147,
2016-10-28 13:34:00+05:30,576.8,576.8,576.3,576.8,1186,
2016-10-28 13:35:00+05:30,576.8,576.85,576.7,576.75,530,
2016-10-28 13:36:00+05:30,576.75,576.75,576.1,576.55,2307,
2016-10-28 13:37:00+05:30,576.55,577,576,577,1958,
2016-10-28 13:38:00+05:30,577.05,577.05,576.55,576.85,725,
2016-10-28 13:39:00+05:30,576.85,576.95,576.5,576.5,627,
2016-10-28 13:40:00+05:30,576.85,576.9,576.05,576.4,1706,
2016-10-28 13:41:00+05:30,576.4,576.45,576,576.25,2670,
2016-10-28 13:42:00+05:30,576.25,576.25,576.15,576.2,1688,
2016-10-28 13:43:00+05:30,576.2,576.7,576.2,576.7,1853,
2016-10-28 13:44:00+05:30,576.7,576.9,576.7,576.85,602,
2016-10-28 13:45:00+05:30,576.85,576.85,576.3,576.7,983,
2016-10-28 13:46:00+05:30,576.7,576.75,576.35,576.75,1272,
2016-10-28 13:47:00+05:30,576.75,576.75,576.55,576.7,500,
2016-10-28 13:48:00+05:30,576.7,576.85,576.5,576.5,1711,
2016-10-28 13:49:00+05:30,576.75,576.75,576.75,576.75,242,
2016-10-28 13:50:00+05:30,576.75,576.85,576.75,576.85,567,
2016-10-28 13:51:00+05:30,576.85,576.85,576.35,576.7,2167,
2016-10-28 13:52:00+05:30,576.7,576.75,576.65,576.75,689,
2016-10-28 13:53:00+05:30,576.75,577.15,576.7,577.15,4254,
2016-10-28 13:54:00+05:30,577.15,577.75,576.95,577.65,2288,
2016-10-28 13:55:00+05:30,577.65,577.8,577.35,577.5,434,
2016-10-28 13:56:00+05:30,577.5,577.5,577,577,520,
2016-10-28 13:57:00+05:30,577,577.25,577,577.15,507,
2016-10-28 13:58:00+05:30,577.15,577.95,577,577.75,2979,
2016-10-28 13:59:00+05:30,577.6,577.85,577.6,577.85,335,
2016-10-28 14:00:00+05:30,577.85,577.85,576.9,576.9,804,
2016-10-28 14:01:00+05:30,577.15,577.15,576.75,576.8,2023,
2016-10-28 14:02:00+05:30,576.85,576.95,576.8,576.95,1339,
2016-10-28 14:03:00+05:30,576.95,576.95,576.75,576.85,1272,
2016-10-28 14:04:00+05:30,576.8,576.85,576.45,576.55,1488,
2016-10-28 14:05:00+05:30,576.55,576.6,576.5,576.6,3101,
2016-10-28 14:06:00+05:30,576.6,576.6,576.5,576.5,1454,
2016-10-28 14:07:00+05:30,576.5,576.5,576.2,576.3,1359,
2016-10-28 14:08:00+05:30,576.3,576.3,576.1,576.2,2216,
2016-10-28 14:09:00+05:30,576.2,576.4,576.15,576.25,2184,
2016-10-28 14:10:00+05:30,576.45,576.45,576.15,576.15,1202,
2016-10-28 14:11:00+05:30,576.15,576.15,576,576.15,3703,
2016-10-28 14:12:00+05:30,576.2,576.2,576,576,946,
2016-10-28 14:13:00+05:30,576,576,575.85,575.9,1890,
2016-10-28 14:14:00+05:30,575.9,575.9,575.65,575.75,2028,
2016-10-28 14:15:00+05:30,575.75,575.75,575.5,575.7,7296,
2016-10-28 14:16:00+05:30,575.7,575.7,575.5,575.55,1204,
2016-10-28 14:17:00+05:30,575.55,575.65,575.05,575.15,2734,
2016-10-28 14:18:00+05:30,575.15,575.95,575.15,575.65,3046,
2016-10-28 14:19:00+05:30,575.95,576,575.6,575.9,1179,
2016-10-28 14:20:00+05:30,575.9,576.9,575.7,576.9,3414,
2016-10-28 14:21:00+05:30,576.9,576.9,576.45,576.6,1390,
2016-10-28 14:22:00+05:30,576.8,577,576.6,576.65,2016,
2016-10-28 14:23:00+05:30,576.65,576.95,576.6,576.8,1799,
2016-10-28 14:24:00+05:30,576.8,576.8,576.4,576.4,2081,
2016-10-28 14:25:00+05:30,576.4,576.45,576.2,576.2,2102,
2016-10-28 14:26:00+05:30,576.2,576.2,576,576,4898,
2016-10-28 14:27:00+05:30,576.15,576.15,576,576.15,1305,
2016-10-28 14:28:00+05:30,576.15,576.15,576,576.15,2782,
2016-10-28 14:29:00+05:30,576.15,576.15,576,576.1,1564,
2016-10-28 14:30:00+05:30,576.05,576.3,576,576.1,2693,
2016-10-28 14:31:00+05:30,576.1,576.35,575.95,576.35,2381,
2016-10-28 14:32:00+05:30,576.35,576.45,576.3,576.35,744,
2016-10-28 14:33:00+05:30,576.35,576.35,576,576.05,2403,
2016-10-28 14:34:00+05:30,576.05,576.05,576,576.05,3374,
2016-10-28 14:35:00+05:30,576.05,576.1,576,576,3141,
2016-10-28 14:36:00+05:30,576,576.2,576,576.2,2395,
2016-10-28 14:37:00+05:30,576.35,576.6,576.2,576.4,1976,
2016-10-28 14:38:00+05:30,576.2,576.55,576.2,576.4,1531,
2016-10-28 14:39:00+05:30,576.4,576.55,576.4,576.45,1585,
2016-10-28 14:40:00+05:30,576.45,577,576,577,5405,
2016-10-28 14:41:00+05:30,577,577.8,576.95,577.2,4352,
2016-10-28 14:42:00+05:30,577.2,577.5,576.75,576.75,1600,
2016-10-28 14:43:00+05:30,576.75,576.85,576.4,576.4,2069,
2016-10-28 14:44:00+05:30,576.45,576.45,576.15,576.3,2243,
2016-10-28 14:45:00+05:30,576.1,576.35,576,576,2873,
2016-10-28 14:46:00+05:30,576,576.8,576,576.8,7558,
2016-10-28 14:47:00+05:30,576.7,577.2,576.7,577,2555,
2016-10-28 14:48:00+05:30,577,577.4,576.7,576.8,2810,
2016-10-28 14:49:00+05:30,576.8,576.95,576.55,576.55,1957,
2016-10-28 14:50:00+05:30,576.55,576.85,576.55,576.85,3415,
2016-10-28 14:51:00+05:30,576.65,576.8,576.65,576.75,1552,
2016-10-28 14:52:00+05:30,576.75,576.85,576.1,576.15,2525,
2016-10-28 14:53:00+05:30,576.15,576.35,576,576.05,2513,
2016-10-28 14:54:00+05:30,576.35,576.65,576.2,576.55,7605,
2016-10-28 14:55:00+05:30,576.5,576.7,576.15,576.25,3450,
2016-10-28 14:56:00+05:30,576.25,576.4,576.2,576.25,3520,
2016-10-28 14:57:00+05:30,576.25,576.4,576.05,576.3,1712,
2016-10-28 14:58:00+05:30,576.25,576.3,576.05,576.15,3046,
2016-10-28 14:59:00+05:30,576.2,576.25,576.15,576.25,1408,
2016-10-28 15:00:00+05:30,576.2,577,576.2,577,8821,
2016-10-28 15:01:00+05:30,577,577,576.95,577,7289,
2016-10-28 15:02:00+05:30,577,577,576.1,576.15,5983,
2016-10-28 15:03:00+05:30,576.15,576.15,575.85,576,6564,
2016-10-28 15:04:00+05:30,575.9,576,575.85,575.85,7222,
2016-10-28 15:05:00+05:30,575.7,575.85,575.6,575.65,5464,
2016-10-28 15:06:00+05:30,575.75,575.75,575.4,575.5,6379,
2016-10-28 15:07:00+05:30,575.45,575.5,575.45,575.45,8002,
2016-10-28 15:08:00+05:30,575.5,575.8,575.45,575.8,7342,
2016-10-28 15:09:00+05:30,575.8,575.8,575.6,575.65,5734,
2016-10-28 15:10:00+05:30,575.65,575.7,575.6,575.7,6601,
2016-10-28 15:11:00+05:30,575.8,575.85,575.6,575.6,6364,
2016-10-28 15:12:00+05:30,576,576,575.8,575.85,6394,
2016-10-28 15:13:00+05:30,575.9,575.95,575.85,575.95,7058,
2016-10-28 15:14:00+05:30,576,576.5,575.95,576.5,8775,
2016-10-28 15:15:00+05:30,576.5,576.6,575.05,575.05,12257,
2016-10-28 15:16:00+05:30,575.1,575.1,574,574.05,16985,
2016-10-28 15:17:00+05:30,574.05,574.55,574,574.55,9338,
2016-10-28 15:18:00+05:30,574.65,575,574.65,575,9858,
2016-10-28 15:19:00+05:30,575,575.35,574.65,575.35,10747,
2016-10-28 15:20:00+05:30,575.35,575.45,574.7,574.7,10082,
2016-10-28 15:21:00+05:30,574.55,574.9,574,574,14900,
2016-10-28 15:22:00+05:30,574,574.4,573.75,574.4,13796,
2016-10-28 15:23:00+05:30,574.1,574.6,574.1,574.6,8246,
2016-10-28 15:24:00+05:30,574.6,575,574.4,574.4,11967,
2016-10-28 15:25:00+05:30,574.9,574.9,574.25,574.35,6868,
2016-10-28 15:26:00+05:30,574.35,574.6,574,574.05,9449,
2016-10-28 15:27:00+05:30,574.05,574.25,573.7,573.95,7995,
2016-10-28 15:28:00+05:30,573.95,574.4,573.95,574.15,5472,
2016-10-28 15:29:00+05:30,574.2,574.95,573.7,573.7,5734,
2016-10-30 18:30:00+05:30,579.3,579.3,578.05,578.95,3671,
2016-10-30 18:31:00+05:30,579,579,576,578.9,3895,
2016-10-30 18:32:00+05:30,578.9,578.9,577.5,577.5,1837,
2016-10-30 18:33:00+05:30,577.8,577.8,577.45,577.5,2037,
2016-10-30 18:34:00+05:30,578,578.95,577.5,578.4,2895,
2016-10-30 18:35:00+05:30,578,578.9,577.5,578.5,1524,
2016-10-30 18:36:00+05:30,578.5,579.2,578.5,578.85,1504,
2016-10-30 18:37:00+05:30,578.7,579.25,578.2,579.25,2014,
2016-10-30 18:38:00+05:30,579,579.25,577.5,579,6551,
2016-10-30 18:39:00+05:30,579,579.15,577.75,578.85,1954,
2016-10-30 18:40:00+05:30,578.85,578.95,578.05,578.45,271,
2016-10-30 18:41:00+05:30,578.9,578.9,578.05,578.45,1352,
2016-10-30 18:42:00+05:30,578.45,579,578,579,4636,
2016-10-30 18:43:00+05:30,579,579.3,578.35,579.3,1071,
2016-10-30 18:44:00+05:30,579.3,579.3,578,578,4960,
2016-10-30 18:45:00+05:30,578,578,576,577.2,7513,
2016-10-30 18:46:00+05:30,577.2,577.8,577,577.75,561,
2016-10-30 18:47:00+05:30,577.75,577.8,577,577,2171,
2016-10-30 18:48:00+05:30,577,578.25,576.6,578.2,1319,
2016-10-30 18:49:00+05:30,578,578.2,577.7,578,620,
2016-10-30 18:50:00+05:30,578,578,577.75,577.95,315,
2016-10-30 18:51:00+05:30,577.95,578.8,577.7,578.4,565,
2016-10-30 18:52:00+05:30,577.7,578.75,577.7,577.7,629,
2016-10-30 18:53:00+05:30,577.5,578.5,577.5,578.45,433,
2016-10-30 18:54:00+05:30,578.45,578.5,578,578.45,811,
2016-10-30 18:55:00+05:30,578.45,578.45,578.1,578.45,284,
2016-10-30 18:56:00+05:30,578.45,578.5,578.1,578.5,731,
2016-10-30 18:57:00+05:30,578.5,578.9,578.1,578.1,1313,
2016-10-30 18:58:00+05:30,578.1,578.9,578.1,578.9,1540,
2016-10-30 18:59:00+05:30,578.9,578.9,578.25,578.8,247,
2016-10-30 19:00:00+05:30,578.5,579,578.5,579,3657,
2016-10-30 19:01:00+05:30,579,579.5,579,579.45,776,
2016-10-30 19:02:00+05:30,579.4,580,579.4,579.95,5161,
2016-10-30 19:03:00+05:30,579.95,579.95,579.05,579.5,806,
2016-10-30 19:04:00+05:30,579.6,580,579.05,579.3,2570,
2016-10-30 19:05:00+05:30,579.3,580.6,579.3,580.05,2097,
2016-10-30 19:06:00+05:30,580.05,580.45,579,579,1728,
2016-10-30 19:07:00+05:30,579,580.4,579,579.55,700,
2016-10-30 19:08:00+05:30,579.55,580.4,579.5,580,250,
2016-10-30 19:09:00+05:30,580,580,579.45,579.95,211,
2016-10-30 19:10:00+05:30,579.95,579.95,579.45,579.9,94,
2016-10-30 19:11:00+05:30,579.55,580.5,579.45,580,1789,
2016-10-30 19:12:00+05:30,580,580,579.5,580,427,
2016-10-30 19:13:00+05:30,580,580,579.45,580,1749,
2016-10-30 19:14:00+05:30,580,580,579,579.85,882,
2016-10-30 19:15:00+05:30,579.85,579.9,579,579.7,2033,
2016-10-30 19:16:00+05:30,579.7,579.7,579.05,579.45,732,
2016-10-30 19:17:00+05:30,579.45,579.5,579.05,579.4,1940,
2016-10-30 19:18:00+05:30,579.05,579.4,577.2,578.25,4490,
2016-10-30 19:19:00+05:30,578.5,578.95,577.95,577.95,544,
2016-10-30 19:20:00+05:30,577.95,577.95,576.7,576.7,3646,
2016-10-30 19:21:00+05:30,575.55,577,575.55,576.7,665,
2016-10-30 19:22:00+05:30,576.95,577.25,576.5,577.25,915,
2016-10-30 19:23:00+05:30,577.25,577.5,577,577.45,513,
2016-10-30 19:24:00+05:30,577.45,577.75,577.35,577.6,304,
2016-10-30 19:25:00+05:30,577.6,577.8,577.1,577.7,1307,
2016-10-30 19:26:00+05:30,577.7,577.7,577.3,577.35,849,
2016-10-30 19:27:00+05:30,577.35,577.35,577.1,577.35,1911,
2016-10-30 19:28:00+05:30,577.35,577.35,576.2,577.25,1199,
2016-10-30 19:29:00+05:30,577.25,577.8,577,577.25,357,
2016-11-01 09:15:00+05:30,579.45,579.45,573.6,573.6,6418,
2016-11-01 09:16:00+05:30,573.9,575.9,573.9,575.9,5125,
2016-11-01 09:17:00+05:30,575.65,575.95,574,574.4,6039,
2016-11-01 09:18:00+05:30,574.2,574.9,574.2,574.2,8549,
2016-11-01 09:19:00+05:30,574.15,574.25,573.6,573.65,3938,
2016-11-01 09:20:00+05:30,573.9,576.45,573.9,576.25,7554,
2016-11-01 09:21:00+05:30,576.2,576.3,575.35,575.35,4565,
2016-11-01 09:22:00+05:30,575.3,575.55,574.85,575.55,1790,
2016-11-01 09:23:00+05:30,575.55,576.75,575.4,576.1,2783,
2016-11-01 09:24:00+05:30,576.45,576.9,575.05,575.3,2666,
2016-11-01 09:25:00+05:30,575.3,575.55,575.1,575.1,3559,
2016-11-01 09:26:00+05:30,575.1,575.65,574.05,574.05,3788,
2016-11-01 09:27:00+05:30,574.05,574.35,574,574.15,2877,
2016-11-01 09:28:00+05:30,574.15,575.3,573.9,574.9,5669,
2016-11-01 09:29:00+05:30,574.9,575.1,574.65,574.65,2186,
2016-11-01 09:30:00+05:30,574.7,574.7,574,574,4026,
2016-11-01 09:31:00+05:30,574,574.55,573.95,574.55,2402,
2016-11-01 09:32:00+05:30,574.55,574.95,574.45,574.65,3212,
2016-11-01 09:33:00+05:30,574.65,575.15,574.65,575.15,2578,
2016-11-01 09:34:00+05:30,575.1,575.65,575,575.2,2857,
2016-11-01 09:35:00+05:30,575.2,575.25,574.8,575.2,2537,
2016-11-01 09:36:00+05:30,575.2,576,575.2,576,1052,
2016-11-01 09:37:00+05:30,576,576.25,575.95,576,1699,
2016-11-01 09:38:00+05:30,576,576.5,576,576.25,1768,
2016-11-01 09:39:00+05:30,576.25,576.25,575.95,575.95,1128,
2016-11-01 09:40:00+05:30,575.8,575.95,575.5,575.6,1681,
2016-11-01 09:41:00+05:30,575.55,575.55,575.2,575.25,708,
2016-11-01 09:42:00+05:30,575.25,575.8,575.25,575.75,1322,
2016-11-01 09:43:00+05:30,575.75,576.2,575.55,576,1048,
2016-11-01 09:44:00+05:30,576.05,576.3,575.9,576.1,1002,
2016-11-01 09:45:00+05:30,576.1,577,576.1,576.95,2729,
2016-11-01 09:46:00+05:30,576.65,576.7,576.4,576.5,3028,
2016-11-01 09:47:00+05:30,576.5,576.5,575.15,575.2,2893,
2016-11-01 09:48:00+05:30,575.2,575.6,575.2,575.35,1763,
2016-11-01 09:49:00+05:30,575.35,575.4,575.2,575.3,1567,
2016-11-01 09:50:00+05:30,575.3,575.3,575.2,575.25,369,
2016-11-01 09:51:00+05:30,575.25,575.25,574.9,574.9,2160,
2016-11-01 09:52:00+05:30,574.9,575.2,574.9,575.1,1067,
2016-11-01 09:53:00+05:30,575.1,575.1,575.05,575.1,1662,
2016-11-01 09:54:00+05:30,575.1,575.15,575.05,575.15,509,
2016-11-01 09:55:00+05:30,575.15,575.15,575,575,395,
2016-11-01 09:56:00+05:30,575,575.05,574.75,574.75,2464,
2016-11-01 09:57:00+05:30,574.75,574.75,574.55,574.55,1119,
2016-11-01 09:58:00+05:30,574.75,575.2,574.7,575.05,2667,
2016-11-01 09:59:00+05:30,575.05,575.25,575,575.25,2071,
2016-11-01 10:00:00+05:30,575.25,575.25,574.8,574.8,1221,
2016-11-01 10:01:00+05:30,574.85,575.25,574.8,575.25,827,
2016-11-01 10:02:00+05:30,575.25,575.4,574.8,575,2647,
2016-11-01 10:03:00+05:30,575,575,574.5,574.5,595,
2016-11-01 10:04:00+05:30,574.5,574.7,574.4,574.45,3263,
2016-11-01 10:05:00+05:30,574.45,574.95,574.3,574.7,1800,
2016-11-01 10:06:00+05:30,574.7,575.45,574.65,575.2,2110,
2016-11-01 10:07:00+05:30,575.2,575.3,575,575.15,778,
2016-11-01 10:08:00+05:30,575.1,575.75,575.1,575.2,1532,
2016-11-01 10:09:00+05:30,575.2,575.3,575.1,575.1,671,
2016-11-01 10:10:00+05:30,575.1,575.25,575,575.05,430,
2016-11-01 10:11:00+05:30,575.05,575.75,575.05,575.5,1165,
2016-11-01 10:12:00+05:30,575.5,575.55,575.5,575.55,993,
2016-11-01 10:13:00+05:30,575.55,575.55,575.15,575.25,312,
2016-11-01 10:14:00+05:30,575.25,575.75,575.25,575.75,678,
2016-11-01 10:15:00+05:30,575.75,575.75,575.4,575.7,1445,
2016-11-01 10:16:00+05:30,575.7,575.75,575.35,575.4,2005,
2016-11-01 10:17:00+05:30,575.35,575.5,575,575.3,1715,
2016-11-01 10:18:00+05:30,575.3,575.3,575.05,575.15,1281,
2016-11-01 10:19:00+05:30,575.15,575.65,575.05,575.4,1214,
2016-11-01 10:20:00+05:30,575.4,575.45,575.05,575.05,1162,
2016-11-01 10:21:00+05:30,575.05,575.95,575,575.95,6755,
2016-11-01 10:22:00+05:30,575.95,576.1,575.7,575.8,2830,
2016-11-01 10:23:00+05:30,575.8,576.2,575.8,576,1723,
2016-11-01 10:24:00+05:30,575.9,576,575.85,575.9,596,
2016-11-01 10:25:00+05:30,575.9,575.95,575.65,575.65,2669,
2016-11-01 10:26:00+05:30,575.65,575.7,575.2,575.25,1609,
2016-11-01 10:27:00+05:30,575.25,575.35,574.9,574.95,1612,
2016-11-01 10:28:00+05:30,574.95,575.1,574.8,574.85,2427,
2016-11-01 10:29:00+05:30,574.85,574.95,574.85,574.85,1348,
2016-11-01 10:30:00+05:30,574.85,574.95,574.8,574.9,1164,
2016-11-01 10:31:00+05:30,574.9,575.95,574.7,575.7,3646,
2016-11-01 10:32:00+05:30,575.9,576,575.6,575.6,2186,
2016-11-01 10:33:00+05:30,575.6,575.6,574.6,574.6,2666,
2016-11-01 10:34:00+05:30,574.5,575.55,574.25,575.55,4129,
2016-11-01 10:35:00+05:30,575.55,576.2,575.55,575.95,8264,
2016-11-01 10:36:00+05:30,575.55,575.75,575.3,575.6,2233,
2016-11-01 10:37:00+05:30,575.6,575.7,575.3,575.35,712,
2016-11-01 10:38:00+05:30,575.3,575.35,574.25,574.35,8362,
2016-11-01 10:39:00+05:30,574.35,575.35,574.35,574.7,4303,
2016-11-01 10:40:00+05:30,574.7,575,574.55,575,3254,
2016-11-01 10:41:00+05:30,575,575.9,574.95,574.95,6131,
2016-11-01 10:42:00+05:30,574.95,574.95,574.7,574.7,2831,
2016-11-01 10:43:00+05:30,574.7,574.8,574,574,5196,
2016-11-01 10:44:00+05:30,574,574.25,574,574.1,1320,
2016-11-01 10:45:00+05:30,574.05,574.1,574,574,4035,
2016-11-01 10:46:00+05:30,574,574.1,573.8,573.8,1948,
2016-11-01 10:47:00+05:30,573.8,573.85,573.75,573.75,1862,
2016-11-01 10:48:00+05:30,573.75,573.85,573.75,573.85,3350,
2016-11-01 10:49:00+05:30,573.85,573.95,573.8,573.9,1566,
2016-11-01 10:50:00+05:30,573.9,573.9,573.45,573.45,5489,
2016-11-01 10:51:00+05:30,573.45,573.5,573.3,573.3,1618,
2016-11-01 10:52:00+05:30,573.3,573.35,573.2,573.2,2260,
2016-11-01 10:53:00+05:30,573.25,573.25,573.1,573.1,3656,
2016-11-01 10:54:00+05:30,573.1,573.1,572.75,572.75,3693,
2016-11-01 10:55:00+05:30,572.75,572.75,572.15,572.15,2495,
2016-11-01 10:56:00+05:30,572.6,572.6,572.05,572.1,2667,
2016-11-01 10:57:00+05:30,572.1,572.1,571.6,571.65,6325,
2016-11-01 10:58:00+05:30,571.65,572.1,571.65,572.1,3231,
2016-11-01 10:59:00+05:30,572.1,572.4,572.1,572.4,4577,
2016-11-01 11:00:00+05:30,572.4,573.65,572.4,573.5,3769,
2016-11-01 11:01:00+05:30,573.5,573.95,573.5,573.95,1267,
2016-11-01 11:02:00+05:30,573.95,574,573.65,573.9,1629,
2016-11-01 11:03:00+05:30,573.9,574,573.85,573.85,4548,
2016-11-01 11:04:00+05:30,573.85,573.9,573.55,573.55,1650,
2016-11-01 11:05:00+05:30,573.55,573.6,573.45,573.55,1707,
2016-11-01 11:06:00+05:30,573.55,573.55,573.3,573.3,3230,
2016-11-01 11:07:00+05:30,573.3,573.95,573.25,573.5,2682,
2016-11-01 11:08:00+05:30,573.5,573.55,573.1,573.15,836,
2016-11-01 11:09:00+05:30,573.1,573.1,573,573,1075,
2016-11-01 11:10:00+05:30,573,573.1,572.95,573.05,2897,
2016-11-01 11:11:00+05:30,573.1,573.35,573.05,573.3,1251,
2016-11-01 11:12:00+05:30,573.25,573.35,573.1,573.35,2429,
2016-11-01 11:13:00+05:30,573.35,573.45,573.3,573.45,2042,
2016-11-01 11:14:00+05:30,573.45,573.65,573.45,573.65,2274,
2016-11-01 11:15:00+05:30,573.65,573.7,573.4,573.7,1447,
2016-11-01 11:16:00+05:30,573.7,574.6,573.55,574.5,6088,
2016-11-01 11:17:00+05:30,574.5,574.8,574.35,574.55,2669,
2016-11-01 11:18:00+05:30,574.55,575.7,574.35,575.65,6578,
2016-11-01 11:19:00+05:30,575.5,575.75,574.45,574.45,5200,
2016-11-01 11:20:00+05:30,574.6,574.6,574.05,574.35,8617,
2016-11-01 11:21:00+05:30,574.35,575,574.3,574.6,7142,
2016-11-01 11:22:00+05:30,574.6,574.6,574.15,574.15,1031,
2016-11-01 11:23:00+05:30,574.15,574.15,574,574,1248,
2016-11-01 11:24:00+05:30,574,574.1,573.25,573.3,3671,
2016-11-01 11:25:00+05:30,573.35,574.65,573.35,574.65,3008,
2016-11-01 11:26:00+05:30,574.75,574.95,574.4,574.5,8081,
2016-11-01 11:27:00+05:30,574.5,574.65,574.35,574.55,4395,
2016-11-01 11:28:00+05:30,574.45,574.45,574.2,574.2,4019,
2016-11-01 11:29:00+05:30,574.25,574.65,574,574.2,2874,
2016-11-01 11:30:00+05:30,574.2,574.2,573.8,573.85,1207,
2016-11-01 11:31:00+05:30,573.85,574.15,573.85,574.1,1888,
2016-11-01 11:32:00+05:30,574.1,574.1,573.8,573.9,946,
2016-11-01 11:33:00+05:30,573.9,573.9,573.8,573.9,978,
2016-11-01 11:34:00+05:30,573.85,573.9,573.8,573.85,522,
2016-11-01 11:35:00+05:30,573.8,573.85,573.7,573.7,1213,
2016-11-01 11:36:00+05:30,573.75,574,573.7,573.9,1562,
2016-11-01 11:37:00+05:30,573.9,574.4,573.9,574.2,2288,
2016-11-01 11:38:00+05:30,574.2,574.2,574.1,574.1,1045,
2016-11-01 11:39:00+05:30,574.1,574.15,573.6,573.6,948,
2016-11-01 11:40:00+05:30,573.6,573.65,573.6,573.65,1265,
2016-11-01 11:41:00+05:30,573.65,573.95,573.6,573.6,1054,
2016-11-01 11:42:00+05:30,573.6,573.7,573.55,573.55,1368,
2016-11-01 11:43:00+05:30,573.5,573.55,573.05,573.05,3384,
2016-11-01 11:44:00+05:30,573.05,573.1,573,573,2687,
2016-11-01 11:45:00+05:30,573,573.05,572.85,572.85,695,
2016-11-01 11:46:00+05:30,572.85,572.9,572.55,572.6,1233,
2016-11-01 11:47:00+05:30,572.6,572.65,572.4,572.45,2622,
2016-11-01 11:48:00+05:30,572.4,572.55,572.4,572.5,1036,
2016-11-01 11:49:00+05:30,572.5,572.55,572.15,572.2,2252,
2016-11-01 11:50:00+05:30,572.2,572.25,572.15,572.2,2422,
2016-11-01 11:51:00+05:30,572.2,572.2,572.1,572.15,1509,
2016-11-01 11:52:00+05:30,572.15,572.6,572.05,572.6,2386,
2016-11-01 11:53:00+05:30,572.8,573.7,572.6,573.7,3020,
2016-11-01 11:54:00+05:30,573.75,573.85,573.3,573.5,2024,
2016-11-01 11:55:00+05:30,573.5,573.5,573.3,573.3,1174,
2016-11-01 11:56:00+05:30,573.3,573.3,573.1,573.1,800,
2016-11-01 11:57:00+05:30,573.15,573.15,573.05,573.05,1029,
2016-11-01 11:58:00+05:30,573.05,573.05,572.85,572.9,1265,
2016-11-01 11:59:00+05:30,572.9,573.4,572.9,572.95,1985,
2016-11-01 12:00:00+05:30,572.95,572.95,572.25,572.35,1856,
2016-11-01 12:01:00+05:30,572.35,572.4,572.2,572.3,2083,
2016-11-01 12:02:00+05:30,572.3,572.3,572.25,572.3,1279,
2016-11-01 12:03:00+05:30,572.3,572.8,572.2,572.7,2929,
2016-11-01 12:04:00+05:30,572.85,572.85,572.2,572.55,2156,
2016-11-01 12:05:00+05:30,572.55,572.6,572.5,572.6,1479,
2016-11-01 12:06:00+05:30,572.6,572.6,572.45,572.5,1270,
2016-11-01 12:07:00+05:30,572.5,573.4,572.5,572.95,1300,
2016-11-01 12:08:00+05:30,572.95,573.1,572.75,572.75,786,
2016-11-01 12:09:00+05:30,572.85,572.85,572.75,572.8,1274,
2016-11-01 12:10:00+05:30,572.8,573.1,572.75,573.05,1547,
2016-11-01 12:11:00+05:30,573,573.35,572.95,572.95,1010,
2016-11-01 12:12:00+05:30,572.95,573,572.8,572.9,1167,
2016-11-01 12:13:00+05:30,572.9,572.95,572.8,572.85,1055,
2016-11-01 12:14:00+05:30,572.85,573.45,572.8,573.45,1648,
2016-11-01 12:15:00+05:30,573.45,573.5,573.25,573.35,1279,
2016-11-01 12:16:00+05:30,573.45,573.5,573.1,573.1,531,
2016-11-01 12:17:00+05:30,573.3,574.5,573.3,574.2,3170,
2016-11-01 12:18:00+05:30,574.2,574.25,573.95,574,1300,
2016-11-01 12:19:00+05:30,574.15,574.2,573.75,573.8,1819,
2016-11-01 12:20:00+05:30,573.8,573.85,573.5,573.7,1003,
2016-11-01 12:21:00+05:30,573.65,574.15,573.65,574,2201,
2016-11-01 12:22:00+05:30,574,574.45,574,574.2,2442,
2016-11-01 12:23:00+05:30,574.3,574.45,573.85,573.9,1876,
2016-11-01 12:24:00+05:30,573.95,573.95,573.6,573.7,892,
2016-11-01 12:25:00+05:30,573.7,573.75,573.6,573.65,1120,
2016-11-01 12:26:00+05:30,573.6,573.75,573.55,573.7,1265,
2016-11-01 12:27:00+05:30,573.75,573.75,573.65,573.75,2034,
2016-11-01 12:28:00+05:30,573.75,574.3,573.65,573.7,4054,
2016-11-01 12:29:00+05:30,573.7,573.7,573.05,573.05,3766,
2016-11-01 12:30:00+05:30,573.1,573.1,572.25,572.75,12407,
2016-11-01 12:31:00+05:30,572.75,572.95,572.55,572.8,2578,
2016-11-01 12:32:00+05:30,572.8,572.85,572.55,572.55,5304,
2016-11-01 12:33:00+05:30,572.55,572.75,572.4,572.7,3765,
2016-11-01 12:34:00+05:30,572.8,572.8,572.65,572.65,1229,
2016-11-01 12:35:00+05:30,572.75,572.75,572.3,572.4,2468,
2016-11-01 12:36:00+05:30,572.4,572.65,572.4,572.65,2749,
2016-11-01 12:37:00+05:30,572.65,572.9,572.5,572.9,2213,
2016-11-01 12:38:00+05:30,572.55,573.05,572.55,573,1310,
2016-11-01 12:39:00+05:30,573,573.1,572.85,572.85,819,
2016-11-01 12:40:00+05:30,572.85,572.9,572.55,572.8,3387,
2016-11-01 12:41:00+05:30,572.65,572.9,572.6,572.75,1397,
2016-11-01 12:42:00+05:30,572.75,573.15,572.7,573.15,2036,
2016-11-01 12:43:00+05:30,573.15,573.15,573.05,573.1,1468,
2016-11-01 12:44:00+05:30,573.1,573.15,572.75,573.1,1381,
2016-11-01 12:45:00+05:30,573.1,573.45,573.1,573.35,1373,
2016-11-01 12:46:00+05:30,573.35,573.5,573.25,573.35,688,
2016-11-01 12:47:00+05:30,573.25,573.95,573.25,573.65,773,
2016-11-01 12:48:00+05:30,573.55,573.55,573.3,573.35,792,
2016-11-01 12:49:00+05:30,573.35,573.7,573.35,573.45,780,
2016-11-01 12:50:00+05:30,573.45,573.5,573.1,573.1,536,
2016-11-01 12:51:00+05:30,573.1,573.1,572.75,572.9,815,
2016-11-01 12:52:00+05:30,572.9,572.9,572.8,572.8,682,
2016-11-01 12:53:00+05:30,572.85,572.85,572.75,572.75,487,
2016-11-01 12:54:00+05:30,572.8,572.8,572.4,572.4,2058,
2016-11-01 12:55:00+05:30,572.45,572.45,572.3,572.35,1534,
2016-11-01 12:56:00+05:30,572.35,572.95,572.3,572.95,1048,
2016-11-01 12:57:00+05:30,572.95,572.95,572.4,572.4,740,
2016-11-01 12:58:00+05:30,572.4,572.8,572.4,572.6,565,
2016-11-01 12:59:00+05:30,572.6,573,572.4,572.6,495,
2016-11-01 13:00:00+05:30,572.6,573,572.45,573,780,
2016-11-01 13:01:00+05:30,573,573,572.65,572.65,789,
2016-11-01 13:02:00+05:30,572.65,572.7,572.5,572.55,899,
2016-11-01 13:03:00+05:30,572.55,573,572.55,573,1200,
2016-11-01 13:04:00+05:30,573,573,572.7,572.9,570,
2016-11-01 13:05:00+05:30,572.9,573.4,572.8,573.1,1422,
2016-11-01 13:06:00+05:30,573.15,573.5,573.15,573.25,1037,
2016-11-01 13:07:00+05:30,573.25,573.25,573.2,573.25,186,
2016-11-01 13:08:00+05:30,573.25,573.35,573.2,573.35,444,
2016-11-01 13:09:00+05:30,573.35,573.35,573.3,573.35,327,
2016-11-01 13:10:00+05:30,573.35,573.35,573.2,573.2,469,
2016-11-01 13:11:00+05:30,573.2,573.25,573.2,573.25,723,
2016-11-01 13:12:00+05:30,573.25,573.25,572.6,572.6,1491,
2016-11-01 13:13:00+05:30,572.6,572.7,572.5,572.7,12963,
2016-11-01 13:14:00+05:30,572.8,573.15,572.65,572.65,1947,
2016-11-01 13:15:00+05:30,572.65,573,572.65,572.65,1247,
2016-11-01 13:16:00+05:30,572.65,573.15,572.55,572.65,3023,
2016-11-01 13:17:00+05:30,572.65,572.65,572.3,572.35,1323,
2016-11-01 13:18:00+05:30,572.35,572.4,572.3,572.4,795,
2016-11-01 13:19:00+05:30,572.4,572.5,572.35,572.5,1858,
2016-11-01 13:20:00+05:30,572.5,572.5,572.35,572.45,518,
2016-11-01 13:21:00+05:30,572.45,572.55,572.45,572.55,228,
2016-11-01 13:22:00+05:30,572.55,572.95,572.45,572.8,481,
2016-11-01 13:23:00+05:30,572.75,573,572.75,572.9,395,
2016-11-01 13:24:00+05:30,572.9,573.1,572.8,573,214,
2016-11-01 13:25:00+05:30,573,573.1,572.8,573,850,
2016-11-01 13:26:00+05:30,573,573.1,572.95,573.1,159,
2016-11-01 13:27:00+05:30,573.1,573.25,572.8,573.2,965,
2016-11-01 13:28:00+05:30,573.2,573.2,572.85,572.95,472,
2016-11-01 13:29:00+05:30,572.9,573.2,572.9,572.95,271,
2016-11-01 13:30:00+05:30,573,573.2,573,573.2,497,
2016-11-01 13:31:00+05:30,573.2,573.2,572.25,572.25,2861,
2016-11-01 13:32:00+05:30,572.3,572.3,571.65,571.95,8615,
2016-11-01 13:33:00+05:30,571.95,572,571.85,571.9,2062,
2016-11-01 13:34:00+05:30,571.9,571.95,571.8,571.85,191,
2016-11-01 13:35:00+05:30,571.85,571.85,571.8,571.85,703,
2016-11-01 13:36:00+05:30,571.85,571.85,571.45,571.6,2523,
2016-11-01 13:37:00+05:30,571.6,571.95,571.45,571.85,1423,
2016-11-01 13:38:00+05:30,571.85,571.9,571.65,571.8,193,
2016-11-01 13:39:00+05:30,571.8,571.9,571.7,571.7,555,
2016-11-01 13:40:00+05:30,571.7,571.75,571.6,571.75,841,
2016-11-01 13:41:00+05:30,571.75,572,571.75,572,1299,
2016-11-01 13:42:00+05:30,572,572,571.9,572,1150,
2016-11-01 13:43:00+05:30,572,572,571.85,571.9,1414,
2016-11-01 13:44:00+05:30,571.85,571.95,571.85,571.95,685,
2016-11-01 13:45:00+05:30,571.95,572,571.8,571.8,5186,
2016-11-01 13:46:00+05:30,571.8,572,571.75,572,1851,
2016-11-01 13:47:00+05:30,572,572.75,571.9,572.5,13432,
2016-11-01 13:48:00+05:30,572.3,573.15,572.3,573.15,3936,
2016-11-01 13:49:00+05:30,573.15,573.35,573.05,573.25,1573,
2016-11-01 13:50:00+05:30,573.25,573.25,572.3,572.3,3797,
2016-11-01 13:51:00+05:30,572.3,572.3,572,572.1,633,
2016-11-01 13:52:00+05:30,572.1,572.15,572.05,572.15,709,
2016-11-01 13:53:00+05:30,572.15,572.15,572.05,572.1,466,
2016-11-01 13:54:00+05:30,572.1,572.1,572.05,572.1,727,
2016-11-01 13:55:00+05:30,572.1,572.1,572,572,1167,
2016-11-01 13:56:00+05:30,572,572.35,572,572.1,751,
2016-11-01 13:57:00+05:30,572.1,572.1,572.05,572.1,482,
2016-11-01 13:58:00+05:30,572.1,572.2,572.05,572.15,681,
2016-11-01 13:59:00+05:30,572.15,572.2,572,572.15,401,
2016-11-01 14:00:00+05:30,572.15,572.4,572.05,572.15,380,
2016-11-01 14:01:00+05:30,572.1,572.7,572.1,572.55,361,
2016-11-01 14:02:00+05:30,572.5,572.9,572.4,572.5,448,
2016-11-01 14:03:00+05:30,572.5,572.55,572.35,572.55,753,
2016-11-01 14:04:00+05:30,572.55,572.95,572.55,572.9,424,
2016-11-01 14:05:00+05:30,572.6,572.85,572.55,572.55,477,
2016-11-01 14:06:00+05:30,572.55,572.75,572.55,572.55,596,
2016-11-01 14:07:00+05:30,572.55,572.85,572.4,572.5,689,
2016-11-01 14:08:00+05:30,572.8,573,572.7,572.85,3119,
2016-11-01 14:09:00+05:30,572.75,572.9,572.3,572.3,1298,
2016-11-01 14:10:00+05:30,572.5,572.5,572.3,572.35,268,
2016-11-01 14:11:00+05:30,572.35,572.45,572.3,572.3,1800,
2016-11-01 14:12:00+05:30,572.3,572.3,571.7,571.7,3354,
2016-11-01 14:13:00+05:30,571.6,572.25,571.6,572.25,2457,
2016-11-01 14:14:00+05:30,572.15,572.25,571.95,572.05,636,
2016-11-01 14:15:00+05:30,571.9,572.35,571.9,572.05,1724,
2016-11-01 14:16:00+05:30,572.05,572.35,571.95,572,1063,
2016-11-01 14:17:00+05:30,572,572,571.8,571.9,1383,
2016-11-01 14:18:00+05:30,571.8,571.85,571.65,571.85,1123,
2016-11-01 14:19:00+05:30,571.85,571.85,571.05,571.4,11570,
2016-11-01 14:20:00+05:30,571.4,571.45,570.65,571,6864,
2016-11-01 14:21:00+05:30,571,571.35,570.8,571,2976,
2016-11-01 14:22:00+05:30,571,571.95,571,571.95,4539,
2016-11-01 14:23:00+05:30,571.95,571.95,571.6,571.6,1070,
2016-11-01 14:24:00+05:30,571.5,571.6,571.45,571.55,1562,
2016-11-01 14:25:00+05:30,571.55,571.65,571.45,571.65,1394,
2016-11-01 14:26:00+05:30,571.65,571.85,571.55,571.55,1966,
2016-11-01 14:27:00+05:30,571.55,571.65,571.2,571.2,1636,
2016-11-01 14:28:00+05:30,571.2,571.4,570.55,570.55,2335,
2016-11-01 14:29:00+05:30,570.55,570.8,570.55,570.55,1065,
2016-11-01 14:30:00+05:30,570.55,571.3,570.55,571.3,3110,
2016-11-01 14:31:00+05:30,570.85,571.15,570.85,570.9,871,
2016-11-01 14:32:00+05:30,570.95,571.95,570.95,571.9,2015,
2016-11-01 14:33:00+05:30,571.85,572.3,571.5,571.7,2674,
2016-11-01 14:34:00+05:30,571.7,571.8,571.3,571.55,2405,
2016-11-01 14:35:00+05:30,571.55,571.55,571.05,571.55,1857,
2016-11-01 14:36:00+05:30,571.55,571.55,571.1,571.1,1583,
2016-11-01 14:37:00+05:30,571.1,572,571.1,572,4176,
2016-11-01 14:38:00+05:30,572,572.2,572,572.1,5942,
2016-11-01 14:39:00+05:30,572.1,572.1,571.65,572,3868,
2016-11-01 14:40:00+05:30,571.6,571.95,571.35,571.95,2207,
2016-11-01 14:41:00+05:30,571.95,571.95,571.4,571.4,301,
2016-11-01 14:42:00+05:30,571.45,571.95,571.4,571.95,845,
2016-11-01 14:43:00+05:30,571.95,571.95,571.45,571.45,699,
2016-11-01 14:44:00+05:30,571.45,572.25,571.3,571.9,3080,
2016-11-01 14:45:00+05:30,571.85,571.9,571.25,571.25,1996,
2016-11-01 14:46:00+05:30,571.25,572,571.2,571.35,1439,
2016-11-01 14:47:00+05:30,571.35,571.7,571.3,571.6,6308,
2016-11-01 14:48:00+05:30,571.6,571.6,571.35,571.4,803,
2016-11-01 14:49:00+05:30,571.4,571.4,571.35,571.35,317,
2016-11-01 14:50:00+05:30,571.35,571.65,571.3,571.3,536,
2016-11-01 14:51:00+05:30,571.35,571.65,571.3,571.65,2040,
2016-11-01 14:52:00+05:30,571.7,572,571.65,571.65,1055,
2016-11-01 14:53:00+05:30,571.65,571.95,571.65,571.7,258,
2016-11-01 14:54:00+05:30,571.7,572,571.55,572,1685,
2016-11-01 14:55:00+05:30,571.65,571.65,571.3,571.3,999,
2016-11-01 14:56:00+05:30,571.3,571.95,571.3,571.95,1683,
2016-11-01 14:57:00+05:30,571.95,571.95,571.3,571.45,716,
2016-11-01 14:58:00+05:30,571.45,571.9,571.45,571.5,386,
2016-11-01 14:59:00+05:30,571.5,571.9,571.45,571.6,747,
2016-11-01 15:00:00+05:30,571.55,571.65,571.5,571.5,2427,
2016-11-01 15:01:00+05:30,571.55,571.8,571.5,571.6,1664,
2016-11-01 15:02:00+05:30,571.6,573.3,571.55,572.75,12536,
2016-11-01 15:03:00+05:30,572.75,572.75,572.5,572.55,5469,
2016-11-01 15:04:00+05:30,572.5,572.75,572.35,572.35,5912,
2016-11-01 15:05:00+05:30,572.3,572.3,572,572.05,1448,
2016-11-01 15:06:00+05:30,572,572.6,571.95,572.35,9253,
2016-11-01 15:07:00+05:30,572.35,572.45,571.8,571.85,3115,
2016-11-01 15:08:00+05:30,571.85,572.5,571.8,572.3,4615,
2016-11-01 15:09:00+05:30,572.3,572.3,572,572.1,1698,
2016-11-01 15:10:00+05:30,572.1,572.1,572,572.05,3364,
2016-11-01 15:11:00+05:30,572.05,572.35,571.55,571.65,8303,
2016-11-01 15:12:00+05:30,571.65,572,571.6,571.9,2599,
2016-11-01 15:13:00+05:30,571.9,571.9,571.55,571.6,2788,
2016-11-01 15:14:00+05:30,571.55,571.6,571.5,571.55,2575,
2016-11-01 15:15:00+05:30,571.55,571.6,571.5,571.5,6078,
2016-11-01 15:16:00+05:30,571.65,571.95,571.5,571.75,5971,
2016-11-01 15:17:00+05:30,571.7,571.7,571.55,571.55,2712,
2016-11-01 15:18:00+05:30,571.55,571.55,571.5,571.55,4204,
2016-11-01 15:19:00+05:30,571.5,571.55,571.35,571.35,2793,
2016-11-01 15:20:00+05:30,571.4,571.8,571.4,571.55,4207,
2016-11-01 15:21:00+05:30,571.5,571.5,571.4,571.45,5486,
2016-11-01 15:22:00+05:30,571.3,571.45,571,571.1,3714,
2016-11-01 15:23:00+05:30,571,571.65,571,571.35,4304,
2016-11-01 15:24:00+05:30,571.35,571.8,571.05,571.6,4014,
2016-11-01 15:25:00+05:30,571.35,571.85,571.2,571.85,2980,
2016-11-01 15:26:00+05:30,571.55,571.75,571.25,571.6,6036,
2016-11-01 15:27:00+05:30,571.45,571.45,571.05,571.2,3605,
2016-11-01 15:28:00+05:30,571.2,571.4,571,571.05,1147,
2016-11-01 15:29:00+05:30,571.2,571.45,570.1,570.5,6381,
2016-11-02 09:15:00+05:30,569.55,569.55,566.55,567.3,7370,
2016-11-02 09:16:00+05:30,567.05,567.45,565.65,566.25,4911,
2016-11-02 09:17:00+05:30,566.25,567.6,566.25,566.9,5455,
2016-11-02 09:18:00+05:30,566.9,567.8,566.85,567.4,2091,
2016-11-02 09:19:00+05:30,566.85,567.9,566.25,566.25,5607,
2016-11-02 09:20:00+05:30,566.25,566.45,566.05,566.2,2517,
2016-11-02 09:21:00+05:30,566.2,566.35,565.75,566.35,3643,
2016-11-02 09:22:00+05:30,566.05,566.15,565.1,565.55,1865,
2016-11-02 09:23:00+05:30,565.5,565.8,565.15,565.8,1833,
2016-11-02 09:24:00+05:30,565.8,566.2,565.55,566.1,2363,
2016-11-02 09:25:00+05:30,566,567.45,565.8,567.45,1950,
2016-11-02 09:26:00+05:30,567.45,568.45,567.35,568.45,2788,
2016-11-02 09:27:00+05:30,568.15,568.45,567.15,567.55,1561,
2016-11-02 09:28:00+05:30,567.55,568.35,567.55,568.35,878,
2016-11-02 09:29:00+05:30,568.35,568.45,568,568,1281,
2016-11-02 09:30:00+05:30,568,568.35,567.35,567.35,1928,
2016-11-02 09:31:00+05:30,567.35,567.7,567,567.15,1035,
2016-11-02 09:32:00+05:30,567.15,567.65,566.8,566.8,677,
2016-11-02 09:33:00+05:30,566.8,566.9,566.7,566.7,502,
2016-11-02 09:34:00+05:30,566.7,566.7,565.65,565.7,4234,
2016-11-02 09:35:00+05:30,565.7,566.15,565.7,566.1,1200,
2016-11-02 09:36:00+05:30,566.1,566.1,565.8,566,349,
2016-11-02 09:37:00+05:30,565.8,566,565.55,565.6,1981,
2016-11-02 09:38:00+05:30,565.6,566.15,565.6,566.15,1623,
2016-11-02 09:39:00+05:30,566.15,566.25,565.85,566.25,599,
2016-11-02 09:40:00+05:30,566.25,566.25,565.5,566.05,3562,
2016-11-02 09:41:00+05:30,566.05,566.05,565.55,565.6,1765,
2016-11-02 09:42:00+05:30,565.6,565.6,565.15,565.15,4149,
2016-11-02 09:43:00+05:30,565.15,565.15,564.55,564.95,5321,
2016-11-02 09:44:00+05:30,564.95,564.95,564.55,564.65,1579,
2016-11-02 09:45:00+05:30,564.65,565.45,564.55,565.05,3169,
2016-11-02 09:46:00+05:30,565.05,565.2,565.05,565.05,945,
2016-11-02 09:47:00+05:30,565.05,565.6,565.05,565.4,545,
2016-11-02 09:48:00+05:30,565.4,565.4,564.8,565,2873,
2016-11-02 09:49:00+05:30,565,565,563.55,564.05,5051,
2016-11-02 09:50:00+05:30,563.7,564.95,563.65,564.95,3137,
2016-11-02 09:51:00+05:30,564.95,565.9,564.9,565.4,14232,
2016-11-02 09:52:00+05:30,565.4,565.7,564.7,564.7,7066,
2016-11-02 09:53:00+05:30,564.75,565.45,564.2,564.2,4299,
2016-11-02 09:54:00+05:30,564.2,564.6,563.8,564,9603,
2016-11-02 09:55:00+05:30,564,564.2,563.75,564,5889,
2016-11-02 09:56:00+05:30,563.75,564,563.25,563.5,3375,
2016-11-02 09:57:00+05:30,563.5,564.15,563.5,564.1,4212,
2016-11-02 09:58:00+05:30,564.15,564.55,564.05,564.05,1010,
2016-11-02 09:59:00+05:30,564.2,564.2,564.05,564.05,620,
2016-11-02 10:00:00+05:30,564.05,564.35,563.6,563.8,3514,
2016-11-02 10:01:00+05:30,563.8,564.45,563.5,564.45,2380,
2016-11-02 10:02:00+05:30,564.35,564.45,563.05,563.05,5316,
2016-11-02 10:03:00+05:30,562.95,563.05,562.3,562.75,6742,
2016-11-02 10:04:00+05:30,562.9,563.8,562.75,563.65,9513,
2016-11-02 10:05:00+05:30,563.7,564.55,563.6,564.25,6207,
2016-11-02 10:06:00+05:30,564.25,565,563.65,564.4,7705,
2016-11-02 10:07:00+05:30,564.4,565.2,564.4,564.6,3084,
2016-11-02 10:08:00+05:30,564.6,564.95,564.5,564.65,2565,
2016-11-02 10:09:00+05:30,564.65,565.5,564.4,564.8,8181,
2016-11-02 10:10:00+05:30,564.8,565,564.3,564.7,1965,
2016-11-02 10:11:00+05:30,564.7,565,564.45,564.8,4650,
2016-11-02 10:12:00+05:30,564.8,565.4,564.8,565.4,842,
2016-11-02 10:13:00+05:30,565.5,565.5,564.9,565,4723,
2016-11-02 10:14:00+05:30,565,565.1,564.85,564.85,1033,
2016-11-02 10:15:00+05:30,564.85,565,564.6,564.6,1198,
2016-11-02 10:16:00+05:30,564.6,564.8,564.45,564.45,1131,
2016-11-02 10:17:00+05:30,564.45,564.45,564.1,564.1,133,
2016-11-02 10:18:00+05:30,564.1,564.15,564,564.05,373,
2016-11-02 10:19:00+05:30,564.05,564.35,564.05,564.35,849,
2016-11-02 10:20:00+05:30,564.35,564.45,564.35,564.4,583,
2016-11-02 10:21:00+05:30,564.45,564.65,564.45,564.65,1220,
2016-11-02 10:22:00+05:30,564.65,564.65,564.45,564.55,429,
2016-11-02 10:23:00+05:30,564.35,565.1,564.3,565.1,3701,
2016-11-02 10:24:00+05:30,565.1,565.2,564.9,565,1039,
2016-11-02 10:25:00+05:30,565,565.75,565,565.2,2213,
2016-11-02 10:26:00+05:30,565.2,565.9,565.2,565.4,1519,
2016-11-02 10:27:00+05:30,565.4,565.75,565.25,565.4,783,
2016-11-02 10:28:00+05:30,565.2,565.4,565.1,565.2,1345,
2016-11-02 10:29:00+05:30,565.6,566,565.45,565.8,2066,
2016-11-02 10:30:00+05:30,565.8,565.9,565.5,565.5,1833,
2016-11-02 10:31:00+05:30,565.5,565.5,565.05,565.05,1281,
2016-11-02 10:32:00+05:30,565.05,565.35,565,565.1,656,
2016-11-02 10:33:00+05:30,565.1,565.1,565,565,460,
2016-11-02 10:34:00+05:30,565,565.2,565,565,926,
2016-11-02 10:35:00+05:30,565,565.15,564.7,565.15,947,
2016-11-02 10:36:00+05:30,565.15,565.8,564.85,565.5,1609,
2016-11-02 10:37:00+05:30,565.5,565.5,565.1,565.35,2447,
2016-11-02 10:38:00+05:30,565.35,565.35,565,565,412,
2016-11-02 10:39:00+05:30,565,565,564.15,564.15,1499,
2016-11-02 10:40:00+05:30,564.15,564.15,564,564,1360,
2016-11-02 10:41:00+05:30,563.85,564.15,563.8,564.15,1555,
2016-11-02 10:42:00+05:30,564.15,564.2,563.85,564.1,626,
2016-11-02 10:43:00+05:30,563.85,564.25,563.8,564.1,208,
2016-11-02 10:44:00+05:30,564.1,564.25,563.9,564.2,1252,
2016-11-02 10:45:00+05:30,564.2,564.2,563.9,564,220,
2016-11-02 10:46:00+05:30,564,564.5,563.95,564.05,5210,
2016-11-02 10:47:00+05:30,564.3,564.3,563.5,563.5,3554,
2016-11-02 10:48:00+05:30,563.6,563.7,563.2,563.6,4564,
2016-11-02 10:49:00+05:30,563.6,563.7,563.5,563.6,3445,
2016-11-02 10:50:00+05:30,563.6,563.6,563.15,563.35,266,
2016-11-02 10:51:00+05:30,563.35,563.35,563.1,563.1,3430,
2016-11-02 10:52:00+05:30,563.1,563.1,562.8,563,1963,
2016-11-02 10:53:00+05:30,563,563,562.1,562.15,4718,
2016-11-02 10:54:00+05:30,562.15,562.8,562.15,562.7,4694,
2016-11-02 10:55:00+05:30,562.7,562.9,562.3,562.35,1342,
2016-11-02 10:56:00+05:30,562.35,562.6,562.35,562.6,1151,
2016-11-02 10:57:00+05:30,562.6,562.7,562.35,562.7,1273,
2016-11-02 10:58:00+05:30,562.7,562.7,562.6,562.6,551,
2016-11-02 10:59:00+05:30,562.6,562.6,562.5,562.5,341,
2016-11-02 11:00:00+05:30,562.5,563.35,562.5,563.15,4235,
2016-11-02 11:01:00+05:30,563.15,563.2,562.75,562.75,821,
2016-11-02 11:02:00+05:30,562.6,563.5,562.6,562.95,4215,
2016-11-02 11:03:00+05:30,562.95,563.45,562.55,563.15,2690,
2016-11-02 11:04:00+05:30,563.15,563.5,563.15,563.3,3282,
2016-11-02 11:05:00+05:30,563.3,564,563.2,564,1798,
2016-11-02 11:06:00+05:30,564,564,563.7,564,656,
2016-11-02 11:07:00+05:30,564,564,563.1,563.55,2737,
2016-11-02 11:08:00+05:30,563.55,564,563.55,563.9,846,
2016-11-02 11:09:00+05:30,563.9,564.4,563.9,564,1786,
2016-11-02 11:10:00+05:30,563.75,563.75,563.35,563.5,2123,
2016-11-02 11:11:00+05:30,563.5,563.5,563.4,563.4,1290,
2016-11-02 11:12:00+05:30,563.4,563.8,563.4,563.8,3296,
2016-11-02 11:13:00+05:30,563.9,564.45,563.8,564.1,3400,
2016-11-02 11:14:00+05:30,564.1,564.5,564.05,564.1,570,
2016-11-02 11:15:00+05:30,564.1,564.15,564.05,564.05,348,
2016-11-02 11:16:00+05:30,564.05,564.3,564.05,564.3,187,
2016-11-02 11:17:00+05:30,564.3,564.85,564.2,564.85,2966,
2016-11-02 11:18:00+05:30,564.85,565,564.85,564.9,1077,
2016-11-02 11:19:00+05:30,564.9,565,564.45,564.45,2765,
2016-11-02 11:20:00+05:30,564.45,564.6,564.1,564.1,951,
2016-11-02 11:21:00+05:30,564.1,564.1,563.85,564,2239,
2016-11-02 11:22:00+05:30,563.8,563.95,563.7,563.7,402,
2016-11-02 11:23:00+05:30,563.7,563.95,563.7,563.95,221,
2016-11-02 11:24:00+05:30,563.95,563.95,563.5,563.5,1025,
2016-11-02 11:25:00+05:30,563.5,563.7,563.45,563.6,1465,
2016-11-02 11:26:00+05:30,563.65,563.7,563.6,563.6,370,
2016-11-02 11:27:00+05:30,563.4,563.6,563.4,563.4,885,
2016-11-02 11:28:00+05:30,563.35,563.4,563.3,563.4,806,
2016-11-02 11:29:00+05:30,563.4,563.4,563.2,563.2,2253,
2016-11-02 11:30:00+05:30,563.2,563.2,563.1,563.1,208,
2016-11-02 11:31:00+05:30,563.1,563.4,563.1,563.4,851,
2016-11-02 11:32:00+05:30,563.4,563.4,563.1,563.1,50,
2016-11-02 11:33:00+05:30,563.2,563.6,563.2,563.6,680,
2016-11-02 11:34:00+05:30,563.6,563.6,563.1,563.1,431,
2016-11-02 11:35:00+05:30,563.45,563.8,563.45,563.8,901,
2016-11-02 11:36:00+05:30,563.8,563.8,563.45,563.65,105,
2016-11-02 11:37:00+05:30,563.65,564,563.35,563.85,1098,
2016-11-02 11:38:00+05:30,563.85,563.85,563,563.6,2918,
2016-11-02 11:39:00+05:30,563.5,563.95,563.4,563.65,603,
2016-11-02 11:40:00+05:30,563.65,564,563.65,564,655,
2016-11-02 11:41:00+05:30,564,564,563.65,564,1394,
2016-11-02 11:42:00+05:30,563.55,563.55,563.05,563.4,4624,
2016-11-02 11:43:00+05:30,563.4,563.5,563.05,563.5,336,
2016-11-02 11:44:00+05:30,563.5,563.5,563.1,563.4,934,
2016-11-02 11:45:00+05:30,563.4,563.4,563.2,563.2,54,
2016-11-02 11:46:00+05:30,563.2,563.5,563.05,563.5,857,
2016-11-02 11:47:00+05:30,563.5,563.75,563.3,563.75,725,
2016-11-02 11:48:00+05:30,563.75,563.8,563.5,563.65,31,
2016-11-02 11:49:00+05:30,563.6,563.95,563.6,563.65,889,
2016-11-02 11:50:00+05:30,563.65,563.85,563.55,563.7,319,
2016-11-02 11:51:00+05:30,563.7,563.85,563.6,563.85,124,
2016-11-02 11:52:00+05:30,563.85,564.2,563.85,563.95,958,
2016-11-02 11:53:00+05:30,563.95,564.2,563.7,564,1362,
2016-11-02 11:54:00+05:30,564,564,563.7,563.7,735,
2016-11-02 11:55:00+05:30,563.65,563.8,563.5,563.5,3022,
2016-11-02 11:56:00+05:30,563.5,563.7,563.25,563.7,314,
2016-11-02 11:57:00+05:30,563.7,563.7,563.05,563.05,3284,
2016-11-02 11:58:00+05:30,563.05,563.35,562.6,562.85,5544,
2016-11-02 11:59:00+05:30,562.85,562.85,562.55,562.55,828,
2016-11-02 12:00:00+05:30,562.55,562.95,562.55,562.9,822,
2016-11-02 12:01:00+05:30,562.65,563,562.65,563,637,
2016-11-02 12:02:00+05:30,563,563.15,563,563.15,384,
2016-11-02 12:03:00+05:30,563.15,563.25,563,563.15,141,
2016-11-02 12:04:00+05:30,563,563.25,563,563.2,3935,
2016-11-02 12:05:00+05:30,563.2,563.2,563,563.2,55,
2016-11-02 12:06:00+05:30,563.2,563.2,562.9,562.9,132,
2016-11-02 12:07:00+05:30,562.9,563.1,562.9,563.1,197,
2016-11-02 12:08:00+05:30,563.1,563.35,563,563.35,426,
2016-11-02 12:09:00+05:30,563.35,563.35,562.95,563,203,
2016-11-02 12:10:00+05:30,563,563.4,563,563,500,
2016-11-02 12:11:00+05:30,563,563.2,563,563.2,105,
2016-11-02 12:12:00+05:30,563,563.4,563,563.4,777,
2016-11-02 12:13:00+05:30,563.4,563.4,563.1,563.1,3,
2016-11-02 12:14:00+05:30,563.1,563.35,563.1,563.1,56,
2016-11-02 12:15:00+05:30,563,563.5,563,563.35,1417,
2016-11-02 12:16:00+05:30,563.35,563.35,563.1,563.15,13,
2016-11-02 12:17:00+05:30,563.1,563.5,563,563.4,107,
2016-11-02 12:18:00+05:30,563.4,563.4,563,563,218,
2016-11-02 12:19:00+05:30,563.2,563.9,563.05,563.6,2235,
2016-11-02 12:20:00+05:30,563.6,564.35,563.6,564.2,922,
2016-11-02 12:21:00+05:30,564.2,564.2,563.75,564,1569,
2016-11-02 12:22:00+05:30,564,564.8,564,564.15,2819,
2016-11-02 12:23:00+05:30,564.15,564.15,564,564,81,
2016-11-02 12:24:00+05:30,564,564,563.85,563.9,718,
2016-11-02 12:25:00+05:30,563.9,564.05,563.9,564.05,742,
2016-11-02 12:26:00+05:30,564.05,564.05,563.8,563.8,414,
2016-11-02 12:27:00+05:30,564.15,564.15,563.7,564.05,1369,
2016-11-02 12:28:00+05:30,564,564.15,564,564.15,644,
2016-11-02 12:29:00+05:30,564.15,564.15,564,564,642,
2016-11-02 12:30:00+05:30,564,564.1,563.85,563.85,1482,
2016-11-02 12:31:00+05:30,563.85,563.85,563.1,563.2,547,
2016-11-02 12:32:00+05:30,563.2,563.2,563.05,563.1,380,
2016-11-02 12:33:00+05:30,563.1,563.9,563.05,563.9,434,
2016-11-02 12:34:00+05:30,563.9,564,563.8,564,185,
2016-11-02 12:35:00+05:30,564,565,563.85,564.9,1690,
2016-11-02 12:36:00+05:30,564.8,565.8,564.8,565.8,5218,
2016-11-02 12:37:00+05:30,565.8,566,565.8,565.8,4313,
2016-11-02 12:38:00+05:30,565.95,566,565.5,565.8,2670,
2016-11-02 12:39:00+05:30,565.7,565.85,565.5,565.85,1451,
2016-11-02 12:40:00+05:30,565.85,567.15,565.2,567.1,9795,
2016-11-02 12:41:00+05:30,567.2,567.65,566.85,567.4,5813,
2016-11-02 12:42:00+05:30,567.4,567.45,566.9,567,2402,
2016-11-02 12:43:00+05:30,567,567,566.6,566.7,351,
2016-11-02 12:44:00+05:30,566.7,566.9,566.25,566.35,1295,
2016-11-02 12:45:00+05:30,566.7,566.7,566.35,566.35,132,
2016-11-02 12:46:00+05:30,566.35,566.75,566.15,566.35,4415,
2016-11-02 12:47:00+05:30,566.35,566.35,565.95,566,1388,
2016-11-02 12:48:00+05:30,566,566,565.45,565.6,3236,
2016-11-02 12:49:00+05:30,565.6,565.65,565.35,565.4,1318,
2016-11-02 12:50:00+05:30,565.4,565.45,565.3,565.3,366,
2016-11-02 12:51:00+05:30,565.3,565.45,565.3,565.35,145,
2016-11-02 12:52:00+05:30,565.35,565.35,565.05,565.3,2004,
2016-11-02 12:53:00+05:30,565.35,565.5,565.05,565.1,714,
2016-11-02 12:54:00+05:30,565.3,565.3,565.05,565.2,669,
2016-11-02 12:55:00+05:30,565.2,565.2,565,565,2004,
2016-11-02 12:56:00+05:30,565,565,564.25,564.5,1266,
2016-11-02 12:57:00+05:30,564.5,564.5,564.05,564.2,569,
2016-11-02 12:58:00+05:30,564.2,564.2,564.05,564.15,892,
2016-11-02 12:59:00+05:30,564.15,564.2,564.1,564.2,499,
2016-11-02 13:00:00+05:30,564.2,564.2,563.65,563.65,2568,
2016-11-02 13:01:00+05:30,563.65,563.9,563.65,563.75,1103,
2016-11-02 13:02:00+05:30,563.75,563.85,563.75,563.85,38,
2016-11-02 13:03:00+05:30,563.85,564.45,563.85,563.9,2350,
2016-11-02 13:04:00+05:30,563.9,564.05,563.9,564,171,
2016-11-02 13:05:00+05:30,564,564,563.85,563.95,260,
2016-11-02 13:06:00+05:30,563.8,564,563.8,563.9,346,
2016-11-02 13:07:00+05:30,563.85,564,563.6,564,4691,
2016-11-02 13:08:00+05:30,564,564,563.7,563.7,2719,
2016-11-02 13:09:00+05:30,563.7,563.95,563.7,563.95,1366,
2016-11-02 13:10:00+05:30,563.95,564.1,563.6,564,762,
2016-11-02 13:11:00+05:30,564,564.1,563.7,563.7,474,
2016-11-02 13:12:00+05:30,563.7,563.75,563.25,563.25,1053,
2016-11-02 13:13:00+05:30,563.2,563.8,563,563.8,2863,
2016-11-02 13:14:00+05:30,563.8,564,563.05,563.5,2039,
2016-11-02 13:15:00+05:30,563.4,563.5,563.2,563.45,909,
2016-11-02 13:16:00+05:30,563.45,563.55,563.2,563.55,3128,
2016-11-02 13:17:00+05:30,563.55,563.6,563.25,563.4,3214,
2016-11-02 13:18:00+05:30,563,564,563,564,11539,
2016-11-02 13:19:00+05:30,564,564.4,563.9,564.2,2015,
2016-11-02 13:20:00+05:30,564.25,564.5,564.2,564.5,1399,
2016-11-02 13:21:00+05:30,564.45,564.6,564.4,564.6,1325,
2016-11-02 13:22:00+05:30,564.6,564.7,564.45,564.65,1368,
2016-11-02 13:23:00+05:30,564.65,564.65,564.4,564.5,2242,
2016-11-02 13:24:00+05:30,564.5,564.5,564.3,564.3,417,
2016-11-02 13:25:00+05:30,564.3,564.4,564.15,564.15,729,
2016-11-02 13:26:00+05:30,564.15,564.55,564.1,564.5,1981,
2016-11-02 13:27:00+05:30,564.55,564.6,564.4,564.55,1850,
2016-11-02 13:28:00+05:30,564.55,564.55,564.15,564.15,2989,
2016-11-02 13:29:00+05:30,564.15,564.2,563.8,563.8,2797,
2016-11-02 13:30:00+05:30,563.85,564.1,563.65,564.1,693,
2016-11-02 13:31:00+05:30,564.1,564.1,563.7,563.7,228,
2016-11-02 13:32:00+05:30,563.7,564.5,563.6,564.45,1776,
2016-11-02 13:33:00+05:30,564.55,564.55,564.05,564.05,1445,
2016-11-02 13:34:00+05:30,564.05,564.4,564.05,564.1,538,
2016-11-02 13:35:00+05:30,564.1,564.75,564.05,564.75,4293,
2016-11-02 13:36:00+05:30,564.75,564.8,564.4,564.8,900,
2016-11-02 13:37:00+05:30,564.8,564.8,564.25,564.5,898,
2016-11-02 13:38:00+05:30,564.5,564.7,564.2,564.55,770,
2016-11-02 13:39:00+05:30,564.55,564.6,564.4,564.5,118,
2016-11-02 13:40:00+05:30,564.5,564.5,564.1,564.25,318,
2016-11-02 13:41:00+05:30,564.25,564.25,563.95,564,410,
2016-11-02 13:42:00+05:30,564,564,563.7,563.7,584,
2016-11-02 13:43:00+05:30,563.7,563.9,563.6,563.65,1234,
2016-11-02 13:44:00+05:30,563.65,563.65,563.55,563.65,916,
2016-11-02 13:45:00+05:30,563.65,563.65,563.5,563.6,847,
2016-11-02 13:46:00+05:30,563.6,563.65,563.35,563.6,356,
2016-11-02 13:47:00+05:30,563.35,564,563.35,564,1038,
2016-11-02 13:48:00+05:30,564,564,563.7,563.9,667,
2016-11-02 13:49:00+05:30,563.9,564,563.9,564,95,
2016-11-02 13:50:00+05:30,563.8,564,563.65,563.8,208,
2016-11-02 13:51:00+05:30,563.8,563.8,563.65,563.75,225,
2016-11-02 13:52:00+05:30,563.75,564,563.5,563.95,2866,
2016-11-02 13:53:00+05:30,563.95,564.05,563.85,564.05,352,
2016-11-02 13:54:00+05:30,564.05,564.2,564,564.15,398,
2016-11-02 13:55:00+05:30,564,564.2,564,564.2,295,
2016-11-02 13:56:00+05:30,564.2,564.2,564,564,360,
2016-11-02 13:57:00+05:30,564,564.15,564,564.05,675,
2016-11-02 13:58:00+05:30,564.05,564.65,563.85,564.65,2231,
2016-11-02 13:59:00+05:30,564.65,564.65,564.15,564.35,237,
2016-11-02 14:00:00+05:30,564.2,564.3,563.9,563.95,803,
2016-11-02 14:01:00+05:30,563.95,564.35,563.85,564.2,2216,
2016-11-02 14:02:00+05:30,564.2,564.2,564.05,564.1,144,
2016-11-02 14:03:00+05:30,564.1,564.1,563.65,563.95,515,
2016-11-02 14:04:00+05:30,563.95,564.4,563.65,564.2,1042,
2016-11-02 14:05:00+05:30,564.05,564.3,563.95,564.3,607,
2016-11-02 14:06:00+05:30,564.25,564.35,564,564.2,401,
2016-11-02 14:07:00+05:30,564.2,564.2,563.75,563.75,568,
2016-11-02 14:08:00+05:30,563.75,563.75,563.5,563.5,675,
2016-11-02 14:09:00+05:30,563.5,563.5,563.15,563.15,1321,
2016-11-02 14:10:00+05:30,563.15,563.35,563.05,563.35,324,
2016-11-02 14:11:00+05:30,563.35,563.35,563.35,563.35,45,
2016-11-02 14:12:00+05:30,563.3,563.35,563.25,563.35,952,
2016-11-02 14:13:00+05:30,563.35,563.85,563.35,563.85,191,
2016-11-02 14:14:00+05:30,563.85,563.9,563.5,563.5,1893,
2016-11-02 14:15:00+05:30,563.05,563.65,563.05,563.65,5812,
2016-11-02 14:16:00+05:30,563.65,563.65,563.5,563.65,313,
2016-11-02 14:17:00+05:30,563.65,563.65,563.65,563.65,1398,
2016-11-02 14:18:00+05:30,563.65,563.65,563.5,563.6,208,
2016-11-02 14:19:00+05:30,563.6,563.6,563.5,563.6,2003,
2016-11-02 14:20:00+05:30,563.6,563.7,563.5,563.5,499,
2016-11-02 14:21:00+05:30,563.6,563.65,563.6,563.65,348,
2016-11-02 14:22:00+05:30,563.65,563.75,563.45,563.45,1836,
2016-11-02 14:23:00+05:30,563.45,563.45,563.2,563.35,795,
2016-11-02 14:24:00+05:30,563.35,564,563.15,563.95,2505,
2016-11-02 14:25:00+05:30,563.95,564,563.85,563.85,335,
2016-11-02 14:26:00+05:30,563.7,563.75,563.5,563.55,189,
2016-11-02 14:27:00+05:30,563.55,563.55,563.1,563.1,261,
2016-11-02 14:28:00+05:30,563.1,563.3,562.85,562.95,3052,
2016-11-02 14:29:00+05:30,562.95,563,562.7,562.7,265,
2016-11-02 14:30:00+05:30,562.7,562.9,562.65,562.75,412,
2016-11-02 14:31:00+05:30,562.75,563,562.55,562.9,1804,
2016-11-02 14:32:00+05:30,562.85,563,562.85,563,650,
2016-11-02 14:33:00+05:30,563,563,562.95,562.95,636,
2016-11-02 14:34:00+05:30,562.95,563,562.7,562.7,969,
2016-11-02 14:35:00+05:30,562.7,562.7,562.55,562.6,1076,
2016-11-02 14:36:00+05:30,562.6,562.7,562.55,562.7,1041,
2016-11-02 14:37:00+05:30,562.7,563.1,562.7,563,938,
2016-11-02 14:38:00+05:30,563,563.2,562.8,563.2,1301,
2016-11-02 14:39:00+05:30,563.2,564,563.15,563.9,1521,
2016-11-02 14:40:00+05:30,563.65,563.9,563.55,563.7,487,
2016-11-02 14:41:00+05:30,563.7,563.7,563.1,563.25,497,
2016-11-02 14:42:00+05:30,563.25,563.7,563.05,563.7,1295,
2016-11-02 14:43:00+05:30,563.65,563.95,563.65,563.85,1152,
2016-11-02 14:44:00+05:30,563.85,564.85,563.85,564.65,7461,
2016-11-02 14:45:00+05:30,564.65,564.65,564.4,564.45,708,
2016-11-02 14:46:00+05:30,564.45,564.45,563.95,564,470,
2016-11-02 14:47:00+05:30,564,564,563.55,563.55,1750,
2016-11-02 14:48:00+05:30,563.55,563.65,563.3,563.35,1446,
2016-11-02 14:49:00+05:30,563.35,563.45,563.05,563.3,839,
2016-11-02 14:50:00+05:30,563.3,563.35,563.15,563.25,831,
2016-11-02 14:51:00+05:30,563.25,563.25,562.85,562.85,504,
2016-11-02 14:52:00+05:30,562.85,563.1,562.85,563.1,1173,
2016-11-02 14:53:00+05:30,563.1,564.45,563.05,564.45,4326,
2016-11-02 14:54:00+05:30,564.45,564.45,563.75,563.95,2560,
2016-11-02 14:55:00+05:30,563.85,564.4,563.8,564.15,4995,
2016-11-02 14:56:00+05:30,564.15,564.3,563.9,564.05,559,
2016-11-02 14:57:00+05:30,564,564,563.7,563.7,1183,
2016-11-02 14:58:00+05:30,563.7,564,563.6,563.6,1402,
2016-11-02 14:59:00+05:30,563.6,564,563.6,564,1274,
2016-11-02 15:00:00+05:30,564,564,563.1,563.25,1978,
2016-11-02 15:01:00+05:30,563.25,563.9,563.2,563.55,3538,
2016-11-02 15:02:00+05:30,563.55,563.65,562.8,562.85,6240,
2016-11-02 15:03:00+05:30,562.85,562.9,562.2,562.25,13703,
2016-11-02 15:04:00+05:30,562.25,562.25,561.4,561.5,11287,
2016-11-02 15:05:00+05:30,561.6,561.7,560.65,560.65,11524,
2016-11-02 15:06:00+05:30,560.1,560.35,559.85,559.85,16126,
2016-11-02 15:07:00+05:30,559.85,560.4,559.7,560.3,4012,
2016-11-02 15:08:00+05:30,560.25,560.8,560.1,560.15,2998,
2016-11-02 15:09:00+05:30,560.1,560.2,559.85,559.95,3034,
2016-11-02 15:10:00+05:30,559.85,560,559.35,559.4,1596,
2016-11-02 15:11:00+05:30,559.4,559.95,559.15,559.2,5218,
2016-11-02 15:12:00+05:30,559.35,559.5,559,559.3,4312,
2016-11-02 15:13:00+05:30,559.3,559.4,558.8,558.8,3503,
2016-11-02 15:14:00+05:30,558.85,558.95,558.55,558.65,3782,
2016-11-02 15:15:00+05:30,558.65,559.55,558.65,559.25,7847,
2016-11-02 15:16:00+05:30,559.3,560.2,559.3,560,12857,
2016-11-02 15:17:00+05:30,560,560.65,559.8,560.2,4084,
2016-11-02 15:18:00+05:30,560.2,560.4,559.35,559.5,7672,
2016-11-02 15:19:00+05:30,559.65,560.5,559.55,560.1,6026,
2016-11-02 15:20:00+05:30,560.1,560.1,558.65,558.7,4696,
2016-11-02 15:21:00+05:30,558.7,558.7,558,558.15,8621,
2016-11-02 15:22:00+05:30,558.15,559,558,558.65,4659,
2016-11-02 15:23:00+05:30,558.7,559.4,558.5,558.5,3285,
2016-11-02 15:24:00+05:30,558.5,558.95,558,558.2,4070,
2016-11-02 15:25:00+05:30,558.2,559.2,558.15,558.85,7162,
2016-11-02 15:26:00+05:30,558.85,560,558.85,559.2,9392,
2016-11-02 15:27:00+05:30,559.2,560.15,559.2,559.5,6477,
2016-11-02 15:28:00+05:30,559.8,559.8,558.85,559.55,5569,
2016-11-02 15:29:00+05:30,558.85,559.65,557.6,558.55,4767,
2016-11-03 09:15:00+05:30,558.65,558.65,556.45,556.8,6652,
2016-11-03 09:16:00+05:30,556.7,558.9,556,558.15,7822,
2016-11-03 09:17:00+05:30,558.4,558.75,558.15,558.55,3298,
2016-11-03 09:18:00+05:30,558.9,559.6,558.5,558.8,4726,
2016-11-03 09:19:00+05:30,558.8,559.15,557.65,558.1,2149,
2016-11-03 09:20:00+05:30,558.1,558.85,557.6,558.85,5169,
2016-11-03 09:21:00+05:30,558.85,558.85,557.6,557.65,2179,
2016-11-03 09:22:00+05:30,557.65,558.5,557.6,558.35,670,
2016-11-03 09:23:00+05:30,558.35,558.4,557.85,558.35,753,
2016-11-03 09:24:00+05:30,558.35,559.65,558.35,559.15,3336,
2016-11-03 09:25:00+05:30,559.15,560.4,559.15,560.15,2495,
2016-11-03 09:26:00+05:30,560.15,560.25,559.45,560.25,1101,
2016-11-03 09:27:00+05:30,560.25,562,560.25,562,4432,
2016-11-03 09:28:00+05:30,562,562.35,561.2,561.7,5013,
2016-11-03 09:29:00+05:30,561.7,562.35,561,562,2458,
2016-11-03 09:30:00+05:30,562,562.35,560.8,561.85,1680,
2016-11-03 09:31:00+05:30,561.85,562.9,561.8,562.65,3180,
2016-11-03 09:32:00+05:30,562.65,562.9,561.85,562.15,1565,
2016-11-03 09:33:00+05:30,562.15,563,562.15,562.95,3129,
2016-11-03 09:34:00+05:30,562.95,563.8,562.55,563.2,5502,
2016-11-03 09:35:00+05:30,563.2,563.4,562.8,563.05,2272,
2016-11-03 09:36:00+05:30,563.05,563.35,562.1,562.9,4556,
2016-11-03 09:37:00+05:30,562.9,563.25,562.7,563.05,2784,
2016-11-03 09:38:00+05:30,563.05,563.35,562.8,562.8,2093,
2016-11-03 09:39:00+05:30,562.9,562.95,562.35,562.7,1831,
2016-11-03 09:40:00+05:30,562.7,562.75,562.35,562.75,1727,
2016-11-03 09:41:00+05:30,562.75,562.95,562.45,562.9,1893,
2016-11-03 09:42:00+05:30,562.9,562.9,562.65,562.65,1543,
2016-11-03 09:43:00+05:30,562.65,562.8,561.9,561.9,3688,
2016-11-03 09:44:00+05:30,561.6,561.85,561.5,561.7,584,
2016-11-03 09:45:00+05:30,561.7,561.7,561.65,561.65,493,
2016-11-03 09:46:00+05:30,561.65,561.7,561.5,561.7,464,
2016-11-03 09:47:00+05:30,561.7,561.9,561.7,561.9,828,
2016-11-03 09:48:00+05:30,561.9,562.1,561.7,562.05,2229,
2016-11-03 09:49:00+05:30,562.1,562.1,562,562.05,183,
2016-11-03 09:50:00+05:30,562,562.05,561.65,562,353,
2016-11-03 09:51:00+05:30,562,562,561.7,561.7,619,
2016-11-03 09:52:00+05:30,561.8,561.9,561.1,561.6,2470,
2016-11-03 09:53:00+05:30,561.6,561.65,561.05,561.05,1457,
2016-11-03 09:54:00+05:30,561.1,561.25,561.05,561.2,971,
2016-11-03 09:55:00+05:30,561.2,561.25,560.95,560.95,781,
2016-11-03 09:56:00+05:30,560.95,560.95,560.8,560.95,609,
2016-11-03 09:57:00+05:30,560.95,561.45,560.95,561.45,1918,
2016-11-03 09:58:00+05:30,561.25,561.5,561,561,251,
2016-11-03 09:59:00+05:30,561,561.3,561,561,210,
2016-11-03 10:00:00+05:30,561,561.4,560.9,561.4,1623,
2016-11-03 10:01:00+05:30,561.4,561.55,561.15,561.55,522,
2016-11-03 10:02:00+05:30,561.55,561.55,561.2,561.2,59,
2016-11-03 10:03:00+05:30,561.2,561.2,561.05,561.2,401,
2016-11-03 10:04:00+05:30,561.2,561.4,561.2,561.2,804,
2016-11-03 10:05:00+05:30,561.4,561.4,561.4,561.4,264,
2016-11-03 10:06:00+05:30,561.4,561.4,561.35,561.35,344,
2016-11-03 10:07:00+05:30,561.35,561.35,561.25,561.25,601,
2016-11-03 10:08:00+05:30,561.3,561.35,561.2,561.2,2244,
2016-11-03 10:09:00+05:30,561.2,561.3,561.2,561.3,730,
2016-11-03 10:10:00+05:30,561.3,561.9,561.3,561.7,3694,
2016-11-03 10:11:00+05:30,561.7,561.85,561.7,561.8,681,
2016-11-03 10:12:00+05:30,561.8,561.8,561.3,561.6,867,
2016-11-03 10:13:00+05:30,561.6,561.6,561.25,561.25,2084,
2016-11-03 10:14:00+05:30,561.25,561.45,561.2,561.35,793,
2016-11-03 10:15:00+05:30,561.35,561.35,561.2,561.2,661,
2016-11-03 10:16:00+05:30,561.2,561.35,561.2,561.35,738,
2016-11-03 10:17:00+05:30,561.35,561.35,561.3,561.3,229,
2016-11-03 10:18:00+05:30,561.3,561.35,561.15,561.15,835,
2016-11-03 10:19:00+05:30,561.15,561.2,561.15,561.2,796,
2016-11-03 10:20:00+05:30,561.2,561.3,560.9,560.9,1333,
2016-11-03 10:21:00+05:30,560.9,560.9,560.6,560.6,533,
2016-11-03 10:22:00+05:30,560.6,560.6,560.2,560.3,237,
2016-11-03 10:23:00+05:30,560.3,560.95,559.7,560.95,5730,
2016-11-03 10:24:00+05:30,561.2,561.2,559.65,560,5949,
2016-11-03 10:25:00+05:30,559.95,560.8,559.95,560.6,4413,
2016-11-03 10:26:00+05:30,560.6,560.6,560.3,560.5,396,
2016-11-03 10:27:00+05:30,560.5,560.5,560,560,2530,
2016-11-03 10:28:00+05:30,559.7,559.75,558.8,558.8,2212,
2016-11-03 10:29:00+05:30,558.6,559.4,558.6,559.4,4950,
2016-11-03 10:30:00+05:30,559.5,559.9,559.05,559.9,1136,
2016-11-03 10:31:00+05:30,559.9,559.9,559.4,559.7,230,
2016-11-03 10:32:00+05:30,559.7,559.75,559.45,559.45,786,
2016-11-03 10:33:00+05:30,559.45,559.65,559.4,559.65,91,
2016-11-03 10:34:00+05:30,559.65,559.8,559.65,559.7,1831,
2016-11-03 10:35:00+05:30,559.7,559.95,559.45,559.75,734,
2016-11-03 10:36:00+05:30,559.75,559.75,559,559.5,652,
2016-11-03 10:37:00+05:30,559.5,559.5,559.15,559.45,7,
2016-11-03 10:38:00+05:30,559.45,559.6,559.35,559.6,423,
2016-11-03 10:39:00+05:30,559.6,559.75,559.6,559.6,105,
2016-11-03 10:40:00+05:30,559.6,559.95,559.6,559.65,521,
2016-11-03 10:41:00+05:30,559.9,559.9,559.35,559.7,244,
2016-11-03 10:42:00+05:30,559.7,559.7,559.2,559.5,96,
2016-11-03 10:43:00+05:30,559.5,559.55,559.2,559.55,921,
2016-11-03 10:44:00+05:30,559.55,559.7,559.45,559.7,1357,
2016-11-03 10:45:00+05:30,559.9,559.9,559.5,559.5,804,
2016-11-03 10:46:00+05:30,559.5,559.6,559.1,559.2,377,
2016-11-03 10:47:00+05:30,559.2,559.55,559.2,559.5,53,
2016-11-03 10:48:00+05:30,559.5,559.7,559.25,559.3,1151,
2016-11-03 10:49:00+05:30,559.3,559.5,559.1,559.5,276,
2016-11-03 10:50:00+05:30,559.5,559.5,559.1,559.3,966,
2016-11-03 10:51:00+05:30,559.3,559.3,559.3,559.3,72,
2016-11-03 10:52:00+05:30,559.3,559.3,559.2,559.25,51,
2016-11-03 10:53:00+05:30,559.25,559.3,559.1,559.3,605,
2016-11-03 10:54:00+05:30,559.1,559.35,559.1,559.35,837,
2016-11-03 10:55:00+05:30,559.35,559.5,559.35,559.5,11,
2016-11-03 10:56:00+05:30,559.5,559.7,559.3,559.7,480,
2016-11-03 10:57:00+05:30,559.7,559.7,559.25,559.4,189,
2016-11-03 10:58:00+05:30,559.4,559.45,559.25,559.25,551,
2016-11-03 10:59:00+05:30,559.25,559.45,559.25,559.45,449,
2016-11-03 11:00:00+05:30,559.55,559.65,557.75,558.15,5203,
2016-11-03 11:01:00+05:30,558.1,558.35,558,558,438,
2016-11-03 11:02:00+05:30,558.05,558.55,557.9,558,1856,
2016-11-03 11:03:00+05:30,558,558.4,557.8,558.4,2842,
2016-11-03 11:04:00+05:30,558.4,558.4,557.8,557.9,1123,
2016-11-03 11:05:00+05:30,557.9,558.65,557.9,558.55,134,
2016-11-03 11:06:00+05:30,558.55,558.9,558.45,558.9,489,
2016-11-03 11:07:00+05:30,558.9,558.9,558.6,558.6,853,
2016-11-03 11:08:00+05:30,558.9,558.95,558.9,558.9,1347,
2016-11-03 11:09:00+05:30,558.9,558.9,558.6,558.65,307,
2016-11-03 11:10:00+05:30,558.65,558.8,558.65,558.7,171,
2016-11-03 11:11:00+05:30,558.7,558.7,558.3,558.4,1121,
2016-11-03 11:12:00+05:30,558.4,558.4,558.1,558.4,780,
2016-11-03 11:13:00+05:30,558.4,558.4,558,558.35,330,
2016-11-03 11:14:00+05:30,558.35,558.35,558.05,558.05,231,
2016-11-03 11:15:00+05:30,558.05,558.25,558.05,558.05,351,
2016-11-03 11:16:00+05:30,558.05,558.35,558,558.35,1065,
2016-11-03 11:17:00+05:30,558.35,558.35,558.05,558.25,72,
2016-11-03 11:18:00+05:30,558.25,558.35,558.05,558.3,167,
2016-11-03 11:19:00+05:30,558.3,558.5,558.05,558.5,832,
2016-11-03 11:20:00+05:30,558.5,558.65,558.4,558.4,552,
2016-11-03 11:21:00+05:30,558.4,558.6,558.4,558.6,100,
2016-11-03 11:22:00+05:30,558.6,558.6,558.05,558.45,77,
2016-11-03 11:23:00+05:30,558.45,558.45,557.75,558,3768,
2016-11-03 11:24:00+05:30,558,558,557.75,557.75,1148,
2016-11-03 11:25:00+05:30,557.75,557.9,557.6,557.6,319,
2016-11-03 11:26:00+05:30,557.6,557.6,557.45,557.45,1544,
2016-11-03 11:27:00+05:30,557.45,557.9,557.45,557.9,296,
2016-11-03 11:28:00+05:30,557.9,558.4,557.9,558.4,598,
2016-11-03 11:29:00+05:30,558.45,558.45,558.05,558.05,263,
2016-11-03 11:30:00+05:30,558.05,558.45,558.05,558.45,152,
2016-11-03 11:31:00+05:30,558.45,558.45,558.1,558.3,516,
2016-11-03 11:32:00+05:30,558.3,558.3,557.8,558.25,179,
2016-11-03 11:33:00+05:30,558.25,558.3,557.8,558.1,302,
2016-11-03 11:34:00+05:30,558.1,558.15,557.9,558,99,
2016-11-03 11:35:00+05:30,558,558,557.7,557.7,2278,
2016-11-03 11:36:00+05:30,557.7,558.15,557.6,558,2329,
2016-11-03 11:37:00+05:30,558,558.15,557.9,558,1987,
2016-11-03 11:38:00+05:30,558,558.2,558,558.2,228,
2016-11-03 11:39:00+05:30,558.2,558.2,557.95,558.15,782,
2016-11-03 11:40:00+05:30,558.15,558.15,558,558.15,37,
2016-11-03 11:41:00+05:30,558.15,558.5,558,558.5,1015,
2016-11-03 11:42:00+05:30,558.5,559.2,558.5,558.75,2941,
2016-11-03 11:43:00+05:30,558.75,559.4,558.75,558.9,2921,
2016-11-03 11:44:00+05:30,558.9,559.75,558.9,559.4,602,
2016-11-03 11:45:00+05:30,559.4,559.95,559.35,559.95,1338,
2016-11-03 11:46:00+05:30,559.95,559.95,559.5,559.9,1178,
2016-11-03 11:47:00+05:30,559.9,559.9,559.7,559.8,209,
2016-11-03 11:48:00+05:30,559.8,559.9,559.65,559.65,415,
2016-11-03 11:49:00+05:30,559.65,560,559.65,560,3577,
2016-11-03 11:50:00+05:30,560,560.4,559.9,559.9,1526,
2016-11-03 11:51:00+05:30,559.95,560,559.65,559.95,467,
2016-11-03 11:52:00+05:30,559.95,560,559.85,559.95,184,
2016-11-03 11:53:00+05:30,559.7,560,559.55,559.95,964,
2016-11-03 11:54:00+05:30,559.95,559.95,559.5,559.85,614,
2016-11-03 11:55:00+05:30,559.85,559.85,559.5,559.65,533,
2016-11-03 11:56:00+05:30,559.65,559.85,559.55,559.85,870,
2016-11-03 11:57:00+05:30,559.85,560.15,559.8,560.15,1220,
2016-11-03 11:58:00+05:30,560.45,560.6,560.25,560.45,365,
2016-11-03 11:59:00+05:30,560.45,560.45,560,560.4,1045,
2016-11-03 12:00:00+05:30,560.4,560.4,560.05,560.05,220,
2016-11-03 12:01:00+05:30,560.05,560.2,560,560.2,539,
2016-11-03 12:02:00+05:30,560.2,560.2,560.1,560.15,21,
2016-11-03 12:03:00+05:30,560.15,560.35,560.15,560.35,428,
2016-11-03 12:04:00+05:30,560.35,560.35,560,560,357,
2016-11-03 12:05:00+05:30,560,560.25,560,560,1283,
2016-11-03 12:06:00+05:30,560.15,560.25,560,560.1,904,
2016-11-03 12:07:00+05:30,560.1,560.1,560,560,2779,
2016-11-03 12:08:00+05:30,560.25,560.25,560,560.15,2401,
2016-11-03 12:09:00+05:30,560.15,560.15,560.15,560.15,59,
2016-11-03 12:10:00+05:30,560.15,560.15,560,560,702,
2016-11-03 12:11:00+05:30,560,560.15,560,560,3238,
2016-11-03 12:12:00+05:30,560,560.15,559.6,560.05,3041,
2016-11-03 12:13:00+05:30,560.05,560.05,559.9,559.9,157,
2016-11-03 12:14:00+05:30,559.9,560,559.9,560,655,
2016-11-03 12:15:00+05:30,560,560.05,559.9,560,1363,
2016-11-03 12:16:00+05:30,560,560,559.85,559.85,375,
2016-11-03 12:17:00+05:30,560,560,559.65,560,179,
2016-11-03 12:18:00+05:30,560,560.05,560,560,443,
2016-11-03 12:19:00+05:30,560,560,559.9,560,311,
2016-11-03 12:20:00+05:30,560,560,559.6,559.95,454,
2016-11-03 12:21:00+05:30,560,560,559.7,559.8,99,
2016-11-03 12:22:00+05:30,559.8,560,559.5,560,1490,
2016-11-03 12:23:00+05:30,560,560.05,560,560,600,
2016-11-03 12:24:00+05:30,560,560,559.7,560,48,
2016-11-03 12:25:00+05:30,560,560.3,560,560,1486,
2016-11-03 12:26:00+05:30,560,560.1,559.85,559.85,321,
2016-11-03 12:27:00+05:30,559.85,559.95,559.65,559.8,205,
2016-11-03 12:28:00+05:30,559.8,560,559.8,559.85,923,
2016-11-03 12:29:00+05:30,559.8,560,559.5,560,624,
2016-11-03 12:30:00+05:30,560,560,559.85,559.85,47,
2016-11-03 12:31:00+05:30,559.85,559.95,559.7,559.95,131,
2016-11-03 12:32:00+05:30,559.6,560,559.6,559.75,797,
2016-11-03 12:33:00+05:30,559.75,560,559.75,560,487,
2016-11-03 12:34:00+05:30,560,560,559.7,559.7,890,
2016-11-03 12:35:00+05:30,559.7,559.95,559.7,559.95,122,
2016-11-03 12:36:00+05:30,559.95,560,559.9,560,713,
2016-11-03 12:37:00+05:30,560,560,559.95,560,495,
2016-11-03 12:38:00+05:30,560,560,559.75,559.95,619,
2016-11-03 12:39:00+05:30,559.95,559.95,559.8,559.9,451,
2016-11-03 12:40:00+05:30,559.9,559.95,559.9,559.9,525,
2016-11-03 12:41:00+05:30,559.9,560,559.9,560,3580,
2016-11-03 12:42:00+05:30,560.15,560.15,560,560.1,475,
2016-11-03 12:43:00+05:30,560.1,560.1,559.9,559.9,1937,
2016-11-03 12:44:00+05:30,560.2,560.2,559.9,560,289,
2016-11-03 12:45:00+05:30,560,560.1,560,560.05,446,
2016-11-03 12:46:00+05:30,560.2,560.4,560.2,560.4,1207,
2016-11-03 12:47:00+05:30,560.4,560.8,560.4,560.8,1563,
2016-11-03 12:48:00+05:30,560.8,560.8,560.5,560.65,357,
2016-11-03 12:49:00+05:30,560.65,560.65,560.5,560.65,957,
2016-11-03 12:50:00+05:30,560.5,560.6,560.5,560.6,163,
2016-11-03 12:51:00+05:30,560.6,560.65,560.5,560.5,341,
2016-11-03 12:52:00+05:30,560.55,560.55,560.2,560.2,432,
2016-11-03 12:53:00+05:30,560.35,560.35,560,560.1,1553,
2016-11-03 12:54:00+05:30,560,560.15,560,560,1491,
2016-11-03 12:55:00+05:30,560,560.15,560,560,1743,
2016-11-03 12:56:00+05:30,560,560,559.9,560,716,
2016-11-03 12:57:00+05:30,560,560,559.9,559.9,356,
2016-11-03 12:58:00+05:30,559.9,560.1,559.7,560.05,355,
2016-11-03 12:59:00+05:30,560.05,560.15,560,560,119,
2016-11-03 13:00:00+05:30,560,560.15,560,560.05,68,
2016-11-03 13:01:00+05:30,560.05,560.1,559.95,560.1,544,
2016-11-03 13:02:00+05:30,560,560.1,560,560,417,
2016-11-03 13:03:00+05:30,560,560,559.8,559.9,663,
2016-11-03 13:04:00+05:30,559.9,559.9,559.7,559.9,159,
2016-11-03 13:05:00+05:30,559.7,559.9,559.65,559.9,47,
2016-11-03 13:06:00+05:30,559.9,559.9,559.6,559.6,312,
2016-11-03 13:07:00+05:30,559.75,559.85,559.5,559.5,1145,
2016-11-03 13:08:00+05:30,559.7,559.85,559.35,559.85,1526,
2016-11-03 13:09:00+05:30,559.85,559.85,559.35,559.35,333,
2016-11-03 13:10:00+05:30,559.2,559.5,559.05,559.05,758,
2016-11-03 13:11:00+05:30,559.05,559.2,559,559,3028,
2016-11-03 13:12:00+05:30,559,559.5,559,559.5,1739,
2016-11-03 13:13:00+05:30,559.5,559.9,559.5,559.9,252,
2016-11-03 13:14:00+05:30,559.9,559.9,559.55,559.55,701,
2016-11-03 13:15:00+05:30,559.55,559.9,559.55,559.75,1780,
2016-11-03 13:16:00+05:30,559.85,560.15,559.65,560.15,1962,
2016-11-03 13:17:00+05:30,560.15,560.15,559.45,559.45,535,
2016-11-03 13:18:00+05:30,559.65,560,559.65,560,1696,
2016-11-03 13:19:00+05:30,560,560.15,559.9,560,1921,
2016-11-03 13:20:00+05:30,560,560,559.8,559.8,4042,
2016-11-03 13:21:00+05:30,560.05,560.15,560,560,2428,
2016-11-03 13:22:00+05:30,560,560.15,559.75,560.05,451,
2016-11-03 13:23:00+05:30,560.05,560.15,560,560.15,1134,
2016-11-03 13:24:00+05:30,560.15,560.15,560,560.15,499,
2016-11-03 13:25:00+05:30,560.15,560.2,560,560.2,742,
2016-11-03 13:26:00+05:30,560.2,560.2,560.05,560.05,47,
2016-11-03 13:27:00+05:30,560.05,560.05,559.8,560,1601,
2016-11-03 13:28:00+05:30,560,560,559.8,559.95,2683,
2016-11-03 13:29:00+05:30,560,560.25,560,560,492,
2016-11-03 13:30:00+05:30,560,560,560,560,328,
2016-11-03 13:31:00+05:30,560,560.25,560,560.05,4515,
2016-11-03 13:32:00+05:30,560,560.25,560,560,369,
2016-11-03 13:33:00+05:30,560,560.25,560,560,2106,
2016-11-03 13:34:00+05:30,560,560.25,560,560.25,314,
2016-11-03 13:35:00+05:30,560.25,560.25,560,560.2,586,
2016-11-03 13:36:00+05:30,560,560.2,560,560.1,297,
2016-11-03 13:37:00+05:30,560.1,560.1,560,560,201,
2016-11-03 13:38:00+05:30,560,560.2,560,560.15,1355,
2016-11-03 13:39:00+05:30,560.15,561.45,560,561.05,4322,
2016-11-03 13:40:00+05:30,561.05,561.1,560.9,561.05,117,
2016-11-03 13:41:00+05:30,561.05,561.5,561.05,561.5,1986,
2016-11-03 13:42:00+05:30,561.5,561.5,560.85,560.85,364,
2016-11-03 13:43:00+05:30,560.85,560.85,560.45,560.5,1148,
2016-11-03 13:44:00+05:30,560.5,560.65,560.45,560.45,143,
2016-11-03 13:45:00+05:30,560.25,560.6,560,560,1728,
2016-11-03 13:46:00+05:30,560,560,560,560,260,
2016-11-03 13:47:00+05:30,560,560.1,560,560,300,
2016-11-03 13:48:00+05:30,560,560.1,559.95,560,501,
2016-11-03 13:49:00+05:30,560,560.1,560,560.1,1879,
2016-11-03 13:50:00+05:30,560.1,561.5,560.1,561.45,2639,
2016-11-03 13:51:00+05:30,561.5,561.8,561,561,4782,
2016-11-03 13:52:00+05:30,561,561.4,560,560.05,6805,
2016-11-03 13:53:00+05:30,560.05,560.8,560,560.7,5597,
2016-11-03 13:54:00+05:30,560.55,560.9,560.05,560.35,2845,
2016-11-03 13:55:00+05:30,560.35,561.15,560.3,560.55,14069,
2016-11-03 13:56:00+05:30,560.65,560.95,560.3,560.5,2698,
2016-11-03 13:57:00+05:30,560.5,560.5,560.15,560.15,1115,
2016-11-03 13:58:00+05:30,560.15,560.15,559.9,560,860,
2016-11-03 13:59:00+05:30,560,560,560,560,263,
2016-11-03 14:00:00+05:30,560,560.1,559.95,560,3950,
2016-11-03 14:01:00+05:30,560.1,560.5,560,560.05,7613,
2016-11-03 14:02:00+05:30,560.05,560.35,560.05,560.05,9,
2016-11-03 14:03:00+05:30,560.05,560.5,560.05,560.5,45,
2016-11-03 14:04:00+05:30,560.5,560.5,560.1,560.3,66,
2016-11-03 14:05:00+05:30,560.3,560.5,560.25,560.5,773,
2016-11-03 14:06:00+05:30,560.5,560.95,560.3,560.95,780,
2016-11-03 14:07:00+05:30,560.95,561.1,560.7,560.7,735,
2016-11-03 14:08:00+05:30,560.7,560.85,560.7,560.7,66,
2016-11-03 14:09:00+05:30,560.7,560.85,560.6,560.8,328,
2016-11-03 14:10:00+05:30,560.8,560.85,560.8,560.85,148,
2016-11-03 14:11:00+05:30,560.85,561.15,560.85,560.9,567,
2016-11-03 14:12:00+05:30,560.9,561.05,560.5,560.55,1084,
2016-11-03 14:13:00+05:30,560.55,560.55,560.3,560.3,95,
2016-11-03 14:14:00+05:30,560.3,560.45,560.2,560.3,164,
2016-11-03 14:15:00+05:30,560.3,560.45,560.3,560.45,256,
2016-11-03 14:16:00+05:30,560.45,560.55,560.1,560.55,118,
2016-11-03 14:17:00+05:30,560.55,560.55,560.2,560.2,209,
2016-11-03 14:18:00+05:30,560.2,560.7,560.1,560.1,684,
2016-11-03 14:19:00+05:30,560.1,560.55,560.1,560.55,2043,
2016-11-03 14:20:00+05:30,560.65,560.8,560.2,560.2,750,
2016-11-03 14:21:00+05:30,560.2,560.6,560.2,560.4,65,
2016-11-03 14:22:00+05:30,560.4,560.55,560.15,560.55,1881,
2016-11-03 14:23:00+05:30,560.55,560.6,560.45,560.5,44,
2016-11-03 14:24:00+05:30,560.5,560.5,560,560.35,499,
2016-11-03 14:25:00+05:30,560.35,560.35,560.3,560.35,65,
2016-11-03 14:26:00+05:30,560.35,561.15,560.25,561.15,2774,
2016-11-03 14:27:00+05:30,561.15,561.7,561.15,561.65,2191,
2016-11-03 14:28:00+05:30,561.65,561.75,561.15,561.45,1213,
2016-11-03 14:29:00+05:30,561.45,561.45,560.5,560.8,1290,
2016-11-03 14:30:00+05:30,560.75,561.1,560.75,561.1,445,
2016-11-03 14:31:00+05:30,561.1,561.4,561,561.4,1578,
2016-11-03 14:32:00+05:30,561.4,561.4,561.15,561.15,1281,
2016-11-03 14:33:00+05:30,561.15,561.15,560.9,561,1380,
2016-11-03 14:34:00+05:30,561,561.1,560.7,561,3551,
2016-11-03 14:35:00+05:30,561,561.05,560.8,560.8,325,
2016-11-03 14:36:00+05:30,560.8,561.05,560.8,560.95,27,
2016-11-03 14:37:00+05:30,560.95,561.05,560.35,560.35,757,
2016-11-03 14:38:00+05:30,560.35,560.7,560.35,560.35,1034,
2016-11-03 14:39:00+05:30,560.7,560.8,560.55,560.7,892,
2016-11-03 14:40:00+05:30,560.7,560.8,560.6,560.8,1103,
2016-11-03 14:41:00+05:30,560.8,560.8,560.35,560.4,374,
2016-11-03 14:42:00+05:30,560.4,560.8,560.4,560.8,1920,
2016-11-03 14:43:00+05:30,560.8,561,560,560.15,8412,
2016-11-03 14:44:00+05:30,560.15,560.4,560.05,560.15,976,
2016-11-03 14:45:00+05:30,560.15,560.15,560,560.05,1588,
2016-11-03 14:46:00+05:30,560,560.1,560,560,823,
2016-11-03 14:47:00+05:30,560,560.25,560,560.2,715,
2016-11-03 14:48:00+05:30,560.2,560.25,560.05,560.25,540,
2016-11-03 14:49:00+05:30,560.15,560.4,560.15,560.2,585,
2016-11-03 14:50:00+05:30,560.2,560.65,560.2,560.65,1676,
2016-11-03 14:51:00+05:30,560.65,560.7,560.25,560.25,1032,
2016-11-03 14:52:00+05:30,560.25,560.6,560.1,560.4,3752,
2016-11-03 14:53:00+05:30,560.4,560.45,560.15,560.15,678,
2016-11-03 14:54:00+05:30,560.15,560.25,560.15,560.15,392,
2016-11-03 14:55:00+05:30,560.15,560.4,560.15,560.15,1869,
2016-11-03 14:56:00+05:30,560.15,560.2,560.1,560.1,2593,
2016-11-03 14:57:00+05:30,560.1,560.25,560.05,560.2,926,
2016-11-03 14:58:00+05:30,560.1,560.2,560,560,1949,
2016-11-03 14:59:00+05:30,560,560,560,560,1702,
2016-11-03 15:00:00+05:30,560,560.05,559.95,560,5579,
2016-11-03 15:01:00+05:30,560,560.05,559.95,560,5369,
2016-11-03 15:02:00+05:30,560,560.05,559.95,560,5002,
2016-11-03 15:03:00+05:30,560,560,559.95,560,8388,
2016-11-03 15:04:00+05:30,560,560.05,559.95,560.05,4271,
2016-11-03 15:05:00+05:30,560,560.05,559.95,560,6918,
2016-11-03 15:06:00+05:30,560,560.05,559.95,560,7763,
2016-11-03 15:07:00+05:30,560,560.05,559.75,560.05,6953,
2016-11-03 15:08:00+05:30,560.05,560.05,559.95,559.95,4859,
2016-11-03 15:09:00+05:30,559.95,560.05,559.95,560,5621,
2016-11-03 15:10:00+05:30,559.8,560.05,559.75,560,8007,
2016-11-03 15:11:00+05:30,560,560.05,559.7,560,4015,
2016-11-03 15:12:00+05:30,560,560.05,559.95,560,6958,
2016-11-03 15:13:00+05:30,560,560.05,559.75,560,4513,
2016-11-03 15:14:00+05:30,560,560.1,559.8,560,15123,
2016-11-03 15:15:00+05:30,560,560.05,559.9,560.05,6080,
2016-11-03 15:16:00+05:30,559.85,560.05,559.6,559.95,25765,
2016-11-03 15:17:00+05:30,560.05,560.05,559.95,560,3234,
2016-11-03 15:18:00+05:30,560,560.05,559.95,560,6840,
2016-11-03 15:19:00+05:30,559.95,560.45,559.8,560.45,12060,
2016-11-03 15:20:00+05:30,560.05,560.05,559.75,560,8092,
2016-11-03 15:21:00+05:30,560,560.05,559.8,560,6601,
2016-11-03 15:22:00+05:30,559.95,560.05,559.95,560,6525,
2016-11-03 15:23:00+05:30,559.9,560.05,559.75,560,29019,
2016-11-03 15:24:00+05:30,560,560.05,559.95,560,18483,
2016-11-03 15:25:00+05:30,560,560.05,559.95,560,4818,
2016-11-03 15:26:00+05:30,560,560.05,559.95,560,5128,
2016-11-03 15:27:00+05:30,559.95,560.3,559.95,560.05,8669,
2016-11-03 15:28:00+05:30,560,561,559.75,560.15,8732,
2016-11-03 15:29:00+05:30,560,561.45,560,560.65,2027,
2016-11-04 09:15:00+05:30,561,561.35,557.45,557.45,2062,
2016-11-04 09:16:00+05:30,557.45,557.95,554.1,554.1,7635,
2016-11-04 09:17:00+05:30,554.1,555.65,553.25,555.6,5516,
2016-11-04 09:18:00+05:30,555.55,555.55,553.7,554,4410,
2016-11-04 09:19:00+05:30,554.05,555.5,553.7,554,5819,
2016-11-04 09:20:00+05:30,554,554,551.1,551.1,9691,
2016-11-04 09:21:00+05:30,551.1,551.55,549.25,549.8,10981,
2016-11-04 09:22:00+05:30,549.9,550,545.45,545.55,12981,
2016-11-04 09:23:00+05:30,545.8,548.45,545.8,546,7565,
2016-11-04 09:24:00+05:30,546,548.6,546,548.6,9430,
2016-11-04 09:25:00+05:30,548.9,548.95,546.9,547.2,4245,
2016-11-04 09:26:00+05:30,547.2,549,547.2,549,2663,
2016-11-04 09:27:00+05:30,549,553.75,549,553.15,10551,
2016-11-04 09:28:00+05:30,552.7,553.2,548.95,550.35,4017,
2016-11-04 09:29:00+05:30,550.35,551.55,550.35,551.55,2225,
2016-11-04 09:30:00+05:30,551.45,556.2,550.75,555.85,30647,
2016-11-04 09:31:00+05:30,557,565.4,556.45,564.35,71871,
2016-11-04 09:32:00+05:30,564.15,564.15,561.6,561.9,30713,
2016-11-04 09:33:00+05:30,561.95,562.95,561.1,562.7,9386,
2016-11-04 09:34:00+05:30,562.35,562.8,560.35,560.35,7035,
2016-11-04 09:35:00+05:30,560.85,561,560.2,560.7,3507,
2016-11-04 09:36:00+05:30,560.7,561.4,560.35,560.85,4449,
2016-11-04 09:37:00+05:30,561.15,562.7,560.85,562.6,7957,
2016-11-04 09:38:00+05:30,562.4,564.15,562.1,564.15,10727,
2016-11-04 09:39:00+05:30,564.05,564.4,563.9,564.05,5655,
2016-11-04 09:40:00+05:30,564.05,564.4,562.95,562.95,3604,
2016-11-04 09:41:00+05:30,562.95,562.95,561.45,561.65,5330,
2016-11-04 09:42:00+05:30,561.5,561.65,560.85,560.9,6050,
2016-11-04 09:43:00+05:30,560.9,562,560.9,562,2344,
2016-11-04 09:44:00+05:30,561.8,561.95,561.1,561.1,1290,
2016-11-04 09:45:00+05:30,561.05,561.1,560,560.2,2916,
2016-11-04 09:46:00+05:30,560.2,560.3,559.05,559.35,6520,
2016-11-04 09:47:00+05:30,559.35,559.35,558.05,558.8,7352,
2016-11-04 09:48:00+05:30,558.8,559.55,558.45,558.6,4170,
2016-11-04 09:49:00+05:30,558.6,558.7,558.15,558.25,2888,
2016-11-04 09:50:00+05:30,558.25,558.5,557.2,557.6,3708,
2016-11-04 09:51:00+05:30,557.6,557.65,556.6,557.2,5827,
2016-11-04 09:52:00+05:30,556.9,556.9,555.5,555.6,6172,
2016-11-04 09:53:00+05:30,555.6,555.9,555.25,555.9,4700,
2016-11-04 09:54:00+05:30,555.9,556.5,555.6,556.1,2929,
2016-11-04 09:55:00+05:30,556.4,558,556.15,558,6714,
2016-11-04 09:56:00+05:30,558,558,557.4,557.5,1978,
2016-11-04 09:57:00+05:30,557.7,557.85,557.3,557.55,1343,
2016-11-04 09:58:00+05:30,557.25,557.5,557.25,557.35,1345,
2016-11-04 09:59:00+05:30,557.3,557.45,556.25,556.25,2920,
2016-11-04 10:00:00+05:30,556.4,556.7,556.2,556.25,2494,
2016-11-04 10:01:00+05:30,556.2,556.2,554.6,554.6,9818,
2016-11-04 10:02:00+05:30,554.95,555.4,554.6,555.4,3324,
2016-11-04 10:03:00+05:30,555.4,555.4,554.6,554.6,2572,
2016-11-04 10:04:00+05:30,554.65,555,554.2,554.85,2962,
2016-11-04 10:05:00+05:30,554.85,555.4,554.85,555.35,1648,
2016-11-04 10:06:00+05:30,555.35,555.35,554.6,554.7,1547,
2016-11-04 10:07:00+05:30,554.5,554.7,554.2,554.2,1506,
2016-11-04 10:08:00+05:30,554.2,554.7,554.2,554.4,4284,
2016-11-04 10:09:00+05:30,554.4,554.8,554.25,554.45,2757,
2016-11-04 10:10:00+05:30,554.3,554.45,554,554.15,2110,
2016-11-04 10:11:00+05:30,554,554.75,553.7,554.5,6662,
2016-11-04 10:12:00+05:30,554.45,555.1,554.45,555.1,7146,
2016-11-04 10:13:00+05:30,555.1,555.2,554.8,555.15,2103,
2016-11-04 10:14:00+05:30,555.15,555.15,554.8,554.9,1907,
2016-11-04 10:15:00+05:30,554.9,555.4,554.8,555.2,2159,
2016-11-04 10:16:00+05:30,555.05,555.05,554.1,554.4,3394,
2016-11-04 10:17:00+05:30,554.2,554.4,554.15,554.15,1898,
2016-11-04 10:18:00+05:30,554.15,554.2,553.8,553.9,2266,
2016-11-04 10:19:00+05:30,554,554.1,553.8,553.85,1710,
2016-11-04 10:20:00+05:30,553.85,553.95,553,553,3211,
2016-11-04 10:21:00+05:30,553,553,552.3,552.3,7268,
2016-11-04 10:22:00+05:30,552.3,553.5,552.3,553.5,2381,
2016-11-04 10:23:00+05:30,553.5,553.5,552.9,552.9,1350,
2016-11-04 10:24:00+05:30,552.9,553.25,552.85,553,1585,
2016-11-04 10:25:00+05:30,553,554.55,553,554.45,4847,
2016-11-04 10:26:00+05:30,554.45,554.5,554.35,554.5,687,
2016-11-04 10:27:00+05:30,554.35,555,554.35,554.65,5901,
2016-11-04 10:28:00+05:30,554.65,554.95,554.6,554.95,1814,
2016-11-04 10:29:00+05:30,554.95,554.95,554.45,554.45,2760,
2016-11-04 10:30:00+05:30,554.45,554.65,554.2,554.2,689,
2016-11-04 10:31:00+05:30,554.2,554.35,553.75,554.15,3172,
2016-11-04 10:32:00+05:30,554.15,554.15,553.5,553.5,417,
2016-11-04 10:33:00+05:30,553.5,553.6,553.3,553.4,2270,
2016-11-04 10:34:00+05:30,553.4,553.6,553.4,553.6,1499,
2016-11-04 10:35:00+05:30,553.6,554.15,553.5,553.55,1644,
2016-11-04 10:36:00+05:30,553.55,554.3,553.35,553.8,6607,
2016-11-04 10:37:00+05:30,553.8,553.8,553.4,553.6,403,
2016-11-04 10:38:00+05:30,553.6,553.6,553.4,553.5,974,
2016-11-04 10:39:00+05:30,553.5,553.65,553.3,553.65,1870,
2016-11-04 10:40:00+05:30,553.65,554.2,553.65,554,1803,
2016-11-04 10:41:00+05:30,554,554.3,554,554.2,1090,
2016-11-04 10:42:00+05:30,554.2,554.35,554,554.05,1396,
2016-11-04 10:43:00+05:30,554.05,554.2,553.85,553.85,580,
2016-11-04 10:44:00+05:30,553.85,554.15,553.8,553.85,1108,
2016-11-04 10:45:00+05:30,553.85,554,553.6,553.65,556,
2016-11-04 10:46:00+05:30,553.65,553.65,552.35,552.4,6546,
2016-11-04 10:47:00+05:30,552.4,552.75,551.85,551.85,1205,
2016-11-04 10:48:00+05:30,551.85,551.9,550.1,550.9,4433,
2016-11-04 10:49:00+05:30,551.1,551.6,550.8,551.4,1009,
2016-11-04 10:50:00+05:30,551.4,552.35,551.4,551.9,2333,
2016-11-04 10:51:00+05:30,551.9,551.9,551,551.15,2662,
2016-11-04 10:52:00+05:30,551.15,551.75,551.15,551.6,1445,
2016-11-04 10:53:00+05:30,551.6,551.75,551.4,551.4,377,
2016-11-04 10:54:00+05:30,551.4,551.4,551.05,551.3,815,
2016-11-04 10:55:00+05:30,551.15,551.15,550.5,550.8,2050,
2016-11-04 10:56:00+05:30,550.8,551.3,550.65,550.85,2226,
2016-11-04 10:57:00+05:30,550.85,550.95,550.3,550.55,1794,
2016-11-04 10:58:00+05:30,550.55,550.6,550.1,550.45,1655,
2016-11-04 10:59:00+05:30,550.45,550.45,550,550.15,1948,
2016-11-04 11:00:00+05:30,550.15,550.15,550,550.15,1675,
2016-11-04 11:01:00+05:30,550.15,550.35,549.5,549.8,7453,
2016-11-04 11:02:00+05:30,549.8,549.8,549.05,549.1,949,
2016-11-04 11:03:00+05:30,549.25,549.25,549.05,549.1,1508,
2016-11-04 11:04:00+05:30,549.1,549.9,549.1,549.9,2074,
2016-11-04 11:05:00+05:30,549.9,550.4,549.9,550.05,1358,
2016-11-04 11:06:00+05:30,550.05,551,550.05,550.8,1704,
2016-11-04 11:07:00+05:30,550.8,551.15,550.8,551,1830,
2016-11-04 11:08:00+05:30,551,551,550.6,550.6,730,
2016-11-04 11:09:00+05:30,550.6,551.15,550.6,550.8,2069,
2016-11-04 11:10:00+05:30,550.8,551.1,550.55,550.55,2054,
2016-11-04 11:11:00+05:30,550.55,550.9,550.55,550.6,336,
2016-11-04 11:12:00+05:30,550.9,551,550.6,550.95,874,
2016-11-04 11:13:00+05:30,550.95,551.2,550.65,550.9,1478,
2016-11-04 11:14:00+05:30,550.9,550.9,550.5,550.5,1700,
2016-11-04 11:15:00+05:30,550.5,550.65,550.15,550.35,366,
2016-11-04 11:16:00+05:30,550.35,550.45,550.05,550.1,2113,
2016-11-04 11:17:00+05:30,550.1,550.8,550,550.7,1448,
2016-11-04 11:18:00+05:30,550.45,550.7,550.45,550.5,270,
2016-11-04 11:19:00+05:30,550.5,550.7,550.25,550.3,1618,
2016-11-04 11:20:00+05:30,550.3,551.2,550,550.1,4124,
2016-11-04 11:21:00+05:30,550.1,550.45,550.1,550.1,908,
2016-11-04 11:22:00+05:30,550.1,550.1,549.1,549.1,1518,
2016-11-04 11:23:00+05:30,549.1,549.45,549,549.05,1391,
2016-11-04 11:24:00+05:30,549.05,549.2,549.05,549.2,687,
2016-11-04 11:25:00+05:30,549.2,549.45,548.7,549.05,7199,
2016-11-04 11:26:00+05:30,549,549.05,548.4,548.95,1629,
2016-11-04 11:27:00+05:30,548.95,548.95,548.4,548.9,1634,
2016-11-04 11:28:00+05:30,548.9,549.3,548.75,548.95,2352,
2016-11-04 11:29:00+05:30,548.95,549.2,548.95,549.2,566,
2016-11-04 11:30:00+05:30,549.25,549.6,549.2,549.6,1172,
2016-11-04 11:31:00+05:30,549.6,549.6,549.3,549.3,574,
2016-11-04 11:32:00+05:30,549.3,549.6,549.3,549.6,753,
2016-11-04 11:33:00+05:30,549.6,549.85,549.25,549.65,645,
2016-11-04 11:34:00+05:30,549.65,549.85,549.5,549.8,1533,
2016-11-04 11:35:00+05:30,549.8,550.95,549.8,550.95,1445,
2016-11-04 11:36:00+05:30,551.15,552.7,551.05,552.55,3843,
2016-11-04 11:37:00+05:30,552.55,552.55,551.5,551.7,3099,
2016-11-04 11:38:00+05:30,551.7,551.75,551.15,551.75,2137,
2016-11-04 11:39:00+05:30,551.75,552.5,551.5,552.4,4440,
2016-11-04 11:40:00+05:30,552.4,552.4,551.8,551.8,521,
2016-11-04 11:41:00+05:30,551.8,552.4,551.8,552.2,1737,
2016-11-04 11:42:00+05:30,552.7,552.95,552.3,552.9,1714,
2016-11-04 11:43:00+05:30,553,554.4,553,554.4,3456,
2016-11-04 11:44:00+05:30,554.4,554.7,554.3,554.6,1698,
2016-11-04 11:45:00+05:30,554.6,554.6,553.95,554.45,1927,
2016-11-04 11:46:00+05:30,554.45,554.45,553.45,553.55,1169,
2016-11-04 11:47:00+05:30,553.55,554.25,553.4,554.25,2999,
2016-11-04 11:48:00+05:30,554.25,554.3,553.7,554.3,1008,
2016-11-04 11:49:00+05:30,554.3,554.4,554.3,554.3,920,
2016-11-04 11:50:00+05:30,554.45,554.45,553.75,553.75,692,
2016-11-04 11:51:00+05:30,553.65,553.65,553.45,553.6,858,
2016-11-04 11:52:00+05:30,553.65,554.45,553.65,553.85,3256,
2016-11-04 11:53:00+05:30,553.85,554.4,553.85,554.4,1548,
2016-11-04 11:54:00+05:30,554.4,554.45,554.1,554.15,1295,
2016-11-04 11:55:00+05:30,554.15,554.4,554.1,554.1,586,
2016-11-04 11:56:00+05:30,554.05,554.35,553.65,553.65,950,
2016-11-04 11:57:00+05:30,553.4,553.65,552.6,552.85,1835,
2016-11-04 11:58:00+05:30,552.85,552.85,552.25,552.3,1949,
2016-11-04 11:59:00+05:30,552.3,552.95,552.3,552.6,2120,
2016-11-04 12:00:00+05:30,552.6,552.85,552.05,552.05,1121,
2016-11-04 12:01:00+05:30,552,552.15,551.25,551.3,1303,
2016-11-04 12:02:00+05:30,551.3,551.65,551.15,551.55,2276,
2016-11-04 12:03:00+05:30,551.55,551.55,550.7,550.75,4477,
2016-11-04 12:04:00+05:30,550.7,550.7,550,550.05,2539,
2016-11-04 12:05:00+05:30,550.05,550.25,550.05,550.05,1105,
2016-11-04 12:06:00+05:30,550.05,551.3,550,551.3,2735,
2016-11-04 12:07:00+05:30,551.3,551.7,551.3,551.3,769,
2016-11-04 12:08:00+05:30,551.3,552.35,551.3,552.3,4715,
2016-11-04 12:09:00+05:30,552.2,552.6,551.4,551.45,2366,
2016-11-04 12:10:00+05:30,551.45,551.45,551,551.3,1859,
2016-11-04 12:11:00+05:30,551.3,551.55,550.8,551.2,925,
2016-11-04 12:12:00+05:30,551.2,551.55,550.9,551.5,393,
2016-11-04 12:13:00+05:30,551.3,551.5,551.1,551.25,1747,
2016-11-04 12:14:00+05:30,551.25,551.45,551.1,551.1,1376,
2016-11-04 12:15:00+05:30,551.1,552.4,551.05,552.3,3249,
2016-11-04 12:16:00+05:30,551.85,552.2,551.45,551.5,1487,
2016-11-04 12:17:00+05:30,551.55,552,551.4,551.7,1239,
2016-11-04 12:18:00+05:30,551.45,551.8,551.1,551.25,2235,
2016-11-04 12:19:00+05:30,551,551.45,550.6,550.6,2278,
2016-11-04 12:20:00+05:30,550.6,551.1,550.4,550.55,1800,
2016-11-04 12:21:00+05:30,550.55,550.85,550.4,550.55,1167,
2016-11-04 12:22:00+05:30,550.4,550.45,550,550.35,1410,
2016-11-04 12:23:00+05:30,550,550.35,549.5,549.5,2824,
2016-11-04 12:24:00+05:30,549.5,549.95,549.5,549.65,1884,
2016-11-04 12:25:00+05:30,549.9,550.2,549.2,550.1,2845,
2016-11-04 12:26:00+05:30,549.8,550.1,549.4,549.75,823,
2016-11-04 12:27:00+05:30,549.45,549.85,549.45,549.5,1071,
2016-11-04 12:28:00+05:30,549.45,550,549.4,550,2537,
2016-11-04 12:29:00+05:30,549.65,550.95,549.65,550.95,2602,
2016-11-04 12:30:00+05:30,550.5,551.8,550.5,551.8,1571,
2016-11-04 12:31:00+05:30,551.15,551.7,551.1,551.2,1269,
2016-11-04 12:32:00+05:30,551.2,551.5,551.15,551.25,1336,
2016-11-04 12:33:00+05:30,551.25,551.4,551.1,551.35,3535,
2016-11-04 12:34:00+05:30,551.1,551.35,551,551,1181,
2016-11-04 12:35:00+05:30,551.2,551.2,550,550,2529,
2016-11-04 12:36:00+05:30,550,550.15,549.9,550.15,4734,
2016-11-04 12:37:00+05:30,550.4,550.7,550.1,550.1,633,
2016-11-04 12:38:00+05:30,550.1,550.75,550.1,550.75,1920,
2016-11-04 12:39:00+05:30,550.75,551.05,550.15,550.5,1357,
2016-11-04 12:40:00+05:30,550.15,550.45,550.1,550.4,1050,
2016-11-04 12:41:00+05:30,550.1,550.7,550.1,550.7,2185,
2016-11-04 12:42:00+05:30,550.1,550.75,550.1,550.2,1674,
2016-11-04 12:43:00+05:30,550.55,550.65,550,550.5,4886,
2016-11-04 12:44:00+05:30,550.5,550.55,550,550.5,2559,
2016-11-04 12:45:00+05:30,550.05,550.5,550,550.35,1779,
2016-11-04 12:46:00+05:30,550.35,550.45,549.9,550.45,3148,
2016-11-04 12:47:00+05:30,550.1,550.4,550,550.35,780,
2016-11-04 12:48:00+05:30,550.35,550.35,550,550.25,806,
2016-11-04 12:49:00+05:30,550,550.25,550,550.15,2907,
2016-11-04 12:50:00+05:30,550.25,550.4,550,550.3,669,
2016-11-04 12:51:00+05:30,550,550.3,550,550.2,628,
2016-11-04 12:52:00+05:30,550.05,550.2,550,550.2,714,
2016-11-04 12:53:00+05:30,550,550.2,549.8,549.8,1533,
2016-11-04 12:54:00+05:30,549.75,550.1,549.55,549.9,1150,
2016-11-04 12:55:00+05:30,549.55,549.9,549.5,549.85,1373,
2016-11-04 12:56:00+05:30,549.5,550.1,549.5,550,1653,
2016-11-04 12:57:00+05:30,549.6,550.15,549.6,550,3221,
2016-11-04 12:58:00+05:30,550,550,549.6,549.95,625,
2016-11-04 12:59:00+05:30,549.6,550.15,549.6,550,2345,
2016-11-04 13:00:00+05:30,550,550.15,549.75,549.95,1237,
2016-11-04 13:01:00+05:30,549.75,550.15,549.75,550.15,1422,
2016-11-04 13:02:00+05:30,549.75,550.2,549.75,550.1,3017,
2016-11-04 13:03:00+05:30,550,550.2,550,550.2,1679,
2016-11-04 13:04:00+05:30,550,550.3,549.8,550.3,2049,
2016-11-04 13:05:00+05:30,550,550.2,549.75,550.2,926,
2016-11-04 13:06:00+05:30,550,550.2,550,550.2,877,
2016-11-04 13:07:00+05:30,550,550.2,549.95,550.2,879,
2016-11-04 13:08:00+05:30,549.8,550.2,549.8,550,1189,
2016-11-04 13:09:00+05:30,549.8,550,549.8,549.95,2305,
2016-11-04 13:10:00+05:30,549.8,549.95,549.8,549.9,829,
2016-11-04 13:11:00+05:30,549.8,550.45,549.7,550.45,7609,
2016-11-04 13:12:00+05:30,549.95,550.45,549.95,550.35,1370,
2016-11-04 13:13:00+05:30,550.3,550.6,550.3,550.5,1413,
2016-11-04 13:14:00+05:30,550.45,550.5,550.05,550.35,911,
2016-11-04 13:15:00+05:30,550.4,550.4,549.75,550.15,1136,
2016-11-04 13:16:00+05:30,549.8,550.15,549.75,549.95,2018,
2016-11-04 13:17:00+05:30,549.6,549.95,549.6,549.65,1270,
2016-11-04 13:18:00+05:30,549.65,550,549.55,549.85,1256,
2016-11-04 13:19:00+05:30,549.6,549.85,548.95,549.1,2616,
2016-11-04 13:20:00+05:30,549.1,549.15,548.65,548.95,1302,
2016-11-04 13:21:00+05:30,548.6,549.2,548.55,548.8,2000,
2016-11-04 13:22:00+05:30,548.75,549.15,548.65,548.65,576,
2016-11-04 13:23:00+05:30,548.65,549.15,548.65,549.05,2061,
2016-11-04 13:24:00+05:30,549,550,549,550,4030,
2016-11-04 13:25:00+05:30,550,550,549.2,549.5,1194,
2016-11-04 13:26:00+05:30,549.05,550.05,549.05,549.9,3786,
2016-11-04 13:27:00+05:30,549.9,549.95,549.4,549.45,802,
2016-11-04 13:28:00+05:30,549.6,549.75,549.35,549.4,1198,
2016-11-04 13:29:00+05:30,549.45,549.65,549,549.45,3507,
2016-11-04 13:30:00+05:30,549.6,549.65,548.5,548.9,2005,
2016-11-04 13:31:00+05:30,549,549.6,548.6,549.1,4378,
2016-11-04 13:32:00+05:30,549.4,550,549,549.95,2016,
2016-11-04 13:33:00+05:30,549.95,550.45,549.8,549.95,4526,
2016-11-04 13:34:00+05:30,549.9,550.2,549.75,549.85,1150,
2016-11-04 13:35:00+05:30,549.95,550.4,549.8,550.15,2094,
2016-11-04 13:36:00+05:30,550,550.4,549.7,550.15,1920,
2016-11-04 13:37:00+05:30,550.15,550.15,549.65,549.85,1286,
2016-11-04 13:38:00+05:30,550.15,550.15,549.7,550.05,1516,
2016-11-04 13:39:00+05:30,550.05,550.5,549.85,550.15,2407,
2016-11-04 13:40:00+05:30,550.1,550.55,549.6,549.6,1989,
2016-11-04 13:41:00+05:30,549.8,549.8,549.3,549.5,1129,
2016-11-04 13:42:00+05:30,549.45,549.75,549.4,549.75,2552,
2016-11-04 13:43:00+05:30,549.4,549.9,549.25,549.5,3837,
2016-11-04 13:44:00+05:30,549.35,550.65,548.5,550.2,18843,
2016-11-04 13:45:00+05:30,550.4,550.9,549.95,549.95,4376,
2016-11-04 13:46:00+05:30,550.15,550.15,549.95,549.95,958,
2016-11-04 13:47:00+05:30,549.6,550.1,549.6,549.6,1169,
2016-11-04 13:48:00+05:30,549.8,550.3,549.25,550.1,36842,
2016-11-04 13:49:00+05:30,550.05,550.3,549.9,550.3,1371,
2016-11-04 13:50:00+05:30,550.1,550.6,550.1,550.55,2592,
2016-11-04 13:51:00+05:30,550.65,550.85,549.95,550,1634,
2016-11-04 13:52:00+05:30,550,550.15,549.6,549.65,948,
2016-11-04 13:53:00+05:30,550,550.3,549.8,550.15,1866,
2016-11-04 13:54:00+05:30,549.65,550.3,549.65,550.25,3867,
2016-11-04 13:55:00+05:30,549.9,550.4,549.7,549.85,3755,
2016-11-04 13:56:00+05:30,550.15,550.15,549.8,550.05,1780,
2016-11-04 13:57:00+05:30,549.8,550.05,549.8,550,938,
2016-11-04 13:58:00+05:30,550,550.2,549.7,550,3636,
2016-11-04 13:59:00+05:30,550,550.2,549.8,550.15,1539,
2016-11-04 14:00:00+05:30,550.15,550.15,550,550.15,2213,
2016-11-04 14:01:00+05:30,549.7,550.4,549.7,549.8,3146,
2016-11-04 14:02:00+05:30,549.6,550,549,549,2247,
2016-11-04 14:03:00+05:30,549,551.4,549,551.35,21346,
2016-11-04 14:04:00+05:30,551.15,551.6,550.65,550.75,2533,
2016-11-04 14:05:00+05:30,550.6,551,550.6,551,2310,
2016-11-04 14:06:00+05:30,550.7,551,550.3,550.3,2524,
2016-11-04 14:07:00+05:30,550.3,550.65,549.8,550.2,6929,
2016-11-04 14:08:00+05:30,550.2,550.2,549.85,550,2092,
2016-11-04 14:09:00+05:30,549.85,550,549.35,549.85,9336,
2016-11-04 14:10:00+05:30,549.4,550,549.4,549.6,2784,
2016-11-04 14:11:00+05:30,549.55,549.75,549.1,549.1,1855,
2016-11-04 14:12:00+05:30,549.1,549.3,549,549,2667,
2016-11-04 14:13:00+05:30,549.05,549.2,549,549,1813,
2016-11-04 14:14:00+05:30,549,549.4,548.8,548.8,1319,
2016-11-04 14:15:00+05:30,548.8,549.05,548.8,549,1595,
2016-11-04 14:16:00+05:30,549,550.2,549,549.35,12536,
2016-11-04 14:17:00+05:30,549.35,550,549.3,550,2900,
2016-11-04 14:18:00+05:30,550,550.1,549.5,549.5,2245,
2016-11-04 14:19:00+05:30,549.4,549.45,549.2,549.3,1865,
2016-11-04 14:20:00+05:30,549.3,549.45,548.7,548.7,898,
2016-11-04 14:21:00+05:30,548.7,548.7,548.55,548.55,3741,
2016-11-04 14:22:00+05:30,548.55,548.75,547.5,547.5,5436,
2016-11-04 14:23:00+05:30,547.5,550,547.5,549.15,9942,
2016-11-04 14:24:00+05:30,549.1,549.1,548.05,548.1,2315,
2016-11-04 14:25:00+05:30,548.1,548.3,547.8,547.8,1922,
2016-11-04 14:26:00+05:30,547.8,547.9,547.25,547.25,1081,
2016-11-04 14:27:00+05:30,547.2,547.45,546.1,546.1,6142,
2016-11-04 14:28:00+05:30,546.15,547.5,546.15,547.05,5411,
2016-11-04 14:29:00+05:30,546.85,547.1,546.05,546.05,1533,
2016-11-04 14:30:00+05:30,546.05,546.55,545.4,546.2,8477,
2016-11-04 14:31:00+05:30,546.15,546.65,545.55,545.65,1614,
2016-11-04 14:32:00+05:30,545.65,545.85,544.75,544.8,10450,
2016-11-04 14:33:00+05:30,544.65,545,544.45,544.6,2731,
2016-11-04 14:34:00+05:30,544.6,545.5,544.6,545.5,2000,
2016-11-04 14:35:00+05:30,545.3,546.1,545.15,545.95,3142,
2016-11-04 14:36:00+05:30,545.75,546,544.8,544.85,1186,
2016-11-04 14:37:00+05:30,544.8,546.55,544.7,545.3,4056,
2016-11-04 14:38:00+05:30,545.3,545.3,544.95,545,2141,
2016-11-04 14:39:00+05:30,544.65,545.75,544.65,544.85,7426,
2016-11-04 14:40:00+05:30,544.95,545.35,544.95,545.05,1410,
2016-11-04 14:41:00+05:30,545.05,546,545.05,545.7,2038,
2016-11-04 14:42:00+05:30,545.7,546.35,545.7,546.2,2177,
2016-11-04 14:43:00+05:30,546.2,546.55,545.7,546.3,2409,
2016-11-04 14:44:00+05:30,546.1,546.3,545.35,545.4,1577,
2016-11-04 14:45:00+05:30,545.35,545.4,544.85,544.85,2625,
2016-11-04 14:46:00+05:30,544.85,545.05,544.65,544.65,1832,
2016-11-04 14:47:00+05:30,544.7,545.2,544.5,545,3413,
2016-11-04 14:48:00+05:30,544.9,545.2,544.65,544.65,1681,
2016-11-04 14:49:00+05:30,544.55,545.2,544.55,544.55,1594,
2016-11-04 14:50:00+05:30,544.5,544.65,544,544,2231,
2016-11-04 14:51:00+05:30,544,544.3,543.35,543.35,7349,
2016-11-04 14:52:00+05:30,543,543.6,541.5,541.95,13859,
2016-11-04 14:53:00+05:30,541.9,541.9,540.9,540.95,8372,
2016-11-04 14:54:00+05:30,540.95,541.25,539.3,539.4,16029,
2016-11-04 14:55:00+05:30,539.65,540.7,539.1,539.25,5490,
2016-11-04 14:56:00+05:30,539.35,540.1,539.3,539.5,4536,
2016-11-04 14:57:00+05:30,539.65,539.65,538.35,538.6,4481,
2016-11-04 14:58:00+05:30,538.4,540,538,540,10085,
2016-11-04 14:59:00+05:30,539.8,540.15,538.6,538.6,2673,
2016-11-04 15:00:00+05:30,538.95,540.5,538.6,540.4,8569,
2016-11-04 15:01:00+05:30,540.4,540.4,539.55,540,2775,
2016-11-04 15:02:00+05:30,540.1,540.45,540,540.15,3057,
2016-11-04 15:03:00+05:30,540.4,540.9,540.3,540.8,5223,
2016-11-04 15:04:00+05:30,540.8,542.4,540.7,542.4,7178,
2016-11-04 15:05:00+05:30,542.4,542.4,541.45,541.7,9861,
2016-11-04 15:06:00+05:30,541.5,541.6,540.45,540.9,19251,
2016-11-04 15:07:00+05:30,540.9,541.95,540.9,541.5,3736,
2016-11-04 15:08:00+05:30,541.5,542,541.5,541.85,5174,
2016-11-04 15:09:00+05:30,541.85,542,541.35,541.75,9137,
2016-11-04 15:10:00+05:30,541.75,542.65,541.75,542.35,22042,
2016-11-04 15:11:00+05:30,542,542.55,541.55,542.3,7479,
2016-11-04 15:12:00+05:30,542.7,542.85,541.9,542,10338,
2016-11-04 15:13:00+05:30,542,542.7,541.85,542.3,6384,
2016-11-04 15:14:00+05:30,542.7,543,542.1,542.35,4122,
2016-11-04 15:15:00+05:30,542.65,543.15,542.3,543,4917,
2016-11-04 15:16:00+05:30,543,543.35,542.65,543.2,6973,
2016-11-04 15:17:00+05:30,543.25,543.3,543,543.05,4371,
2016-11-04 15:18:00+05:30,543.2,545.3,543.05,545.3,40758,
2016-11-04 15:19:00+05:30,545.3,549.2,545.3,548.8,57924,
2016-11-04 15:20:00+05:30,548.8,550.35,545.95,548.15,28017,
2016-11-04 15:21:00+05:30,548.45,548.9,548.05,548.7,20916,
2016-11-04 15:22:00+05:30,548.95,549.1,547.65,547.65,6862,
2016-11-04 15:23:00+05:30,547.55,548.25,547.2,547.25,10957,
2016-11-04 15:24:00+05:30,547.2,547.75,546.55,546.55,6013,
2016-11-04 15:25:00+05:30,546.35,546.35,545.05,545.05,6298,
2016-11-04 15:26:00+05:30,545.05,545.45,544.35,545.2,5542,
2016-11-04 15:27:00+05:30,545.45,545.45,544.5,544.75,5677,
2016-11-04 15:28:00+05:30,544.5,545,543.35,543.4,4617,
2016-11-04 15:29:00+05:30,544,544,543.05,544,4653,
2016-11-07 09:15:00+05:30,550.85,555,550.85,552.8,10709,
2016-11-07 09:16:00+05:30,552.8,554,551.95,553.55,5962,
2016-11-07 09:17:00+05:30,553.5,553.9,552.4,553.55,3444,
2016-11-07 09:18:00+05:30,553.35,554,551.6,551.6,5702,
2016-11-07 09:19:00+05:30,551.65,553,551.65,552.35,2536,
2016-11-07 09:20:00+05:30,552.95,553.15,552.5,553,3411,
2016-11-07 09:21:00+05:30,553,553.2,552,552,2009,
2016-11-07 09:22:00+05:30,552,552.2,551.1,551.1,3276,
2016-11-07 09:23:00+05:30,551.1,552,550.6,551.85,3710,
2016-11-07 09:24:00+05:30,551.85,552.65,551.85,552.4,1639,
2016-11-07 09:25:00+05:30,552.45,553.85,552.3,553.5,2880,
2016-11-07 09:26:00+05:30,553.5,553.55,552.85,552.85,2903,
2016-11-07 09:27:00+05:30,552.85,554,552.85,553.55,4373,
2016-11-07 09:28:00+05:30,553.55,553.8,552.8,552.8,1772,
2016-11-07 09:29:00+05:30,552.8,553.3,552,552,558,
2016-11-07 09:30:00+05:30,551.95,552,550.3,550.3,2234,
2016-11-07 09:31:00+05:30,550.3,550.85,550.25,550.5,3141,
2016-11-07 09:32:00+05:30,550.5,551.05,550.5,550.7,2645,
2016-11-07 09:33:00+05:30,550.7,551.85,550.7,551.65,2106,
2016-11-07 09:34:00+05:30,551.65,551.65,550.65,551.1,3704,
2016-11-07 09:35:00+05:30,551.1,551.7,551.05,551.05,1294,
2016-11-07 09:36:00+05:30,551.7,551.7,551,551,1186,
2016-11-07 09:37:00+05:30,551,551.4,550.6,550.6,1566,
2016-11-07 09:38:00+05:30,550.6,551.1,550.55,550.55,1005,
2016-11-07 09:39:00+05:30,550.55,550.95,550.3,550.3,1230,
2016-11-07 09:40:00+05:30,550.25,550.6,550.25,550.35,1486,
2016-11-07 09:41:00+05:30,550.35,550.4,547.55,547.55,17331,
2016-11-07 09:42:00+05:30,547.9,548.5,547.15,547.3,8190,
2016-11-07 09:43:00+05:30,547.4,548.4,546.5,548.4,4093,
2016-11-07 09:44:00+05:30,548.05,548.35,547.65,547.95,2159,
2016-11-07 09:45:00+05:30,547.95,548.75,547.95,548.6,2392,
2016-11-07 09:46:00+05:30,548.1,549.05,548.1,548.75,3069,
2016-11-07 09:47:00+05:30,548.3,548.95,548.2,548.6,1265,
2016-11-07 09:48:00+05:30,548.7,549.45,548.6,549.2,1791,
2016-11-07 09:49:00+05:30,549.15,549.6,548.85,548.85,4844,
2016-11-07 09:50:00+05:30,549.15,549.2,548.85,548.9,1164,
2016-11-07 09:51:00+05:30,548.9,549.2,548.85,549.1,1217,
2016-11-07 09:52:00+05:30,549.3,549.85,549.1,549.85,1536,
2016-11-07 09:53:00+05:30,549.55,549.85,549.2,549.3,1580,
2016-11-07 09:54:00+05:30,549.15,549.45,549.05,549.25,680,
2016-11-07 09:55:00+05:30,549.05,549.2,549.05,549.2,671,
2016-11-07 09:56:00+05:30,549.1,549.85,549.05,549.7,1522,
2016-11-07 09:57:00+05:30,549.85,549.9,549.3,549.4,1230,
2016-11-07 09:58:00+05:30,549.65,549.85,549.05,549.05,2618,
2016-11-07 09:59:00+05:30,548.9,549.1,548.3,548.35,4660,
2016-11-07 10:00:00+05:30,548.2,548.2,548,548.05,2023,
2016-11-07 10:01:00+05:30,548.1,548.6,548,548.45,1159,
2016-11-07 10:02:00+05:30,548.4,549.1,548,548.5,9974,
2016-11-07 10:03:00+05:30,548.3,548.9,548.1,548.5,977,
2016-11-07 10:04:00+05:30,548.5,549.2,548.45,549.15,4280,
2016-11-07 10:05:00+05:30,549.15,549.2,548.65,549.15,2391,
2016-11-07 10:06:00+05:30,548.85,549.2,548.7,549.1,1150,
2016-11-07 10:07:00+05:30,548.8,549.7,548.8,549.7,1987,
2016-11-07 10:08:00+05:30,549.3,549.85,549.3,549.8,1269,
2016-11-07 10:09:00+05:30,549.4,550,549.4,550,1252,
2016-11-07 10:10:00+05:30,549.8,550,549.35,549.4,3168,
2016-11-07 10:11:00+05:30,549.85,549.95,549.45,549.65,416,
2016-11-07 10:12:00+05:30,549.4,550,549.35,549.8,1732,
2016-11-07 10:13:00+05:30,549.4,549.9,549.4,549.55,1825,
2016-11-07 10:14:00+05:30,549.9,550.1,549.75,550.1,1871,
2016-11-07 10:15:00+05:30,550.1,551.6,550.1,551.6,3266,
2016-11-07 10:16:00+05:30,551.8,552,551.45,551.7,4960,
2016-11-07 10:17:00+05:30,551.7,551.9,551.5,551.6,923,
2016-11-07 10:18:00+05:30,551.6,551.9,551.05,551.25,997,
2016-11-07 10:19:00+05:30,551,551.45,551,551.25,1205,
2016-11-07 10:20:00+05:30,551,551.45,551,551.35,547,
2016-11-07 10:21:00+05:30,551.1,551.5,551.1,551.45,1499,
2016-11-07 10:22:00+05:30,551.25,551.45,551.25,551.3,2626,
2016-11-07 10:23:00+05:30,551.3,551.5,551.25,551.35,711,
2016-11-07 10:24:00+05:30,551.25,551.5,551.25,551.45,2686,
2016-11-07 10:25:00+05:30,551.25,551.5,551.25,551.4,572,
2016-11-07 10:26:00+05:30,551.25,551.5,551.25,551.25,852,
2016-11-07 10:27:00+05:30,551.35,551.95,551.25,551.85,1330,
2016-11-07 10:28:00+05:30,551.7,552,551.7,551.95,517,
2016-11-07 10:29:00+05:30,551.65,552,551.55,551.6,872,
2016-11-07 10:30:00+05:30,551.25,551.6,551.25,551.6,611,
2016-11-07 10:31:00+05:30,551.25,551.6,551.25,551.35,674,
2016-11-07 10:32:00+05:30,551.25,551.35,551.25,551.35,836,
2016-11-07 10:33:00+05:30,551.35,551.7,551.3,551.4,620,
2016-11-07 10:34:00+05:30,551.8,551.8,551.3,551.35,353,
2016-11-07 10:35:00+05:30,551.3,551.9,551.3,551.9,1140,
2016-11-07 10:36:00+05:30,551.55,551.85,551.35,551.45,511,
2016-11-07 10:37:00+05:30,551.3,551.8,551.25,551.7,1215,
2016-11-07 10:38:00+05:30,551.7,551.95,551.55,551.85,1497,
2016-11-07 10:39:00+05:30,551.85,551.85,551.5,551.5,942,
2016-11-07 10:40:00+05:30,551.5,552,551.25,552,8433,
2016-11-07 10:41:00+05:30,551.65,552.5,551.65,552.1,2207,
2016-11-07 10:42:00+05:30,552,552.3,551.8,552.3,2066,
2016-11-07 10:43:00+05:30,552.25,553,552.25,553,3376,
2016-11-07 10:44:00+05:30,552.6,553,552.6,552.75,1254,
2016-11-07 10:45:00+05:30,552.7,553.45,552.7,553,2677,
2016-11-07 10:46:00+05:30,553,553.45,552.95,553.4,1992,
2016-11-07 10:47:00+05:30,553.45,553.5,553.05,553.45,3396,
2016-11-07 10:48:00+05:30,553.1,553.85,553,553.85,3965,
2016-11-07 10:49:00+05:30,553.9,554.6,553.55,554.6,3299,
2016-11-07 10:50:00+05:30,554.5,555.75,554.5,555.5,7952,
2016-11-07 10:51:00+05:30,555.1,555.6,554.6,555.25,7096,
2016-11-07 10:52:00+05:30,555.25,555.6,555,555,3677,
2016-11-07 10:53:00+05:30,555.3,555.3,554.55,554.6,1262,
2016-11-07 10:54:00+05:30,554.55,555.1,554.35,554.95,4264,
2016-11-07 10:55:00+05:30,554.7,555,554.7,554.85,427,
2016-11-07 10:56:00+05:30,554.8,554.85,554.05,554.15,3526,
2016-11-07 10:57:00+05:30,553.55,554.5,553.5,554.5,2549,
2016-11-07 10:58:00+05:30,554.05,554.2,554.05,554.15,248,
2016-11-07 10:59:00+05:30,554,554.15,553.5,553.55,521,
2016-11-07 11:00:00+05:30,553.5,553.55,553.2,553.2,1277,
2016-11-07 11:01:00+05:30,553,553.3,553,553,654,
2016-11-07 11:02:00+05:30,553,553.1,553,553,1045,
2016-11-07 11:03:00+05:30,553.05,553.15,553,553.1,2419,
2016-11-07 11:04:00+05:30,552.7,553.2,552.7,553.2,716,
2016-11-07 11:05:00+05:30,553.05,553.2,553,553.2,644,
2016-11-07 11:06:00+05:30,553.05,553.65,553.05,553.6,946,
2016-11-07 11:07:00+05:30,553.3,553.6,553.3,553.35,1158,
2016-11-07 11:08:00+05:30,553.35,553.6,553,553.4,1274,
2016-11-07 11:09:00+05:30,553.35,553.4,553.05,553.4,969,
2016-11-07 11:10:00+05:30,553.1,553.3,553,553.1,1484,
2016-11-07 11:11:00+05:30,553,553.35,553,553.35,615,
2016-11-07 11:12:00+05:30,553,553.15,553,553.1,2750,
2016-11-07 11:13:00+05:30,553.05,553.15,553,553.05,1042,
2016-11-07 11:14:00+05:30,552.8,553.05,552.8,553.05,1562,
2016-11-07 11:15:00+05:30,553.05,553.15,553,553.15,912,
2016-11-07 11:16:00+05:30,552.85,553.55,552.85,553.1,744,
2016-11-07 11:17:00+05:30,553.05,553.5,553,553.5,535,
2016-11-07 11:18:00+05:30,553.3,553.65,553.3,553.4,285,
2016-11-07 11:19:00+05:30,553.3,553.45,553.15,553.35,333,
2016-11-07 11:20:00+05:30,553.1,553.4,553.05,553.1,785,
2016-11-07 11:21:00+05:30,553.1,553.45,553.1,553.45,929,
2016-11-07 11:22:00+05:30,553.05,553.45,553,553.45,1923,
2016-11-07 11:23:00+05:30,553.1,553.5,553.1,553.1,616,
2016-11-07 11:24:00+05:30,553,553.3,553,553.1,578,
2016-11-07 11:25:00+05:30,553,553.15,552.9,553.05,936,
2016-11-07 11:26:00+05:30,553,553.4,553,553.15,1031,
2016-11-07 11:27:00+05:30,553,553.1,552.9,553.1,664,
2016-11-07 11:28:00+05:30,552.9,553.1,552.9,553,851,
2016-11-07 11:29:00+05:30,553,553.35,553,553.25,997,
2016-11-07 11:30:00+05:30,553.05,553.45,553,553,657,
2016-11-07 11:31:00+05:30,553.05,553.45,553,553.1,6893,
2016-11-07 11:32:00+05:30,553.25,553.25,552.9,553.05,644,
2016-11-07 11:33:00+05:30,553.05,553.3,552.95,553.05,665,
2016-11-07 11:34:00+05:30,553,553.05,553,553.05,4087,
2016-11-07 11:35:00+05:30,553,553.05,552.7,553.05,2097,
2016-11-07 11:36:00+05:30,552.65,553.15,552.45,552.45,1160,
2016-11-07 11:37:00+05:30,552.45,552.7,552.25,552.35,2110,
2016-11-07 11:38:00+05:30,552.25,552.65,552.25,552.6,946,
2016-11-07 11:39:00+05:30,552.25,552.55,552.25,552.3,631,
2016-11-07 11:40:00+05:30,552.25,552.55,552.25,552.55,1736,
2016-11-07 11:41:00+05:30,552.25,552.75,552.25,552.5,1429,
2016-11-07 11:42:00+05:30,552.25,552.5,552.25,552.5,3906,
2016-11-07 11:43:00+05:30,552.25,552.35,552.25,552.25,13359,
2016-11-07 11:44:00+05:30,552.25,552.3,550.5,550.85,5472,
2016-11-07 11:45:00+05:30,550.55,550.85,550.1,550.55,2873,
2016-11-07 11:46:00+05:30,550.1,550.15,548.65,549.95,7943,
2016-11-07 11:47:00+05:30,549.95,550.65,549.95,550.35,1381,
2016-11-07 11:48:00+05:30,550.35,550.6,550.1,550.35,1066,
2016-11-07 11:49:00+05:30,550,550.2,549.8,549.8,1815,
2016-11-07 11:50:00+05:30,550.05,550.05,549.55,549.6,916,
2016-11-07 11:51:00+05:30,549.6,549.95,549.4,549.7,2675,
2016-11-07 11:52:00+05:30,549.4,549.7,549.1,549.4,3799,
2016-11-07 11:53:00+05:30,549.3,549.5,549.15,549.5,2200,
2016-11-07 11:54:00+05:30,549.3,549.5,549.3,549.5,1029,
2016-11-07 11:55:00+05:30,549.25,549.5,549.25,549.45,1063,
2016-11-07 11:56:00+05:30,549.25,549.45,549,549,1343,
2016-11-07 11:57:00+05:30,548.75,549.45,548.6,549.45,1957,
2016-11-07 11:58:00+05:30,549.2,549.45,548.9,549.2,2013,
2016-11-07 11:59:00+05:30,549.2,549.2,548.4,548.55,2237,
2016-11-07 12:00:00+05:30,548.8,549.15,548.6,549.05,2072,
2016-11-07 12:01:00+05:30,549.3,549.55,548.3,548.3,4636,
2016-11-07 12:02:00+05:30,548.7,549.15,548.55,548.9,1827,
2016-11-07 12:03:00+05:30,548.9,549.1,548.6,549.05,1726,
2016-11-07 12:04:00+05:30,549,549.3,549,549.15,1630,
2016-11-07 12:05:00+05:30,549,549.45,549,549.05,1635,
2016-11-07 12:06:00+05:30,549.45,549.45,548.85,549.15,790,
2016-11-07 12:07:00+05:30,549,549.15,549,549.05,1310,
2016-11-07 12:08:00+05:30,549.05,549.15,549,549.15,991,
2016-11-07 12:09:00+05:30,549.05,549.25,549.05,549.15,570,
2016-11-07 12:10:00+05:30,549.15,549.2,548.75,549.2,3893,
2016-11-07 12:11:00+05:30,549,549.2,549,549.05,883,
2016-11-07 12:12:00+05:30,549,549.2,549,549,2345,
2016-11-07 12:13:00+05:30,549,549.15,549,549.15,955,
2016-11-07 12:14:00+05:30,549.15,549.15,549,549.15,1344,
2016-11-07 12:15:00+05:30,549,549.35,548.7,549.15,1365,
2016-11-07 12:16:00+05:30,549.05,549.3,549,549.3,1447,
2016-11-07 12:17:00+05:30,549,549.2,549,549.15,720,
2016-11-07 12:18:00+05:30,549,549.15,548.6,548.65,1002,
2016-11-07 12:19:00+05:30,548.6,548.6,548.05,548.05,4066,
2016-11-07 12:20:00+05:30,548.15,548.5,548.15,548.35,757,
2016-11-07 12:21:00+05:30,548.2,548.8,548.2,548.7,1797,
2016-11-07 12:22:00+05:30,548.5,548.65,548.3,548.65,1364,
2016-11-07 12:23:00+05:30,548.5,548.85,548.5,548.65,1518,
2016-11-07 12:24:00+05:30,548.5,548.75,548.5,548.75,860,
2016-11-07 12:25:00+05:30,548.5,548.75,548.5,548.5,1089,
2016-11-07 12:26:00+05:30,548.5,548.8,548.4,548.5,1377,
2016-11-07 12:27:00+05:30,548.25,548.5,548.15,548.25,1229,
2016-11-07 12:28:00+05:30,548.25,549.3,548.1,549,3306,
2016-11-07 12:29:00+05:30,548.65,549,548.4,548.85,1112,
2016-11-07 12:30:00+05:30,548.65,549.05,548.6,548.95,2232,
2016-11-07 12:31:00+05:30,548.7,549.8,548.55,549.5,6471,
2016-11-07 12:32:00+05:30,549.25,549.7,549.2,549.5,1915,
2016-11-07 12:33:00+05:30,549.5,549.6,549,549,3661,
2016-11-07 12:34:00+05:30,549,549.25,549,549.05,1428,
2016-11-07 12:35:00+05:30,549.25,549.45,549.05,549.1,1084,
2016-11-07 12:36:00+05:30,549.25,549.5,549,549.2,1077,
2016-11-07 12:37:00+05:30,549,549.2,548.4,548.7,16600,
2016-11-07 12:38:00+05:30,548.7,548.85,548.4,548.5,1480,
2016-11-07 12:39:00+05:30,548.5,548.8,548.45,548.7,1365,
2016-11-07 12:40:00+05:30,548.45,548.7,548.45,548.5,1231,
2016-11-07 12:41:00+05:30,548.65,548.65,548.5,548.5,649,
2016-11-07 12:42:00+05:30,548.65,548.65,548.4,548.5,1878,
2016-11-07 12:43:00+05:30,548.5,548.5,548.05,548.1,3037,
2016-11-07 12:44:00+05:30,548.1,548.35,548.05,548.3,1195,
2016-11-07 12:45:00+05:30,548.05,548.2,547.15,547.4,7021,
2016-11-07 12:46:00+05:30,547.35,547.9,547.35,547.75,4626,
2016-11-07 12:47:00+05:30,547.65,548,547.65,547.75,4084,
2016-11-07 12:48:00+05:30,547.95,547.95,547.55,547.9,480,
2016-11-07 12:49:00+05:30,547.75,547.85,547.2,547.65,2724,
2016-11-07 12:50:00+05:30,547.55,548,547.55,547.9,6522,
2016-11-07 12:51:00+05:30,547.7,548.4,547.7,548.05,3465,
2016-11-07 12:52:00+05:30,548.05,548.5,548.05,548.15,1529,
2016-11-07 12:53:00+05:30,548.15,549.25,548.15,548.5,3253,
2016-11-07 12:54:00+05:30,548.65,549.35,548.3,548.55,1805,
2016-11-07 12:55:00+05:30,548.6,549.1,548.6,548.95,1832,
2016-11-07 12:56:00+05:30,548.65,549,548.5,548.8,1470,
2016-11-07 12:57:00+05:30,548.5,549.1,548.25,548.25,1166,
2016-11-07 12:58:00+05:30,548.8,549,547.8,548.1,1276,
2016-11-07 12:59:00+05:30,547.8,548.3,547.7,547.85,1052,
2016-11-07 13:00:00+05:30,547.7,548.25,547.7,547.95,1205,
2016-11-07 13:01:00+05:30,548.05,548.2,547.7,548.05,2121,
2016-11-07 13:02:00+05:30,547.55,548.7,547.25,547.65,1504,
2016-11-07 13:03:00+05:30,547.75,548.3,547.25,547.55,1570,
2016-11-07 13:04:00+05:30,547.25,548.7,547.25,548.4,3630,
2016-11-07 13:05:00+05:30,548.05,548.5,547.95,548.25,1320,
2016-11-07 13:06:00+05:30,548,548.3,547.6,548,1762,
2016-11-07 13:07:00+05:30,547.95,548.1,547.35,547.35,1736,
2016-11-07 13:08:00+05:30,547.25,548.35,547.2,547.55,1303,
2016-11-07 13:09:00+05:30,547.6,548.1,547.55,547.85,1283,
2016-11-07 13:10:00+05:30,548.2,548.35,547.6,548.35,1652,
2016-11-07 13:11:00+05:30,548.35,548.7,548.1,548.5,2190,
2016-11-07 13:12:00+05:30,548.15,548.7,547.8,548.65,2296,
2016-11-07 13:13:00+05:30,548.4,548.7,548.3,548.55,1751,
2016-11-07 13:14:00+05:30,548.45,548.55,548,548.2,1291,
2016-11-07 13:15:00+05:30,548.6,548.7,548.05,548.4,1385,
2016-11-07 13:16:00+05:30,548.05,548.6,548.05,548.1,1792,
2016-11-07 13:17:00+05:30,548.55,548.7,548.15,548.7,1080,
2016-11-07 13:18:00+05:30,548.7,548.95,548.25,548.5,2134,
2016-11-07 13:19:00+05:30,548.5,549,548.5,548.8,3077,
2016-11-07 13:20:00+05:30,548.8,549.2,548.5,549.2,2437,
2016-11-07 13:21:00+05:30,549,549.9,549,549.9,3605,
2016-11-07 13:22:00+05:30,549.55,549.85,549.1,549.25,2732,
2016-11-07 13:23:00+05:30,549.25,549.75,549,549.75,1209,
2016-11-07 13:24:00+05:30,549.35,550.6,549.35,549.5,4248,
2016-11-07 13:25:00+05:30,549.5,549.85,549.3,549.85,1959,
2016-11-07 13:26:00+05:30,549.35,549.75,549.35,549.75,1808,
2016-11-07 13:27:00+05:30,549.5,549.95,549.4,549.9,1455,
2016-11-07 13:28:00+05:30,549.55,549.65,549.05,549.35,3858,
2016-11-07 13:29:00+05:30,549.1,549.35,548.75,549.15,1413,
2016-11-07 13:30:00+05:30,549.35,549.35,548.9,549.3,728,
2016-11-07 13:31:00+05:30,549.1,549.55,549.1,549.55,2307,
2016-11-07 13:32:00+05:30,549.25,549.55,549.1,549.55,819,
2016-11-07 13:33:00+05:30,549.25,549.55,549.25,549.55,1143,
2016-11-07 13:34:00+05:30,549.25,549.6,549.15,549.6,1803,
2016-11-07 13:35:00+05:30,549.5,549.75,549.25,549.6,1691,
2016-11-07 13:36:00+05:30,549.6,549.65,549.3,549.35,717,
2016-11-07 13:37:00+05:30,549.6,549.6,549.3,549.3,1414,
2016-11-07 13:38:00+05:30,549.3,549.6,549.25,549.55,1049,
2016-11-07 13:39:00+05:30,549.25,549.6,549.25,549.4,976,
2016-11-07 13:40:00+05:30,549.15,549.4,549.15,549.4,1160,
2016-11-07 13:41:00+05:30,549.4,549.45,549.15,549.45,915,
2016-11-07 13:42:00+05:30,549.25,549.55,549.15,549.25,873,
2016-11-07 13:43:00+05:30,549.15,549.5,549.15,549.45,1304,
2016-11-07 13:44:00+05:30,549.25,549.45,549.15,549.45,1002,
2016-11-07 13:45:00+05:30,549.25,549.55,549.25,549.55,1300,
2016-11-07 13:46:00+05:30,549.15,549.6,549.15,549.6,1265,
2016-11-07 13:47:00+05:30,549.6,549.6,549.25,549.5,913,
2016-11-07 13:48:00+05:30,549.5,549.55,549.2,549.55,1521,
2016-11-07 13:49:00+05:30,549.25,549.55,549.15,549.45,1726,
2016-11-07 13:50:00+05:30,549.25,549.45,549.25,549.45,908,
2016-11-07 13:51:00+05:30,549.25,549.45,549.25,549.25,992,
2016-11-07 13:52:00+05:30,549.15,549.55,549.15,549.55,1239,
2016-11-07 13:53:00+05:30,549.55,549.55,549.2,549.45,858,
2016-11-07 13:54:00+05:30,549.45,549.6,549.15,549.6,1108,
2016-11-07 13:55:00+05:30,549.6,549.6,549.25,549.25,1584,
2016-11-07 13:56:00+05:30,549.25,549.6,549.25,549.25,804,
2016-11-07 13:57:00+05:30,549.25,549.3,549.25,549.3,1662,
2016-11-07 13:58:00+05:30,549.25,549.3,549.25,549.3,1475,
2016-11-07 13:59:00+05:30,549.3,549.3,549.25,549.3,865,
2016-11-07 14:00:00+05:30,549.25,549.3,549.25,549.3,839,
2016-11-07 14:01:00+05:30,549.25,549.3,549.25,549.3,1534,
2016-11-07 14:02:00+05:30,549.25,549.3,549,549.1,1044,
2016-11-07 14:03:00+05:30,549,549.2,549,549.2,987,
2016-11-07 14:04:00+05:30,549,549.3,549,549.25,1611,
2016-11-07 14:05:00+05:30,549,549.3,548.85,549,2549,
2016-11-07 14:06:00+05:30,549,549.25,549,549,838,
2016-11-07 14:07:00+05:30,549,549.5,549,549.5,6611,
2016-11-07 14:08:00+05:30,549.05,549.45,549,549.35,970,
2016-11-07 14:09:00+05:30,549.4,549.45,549,549.3,1951,
2016-11-07 14:10:00+05:30,549,549.45,549,549.3,1295,
2016-11-07 14:11:00+05:30,549,549.3,549,549.3,704,
2016-11-07 14:12:00+05:30,549,549.3,549,549.15,761,
2016-11-07 14:13:00+05:30,549,549.9,548.85,549.85,2584,
2016-11-07 14:14:00+05:30,549.55,549.85,549.55,549.85,1579,
2016-11-07 14:15:00+05:30,549.85,549.85,549.3,549.8,1002,
2016-11-07 14:16:00+05:30,549.4,549.65,548.7,549,1528,
2016-11-07 14:17:00+05:30,549.05,549.1,548.7,549.05,951,
2016-11-07 14:18:00+05:30,548.7,549.05,548.6,548.9,1030,
2016-11-07 14:19:00+05:30,548.7,548.9,548.5,548.8,1231,
2016-11-07 14:20:00+05:30,548.5,548.85,548.35,548.85,1030,
2016-11-07 14:21:00+05:30,548.85,549.1,548.5,549,853,
2016-11-07 14:22:00+05:30,548.85,549.3,548.8,549.25,1537,
2016-11-07 14:23:00+05:30,548.9,549.25,548.85,549.2,1096,
2016-11-07 14:24:00+05:30,549.2,549.2,548,548.05,1235,
2016-11-07 14:25:00+05:30,547.8,548.35,547.8,548.35,1339,
2016-11-07 14:26:00+05:30,548.05,548.3,547.5,547.85,1679,
2016-11-07 14:27:00+05:30,547.85,547.95,547.55,547.9,2132,
2016-11-07 14:28:00+05:30,547.55,548,547.45,547.65,1229,
2016-11-07 14:29:00+05:30,547.45,547.65,547.2,547.6,844,
2016-11-07 14:30:00+05:30,547.25,547.6,547.25,547.35,1191,
2016-11-07 14:31:00+05:30,547.7,547.7,547.35,547.65,1999,
2016-11-07 14:32:00+05:30,547.4,547.65,547.4,547.5,955,
2016-11-07 14:33:00+05:30,547.5,547.7,547.5,547.7,1230,
2016-11-07 14:34:00+05:30,547.6,547.65,547.15,547.2,1888,
2016-11-07 14:35:00+05:30,547.1,547.15,547,547.1,2560,
2016-11-07 14:36:00+05:30,547,547,546.5,546.8,2068,
2016-11-07 14:37:00+05:30,546.55,547.2,546.55,547.1,2551,
2016-11-07 14:38:00+05:30,546.65,546.95,546.6,546.85,1224,
2016-11-07 14:39:00+05:30,546.6,547.2,546.6,547.1,1307,
2016-11-07 14:40:00+05:30,546.8,547.4,546.8,547.05,822,
2016-11-07 14:41:00+05:30,547.05,547.5,547.05,547.45,2134,
2016-11-07 14:42:00+05:30,547.25,547.45,547.25,547.25,1125,
2016-11-07 14:43:00+05:30,547.25,547.4,547,547,1248,
2016-11-07 14:44:00+05:30,547.15,547.2,546.7,547,1188,
2016-11-07 14:45:00+05:30,547,547.4,546.6,547.05,3612,
2016-11-07 14:46:00+05:30,546.75,547.5,546.5,547.3,2897,
2016-11-07 14:47:00+05:30,547,547.3,546.9,547.15,718,
2016-11-07 14:48:00+05:30,547,547.3,547,547.05,877,
2016-11-07 14:49:00+05:30,547,547.2,547,547.2,1270,
2016-11-07 14:50:00+05:30,547.35,547.35,547,547.05,803,
2016-11-07 14:51:00+05:30,547,547.4,547,547,781,
2016-11-07 14:52:00+05:30,547,547.3,547,547.15,1352,
2016-11-07 14:53:00+05:30,547.05,547.2,547,547.2,2098,
2016-11-07 14:54:00+05:30,547.05,547.35,547,547.35,1452,
2016-11-07 14:55:00+05:30,547.2,547.6,546.8,547.15,6657,
2016-11-07 14:56:00+05:30,547.15,547.4,546.8,547.2,4670,
2016-11-07 14:57:00+05:30,546.75,547.4,546.6,546.9,1822,
2016-11-07 14:58:00+05:30,546.7,547.35,546.7,546.85,1144,
2016-11-07 14:59:00+05:30,546.5,547,546.5,546.65,1757,
2016-11-07 15:00:00+05:30,547,547,546.5,546.55,7170,
2016-11-07 15:01:00+05:30,546.5,546.9,546.5,546.5,2909,
2016-11-07 15:02:00+05:30,546.5,546.6,546.1,546.1,5338,
2016-11-07 15:03:00+05:30,546.1,546.15,545,545.1,8762,
2016-11-07 15:04:00+05:30,545.1,545.35,544.4,544.55,4991,
2016-11-07 15:05:00+05:30,544.6,545.15,544.6,544.7,3900,
2016-11-07 15:06:00+05:30,544.65,545.25,544.6,545.2,7498,
2016-11-07 15:07:00+05:30,545.1,546.35,545,546.05,3474,
2016-11-07 15:08:00+05:30,546.05,546.85,546.05,546.4,7231,
2016-11-07 15:09:00+05:30,546.7,546.7,546.2,546.3,2818,
2016-11-07 15:10:00+05:30,546.3,546.3,545.8,545.8,3849,
2016-11-07 15:11:00+05:30,545.8,546.65,545.65,546.25,5944,
2016-11-07 15:12:00+05:30,546.45,546.45,545.3,545.35,3723,
2016-11-07 15:13:00+05:30,545.25,545.85,544.9,545.2,5755,
2016-11-07 15:14:00+05:30,545.2,546.3,545.2,545.7,6556,
2016-11-07 15:15:00+05:30,545.95,545.95,545.3,545.5,5622,
2016-11-07 15:16:00+05:30,545.5,545.65,544.85,545,7694,
2016-11-07 15:17:00+05:30,545.1,545.1,544.05,544.7,6551,
2016-11-07 15:18:00+05:30,544.75,545,544.3,544.9,4512,
2016-11-07 15:19:00+05:30,544.7,545.85,544.6,545.3,5396,
2016-11-07 15:20:00+05:30,545.25,546.5,545.25,545.9,21209,
2016-11-07 15:21:00+05:30,546,546,545.65,546,19040,
2016-11-07 15:22:00+05:30,545.95,546,545.65,545.65,8325,
2016-11-07 15:23:00+05:30,545.9,545.9,545.05,545.3,5559,
2016-11-07 15:24:00+05:30,545.6,545.6,544.8,545.15,3336,
2016-11-07 15:25:00+05:30,544.75,545.85,544.75,545.85,8333,
2016-11-07 15:26:00+05:30,545.85,546,545.2,545.5,9115,
2016-11-07 15:27:00+05:30,545.55,545.9,545.2,545.6,4823,
2016-11-07 15:28:00+05:30,545.35,547.25,545.25,545.55,25872,
2016-11-07 15:29:00+05:30,545.35,547.4,545.35,545.55,7230,
2016-11-08 09:15:00+05:30,550,550.9,547,549.4,2522,
2016-11-08 09:16:00+05:30,549.4,550,548.7,548.7,2272,
2016-11-08 09:17:00+05:30,548.7,549.95,548.65,549.05,5367,
2016-11-08 09:18:00+05:30,549.05,549.4,549,549.3,1608,
2016-11-08 09:19:00+05:30,549,549.4,548.5,548.9,1129,
2016-11-08 09:20:00+05:30,548.9,549.5,548.5,548.5,2236,
2016-11-08 09:21:00+05:30,548.5,549.05,547.6,548.85,2295,
2016-11-08 09:22:00+05:30,548.85,549.8,547.6,549.4,2024,
2016-11-08 09:23:00+05:30,549.4,549.4,547.3,548.3,2886,
2016-11-08 09:24:00+05:30,548.3,548.8,548.15,548.55,1458,
2016-11-08 09:25:00+05:30,548.55,548.6,547.7,547.7,2006,
2016-11-08 09:26:00+05:30,547.45,548,546.55,547.1,2839,
2016-11-08 09:27:00+05:30,547.1,547.15,546.65,546.9,895,
2016-11-08 09:28:00+05:30,546.9,547.65,546.8,547.25,1059,
2016-11-08 09:29:00+05:30,547.25,547.7,547.2,547.4,1494,
2016-11-08 09:30:00+05:30,547.4,547.65,546.8,547.2,1773,
2016-11-08 09:31:00+05:30,547.2,547.25,546.4,546.45,1885,
2016-11-08 09:32:00+05:30,546.45,546.9,546.1,546.55,1563,
2016-11-08 09:33:00+05:30,546.55,546.55,545.45,545.9,2161,
2016-11-08 09:34:00+05:30,545.9,545.95,544.8,545.15,2279,
2016-11-08 09:35:00+05:30,545.4,545.45,545,545,2320,
2016-11-08 09:36:00+05:30,545.35,545.35,544.25,544.95,4160,
2016-11-08 09:37:00+05:30,544.95,544.95,543.55,544,2135,
2016-11-08 09:38:00+05:30,544,544,542.35,542.75,3510,
2016-11-08 09:39:00+05:30,542.8,543.8,542.6,543.1,3270,
2016-11-08 09:40:00+05:30,543.1,543.1,542.4,542.9,2802,
2016-11-08 09:41:00+05:30,542.9,542.9,542.25,542.6,1755,
2016-11-08 09:42:00+05:30,542.6,542.8,542.3,542.8,949,
2016-11-08 09:43:00+05:30,542.8,542.85,541.7,541.7,2501,
2016-11-08 09:44:00+05:30,541.7,542.75,541.1,541.6,2749,
2016-11-08 09:45:00+05:30,541.6,541.8,541,541.4,2560,
2016-11-08 09:46:00+05:30,541.4,541.65,541.1,541.65,1686,
2016-11-08 09:47:00+05:30,541.65,542.3,541.35,542.3,2885,
2016-11-08 09:48:00+05:30,542.3,542.7,541.85,542.65,2081,
2016-11-08 09:49:00+05:30,542.65,542.75,542.3,542.7,1351,
2016-11-08 09:50:00+05:30,542.7,543.4,542.7,543.4,1959,
2016-11-08 09:51:00+05:30,543.4,543.4,541.9,542,1601,
2016-11-08 09:52:00+05:30,542.1,542.25,541.65,542.05,1756,
2016-11-08 09:53:00+05:30,542.05,542.65,541.8,542.65,1302,
2016-11-08 09:54:00+05:30,542.45,542.65,541.7,541.95,2399,
2016-11-08 09:55:00+05:30,541.95,542.65,541.8,541.85,3296,
2016-11-08 09:56:00+05:30,541.85,541.9,540.4,541.15,7365,
2016-11-08 09:57:00+05:30,541.15,541.95,540.8,541.9,1945,
2016-11-08 09:58:00+05:30,541.9,542.15,541.4,541.9,1059,
2016-11-08 09:59:00+05:30,541.9,542.15,541.4,542.15,1324,
2016-11-08 10:00:00+05:30,542.15,542.15,541.05,541.35,1786,
2016-11-08 10:01:00+05:30,541.35,541.35,540.1,540.75,6219,
2016-11-08 10:02:00+05:30,540.75,542.35,540.65,542.25,2727,
2016-11-08 10:03:00+05:30,542.25,542.85,541.85,542.4,2604,
2016-11-08 10:04:00+05:30,542.8,542.8,541.7,542.2,1689,
2016-11-08 10:05:00+05:30,542.2,542.4,541.6,542.1,1607,
2016-11-08 10:06:00+05:30,542.1,542.15,541.65,541.85,1063,
2016-11-08 10:07:00+05:30,541.85,541.85,540.75,541,2530,
2016-11-08 10:08:00+05:30,541.1,541.35,540.9,541.35,1264,
2016-11-08 10:09:00+05:30,541.35,541.45,541.05,541.4,822,
2016-11-08 10:10:00+05:30,541.4,541.5,541,541.45,1199,
2016-11-08 10:11:00+05:30,541.45,541.5,541,541.4,968,
2016-11-08 10:12:00+05:30,541.4,541.45,541,541.2,1206,
2016-11-08 10:13:00+05:30,541.2,541.45,540.2,541.4,4033,
2016-11-08 10:14:00+05:30,541.4,541.4,540.6,540.95,1105,
2016-11-08 10:15:00+05:30,540.95,541.15,540.65,541.1,1253,
2016-11-08 10:16:00+05:30,541.1,541.1,540.35,540.5,1103,
2016-11-08 10:17:00+05:30,540.95,540.95,540.2,540.45,1175,
2016-11-08 10:18:00+05:30,540.45,540.85,540.3,540.8,1122,
2016-11-08 10:19:00+05:30,540.8,540.85,540.3,540.85,1255,
2016-11-08 10:20:00+05:30,540.85,541.15,540.35,540.7,1453,
2016-11-08 10:21:00+05:30,540.75,540.95,540.4,540.9,1528,
2016-11-08 10:22:00+05:30,540.9,540.95,540.3,540.9,1740,
2016-11-08 10:23:00+05:30,540.85,540.9,540.35,540.7,996,
2016-11-08 10:24:00+05:30,540.75,540.95,540.3,540.8,1178,
2016-11-08 10:25:00+05:30,540.8,541,540.4,540.7,1920,
2016-11-08 10:26:00+05:30,540.7,540.75,540.3,540.65,2120,
2016-11-08 10:27:00+05:30,540.65,540.7,540.25,540.7,904,
2016-11-08 10:28:00+05:30,540.7,540.8,540.2,540.7,2792,
2016-11-08 10:29:00+05:30,540.7,541,540.7,540.95,1837,
2016-11-08 10:30:00+05:30,540.95,540.95,540.25,540.9,2669,
2016-11-08 10:31:00+05:30,540.9,540.9,540,540.5,3247,
2016-11-08 10:32:00+05:30,540.5,540.5,540,540.4,1355,
2016-11-08 10:33:00+05:30,540.4,540.5,540,540.2,2092,
2016-11-08 10:34:00+05:30,539.65,539.95,539,539.2,4507,
2016-11-08 10:35:00+05:30,539.2,539.3,538.5,538.85,3767,
2016-11-08 10:36:00+05:30,538.7,538.95,538.3,538.95,2340,
2016-11-08 10:37:00+05:30,538.95,539.5,538.95,539.45,1388,
2016-11-08 10:38:00+05:30,539.4,539.4,538.8,538.9,1022,
2016-11-08 10:39:00+05:30,539.05,540.7,538.8,540.4,2242,
2016-11-08 10:40:00+05:30,540.4,540.65,540.05,540.5,841,
2016-11-08 10:41:00+05:30,540.5,540.95,540.5,540.7,1538,
2016-11-08 10:42:00+05:30,540.7,541.2,540.7,541,1978,
2016-11-08 10:43:00+05:30,541.15,541.15,540.15,540.3,1460,
2016-11-08 10:44:00+05:30,540.3,540.45,539.85,540.4,983,
2016-11-08 10:45:00+05:30,540.4,540.4,539.5,540,1975,
2016-11-08 10:46:00+05:30,540,540,539,539.65,2041,
2016-11-08 10:47:00+05:30,539.65,539.65,539,539.4,1167,
2016-11-08 10:48:00+05:30,539.4,539.55,538.65,539.4,1628,
2016-11-08 10:49:00+05:30,539.2,539.4,538.6,539.25,2209,
2016-11-08 10:50:00+05:30,539.25,539.65,539,539.5,1698,
2016-11-08 10:51:00+05:30,539.8,539.8,538.6,538.95,1613,
2016-11-08 10:52:00+05:30,538.95,538.95,538.6,538.6,1269,
2016-11-08 10:53:00+05:30,538.9,539.35,538.55,539.35,1870,
2016-11-08 10:54:00+05:30,539.35,539.35,538.5,538.85,1247,
2016-11-08 10:55:00+05:30,538.55,539.15,538.55,538.9,2735,
2016-11-08 10:56:00+05:30,538.95,539.3,538.6,538.95,1921,
2016-11-08 10:57:00+05:30,538.95,539.4,538.95,539.4,1184,
2016-11-08 10:58:00+05:30,539.4,539.6,539.05,539.55,1568,
2016-11-08 10:59:00+05:30,539.55,539.55,538.85,539.35,1533,
2016-11-08 11:00:00+05:30,539.35,539.7,539.05,539.55,2124,
2016-11-08 11:01:00+05:30,539.55,539.95,539.05,539.65,2003,
2016-11-08 11:02:00+05:30,539.65,539.75,539.1,539.6,966,
2016-11-08 11:03:00+05:30,539.6,540,538.75,539.15,3187,
2016-11-08 11:04:00+05:30,539.15,539.8,539,539.8,946,
2016-11-08 11:05:00+05:30,539.8,539.9,539.25,539.65,942,
2016-11-08 11:06:00+05:30,540,540.85,540,540.85,1869,
2016-11-08 11:07:00+05:30,540.85,540.85,540,540.4,7233,
2016-11-08 11:08:00+05:30,540.4,540.4,539.8,540.1,790,
2016-11-08 11:09:00+05:30,540.1,540.35,540,540.35,749,
2016-11-08 11:10:00+05:30,540.35,540.35,540.05,540.1,1002,
2016-11-08 11:11:00+05:30,540.1,540.35,539.7,539.7,712,
2016-11-08 11:12:00+05:30,539.7,539.85,538.95,539.1,1725,
2016-11-08 11:13:00+05:30,539.1,539.1,538.3,538.95,2118,
2016-11-08 11:14:00+05:30,538.95,539.75,538.9,539.75,3532,
2016-11-08 11:15:00+05:30,539.65,539.95,539.25,539.55,1891,
2016-11-08 11:16:00+05:30,539.55,539.9,538.7,539.55,2649,
2016-11-08 11:17:00+05:30,539.55,539.55,538.5,538.95,2055,
2016-11-08 11:18:00+05:30,538.95,539.6,538.55,538.9,1517,
2016-11-08 11:19:00+05:30,538.9,539,538.6,539,785,
2016-11-08 11:20:00+05:30,539,539,538.25,538.25,1082,
2016-11-08 11:21:00+05:30,538.65,538.85,538.55,538.65,780,
2016-11-08 11:22:00+05:30,538.65,538.8,538.3,538.65,1573,
2016-11-08 11:23:00+05:30,538.65,539.4,538.6,538.9,2550,
2016-11-08 11:24:00+05:30,538.55,538.95,538.45,538.45,1336,
2016-11-08 11:25:00+05:30,538.3,539,538.2,539,3225,
2016-11-08 11:26:00+05:30,539,539,538.7,538.9,855,
2016-11-08 11:27:00+05:30,538.95,539.2,538.55,538.95,3046,
2016-11-08 11:28:00+05:30,538.95,539.9,538.95,539.75,1798,
2016-11-08 11:29:00+05:30,539.75,540.15,539.65,539.75,2519,
2016-11-08 11:30:00+05:30,539.35,540.1,539.35,539.95,2441,
2016-11-08 11:31:00+05:30,539.95,539.95,539.25,539.3,1590,
2016-11-08 11:32:00+05:30,539.65,539.65,539.05,539.55,802,
2016-11-08 11:33:00+05:30,539.55,539.55,539.2,539.2,708,
2016-11-08 11:34:00+05:30,539.2,539.8,539.2,539.55,2671,
2016-11-08 11:35:00+05:30,539.35,539.85,539.05,539.05,1612,
2016-11-08 11:36:00+05:30,539.05,539.7,539,539.4,925,
2016-11-08 11:37:00+05:30,539.85,539.95,539.35,539.85,1428,
2016-11-08 11:38:00+05:30,539.85,539.9,539.35,539.5,1989,
2016-11-08 11:39:00+05:30,539.5,540.45,539.5,540,1339,
2016-11-08 11:40:00+05:30,540,540.45,539.6,539.6,1154,
2016-11-08 11:41:00+05:30,539.6,540.15,539.6,539.6,1132,
2016-11-08 11:42:00+05:30,539.6,540.4,539.6,540.4,1675,
2016-11-08 11:43:00+05:30,540.4,540.4,539.9,540.3,1142,
2016-11-08 11:44:00+05:30,540.3,540.3,539.8,540.25,1210,
2016-11-08 11:45:00+05:30,539.95,540.4,539.95,540,1741,
2016-11-08 11:46:00+05:30,540.45,540.5,539.85,540.5,3372,
2016-11-08 11:47:00+05:30,540.5,540.75,540.1,540.1,2575,
2016-11-08 11:48:00+05:30,540.1,540.75,540.1,540.65,1868,
2016-11-08 11:49:00+05:30,540.65,540.7,540.2,540.7,808,
2016-11-08 11:50:00+05:30,540.7,540.7,540.1,540.5,798,
2016-11-08 11:51:00+05:30,540.5,540.5,540.1,540.3,765,
2016-11-08 11:52:00+05:30,540.3,540.35,540,540,702,
2016-11-08 11:53:00+05:30,540,540,539.5,539.5,843,
2016-11-08 11:54:00+05:30,539.5,540,539.5,540,1193,
2016-11-08 11:55:00+05:30,540,540.15,539.6,540,1388,
2016-11-08 11:56:00+05:30,540.25,540.3,540,540,4233,
2016-11-08 11:57:00+05:30,540,540,539.5,539.85,794,
2016-11-08 11:58:00+05:30,539.85,540.2,539.65,540.2,1061,
2016-11-08 11:59:00+05:30,540.2,540.2,539.45,539.45,699,
2016-11-08 12:00:00+05:30,539.45,539.5,539.25,539.25,1194,
2016-11-08 12:01:00+05:30,539.25,539.55,539.2,539.3,1486,
2016-11-08 12:02:00+05:30,539.3,539.6,539,539,877,
2016-11-08 12:03:00+05:30,539,539.2,538.75,538.75,1301,
2016-11-08 12:04:00+05:30,538.7,538.95,538.3,538.3,1718,
2016-11-08 12:05:00+05:30,538.3,538.6,538.1,538.3,2776,
2016-11-08 12:06:00+05:30,538.3,539.9,538.3,539.4,2496,
2016-11-08 12:07:00+05:30,539.4,539.4,538.55,538.65,1368,
2016-11-08 12:08:00+05:30,538.65,538.75,538.35,538.6,950,
2016-11-08 12:09:00+05:30,538.6,538.85,538.3,538.3,922,
2016-11-08 12:10:00+05:30,538.3,538.85,538.05,538.45,1342,
2016-11-08 12:11:00+05:30,538.45,538.45,536.65,537.3,20390,
2016-11-08 12:12:00+05:30,537.3,537.8,537.3,537.3,1383,
2016-11-08 12:13:00+05:30,537.3,537.55,537.15,537.5,1288,
2016-11-08 12:14:00+05:30,537.5,537.9,537.35,537.7,1802,
2016-11-08 12:15:00+05:30,537.7,537.7,537.2,537.65,2195,
2016-11-08 12:16:00+05:30,537.65,537.65,537,537,1075,
2016-11-08 12:17:00+05:30,537.05,537.4,536.5,536.9,1534,
2016-11-08 12:18:00+05:30,536.9,537.2,536.5,537.05,1202,
2016-11-08 12:19:00+05:30,537.05,537.75,537.05,537.1,1872,
2016-11-08 12:20:00+05:30,537.7,537.7,537,537.45,1850,
2016-11-08 12:21:00+05:30,537.45,537.7,537.35,537.6,1971,
2016-11-08 12:22:00+05:30,537.6,539.3,537.6,538.65,3283,
2016-11-08 12:23:00+05:30,538.65,538.7,538.05,538.2,1651,
2016-11-08 12:24:00+05:30,538.2,538.7,538.05,538.5,1523,
2016-11-08 12:25:00+05:30,538.5,538.5,537.75,537.75,754,
2016-11-08 12:26:00+05:30,537.75,538.3,537.65,538.3,2037,
2016-11-08 12:27:00+05:30,538.3,538.3,537,537,2811,
2016-11-08 12:28:00+05:30,537,537.55,537,537.05,1573,
2016-11-08 12:29:00+05:30,537.05,537.45,537.05,537.1,1321,
2016-11-08 12:30:00+05:30,537.1,537.45,536.5,536.6,2887,
2016-11-08 12:31:00+05:30,536.85,537.55,536.6,537.15,2456,
2016-11-08 12:32:00+05:30,537,537.5,537,537.15,1267,
2016-11-08 12:33:00+05:30,537.15,537.3,537,537.15,1241,
2016-11-08 12:34:00+05:30,537.15,537.75,537.15,537.4,2145,
2016-11-08 12:35:00+05:30,537.4,537.4,536.5,536.5,4267,
2016-11-08 12:36:00+05:30,536.5,536.8,536.4,536.4,2837,
2016-11-08 12:37:00+05:30,536.35,536.45,535.55,535.6,6023,
2016-11-08 12:38:00+05:30,535.65,536.45,535.55,536.3,3189,
2016-11-08 12:39:00+05:30,535.8,538.3,535.8,537.4,5641,
2016-11-08 12:40:00+05:30,536.6,536.7,535.75,536.65,3013,
2016-11-08 12:41:00+05:30,536.35,536.35,535.75,535.75,1548,
2016-11-08 12:42:00+05:30,535.75,537.6,535.75,537.6,2336,
2016-11-08 12:43:00+05:30,537.6,538.3,536.6,536.85,2593,
2016-11-08 12:44:00+05:30,536.85,536.85,536.05,536.05,1392,
2016-11-08 12:45:00+05:30,536.05,536.6,535.55,536.6,3218,
2016-11-08 12:46:00+05:30,536.6,536.6,535.55,535.95,2186,
2016-11-08 12:47:00+05:30,535.55,536,535.55,536,1825,
2016-11-08 12:48:00+05:30,536.55,536.6,535.6,536.6,2819,
2016-11-08 12:49:00+05:30,536.6,536.6,535.6,535.65,1643,
2016-11-08 12:50:00+05:30,535.65,537.05,535.55,536.35,4813,
2016-11-08 12:51:00+05:30,536.35,536.65,535.95,536.65,2809,
2016-11-08 12:52:00+05:30,536.65,537.1,536,536.1,2099,
2016-11-08 12:53:00+05:30,536.1,536.75,536.1,536.75,1784,
2016-11-08 12:54:00+05:30,536.45,536.9,536.45,536.6,1636,
2016-11-08 12:55:00+05:30,536.55,536.65,535.65,535.8,3144,
2016-11-08 12:56:00+05:30,535.8,535.9,535.65,535.7,1678,
2016-11-08 12:57:00+05:30,535.7,536.15,535.55,535.85,1988,
2016-11-08 12:58:00+05:30,536.35,536.5,536.2,536.5,2384,
2016-11-08 12:59:00+05:30,536.4,537.2,536.4,536.85,3008,
2016-11-08 13:00:00+05:30,536.8,537.95,536.8,537.25,4080,
2016-11-08 13:01:00+05:30,537.25,537.7,536.8,536.95,1532,
2016-11-08 13:02:00+05:30,537.3,538.3,537.3,538.3,2217,
2016-11-08 13:03:00+05:30,538.45,538.45,537.55,537.8,1293,
2016-11-08 13:04:00+05:30,538.2,538.2,537.35,537.35,1649,
2016-11-08 13:05:00+05:30,537.8,537.9,536.45,536.45,2918,
2016-11-08 13:06:00+05:30,536.45,536.5,535.85,536.25,1561,
2016-11-08 13:07:00+05:30,536.65,536.65,535.8,536.55,1861,
2016-11-08 13:08:00+05:30,536.55,536.65,536.4,536.6,1459,
2016-11-08 13:09:00+05:30,536.9,537.2,536.6,536.6,1839,
2016-11-08 13:10:00+05:30,537,537,536.35,536.7,3152,
2016-11-08 13:11:00+05:30,536.7,536.9,536.45,536.45,2202,
2016-11-08 13:12:00+05:30,536.45,536.85,535.95,536,1373,
2016-11-08 13:13:00+05:30,536.05,536.45,536,536.15,1638,
2016-11-08 13:14:00+05:30,536.15,537,536,536,4363,
2016-11-08 13:15:00+05:30,536.35,536.35,535.25,535.5,5059,
2016-11-08 13:16:00+05:30,535.25,535.7,535.15,535.25,3028,
2016-11-08 13:17:00+05:30,535.25,535.7,535.1,535.5,1511,
2016-11-08 13:18:00+05:30,535.55,535.7,535.4,535.4,1306,
2016-11-08 13:19:00+05:30,535.35,535.65,535.15,535.2,2428,
2016-11-08 13:20:00+05:30,535.1,536.45,535.1,536.4,3811,
2016-11-08 13:21:00+05:30,536.2,536.65,535.9,536.55,1587,
2016-11-08 13:22:00+05:30,536.05,536.05,535.65,535.65,1277,
2016-11-08 13:23:00+05:30,535.65,536,535.65,535.8,2769,
2016-11-08 13:24:00+05:30,535.65,535.65,535,535.25,3732,
2016-11-08 13:25:00+05:30,535.25,536.3,535.25,535.4,3498,
2016-11-08 13:26:00+05:30,535.05,535.75,535.05,535.25,1463,
2016-11-08 13:27:00+05:30,535.1,535.4,535.1,535.25,2893,
2016-11-08 13:28:00+05:30,535.4,535.6,535,535.3,3388,
2016-11-08 13:29:00+05:30,535.05,536,535,535.9,2704,
2016-11-08 13:30:00+05:30,535.85,536.25,535.6,535.6,1977,
2016-11-08 13:31:00+05:30,535.6,535.6,534.55,534.85,20685,
2016-11-08 13:32:00+05:30,534.85,535.5,534.55,535.1,3744,
2016-11-08 13:33:00+05:30,535.1,535.4,535.05,535.05,3098,
2016-11-08 13:34:00+05:30,535.05,535.1,534.65,535.1,2511,
2016-11-08 13:35:00+05:30,535.1,535.5,535,535.4,1706,
2016-11-08 13:36:00+05:30,535.1,535.9,535.05,535.85,2482,
2016-11-08 13:37:00+05:30,535.85,536.25,535.1,535.1,1666,
2016-11-08 13:38:00+05:30,535.1,535.4,535.1,535.15,1121,
2016-11-08 13:39:00+05:30,535.15,535.4,534.6,535.1,2302,
2016-11-08 13:40:00+05:30,535.1,536.7,534.75,536.7,4194,
2016-11-08 13:41:00+05:30,536.1,536.1,535.1,535.1,1716,
2016-11-08 13:42:00+05:30,535.1,535.9,535.05,535.35,1780,
2016-11-08 13:43:00+05:30,535.35,535.9,535.05,535.9,1541,
2016-11-08 13:44:00+05:30,535.8,535.8,535.1,535.6,1679,
2016-11-08 13:45:00+05:30,535.6,535.8,535.15,535.55,1870,
2016-11-08 13:46:00+05:30,535.55,535.8,535.3,535.4,2098,
2016-11-08 13:47:00+05:30,535.4,535.8,535.4,535.8,1718,
2016-11-08 13:48:00+05:30,535.4,535.9,535.4,535.9,1636,
2016-11-08 13:49:00+05:30,535.85,535.9,535.4,535.7,1918,
2016-11-08 13:50:00+05:30,535.75,536.5,535.75,536,3237,
2016-11-08 13:51:00+05:30,536,536.5,535.8,536.15,1877,
2016-11-08 13:52:00+05:30,536.05,537,536.05,536.6,3693,
2016-11-08 13:53:00+05:30,536.1,536.55,536.1,536.25,2435,
2016-11-08 13:54:00+05:30,536.25,536.4,535.45,535.65,2490,
2016-11-08 13:55:00+05:30,535.95,536.5,535.5,536.4,2218,
2016-11-08 13:56:00+05:30,536.4,536.5,535.9,536.35,1628,
2016-11-08 13:57:00+05:30,536.35,536.35,535.75,536.3,1651,
2016-11-08 13:58:00+05:30,536.3,536.5,536.1,536.5,1328,
2016-11-08 13:59:00+05:30,536.6,537.3,536.25,537.3,2861,
2016-11-08 14:00:00+05:30,537.1,537.35,537,537.1,1906,
2016-11-08 14:01:00+05:30,537.1,537.4,536.9,537.2,1931,
2016-11-08 14:02:00+05:30,537.2,537.3,536.35,536.7,1798,
2016-11-08 14:03:00+05:30,536.75,536.9,536.1,536.4,3115,
2016-11-08 14:04:00+05:30,536.1,536.75,536.05,536.6,1396,
2016-11-08 14:05:00+05:30,536.25,536.6,536.05,536.3,1281,
2016-11-08 14:06:00+05:30,536.1,536.3,535.85,535.85,1001,
2016-11-08 14:07:00+05:30,536.15,536.75,536,536.7,2078,
2016-11-08 14:08:00+05:30,536.35,536.8,536.2,536.65,3640,
2016-11-08 14:09:00+05:30,536.7,536.7,535.9,535.9,926,
2016-11-08 14:10:00+05:30,535.75,536.3,535.7,535.7,3153,
2016-11-08 14:11:00+05:30,535.65,535.95,535.55,535.65,2530,
2016-11-08 14:12:00+05:30,535.65,535.9,535.6,535.6,1117,
2016-11-08 14:13:00+05:30,535.6,535.7,535.05,535.55,4005,
2016-11-08 14:14:00+05:30,535.2,535.55,535.15,535.5,1285,
2016-11-08 14:15:00+05:30,535.4,535.5,535,535.4,3024,
2016-11-08 14:16:00+05:30,535.4,535.5,535.05,535.35,3533,
2016-11-08 14:17:00+05:30,535.35,535.45,535,535.15,2045,
2016-11-08 14:18:00+05:30,535.15,535.75,535.15,535.75,2275,
2016-11-08 14:19:00+05:30,535.75,535.95,535.45,535.95,1086,
2016-11-08 14:20:00+05:30,535.95,535.95,535.4,535.5,3087,
2016-11-08 14:21:00+05:30,535.55,535.55,535.15,535.15,829,
2016-11-08 14:22:00+05:30,535.15,535.55,535.15,535.55,2952,
2016-11-08 14:23:00+05:30,535.25,535.4,535.15,535.4,1930,
2016-11-08 14:24:00+05:30,535.4,535.4,535.15,535.35,983,
2016-11-08 14:25:00+05:30,535.35,535.8,535.35,535.8,2419,
2016-11-08 14:26:00+05:30,535.8,536,535.7,536,2095,
2016-11-08 14:27:00+05:30,536,536.5,535.9,536.2,2357,
2016-11-08 14:28:00+05:30,536.2,536.25,535.6,535.6,1526,
2016-11-08 14:29:00+05:30,535.6,536.35,535.6,536.35,2280,
2016-11-08 14:30:00+05:30,536.35,536.4,535.7,535.95,1270,
2016-11-08 14:31:00+05:30,535.95,535.95,535.4,535.8,1369,
2016-11-08 14:32:00+05:30,535.8,536.3,535.7,536.3,1437,
2016-11-08 14:33:00+05:30,536.3,536.4,535.9,535.9,1639,
2016-11-08 14:34:00+05:30,535.9,536.05,535.35,535.6,2531,
2016-11-08 14:35:00+05:30,536.15,536.15,535,535,4818,
2016-11-08 14:36:00+05:30,535,535.25,535,535.05,1250,
2016-11-08 14:37:00+05:30,535,535.3,534.05,534.05,6468,
2016-11-08 14:38:00+05:30,534.4,534.45,532.9,533,5188,
2016-11-08 14:39:00+05:30,533,534.85,532.85,534.25,3953,
2016-11-08 14:40:00+05:30,534.2,534.9,534.2,534.8,501,
2016-11-08 14:41:00+05:30,534.8,534.8,534.4,534.65,782,
2016-11-08 14:42:00+05:30,534.65,534.65,534.3,534.3,798,
2016-11-08 14:43:00+05:30,534.7,534.7,534.1,534.2,466,
2016-11-08 14:44:00+05:30,534.2,534.2,533.05,533.05,3312,
2016-11-08 14:45:00+05:30,533.05,533.25,532.65,532.75,5318,
2016-11-08 14:46:00+05:30,532.8,532.85,531.3,531.75,14687,
2016-11-08 14:47:00+05:30,531.3,531.95,531,531,12685,
2016-11-08 14:48:00+05:30,531,531.25,530.2,530.5,16395,
2016-11-08 14:49:00+05:30,530.5,531.45,530.3,531.2,7549,
2016-11-08 14:50:00+05:30,530.85,531.8,530.85,531.8,3068,
2016-11-08 14:51:00+05:30,531.8,531.8,531,531.25,6768,
2016-11-08 14:52:00+05:30,531.25,531.25,530.55,530.7,3946,
2016-11-08 14:53:00+05:30,530.9,531.1,530.55,531.1,6997,
2016-11-08 14:54:00+05:30,531.1,531.1,530.35,530.65,3391,
2016-11-08 14:55:00+05:30,530.8,531.2,530.6,531,4909,
2016-11-08 14:56:00+05:30,530.9,531.25,530.85,531,6186,
2016-11-08 14:57:00+05:30,531,532.25,531,532.05,7601,
2016-11-08 14:58:00+05:30,532,532.95,531.7,532.95,4336,
2016-11-08 14:59:00+05:30,533,533.2,532.15,533,4620,
2016-11-08 15:00:00+05:30,533,533.35,532.7,533.25,6211,
2016-11-08 15:01:00+05:30,533.2,534.2,533.1,534.2,9632,
2016-11-08 15:02:00+05:30,534.2,534.7,533.35,533.35,5963,
2016-11-08 15:03:00+05:30,533.4,534.05,533.25,533.6,3830,
2016-11-08 15:04:00+05:30,533.5,534.5,533.5,534.5,6618,
2016-11-08 15:05:00+05:30,534.5,534.55,534.1,534.55,3207,
2016-11-08 15:06:00+05:30,534.55,534.8,534.35,534.7,3386,
2016-11-08 15:07:00+05:30,534.7,535.1,534,535.1,11096,
2016-11-08 15:08:00+05:30,535.5,536.5,535.05,536,6777,
2016-11-08 15:09:00+05:30,536.2,537,536,536.75,12898,
2016-11-08 15:10:00+05:30,536.75,537,536.05,536.3,4329,
2016-11-08 15:11:00+05:30,536.45,537,536.4,536.85,4642,
2016-11-08 15:12:00+05:30,536.85,537,536,536.5,7229,
2016-11-08 15:13:00+05:30,536.5,537,536.05,536.05,4628,
2016-11-08 15:14:00+05:30,536.25,537,536.25,536.75,4402,
2016-11-08 15:15:00+05:30,536.9,537,535.25,535.3,9353,
2016-11-08 15:16:00+05:30,535.3,536.15,534.75,535.45,13428,
2016-11-08 15:17:00+05:30,535.6,536,534.85,534.85,6581,
2016-11-08 15:18:00+05:30,535,536,534.85,535.6,5059,
2016-11-08 15:19:00+05:30,535.3,536,535.3,536,3584,
2016-11-08 15:20:00+05:30,535.7,536.1,535.15,535.45,6810,
2016-11-08 15:21:00+05:30,535.45,536,534.65,535.3,3894,
2016-11-08 15:22:00+05:30,535.4,536.1,535.3,535.6,5193,
2016-11-08 15:23:00+05:30,535.6,536.5,535.6,535.6,4445,
2016-11-08 15:24:00+05:30,535.6,535.9,534.1,534.25,8944,
2016-11-08 15:25:00+05:30,534.25,534.8,533.75,534.8,4244,
2016-11-08 15:26:00+05:30,534.9,535.75,534.05,535.75,5461,
2016-11-08 15:27:00+05:30,535.75,536.1,535.3,535.5,3799,
2016-11-08 15:28:00+05:30,535.05,535.7,534.2,534.2,3484,
2016-11-08 15:29:00+05:30,534.95,535.45,534.25,535.45,6224,
2016-11-09 09:15:00+05:30,512.2,515.05,503,503,25126,
2016-11-09 09:16:00+05:30,503.1,504.3,486.55,491,25552,
2016-11-09 09:17:00+05:30,489.6,503.95,489.6,501.2,27847,
2016-11-09 09:18:00+05:30,501.7,508.2,500.95,505.35,9407,
2016-11-09 09:19:00+05:30,505.35,513.7,501.95,513.45,21052,
2016-11-09 09:20:00+05:30,513.45,514.3,495.95,510.75,28137,
2016-11-09 09:21:00+05:30,511.45,514.8,508.75,511.45,22021,
2016-11-09 09:22:00+05:30,511.45,511.5,507.6,508,9431,
2016-11-09 09:23:00+05:30,508,515.35,508,514.5,13377,
2016-11-09 09:24:00+05:30,513.65,517.75,512.75,514.8,15306,
2016-11-09 09:25:00+05:30,514.95,516.75,514.35,514.45,5430,
2016-11-09 09:26:00+05:30,514.45,516.35,514.05,515.3,5977,
2016-11-09 09:27:00+05:30,515.3,517.45,513.5,516.85,7849,
2016-11-09 09:28:00+05:30,516.85,516.85,513.55,514.65,4594,
2016-11-09 09:29:00+05:30,514,514,510,510,7851,
2016-11-09 09:30:00+05:30,509.95,511.4,507,510.95,10593,
2016-11-09 09:31:00+05:30,511.2,511.2,507.3,507.75,8289,
2016-11-09 09:32:00+05:30,507.5,510,507.5,509.65,6060,
2016-11-09 09:33:00+05:30,509.65,515.45,509.65,513.65,12367,
2016-11-09 09:34:00+05:30,515.05,518.3,514.6,518.2,18399,
2016-11-09 09:35:00+05:30,518.2,521.05,517.25,517.7,17624,
2016-11-09 09:36:00+05:30,517,517.3,509.25,516.05,18303,
2016-11-09 09:37:00+05:30,516.05,519,515.9,519,6027,
2016-11-09 09:38:00+05:30,519,519,516,516,8297,
2016-11-09 09:39:00+05:30,516,518,515.55,517.75,4296,
2016-11-09 09:40:00+05:30,517.7,518,517,517.75,3053,
2016-11-09 09:41:00+05:30,517.75,518.4,517,517.55,4935,
2016-11-09 09:42:00+05:30,517.25,518.5,515.65,516.1,5024,
2016-11-09 09:43:00+05:30,516.1,516.55,515,516.3,6617,
2016-11-09 09:44:00+05:30,516.3,517.4,514,514,4641,
2016-11-09 09:45:00+05:30,513.95,516.95,512.95,516.1,4308,
2016-11-09 09:46:00+05:30,516.1,516.6,514.8,515.9,2454,
2016-11-09 09:47:00+05:30,516.15,516.55,513.9,514.15,4414,
2016-11-09 09:48:00+05:30,514.15,516.2,513.6,515.6,3907,
2016-11-09 09:49:00+05:30,515.7,516.5,513.95,515.75,6369,
2016-11-09 09:50:00+05:30,516.4,516.4,515,515.6,2684,
2016-11-09 09:51:00+05:30,515.6,515.65,514.55,515.5,2275,
2016-11-09 09:52:00+05:30,515.35,516.2,515.05,516.2,3550,
2016-11-09 09:53:00+05:30,516.15,518.7,515.6,518.7,5772,
2016-11-09 09:54:00+05:30,518,519.25,517.35,519.25,5883,
2016-11-09 09:55:00+05:30,519.3,519.3,517.4,517.95,3399,
2016-11-09 09:56:00+05:30,517.95,523,517.9,523,13999,
2016-11-09 09:57:00+05:30,523,523.7,523,523.6,19486,
2016-11-09 09:58:00+05:30,523.1,525.75,523,525.55,5598,
2016-11-09 09:59:00+05:30,526,527.65,525.55,525.8,6133,
2016-11-09 10:00:00+05:30,525.8,526.7,525,526.7,21658,
2016-11-09 10:01:00+05:30,526.7,528.7,526,528.65,63222,
2016-11-09 10:02:00+05:30,529,529.45,527.8,528.55,41477,
2016-11-09 10:03:00+05:30,528.55,529.4,526.55,529.35,17089,
2016-11-09 10:04:00+05:30,529.4,531,526.05,526.55,30075,
2016-11-09 10:05:00+05:30,526.7,526.7,522.05,522.65,11188,
2016-11-09 10:06:00+05:30,522.8,522.8,520,520.1,4791,
2016-11-09 10:07:00+05:30,520.1,523.05,520.1,522,4977,
2016-11-09 10:08:00+05:30,522,522.2,520.65,521.15,3786,
2016-11-09 10:09:00+05:30,521.4,523.05,521.4,521.7,3617,
2016-11-09 10:10:00+05:30,521.7,523.7,521.4,523.55,2651,
2016-11-09 10:11:00+05:30,523.85,524.35,523.5,524.35,1965,
2016-11-09 10:12:00+05:30,524.35,524.85,523.55,524.25,3015,
2016-11-09 10:13:00+05:30,524.25,524.4,523.5,524.05,4583,
2016-11-09 10:14:00+05:30,524.05,524.05,522.15,522.15,2143,
2016-11-09 10:15:00+05:30,521.8,522.9,521,522.5,6541,
2016-11-09 10:16:00+05:30,522.5,522.5,519.9,519.9,5542,
2016-11-09 10:17:00+05:30,519.9,520.05,519.3,519.4,6875,
2016-11-09 10:18:00+05:30,519.4,519.85,518.45,518.65,2462,
2016-11-09 10:19:00+05:30,518.65,518.65,517,518.35,9274,
2016-11-09 10:20:00+05:30,518.5,518.75,518,518.3,2526,
2016-11-09 10:21:00+05:30,518.3,518.9,518,518,2296,
2016-11-09 10:22:00+05:30,518,519.35,518,519,8281,
2016-11-09 10:23:00+05:30,519,519.45,519,519.4,5657,
2016-11-09 10:24:00+05:30,519.15,519.4,519,519,14801,
2016-11-09 10:25:00+05:30,519,519.95,519,519,4095,
2016-11-09 10:26:00+05:30,519.5,519.5,519,519.4,2548,
2016-11-09 10:27:00+05:30,519.3,519.35,519,519.35,10711,
2016-11-09 10:28:00+05:30,519.35,519.5,519,519,2912,
2016-11-09 10:29:00+05:30,519,519.5,519,519.1,6438,
2016-11-09 10:30:00+05:30,519.1,519.85,519,519.45,5630,
2016-11-09 10:31:00+05:30,519.15,519.9,519,519,5659,
2016-11-09 10:32:00+05:30,519,519.45,519,519,2953,
2016-11-09 10:33:00+05:30,519,519.45,517.45,517.45,8429,
2016-11-09 10:34:00+05:30,517.45,517.9,517.35,517.4,2962,
2016-11-09 10:35:00+05:30,517,517.35,515.6,517.25,8010,
2016-11-09 10:36:00+05:30,517.25,518.85,516.75,518.85,2639,
2016-11-09 10:37:00+05:30,518.95,518.95,515.75,516.25,2504,
2016-11-09 10:38:00+05:30,516.25,518.3,515.05,518.2,5543,
2016-11-09 10:39:00+05:30,517.9,518.2,515.9,515.9,2900,
2016-11-09 10:40:00+05:30,515.1,516.4,514.5,514.5,3753,
2016-11-09 10:41:00+05:30,514.5,515.15,514.1,515.15,1721,
2016-11-09 10:42:00+05:30,515.15,515.95,514.45,514.45,3606,
2016-11-09 10:43:00+05:30,513.95,516.65,513.95,516.45,6914,
2016-11-09 10:44:00+05:30,516.65,516.65,515.05,515.5,3022,
2016-11-09 10:45:00+05:30,515.5,515.7,515.05,515.05,1594,
2016-11-09 10:46:00+05:30,515.05,515.5,514.95,515.5,2524,
2016-11-09 10:47:00+05:30,515.5,517.1,515.4,516,7239,
2016-11-09 10:48:00+05:30,516,517.65,516,517.1,4973,
2016-11-09 10:49:00+05:30,517.1,517.1,516.25,516.25,3456,
2016-11-09 10:50:00+05:30,516.2,517.2,515.45,515.45,2640,
2016-11-09 10:51:00+05:30,515.45,517,515.1,516.75,2373,
2016-11-09 10:52:00+05:30,516.75,516.75,515.75,516.2,3304,
2016-11-09 10:53:00+05:30,516.2,516.2,515.35,515.85,2435,
2016-11-09 10:54:00+05:30,515.85,516.7,515.5,516.6,3093,
2016-11-09 10:55:00+05:30,516.6,517.8,516.3,517.8,4948,
2016-11-09 10:56:00+05:30,517.8,518.1,516.85,517,3772,
2016-11-09 10:57:00+05:30,517,518.1,516.05,517,2856,
2016-11-09 10:58:00+05:30,517.65,517.65,516.4,517.05,2349,
2016-11-09 10:59:00+05:30,517.05,517.4,516,516.55,5437,
2016-11-09 11:00:00+05:30,516.55,517.9,516.45,517.5,2089,
2016-11-09 11:01:00+05:30,517.5,517.5,515.7,515.9,1785,
2016-11-09 11:02:00+05:30,515.9,516.55,515,515,1947,
2016-11-09 11:03:00+05:30,515.6,516.7,515.45,516,9866,
2016-11-09 11:04:00+05:30,516,516,514.8,515.5,2944,
2016-11-09 11:05:00+05:30,515.5,515.5,514.05,514.5,4835,
2016-11-09 11:06:00+05:30,514.5,515.85,514.2,515.15,1509,
2016-11-09 11:07:00+05:30,515.15,515.9,515,515.15,1533,
2016-11-09 11:08:00+05:30,515.15,515.15,514.45,515,1618,
2016-11-09 11:09:00+05:30,515,515,514.1,514.65,1771,
2016-11-09 11:10:00+05:30,514.65,514.65,514.15,514.6,1787,
2016-11-09 11:11:00+05:30,514.6,514.6,513.95,514,13201,
2016-11-09 11:12:00+05:30,514,514.5,513.95,514.1,2629,
2016-11-09 11:13:00+05:30,514.8,515,513.95,515,2504,
2016-11-09 11:14:00+05:30,515,515,513.95,514.7,2719,
2016-11-09 11:15:00+05:30,514.7,514.9,514.1,514.45,2978,
2016-11-09 11:16:00+05:30,514.45,514.6,514.1,514.1,2642,
2016-11-09 11:17:00+05:30,514,514.45,513.55,514.45,2865,
2016-11-09 11:18:00+05:30,514.45,514.85,514.1,514.85,2023,
2016-11-09 11:19:00+05:30,514.85,514.85,513.5,514,4956,
2016-11-09 11:20:00+05:30,514,514,513.05,513.05,5039,
2016-11-09 11:21:00+05:30,513,514,512.5,513.1,11217,
2016-11-09 11:22:00+05:30,513.3,513.3,511.5,512.4,3689,
2016-11-09 11:23:00+05:30,512.4,512.4,511.5,511.95,4182,
2016-11-09 11:24:00+05:30,511.95,512.45,511.55,512,2575,
2016-11-09 11:25:00+05:30,512,513,512,512.35,2315,
2016-11-09 11:26:00+05:30,511.6,512.3,511.3,512.3,4381,
2016-11-09 11:27:00+05:30,512.3,512.5,511,511.05,12957,
2016-11-09 11:28:00+05:30,511.05,511.9,511.05,511.75,2441,
2016-11-09 11:29:00+05:30,511.75,512.6,511.55,512.5,3582,
2016-11-09 11:30:00+05:30,512.9,512.9,512,512.5,2308,
2016-11-09 11:31:00+05:30,512.5,513,512.1,513,1583,
2016-11-09 11:32:00+05:30,513,513,512.1,513,2271,
2016-11-09 11:33:00+05:30,513,513.8,512.2,513.2,7883,
2016-11-09 11:34:00+05:30,513.2,514.7,513.2,514.6,2015,
2016-11-09 11:35:00+05:30,514.6,514.7,513.45,513.45,4397,
2016-11-09 11:36:00+05:30,513.45,514.3,513.45,514.1,1861,
2016-11-09 11:37:00+05:30,514.1,514.55,513.65,513.7,3622,
2016-11-09 11:38:00+05:30,513.7,513.7,512.55,513,3804,
2016-11-09 11:39:00+05:30,513,513.9,512.1,513.25,2695,
2016-11-09 11:40:00+05:30,513.25,514,513,514,2563,
2016-11-09 11:41:00+05:30,514,514,512.75,513,3631,
2016-11-09 11:42:00+05:30,513,513.75,512.75,513,1449,
2016-11-09 11:43:00+05:30,513,514,512.7,514,2729,
2016-11-09 11:44:00+05:30,513.95,514.15,513,514.15,21785,
2016-11-09 11:45:00+05:30,514,515,513.95,514.5,2428,
2016-11-09 11:46:00+05:30,514.5,514.5,513.65,514,2926,
2016-11-09 11:47:00+05:30,514,514.7,513.1,514.1,2634,
2016-11-09 11:48:00+05:30,514.1,514.1,512.9,513.9,4212,
2016-11-09 11:49:00+05:30,514.05,514.65,513.1,513.55,2006,
2016-11-09 11:50:00+05:30,513.55,513.7,513,513,2508,
2016-11-09 11:51:00+05:30,513,513.35,512.25,512.75,1770,
2016-11-09 11:52:00+05:30,512.75,513.4,512.25,513,1979,
2016-11-09 11:53:00+05:30,513,514.45,513,514.3,3287,
2016-11-09 11:54:00+05:30,514.3,514.7,514,514.6,4477,
2016-11-09 11:55:00+05:30,514.6,514.95,514.15,514.9,2590,
2016-11-09 11:56:00+05:30,514.9,514.9,512.9,513.55,4442,
2016-11-09 11:57:00+05:30,513.55,514,513.5,513.5,4768,
2016-11-09 11:58:00+05:30,513.5,514,513.4,514,5092,
2016-11-09 11:59:00+05:30,514,516.3,514,515.9,25292,
2016-11-09 12:00:00+05:30,515.9,516.5,515.5,516,7038,
2016-11-09 12:01:00+05:30,516,516,514.95,515.55,5310,
2016-11-09 12:02:00+05:30,515.55,517.05,514.65,516,6660,
2016-11-09 12:03:00+05:30,516.2,516.2,515.35,515.85,3310,
2016-11-09 12:04:00+05:30,515.85,515.95,514.05,515.15,3288,
2016-11-09 12:05:00+05:30,515.35,515.35,514.2,514.2,1728,
2016-11-09 12:06:00+05:30,514.9,514.95,514.1,514.5,2141,
2016-11-09 12:07:00+05:30,514.65,514.65,513.05,513.65,3876,
2016-11-09 12:08:00+05:30,513.65,513.7,512,512.55,3948,
2016-11-09 12:09:00+05:30,512.6,512.7,512.1,512.2,2122,
2016-11-09 12:10:00+05:30,512.2,513.25,512.2,513.1,14756,
2016-11-09 12:11:00+05:30,513.1,513.3,512,513.3,1886,
2016-11-09 12:12:00+05:30,513.3,513.7,512,512,1927,
2016-11-09 12:13:00+05:30,512,512.9,511.85,512.55,3846,
2016-11-09 12:14:00+05:30,512.55,512.9,511.85,512.7,1837,
2016-11-09 12:15:00+05:30,512.7,513,512.05,512.05,3060,
2016-11-09 12:16:00+05:30,512.05,512.65,511.7,512.6,1664,
2016-11-09 12:17:00+05:30,512.7,512.7,511.5,511.8,1864,
2016-11-09 12:18:00+05:30,512.45,512.65,511.65,511.65,3535,
2016-11-09 12:19:00+05:30,511.55,512.35,511.5,511.5,2571,
2016-11-09 12:20:00+05:30,511.95,512.45,511.5,512.45,3504,
2016-11-09 12:21:00+05:30,512.45,512.45,511.55,512.25,2370,
2016-11-09 12:22:00+05:30,512.25,512.3,511.7,512,4596,
2016-11-09 12:23:00+05:30,512,514,512,512.05,9386,
2016-11-09 12:24:00+05:30,512.05,512.05,511.55,512,1823,
2016-11-09 12:25:00+05:30,512,512,511.5,511.55,1942,
2016-11-09 12:26:00+05:30,511.95,511.95,511.4,511.55,2078,
2016-11-09 12:27:00+05:30,511.55,512.7,511.2,512.25,3114,
2016-11-09 12:28:00+05:30,512.25,513.75,512.25,513.6,2229,
2016-11-09 12:29:00+05:30,513.6,513.75,513.25,513.55,1887,
2016-11-09 12:30:00+05:30,513.85,514.65,513.5,514,5210,
2016-11-09 12:31:00+05:30,514,514.75,513.6,514,4738,
2016-11-09 12:32:00+05:30,513.95,515.5,513.6,515.5,4011,
2016-11-09 12:33:00+05:30,515.4,515.5,514.95,515.5,4117,
2016-11-09 12:34:00+05:30,515.5,516,515.4,515.6,4855,
2016-11-09 12:35:00+05:30,515.6,515.85,515,515.85,2485,
2016-11-09 12:36:00+05:30,515.85,515.95,515,515,2209,
2016-11-09 12:37:00+05:30,515,516,515,515.45,3701,
2016-11-09 12:38:00+05:30,515.45,516,514.6,515.05,7181,
2016-11-09 12:39:00+05:30,515.05,516,514.6,515.7,11981,
2016-11-09 12:40:00+05:30,515.7,517,515.7,517,2975,
2016-11-09 12:41:00+05:30,517,517,516.55,516.9,2800,
2016-11-09 12:42:00+05:30,516.9,518,516.8,517.5,6874,
2016-11-09 12:43:00+05:30,517.5,517.7,516.65,516.65,3041,
2016-11-09 12:44:00+05:30,516.65,517.35,516.35,516.55,2166,
2016-11-09 12:45:00+05:30,516.55,517.1,515.6,516.2,4384,
2016-11-09 12:46:00+05:30,516.2,517.75,516.2,517.75,3785,
2016-11-09 12:47:00+05:30,517.75,517.9,517.1,517.5,2224,
2016-11-09 12:48:00+05:30,517.5,519.9,517.5,519.9,4425,
2016-11-09 12:49:00+05:30,519.9,520.5,519.35,520.05,5027,
2016-11-09 12:50:00+05:30,520,521.5,520,521.5,7434,
2016-11-09 12:51:00+05:30,521.5,521.8,520.4,521,4034,
2016-11-09 12:52:00+05:30,521,523,520.65,523,7734,
2016-11-09 12:53:00+05:30,522.85,523,521.85,522,6729,
2016-11-09 12:54:00+05:30,522.2,522.2,519.3,519.9,8055,
2016-11-09 12:55:00+05:30,519.9,521.4,519.9,520.9,5381,
2016-11-09 12:56:00+05:30,520.9,522.45,520.5,522.1,3271,
2016-11-09 12:57:00+05:30,522.1,522.6,522,522,3247,
2016-11-09 12:58:00+05:30,522,522,521.1,521.7,3354,
2016-11-09 12:59:00+05:30,521.7,522.6,521.5,522.6,2446,
2016-11-09 13:00:00+05:30,522.7,522.7,519.9,520,7310,
2016-11-09 13:01:00+05:30,520.1,520.95,519.8,520.95,3047,
2016-11-09 13:02:00+05:30,520.95,521,519.05,519.9,2543,
2016-11-09 13:03:00+05:30,520.1,520.65,519.25,520,2576,
2016-11-09 13:04:00+05:30,520,520,519.3,519.95,2795,
2016-11-09 13:05:00+05:30,519.95,521,519.6,520.1,4095,
2016-11-09 13:06:00+05:30,520.95,520.95,520.15,520.25,1952,
2016-11-09 13:07:00+05:30,520.65,522.5,520.3,522.45,5043,
2016-11-09 13:08:00+05:30,522.4,522.55,521.75,521.75,4690,
2016-11-09 13:09:00+05:30,522.15,522.15,521.4,521.8,9602,
2016-11-09 13:10:00+05:30,521.8,522.05,521.25,522,5166,
2016-11-09 13:11:00+05:30,521.85,522.2,520.8,522,130647,
2016-11-09 13:12:00+05:30,521.95,523.9,521.25,523.65,35918,
2016-11-09 13:13:00+05:30,523.65,524,522.45,523.7,51638,
2016-11-09 13:14:00+05:30,524,526.8,524,526.05,16912,
2016-11-09 13:15:00+05:30,526.55,526.55,524.2,524.5,8163,
2016-11-09 13:16:00+05:30,525.05,526.55,525,525.15,10709,
2016-11-09 13:17:00+05:30,524.65,528,524.35,527.95,10162,
2016-11-09 13:18:00+05:30,527.2,527.45,525.2,526,17395,
2016-11-09 13:19:00+05:30,526,527,525.3,526,22287,
2016-11-09 13:20:00+05:30,526,526.4,525.25,525.9,20852,
2016-11-09 13:21:00+05:30,525.9,526.35,524.9,525,13542,
2016-11-09 13:22:00+05:30,525.15,525.15,523.7,523.95,88986,
2016-11-09 13:23:00+05:30,524.1,525,523.15,523.8,63765,
2016-11-09 13:24:00+05:30,523.8,524.4,523.75,523.8,5637,
2016-11-09 13:25:00+05:30,523.75,525.05,523.5,523.95,8991,
2016-11-09 13:26:00+05:30,523.8,524.15,523.5,524,5477,
2016-11-09 13:27:00+05:30,524.1,524.1,523.85,523.85,9687,
2016-11-09 13:28:00+05:30,523.85,525.3,523.6,524.05,55399,
2016-11-09 13:29:00+05:30,524.3,526.8,523.6,526.7,40672,
2016-11-09 13:30:00+05:30,527.3,528.4,526.65,527.9,17774,
2016-11-09 13:31:00+05:30,527.9,527.95,525.1,526.2,5645,
2016-11-09 13:32:00+05:30,526,528.25,526,528,13234,
2016-11-09 13:33:00+05:30,528,531.25,527.95,530.5,19342,
2016-11-09 13:34:00+05:30,530.7,531.5,528.35,529.4,14041,
2016-11-09 13:35:00+05:30,529,529.65,528,528,7530,
2016-11-09 13:36:00+05:30,528,529,526.7,528.8,6573,
2016-11-09 13:37:00+05:30,529,529,528.55,528.65,4276,
2016-11-09 13:38:00+05:30,528.65,529.1,528.55,529,3894,
2016-11-09 13:39:00+05:30,529.2,530.85,528.65,530.85,13690,
2016-11-09 13:40:00+05:30,530.2,531.4,530.1,530.6,16686,
2016-11-09 13:41:00+05:30,530.6,531.7,530,530.4,8358,
2016-11-09 13:42:00+05:30,530.4,531,530,530.85,36770,
2016-11-09 13:43:00+05:30,530.7,530.7,528.85,528.85,7727,
2016-11-09 13:44:00+05:30,528.85,529,524.8,525.45,17940,
2016-11-09 13:45:00+05:30,525.25,525.45,523.75,524.55,18319,
2016-11-09 13:46:00+05:30,524.55,527,524.15,526.9,4009,
2016-11-09 13:47:00+05:30,526.75,527.8,526.2,527.25,6699,
2016-11-09 13:48:00+05:30,527.85,529,527,527.55,3751,
2016-11-09 13:49:00+05:30,527.3,529.15,527,529,20095,
2016-11-09 13:50:00+05:30,529,530.95,528.8,528.85,45201,
2016-11-09 13:51:00+05:30,529.05,531,528.9,530,42054,
2016-11-09 13:52:00+05:30,530,530.15,528.4,528.9,23399,
2016-11-09 13:53:00+05:30,528.9,529.05,527.3,529.05,9112,
2016-11-09 13:54:00+05:30,529.2,529.2,526.55,527.5,7764,
2016-11-09 13:55:00+05:30,528,528.75,526.65,528.4,3641,
2016-11-09 13:56:00+05:30,528.4,529.4,527.65,529.4,6472,
2016-11-09 13:57:00+05:30,529.4,529.4,527.2,527.2,2551,
2016-11-09 13:58:00+05:30,527.55,528.35,527.45,527.9,1996,
2016-11-09 13:59:00+05:30,527.9,528.85,527.05,528.85,5275,
2016-11-09 14:00:00+05:30,528.85,528.85,527.35,527.5,5933,
2016-11-09 14:01:00+05:30,527.75,528.5,527.5,528.35,6614,
2016-11-09 14:02:00+05:30,528.5,529.45,527.1,529.4,330282,
2016-11-09 14:03:00+05:30,529.5,530,528.5,530,4396,
2016-11-09 14:04:00+05:30,530.4,530.9,529.1,530,17568,
2016-11-09 14:05:00+05:30,530.65,530.65,527.3,529.45,15408,
2016-11-09 14:06:00+05:30,529.45,529.85,528,528.95,3341,
2016-11-09 14:07:00+05:30,529.2,529.2,528.2,528.2,1963,
2016-11-09 14:08:00+05:30,528.9,529.25,528.1,529.15,3999,
2016-11-09 14:09:00+05:30,529.15,529.15,528.1,528.65,4427,
2016-11-09 14:10:00+05:30,529,529.45,528.5,529,2837,
2016-11-09 14:11:00+05:30,529,529.2,528.75,529.1,2585,
2016-11-09 14:12:00+05:30,529.1,529.1,528,528.9,36175,
2016-11-09 14:13:00+05:30,529.15,529.15,528,528.1,2168,
2016-11-09 14:14:00+05:30,528.1,529.45,528.1,529.05,3080,
2016-11-09 14:15:00+05:30,529,529.05,528.35,528.45,3947,
2016-11-09 14:16:00+05:30,529,529.1,528,528.75,4860,
2016-11-09 14:17:00+05:30,528.75,528.75,524.85,525.75,16514,
2016-11-09 14:18:00+05:30,525.5,527.4,525.3,526.8,4016,
2016-11-09 14:19:00+05:30,527.05,527.05,526.5,526.7,3675,
2016-11-09 14:20:00+05:30,527,527.8,526.85,527,4535,
2016-11-09 14:21:00+05:30,527,527.75,526.7,527.7,3050,
2016-11-09 14:22:00+05:30,527.65,528.8,527.25,528.8,5267,
2016-11-09 14:23:00+05:30,528.7,528.9,528,528.8,5275,
2016-11-09 14:24:00+05:30,528.8,529.5,528,529.5,19631,
2016-11-09 14:25:00+05:30,529.5,529.7,529,529.1,5401,
2016-11-09 14:26:00+05:30,529.45,529.45,528.55,528.9,3173,
2016-11-09 14:27:00+05:30,528.8,528.95,528,528.9,2914,
2016-11-09 14:28:00+05:30,528.9,529.7,528.9,529.45,3267,
2016-11-09 14:29:00+05:30,529.4,529.45,528.65,528.65,3259,
2016-11-09 14:30:00+05:30,528.65,529.5,528.65,529.45,2464,
2016-11-09 14:31:00+05:30,529.45,529.45,528.9,529.35,3681,
2016-11-09 14:32:00+05:30,529.35,529.35,528.95,529.3,3195,
2016-11-09 14:33:00+05:30,529.35,529.45,528.9,529.3,3692,
2016-11-09 14:34:00+05:30,529,529.35,529,529.3,1650,
2016-11-09 14:35:00+05:30,529.3,529.3,529,529.15,1550,
2016-11-09 14:36:00+05:30,529.05,529.15,528.05,528.4,3715,
2016-11-09 14:37:00+05:30,528.4,528.95,527.95,528.8,83499,
2016-11-09 14:38:00+05:30,528.8,529.35,528,528.5,2268,
2016-11-09 14:39:00+05:30,528.5,529,528,528.9,3133,
2016-11-09 14:40:00+05:30,528.9,528.95,528,528.6,2190,
2016-11-09 14:41:00+05:30,528.5,528.6,527.55,528.15,13850,
2016-11-09 14:42:00+05:30,528.15,528.7,527.8,527.95,2867,
2016-11-09 14:43:00+05:30,527.95,528.55,527.95,528.45,2033,
2016-11-09 14:44:00+05:30,528.1,528.5,528,528.1,6753,
2016-11-09 14:45:00+05:30,528.1,528.75,528.05,528.7,5943,
2016-11-09 14:46:00+05:30,528.55,528.55,528,528.35,2724,
2016-11-09 14:47:00+05:30,528.35,528.4,528,528.4,2695,
2016-11-09 14:48:00+05:30,528.3,528.5,528,528.5,4875,
2016-11-09 14:49:00+05:30,528.5,528.75,528,528.05,2948,
2016-11-09 14:50:00+05:30,528.4,528.4,528.05,528.25,1972,
2016-11-09 14:51:00+05:30,528.25,528.5,527.7,527.7,2858,
2016-11-09 14:52:00+05:30,527.7,528.4,527.7,528.3,3803,
2016-11-09 14:53:00+05:30,528.25,528.65,527.9,528.2,4429,
2016-11-09 14:54:00+05:30,528.2,528.5,527.85,528,2826,
2016-11-09 14:55:00+05:30,528.3,528.35,527.55,527.85,6308,
2016-11-09 14:56:00+05:30,527.85,528.5,527.55,527.55,4320,
2016-11-09 14:57:00+05:30,527.55,527.8,527.1,527.65,3671,
2016-11-09 14:58:00+05:30,527.65,528,527.35,527.55,3297,
2016-11-09 14:59:00+05:30,527.55,528,527,527.6,3862,
2016-11-09 15:00:00+05:30,527.9,528.2,527.35,528.1,4642,
2016-11-09 15:01:00+05:30,528,528.15,527.75,528,6764,
2016-11-09 15:02:00+05:30,528,528.05,526.9,527.7,14064,
2016-11-09 15:03:00+05:30,527.75,527.75,526.2,526.6,35190,
2016-11-09 15:04:00+05:30,526.5,526.6,526,526.45,12975,
2016-11-09 15:05:00+05:30,526.45,526.45,525.95,526.05,7388,
2016-11-09 15:06:00+05:30,526.3,526.3,525.4,525.75,4567,
2016-11-09 15:07:00+05:30,525.4,525.75,525.15,525.5,6488,
2016-11-09 15:08:00+05:30,525.55,525.65,525.05,525.65,4288,
2016-11-09 15:09:00+05:30,525.65,525.65,525.05,525.6,16342,
2016-11-09 15:10:00+05:30,525.6,525.85,525.15,525.6,6075,
2016-11-09 15:11:00+05:30,525.55,526.4,525.15,526.3,5472,
2016-11-09 15:12:00+05:30,526.25,526.25,525.35,525.4,8366,
2016-11-09 15:13:00+05:30,525.65,525.7,525.15,525.65,12596,
2016-11-09 15:14:00+05:30,525.65,527,525.2,527,8309,
2016-11-09 15:15:00+05:30,527,527.5,525.4,526.35,22535,
2016-11-09 15:16:00+05:30,526.4,527.15,526,526.4,11033,
2016-11-09 15:17:00+05:30,526.4,527,526,526,6685,
2016-11-09 15:18:00+05:30,526.3,526.9,525.8,526.8,81203,
2016-11-09 15:19:00+05:30,526.8,526.8,525.8,525.95,21008,
2016-11-09 15:20:00+05:30,525.95,528.25,525.95,527.35,22652,
2016-11-09 15:21:00+05:30,527.35,527.6,526.3,527.5,80560,
2016-11-09 15:22:00+05:30,528.2,528.5,527.6,527.9,46225,
2016-11-09 15:23:00+05:30,527.9,527.9,526.35,526.7,12690,
2016-11-09 15:24:00+05:30,526.7,527,526.35,526.8,14012,
2016-11-09 15:25:00+05:30,526.25,527.4,526.25,526.75,15334,
2016-11-09 15:26:00+05:30,526.75,527,526,526,22725,
2016-11-09 15:27:00+05:30,526.55,526.55,525.3,525.5,105908,
2016-11-09 15:28:00+05:30,525.5,525.5,525,525,8661,
2016-11-09 15:29:00+05:30,525,525.5,524.6,524.6,14400,
2016-11-10 09:15:00+05:30,546,553.45,546,547.35,193758,
2016-11-10 09:16:00+05:30,547.55,550,545,548.05,88879,
2016-11-10 09:17:00+05:30,548.25,548.25,545.5,546.1,79832,
2016-11-10 09:18:00+05:30,546.05,548.7,545.7,548.7,44408,
2016-11-10 09:19:00+05:30,547.75,551.15,547.75,550.9,32997,
2016-11-10 09:20:00+05:30,550.85,554.05,549.9,552.4,60771,
2016-11-10 09:21:00+05:30,552.35,553.4,552.2,552.7,34280,
2016-11-10 09:22:00+05:30,552.65,552.65,550,550.4,33054,
2016-11-10 09:23:00+05:30,550.4,550.8,549.9,550.1,35018,
2016-11-10 09:24:00+05:30,550.1,551.8,550.1,551.8,14374,
2016-11-10 09:25:00+05:30,551.8,552.05,550.45,551.2,15834,
2016-11-10 09:26:00+05:30,551.15,551.95,550.65,551.85,12964,
2016-11-10 09:27:00+05:30,551.75,552,551.15,551.85,8210,
2016-11-10 09:28:00+05:30,551.9,555,551.6,555,33907,
2016-11-10 09:29:00+05:30,554.35,556,553.95,555.75,49618,
2016-11-10 09:30:00+05:30,555.6,555.7,554.75,555.15,27726,
2016-11-10 09:31:00+05:30,555,558.65,555,558,44532,
2016-11-10 09:32:00+05:30,557.65,557.65,555.6,556,19336,
2016-11-10 09:33:00+05:30,556,557.2,555.8,556.3,11190,
2016-11-10 09:34:00+05:30,556.3,557.2,555.85,556.55,40088,
2016-11-10 09:35:00+05:30,556.55,558.6,556.55,558.05,21485,
2016-11-10 09:36:00+05:30,558.6,561.15,558.2,560.35,49614,
2016-11-10 09:37:00+05:30,560.4,560.8,559.45,560.3,22479,
2016-11-10 09:38:00+05:30,560.25,561.95,560.25,561.05,14728,
2016-11-10 09:39:00+05:30,561.05,561.4,560.5,560.55,10165,
2016-11-10 09:40:00+05:30,560.5,560.55,560,560.1,19233,
2016-11-10 09:41:00+05:30,560,563.3,560,562.9,27882,
2016-11-10 09:42:00+05:30,563.1,563.2,561.25,561.25,24430,
2016-11-10 09:43:00+05:30,561.25,561.6,559.4,559.95,34635,
2016-11-10 09:44:00+05:30,559.65,560,558.55,559.35,28919,
2016-11-10 09:45:00+05:30,559.6,560.65,559.3,559.9,28070,
2016-11-10 09:46:00+05:30,559.9,559.95,559.1,559.4,11690,
2016-11-10 09:47:00+05:30,558.85,560.4,558.85,560.4,24701,
2016-11-10 09:48:00+05:30,560.15,561.45,559.9,561,7901,
2016-11-10 09:49:00+05:30,561.3,561.3,560,560,11664,
2016-11-10 09:50:00+05:30,560.6,560.6,559.6,559.8,7966,
2016-11-10 09:51:00+05:30,559.65,559.85,559,559.05,10059,
2016-11-10 09:52:00+05:30,559.05,559.85,559.05,559.35,6978,
2016-11-10 09:53:00+05:30,559.65,559.65,559.2,559.2,5012,
2016-11-10 09:54:00+05:30,559.5,559.5,558.5,558.55,7611,
2016-11-10 09:55:00+05:30,558.9,558.9,557.7,558.05,17156,
2016-11-10 09:56:00+05:30,558.05,558.25,557.4,557.55,14110,
2016-11-10 09:57:00+05:30,558,558,557.4,557.55,7951,
2016-11-10 09:58:00+05:30,557.55,559.65,557.55,559.35,10359,
2016-11-10 09:59:00+05:30,559.75,559.75,558.75,559.3,6707,
2016-11-10 10:00:00+05:30,559.3,559.9,559.1,559.85,11972,
2016-11-10 10:01:00+05:30,560,560.45,559.65,560.15,10184,
2016-11-10 10:02:00+05:30,560.55,561,560,560.45,8229,
2016-11-10 10:03:00+05:30,560.45,561,560.2,560.95,8017,
2016-11-10 10:04:00+05:30,560.85,562.95,560.8,562.65,18318,
2016-11-10 10:05:00+05:30,562.95,565,562.55,563.95,74296,
2016-11-10 10:06:00+05:30,564.15,564.15,561.3,563.2,19682,
2016-11-10 10:07:00+05:30,563.15,564.35,563.15,563.6,7998,
2016-11-10 10:08:00+05:30,563.55,563.6,562.45,562.45,9171,
2016-11-10 10:09:00+05:30,562.45,563.5,562.45,563.2,7785,
2016-11-10 10:10:00+05:30,563.15,563.95,563.1,563.7,6408,
2016-11-10 10:11:00+05:30,563.7,563.7,562.25,562.55,4412,
2016-11-10 10:12:00+05:30,562.55,562.55,560.8,562.45,11652,
2016-11-10 10:13:00+05:30,562.5,563,562.4,562.95,4623,
2016-11-10 10:14:00+05:30,562.75,563.45,561.6,562.55,6497,
2016-11-10 10:15:00+05:30,562.85,563.7,562.5,563.4,5917,
2016-11-10 10:16:00+05:30,563.4,563.45,562.2,563,6395,
2016-11-10 10:17:00+05:30,563,563,561.8,561.8,6823,
2016-11-10 10:18:00+05:30,561.8,562,561.2,561.25,4373,
2016-11-10 10:19:00+05:30,561.25,562.2,561.25,562.2,6597,
2016-11-10 10:20:00+05:30,562.25,562.65,561.9,562,3993,
2016-11-10 10:21:00+05:30,562,562,561.25,561.35,3476,
2016-11-10 10:22:00+05:30,561.65,562.55,561.65,562.4,5194,
2016-11-10 10:23:00+05:30,562.25,562.6,562,562,4843,
2016-11-10 10:24:00+05:30,562,562.3,561.3,562.3,5961,
2016-11-10 10:25:00+05:30,561.8,561.95,561,561,4745,
2016-11-10 10:26:00+05:30,561,561.75,560.5,561.4,9171,
2016-11-10 10:27:00+05:30,561.4,561.5,560.5,561,2727,
2016-11-10 10:28:00+05:30,561,561.5,560.85,561.3,5427,
2016-11-10 10:29:00+05:30,561.3,561.5,560.5,560.5,3428,
2016-11-10 10:30:00+05:30,560.4,560.45,560.05,560.05,3285,
2016-11-10 10:31:00+05:30,560.05,560.95,560.05,560.1,4532,
2016-11-10 10:32:00+05:30,560.05,561,560.05,561,3440,
2016-11-10 10:33:00+05:30,561,561.3,561,561.1,2586,
2016-11-10 10:34:00+05:30,561.1,561.4,560.8,560.8,3168,
2016-11-10 10:35:00+05:30,560.8,561.85,560.5,561.8,5078,
2016-11-10 10:36:00+05:30,561.8,562.2,560.6,561.15,6948,
2016-11-10 10:37:00+05:30,561.15,561.2,560.6,560.95,2897,
2016-11-10 10:38:00+05:30,560.95,561,560.1,560.45,1917,
2016-11-10 10:39:00+05:30,560.45,561,560.45,560.8,2074,
2016-11-10 10:40:00+05:30,560.8,560.9,560.25,560.7,2416,
2016-11-10 10:41:00+05:30,560.7,560.85,560.3,560.6,1970,
2016-11-10 10:42:00+05:30,560.6,560.6,560.1,560.45,2930,
2016-11-10 10:43:00+05:30,560.15,560.5,560,560.3,5507,
2016-11-10 10:44:00+05:30,560.15,560.15,560,560,3951,
2016-11-10 10:45:00+05:30,560,560.75,560,560.45,5098,
2016-11-10 10:46:00+05:30,560.45,560.85,560.2,560.65,4432,
2016-11-10 10:47:00+05:30,560.65,560.75,560,560.5,3801,
2016-11-10 10:48:00+05:30,560.55,561,560.05,560.9,3747,
2016-11-10 10:49:00+05:30,560.9,561.5,560.1,560.75,3626,
2016-11-10 10:50:00+05:30,560.75,561.3,560.75,561.25,3223,
2016-11-10 10:51:00+05:30,561.3,561.3,560.4,560.7,2999,
2016-11-10 10:52:00+05:30,560.4,560.75,560.1,560.5,2340,
2016-11-10 10:53:00+05:30,560.5,561.3,560.15,561.3,3422,
2016-11-10 10:54:00+05:30,561.25,561.3,560.4,560.6,2197,
2016-11-10 10:55:00+05:30,560.6,561.15,560.25,560.75,2561,
2016-11-10 10:56:00+05:30,560.75,560.75,560.1,560.4,2129,
2016-11-10 10:57:00+05:30,560.4,561,560.05,560.1,4364,
2016-11-10 10:58:00+05:30,560,560.7,560,560.35,4907,
2016-11-10 10:59:00+05:30,560.7,560.7,560,560.4,6504,
2016-11-10 11:00:00+05:30,560.4,560.6,560,560.3,2453,
2016-11-10 11:01:00+05:30,560.3,560.35,560,560,2783,
2016-11-10 11:02:00+05:30,560,560.25,560,560,3655,
2016-11-10 11:03:00+05:30,560,560.25,560,560,5926,
2016-11-10 11:04:00+05:30,560,560.3,560,560.05,2554,
2016-11-10 11:05:00+05:30,560.05,560.25,560,560.1,3135,
2016-11-10 11:06:00+05:30,560.1,560.5,560,560.5,5186,
2016-11-10 11:07:00+05:30,560.5,560.7,560.2,560.2,3222,
2016-11-10 11:08:00+05:30,560.2,560.6,560.1,560.1,1911,
2016-11-10 11:09:00+05:30,560.1,560.4,560,560.05,9569,
2016-11-10 11:10:00+05:30,560.1,560.1,558.5,559,30509,
2016-11-10 11:11:00+05:30,559,559.9,558.5,559.85,8727,
2016-11-10 11:12:00+05:30,559.85,559.85,559.2,559.55,3873,
2016-11-10 11:13:00+05:30,559.55,559.85,559.3,559.75,4963,
2016-11-10 11:14:00+05:30,559.55,559.8,559.3,559.3,4328,
2016-11-10 11:15:00+05:30,559.4,559.4,558.6,558.75,6784,
2016-11-10 11:16:00+05:30,558.95,558.95,558.6,558.7,3862,
2016-11-10 11:17:00+05:30,558.7,558.95,558.6,558.6,2947,
2016-11-10 11:18:00+05:30,558.65,558.95,558.6,558.85,3206,
2016-11-10 11:19:00+05:30,558.9,560.1,558.9,559.95,10711,
2016-11-10 11:20:00+05:30,560,560,559.1,559.45,4355,
2016-11-10 11:21:00+05:30,559.6,559.65,559.05,559.5,2744,
2016-11-10 11:22:00+05:30,559.8,559.85,559.25,559.25,3065,
2016-11-10 11:23:00+05:30,559.5,559.8,559.25,559.45,2870,
2016-11-10 11:24:00+05:30,559.45,560.15,559.3,560.15,5600,
2016-11-10 11:25:00+05:30,560.2,561.8,560,561.75,9964,
2016-11-10 11:26:00+05:30,561.75,561.75,560.6,561.6,5748,
2016-11-10 11:27:00+05:30,561.6,562,561.25,561.95,57796,
2016-11-10 11:28:00+05:30,561.95,562,561.4,561.85,2369,
2016-11-10 11:29:00+05:30,561.85,561.95,561.05,561.6,2133,
2016-11-10 11:30:00+05:30,561.9,561.9,561.25,561.75,3714,
2016-11-10 11:31:00+05:30,561.75,561.95,561.3,561.8,4880,
2016-11-10 11:32:00+05:30,561.7,561.7,561.3,561.3,3715,
2016-11-10 11:33:00+05:30,561.45,561.9,561.4,561.8,4289,
2016-11-10 11:34:00+05:30,561.8,561.9,561.05,561.5,3875,
2016-11-10 11:35:00+05:30,561.5,561.95,561.05,561.8,4689,
2016-11-10 11:36:00+05:30,561.8,562.2,561.6,562,3766,
2016-11-10 11:37:00+05:30,562,562.45,561.8,562.45,3458,
2016-11-10 11:38:00+05:30,562.6,563.5,562.25,563.35,10371,
2016-11-10 11:39:00+05:30,563.2,564,563.2,563.25,15013,
2016-11-10 11:40:00+05:30,563.35,563.5,562.5,563.5,4030,
2016-11-10 11:41:00+05:30,563.7,565,563.3,565,22997,
2016-11-10 11:42:00+05:30,565,565.9,563.95,564.85,33808,
2016-11-10 11:43:00+05:30,564.8,564.8,564,564.2,5094,
2016-11-10 11:44:00+05:30,563.75,564.35,563.35,563.85,6680,
2016-11-10 11:45:00+05:30,564.05,564.45,563.7,564.2,5299,
2016-11-10 11:46:00+05:30,564.25,564.25,563.35,563.7,3470,
2016-11-10 11:47:00+05:30,563.4,563.75,562.9,563.7,6705,
2016-11-10 11:48:00+05:30,563.75,565,563.75,564.8,9229,
2016-11-10 11:49:00+05:30,565,565.15,563.25,563.7,6760,
2016-11-10 11:50:00+05:30,563.7,563.95,563.2,563.6,3808,
2016-11-10 11:51:00+05:30,563.9,564,563.3,563.6,2294,
2016-11-10 11:52:00+05:30,563.35,563.7,563,563.25,6291,
2016-11-10 11:53:00+05:30,563.3,563.45,562.65,562.95,2725,
2016-11-10 11:54:00+05:30,562.9,562.95,562.55,562.9,2413,
2016-11-10 11:55:00+05:30,562.9,563.15,562.4,563.15,4748,
2016-11-10 11:56:00+05:30,563.1,563.45,562.6,563.1,2678,
2016-11-10 11:57:00+05:30,563.15,563.8,562.8,563.75,3124,
2016-11-10 11:58:00+05:30,563.75,563.8,563.1,563.8,3062,
2016-11-10 11:59:00+05:30,563.8,563.8,563.3,563.6,2165,
2016-11-10 12:00:00+05:30,563.65,563.75,562.95,563.4,3054,
2016-11-10 12:01:00+05:30,562.95,563.2,562.35,562.4,3267,
2016-11-10 12:02:00+05:30,562.95,563,562.7,562.9,2851,
2016-11-10 12:03:00+05:30,562.95,562.95,562.4,562.8,3018,
2016-11-10 12:04:00+05:30,562.8,562.8,562,562.15,5467,
2016-11-10 12:05:00+05:30,562.1,562.15,561.3,561.75,5146,
2016-11-10 12:06:00+05:30,561.75,562.1,561.3,561.65,1987,
2016-11-10 12:07:00+05:30,561.7,561.8,561.2,561.8,2440,
2016-11-10 12:08:00+05:30,562,562,561.2,561.65,2008,
2016-11-10 12:09:00+05:30,561.7,561.85,561.2,561.75,2440,
2016-11-10 12:10:00+05:30,561.75,561.85,561.3,561.85,4321,
2016-11-10 12:11:00+05:30,561.5,561.9,561.2,561.75,4146,
2016-11-10 12:12:00+05:30,561.85,561.85,561.35,561.7,2528,
2016-11-10 12:13:00+05:30,561.75,561.75,561.3,561.75,2048,
2016-11-10 12:14:00+05:30,561.75,561.75,561.2,561.7,2048,
2016-11-10 12:15:00+05:30,561.75,562,561.2,562,5357,
2016-11-10 12:16:00+05:30,562,563,561.95,562.95,5205,
2016-11-10 12:17:00+05:30,562.55,563,562.5,562.75,4704,
2016-11-10 12:18:00+05:30,562.75,562.9,562.5,562.8,2141,
2016-11-10 12:19:00+05:30,562.85,562.9,562.3,562.65,2125,
2016-11-10 12:20:00+05:30,562.65,562.65,562,562.2,2169,
2016-11-10 12:21:00+05:30,562.2,562.5,562,562.3,2439,
2016-11-10 12:22:00+05:30,562.3,562.45,562,562.3,2076,
2016-11-10 12:23:00+05:30,562.4,562.55,561.95,562.35,2488,
2016-11-10 12:24:00+05:30,562.4,562.4,561.8,562.1,1936,
2016-11-10 12:25:00+05:30,562.1,562.1,561.45,562,3393,
2016-11-10 12:26:00+05:30,562.05,562.25,561.75,562.15,2998,
2016-11-10 12:27:00+05:30,562.15,562.3,561.9,562.1,2037,
2016-11-10 12:28:00+05:30,562.15,562.25,561.6,562,2513,
2016-11-10 12:29:00+05:30,561.9,562.3,561.65,562.25,2047,
2016-11-10 12:30:00+05:30,562.3,562.35,562.05,562.3,2811,
2016-11-10 12:31:00+05:30,562.35,562.35,561.65,562.25,5529,
2016-11-10 12:32:00+05:30,562.5,562.9,561.95,562.65,3062,
2016-11-10 12:33:00+05:30,562.7,562.95,562.3,562.9,3031,
2016-11-10 12:34:00+05:30,562.95,562.95,562.5,562.65,2616,
2016-11-10 12:35:00+05:30,562.8,562.8,562.15,562.55,2209,
2016-11-10 12:36:00+05:30,562.6,562.95,562.25,562.95,5696,
2016-11-10 12:37:00+05:30,562.95,563.2,562.65,563.1,3722,
2016-11-10 12:38:00+05:30,563.3,564,562.95,563.95,7195,
2016-11-10 12:39:00+05:30,563.95,564,562.55,563.15,4204,
2016-11-10 12:40:00+05:30,563.2,563.3,562.7,563.15,4700,
2016-11-10 12:41:00+05:30,563.15,563.2,562.4,562.6,4269,
2016-11-10 12:42:00+05:30,562.6,562.65,562,562.4,2602,
2016-11-10 12:43:00+05:30,562.4,562.4,561.7,562.05,2322,
2016-11-10 12:44:00+05:30,562.05,562.2,561.55,561.95,2118,
2016-11-10 12:45:00+05:30,561.95,562.5,561.45,562.4,6291,
2016-11-10 12:46:00+05:30,562.4,562.5,561.9,562.1,1934,
2016-11-10 12:47:00+05:30,562.1,562.2,561.45,562,1788,
2016-11-10 12:48:00+05:30,562.2,562.2,561.4,561.7,4049,
2016-11-10 12:49:00+05:30,561.7,561.7,561,561.3,6604,
2016-11-10 12:50:00+05:30,561.3,561.45,560.7,561.15,4016,
2016-11-10 12:51:00+05:30,561.3,561.3,560.5,561.2,5214,
2016-11-10 12:52:00+05:30,561.35,561.7,561,561.55,3834,
2016-11-10 12:53:00+05:30,561.65,561.8,560.8,561.4,3498,
2016-11-10 12:54:00+05:30,561.6,562,561.35,561.7,3150,
2016-11-10 12:55:00+05:30,562,562,561.2,561.65,2525,
2016-11-10 12:56:00+05:30,561.65,561.8,560.6,561.15,3351,
2016-11-10 12:57:00+05:30,561,561.6,560.6,561.45,3131,
2016-11-10 12:58:00+05:30,561.45,561.8,560.85,561.35,4508,
2016-11-10 12:59:00+05:30,561.35,561.75,561,561.55,2949,
2016-11-10 13:00:00+05:30,561.5,561.5,560.95,561.35,2955,
2016-11-10 13:01:00+05:30,561.5,561.5,560.8,561.35,3080,
2016-11-10 13:02:00+05:30,561.3,561.45,560.8,561,2636,
2016-11-10 13:03:00+05:30,561.1,561.4,560.6,561,2941,
2016-11-10 13:04:00+05:30,561,561.05,560.6,561.05,4039,
2016-11-10 13:05:00+05:30,561.2,561.3,560.5,560.7,4257,
2016-11-10 13:06:00+05:30,561.05,561.2,560.1,560.3,7959,
2016-11-10 13:07:00+05:30,560.3,560.45,560,560.25,9345,
2016-11-10 13:08:00+05:30,560.25,560.3,559.75,559.75,4745,
2016-11-10 13:09:00+05:30,560,560.05,559.55,559.95,4550,
2016-11-10 13:10:00+05:30,559.7,560.15,559.65,560.05,2638,
2016-11-10 13:11:00+05:30,560,560.4,559.5,559.85,6767,
2016-11-10 13:12:00+05:30,559.9,560.15,559.3,560,2500,
2016-11-10 13:13:00+05:30,560.4,561.1,560.05,561,5562,
2016-11-10 13:14:00+05:30,561,561.1,560.7,560.9,3737,
2016-11-10 13:15:00+05:30,560.9,562.15,560.8,561.4,218983,
2016-11-10 13:16:00+05:30,562.05,562.95,562,562.85,8397,
2016-11-10 13:17:00+05:30,563,563,562.05,562.85,2487,
2016-11-10 13:18:00+05:30,563,563.1,562.5,562.75,4750,
2016-11-10 13:19:00+05:30,562.75,563.5,562.6,562.9,7103,
2016-11-10 13:20:00+05:30,563.2,563.2,562.35,562.8,3182,
2016-11-10 13:21:00+05:30,563.2,563.25,562.5,562.9,1424,
2016-11-10 13:22:00+05:30,563.45,563.5,562.2,563,8589,
2016-11-10 13:23:00+05:30,562.8,563.2,562.1,562.9,2399,
2016-11-10 13:24:00+05:30,563.2,563.55,563.15,563.5,6058,
2016-11-10 13:25:00+05:30,563.5,563.7,562.75,562.95,1963,
2016-11-10 13:26:00+05:30,562.95,563.5,562.6,563.4,2260,
2016-11-10 13:27:00+05:30,563.4,563.5,562.9,563.15,3827,
2016-11-10 13:28:00+05:30,563.5,563.5,563.05,563.45,2796,
2016-11-10 13:29:00+05:30,563.45,563.9,563.2,563.45,2543,
2016-11-10 13:30:00+05:30,563.8,563.9,562.8,563.3,6056,
2016-11-10 13:31:00+05:30,563.3,563.45,562.65,563.2,2050,
2016-11-10 13:32:00+05:30,562.6,563.9,562.6,563.65,4068,
2016-11-10 13:33:00+05:30,563.7,563.75,563.25,563.7,2578,
2016-11-10 13:34:00+05:30,563.6,563.75,563.05,563.15,3212,
2016-11-10 13:35:00+05:30,563.15,563.6,563.15,563.25,2161,
2016-11-10 13:36:00+05:30,563.55,564,562.9,563.2,10928,
2016-11-10 13:37:00+05:30,563.2,563.4,562.65,562.95,1991,
2016-11-10 13:38:00+05:30,563,563.35,562.8,563.25,2001,
2016-11-10 13:39:00+05:30,563.45,563.7,563.15,563.3,2460,
2016-11-10 13:40:00+05:30,563.5,563.7,562.9,563.6,2828,
2016-11-10 13:41:00+05:30,563.8,563.85,563.3,563.35,2096,
2016-11-10 13:42:00+05:30,563.4,563.5,563.25,563.4,2495,
2016-11-10 13:43:00+05:30,563.4,564,563.4,563.95,1908,
2016-11-10 13:44:00+05:30,563.5,563.7,562.75,563.65,84770,
2016-11-10 13:45:00+05:30,564,564,563.35,563.7,3794,
2016-11-10 13:46:00+05:30,563.7,563.8,562.75,563.45,4458,
2016-11-10 13:47:00+05:30,563.75,564.25,563.45,564,7640,
2016-11-10 13:48:00+05:30,564.25,564.5,562.75,563.4,36909,
2016-11-10 13:49:00+05:30,563.4,563.45,563.05,563.4,2541,
2016-11-10 13:50:00+05:30,563.35,564,563.25,564,4443,
2016-11-10 13:51:00+05:30,564.2,565,563.5,564.75,13148,
2016-11-10 13:52:00+05:30,564.75,565,564.2,564.6,20431,
2016-11-10 13:53:00+05:30,564.65,564.65,563.4,564,7816,
2016-11-10 13:54:00+05:30,563.55,564,562.8,563,7794,
2016-11-10 13:55:00+05:30,563.25,564.15,563,564,49505,
2016-11-10 13:56:00+05:30,564.15,564.3,563.4,564.3,10863,
2016-11-10 13:57:00+05:30,564,564.35,563.1,563.2,2751,
2016-11-10 13:58:00+05:30,563.6,563.6,563,563,3160,
2016-11-10 13:59:00+05:30,563.4,563.5,562.7,563.2,4986,
2016-11-10 14:00:00+05:30,563.2,563.6,562.75,563.5,3594,
2016-11-10 14:01:00+05:30,563.5,563.6,563,563.35,2956,
2016-11-10 14:02:00+05:30,563.5,563.55,563.1,563.4,2821,
2016-11-10 14:03:00+05:30,563.4,563.65,563,563.45,3256,
2016-11-10 14:04:00+05:30,563.5,563.5,563,563.2,2709,
2016-11-10 14:05:00+05:30,563.2,563.75,563,563.7,2619,
2016-11-10 14:06:00+05:30,563.95,563.95,563.4,563.85,1770,
2016-11-10 14:07:00+05:30,563.95,563.95,563.05,563.6,29081,
2016-11-10 14:08:00+05:30,563.75,563.75,562.9,562.9,8750,
2016-11-10 14:09:00+05:30,563.05,563.35,562.85,563.3,2647,
2016-11-10 14:10:00+05:30,563.4,563.4,562.75,562.9,1956,
2016-11-10 14:11:00+05:30,563.2,563.2,562.5,563.05,4639,
2016-11-10 14:12:00+05:30,563.05,563.1,562.5,562.75,3150,
2016-11-10 14:13:00+05:30,562.75,562.9,562.5,562.5,2697,
2016-11-10 14:14:00+05:30,562.55,562.6,561.8,562.2,6333,
2016-11-10 14:15:00+05:30,562.4,562.65,561.85,562.4,31018,
2016-11-10 14:16:00+05:30,562.55,562.6,562,562.15,3873,
2016-11-10 14:17:00+05:30,562.15,562.35,561.8,562.2,4200,
2016-11-10 14:18:00+05:30,562.35,562.35,561.65,561.8,3888,
2016-11-10 14:19:00+05:30,561.8,562.1,561.35,561.5,3361,
2016-11-10 14:20:00+05:30,561.5,561.8,561.15,561.45,3604,
2016-11-10 14:21:00+05:30,561.45,561.95,561.45,561.65,4572,
2016-11-10 14:22:00+05:30,561.65,561.95,561.35,561.7,2613,
2016-11-10 14:23:00+05:30,561.85,562.1,561.2,561.25,28509,
2016-11-10 14:24:00+05:30,561.2,562.2,561.2,561.55,5353,
2016-11-10 14:25:00+05:30,561.6,561.9,561.25,561.85,2441,
2016-11-10 14:26:00+05:30,562,562,561.45,561.45,2563,
2016-11-10 14:27:00+05:30,561.75,561.85,561.35,561.75,2379,
2016-11-10 14:28:00+05:30,561.65,561.75,561.3,561.45,3357,
2016-11-10 14:29:00+05:30,561.4,561.8,561.4,561.8,1601,
2016-11-10 14:30:00+05:30,561.75,562,561.6,561.7,1886,
2016-11-10 14:31:00+05:30,561.95,562,561.7,561.95,1408,
2016-11-10 14:32:00+05:30,561.95,562,560.6,560.8,10489,
2016-11-10 14:33:00+05:30,560.8,561.35,560.8,560.95,26419,
2016-11-10 14:34:00+05:30,560.85,561,560.5,560.85,2879,
2016-11-10 14:35:00+05:30,560.55,561,560.55,561,3814,
2016-11-10 14:36:00+05:30,560.85,561,560.5,560.95,30627,
2016-11-10 14:37:00+05:30,561,561,560.6,561,2802,
2016-11-10 14:38:00+05:30,561,561,560.45,560.95,57605,
2016-11-10 14:39:00+05:30,561,561.25,560.75,561.2,14098,
2016-11-10 14:40:00+05:30,561.25,561.5,561,561.25,4511,
2016-11-10 14:41:00+05:30,561.25,561.25,560.6,561,4834,
2016-11-10 14:42:00+05:30,560.65,561,560.45,561,3956,
2016-11-10 14:43:00+05:30,561,561.25,560.55,560.85,7796,
2016-11-10 14:44:00+05:30,560.9,561.05,560.7,560.9,2117,
2016-11-10 14:45:00+05:30,561,561.5,560.7,561.5,9251,
2016-11-10 14:46:00+05:30,561.55,561.95,561.5,561.8,2948,
2016-11-10 14:47:00+05:30,561.8,562,561.65,561.65,2136,
2016-11-10 14:48:00+05:30,561.65,562,561.65,562,2067,
2016-11-10 14:49:00+05:30,562,562.75,562,562.25,7534,
2016-11-10 14:50:00+05:30,562.5,562.75,562.05,562.4,4544,
2016-11-10 14:51:00+05:30,562.4,562.6,561.05,561.7,36124,
2016-11-10 14:52:00+05:30,562,562.05,561.35,561.75,3981,
2016-11-10 14:53:00+05:30,561.95,562.55,561.95,562.55,4596,
2016-11-10 14:54:00+05:30,562.55,562.9,561.55,562,5057,
2016-11-10 14:55:00+05:30,562.1,562.35,561.75,561.85,4497,
2016-11-10 14:56:00+05:30,561.85,562,561.15,561.65,21064,
2016-11-10 14:57:00+05:30,561.6,562.05,561.6,561.8,3470,
2016-11-10 14:58:00+05:30,561.85,562.4,561.75,562.35,3439,
2016-11-10 14:59:00+05:30,562.55,562.55,562.1,562.55,3628,
2016-11-10 15:00:00+05:30,562.7,562.7,562.05,562.3,12316,
2016-11-10 15:01:00+05:30,562.3,562.3,561.75,561.85,8825,
2016-11-10 15:02:00+05:30,561.9,561.9,561,561.2,7402,
2016-11-10 15:03:00+05:30,561.2,561.4,561,561.4,13200,
2016-11-10 15:04:00+05:30,561.45,561.65,561.3,561.3,7426,
2016-11-10 15:05:00+05:30,561.35,561.6,561,561.3,12717,
2016-11-10 15:06:00+05:30,561.25,561.45,561,561.45,70938,
2016-11-10 15:07:00+05:30,561.3,561.5,561.2,561.3,8378,
2016-11-10 15:08:00+05:30,561.5,562.4,561.3,562.05,11774,
2016-11-10 15:09:00+05:30,562.15,562.45,562,562.45,10560,
2016-11-10 15:10:00+05:30,562.15,562.85,562.15,562.7,8732,
2016-11-10 15:11:00+05:30,562.8,563,562.65,563,12490,
2016-11-10 15:12:00+05:30,563,563.3,562.5,563.15,22455,
2016-11-10 15:13:00+05:30,563.3,563.4,562.7,562.75,12721,
2016-11-10 15:14:00+05:30,562.75,563.25,562.55,562.55,9454,
2016-11-10 15:15:00+05:30,562.8,565,562.45,564.65,28729,
2016-11-10 15:16:00+05:30,565.05,565.05,563.9,564.35,15588,
2016-11-10 15:17:00+05:30,564.25,564.25,564.1,564.25,12909,
2016-11-10 15:18:00+05:30,564.15,564.5,564.15,564.3,14198,
2016-11-10 15:19:00+05:30,564.4,565,564,564.4,21975,
2016-11-10 15:20:00+05:30,564.6,564.6,563.95,564.05,13221,
2016-11-10 15:21:00+05:30,564.2,566.7,564.2,566.55,33088,
2016-11-10 15:22:00+05:30,566.55,566.55,565.1,565.2,17030,
2016-11-10 15:23:00+05:30,565.2,565.9,565.15,565.8,14652,
2016-11-10 15:24:00+05:30,565.8,566,565.4,565.4,14674,
2016-11-10 15:25:00+05:30,565.4,565.5,564,564.05,24725,
2016-11-10 15:26:00+05:30,564.05,567.6,564,567.6,47097,
2016-11-10 15:27:00+05:30,567.5,567.6,566.4,567.55,16040,
2016-11-10 15:28:00+05:30,567.55,567.95,566.6,567.5,10249,
2016-11-10 15:29:00+05:30,567.95,568,566.65,567.85,6817,
2016-11-11 09:15:00+05:30,557.65,558.7,556.65,556.7,12598,
2016-11-11 09:16:00+05:30,556.7,560.4,556.7,560.4,14629,
2016-11-11 09:17:00+05:30,560.4,561.8,559.3,559.3,14394,
2016-11-11 09:18:00+05:30,559.3,560,559,560,5204,
2016-11-11 09:19:00+05:30,560,561,559.9,561,6577,
2016-11-11 09:20:00+05:30,561,563,561,563,7347,
2016-11-11 09:21:00+05:30,562.6,563.25,562.5,563.2,5208,
2016-11-11 09:22:00+05:30,563.2,563.75,562.05,562.05,8236,
2016-11-11 09:23:00+05:30,562.05,562.25,562,562,2346,
2016-11-11 09:24:00+05:30,562.05,564,561.85,563.25,8645,
2016-11-11 09:25:00+05:30,563.2,563.2,560,560.25,9057,
2016-11-11 09:26:00+05:30,560.2,562.65,559.95,562.1,8023,
2016-11-11 09:27:00+05:30,562.1,562.35,560.4,561.75,12659,
2016-11-11 09:28:00+05:30,561.7,561.85,561.1,561.65,5026,
2016-11-11 09:29:00+05:30,561.55,561.9,561.2,561.7,3556,
2016-11-11 09:30:00+05:30,561.7,561.7,560.7,560.7,2958,
2016-11-11 09:31:00+05:30,560.7,560.7,559.25,559.75,7908,
2016-11-11 09:32:00+05:30,559.7,560.9,559.7,560.25,5908,
2016-11-11 09:33:00+05:30,560.25,560.25,558.15,558.3,4576,
2016-11-11 09:34:00+05:30,558.2,559.8,558.2,559.35,7555,
2016-11-11 09:35:00+05:30,559.35,559.35,558,558.7,6612,
2016-11-11 09:36:00+05:30,558.6,558.75,556.2,556.4,15931,
2016-11-11 09:37:00+05:30,556.05,556.3,554.3,554.3,31246,
2016-11-11 09:38:00+05:30,554.35,555.95,554.35,555.8,17905,
2016-11-11 09:39:00+05:30,555.8,556.9,555.55,556.6,9048,
2016-11-11 09:40:00+05:30,556.6,558,556,557.4,4046,
2016-11-11 09:41:00+05:30,557.4,558.4,557.1,558.05,3556,
2016-11-11 09:42:00+05:30,558.05,559.25,558,558.6,4228,
2016-11-11 09:43:00+05:30,558.6,558.6,557.4,557.65,2836,
2016-11-11 09:44:00+05:30,557.95,557.95,556.25,556.6,3170,
2016-11-11 09:45:00+05:30,556.6,556.9,555.8,555.8,4603,
2016-11-11 09:46:00+05:30,555.8,556.6,555.75,555.8,13979,
2016-11-11 09:47:00+05:30,556,556.35,555.8,556.35,1208,
2016-11-11 09:48:00+05:30,556.35,556.75,555.75,555.95,8218,
2016-11-11 09:49:00+05:30,555.95,556,555.5,555.7,2952,
2016-11-11 09:50:00+05:30,555.7,556.6,555.7,556.5,5786,
2016-11-11 09:51:00+05:30,556.5,557.6,556.4,557.25,2305,
2016-11-11 09:52:00+05:30,557.25,557.25,556.35,556.55,12921,
2016-11-11 09:53:00+05:30,556.25,556.25,555.45,555.65,3726,
2016-11-11 09:54:00+05:30,555.65,557.5,555.4,557.05,3007,
2016-11-11 09:55:00+05:30,557.05,557.05,556.35,556.7,1696,
2016-11-11 09:56:00+05:30,556.7,557.4,556.7,557.4,2193,
2016-11-11 09:57:00+05:30,557.4,557.4,556.65,556.65,1480,
2016-11-11 09:58:00+05:30,556.65,556.75,555.75,556.7,3822,
2016-11-11 09:59:00+05:30,556.7,556.7,556,556.05,1193,
2016-11-11 10:00:00+05:30,556.05,556.45,556.05,556.35,954,
2016-11-11 10:01:00+05:30,556.35,556.35,555.7,555.7,978,
2016-11-11 10:02:00+05:30,556.05,557.25,556.05,556.5,3232,
2016-11-11 10:03:00+05:30,556.5,556.5,555.55,555.6,1564,
2016-11-11 10:04:00+05:30,555.6,555.9,555,555.9,2303,
2016-11-11 10:05:00+05:30,555.65,555.85,555.5,555.85,1836,
2016-11-11 10:06:00+05:30,555.85,556.3,555.35,555.35,5944,
2016-11-11 10:07:00+05:30,555.35,555.65,555,555,2361,
2016-11-11 10:08:00+05:30,555,555.5,555,555.25,1968,
2016-11-11 10:09:00+05:30,555.25,555.25,555,555,1334,
2016-11-11 10:10:00+05:30,555,555.3,555,555.15,1558,
2016-11-11 10:11:00+05:30,555.15,555.9,555.15,555.7,3748,
2016-11-11 10:12:00+05:30,555.7,555.75,555.1,555.45,856,
2016-11-11 10:13:00+05:30,555.15,555.85,555.1,555.85,2373,
2016-11-11 10:14:00+05:30,555.85,555.85,555.1,555.25,2295,
2016-11-11 10:15:00+05:30,555.25,555.55,555.1,555.1,1010,
2016-11-11 10:16:00+05:30,555.15,555.15,554.35,554.55,2187,
2016-11-11 10:17:00+05:30,554.55,554.55,553.6,553.65,7289,
2016-11-11 10:18:00+05:30,553.6,555.25,553.55,555.25,4117,
2016-11-11 10:19:00+05:30,555.25,555.55,555,555.2,3153,
2016-11-11 10:20:00+05:30,555.2,555.2,554,554.05,1146,
2016-11-11 10:21:00+05:30,554.05,554.45,554,554.45,1834,
2016-11-11 10:22:00+05:30,554.45,555,554.45,554.55,1188,
2016-11-11 10:23:00+05:30,554.55,554.75,554.25,554.75,2065,
2016-11-11 10:24:00+05:30,554.75,555.7,554.7,555.7,1439,
2016-11-11 10:25:00+05:30,555.45,557,555.4,557,7071,
2016-11-11 10:26:00+05:30,557.1,557.6,557,557.6,6336,
2016-11-11 10:27:00+05:30,557.6,559.7,557.6,559.6,4435,
2016-11-11 10:28:00+05:30,559.6,559.6,558.9,559.25,2551,
2016-11-11 10:29:00+05:30,559.25,559.25,557.7,557.7,1419,
2016-11-11 10:30:00+05:30,557.7,559.25,557.7,559.25,2790,
2016-11-11 10:31:00+05:30,559.35,560,559.25,560,4730,
2016-11-11 10:32:00+05:30,560,560.3,559,559.55,2504,
2016-11-11 10:33:00+05:30,559.55,560,559.55,559.9,990,
2016-11-11 10:34:00+05:30,559.9,559.9,559.1,559.35,887,
2016-11-11 10:35:00+05:30,559.35,559.35,558,558.2,3320,
2016-11-11 10:36:00+05:30,558.2,558.35,558,558.05,993,
2016-11-11 10:37:00+05:30,558.4,558.4,558.25,558.4,706,
2016-11-11 10:38:00+05:30,558.4,558.9,558.15,558.6,1976,
2016-11-11 10:39:00+05:30,558.6,560.4,558.6,559.5,4686,
2016-11-11 10:40:00+05:30,559.5,559.6,558.4,559.5,3129,
2016-11-11 10:41:00+05:30,559.5,559.75,559,559.2,686,
2016-11-11 10:42:00+05:30,559.2,559.2,558.55,558.8,1014,
2016-11-11 10:43:00+05:30,558.8,558.8,558.4,558.75,1503,
2016-11-11 10:44:00+05:30,558.75,558.75,558.15,558.15,1494,
2016-11-11 10:45:00+05:30,558.15,558.25,557.6,557.95,1152,
2016-11-11 10:46:00+05:30,557.95,558.4,557.75,557.75,454,
2016-11-11 10:47:00+05:30,557.75,558.15,557.5,558,924,
2016-11-11 10:48:00+05:30,558,558,557.7,557.85,1162,
2016-11-11 10:49:00+05:30,557.85,557.95,557.65,557.65,588,
2016-11-11 10:50:00+05:30,557.65,558.35,557.65,558.15,1657,
2016-11-11 10:51:00+05:30,558.15,558.4,558,558,439,
2016-11-11 10:52:00+05:30,558,558.15,557.5,557.55,848,
2016-11-11 10:53:00+05:30,557.55,557.55,557.1,557.4,970,
2016-11-11 10:54:00+05:30,557.4,557.75,557.4,557.6,1246,
2016-11-11 10:55:00+05:30,557.6,557.7,557.4,557.6,1586,
2016-11-11 10:56:00+05:30,557.6,557.9,557.5,557.9,897,
2016-11-11 10:57:00+05:30,557.9,558.15,557.9,558.1,901,
2016-11-11 10:58:00+05:30,558.1,558.9,558.1,558.7,5017,
2016-11-11 10:59:00+05:30,558.7,558.7,558.35,558.65,811,
2016-11-11 11:00:00+05:30,558.65,558.85,558.65,558.7,1061,
2016-11-11 11:01:00+05:30,558.7,558.7,558.4,558.5,810,
2016-11-11 11:02:00+05:30,558.5,558.55,558.3,558.3,420,
2016-11-11 11:03:00+05:30,558.3,558.45,557.7,557.7,350,
2016-11-11 11:04:00+05:30,557.8,557.8,557.6,557.7,819,
2016-11-11 11:05:00+05:30,557.7,557.7,557,557.05,2760,
2016-11-11 11:06:00+05:30,556.75,556.75,556.25,556.55,2365,
2016-11-11 11:07:00+05:30,556.55,556.95,556.55,556.8,961,
2016-11-11 11:08:00+05:30,556.8,557,556.7,557,941,
2016-11-11 11:09:00+05:30,557,557.85,557,557.3,399,
2016-11-11 11:10:00+05:30,557.3,557.65,557.3,557.35,232,
2016-11-11 11:11:00+05:30,557.25,557.25,556.2,556.25,1519,
2016-11-11 11:12:00+05:30,556.5,557.25,556.5,557.25,1167,
2016-11-11 11:13:00+05:30,557.25,557.4,557.25,557.35,68,
2016-11-11 11:14:00+05:30,557.35,557.35,556.05,556.05,1667,
2016-11-11 11:15:00+05:30,556,556.6,556,556.2,857,
2016-11-11 11:16:00+05:30,556.2,557.2,556.2,556.4,1639,
2016-11-11 11:17:00+05:30,556.4,557.05,556.4,556.95,1303,
2016-11-11 11:18:00+05:30,556.95,556.95,556.25,556.25,161,
2016-11-11 11:19:00+05:30,556.25,556.5,556,556.3,757,
2016-11-11 11:20:00+05:30,556.3,557.2,556.3,557.2,835,
2016-11-11 11:21:00+05:30,557.2,557.2,557,557,908,
2016-11-11 11:22:00+05:30,557,558.05,557,558.05,1173,
2016-11-11 11:23:00+05:30,558.15,558.55,558.15,558.3,1828,
2016-11-11 11:24:00+05:30,558.35,558.5,558.3,558.5,213,
2016-11-11 11:25:00+05:30,558.5,558.55,557.7,558.55,1637,
2016-11-11 11:26:00+05:30,558.55,558.55,558,558.25,149,
2016-11-11 11:27:00+05:30,558.35,558.7,558.25,558.7,909,
2016-11-11 11:28:00+05:30,558.7,559,558.7,558.85,1120,
2016-11-11 11:29:00+05:30,558.85,559,558.65,559,1048,
2016-11-11 11:30:00+05:30,558.95,559.5,558.95,559.25,3446,
2016-11-11 11:31:00+05:30,559.25,559.4,558.75,558.75,373,
2016-11-11 11:32:00+05:30,558.75,559,558.5,558.5,1585,
2016-11-11 11:33:00+05:30,558.65,558.65,558.25,558.25,138,
2016-11-11 11:34:00+05:30,558.25,558.25,557.7,557.75,627,
2016-11-11 11:35:00+05:30,557.65,557.95,557.65,557.85,1838,
2016-11-11 11:36:00+05:30,557.75,557.75,557.6,557.6,632,
2016-11-11 11:37:00+05:30,557.6,558.25,557.6,558.25,937,
2016-11-11 11:38:00+05:30,558.25,558.25,557.65,557.7,635,
2016-11-11 11:39:00+05:30,557.7,557.85,557.6,557.6,213,
2016-11-11 11:40:00+05:30,557.6,558,557.45,558,307,
2016-11-11 11:41:00+05:30,558,558,557.65,557.8,6119,
2016-11-11 11:42:00+05:30,557.8,558.2,557.5,557.65,3219,
2016-11-11 11:43:00+05:30,557.65,557.65,557.05,557.45,699,
2016-11-11 11:44:00+05:30,557.45,557.45,557.45,557.45,88,
2016-11-11 11:45:00+05:30,557.7,557.75,557.1,557.2,451,
2016-11-11 11:46:00+05:30,557.35,557.65,557.35,557.65,149,
2016-11-11 11:47:00+05:30,557.65,557.85,557.55,557.55,141,
2016-11-11 11:48:00+05:30,557.55,557.85,557.5,557.85,146,
2016-11-11 11:49:00+05:30,557.85,557.85,557.75,557.85,43,
2016-11-11 11:50:00+05:30,557.7,557.9,557.55,557.9,449,
2016-11-11 11:51:00+05:30,557.85,557.9,557.55,557.55,121,
2016-11-11 11:52:00+05:30,557.8,557.9,557.55,557.9,284,
2016-11-11 11:53:00+05:30,557.9,557.9,557.05,557.05,1548,
2016-11-11 11:54:00+05:30,557.6,557.65,557.3,557.6,369,
2016-11-11 11:55:00+05:30,557.55,557.55,557.3,557.55,251,
2016-11-11 11:56:00+05:30,557.55,557.6,557.35,557.45,249,
2016-11-11 11:57:00+05:30,557.45,557.5,557.05,557.5,1017,
2016-11-11 11:58:00+05:30,557.5,557.5,557.3,557.35,438,
2016-11-11 11:59:00+05:30,557.35,557.8,557,557,241,
2016-11-11 12:00:00+05:30,557.05,557.4,557.05,557.4,276,
2016-11-11 12:01:00+05:30,557.45,557.45,557.15,557.15,236,
2016-11-11 12:02:00+05:30,557.45,557.45,557.15,557.2,152,
2016-11-11 12:03:00+05:30,557.2,557.2,556.7,556.95,11571,
2016-11-11 12:04:00+05:30,556.95,557.4,556.6,556.9,854,
2016-11-11 12:05:00+05:30,556.9,557.05,556.5,556.7,1152,
2016-11-11 12:06:00+05:30,556.7,556.95,556.5,556.65,341,
2016-11-11 12:07:00+05:30,556.7,556.7,555.15,555.55,4750,
2016-11-11 12:08:00+05:30,555.6,555.6,554.5,554.55,5279,
2016-11-11 12:09:00+05:30,554.55,555.15,554.55,555.15,701,
2016-11-11 12:10:00+05:30,555.15,555.4,555.05,555.3,263,
2016-11-11 12:11:00+05:30,555,555.55,555,555.55,364,
2016-11-11 12:12:00+05:30,555.55,555.6,555.25,555.6,234,
2016-11-11 12:13:00+05:30,555.75,555.75,555.75,555.75,110,
2016-11-11 12:14:00+05:30,555.8,555.8,555.25,555.3,1519,
2016-11-11 12:15:00+05:30,555.35,556.2,555.2,556.2,1720,
2016-11-11 12:16:00+05:30,556.15,556.7,556.15,556.2,132,
2016-11-11 12:17:00+05:30,556.3,556.35,556.3,556.3,246,
2016-11-11 12:18:00+05:30,556.3,556.35,556.15,556.35,487,
2016-11-11 12:19:00+05:30,556.35,556.6,556.15,556.3,885,
2016-11-11 12:20:00+05:30,556.3,556.6,556.3,556.4,182,
2016-11-11 12:21:00+05:30,556.4,556.4,556.2,556.3,333,
2016-11-11 12:22:00+05:30,556.5,556.5,556.25,556.25,218,
2016-11-11 12:23:00+05:30,556.25,556.5,556.25,556.35,154,
2016-11-11 12:24:00+05:30,556.35,556.35,555.6,555.6,3128,
2016-11-11 12:25:00+05:30,555.6,556,555.55,555.95,222,
2016-11-11 12:26:00+05:30,555.55,556.2,555.55,556.2,686,
2016-11-11 12:27:00+05:30,555.95,556,555.85,555.95,161,
2016-11-11 12:28:00+05:30,555.95,555.95,555.5,555.85,339,
2016-11-11 12:29:00+05:30,555.85,555.85,555.55,555.6,204,
2016-11-11 12:30:00+05:30,555.6,555.6,554.75,554.75,3589,
2016-11-11 12:31:00+05:30,554.75,555.4,554.75,555.4,1179,
2016-11-11 12:32:00+05:30,555.4,555.75,555.35,555.75,613,
2016-11-11 12:33:00+05:30,555.75,556,555.75,556,521,
2016-11-11 12:34:00+05:30,556,556,555.35,555.35,127,
2016-11-11 12:35:00+05:30,555.35,556,555.35,556,509,
2016-11-11 12:36:00+05:30,556,556.5,555.95,556.4,1948,
2016-11-11 12:37:00+05:30,556.4,556.8,556.15,556.6,513,
2016-11-11 12:38:00+05:30,556.8,557.2,556.8,557,1074,
2016-11-11 12:39:00+05:30,557,557,556.15,557,2820,
2016-11-11 12:40:00+05:30,557,557.05,556.3,556.7,1527,
2016-11-11 12:41:00+05:30,556.7,557.2,556.1,556.5,4464,
2016-11-11 12:42:00+05:30,556.5,556.6,556,556,1754,
2016-11-11 12:43:00+05:30,556,556.35,556,556.05,1333,
2016-11-11 12:44:00+05:30,556.35,556.35,556.1,556.1,147,
2016-11-11 12:45:00+05:30,556.35,556.35,555.45,555.45,9774,
2016-11-11 12:46:00+05:30,555.45,555.45,554.95,555.1,110,
2016-11-11 12:47:00+05:30,555.1,555.1,554.55,554.85,387,
2016-11-11 12:48:00+05:30,554.85,554.85,554.5,554.6,1296,
2016-11-11 12:49:00+05:30,554.9,555.4,554.55,554.6,1316,
2016-11-11 12:50:00+05:30,554.6,554.8,554.05,554.05,1319,
2016-11-11 12:51:00+05:30,554.05,554.65,554.05,554.15,1108,
2016-11-11 12:52:00+05:30,554.15,554.85,554.15,554.85,300,
2016-11-11 12:53:00+05:30,554.85,554.85,554.45,554.45,1309,
2016-11-11 12:54:00+05:30,554.6,554.65,554.3,554.3,1077,
2016-11-11 12:55:00+05:30,554.2,554.3,554,554,2157,
2016-11-11 12:56:00+05:30,553.3,553.6,551.8,551.95,8387,
2016-11-11 12:57:00+05:30,551.8,551.95,551,551.5,11806,
2016-11-11 12:58:00+05:30,551.5,552.8,551.45,552.8,4722,
2016-11-11 12:59:00+05:30,552.55,553.15,552.55,552.85,2930,
2016-11-11 13:00:00+05:30,553.15,553.15,552.25,552.75,2214,
2016-11-11 13:01:00+05:30,552.25,553.25,552.2,553.25,3251,
2016-11-11 13:02:00+05:30,553.25,553.3,552.2,552.25,1276,
2016-11-11 13:03:00+05:30,552.25,552.35,551.65,551.65,2927,
2016-11-11 13:04:00+05:30,551.6,552.55,551.6,552.55,3056,
2016-11-11 13:05:00+05:30,552.55,552.55,550.3,550.3,4172,
2016-11-11 13:06:00+05:30,550.3,550.75,550.3,550.45,1840,
2016-11-11 13:07:00+05:30,550.45,550.9,550.4,550.45,1286,
2016-11-11 13:08:00+05:30,550.45,551.4,550.45,551.4,1564,
2016-11-11 13:09:00+05:30,551.4,552.1,551.3,552.1,2107,
2016-11-11 13:10:00+05:30,552.1,552.6,551.25,552.4,4352,
2016-11-11 13:11:00+05:30,552.4,553.7,552.4,552.65,4189,
2016-11-11 13:12:00+05:30,552.6,553.3,552.6,552.65,6657,
2016-11-11 13:13:00+05:30,552.65,553.55,552.65,553.55,1259,
2016-11-11 13:14:00+05:30,553.55,553.75,553.35,553.75,1310,
2016-11-11 13:15:00+05:30,553.75,553.75,552.6,553.3,2447,
2016-11-11 13:16:00+05:30,552.95,553.05,551.95,552.2,2449,
2016-11-11 13:17:00+05:30,552.2,552.4,551.95,552,582,
2016-11-11 13:18:00+05:30,552,552.25,551.9,552.25,1342,
2016-11-11 13:19:00+05:30,552.2,553.25,552,552,1459,
2016-11-11 13:20:00+05:30,552,552.15,551.9,552.15,1526,
2016-11-11 13:21:00+05:30,552.1,552.5,552,552.15,1572,
2016-11-11 13:22:00+05:30,552.05,552.25,552,552.25,1293,
2016-11-11 13:23:00+05:30,552,552.9,552,552.15,1000,
2016-11-11 13:24:00+05:30,552.1,552.15,551.9,552.1,547,
2016-11-11 13:25:00+05:30,552.05,552.1,551.9,552,807,
2016-11-11 13:26:00+05:30,552.05,552.4,552.05,552.4,1688,
2016-11-11 13:27:00+05:30,552.4,552.4,552,552.05,1256,
2016-11-11 13:28:00+05:30,552.25,552.25,551.9,551.9,2037,
2016-11-11 13:29:00+05:30,551.9,552.15,551.9,552.15,1246,
2016-11-11 13:30:00+05:30,552.05,552.65,552.05,552.65,1244,
2016-11-11 13:31:00+05:30,552.55,552.8,552.05,552.5,1444,
2016-11-11 13:32:00+05:30,552.35,552.55,552.25,552.35,2174,
2016-11-11 13:33:00+05:30,552.55,553.7,552.25,553.1,3967,
2016-11-11 13:34:00+05:30,553.1,553.5,553.05,553.25,919,
2016-11-11 13:35:00+05:30,553.25,553.5,553.1,553.1,1167,
2016-11-11 13:36:00+05:30,553.15,554.25,553.15,553.55,4889,
2016-11-11 13:37:00+05:30,553.5,554.15,553.25,553.6,4985,
2016-11-11 13:38:00+05:30,553.65,553.65,553,553.25,1552,
2016-11-11 13:39:00+05:30,553.25,553.6,553,553,854,
2016-11-11 13:40:00+05:30,553.25,553.7,553,553,1271,
2016-11-11 13:41:00+05:30,553.1,553.3,553.05,553.05,962,
2016-11-11 13:42:00+05:30,553.05,553.35,553,553.05,2260,
2016-11-11 13:43:00+05:30,553,553.2,553,553.15,6843,
2016-11-11 13:44:00+05:30,553.45,553.45,553.1,553.1,998,
2016-11-11 13:45:00+05:30,553.1,553.25,553,553,1431,
2016-11-11 13:46:00+05:30,553,553.05,552.4,552.4,2729,
2016-11-11 13:47:00+05:30,552.75,553.15,552.05,552.05,2973,
2016-11-11 13:48:00+05:30,552.05,552.45,551.65,551.65,1192,
2016-11-11 13:49:00+05:30,551.65,551.85,551.4,551.45,2085,
2016-11-11 13:50:00+05:30,551.45,551.85,551.2,551.25,1666,
2016-11-11 13:51:00+05:30,551.25,551.55,551.2,551.2,672,
2016-11-11 13:52:00+05:30,551.2,551.5,551.15,551.15,522,
2016-11-11 13:53:00+05:30,551.15,551.35,551,551.25,1230,
2016-11-11 13:54:00+05:30,551.25,551.25,551.05,551.05,482,
2016-11-11 13:55:00+05:30,551.05,551.4,550.6,551.15,2872,
2016-11-11 13:56:00+05:30,551.15,551.15,550.55,550.65,1014,
2016-11-11 13:57:00+05:30,550.95,552.6,550.95,552.5,3782,
2016-11-11 13:58:00+05:30,552.6,552.6,552.05,552.45,1797,
2016-11-11 13:59:00+05:30,552.45,552.45,551.5,552.05,633,
2016-11-11 14:00:00+05:30,552.05,552.05,552,552.05,1382,
2016-11-11 14:01:00+05:30,552.05,552.15,552,552,531,
2016-11-11 14:02:00+05:30,552,552.1,551.5,551.5,839,
2016-11-11 14:03:00+05:30,551.65,551.65,551.2,551.45,1938,
2016-11-11 14:04:00+05:30,551.45,551.45,551.15,551.45,349,
2016-11-11 14:05:00+05:30,551.45,551.45,551.2,551.2,1592,
2016-11-11 14:06:00+05:30,551.55,551.7,551.25,551.25,310,
2016-11-11 14:07:00+05:30,551.7,551.75,551.65,551.75,561,
2016-11-11 14:08:00+05:30,551.7,551.7,551.15,551.6,451,
2016-11-11 14:09:00+05:30,551.6,551.6,551.4,551.45,651,
2016-11-11 14:10:00+05:30,551.45,551.45,551.25,551.45,203,
2016-11-11 14:11:00+05:30,551.45,551.85,551.4,551.65,986,
2016-11-11 14:12:00+05:30,551.65,551.65,551.55,551.55,218,
2016-11-11 14:13:00+05:30,551.65,551.65,551.35,551.65,881,
2016-11-11 14:14:00+05:30,551.65,551.95,551.6,551.85,1614,
2016-11-11 14:15:00+05:30,551.85,551.85,551.25,551.25,352,
2016-11-11 14:16:00+05:30,551.25,551.75,551.25,551.75,1978,
2016-11-11 14:17:00+05:30,551.75,551.75,551.15,551.45,1550,
2016-11-11 14:18:00+05:30,551.45,551.7,551.2,551.2,865,
2016-11-11 14:19:00+05:30,551.4,551.55,551.35,551.35,1039,
2016-11-11 14:20:00+05:30,551.35,551.8,551.1,551.35,2841,
2016-11-11 14:21:00+05:30,551.65,551.65,551.3,551.5,929,
2016-11-11 14:22:00+05:30,551.5,551.65,551.25,551.65,1046,
2016-11-11 14:23:00+05:30,551.65,551.65,550.8,550.9,4135,
2016-11-11 14:24:00+05:30,550.9,551.1,550.5,550.7,1409,
2016-11-11 14:25:00+05:30,550.7,550.9,550.5,550.5,1800,
2016-11-11 14:26:00+05:30,550.55,550.55,550,550,7831,
2016-11-11 14:27:00+05:30,550,550,549.15,549.55,3100,
2016-11-11 14:28:00+05:30,549.6,549.6,548.95,548.95,3897,
2016-11-11 14:29:00+05:30,548.95,549.45,548.5,549.45,2344,
2016-11-11 14:30:00+05:30,549.6,550.55,549.4,549.8,2787,
2016-11-11 14:31:00+05:30,549.8,550.2,549.7,550.1,1426,
2016-11-11 14:32:00+05:30,550.1,550.4,549.5,549.5,2507,
2016-11-11 14:33:00+05:30,549.75,550.2,549.6,550.2,1463,
2016-11-11 14:34:00+05:30,550.2,550.5,550.15,550.4,1355,
2016-11-11 14:35:00+05:30,550.4,550.4,549.65,549.8,1446,
2016-11-11 14:36:00+05:30,549.75,550.45,549,550.45,10396,
2016-11-11 14:37:00+05:30,550.45,550.8,550.35,550.8,3737,
2016-11-11 14:38:00+05:30,550.8,550.85,550.5,550.6,5943,
2016-11-11 14:39:00+05:30,550.6,550.6,549.8,550,10548,
2016-11-11 14:40:00+05:30,550,550.5,549.8,550.5,1458,
2016-11-11 14:41:00+05:30,550.5,550.8,550.05,550.55,2621,
2016-11-11 14:42:00+05:30,550.55,550.6,550.15,550.6,2461,
2016-11-11 14:43:00+05:30,550.5,551.35,550.45,551.3,3262,
2016-11-11 14:44:00+05:30,551.3,551.75,550.05,550.9,12882,
2016-11-11 14:45:00+05:30,550.9,551.5,550.85,551.35,4570,
2016-11-11 14:46:00+05:30,551.25,552.15,550.8,552.15,4609,
2016-11-11 14:47:00+05:30,552.15,552.9,552.05,552.85,3619,
2016-11-11 14:48:00+05:30,552.85,553.4,552.4,552.65,1489,
2016-11-11 14:49:00+05:30,552.7,552.95,552.1,552.7,5104,
2016-11-11 14:50:00+05:30,552.7,552.7,551.95,552.1,1863,
2016-11-11 14:51:00+05:30,552.1,552.75,551.85,552.65,2136,
2016-11-11 14:52:00+05:30,552.6,552.6,552,552.3,853,
2016-11-11 14:53:00+05:30,552.3,552.35,552,552.35,2250,
2016-11-11 14:54:00+05:30,552.35,552.35,552,552.05,1902,
2016-11-11 14:55:00+05:30,552.05,552.25,552,552,1163,
2016-11-11 14:56:00+05:30,551.9,552.45,551.9,552.1,1810,
2016-11-11 14:57:00+05:30,552.1,552.35,551.6,552.05,2867,
2016-11-11 14:58:00+05:30,551.95,552,551.5,551.5,1962,
2016-11-11 14:59:00+05:30,551.4,551.4,550.3,551.35,6001,
2016-11-11 15:00:00+05:30,551.35,551.4,550.6,550.7,3646,
2016-11-11 15:01:00+05:30,550.7,550.7,550.3,550.35,6785,
2016-11-11 15:02:00+05:30,550.35,551.05,549.9,550.6,14726,
2016-11-11 15:03:00+05:30,550.75,550.85,549.65,550,4346,
2016-11-11 15:04:00+05:30,550,550,548.55,549.55,7108,
2016-11-11 15:05:00+05:30,549.55,549.65,548.55,548.8,5275,
2016-11-11 15:06:00+05:30,548.8,550,548.65,550,4684,
2016-11-11 15:07:00+05:30,550,550,548.7,548.85,4511,
2016-11-11 15:08:00+05:30,548.85,549.5,548.65,549.5,4317,
2016-11-11 15:09:00+05:30,549.5,549.5,548.75,549.15,2402,
2016-11-11 15:10:00+05:30,549.15,549.5,548.7,548.75,2351,
2016-11-11 15:11:00+05:30,548.75,549.75,548.65,549.75,4020,
2016-11-11 15:12:00+05:30,549.75,549.75,548.5,548.5,6980,
2016-11-11 15:13:00+05:30,548.8,548.85,548.4,548.55,10879,
2016-11-11 15:14:00+05:30,548.65,549,548,548.5,15795,
2016-11-11 15:15:00+05:30,548.5,548.5,548,548.35,17383,
2016-11-11 15:16:00+05:30,548.35,548.35,546.85,546.9,20849,
2016-11-11 15:17:00+05:30,547.55,548,547.05,547.85,11298,
2016-11-11 15:18:00+05:30,547.85,548.8,547.5,548.8,17949,
2016-11-11 15:19:00+05:30,548.9,550.55,548.55,550.55,12443,
2016-11-11 15:20:00+05:30,550.55,550.55,548.5,548.8,13606,
2016-11-11 15:21:00+05:30,548.8,549.2,548,548.6,15748,
2016-11-11 15:22:00+05:30,548.6,548.6,546.7,546.7,17445,
2016-11-11 15:23:00+05:30,546.5,547.05,545.5,546.55,17966,
2016-11-11 15:24:00+05:30,546.55,546.9,546.1,546.9,21366,
2016-11-11 15:25:00+05:30,546.4,546.8,545.65,546.35,17634,
2016-11-11 15:26:00+05:30,546.35,547.45,545.25,547.45,25368,
2016-11-11 15:27:00+05:30,547.4,548.15,547,548.05,18606,
2016-11-11 15:28:00+05:30,548.4,549.25,548.1,548.95,3991,
2016-11-11 15:29:00+05:30,548.4,549,546.35,547.25,8111,
2016-11-15 09:15:00+05:30,547.6,547.85,538.35,539.6,31210,
2016-11-15 09:16:00+05:30,539.15,541,538.85,538.85,32565,
2016-11-15 09:17:00+05:30,538.9,542.65,535,535,25663,
2016-11-15 09:18:00+05:30,535.2,537.45,534.15,535.45,13875,
2016-11-15 09:19:00+05:30,535.65,536.7,533.65,533.85,9694,
2016-11-15 09:20:00+05:30,533.85,534,530.75,532.4,12444,
2016-11-15 09:21:00+05:30,532.45,535.65,532.45,535.55,12618,
2016-11-15 09:22:00+05:30,535.45,535.45,533.65,535.35,7296,
2016-11-15 09:23:00+05:30,535.1,535.2,532.35,532.7,4508,
2016-11-15 09:24:00+05:30,532.7,534,532.25,533.8,9488,
2016-11-15 09:25:00+05:30,533.8,535.1,533.55,535.1,2090,
2016-11-15 09:26:00+05:30,535.1,535.15,532.8,534,8029,
2016-11-15 09:27:00+05:30,534,535.4,533.9,535,1888,
2016-11-15 09:28:00+05:30,534.55,536.3,534.55,536.3,5823,
2016-11-15 09:29:00+05:30,536,538,536,537.2,3940,
2016-11-15 09:30:00+05:30,537.05,537.45,536.5,536.95,4622,
2016-11-15 09:31:00+05:30,536.95,537,536.5,536.55,1517,
2016-11-15 09:32:00+05:30,536.55,536.95,535.65,535.65,1750,
2016-11-15 09:33:00+05:30,535.65,537.3,535.25,537.3,4653,
2016-11-15 09:34:00+05:30,537.35,537.95,537.3,537.7,2285,
2016-11-15 09:35:00+05:30,537.7,537.8,535.75,535.8,4443,
2016-11-15 09:36:00+05:30,535.75,536.95,535.75,535.9,5055,
2016-11-15 09:37:00+05:30,536.2,536.4,535.95,536.2,1457,
2016-11-15 09:38:00+05:30,536.2,536.2,535.8,535.8,965,
2016-11-15 09:39:00+05:30,535.75,535.75,534.5,534.6,2777,
2016-11-15 09:40:00+05:30,534.3,536.1,534.05,535.95,3422,
2016-11-15 09:41:00+05:30,535.85,535.95,535.35,535.75,2625,
2016-11-15 09:42:00+05:30,535.6,537.2,535.6,536.2,6511,
2016-11-15 09:43:00+05:30,536.15,536.15,535.2,535.95,2836,
2016-11-15 09:44:00+05:30,535.95,536.45,535.9,535.9,2600,
2016-11-15 09:45:00+05:30,535.35,535.45,534.5,534.55,6266,
2016-11-15 09:46:00+05:30,534.55,534.9,533.25,533.3,8521,
2016-11-15 09:47:00+05:30,533.25,533.25,532.25,532.3,3267,
2016-11-15 09:48:00+05:30,532.5,533.1,531.3,531.35,6127,
2016-11-15 09:49:00+05:30,531.45,531.45,528.6,528.8,23232,
2016-11-15 09:50:00+05:30,528.8,530.95,528.65,530.85,11612,
2016-11-15 09:51:00+05:30,530.6,531.55,530.3,531.55,1620,
2016-11-15 09:52:00+05:30,530.95,532,530.95,531.65,2666,
2016-11-15 09:53:00+05:30,531.3,531.6,531,531,1781,
2016-11-15 09:54:00+05:30,530.85,531,530.05,530.35,1874,
2016-11-15 09:55:00+05:30,530.35,532.15,530.35,532.15,1444,
2016-11-15 09:56:00+05:30,532.15,533.35,532.05,532.4,1602,
2016-11-15 09:57:00+05:30,532.4,533,532,532.85,2168,
2016-11-15 09:58:00+05:30,532.85,534.6,532.85,534.6,9010,
2016-11-15 09:59:00+05:30,534.3,534.5,533.5,533.5,1674,
2016-11-15 10:00:00+05:30,533.5,534,533.2,533.2,3372,
2016-11-15 10:01:00+05:30,533.2,533.6,533.05,533.5,1946,
2016-11-15 10:02:00+05:30,533.5,534.6,533.1,534.25,4706,
2016-11-15 10:03:00+05:30,534.55,534.75,534.3,534.75,843,
2016-11-15 10:04:00+05:30,534.5,534.9,534.35,534.35,1549,
2016-11-15 10:05:00+05:30,534.35,534.4,533.55,533.55,2114,
2016-11-15 10:06:00+05:30,533.55,533.55,533,533,846,
2016-11-15 10:07:00+05:30,533.15,533.7,533,533.2,1844,
2016-11-15 10:08:00+05:30,533.2,534.7,533.15,533.7,15118,
2016-11-15 10:09:00+05:30,533.7,533.95,533,533.25,6586,
2016-11-15 10:10:00+05:30,533,533.2,531.55,531.6,2235,
2016-11-15 10:11:00+05:30,531.55,532,531.45,531.7,1309,
2016-11-15 10:12:00+05:30,532,532.55,531.7,531.7,1032,
2016-11-15 10:13:00+05:30,532,532,530.9,530.9,2567,
2016-11-15 10:14:00+05:30,532,532.6,531.65,532.05,5435,
2016-11-15 10:15:00+05:30,532,532.4,531.6,532.05,5161,
2016-11-15 10:16:00+05:30,532.05,532.1,531.65,531.85,1988,
2016-11-15 10:17:00+05:30,531.85,533.15,531.85,532.6,2707,
2016-11-15 10:18:00+05:30,532.6,533.15,532.05,532.2,1328,
2016-11-15 10:19:00+05:30,532.1,532.95,532.1,532.55,1019,
2016-11-15 10:20:00+05:30,532.55,533,532.55,533,434,
2016-11-15 10:21:00+05:30,532.95,533.7,532.75,533.7,1255,
2016-11-15 10:22:00+05:30,533.35,533.9,532.55,532.55,706,
2016-11-15 10:23:00+05:30,532.55,532.9,532.1,532.6,1002,
2016-11-15 10:24:00+05:30,532.6,533.95,532.6,533.95,1726,
2016-11-15 10:25:00+05:30,533.95,534.75,533.95,534.65,1275,
2016-11-15 10:26:00+05:30,534.45,534.65,533.7,533.8,949,
2016-11-15 10:27:00+05:30,533.75,534.7,533.1,534.6,1411,
2016-11-15 10:28:00+05:30,534.7,534.7,533.7,534.55,1699,
2016-11-15 10:29:00+05:30,534.55,535,534.55,534.65,1732,
2016-11-15 10:30:00+05:30,534.6,535,534.6,535,1724,
2016-11-15 10:31:00+05:30,535,535.7,535,535.45,3501,
2016-11-15 10:32:00+05:30,535.45,536.85,535.45,536.8,5829,
2016-11-15 10:33:00+05:30,536.5,536.95,536.5,536.85,2269,
2016-11-15 10:34:00+05:30,536.95,539,536.95,538.8,7478,
2016-11-15 10:35:00+05:30,538.95,539.25,538.8,539,1967,
2016-11-15 10:36:00+05:30,539.2,539.9,539,539.6,2392,
2016-11-15 10:37:00+05:30,539.9,539.9,539.3,539.6,1880,
2016-11-15 10:38:00+05:30,539.4,539.9,539.3,539.85,1209,
2016-11-15 10:39:00+05:30,539.6,539.9,539.6,539.65,731,
2016-11-15 10:40:00+05:30,539.55,539.95,539.55,539.65,1676,
2016-11-15 10:41:00+05:30,539.65,539.8,538.8,539.3,2379,
2016-11-15 10:42:00+05:30,539,539,538.3,538.45,777,
2016-11-15 10:43:00+05:30,538.45,538.45,538.1,538.1,1119,
2016-11-15 10:44:00+05:30,538.1,538.25,537.65,537.65,1195,
2016-11-15 10:45:00+05:30,537.3,537.55,537.15,537.2,807,
2016-11-15 10:46:00+05:30,537.1,538.1,537.1,537.7,1149,
2016-11-15 10:47:00+05:30,537.7,537.95,537.2,537.2,698,
2016-11-15 10:48:00+05:30,537.2,537.65,537.05,537.2,601,
2016-11-15 10:49:00+05:30,537.45,538.2,537.2,537.95,827,
2016-11-15 10:50:00+05:30,537.95,539.8,537.95,539.8,3911,
2016-11-15 10:51:00+05:30,539.6,541.15,539.6,541.15,4278,
2016-11-15 10:52:00+05:30,541.15,542.45,541.15,541.95,2620,
2016-11-15 10:53:00+05:30,541.85,541.95,540.55,540.55,2579,
2016-11-15 10:54:00+05:30,540.45,540.8,540.1,540.45,3040,
2016-11-15 10:55:00+05:30,540.35,541,539.55,540.55,6334,
2016-11-15 10:56:00+05:30,540.55,541.35,540.4,541,6139,
2016-11-15 10:57:00+05:30,540.75,540.85,539.9,540.2,6694,
2016-11-15 10:58:00+05:30,540.1,540.45,539.9,540.15,648,
2016-11-15 10:59:00+05:30,540.15,540.2,539.3,539.75,2040,
2016-11-15 11:00:00+05:30,539.75,540.1,539.35,539.35,1001,
2016-11-15 11:01:00+05:30,539.35,540,539.35,539.9,604,
2016-11-15 11:02:00+05:30,539.9,540.8,539.9,540.45,768,
2016-11-15 11:03:00+05:30,540.45,540.95,539.9,540.2,746,
2016-11-15 11:04:00+05:30,540.1,541,539.95,540.6,608,
2016-11-15 11:05:00+05:30,540.6,541,540.6,540.8,720,
2016-11-15 11:06:00+05:30,540.95,541,540.65,541,442,
2016-11-15 11:07:00+05:30,540.75,541,540,540.15,801,
2016-11-15 11:08:00+05:30,540,540.85,539.95,540.5,573,
2016-11-15 11:09:00+05:30,540.5,541.15,540.5,540.85,871,
2016-11-15 11:10:00+05:30,540.65,540.85,540,540.1,785,
2016-11-15 11:11:00+05:30,539.85,540,539.8,539.8,502,
2016-11-15 11:12:00+05:30,540,540,539.6,539.85,643,
2016-11-15 11:13:00+05:30,539.8,539.85,539.5,539.55,699,
2016-11-15 11:14:00+05:30,539.55,539.6,538.7,538.7,2159,
2016-11-15 11:15:00+05:30,538.7,538.95,537.4,537.65,1069,
2016-11-15 11:16:00+05:30,537.15,538.15,537.15,537.4,1962,
2016-11-15 11:17:00+05:30,537.15,537.6,536.95,537.15,1686,
2016-11-15 11:18:00+05:30,537.15,538.2,537.15,537.75,3377,
2016-11-15 11:19:00+05:30,537.8,537.8,536.65,536.65,834,
2016-11-15 11:20:00+05:30,536.65,537.7,536.65,537.35,603,
2016-11-15 11:21:00+05:30,537.35,538.4,537.35,538.35,527,
2016-11-15 11:22:00+05:30,538.35,538.85,538.35,538.65,592,
2016-11-15 11:23:00+05:30,538.45,538.95,538.45,538.5,745,
2016-11-15 11:24:00+05:30,538.25,538.45,537.1,537.65,1115,
2016-11-15 11:25:00+05:30,537.65,537.9,537.3,537.6,617,
2016-11-15 11:26:00+05:30,537.6,538,537.6,537.65,808,
2016-11-15 11:27:00+05:30,537.7,538.05,536.85,536.85,1758,
2016-11-15 11:28:00+05:30,536.6,536.6,534.75,534.9,4708,
2016-11-15 11:29:00+05:30,534.85,535.7,534.85,535.1,4307,
2016-11-15 11:30:00+05:30,535.1,535.45,533.45,533.65,7337,
2016-11-15 11:31:00+05:30,533.45,534.1,533.35,533.85,3476,
2016-11-15 11:32:00+05:30,533.35,534,532.8,532.8,4932,
2016-11-15 11:33:00+05:30,532.8,533.65,532.6,533.65,2097,
2016-11-15 11:34:00+05:30,533.55,535.35,533.55,534.65,3023,
2016-11-15 11:35:00+05:30,534.7,536.05,534.7,536,2823,
2016-11-15 11:36:00+05:30,535.7,536,535.5,535.5,581,
2016-11-15 11:37:00+05:30,535.25,535.25,533.45,534.25,2613,
2016-11-15 11:38:00+05:30,534.15,535.8,534.15,535.8,3562,
2016-11-15 11:39:00+05:30,535.85,536.7,535.85,536.35,2768,
2016-11-15 11:40:00+05:30,536.3,537,536.3,536.8,2750,
2016-11-15 11:41:00+05:30,536.8,537.45,536.65,537.35,2863,
2016-11-15 11:42:00+05:30,537.35,540.2,537.1,539.8,3879,
2016-11-15 11:43:00+05:30,540.2,540.2,538.35,538.45,4630,
2016-11-15 11:44:00+05:30,538.45,541.65,538.45,541.65,3487,
2016-11-15 11:45:00+05:30,541.45,542,540.75,540.9,6604,
2016-11-15 11:46:00+05:30,540.7,541.6,540.55,541.3,1750,
2016-11-15 11:47:00+05:30,541.3,541.7,541.3,541.4,1232,
2016-11-15 11:48:00+05:30,542,544,541.6,543.65,6623,
2016-11-15 11:49:00+05:30,543.65,543.95,541.4,543,5559,
2016-11-15 11:50:00+05:30,543,543.45,542.2,542.2,2383,
2016-11-15 11:51:00+05:30,542.2,542.45,541.35,541.35,4126,
2016-11-15 11:52:00+05:30,541.35,543.4,541.35,542.1,4484,
2016-11-15 11:53:00+05:30,542.1,542.5,541.1,542.05,4017,
2016-11-15 11:54:00+05:30,542.3,542.95,542.05,542.1,2441,
2016-11-15 11:55:00+05:30,542.4,544,541.9,543.1,7555,
2016-11-15 11:56:00+05:30,543.1,544,543,543,4183,
2016-11-15 11:57:00+05:30,543,543.4,542.6,543.05,3333,
2016-11-15 11:58:00+05:30,543.05,543.2,542.8,542.85,1691,
2016-11-15 11:59:00+05:30,542.8,544.6,542.8,544.15,4983,
2016-11-15 12:00:00+05:30,544.35,544.8,544.1,544.6,4492,
2016-11-15 12:01:00+05:30,544.15,544.75,544.15,544.3,3846,
2016-11-15 12:02:00+05:30,544.3,544.7,544.1,544.35,4792,
2016-11-15 12:03:00+05:30,544.15,544.65,543.75,543.75,1419,
2016-11-15 12:04:00+05:30,543.75,545,543.75,544.7,1866,
2016-11-15 12:05:00+05:30,544.7,546,544.7,545.75,6179,
2016-11-15 12:06:00+05:30,545.65,545.9,544.75,545.45,5881,
2016-11-15 12:07:00+05:30,544.85,545.9,544.85,545.9,2558,
2016-11-15 12:08:00+05:30,545.4,545.95,545.1,545.6,6580,
2016-11-15 12:09:00+05:30,545.2,546,545.2,546,1911,
2016-11-15 12:10:00+05:30,545.6,546,545.4,545.7,3348,
2016-11-15 12:11:00+05:30,545.3,546.2,545.3,546,1960,
2016-11-15 12:12:00+05:30,546,546.45,544.9,545.95,2785,
2016-11-15 12:13:00+05:30,545.4,546.5,545.4,546.5,1200,
2016-11-15 12:14:00+05:30,546.5,546.65,546.15,546.5,1481,
2016-11-15 12:15:00+05:30,546.3,546.5,545.7,546.15,3458,
2016-11-15 12:16:00+05:30,546.05,546.35,545.8,546.25,3019,
2016-11-15 12:17:00+05:30,545.9,546.85,545.9,546.3,1414,
2016-11-15 12:18:00+05:30,546.45,546.75,545.85,546.55,1631,
2016-11-15 12:19:00+05:30,546.55,547.4,546.4,547.1,8330,
2016-11-15 12:20:00+05:30,547.2,547.3,546.7,547.1,4037,
2016-11-15 12:21:00+05:30,546.95,547.35,546.55,547,2850,
2016-11-15 12:22:00+05:30,547,547.3,545.8,547,3706,
2016-11-15 12:23:00+05:30,546.8,547.2,545.7,545.8,3829,
2016-11-15 12:24:00+05:30,545.4,545.8,544.35,545.8,3326,
2016-11-15 12:25:00+05:30,545.35,545.85,544.4,545,2408,
2016-11-15 12:26:00+05:30,544.85,545.7,544.85,545.65,1381,
2016-11-15 12:27:00+05:30,545.55,547.3,545.55,547.3,5406,
2016-11-15 12:28:00+05:30,546.95,547.4,546.95,547.4,2367,
2016-11-15 12:29:00+05:30,547.1,547.4,546.95,547,1861,
2016-11-15 12:30:00+05:30,546.95,547,546.35,547,1849,
2016-11-15 12:31:00+05:30,546.65,547,546.65,546.9,1566,
2016-11-15 12:32:00+05:30,546.85,547,546.35,546.35,2658,
2016-11-15 12:33:00+05:30,546.1,547.6,545.85,547.15,17419,
2016-11-15 12:34:00+05:30,546.95,547.15,546.75,546.9,3061,
2016-11-15 12:35:00+05:30,546.6,547,546.5,546.95,2390,
2016-11-15 12:36:00+05:30,546.85,546.95,545.9,546.45,1489,
2016-11-15 12:37:00+05:30,546.3,546.7,545.9,546.5,1637,
2016-11-15 12:38:00+05:30,546.25,547,546.25,546.95,4478,
2016-11-15 12:39:00+05:30,546.65,547.05,546.55,547.05,1896,
2016-11-15 12:40:00+05:30,547,547.05,546.3,547.05,2860,
2016-11-15 12:41:00+05:30,547.05,547.05,546.55,546.8,9097,
2016-11-15 12:42:00+05:30,546.55,547.15,546.55,546.85,2044,
2016-11-15 12:43:00+05:30,547,547,546.35,546.65,2421,
2016-11-15 12:44:00+05:30,546.8,547.25,545.85,547.25,3120,
2016-11-15 12:45:00+05:30,546.85,547.15,546.85,547,1894,
2016-11-15 12:46:00+05:30,547,547,546.75,546.85,2413,
2016-11-15 12:47:00+05:30,546.75,546.75,545.9,546.15,8805,
2016-11-15 12:48:00+05:30,545.6,547,545.6,546.25,3475,
2016-11-15 12:49:00+05:30,546.1,546.7,546.1,546.65,2010,
2016-11-15 12:50:00+05:30,546.4,546.75,546,546,3722,
2016-11-15 12:51:00+05:30,545.95,545.95,545.1,545.1,1825,
2016-11-15 12:52:00+05:30,545.05,545.05,543.85,543.9,4269,
2016-11-15 12:53:00+05:30,543.8,544.5,543.75,544.45,2330,
2016-11-15 12:54:00+05:30,544.1,544.5,544.1,544.5,1240,
2016-11-15 12:55:00+05:30,544.4,545,544.3,544.6,2977,
2016-11-15 12:56:00+05:30,544.6,545.4,544,545.4,1626,
2016-11-15 12:57:00+05:30,545.1,547,545.1,546.8,3606,
2016-11-15 12:58:00+05:30,546.8,546.8,545.6,546.15,3798,
2016-11-15 12:59:00+05:30,546.3,546.6,546.05,546.45,2033,
2016-11-15 13:00:00+05:30,546.45,546.85,546.4,546.85,5111,
2016-11-15 13:01:00+05:30,546.8,547.95,545.55,546.1,18977,
2016-11-15 13:02:00+05:30,545.7,546.8,545.7,546.6,6233,
2016-11-15 13:03:00+05:30,546.6,546.85,546,546.75,3008,
2016-11-15 13:04:00+05:30,546.6,546.85,546.45,546.85,1673,
2016-11-15 13:05:00+05:30,546.55,546.85,546.55,546.85,2659,
2016-11-15 13:06:00+05:30,546.55,546.85,546.4,546.8,2163,
2016-11-15 13:07:00+05:30,546.8,546.8,546.5,546.75,1402,
2016-11-15 13:08:00+05:30,546.55,546.85,546.55,546.8,1617,
2016-11-15 13:09:00+05:30,546.7,546.8,546.05,546.65,2140,
2016-11-15 13:10:00+05:30,546.3,546.85,546.3,546.85,1483,
2016-11-15 13:11:00+05:30,546.85,547.6,546.4,546.4,6468,
2016-11-15 13:12:00+05:30,546.7,546.85,545.9,546.5,2223,
2016-11-15 13:13:00+05:30,546.5,546.85,546.45,546.85,1554,
2016-11-15 13:14:00+05:30,546.85,546.85,546.8,546.85,1590,
2016-11-15 13:15:00+05:30,546.75,546.85,546.3,546.5,3014,
2016-11-15 13:16:00+05:30,546.3,546.8,546,546.75,1534,
2016-11-15 13:17:00+05:30,546.55,546.8,546.15,546.65,1603,
2016-11-15 13:18:00+05:30,546.4,546.85,546.25,546.85,1877,
2016-11-15 13:19:00+05:30,546.85,546.85,546,546.8,3532,
2016-11-15 13:20:00+05:30,546.85,547.3,546.4,546.8,6611,
2016-11-15 13:21:00+05:30,546.8,547.1,546.75,546.8,3698,
2016-11-15 13:22:00+05:30,546.85,546.95,546.7,546.85,1598,
2016-11-15 13:23:00+05:30,546.85,546.85,546.7,546.85,1159,
2016-11-15 13:24:00+05:30,546.75,546.75,546.2,546.4,2388,
2016-11-15 13:25:00+05:30,546.4,547,546.4,547,2816,
2016-11-15 13:26:00+05:30,546.8,546.95,546.8,546.85,1696,
2016-11-15 13:27:00+05:30,546.7,546.85,546.15,546.8,2413,
2016-11-15 13:28:00+05:30,546.7,546.9,546.35,546.85,1491,
2016-11-15 13:29:00+05:30,546.85,546.95,546.8,546.85,2993,
2016-11-15 13:30:00+05:30,546.8,546.95,546.6,546.85,3051,
2016-11-15 13:31:00+05:30,546.8,546.95,546.55,546.85,2001,
2016-11-15 13:32:00+05:30,546.85,546.95,546.4,546.85,1976,
2016-11-15 13:33:00+05:30,546.95,546.95,546.35,546.85,2618,
2016-11-15 13:34:00+05:30,546.8,546.95,546.55,546.6,2055,
2016-11-15 13:35:00+05:30,546.6,546.95,546.3,546.9,2108,
2016-11-15 13:36:00+05:30,546.85,546.95,546.85,546.85,1666,
2016-11-15 13:37:00+05:30,546.8,547.8,546.8,547.65,15616,
2016-11-15 13:38:00+05:30,547.65,549.45,547.4,548.25,8158,
2016-11-15 13:39:00+05:30,548.35,548.9,548.35,548.75,2206,
2016-11-15 13:40:00+05:30,548.6,549.9,548.1,549.7,4936,
2016-11-15 13:41:00+05:30,549.75,550.3,548.6,549.8,18009,
2016-11-15 13:42:00+05:30,549.7,550.5,549.45,550.3,11804,
2016-11-15 13:43:00+05:30,550.3,552.7,550.1,551.95,17127,
2016-11-15 13:44:00+05:30,551.95,551.95,550.85,551.6,6410,
2016-11-15 13:45:00+05:30,551.6,551.65,551,551.05,3919,
2016-11-15 13:46:00+05:30,551,551.4,550.85,551.4,2546,
2016-11-15 13:47:00+05:30,551.4,551.4,550.5,550.8,4685,
2016-11-15 13:48:00+05:30,550.7,550.85,549.9,550.4,3102,
2016-11-15 13:49:00+05:30,550.4,550.4,549.6,549.85,5065,
2016-11-15 13:50:00+05:30,549.4,550.4,549.05,550.4,18058,
2016-11-15 13:51:00+05:30,550.4,551.8,550.4,551.5,5216,
2016-11-15 13:52:00+05:30,551.5,554.85,551.35,554.5,14278,
2016-11-15 13:53:00+05:30,554.8,555.35,553.05,554.5,8812,
2016-11-15 13:54:00+05:30,554.65,554.75,553.15,553.9,6050,
2016-11-15 13:55:00+05:30,553.65,554.3,553.15,553.6,2968,
2016-11-15 13:56:00+05:30,553.55,553.6,552.3,552.85,2229,
2016-11-15 13:57:00+05:30,552.85,553,552.35,552.95,1963,
2016-11-15 13:58:00+05:30,552.95,553.45,552.6,553.4,2426,
2016-11-15 13:59:00+05:30,553.05,553.45,552.8,553.25,2982,
2016-11-15 14:00:00+05:30,553.3,553.3,552.8,552.9,1689,
2016-11-15 14:01:00+05:30,552.9,553.15,552.15,552.5,2959,
2016-11-15 14:02:00+05:30,552.4,553.65,552.4,553.65,4192,
2016-11-15 14:03:00+05:30,553.65,555.9,553.65,554.95,9928,
2016-11-15 14:04:00+05:30,554.65,555.15,554.25,555.15,2009,
2016-11-15 14:05:00+05:30,555.1,555.35,554.85,555.15,4123,
2016-11-15 14:06:00+05:30,554.9,555.35,554.85,555.3,3627,
2016-11-15 14:07:00+05:30,555.1,555.3,552.55,553.3,7580,
2016-11-15 14:08:00+05:30,553.25,554.65,553.05,554.35,1728,
2016-11-15 14:09:00+05:30,554.35,554.55,554.15,554.5,2143,
2016-11-15 14:10:00+05:30,554.5,555.8,554.5,555.6,4044,
2016-11-15 14:11:00+05:30,555.65,555.85,555.55,555.65,2795,
2016-11-15 14:12:00+05:30,555.6,558.2,555.6,558,14704,
2016-11-15 14:13:00+05:30,558.2,561,557.95,560.85,16520,
2016-11-15 14:14:00+05:30,560.85,560.85,559.3,559.6,17177,
2016-11-15 14:15:00+05:30,559.45,559.7,558.4,559.45,4030,
2016-11-15 14:16:00+05:30,559.45,560.55,559.05,559.45,5113,
2016-11-15 14:17:00+05:30,559.05,560,559.05,559.95,4164,
2016-11-15 14:18:00+05:30,559.95,560,559.3,559.4,5238,
2016-11-15 14:19:00+05:30,559.35,559.95,558.95,558.95,3855,
2016-11-15 14:20:00+05:30,558.65,558.95,558,558.4,3753,
2016-11-15 14:21:00+05:30,558.15,558.5,557.85,558.15,1900,
2016-11-15 14:22:00+05:30,558.4,558.5,557.4,557.55,2340,
2016-11-15 14:23:00+05:30,557.4,557.95,556.35,556.7,1432,
2016-11-15 14:24:00+05:30,556.65,557.4,556.25,557.05,9534,
2016-11-15 14:25:00+05:30,557.4,557.4,556.9,557.2,2215,
2016-11-15 14:26:00+05:30,557.15,557.4,556.95,557.2,1888,
2016-11-15 14:27:00+05:30,557.2,557.3,556.8,557.25,8984,
2016-11-15 14:28:00+05:30,557.3,557.6,557.05,557.25,4216,
2016-11-15 14:29:00+05:30,557.6,558.4,557.6,558,2642,
2016-11-15 14:30:00+05:30,558.15,558.65,557.75,558.35,1584,
2016-11-15 14:31:00+05:30,558.5,558.6,557.55,557.55,3920,
2016-11-15 14:32:00+05:30,557.65,557.9,557.35,557.35,952,
2016-11-15 14:33:00+05:30,557.35,557.85,557.15,557.2,2386,
2016-11-15 14:34:00+05:30,557.3,557.3,556.85,556.85,7278,
2016-11-15 14:35:00+05:30,556.95,557,556,556.15,1791,
2016-11-15 14:36:00+05:30,556.1,556.95,556.05,556.6,402,
2016-11-15 14:37:00+05:30,556.35,556.7,554.5,554.5,3545,
2016-11-15 14:38:00+05:30,554.05,554.95,553.45,554,5458,
2016-11-15 14:39:00+05:30,554.1,554.6,553.65,553.9,2596,
2016-11-15 14:40:00+05:30,554.2,554.45,554.05,554.3,730,
2016-11-15 14:41:00+05:30,554.05,554.6,554.05,554.3,2021,
2016-11-15 14:42:00+05:30,554.05,554.05,552.1,552.8,4729,
2016-11-15 14:43:00+05:30,552.5,552.5,551.35,552.45,4883,
2016-11-15 14:44:00+05:30,551.9,552.5,551.9,552.35,1581,
2016-11-15 14:45:00+05:30,552.35,552.65,551.9,552.2,2443,
2016-11-15 14:46:00+05:30,552.25,552.45,551.35,551.35,3547,
2016-11-15 14:47:00+05:30,551.1,551.9,551.1,551.7,1637,
2016-11-15 14:48:00+05:30,551.7,552.2,551.25,551.95,2981,
2016-11-15 14:49:00+05:30,551.55,551.9,551.25,551.25,11698,
2016-11-15 14:50:00+05:30,551.25,552,551.25,551.9,3504,
2016-11-15 14:51:00+05:30,551.45,552.1,551.45,551.95,2324,
2016-11-15 14:52:00+05:30,551.8,552.4,551.7,552.2,4424,
2016-11-15 14:53:00+05:30,552.1,553.4,552.1,553.4,4948,
2016-11-15 14:54:00+05:30,553.2,553.65,553.2,553.6,2045,
2016-11-15 14:55:00+05:30,553.3,554.4,553.3,554.4,2067,
2016-11-15 14:56:00+05:30,553.9,554.2,553.65,554,1156,
2016-11-15 14:57:00+05:30,553.7,554.3,553.7,553.85,1679,
2016-11-15 14:58:00+05:30,553.85,554,552.4,552.4,4274,
2016-11-15 14:59:00+05:30,552.4,553.2,552.4,552.65,1880,
2016-11-15 15:00:00+05:30,552.7,552.85,551.4,551.9,4258,
2016-11-15 15:01:00+05:30,551.8,552.25,551.6,551.6,3381,
2016-11-15 15:02:00+05:30,551.6,552,551.1,552,2459,
2016-11-15 15:03:00+05:30,551.6,551.65,551.25,551.5,1811,
2016-11-15 15:04:00+05:30,551.65,552,551.3,551.55,5400,
2016-11-15 15:05:00+05:30,551.25,551.95,551.15,551.75,17413,
2016-11-15 15:06:00+05:30,551.75,551.95,550.9,551.65,3149,
2016-11-15 15:07:00+05:30,551.55,551.95,551.25,551.6,9029,
2016-11-15 15:08:00+05:30,551.55,551.9,551.25,551.4,1947,
2016-11-15 15:09:00+05:30,551.25,552,551.25,551.9,12526,
2016-11-15 15:10:00+05:30,551.8,551.9,551.7,551.75,845,
2016-11-15 15:11:00+05:30,551.7,553.6,551.7,551.9,5635,
2016-11-15 15:12:00+05:30,551.9,552.5,551.85,552.3,2855,
2016-11-15 15:13:00+05:30,552.1,552.15,551.6,551.8,1314,
2016-11-15 15:14:00+05:30,551.8,553,551.5,552.1,3119,
2016-11-15 15:15:00+05:30,552.1,552.5,551.9,552.5,2878,
2016-11-15 15:16:00+05:30,552.35,553.3,551.55,552.95,5235,
2016-11-15 15:17:00+05:30,553.3,553.45,551.5,552,4164,
2016-11-15 15:18:00+05:30,552.05,553,552,552.3,4667,
2016-11-15 15:19:00+05:30,552.2,553.5,551.35,553.2,5457,
2016-11-15 15:20:00+05:30,554,554.8,553.9,554.7,10347,
2016-11-15 15:21:00+05:30,554.35,555.65,554.35,554.9,9794,
2016-11-15 15:22:00+05:30,554.95,555.1,554.55,555,7893,
2016-11-15 15:23:00+05:30,554.95,554.95,553.8,553.8,3027,
2016-11-15 15:24:00+05:30,553.8,553.8,552.05,552.05,3501,
2016-11-15 15:25:00+05:30,552.35,552.8,551.6,552.4,5771,
2016-11-15 15:26:00+05:30,551.85,553.65,551.75,553.5,4004,
2016-11-15 15:27:00+05:30,552.95,552.95,552.25,552.25,7288,
2016-11-15 15:28:00+05:30,552.25,552.9,551.55,552.9,5331,
2016-11-15 15:29:00+05:30,552.15,553,551.1,553,926,
2016-11-16 09:15:00+05:30,562,564.85,557.25,559.7,37622,
2016-11-16 09:16:00+05:30,559.65,561.25,559.65,560.2,33405,
2016-11-16 09:17:00+05:30,560.1,560.95,559.5,560.6,20040,
2016-11-16 09:18:00+05:30,560.6,560.7,556.2,556.6,22867,
2016-11-16 09:19:00+05:30,556.6,556.6,555.15,555.6,4195,
2016-11-16 09:20:00+05:30,555.7,556.9,555.7,555.75,8110,
2016-11-16 09:21:00+05:30,555.35,555.65,553,553.2,5376,
2016-11-16 09:22:00+05:30,552.9,552.9,549.8,549.8,6956,
2016-11-16 09:23:00+05:30,549.45,550.95,549.45,550,5047,
2016-11-16 09:24:00+05:30,549.85,550.2,549,549,3202,
2016-11-16 09:25:00+05:30,549,549,547,547.45,7693,
2016-11-16 09:26:00+05:30,547.15,547.7,546.8,547.65,5577,
2016-11-16 09:27:00+05:30,548,548.25,546.7,547.1,6666,
2016-11-16 09:28:00+05:30,547.15,547.45,546.05,547.25,3726,
2016-11-16 09:29:00+05:30,547.65,548.7,547.35,548,4049,
2016-11-16 09:30:00+05:30,548,548.1,546.4,546.85,2403,
2016-11-16 09:31:00+05:30,546.85,548.2,546.85,547.85,3740,
2016-11-16 09:32:00+05:30,547.4,548.85,547.4,548.4,3067,
2016-11-16 09:33:00+05:30,548.4,548.5,547.3,547.85,4826,
2016-11-16 09:34:00+05:30,547.9,548.1,547.1,547.2,3366,
2016-11-16 09:35:00+05:30,547.2,547.6,545.55,546.05,6505,
2016-11-16 09:36:00+05:30,546.45,546.95,546.05,546.75,1957,
2016-11-16 09:37:00+05:30,546.75,546.9,546.25,546.25,7517,
2016-11-16 09:38:00+05:30,546.25,546.5,545.6,545.9,1917,
2016-11-16 09:39:00+05:30,545.9,546.25,545.55,545.9,3071,
2016-11-16 09:40:00+05:30,545.9,545.95,543.8,544.1,7696,
2016-11-16 09:41:00+05:30,544.2,544.5,543.1,543.4,4035,
2016-11-16 09:42:00+05:30,543.05,543.4,542.3,542.65,6548,
2016-11-16 09:43:00+05:30,542.5,542.5,541.4,541.4,4327,
2016-11-16 09:44:00+05:30,541.4,541.8,541,541.35,4070,
2016-11-16 09:45:00+05:30,541.05,542.7,541.05,542.7,4768,
2016-11-16 09:46:00+05:30,543.25,544.7,543.25,544.45,6868,
2016-11-16 09:47:00+05:30,544.2,544.85,544.2,544.7,4026,
2016-11-16 09:48:00+05:30,544.7,545.9,544.5,545.85,3256,
2016-11-16 09:49:00+05:30,545.85,545.85,544.45,544.9,2383,
2016-11-16 09:50:00+05:30,545,545.9,544.9,545.4,1446,
2016-11-16 09:51:00+05:30,545.4,545.55,545,545.25,1393,
2016-11-16 09:52:00+05:30,545.05,545.75,545.05,545.55,2690,
2016-11-16 09:53:00+05:30,545.55,545.9,545.55,545.9,450,
2016-11-16 09:54:00+05:30,545.75,545.9,545.4,545.65,1711,
2016-11-16 09:55:00+05:30,545.65,545.9,544.85,545.55,4674,
2016-11-16 09:56:00+05:30,545.55,546.4,545.05,546.4,2620,
2016-11-16 09:57:00+05:30,546.15,546.95,546.15,546.25,1994,
2016-11-16 09:58:00+05:30,546.25,546.9,546.05,546.7,1893,
2016-11-16 09:59:00+05:30,546.45,546.8,546,546.4,1536,
2016-11-16 10:00:00+05:30,546.4,546.5,545.4,545.4,1377,
2016-11-16 10:01:00+05:30,545.4,545.6,545.25,545.4,531,
2016-11-16 10:02:00+05:30,545.4,546.95,545.4,546.95,1804,
2016-11-16 10:03:00+05:30,546.95,548.45,546.9,548.25,6085,
2016-11-16 10:04:00+05:30,548.25,548.45,547.6,548.4,5877,
2016-11-16 10:05:00+05:30,548.4,549.25,548.05,549.05,6930,
2016-11-16 10:06:00+05:30,549.2,549.5,548.35,548.45,2634,
2016-11-16 10:07:00+05:30,548.45,548.45,547.55,547.6,1399,
2016-11-16 10:08:00+05:30,547.6,548.75,547.5,548.75,737,
2016-11-16 10:09:00+05:30,548.75,549.3,548.75,549.3,1324,
2016-11-16 10:10:00+05:30,549.3,549.45,548.55,549.4,2513,
2016-11-16 10:11:00+05:30,549.4,549.9,549.25,549.5,4645,
2016-11-16 10:12:00+05:30,549.5,549.7,549.15,549.4,3183,
2016-11-16 10:13:00+05:30,549.2,549.4,549,549,1315,
2016-11-16 10:14:00+05:30,549,549,548.65,548.85,778,
2016-11-16 10:15:00+05:30,548.85,550.25,548.85,549.5,5014,
2016-11-16 10:16:00+05:30,549.4,549.65,548.9,549.5,1450,
2016-11-16 10:17:00+05:30,549.5,550.4,549.3,550.35,2305,
2016-11-16 10:18:00+05:30,550.35,550.35,548.4,548.45,8556,
2016-11-16 10:19:00+05:30,548.2,548.7,548.1,548.3,1480,
2016-11-16 10:20:00+05:30,548.3,548.5,547.45,547.5,2496,
2016-11-16 10:21:00+05:30,547.5,547.9,547.5,547.75,913,
2016-11-16 10:22:00+05:30,547.75,547.85,547.55,547.55,1132,
2016-11-16 10:23:00+05:30,547.55,547.7,547.5,547.5,1875,
2016-11-16 10:24:00+05:30,547.45,547.5,546.1,546.1,7102,
2016-11-16 10:25:00+05:30,546.1,547.45,546.1,547.4,2009,
2016-11-16 10:26:00+05:30,547.4,548,547.25,547.9,945,
2016-11-16 10:27:00+05:30,547.9,549.4,547.6,549.15,2394,
2016-11-16 10:28:00+05:30,549.15,549.7,549.15,549.7,1497,
2016-11-16 10:29:00+05:30,549.7,549.8,549,549.7,1392,
2016-11-16 10:30:00+05:30,549.7,549.7,548.55,549.2,1754,
2016-11-16 10:31:00+05:30,549.2,549.35,549.05,549.35,525,
2016-11-16 10:32:00+05:30,549.35,549.8,549.05,549.6,2653,
2016-11-16 10:33:00+05:30,549.6,549.7,549.35,549.35,342,
2016-11-16 10:34:00+05:30,549.35,549.65,548.8,549.15,1040,
2016-11-16 10:35:00+05:30,548.6,548.9,548.4,548.65,334,
2016-11-16 10:36:00+05:30,548.4,548.65,548.05,548.55,1617,
2016-11-16 10:37:00+05:30,548.55,548.55,547.9,548,852,
2016-11-16 10:38:00+05:30,548,548.65,547.8,548.65,1261,
2016-11-16 10:39:00+05:30,548.65,549,547.75,547.75,2913,
2016-11-16 10:40:00+05:30,547.6,548,547.6,548,633,
2016-11-16 10:41:00+05:30,548,548,547.6,548,363,
2016-11-16 10:42:00+05:30,548,548,547.65,547.85,168,
2016-11-16 10:43:00+05:30,547.65,547.85,547.3,547.55,722,
2016-11-16 10:44:00+05:30,547.6,548.9,547.6,548.7,845,
2016-11-16 10:45:00+05:30,548.7,549,548.5,548.95,868,
2016-11-16 10:46:00+05:30,548.95,549.35,548.95,549,204,
2016-11-16 10:47:00+05:30,549,549.3,548.9,549.25,642,
2016-11-16 10:48:00+05:30,549.3,549.3,549,549.25,1753,
2016-11-16 10:49:00+05:30,549.4,549.6,549.05,549.5,2003,
2016-11-16 10:50:00+05:30,549.5,549.9,549.4,549.65,1242,
2016-11-16 10:51:00+05:30,549.65,549.95,549.45,549.7,1549,
2016-11-16 10:52:00+05:30,549.35,549.5,548.85,548.85,1222,
2016-11-16 10:53:00+05:30,548.85,548.9,548.5,548.9,344,
2016-11-16 10:54:00+05:30,548.9,549.7,548.9,549.7,547,
2016-11-16 10:55:00+05:30,549.7,549.7,548.7,548.9,386,
2016-11-16 10:56:00+05:30,548.9,549.65,548.6,549.65,815,
2016-11-16 10:57:00+05:30,549.65,549.65,549.4,549.6,432,
2016-11-16 10:58:00+05:30,549.6,549.6,549.1,549.4,915,
2016-11-16 10:59:00+05:30,549.4,549.5,549.4,549.45,502,
2016-11-16 11:00:00+05:30,549.4,549.4,548.8,549.4,1457,
2016-11-16 11:01:00+05:30,549.4,549.4,549,549.4,1239,
2016-11-16 11:02:00+05:30,549.3,549.45,549.05,549.45,691,
2016-11-16 11:03:00+05:30,549.45,549.45,548.4,549.35,1701,
2016-11-16 11:04:00+05:30,549.35,549.4,548.85,549.15,1601,
2016-11-16 11:05:00+05:30,549.15,549.8,548.85,549.65,3124,
2016-11-16 11:06:00+05:30,549.45,549.8,549.4,549.7,227,
2016-11-16 11:07:00+05:30,549.7,550,549.15,549.45,5048,
2016-11-16 11:08:00+05:30,549.45,549.7,549.45,549.65,288,
2016-11-16 11:09:00+05:30,549.65,549.7,549.5,549.6,460,
2016-11-16 11:10:00+05:30,549.5,549.65,549.5,549.65,611,
2016-11-16 11:11:00+05:30,549.45,549.65,549.45,549.45,693,
2016-11-16 11:12:00+05:30,549.65,549.65,549.25,549.6,522,
2016-11-16 11:13:00+05:30,549.4,549.6,548.8,549.35,1657,
2016-11-16 11:14:00+05:30,549.35,549.35,549.2,549.35,256,
2016-11-16 11:15:00+05:30,549.2,549.2,548.75,548.75,645,
2016-11-16 11:16:00+05:30,548.9,549.15,548.75,549.1,321,
2016-11-16 11:17:00+05:30,549.1,549.15,548.85,549.15,227,
2016-11-16 11:18:00+05:30,549.15,549.15,548.65,548.65,564,
2016-11-16 11:19:00+05:30,548.65,549,548.65,548.85,755,
2016-11-16 11:20:00+05:30,548.85,549.35,548.75,549.15,2093,
2016-11-16 11:21:00+05:30,549,549.25,549,549,345,
2016-11-16 11:22:00+05:30,549,549.1,548.7,548.9,877,
2016-11-16 11:23:00+05:30,549,549.15,548.8,549.15,556,
2016-11-16 11:24:00+05:30,549.15,549.2,548.75,549.15,458,
2016-11-16 11:25:00+05:30,549.15,549.35,549.15,549.35,823,
2016-11-16 11:26:00+05:30,549.15,549.25,548.7,548.7,508,
2016-11-16 11:27:00+05:30,548.9,548.9,548.7,548.75,830,
2016-11-16 11:28:00+05:30,548.75,549.1,548.5,549.1,492,
2016-11-16 11:29:00+05:30,549.1,549.1,548.75,548.85,423,
2016-11-16 11:30:00+05:30,548.85,549,548.1,548.45,2947,
2016-11-16 11:31:00+05:30,548.1,548.5,548.1,548.4,1261,
2016-11-16 11:32:00+05:30,548.3,548.55,548,548.5,2536,
2016-11-16 11:33:00+05:30,548.5,548.6,548.15,548.45,650,
2016-11-16 11:34:00+05:30,548.45,548.45,548.1,548.4,429,
2016-11-16 11:35:00+05:30,548.2,548.2,546.6,546.8,3527,
2016-11-16 11:36:00+05:30,546.8,546.8,546.1,546.7,2339,
2016-11-16 11:37:00+05:30,546.6,546.9,546.35,546.6,955,
2016-11-16 11:38:00+05:30,546.6,546.75,546.35,546.5,1687,
2016-11-16 11:39:00+05:30,546.5,546.9,546.5,546.9,667,
2016-11-16 11:40:00+05:30,546.65,546.9,546.55,546.85,361,
2016-11-16 11:41:00+05:30,546.9,546.9,546.05,546.25,1764,
2016-11-16 11:42:00+05:30,546.4,546.5,546.25,546.45,710,
2016-11-16 11:43:00+05:30,546.3,546.5,546.25,546.5,604,
2016-11-16 11:44:00+05:30,546.4,546.5,546.25,546.25,614,
2016-11-16 11:45:00+05:30,546.25,546.5,546.2,546.4,634,
2016-11-16 11:46:00+05:30,546.4,546.4,545.6,545.8,2870,
2016-11-16 11:47:00+05:30,545.8,546.45,545.75,546.45,7102,
2016-11-16 11:48:00+05:30,546.35,546.7,546.35,546.7,1168,
2016-11-16 11:49:00+05:30,546.7,546.7,546.05,546.4,2217,
2016-11-16 11:50:00+05:30,546.5,546.9,546.4,546.9,280,
2016-11-16 11:51:00+05:30,546.9,546.95,546.45,546.65,584,
2016-11-16 11:52:00+05:30,546.65,546.9,546.55,546.75,427,
2016-11-16 11:53:00+05:30,546.75,546.85,546.65,546.75,816,
2016-11-16 11:54:00+05:30,546.75,546.75,546.65,546.75,664,
2016-11-16 11:55:00+05:30,546.75,546.85,545.55,545.55,2181,
2016-11-16 11:56:00+05:30,545.55,546.4,545.55,545.95,3346,
2016-11-16 11:57:00+05:30,545.95,546.45,545.95,546.05,282,
2016-11-16 11:58:00+05:30,546.3,546.5,546,546,330,
2016-11-16 11:59:00+05:30,546.05,546.3,546.05,546.05,425,
2016-11-16 12:00:00+05:30,546.05,546.85,546.05,546.85,309,
2016-11-16 12:01:00+05:30,546.85,546.85,546,546.35,881,
2016-11-16 12:02:00+05:30,546.1,546.35,545.95,546.25,604,
2016-11-16 12:03:00+05:30,546.25,546.25,545.4,545.95,2367,
2016-11-16 12:04:00+05:30,545.95,546.05,545.95,546,1866,
2016-11-16 12:05:00+05:30,546,546.05,545.95,546,4466,
2016-11-16 12:06:00+05:30,545.85,546.35,545.85,546.35,2224,
2016-11-16 12:07:00+05:30,546.35,547.5,546.35,547.45,2589,
2016-11-16 12:08:00+05:30,547.45,547.45,547,547.4,711,
2016-11-16 12:09:00+05:30,547.4,547.5,547,547.35,814,
2016-11-16 12:10:00+05:30,547.35,547.4,547.05,547.25,380,
2016-11-16 12:11:00+05:30,547.25,547.25,547.2,547.2,322,
2016-11-16 12:12:00+05:30,547.2,547.25,547,547.15,978,
2016-11-16 12:13:00+05:30,547.15,547.15,546.85,547,1582,
2016-11-16 12:14:00+05:30,546.7,547,546.1,546.4,2091,
2016-11-16 12:15:00+05:30,546.1,547,546.1,546.95,3788,
2016-11-16 12:16:00+05:30,547.15,547.25,546.8,547.15,4744,
2016-11-16 12:17:00+05:30,547.15,547.25,546.45,547,6603,
2016-11-16 12:18:00+05:30,547,547,546.65,546.8,3027,
2016-11-16 12:19:00+05:30,546.6,547,546.6,547,582,
2016-11-16 12:20:00+05:30,546.7,547,546.7,547,658,
2016-11-16 12:21:00+05:30,547,547.4,546.65,547.4,1275,
2016-11-16 12:22:00+05:30,547.4,547.55,547.1,547.5,636,
2016-11-16 12:23:00+05:30,547.5,547.5,547.15,547.5,936,
2016-11-16 12:24:00+05:30,547.45,547.55,547.25,547.5,2492,
2016-11-16 12:25:00+05:30,547.5,547.8,547.35,547.55,1367,
2016-11-16 12:26:00+05:30,547.35,548.2,547.35,548.2,1275,
2016-11-16 12:27:00+05:30,548.2,548.2,547.7,548,2257,
2016-11-16 12:28:00+05:30,548,548,547.35,547.8,1585,
2016-11-16 12:29:00+05:30,547.75,547.75,546.95,547.2,1499,
2016-11-16 12:30:00+05:30,546.95,547.45,546.65,547.3,4089,
2016-11-16 12:31:00+05:30,547.3,547.5,546.9,547.5,4858,
2016-11-16 12:32:00+05:30,547.5,548.6,547.35,548.6,1793,
2016-11-16 12:33:00+05:30,548.6,549,548.05,548.2,4936,
2016-11-16 12:34:00+05:30,548.05,548.65,547.95,547.95,4350,
2016-11-16 12:35:00+05:30,548,548,547.35,547.9,1857,
2016-11-16 12:36:00+05:30,547.7,548.4,547.5,547.6,2454,
2016-11-16 12:37:00+05:30,547.6,548.2,547.45,548,1260,
2016-11-16 12:38:00+05:30,548,548,547.65,548,1289,
2016-11-16 12:39:00+05:30,548,548,547.8,548,923,
2016-11-16 12:40:00+05:30,547.95,548,547.8,547.9,868,
2016-11-16 12:41:00+05:30,547.9,548.25,547.9,548.25,824,
2016-11-16 12:42:00+05:30,548.25,548.75,548,548.3,2083,
2016-11-16 12:43:00+05:30,547.95,548.4,547.95,548.25,1021,
2016-11-16 12:44:00+05:30,548.25,548.4,547,547.05,3818,
2016-11-16 12:45:00+05:30,547.1,547.45,546.3,546.6,4227,
2016-11-16 12:46:00+05:30,546.6,546.6,545,545,6072,
2016-11-16 12:47:00+05:30,545.1,546.45,544.8,546.1,1307,
2016-11-16 12:48:00+05:30,546.2,546.4,545.7,546,1805,
2016-11-16 12:49:00+05:30,546,546,545.7,545.75,1750,
2016-11-16 12:50:00+05:30,545.9,545.9,544.8,545,4560,
2016-11-16 12:51:00+05:30,544.85,545.8,544.5,545,2997,
2016-11-16 12:52:00+05:30,545,545,544.6,544.6,1719,
2016-11-16 12:53:00+05:30,544.75,544.9,544.5,544.7,1084,
2016-11-16 12:54:00+05:30,544.5,544.7,543.5,544.1,3526,
2016-11-16 12:55:00+05:30,544.1,544.9,543.8,544.9,2770,
2016-11-16 12:56:00+05:30,544.9,544.9,544,544.6,1131,
2016-11-16 12:57:00+05:30,544.75,544.95,544.1,544.6,2139,
2016-11-16 12:58:00+05:30,544.45,544.6,544,544.45,2341,
2016-11-16 12:59:00+05:30,544.25,544.45,543.9,544,4443,
2016-11-16 13:00:00+05:30,543.8,544.8,543.75,544.7,12182,
2016-11-16 13:01:00+05:30,544.7,544.7,544.1,544.45,1711,
2016-11-16 13:02:00+05:30,544.15,544.55,543.8,544,2021,
2016-11-16 13:03:00+05:30,544,544.4,543.8,544.4,1749,
2016-11-16 13:04:00+05:30,544.4,544.4,544,544.25,1332,
2016-11-16 13:05:00+05:30,544,544.35,544,544.35,1006,
2016-11-16 13:06:00+05:30,544.35,544.35,543.8,543.95,2779,
2016-11-16 13:07:00+05:30,543.9,544.15,543.8,544,1152,
2016-11-16 13:08:00+05:30,543.85,544.5,543.85,544.4,2749,
2016-11-16 13:09:00+05:30,544.1,544.45,544.1,544.35,1321,
2016-11-16 13:10:00+05:30,544.35,544.45,544.1,544.25,1707,
2016-11-16 13:11:00+05:30,544.25,544.8,544.25,544.8,1533,
2016-11-16 13:12:00+05:30,544.8,545,544.4,544.9,1609,
2016-11-16 13:13:00+05:30,544.8,545.3,544.3,544.65,2348,
2016-11-16 13:14:00+05:30,544.65,545.25,544.65,545.2,1510,
2016-11-16 13:15:00+05:30,544.95,545.2,544.2,544.4,2396,
2016-11-16 13:16:00+05:30,544.4,544.75,544.1,544.75,2642,
2016-11-16 13:17:00+05:30,544.8,545.1,544.35,544.4,4142,
2016-11-16 13:18:00+05:30,544.2,544.2,543.8,543.8,5202,
2016-11-16 13:19:00+05:30,543.9,544,543.8,543.95,3854,
2016-11-16 13:20:00+05:30,543.95,544.3,543.9,544.15,2891,
2016-11-16 13:21:00+05:30,544.25,544.45,544.05,544.1,2197,
2016-11-16 13:22:00+05:30,544.05,544.4,543.5,543.85,4726,
2016-11-16 13:23:00+05:30,543.65,544.7,543.65,544.7,3925,
2016-11-16 13:24:00+05:30,544.85,545,544.6,544.85,2586,
2016-11-16 13:25:00+05:30,544.7,545,544.45,545,3031,
2016-11-16 13:26:00+05:30,544.85,545.05,543.85,543.85,7032,
2016-11-16 13:27:00+05:30,543.85,544.2,543.05,544.05,6823,
2016-11-16 13:28:00+05:30,544.05,544.7,544,544,5138,
2016-11-16 13:29:00+05:30,544.4,544.8,543.85,544.2,4629,
2016-11-16 13:30:00+05:30,544.1,545.15,543.9,544.95,7560,
2016-11-16 13:31:00+05:30,544.7,544.95,543.65,544,5645,
2016-11-16 13:32:00+05:30,543.85,544.5,543.75,544.5,3840,
2016-11-16 13:33:00+05:30,544.5,544.9,544.5,544.85,4183,
2016-11-16 13:34:00+05:30,544.85,544.85,543.85,543.95,4009,
2016-11-16 13:35:00+05:30,544.15,544.35,542.8,542.8,7368,
2016-11-16 13:36:00+05:30,542.9,543.5,542.6,542.85,4675,
2016-11-16 13:37:00+05:30,542.85,543.15,542.55,543.05,3991,
2016-11-16 13:38:00+05:30,543.3,543.4,542.45,542.45,6116,
2016-11-16 13:39:00+05:30,542.5,542.9,542.2,542.35,6473,
2016-11-16 13:40:00+05:30,542.25,542.65,540.35,540.35,19068,
2016-11-16 13:41:00+05:30,540.3,540.65,537.85,538.7,14080,
2016-11-16 13:42:00+05:30,538.35,539.3,538.25,539.3,7522,
2016-11-16 13:43:00+05:30,539.35,540,539,539.85,4078,
2016-11-16 13:44:00+05:30,539.85,540,539.05,539.45,2884,
2016-11-16 13:45:00+05:30,539.35,539.35,538.75,539.15,3220,
2016-11-16 13:46:00+05:30,539.05,539.6,538.2,538.5,4486,
2016-11-16 13:47:00+05:30,538.5,538.95,537.1,537.45,6710,
2016-11-16 13:48:00+05:30,537,537.1,536,536.5,6676,
2016-11-16 13:49:00+05:30,536.35,536.9,536.35,536.75,3889,
2016-11-16 13:50:00+05:30,536.75,537.7,536.7,537.1,3211,
2016-11-16 13:51:00+05:30,537.1,537.15,536.75,537.15,4312,
2016-11-16 13:52:00+05:30,537,537.6,537,537.25,3749,
2016-11-16 13:53:00+05:30,537.25,537.25,536,536.45,4545,
2016-11-16 13:54:00+05:30,536.55,538.15,536.55,537.9,2822,
2016-11-16 13:55:00+05:30,537.9,538.85,537.6,538.85,2866,
2016-11-16 13:56:00+05:30,538.7,539.85,538.7,539.35,3654,
2016-11-16 13:57:00+05:30,539.1,539.95,539.1,539.9,2866,
2016-11-16 13:58:00+05:30,539.9,540.85,539.85,540.85,4004,
2016-11-16 13:59:00+05:30,540.8,541.1,538.75,539.15,4199,
2016-11-16 14:00:00+05:30,539.15,539.3,538.7,538.95,1992,
2016-11-16 14:01:00+05:30,539,539.2,538.55,538.7,3330,
2016-11-16 14:02:00+05:30,538.95,539.9,538.85,539.55,4201,
2016-11-16 14:03:00+05:30,539.55,540.1,539.55,539.95,2032,
2016-11-16 14:04:00+05:30,539.6,540.1,539.5,539.75,2127,
2016-11-16 14:05:00+05:30,539.75,540,539.45,540,1448,
2016-11-16 14:06:00+05:30,540,540.3,539.8,540,1485,
2016-11-16 14:07:00+05:30,540,540.1,539.55,539.6,2618,
2016-11-16 14:08:00+05:30,539.6,540,539,539.25,2586,
2016-11-16 14:09:00+05:30,539.15,539.25,538.55,538.85,3960,
2016-11-16 14:10:00+05:30,538.85,539,538.65,538.95,2459,
2016-11-16 14:11:00+05:30,538.95,539.7,538.6,539.65,3225,
2016-11-16 14:12:00+05:30,539.65,540.3,539.4,540.15,2882,
2016-11-16 14:13:00+05:30,540.15,540.15,539.85,540.1,1899,
2016-11-16 14:14:00+05:30,540.1,540.1,538.65,538.95,4104,
2016-11-16 14:15:00+05:30,538.8,539.15,538.7,539.1,2525,
2016-11-16 14:16:00+05:30,539.1,539.1,538,538.2,3139,
2016-11-16 14:17:00+05:30,538.2,538.4,537.85,538,3894,
2016-11-16 14:18:00+05:30,538,538.4,537.85,538.1,2271,
2016-11-16 14:19:00+05:30,538.1,538.2,537.45,537.5,3826,
2016-11-16 14:20:00+05:30,537.8,539.7,537.2,539.4,2199,
2016-11-16 14:21:00+05:30,539.4,540,539.1,540,8671,
2016-11-16 14:22:00+05:30,540,540.45,539.85,540.35,2298,
2016-11-16 14:23:00+05:30,540.35,540.85,540.15,540.2,3154,
2016-11-16 14:24:00+05:30,540.15,540.15,539.8,539.8,6428,
2016-11-16 14:25:00+05:30,539.8,540,539.35,539.5,2300,
2016-11-16 14:26:00+05:30,539.4,540.3,539.4,540.1,2948,
2016-11-16 14:27:00+05:30,540.1,540.55,539.45,539.85,3399,
2016-11-16 14:28:00+05:30,539.95,540.85,539.95,540.55,2670,
2016-11-16 14:29:00+05:30,540.2,540.4,539.7,540,1697,
2016-11-16 14:30:00+05:30,540,540,539.75,540,1316,
2016-11-16 14:31:00+05:30,540,540.4,539.95,540.4,793,
2016-11-16 14:32:00+05:30,540.4,541.4,540.2,541.1,4699,
2016-11-16 14:33:00+05:30,541.1,541.5,540.85,540.85,1671,
2016-11-16 14:34:00+05:30,540.65,541.05,540.5,540.55,745,
2016-11-16 14:35:00+05:30,540.55,540.7,540.3,540.3,833,
2016-11-16 14:36:00+05:30,540.1,540.45,539.5,539.5,1919,
2016-11-16 14:37:00+05:30,539.5,540,539.5,540,357,
2016-11-16 14:38:00+05:30,540.05,540.5,540,540.3,843,
2016-11-16 14:39:00+05:30,540.15,541,539.8,540,2845,
2016-11-16 14:40:00+05:30,539.85,540.95,539.85,540.55,1943,
2016-11-16 14:41:00+05:30,540.55,540.85,540.35,540.65,1878,
2016-11-16 14:42:00+05:30,540.85,540.95,540.65,540.9,1299,
2016-11-16 14:43:00+05:30,540.9,540.95,540.65,540.65,1619,
2016-11-16 14:44:00+05:30,540.65,541,540.65,540.85,2062,
2016-11-16 14:45:00+05:30,540.85,541,540.65,540.8,1876,
2016-11-16 14:46:00+05:30,540.85,540.9,540.8,540.8,4575,
2016-11-16 14:47:00+05:30,540.8,541,540.65,540.85,1862,
2016-11-16 14:48:00+05:30,540.8,540.95,540,540.7,3065,
2016-11-16 14:49:00+05:30,540.7,540.7,539.45,539.5,3005,
2016-11-16 14:50:00+05:30,539.8,539.9,539.4,539.6,3979,
2016-11-16 14:51:00+05:30,539.6,540.15,539.6,539.7,2698,
2016-11-16 14:52:00+05:30,539.65,539.75,539.35,539.5,1778,
2016-11-16 14:53:00+05:30,539.45,540,539.3,540,6397,
2016-11-16 14:54:00+05:30,540,540.05,538.55,538.55,4266,
2016-11-16 14:55:00+05:30,538.55,538.85,538.35,538.35,5164,
2016-11-16 14:56:00+05:30,538.35,538.75,538.35,538.5,4032,
2016-11-16 14:57:00+05:30,538.5,538.9,538.35,538.35,5170,
2016-11-16 14:58:00+05:30,538.35,538.65,538.25,538.25,2066,
2016-11-16 14:59:00+05:30,538.25,538.95,538.25,538.55,1967,
2016-11-16 15:00:00+05:30,538.55,538.65,538.35,538.65,2181,
2016-11-16 15:01:00+05:30,538.65,538.65,538.35,538.35,3072,
2016-11-16 15:02:00+05:30,538.5,538.6,538.3,538.35,3191,
2016-11-16 15:03:00+05:30,538.5,538.65,538.35,538.65,3274,
2016-11-16 15:04:00+05:30,538.8,539.6,538.5,538.5,3837,
2016-11-16 15:05:00+05:30,538.7,538.75,538.5,538.55,3424,
2016-11-16 15:06:00+05:30,538.55,539.4,538.5,538.85,2910,
2016-11-16 15:07:00+05:30,538.85,539.45,538.5,539.1,4156,
2016-11-16 15:08:00+05:30,539.1,539.75,539.1,539.55,4698,
2016-11-16 15:09:00+05:30,539.15,539.6,538.8,538.8,3740,
2016-11-16 15:10:00+05:30,538.75,539.15,538.5,538.65,2917,
2016-11-16 15:11:00+05:30,538.75,539.1,538.55,538.8,3688,
2016-11-16 15:12:00+05:30,538.8,538.85,537.1,537.1,12123,
2016-11-16 15:13:00+05:30,537.1,539.6,537.1,539.6,11798,
2016-11-16 15:14:00+05:30,539.55,539.65,538.6,538.6,4029,
2016-11-16 15:15:00+05:30,538.55,538.6,536.6,536.8,7617,
2016-11-16 15:16:00+05:30,536.8,537.15,536,536,7716,
2016-11-16 15:17:00+05:30,535.9,537,535.9,536.65,4551,
2016-11-16 15:18:00+05:30,536.65,538.35,536.65,538.15,4546,
2016-11-16 15:19:00+05:30,538.1,539.15,537.8,539.1,4590,
2016-11-16 15:20:00+05:30,539.2,539.5,538.8,538.95,3995,
2016-11-16 15:21:00+05:30,538.95,539,538.1,538.25,7128,
2016-11-16 15:22:00+05:30,538.25,539.15,538.25,538.7,4648,
2016-11-16 15:23:00+05:30,538.75,539.1,538.35,538.5,4156,
2016-11-16 15:24:00+05:30,538.6,538.6,537.45,538.2,6089,
2016-11-16 15:25:00+05:30,538.2,538.5,537,537.75,4138,
2016-11-16 15:26:00+05:30,537.7,537.9,536,536,2770,
2016-11-16 15:27:00+05:30,535.85,536.5,535.85,536.3,2310,
2016-11-16 15:28:00+05:30,536.25,536.9,535.5,536,3273,
2016-11-16 15:29:00+05:30,535.95,538,535.95,536,1933,
2016-11-17 09:15:00+05:30,540,541.55,536.6,539.35,6608,
2016-11-17 09:16:00+05:30,539.35,539.4,536.1,536.35,4363,
2016-11-17 09:17:00+05:30,537.45,542.45,537.45,541.6,5012,
2016-11-17 09:18:00+05:30,541.65,542.4,541,542.25,6867,
2016-11-17 09:19:00+05:30,542.25,542.7,541.35,541.45,4726,
2016-11-17 09:20:00+05:30,541.45,541.7,540.2,541.7,3202,
2016-11-17 09:21:00+05:30,541.4,542.35,540.85,541.55,3102,
2016-11-17 09:22:00+05:30,541.55,542.2,541.1,541.9,1206,
2016-11-17 09:23:00+05:30,541.9,541.95,541.2,541.75,867,
2016-11-17 09:24:00+05:30,541.75,542.15,540.5,540.6,1554,
2016-11-17 09:25:00+05:30,540.6,542,540.6,540.75,1665,
2016-11-17 09:26:00+05:30,540.75,541.35,540.7,541,635,
2016-11-17 09:27:00+05:30,541,541,540.05,540.65,4880,
2016-11-17 09:28:00+05:30,540.65,541.65,540.1,541.65,2811,
2016-11-17 09:29:00+05:30,541.65,541.65,540.6,541.35,3480,
2016-11-17 09:30:00+05:30,541.15,542.4,541.15,542.1,1443,
2016-11-17 09:31:00+05:30,542.1,543.5,542.1,543.5,790,
2016-11-17 09:32:00+05:30,543.65,543.65,542.95,543.3,1185,
2016-11-17 09:33:00+05:30,543.15,543.3,542.8,542.8,833,
2016-11-17 09:34:00+05:30,542.8,543.6,542.65,542.95,1672,
2016-11-17 09:35:00+05:30,542.95,543,542.45,542.5,894,
2016-11-17 09:36:00+05:30,542.5,543,542.45,543,3851,
2016-11-17 09:37:00+05:30,543,543.1,542.3,543,1653,
2016-11-17 09:38:00+05:30,542.8,542.8,542.3,542.45,1257,
2016-11-17 09:39:00+05:30,542.8,542.8,541.9,542,794,
2016-11-17 09:40:00+05:30,542,542.1,541.6,541.65,1909,
2016-11-17 09:41:00+05:30,541.2,542,540.6,541.6,2310,
2016-11-17 09:42:00+05:30,541.6,541.6,540.8,540.8,1696,
2016-11-17 09:43:00+05:30,540.8,542.4,540.8,542.05,1411,
2016-11-17 09:44:00+05:30,542.05,542.7,542.05,542.3,1277,
2016-11-17 09:45:00+05:30,542.3,542.7,542.3,542.4,141,
2016-11-17 09:46:00+05:30,542.8,543.45,542.65,543.3,1901,
2016-11-17 09:47:00+05:30,543.45,543.55,543.3,543.45,625,
2016-11-17 09:48:00+05:30,543.45,543.45,541.3,541.3,3425,
2016-11-17 09:49:00+05:30,541.3,541.4,540.55,540.55,2487,
2016-11-17 09:50:00+05:30,540.55,540.85,540.45,540.55,600,
2016-11-17 09:51:00+05:30,540.55,540.55,539.2,539.2,1127,
2016-11-17 09:52:00+05:30,539.05,539.1,538,538.2,2001,
2016-11-17 09:53:00+05:30,538.15,539.35,538.15,539.2,752,
2016-11-17 09:54:00+05:30,539.2,539.2,538.6,538.65,774,
2016-11-17 09:55:00+05:30,538.65,539.15,538.65,539.15,2654,
2016-11-17 09:56:00+05:30,539.1,539.7,539.1,539.6,986,
2016-11-17 09:57:00+05:30,539.6,540.4,539.35,539.35,4232,
2016-11-17 09:58:00+05:30,539.35,539.8,539.25,539.3,5395,
2016-11-17 09:59:00+05:30,539.3,539.6,539.25,539.5,273,
2016-11-17 10:00:00+05:30,539.65,539.9,539.5,539.9,135,
2016-11-17 10:01:00+05:30,539.9,540,539.55,539.9,397,
2016-11-17 10:02:00+05:30,539.9,540.65,539.9,540.35,737,
2016-11-17 10:03:00+05:30,540.35,540.65,540.3,540.65,342,
2016-11-17 10:04:00+05:30,540.65,540.7,540,540.05,9434,
2016-11-17 10:05:00+05:30,540.05,540.35,540.05,540.3,30,
2016-11-17 10:06:00+05:30,540.3,540.35,540,540,3651,
2016-11-17 10:07:00+05:30,540.05,540.75,540,540.6,3272,
2016-11-17 10:08:00+05:30,540.95,541.9,540.6,541.75,4497,
2016-11-17 10:09:00+05:30,541.75,542,541.3,541.8,1113,
2016-11-17 10:10:00+05:30,541.95,544.35,541.95,544.05,4063,
2016-11-17 10:11:00+05:30,544.6,545,543.1,543.1,6111,
2016-11-17 10:12:00+05:30,543.1,543.1,542.05,542.25,1377,
2016-11-17 10:13:00+05:30,542.25,542.95,542.25,542.95,1195,
2016-11-17 10:14:00+05:30,542.9,542.95,542.35,542.9,702,
2016-11-17 10:15:00+05:30,542.9,543.35,542.6,543.2,1147,
2016-11-17 10:16:00+05:30,543.2,543.4,543.15,543.3,518,
2016-11-17 10:17:00+05:30,543.3,543.6,543.1,543.6,127,
2016-11-17 10:18:00+05:30,543.35,543.35,542.15,542.15,381,
2016-11-17 10:19:00+05:30,542.15,542.45,542.1,542.3,154,
2016-11-17 10:20:00+05:30,542.3,542.65,542.3,542.55,409,
2016-11-17 10:21:00+05:30,542.55,542.95,542.55,542.8,433,
2016-11-17 10:22:00+05:30,542.8,542.8,542.1,542.15,460,
2016-11-17 10:23:00+05:30,542.15,542.15,540.75,541.4,2390,
2016-11-17 10:24:00+05:30,541.4,542.15,540.6,542.15,2211,
2016-11-17 10:25:00+05:30,542.2,542.95,542.2,542.6,1814,
2016-11-17 10:26:00+05:30,542.6,542.6,542.05,542.2,183,
2016-11-17 10:27:00+05:30,542.2,542.95,542.2,542.6,1175,
2016-11-17 10:28:00+05:30,542.95,542.95,542.65,542.9,319,
2016-11-17 10:29:00+05:30,542.9,543.6,542.8,543.55,1700,
2016-11-17 10:30:00+05:30,543.7,544.9,543.2,544.55,4279,
2016-11-17 10:31:00+05:30,544.7,545.45,543.85,543.85,6108,
2016-11-17 10:32:00+05:30,544,544.35,543.85,544.35,467,
2016-11-17 10:33:00+05:30,544.35,544.9,544.05,544.7,526,
2016-11-17 10:34:00+05:30,544.65,546.9,544.55,546.75,7659,
2016-11-17 10:35:00+05:30,546.65,546.8,546.2,546.7,2903,
2016-11-17 10:36:00+05:30,546.6,547.7,546.1,547.6,8008,
2016-11-17 10:37:00+05:30,547.65,548.6,547.15,548,8927,
2016-11-17 10:38:00+05:30,548,548,547.3,547.6,3235,
2016-11-17 10:39:00+05:30,547.6,547.7,547.3,547.45,1819,
2016-11-17 10:40:00+05:30,547.45,547.9,547.35,547.5,2368,
2016-11-17 10:41:00+05:30,547.5,547.7,547,547.15,2012,
2016-11-17 10:42:00+05:30,547.15,547.35,547,547.15,1207,
2016-11-17 10:43:00+05:30,547.15,547.7,547.15,547.2,937,
2016-11-17 10:44:00+05:30,547.2,547.95,547.1,547.9,2078,
2016-11-17 10:45:00+05:30,547.9,547.9,546.9,546.9,711,
2016-11-17 10:46:00+05:30,546.7,546.8,546.1,546.35,1052,
2016-11-17 10:47:00+05:30,546.35,546.35,544.65,545.05,3553,
2016-11-17 10:48:00+05:30,545.05,545.4,544.55,545.15,4188,
2016-11-17 10:49:00+05:30,545.15,545.65,545.1,545.1,1189,
2016-11-17 10:50:00+05:30,545.1,545.85,545.1,545.85,345,
2016-11-17 10:51:00+05:30,545.85,545.85,545.3,545.3,1387,
2016-11-17 10:52:00+05:30,545.3,546.7,545.3,546.7,741,
2016-11-17 10:53:00+05:30,546.7,546.7,546.15,546.2,716,
2016-11-17 10:54:00+05:30,546.4,546.5,546.15,546.5,247,
2016-11-17 10:55:00+05:30,546.5,546.5,545.65,546,1217,
2016-11-17 10:56:00+05:30,546,546.4,546,546.4,956,
2016-11-17 10:57:00+05:30,546.4,546.4,545.55,545.55,612,
2016-11-17 10:58:00+05:30,545.55,545.75,545.3,545.3,757,
2016-11-17 10:59:00+05:30,545.3,545.6,545,545,629,
2016-11-17 11:00:00+05:30,545,545.2,544.85,545,726,
2016-11-17 11:01:00+05:30,545,545,544.5,544.7,400,
2016-11-17 11:02:00+05:30,544.7,545.45,544.7,545.1,649,
2016-11-17 11:03:00+05:30,545.1,545.4,545,545.35,452,
2016-11-17 11:04:00+05:30,545.35,545.9,545.35,545.9,146,
2016-11-17 11:05:00+05:30,545.9,546.95,545.75,546.8,1189,
2016-11-17 11:06:00+05:30,546.8,547,545.8,546.35,1501,
2016-11-17 11:07:00+05:30,546.35,546.55,546.15,546.3,169,
2016-11-17 11:08:00+05:30,546.65,546.65,546.05,546.15,456,
2016-11-17 11:09:00+05:30,546.1,546.6,546.05,546.6,145,
2016-11-17 11:10:00+05:30,546.6,546.85,546.3,546.5,1173,
2016-11-17 11:11:00+05:30,546.65,546.75,546.3,546.3,898,
2016-11-17 11:12:00+05:30,546.3,547.7,546.3,547.7,3401,
2016-11-17 11:13:00+05:30,547.7,547.85,547.3,547.4,997,
2016-11-17 11:14:00+05:30,547.4,547.6,547,547.1,509,
2016-11-17 11:15:00+05:30,547.1,547.35,546.65,546.9,36,
2016-11-17 11:16:00+05:30,546.9,547.5,546.9,547.05,565,
2016-11-17 11:17:00+05:30,547.05,547.4,546.95,547.4,570,
2016-11-17 11:18:00+05:30,547.5,547.5,546.75,547,693,
2016-11-17 11:19:00+05:30,547,547.35,546.85,546.9,364,
2016-11-17 11:20:00+05:30,546.9,547.4,546.7,546.7,1003,
2016-11-17 11:21:00+05:30,546.7,546.9,546.35,546.5,342,
2016-11-17 11:22:00+05:30,546.5,546.5,546,546.15,156,
2016-11-17 11:23:00+05:30,546.15,546.7,546.15,546.35,249,
2016-11-17 11:24:00+05:30,546.35,546.95,546.3,546.8,449,
2016-11-17 11:25:00+05:30,546.8,547,546.65,547,48,
2016-11-17 11:26:00+05:30,547,547,546.7,546.7,106,
2016-11-17 11:27:00+05:30,546.7,546.9,546.6,546.6,631,
2016-11-17 11:28:00+05:30,546.6,546.8,546.5,546.8,239,
2016-11-17 11:29:00+05:30,546.8,546.95,546.5,546.85,124,
2016-11-17 11:30:00+05:30,546.95,547,546.85,546.9,347,
2016-11-17 11:31:00+05:30,546.9,546.9,546.1,546.1,2527,
2016-11-17 11:32:00+05:30,546.1,546.6,546.1,546.3,375,
2016-11-17 11:33:00+05:30,546.1,546.6,546.1,546.25,1450,
2016-11-17 11:34:00+05:30,546.25,546.35,546,546,906,
2016-11-17 11:35:00+05:30,546,546.1,545.45,546.05,774,
2016-11-17 11:36:00+05:30,546.05,546.05,545,545.05,315632,
2016-11-17 11:37:00+05:30,545.05,545.85,545.05,545.75,606,
2016-11-17 11:38:00+05:30,545.75,546.7,545.75,546.2,1078,
2016-11-17 11:39:00+05:30,546.2,546.6,546.2,546.5,564,
2016-11-17 11:40:00+05:30,546.5,546.65,546.45,546.5,130,
2016-11-17 11:41:00+05:30,546.5,546.7,546.35,546.7,2193,
2016-11-17 11:42:00+05:30,546.7,547,546.7,547,639,
2016-11-17 11:43:00+05:30,547,547.15,547,547.1,151,
2016-11-17 11:44:00+05:30,547.1,547.15,546.85,546.85,86,
2016-11-17 11:45:00+05:30,546.5,546.65,546.1,546.4,365,
2016-11-17 11:46:00+05:30,546.4,546.45,546,546.45,510,
2016-11-17 11:47:00+05:30,546.45,546.95,546.1,546.3,442,
2016-11-17 11:48:00+05:30,546.3,546.85,546.3,546.75,185,
2016-11-17 11:49:00+05:30,546.75,546.75,546.1,546.1,622,
2016-11-17 11:50:00+05:30,546.1,546.45,546.05,546.35,928,
2016-11-17 11:51:00+05:30,546.35,546.4,546.1,546.1,37,
2016-11-17 11:52:00+05:30,546.4,546.4,546.1,546.2,96,
2016-11-17 11:53:00+05:30,546.2,546.35,546.1,546.35,392,
2016-11-17 11:54:00+05:30,546.35,546.35,546,546.3,679,
2016-11-17 11:55:00+05:30,546.3,546.45,546.25,546.25,62,
2016-11-17 11:56:00+05:30,546.25,546.25,546,546.2,300,
2016-11-17 11:57:00+05:30,546.2,546.2,546,546,111,
2016-11-17 11:58:00+05:30,546,546.4,546,546.3,250,
2016-11-17 11:59:00+05:30,546.3,546.4,546.2,546.2,515,
2016-11-17 12:00:00+05:30,546.35,546.35,546.05,546.2,309,
2016-11-17 12:01:00+05:30,546.2,546.35,546.2,546.35,105,
2016-11-17 12:02:00+05:30,546.35,546.35,545.4,545.5,868,
2016-11-17 12:03:00+05:30,545.65,545.8,545.3,545.5,1041,
2016-11-17 12:04:00+05:30,545.5,545.85,545.5,545.7,107,
2016-11-17 12:05:00+05:30,545.7,545.85,545.5,545.8,124,
2016-11-17 12:06:00+05:30,545.8,545.85,545.3,545.6,750,
2016-11-17 12:07:00+05:30,545.6,545.6,545.45,545.45,34,
2016-11-17 12:08:00+05:30,545.45,545.45,545,545.25,907,
2016-11-17 12:09:00+05:30,545.4,545.4,545.05,545.4,262,
2016-11-17 12:10:00+05:30,545.4,545.5,545,545,740,
2016-11-17 12:11:00+05:30,545.05,545.45,545.05,545.4,100,
2016-11-17 12:12:00+05:30,545.4,546,545.3,546,2201,
2016-11-17 12:13:00+05:30,546.2,546.4,546.2,546.25,65,
2016-11-17 12:14:00+05:30,546.25,546.4,546.05,546.4,1220,
2016-11-17 12:15:00+05:30,546.4,546.4,546,546,140,
2016-11-17 12:16:00+05:30,546.15,546.15,545.35,545.85,888,
2016-11-17 12:17:00+05:30,545.85,545.85,545.05,545.05,1462,
2016-11-17 12:18:00+05:30,545.05,545.45,545,545.4,1612,
2016-11-17 12:19:00+05:30,545.4,546,545.05,546,5988,
2016-11-17 12:20:00+05:30,546,546.4,546,546.4,657,
2016-11-17 12:21:00+05:30,546.4,546.4,546,546.1,726,
2016-11-17 12:22:00+05:30,546.4,546.4,546.1,546.4,729,
2016-11-17 12:23:00+05:30,546.4,546.5,546.4,546.5,736,
2016-11-17 12:24:00+05:30,546.5,546.5,546,546,422,
2016-11-17 12:25:00+05:30,546,546.25,545.9,545.9,246,
2016-11-17 12:26:00+05:30,545.9,545.9,545.8,545.85,226,
2016-11-17 12:27:00+05:30,545.95,546,545.85,546,74,
2016-11-17 12:28:00+05:30,546,546.4,545.85,546.4,333,
2016-11-17 12:29:00+05:30,546.4,546.4,546.25,546.4,13,
2016-11-17 12:30:00+05:30,546.4,546.75,546.25,546.55,602,
2016-11-17 12:31:00+05:30,546.55,546.75,546.35,546.35,63,
2016-11-17 12:32:00+05:30,546.35,546.7,546.3,546.65,634,
2016-11-17 12:33:00+05:30,546.65,546.7,546.25,546.55,1020,
2016-11-17 12:34:00+05:30,546.55,546.8,546.05,546.6,1560,
2016-11-17 12:35:00+05:30,546.45,546.65,546,546.65,843,
2016-11-17 12:36:00+05:30,546.65,546.85,546.15,546.2,1445,
2016-11-17 12:37:00+05:30,546.2,546.85,546,546.85,1125,
2016-11-17 12:38:00+05:30,546.85,546.9,546.3,546.85,956,
2016-11-17 12:39:00+05:30,546.85,547.45,546.7,547.45,1610,
2016-11-17 12:40:00+05:30,547.15,547.45,547.1,547.1,1116,
2016-11-17 12:41:00+05:30,547.1,547.4,547,547.4,602,
2016-11-17 12:42:00+05:30,547.4,547.5,547.1,547.25,805,
2016-11-17 12:43:00+05:30,547.25,547.25,546.95,547.25,462,
2016-11-17 12:44:00+05:30,547.25,547.45,546.95,547.45,587,
2016-11-17 12:45:00+05:30,547.45,547.5,547.1,547.5,478,
2016-11-17 12:46:00+05:30,547.5,547.5,547.25,547.25,655,
2016-11-17 12:47:00+05:30,547.5,547.5,547.2,547.5,883,
2016-11-17 12:48:00+05:30,547.5,547.5,547.5,547.5,344,
2016-11-17 12:49:00+05:30,547.5,547.5,547.25,547.5,691,
2016-11-17 12:50:00+05:30,547.5,547.65,547.05,547.4,800,
2016-11-17 12:51:00+05:30,547.4,547.9,547.15,547.6,696,
2016-11-17 12:52:00+05:30,547.9,548.4,547.7,548,3097,
2016-11-17 12:53:00+05:30,548.25,548.95,548.05,548.9,2853,
2016-11-17 12:54:00+05:30,548.95,549.3,548.55,549,6512,
2016-11-17 12:55:00+05:30,549,549.25,548.5,548.8,1654,
2016-11-17 12:56:00+05:30,548.8,548.85,547.65,547.65,1141,
2016-11-17 12:57:00+05:30,547.65,547.9,546.5,547.05,4598,
2016-11-17 12:58:00+05:30,547.65,547.95,547.3,547.95,952,
2016-11-17 12:59:00+05:30,547.95,548.7,547.95,548.7,1314,
2016-11-17 13:00:00+05:30,548.7,548.8,548.1,548.7,1538,
2016-11-17 13:01:00+05:30,548.7,548.9,548.1,548.65,929,
2016-11-17 13:02:00+05:30,548.7,548.7,548,548.1,876,
2016-11-17 13:03:00+05:30,548.05,548.1,547.5,547.5,1623,
2016-11-17 13:04:00+05:30,547.85,548,547.45,548,1759,
2016-11-17 13:05:00+05:30,548.4,548.85,548.4,548.85,861,
2016-11-17 13:06:00+05:30,548.85,548.9,548.5,548.85,521,
2016-11-17 13:07:00+05:30,548.85,548.9,548.6,548.85,638,
2016-11-17 13:08:00+05:30,548.85,548.9,548.15,548.9,994,
2016-11-17 13:09:00+05:30,548.9,548.95,548.4,548.6,706,
2016-11-17 13:10:00+05:30,548.9,549,548.65,548.9,533,
2016-11-17 13:11:00+05:30,548.9,548.95,548.35,548.95,773,
2016-11-17 13:12:00+05:30,548.95,549,548.95,548.95,514,
2016-11-17 13:13:00+05:30,548.95,548.95,548.4,548.9,1097,
2016-11-17 13:14:00+05:30,548.95,548.95,548.55,548.95,1329,
2016-11-17 13:15:00+05:30,548.95,549,548.65,548.95,643,
2016-11-17 13:16:00+05:30,548.95,549,548.65,548.7,624,
2016-11-17 13:17:00+05:30,548.7,548.95,548.3,548.95,810,
2016-11-17 13:18:00+05:30,548.95,548.95,548.3,548.3,873,
2016-11-17 13:19:00+05:30,548.65,548.95,548.35,548.65,1997,
2016-11-17 13:20:00+05:30,548.65,548.7,548,548,2236,
2016-11-17 13:21:00+05:30,548.35,548.5,548,548.45,1364,
2016-11-17 13:22:00+05:30,548.45,548.45,547.3,547.3,4503,
2016-11-17 13:23:00+05:30,547.65,548.05,547.35,547.8,1057,
2016-11-17 13:24:00+05:30,547.8,547.95,547.35,547.45,1506,
2016-11-17 13:25:00+05:30,547.45,548.05,547.3,548.05,2019,
2016-11-17 13:26:00+05:30,548.15,548.5,547.8,548.15,1212,
2016-11-17 13:27:00+05:30,548.5,548.5,548.05,548.45,591,
2016-11-17 13:28:00+05:30,548.4,548.45,548.1,548.4,637,
2016-11-17 13:29:00+05:30,548.4,548.45,548.2,548.45,575,
2016-11-17 13:30:00+05:30,548.5,548.5,548,548.2,1031,
2016-11-17 13:31:00+05:30,548.2,548.2,547.85,547.9,710,
2016-11-17 13:32:00+05:30,548,548.2,547.85,548.2,604,
2016-11-17 13:33:00+05:30,548.2,548.5,547.85,548.3,791,
2016-11-17 13:34:00+05:30,548.7,548.7,548,548.45,1685,
2016-11-17 13:35:00+05:30,548.45,548.65,548.3,548.35,471,
2016-11-17 13:36:00+05:30,548.65,548.75,548.35,548.7,1141,
2016-11-17 13:37:00+05:30,548.75,548.95,548.75,548.95,765,
2016-11-17 13:38:00+05:30,548.65,548.95,548.35,548.95,1059,
2016-11-17 13:39:00+05:30,548.95,549,548.65,548.95,752,
2016-11-17 13:40:00+05:30,548.95,549.15,548.6,548.6,1351,
2016-11-17 13:41:00+05:30,549.1,549.15,548.55,548.7,1150,
2016-11-17 13:42:00+05:30,548.3,548.5,547.65,547.85,2635,
2016-11-17 13:43:00+05:30,548.15,548.15,547.45,547.75,2809,
2016-11-17 13:44:00+05:30,547.75,547.95,547.3,547.6,3164,
2016-11-17 13:45:00+05:30,547.6,547.6,545.6,545.85,3860,
2016-11-17 13:46:00+05:30,545.85,546.9,545.5,546.35,2806,
2016-11-17 13:47:00+05:30,546.85,546.95,546.15,546.3,1197,
2016-11-17 13:48:00+05:30,546.9,546.9,545.3,545.3,3572,
2016-11-17 13:49:00+05:30,545.9,545.9,545.05,545.15,2160,
2016-11-17 13:50:00+05:30,545.6,545.6,543.5,543.5,7490,
2016-11-17 13:51:00+05:30,543.8,544.4,543.5,544.4,3505,
2016-11-17 13:52:00+05:30,543.85,545.4,543.85,545.4,1702,
2016-11-17 13:53:00+05:30,545.9,547.95,545.4,547.8,3343,
2016-11-17 13:54:00+05:30,547.8,547.8,544.25,544.25,4454,
2016-11-17 13:55:00+05:30,544.9,544.95,544.3,544.9,1454,
2016-11-17 13:56:00+05:30,545.45,546.4,545.45,546.2,947,
2016-11-17 13:57:00+05:30,546.8,547,546.5,546.85,3343,
2016-11-17 13:58:00+05:30,547,547,546.85,547,1189,
2016-11-17 13:59:00+05:30,547,547,546.8,547,953,
2016-11-17 14:00:00+05:30,547,547,546.8,546.95,1607,
2016-11-17 14:01:00+05:30,546.95,546.95,546.5,546.95,748,
2016-11-17 14:02:00+05:30,546.95,547,546.6,546.6,1033,
2016-11-17 14:03:00+05:30,546.7,547,546.5,547,745,
2016-11-17 14:04:00+05:30,547,547,546.6,546.85,851,
2016-11-17 14:05:00+05:30,546.85,547,546.65,547,435,
2016-11-17 14:06:00+05:30,547,547,546.95,547,856,
2016-11-17 14:07:00+05:30,547,547,546.6,546.95,880,
2016-11-17 14:08:00+05:30,546.95,547,546.5,546.9,1367,
2016-11-17 14:09:00+05:30,546.9,547,546.35,546.95,960,
2016-11-17 14:10:00+05:30,546.95,547,546.3,546.3,1574,
2016-11-17 14:11:00+05:30,546.95,547,546.6,547,1823,
2016-11-17 14:12:00+05:30,547,547,546.65,547,658,
2016-11-17 14:13:00+05:30,546.7,547,546.65,547,2955,
2016-11-17 14:14:00+05:30,547,547,546.6,546.95,672,
2016-11-17 14:15:00+05:30,547,547,546.8,547,2626,
2016-11-17 14:16:00+05:30,547,547,546.9,546.9,2765,
2016-11-17 14:17:00+05:30,546.9,546.9,546.7,546.9,829,
2016-11-17 14:18:00+05:30,546.9,546.9,546.35,546.55,1771,
2016-11-17 14:19:00+05:30,546.7,546.9,546.7,546.7,1167,
2016-11-17 14:20:00+05:30,546.7,546.9,546.1,546.65,1692,
2016-11-17 14:21:00+05:30,546.65,546.85,546.55,546.7,541,
2016-11-17 14:22:00+05:30,547,547,546.7,546.95,2329,
2016-11-17 14:23:00+05:30,546.9,547,546.8,546.8,554,
2016-11-17 14:24:00+05:30,546.95,547,546.85,547,700,
2016-11-17 14:25:00+05:30,547,547,546.85,546.85,828,
2016-11-17 14:26:00+05:30,547,547,546.95,547,1106,
2016-11-17 14:27:00+05:30,547,547,546.85,547,1600,
2016-11-17 14:28:00+05:30,547,547,546.95,547,675,
2016-11-17 14:29:00+05:30,547,547.85,546.95,547,7898,
2016-11-17 14:30:00+05:30,547,547,546.65,546.9,1567,
2016-11-17 14:31:00+05:30,546.7,546.85,546,546.45,1502,
2016-11-17 14:32:00+05:30,546.45,546.95,546.05,546.95,949,
2016-11-17 14:33:00+05:30,546.95,547,546.95,547,2155,
2016-11-17 14:34:00+05:30,547,547,546.55,546.65,1077,
2016-11-17 14:35:00+05:30,546.95,547,546.55,547,1111,
2016-11-17 14:36:00+05:30,547,547,546.65,547,1098,
2016-11-17 14:37:00+05:30,547,547.35,546.8,547,1642,
2016-11-17 14:38:00+05:30,547,547,546.95,547,1137,
2016-11-17 14:39:00+05:30,547,547,547,547,859,
2016-11-17 14:40:00+05:30,547,547,546.85,547,756,
2016-11-17 14:41:00+05:30,547,547,546.75,546.95,1512,
2016-11-17 14:42:00+05:30,547,547,546.65,546.65,1126,
2016-11-17 14:43:00+05:30,546.95,547,546.65,547,1245,
2016-11-17 14:44:00+05:30,547,547,546.5,546.6,1500,
2016-11-17 14:45:00+05:30,546.95,547,546.4,546.85,1754,
2016-11-17 14:46:00+05:30,546.9,547,546.5,546.85,4841,
2016-11-17 14:47:00+05:30,546.8,547,546.55,546.55,1002,
2016-11-17 14:48:00+05:30,546.55,547,546.55,547,638,
2016-11-17 14:49:00+05:30,547,547,546.45,546.6,1701,
2016-11-17 14:50:00+05:30,546.65,546.7,546.15,546.35,1446,
2016-11-17 14:51:00+05:30,546.65,547,546.65,546.85,1023,
2016-11-17 14:52:00+05:30,546.95,547,546.4,546.6,3008,
2016-11-17 14:53:00+05:30,546.7,546.75,546,546.55,1571,
2016-11-17 14:54:00+05:30,546.55,546.65,546.2,546.6,1060,
2016-11-17 14:55:00+05:30,546.65,546.95,546.6,546.95,608,
2016-11-17 14:56:00+05:30,546.95,547.9,546.95,547.55,2930,
2016-11-17 14:57:00+05:30,547.65,547.85,547.55,547.8,1058,
2016-11-17 14:58:00+05:30,547.8,547.85,547.2,547.2,1663,
2016-11-17 14:59:00+05:30,547.15,547.4,546.65,547.35,642,
2016-11-17 15:00:00+05:30,547.4,547.4,546,546,2020,
2016-11-17 15:01:00+05:30,546.25,546.35,545.8,545.95,1393,
2016-11-17 15:02:00+05:30,545.95,546.7,545.6,546.65,2510,
2016-11-17 15:03:00+05:30,546.65,546.9,546.45,546.65,893,
2016-11-17 15:04:00+05:30,546.8,546.8,545,545,2801,
2016-11-17 15:05:00+05:30,545.25,545.9,544.55,544.55,1881,
2016-11-17 15:06:00+05:30,544.7,545,544.1,545,7801,
2016-11-17 15:07:00+05:30,545,545,544.35,544.7,2463,
2016-11-17 15:08:00+05:30,544.7,544.75,544.45,544.65,2060,
2016-11-17 15:09:00+05:30,544.65,544.7,544.2,544.7,2626,
2016-11-17 15:10:00+05:30,544.7,544.75,544.4,544.4,2295,
2016-11-17 15:11:00+05:30,544.5,544.5,544.2,544.45,3922,
2016-11-17 15:12:00+05:30,544.45,545.4,544.3,545.35,2148,
2016-11-17 15:13:00+05:30,545.45,545.7,545,545.5,3388,
2016-11-17 15:14:00+05:30,545.5,546.6,545.5,546.45,2559,
2016-11-17 15:15:00+05:30,546.65,546.65,545.7,546.35,3613,
2016-11-17 15:16:00+05:30,546.4,546.8,546.25,546.3,3363,
2016-11-17 15:17:00+05:30,546.6,546.6,546.15,546.6,2034,
2016-11-17 15:18:00+05:30,546.6,547.2,546.35,546.8,4507,
2016-11-17 15:19:00+05:30,547.2,547.7,546.9,547.05,3685,
2016-11-17 15:20:00+05:30,547.2,547.2,546.05,546.8,5174,
2016-11-17 15:21:00+05:30,546.85,546.85,545.45,545.55,14272,
2016-11-17 15:22:00+05:30,545.8,546,545.7,545.85,2335,
2016-11-17 15:23:00+05:30,545.85,546,545.75,545.8,2236,
2016-11-17 15:24:00+05:30,545.85,546,545.5,545.55,2652,
2016-11-17 15:25:00+05:30,545.5,545.55,545.1,545.25,3849,
2016-11-17 15:26:00+05:30,545.25,545.5,545,545.4,2208,
2016-11-17 15:27:00+05:30,545.35,545.45,544.75,544.75,3566,
2016-11-17 15:28:00+05:30,544.75,545.8,543.05,545.45,4503,
2016-11-17 15:29:00+05:30,545.45,545.45,544.1,545,1848,
2016-11-18 09:15:00+05:30,543.35,551.3,543.35,547.7,17556,
2016-11-18 09:16:00+05:30,547.4,548.05,547.1,548,5162,
2016-11-18 09:17:00+05:30,548,548.85,547.3,548.8,8308,
2016-11-18 09:18:00+05:30,548.55,548.55,548,548.15,3639,
2016-11-18 09:19:00+05:30,547.8,547.9,546.8,547.25,8152,
2016-11-18 09:20:00+05:30,547.45,548.45,547.45,548.05,6075,
2016-11-18 09:21:00+05:30,548.05,548.15,546.75,547.15,3682,
2016-11-18 09:22:00+05:30,547.1,547.1,546.05,546.05,1650,
2016-11-18 09:23:00+05:30,546.15,546.9,545.1,545.95,5561,
2016-11-18 09:24:00+05:30,545.65,545.85,545.2,545.3,4666,
2016-11-18 09:25:00+05:30,545.3,545.3,542.75,542.8,6669,
2016-11-18 09:26:00+05:30,542.7,542.7,542,542.65,2844,
2016-11-18 09:27:00+05:30,542.65,544.95,542.65,544.95,5921,
2016-11-18 09:28:00+05:30,544.85,544.95,544.4,544.65,4645,
2016-11-18 09:29:00+05:30,544.65,544.65,543.6,543.65,2785,
2016-11-18 09:30:00+05:30,543.65,543.9,543.4,543.65,2275,
2016-11-18 09:31:00+05:30,543.5,543.65,543.1,543.5,2214,
2016-11-18 09:32:00+05:30,543.25,543.45,542.55,542.55,2124,
2016-11-18 09:33:00+05:30,542.55,542.55,541.3,541.85,5368,
2016-11-18 09:34:00+05:30,541.85,542.45,541.8,542.2,3143,
2016-11-18 09:35:00+05:30,542.2,543,542.1,543,3914,
2016-11-18 09:36:00+05:30,542.9,543.2,542.5,543,2408,
2016-11-18 09:37:00+05:30,542.75,543.1,542.1,542.1,1799,
2016-11-18 09:38:00+05:30,542.15,542.85,541.85,542.15,7371,
2016-11-18 09:39:00+05:30,542.35,542.8,542,542.8,2294,
2016-11-18 09:40:00+05:30,542.55,542.95,542.55,542.65,799,
2016-11-18 09:41:00+05:30,542.7,542.85,541.55,541.9,6182,
2016-11-18 09:42:00+05:30,542,542.75,541.9,542.65,3385,
2016-11-18 09:43:00+05:30,542.5,542.85,542.15,542.85,1896,
2016-11-18 09:44:00+05:30,542.8,543,542.55,543,1899,
2016-11-18 09:45:00+05:30,542.8,543,541.7,542.15,2718,
2016-11-18 09:46:00+05:30,542.05,542.65,541.95,542.6,2569,
2016-11-18 09:47:00+05:30,542.35,543,542.3,543,1756,
2016-11-18 09:48:00+05:30,542.85,544.45,542.75,544.45,12247,
2016-11-18 09:49:00+05:30,544.45,544.65,543.15,544.1,4695,
2016-11-18 09:50:00+05:30,543.8,545.2,543.8,545.2,2733,
2016-11-18 09:51:00+05:30,545.15,545.7,544.05,544.6,5491,
2016-11-18 09:52:00+05:30,544.35,545.8,544.3,545.4,2082,
2016-11-18 09:53:00+05:30,545.4,547.85,545.4,547.85,11501,
2016-11-18 09:54:00+05:30,547.8,548.2,547.05,547.05,7948,
2016-11-18 09:55:00+05:30,547.3,547.7,546.3,546.3,3752,
2016-11-18 09:56:00+05:30,546.3,546.9,546.05,546.85,7317,
2016-11-18 09:57:00+05:30,546.95,547.15,546.1,546.45,2928,
2016-11-18 09:58:00+05:30,546.5,546.9,546.5,546.85,1634,
2016-11-18 09:59:00+05:30,546.85,546.9,545.7,545.75,1578,
2016-11-18 10:00:00+05:30,545.75,546,544.35,544.8,4671,
2016-11-18 10:01:00+05:30,544.65,544.75,544.25,544.65,1551,
2016-11-18 10:02:00+05:30,544.45,545.2,544.3,544.5,2446,
2016-11-18 10:03:00+05:30,544.3,544.95,544.3,544.65,1258,
2016-11-18 10:04:00+05:30,544.4,545.4,544.35,545.2,1711,
2016-11-18 10:05:00+05:30,545.2,545.25,544.7,544.75,1242,
2016-11-18 10:06:00+05:30,544.85,545.35,544.45,545,3196,
2016-11-18 10:07:00+05:30,545,545.1,545,545,1116,
2016-11-18 10:08:00+05:30,545.05,545.25,545,545.2,1759,
2016-11-18 10:09:00+05:30,545.2,545.2,545,545.1,1815,
2016-11-18 10:10:00+05:30,545.1,545.1,544.05,544.05,1996,
2016-11-18 10:11:00+05:30,544.05,544.45,543.95,544.4,2966,
2016-11-18 10:12:00+05:30,544.1,544.4,544.05,544.3,964,
2016-11-18 10:13:00+05:30,544.3,544.3,543.8,544.1,2289,
2016-11-18 10:14:00+05:30,544.1,544.1,543.1,543.2,1544,
2016-11-18 10:15:00+05:30,543.35,543.35,542.5,542.9,2634,
2016-11-18 10:16:00+05:30,542.6,542.6,542.05,542.35,3394,
2016-11-18 10:17:00+05:30,542.35,542.6,542.05,542.6,1791,
2016-11-18 10:18:00+05:30,542.45,543.95,542.25,543.85,1740,
2016-11-18 10:19:00+05:30,543.7,545.4,543.4,545.4,3510,
2016-11-18 10:20:00+05:30,545.1,545.1,544.45,544.55,1881,
2016-11-18 10:21:00+05:30,544.55,544.7,544.45,544.6,3628,
2016-11-18 10:22:00+05:30,544.55,544.55,543.6,544.05,4211,
2016-11-18 10:23:00+05:30,544.05,544.25,544,544.25,1207,
2016-11-18 10:24:00+05:30,544.15,544.25,543.85,544.05,1363,
2016-11-18 10:25:00+05:30,544.05,544.25,543.8,544,1018,
2016-11-18 10:26:00+05:30,543.85,544.65,543.6,544.65,1926,
2016-11-18 10:27:00+05:30,544.65,547.85,544.65,547.45,13483,
2016-11-18 10:28:00+05:30,547.35,547.85,546.95,547.1,4434,
2016-11-18 10:29:00+05:30,547.1,547.1,546.15,546.2,3063,
2016-11-18 10:30:00+05:30,546.15,546.7,546,546.7,1372,
2016-11-18 10:31:00+05:30,546.9,546.9,546.4,546.75,2460,
2016-11-18 10:32:00+05:30,546.75,547.5,546.4,547.25,3435,
2016-11-18 10:33:00+05:30,547.25,548,546.95,547.75,3549,
2016-11-18 10:34:00+05:30,547.7,547.8,547.25,547.5,2631,
2016-11-18 10:35:00+05:30,547.45,547.5,547,547,1864,
2016-11-18 10:36:00+05:30,547,548,547,547.9,3095,
2016-11-18 10:37:00+05:30,547.7,548.7,547.65,548.65,5336,
2016-11-18 10:38:00+05:30,548.45,548.7,548.4,548.65,1764,
2016-11-18 10:39:00+05:30,548.6,549.35,548.55,549.05,5016,
2016-11-18 10:40:00+05:30,549.15,549.5,549,549.5,3148,
2016-11-18 10:41:00+05:30,549.55,549.85,549.45,549.45,2870,
2016-11-18 10:42:00+05:30,549.25,549.65,548.85,549.45,3035,
2016-11-18 10:43:00+05:30,549.45,549.45,548.9,548.95,1437,
2016-11-18 10:44:00+05:30,548.95,548.95,548.6,548.85,860,
2016-11-18 10:45:00+05:30,548.85,548.95,548.4,548.6,2049,
2016-11-18 10:46:00+05:30,548.6,548.6,547.9,547.9,2574,
2016-11-18 10:47:00+05:30,547.9,548,547.85,547.95,1181,
2016-11-18 10:48:00+05:30,547.9,547.95,547.55,547.75,880,
2016-11-18 10:49:00+05:30,547.7,547.8,547.45,547.45,1453,
2016-11-18 10:50:00+05:30,547.4,547.55,547.35,547.5,1530,
2016-11-18 10:51:00+05:30,547.45,547.7,547.45,547.5,1976,
2016-11-18 10:52:00+05:30,547.45,547.9,547.45,547.9,2365,
2016-11-18 10:53:00+05:30,547.9,548,547.5,548,2321,
2016-11-18 10:54:00+05:30,548,548.25,547.6,548.25,4245,
2016-11-18 10:55:00+05:30,548.25,549,547.55,548.85,1366,
2016-11-18 10:56:00+05:30,548.85,549,548.4,548.4,3973,
2016-11-18 10:57:00+05:30,548.4,549.2,548.4,549.2,1182,
2016-11-18 10:58:00+05:30,549.2,549.35,549.05,549.35,1734,
2016-11-18 10:59:00+05:30,549.35,549.7,549.05,549.3,2592,
2016-11-18 11:00:00+05:30,549.3,549.7,549.1,549.7,1214,
2016-11-18 11:01:00+05:30,549.7,549.75,549.35,549.55,960,
2016-11-18 11:02:00+05:30,549.55,549.65,549.15,549.15,1462,
2016-11-18 11:03:00+05:30,549.15,549.5,549.15,549.35,993,
2016-11-18 11:04:00+05:30,549.4,549.45,548.9,548.9,3067,
2016-11-18 11:05:00+05:30,548.9,549,548.6,548.8,1482,
2016-11-18 11:06:00+05:30,548.8,548.95,548.55,548.6,701,
2016-11-18 11:07:00+05:30,548.8,548.85,548.55,548.8,1758,
2016-11-18 11:08:00+05:30,548.85,549,548.55,549,870,
2016-11-18 11:09:00+05:30,549,549.5,548.6,549.45,1783,
2016-11-18 11:10:00+05:30,549.4,549.5,549.1,549.45,1825,
2016-11-18 11:11:00+05:30,549.45,549.5,549,549.2,1341,
2016-11-18 11:12:00+05:30,549.2,550,549.1,549.95,3924,
2016-11-18 11:13:00+05:30,549.85,550,549.85,549.95,2035,
2016-11-18 11:14:00+05:30,549.9,550,549.6,549.9,2021,
2016-11-18 11:15:00+05:30,549.9,550.5,549.8,550.5,3687,
2016-11-18 11:16:00+05:30,550.8,551.6,550.75,551.6,6263,
2016-11-18 11:17:00+05:30,551.6,551.6,551.3,551.35,2626,
2016-11-18 11:18:00+05:30,551.5,551.6,551.05,551.35,2540,
2016-11-18 11:19:00+05:30,551.45,551.8,551.15,551.65,3163,
2016-11-18 11:20:00+05:30,551.8,552,551.25,551.7,6014,
2016-11-18 11:21:00+05:30,551.7,553.35,551.7,553.25,10995,
2016-11-18 11:22:00+05:30,553.35,554.15,553.3,554.05,9011,
2016-11-18 11:23:00+05:30,554.05,554.7,553.9,554.4,8660,
2016-11-18 11:24:00+05:30,554.4,554.9,554.15,554.85,4660,
2016-11-18 11:25:00+05:30,554.9,555.65,554.65,555.5,7917,
2016-11-18 11:26:00+05:30,555.5,555.5,554.45,554.7,5567,
2016-11-18 11:27:00+05:30,554.7,554.7,553.65,553.95,4046,
2016-11-18 11:28:00+05:30,553.95,554,553.5,553.8,3195,
2016-11-18 11:29:00+05:30,553.9,553.9,553.45,553.8,2454,
2016-11-18 11:30:00+05:30,553.7,553.75,553,553.7,3226,
2016-11-18 11:31:00+05:30,553.7,553.75,553.5,553.7,1979,
2016-11-18 11:32:00+05:30,553.7,553.7,553.35,553.65,2645,
2016-11-18 11:33:00+05:30,553.65,553.8,553.1,553.15,2876,
2016-11-18 11:34:00+05:30,553.15,553.3,552.7,552.85,2179,
2016-11-18 11:35:00+05:30,552.85,553,552.1,552.2,3134,
2016-11-18 11:36:00+05:30,552.2,552.45,552.2,552.4,2300,
2016-11-18 11:37:00+05:30,552.4,553,552.3,553,4169,
2016-11-18 11:38:00+05:30,553,553,552.25,552.65,4301,
2016-11-18 11:39:00+05:30,552.65,552.85,552.2,552.8,2556,
2016-11-18 11:40:00+05:30,552.8,553,552.65,552.7,2040,
2016-11-18 11:41:00+05:30,552.7,553,552.7,552.95,1266,
2016-11-18 11:42:00+05:30,552.95,553.7,552.95,553.5,1797,
2016-11-18 11:43:00+05:30,553.7,553.95,553.55,553.95,1548,
2016-11-18 11:44:00+05:30,553.8,553.95,553.5,553.85,1911,
2016-11-18 11:45:00+05:30,553.85,554.1,553.7,554.1,2306,
2016-11-18 11:46:00+05:30,554.1,555,554.05,554.8,2791,
2016-11-18 11:47:00+05:30,554.8,554.85,554.05,554.6,2632,
2016-11-18 11:48:00+05:30,554.5,554.6,553.75,553.75,2592,
2016-11-18 11:49:00+05:30,553.9,553.95,553.5,553.5,2588,
2016-11-18 11:50:00+05:30,553.5,553.9,553,553.2,4481,
2016-11-18 11:51:00+05:30,553.2,553.5,552.9,553.35,2153,
2016-11-18 11:52:00+05:30,553.35,554,553.1,553.85,4469,
2016-11-18 11:53:00+05:30,554,555.1,553.85,555.1,5754,
2016-11-18 11:54:00+05:30,555.1,555.25,553.75,553.9,11957,
2016-11-18 11:55:00+05:30,553.9,555,553.7,555,3150,
2016-11-18 11:56:00+05:30,554.95,555,553.55,554.7,4068,
2016-11-18 11:57:00+05:30,554.7,555,554.65,554.95,2617,
2016-11-18 11:58:00+05:30,554.95,555.2,554.85,554.85,1475,
2016-11-18 11:59:00+05:30,554.85,555,554.55,554.65,2280,
2016-11-18 12:00:00+05:30,554.65,554.8,554.1,554.6,4513,
2016-11-18 12:01:00+05:30,554.6,554.85,554.6,554.7,940,
2016-11-18 12:02:00+05:30,554.7,554.75,553.85,553.9,2845,
2016-11-18 12:03:00+05:30,553.9,555.35,553.7,555.15,7934,
2016-11-18 12:04:00+05:30,555.35,555.5,555.2,555.3,1466,
2016-11-18 12:05:00+05:30,555.3,555.4,555.15,555.15,850,
2016-11-18 12:06:00+05:30,555.15,555.2,554.5,555.05,1735,
2016-11-18 12:07:00+05:30,555.2,555.5,555,555,1451,
2016-11-18 12:08:00+05:30,555,555.45,554.9,554.95,1485,
2016-11-18 12:09:00+05:30,554.95,555.25,554.75,554.9,748,
2016-11-18 12:10:00+05:30,554.9,555.25,554.8,555.1,777,
2016-11-18 12:11:00+05:30,555.1,555.25,554.8,555.1,775,
2016-11-18 12:12:00+05:30,555.1,555.35,554.8,555.2,1243,
2016-11-18 12:13:00+05:30,555.2,555.45,554.85,554.85,1714,
2016-11-18 12:14:00+05:30,554.9,555.05,554.7,555,3799,
2016-11-18 12:15:00+05:30,555.05,555.2,554.75,554.75,979,
2016-11-18 12:16:00+05:30,554.7,554.8,554.1,554.45,1250,
2016-11-18 12:17:00+05:30,554.6,554.75,554.25,554.25,953,
2016-11-18 12:18:00+05:30,554.25,554.85,554.25,554.7,1001,
2016-11-18 12:19:00+05:30,554.7,555.15,554.45,554.9,1803,
2016-11-18 12:20:00+05:30,554.9,554.95,554.35,554.5,3651,
2016-11-18 12:21:00+05:30,554.5,554.95,554.5,554.95,1579,
2016-11-18 12:22:00+05:30,554.95,554.95,554.55,554.55,707,
2016-11-18 12:23:00+05:30,554.55,554.75,554.05,554.05,1174,
2016-11-18 12:24:00+05:30,554.1,554.2,554,554.2,1869,
2016-11-18 12:25:00+05:30,554.2,554.25,554,554,1834,
2016-11-18 12:26:00+05:30,554.15,554.15,553.55,553.8,1133,
2016-11-18 12:27:00+05:30,553.75,553.85,553.5,553.65,884,
2016-11-18 12:28:00+05:30,553.65,553.7,553.45,553.55,2290,
2016-11-18 12:29:00+05:30,553.55,553.7,552.75,552.95,5315,
2016-11-18 12:30:00+05:30,553,553,552.75,552.75,2917,
2016-11-18 12:31:00+05:30,552.75,553,552.75,553,980,
2016-11-18 12:32:00+05:30,552.95,553.2,552.9,553,2000,
2016-11-18 12:33:00+05:30,553,553.35,552.75,552.8,1470,
2016-11-18 12:34:00+05:30,552.8,553.35,552.75,553.35,2394,
2016-11-18 12:35:00+05:30,553.35,553.7,553.05,553.7,1243,
2016-11-18 12:36:00+05:30,553.7,553.7,553.15,553.5,566,
2016-11-18 12:37:00+05:30,553.5,553.9,553.1,553.55,1101,
2016-11-18 12:38:00+05:30,553.55,553.85,553.3,553.45,877,
2016-11-18 12:39:00+05:30,553.45,554,553.45,554,1471,
2016-11-18 12:40:00+05:30,554,554.35,553.85,554.3,840,
2016-11-18 12:41:00+05:30,554.3,554.4,554,554.3,1298,
2016-11-18 12:42:00+05:30,554.3,554.3,553.55,553.85,1137,
2016-11-18 12:43:00+05:30,553.7,554,553.65,554,1299,
2016-11-18 12:44:00+05:30,554,554,553.55,553.55,590,
2016-11-18 12:45:00+05:30,553.55,553.85,553.55,553.85,590,
2016-11-18 12:46:00+05:30,553.85,553.85,553.55,553.75,1145,
2016-11-18 12:47:00+05:30,553.75,553.85,553.5,553.75,585,
2016-11-18 12:48:00+05:30,553.75,553.85,553.25,553.35,1295,
2016-11-18 12:49:00+05:30,553.35,553.95,553.35,553.95,806,
2016-11-18 12:50:00+05:30,553.95,553.95,553.5,553.8,938,
2016-11-18 12:51:00+05:30,553.8,553.95,553.5,553.5,761,
2016-11-18 12:52:00+05:30,553.5,553.65,553.25,553.3,943,
2016-11-18 12:53:00+05:30,553.3,553.4,553.25,553.4,857,
2016-11-18 12:54:00+05:30,553.25,553.45,553.05,553.1,1300,
2016-11-18 12:55:00+05:30,553.1,553.45,553.05,553.4,749,
2016-11-18 12:56:00+05:30,553.4,553.6,553,553.25,1191,
2016-11-18 12:57:00+05:30,553.25,553.75,553.25,553.35,1249,
2016-11-18 12:58:00+05:30,553.35,553.9,553.15,553.55,752,
2016-11-18 12:59:00+05:30,553.55,553.8,553.35,553.5,1936,
2016-11-18 13:00:00+05:30,553.5,553.5,553.15,553.5,2164,
2016-11-18 13:01:00+05:30,553.5,553.5,553.1,553.45,1298,
2016-11-18 13:02:00+05:30,553,553.2,552.7,552.7,4438,
2016-11-18 13:03:00+05:30,552.75,552.8,552.65,552.65,947,
2016-11-18 13:04:00+05:30,552.7,552.8,552.6,552.75,1454,
2016-11-18 13:05:00+05:30,552.75,552.75,552.3,552.35,1266,
2016-11-18 13:06:00+05:30,552.35,552.85,552.35,552.75,2070,
2016-11-18 13:07:00+05:30,552.75,553.35,552.75,553.35,1294,
2016-11-18 13:08:00+05:30,553.35,553.35,552.8,553.1,746,
2016-11-18 13:09:00+05:30,553.1,553.4,552.85,553.35,571,
2016-11-18 13:10:00+05:30,553.35,553.55,553.1,553.35,907,
2016-11-18 13:11:00+05:30,553.35,553.4,553.1,553.4,515,
2016-11-18 13:12:00+05:30,553.4,553.45,553.1,553.35,611,
2016-11-18 13:13:00+05:30,553.35,553.55,553.1,553.4,651,
2016-11-18 13:14:00+05:30,553.4,553.45,553.1,553.15,747,
2016-11-18 13:15:00+05:30,553.45,553.45,553.1,553.45,841,
2016-11-18 13:16:00+05:30,553.45,553.45,553,553,1260,
2016-11-18 13:17:00+05:30,553,553.3,553,553.25,1127,
2016-11-18 13:18:00+05:30,553.25,554,552.65,553.95,5598,
2016-11-18 13:19:00+05:30,553.95,554.4,553.25,553.8,4797,
2016-11-18 13:20:00+05:30,553.8,553.9,553.55,553.85,973,
2016-11-18 13:21:00+05:30,553.4,554.45,553.4,554.4,1822,
2016-11-18 13:22:00+05:30,554.4,554.4,553.6,554,551,
2016-11-18 13:23:00+05:30,554,554.4,553.8,554,990,
2016-11-18 13:24:00+05:30,554.25,554.25,553.55,553.55,850,
2016-11-18 13:25:00+05:30,553.55,553.75,553.5,553.55,814,
2016-11-18 13:26:00+05:30,553.55,553.65,553.5,553.55,1758,
2016-11-18 13:27:00+05:30,553.55,553.65,553.35,553.5,891,
2016-11-18 13:28:00+05:30,553.5,553.5,553.1,553.1,326,
2016-11-18 13:29:00+05:30,553.1,553.15,552.85,553.05,1560,
2016-11-18 13:30:00+05:30,553.05,553.1,552.6,552.75,887,
2016-11-18 13:31:00+05:30,552.75,552.95,552.6,552.85,729,
2016-11-18 13:32:00+05:30,552.65,552.65,551.85,551.85,1913,
2016-11-18 13:33:00+05:30,551.85,552.1,551.85,551.95,490,
2016-11-18 13:34:00+05:30,551.95,551.95,551.15,551.25,1592,
2016-11-18 13:35:00+05:30,551.25,551.4,551.1,551.4,1593,
2016-11-18 13:36:00+05:30,551.4,551.4,551.05,551.1,1994,
2016-11-18 13:37:00+05:30,551.1,551.3,551,551.15,1418,
2016-11-18 13:38:00+05:30,551.15,551.35,550.25,550.65,2234,
2016-11-18 13:39:00+05:30,550.65,551.25,550.55,551.25,1570,
2016-11-18 13:40:00+05:30,551.25,551.3,550.85,551,436,
2016-11-18 13:41:00+05:30,551,551.25,551,551.25,926,
2016-11-18 13:42:00+05:30,551.25,551.25,550.65,550.65,987,
2016-11-18 13:43:00+05:30,550.65,550.9,550.1,550.55,1927,
2016-11-18 13:44:00+05:30,550.55,550.55,550.1,550.15,1414,
2016-11-18 13:45:00+05:30,550.15,550.45,550.05,550.45,1296,
2016-11-18 13:46:00+05:30,550.6,551.05,550.1,550.9,2613,
2016-11-18 13:47:00+05:30,550.9,551.4,550.75,551.4,1610,
2016-11-18 13:48:00+05:30,551.4,551.65,551.35,551.6,633,
2016-11-18 13:49:00+05:30,551.6,551.9,551.35,551.75,858,
2016-11-18 13:50:00+05:30,551.8,551.8,551.35,551.55,409,
2016-11-18 13:51:00+05:30,551.55,551.75,551.25,551.65,2352,
2016-11-18 13:52:00+05:30,551.65,552,551.6,552,1760,
2016-11-18 13:53:00+05:30,552,553.1,552,552.5,9477,
2016-11-18 13:54:00+05:30,552.5,552.75,552.25,552.25,2049,
2016-11-18 13:55:00+05:30,552.2,552.2,551.45,551.45,3826,
2016-11-18 13:56:00+05:30,551.45,551.5,550.3,550.4,3573,
2016-11-18 13:57:00+05:30,550.4,550.45,549.5,550.05,6092,
2016-11-18 13:58:00+05:30,550.05,550.4,549.9,550.3,1259,
2016-11-18 13:59:00+05:30,550.3,550.4,550.1,550.15,642,
2016-11-18 14:00:00+05:30,550.15,550.35,550,550.05,854,
2016-11-18 14:01:00+05:30,550.05,550.3,550,550.1,520,
2016-11-18 14:02:00+05:30,550.1,550.2,550,550.15,796,
2016-11-18 14:03:00+05:30,550.15,550.5,550,550.35,1195,
2016-11-18 14:04:00+05:30,550.35,550.5,550.3,550.5,486,
2016-11-18 14:05:00+05:30,550.5,550.85,550.45,550.85,1392,
2016-11-18 14:06:00+05:30,550.85,550.85,550.35,550.6,875,
2016-11-18 14:07:00+05:30,550.65,550.7,550.4,550.55,609,
2016-11-18 14:08:00+05:30,550.55,550.55,550.35,550.35,1770,
2016-11-18 14:09:00+05:30,550.4,550.85,550.35,550.7,2788,
2016-11-18 14:10:00+05:30,550.7,550.8,550.4,550.75,614,
2016-11-18 14:11:00+05:30,550.75,550.85,550,550.4,2496,
2016-11-18 14:12:00+05:30,550.4,550.4,549.95,550.25,566,
2016-11-18 14:13:00+05:30,550.25,550.25,550.05,550.05,1092,
2016-11-18 14:14:00+05:30,550.05,550.1,549.8,549.9,620,
2016-11-18 14:15:00+05:30,549.9,550,549.5,549.5,1745,
2016-11-18 14:16:00+05:30,549.5,549.65,549.35,549.35,1185,
2016-11-18 14:17:00+05:30,549.55,549.55,547.5,548.5,6536,
2016-11-18 14:18:00+05:30,548.5,548.75,547.4,547.55,3345,
2016-11-18 14:19:00+05:30,547.55,547.9,547.35,547.35,2497,
2016-11-18 14:20:00+05:30,547.35,547.4,546.9,547.2,6532,
2016-11-18 14:21:00+05:30,547.2,547.6,546.85,547.3,2568,
2016-11-18 14:22:00+05:30,547.3,548.45,547.3,548.45,2894,
2016-11-18 14:23:00+05:30,548.45,548.85,548.45,548.6,4182,
2016-11-18 14:24:00+05:30,548.6,548.7,548.5,548.7,796,
2016-11-18 14:25:00+05:30,548.95,548.95,548.5,548.6,922,
2016-11-18 14:26:00+05:30,548.6,548.95,548.55,548.65,830,
2016-11-18 14:27:00+05:30,548.65,548.95,548.4,548.45,1848,
2016-11-18 14:28:00+05:30,548.45,548.45,548.05,548.1,934,
2016-11-18 14:29:00+05:30,548.1,548.15,548,548.05,1295,
2016-11-18 14:30:00+05:30,548.05,548.1,548,548.1,965,
2016-11-18 14:31:00+05:30,548.1,548.25,548.05,548.1,1004,
2016-11-18 14:32:00+05:30,548.1,548.25,548.1,548.25,604,
2016-11-18 14:33:00+05:30,548.25,548.85,548.2,548.85,989,
2016-11-18 14:34:00+05:30,548.8,548.8,548.35,548.65,886,
2016-11-18 14:35:00+05:30,548.45,548.6,548.4,548.5,571,
2016-11-18 14:36:00+05:30,548.5,548.7,548.3,548.7,1644,
2016-11-18 14:37:00+05:30,548.7,548.8,548.5,548.5,1038,
2016-11-18 14:38:00+05:30,548.5,548.6,548.5,548.6,448,
2016-11-18 14:39:00+05:30,548.6,548.65,548.5,548.5,370,
2016-11-18 14:40:00+05:30,548.5,548.55,548.35,548.5,1260,
2016-11-18 14:41:00+05:30,548.5,548.65,548.35,548.55,1154,
2016-11-18 14:42:00+05:30,548.55,549,548.45,549,2640,
2016-11-18 14:43:00+05:30,549,549.25,548.9,549.1,692,
2016-11-18 14:44:00+05:30,549.1,549.65,549,549.6,3475,
2016-11-18 14:45:00+05:30,549.55,550.65,549.55,550.65,19702,
2016-11-18 14:46:00+05:30,550.35,550.8,550.25,550.4,203806,
2016-11-18 14:47:00+05:30,550.4,550.9,550.4,550.9,1764,
2016-11-18 14:48:00+05:30,550.9,550.9,550.55,550.55,1135,
2016-11-18 14:49:00+05:30,550.55,550.75,550.55,550.55,546,
2016-11-18 14:50:00+05:30,550.55,550.9,550.3,550.6,2961,
2016-11-18 14:51:00+05:30,550.6,551.65,550.55,551.65,4365,
2016-11-18 14:52:00+05:30,551.9,551.95,551.5,551.6,1609,
2016-11-18 14:53:00+05:30,551.6,551.6,550.75,550.75,1743,
2016-11-18 14:54:00+05:30,550.75,551.35,550.4,551.35,2686,
2016-11-18 14:55:00+05:30,551.4,551.4,551.1,551.2,659,
2016-11-18 14:56:00+05:30,551.2,551.25,550.8,551.25,1196,
2016-11-18 14:57:00+05:30,551.25,551.25,550.75,551.05,996,
2016-11-18 14:58:00+05:30,551.05,551.1,550.8,551.05,530,
2016-11-18 14:59:00+05:30,551.05,551.05,550.05,550.3,852,
2016-11-18 15:00:00+05:30,550.3,550.3,549.5,549.6,3414,
2016-11-18 15:01:00+05:30,549.6,550,549.25,549.9,3422,
2016-11-18 15:02:00+05:30,549.9,550,549.35,549.35,943,
2016-11-18 15:03:00+05:30,549.35,549.7,549.1,549.15,1402,
2016-11-18 15:04:00+05:30,549.15,549.3,548.5,548.75,2206,
2016-11-18 15:05:00+05:30,548.75,548.8,548.5,548.7,2112,
2016-11-18 15:06:00+05:30,548.85,549.95,548.85,549.95,2274,
2016-11-18 15:07:00+05:30,549.9,550.85,549.35,550.85,5018,
2016-11-18 15:08:00+05:30,550.9,551.7,550.85,551.2,5126,
2016-11-18 15:09:00+05:30,551.65,551.9,551.3,551.6,4052,
2016-11-18 15:10:00+05:30,551.6,551.85,551.35,551.85,3574,
2016-11-18 15:11:00+05:30,551.85,551.95,551.3,551.6,5652,
2016-11-18 15:12:00+05:30,551.6,551.95,551.3,551.3,7285,
2016-11-18 15:13:00+05:30,551.25,551.45,550.05,550.25,2239,
2016-11-18 15:14:00+05:30,550.25,551,550.1,550.65,5765,
2016-11-18 15:15:00+05:30,550.65,550.9,550,550.8,9626,
2016-11-18 15:16:00+05:30,550.8,551.3,550.7,551.05,9309,
2016-11-18 15:17:00+05:30,551.05,551.5,551,551,2376,
2016-11-18 15:18:00+05:30,551.05,551.45,551,551.45,3646,
2016-11-18 15:19:00+05:30,551.4,552,551.4,552,5004,
2016-11-18 15:20:00+05:30,552,552,551.45,551.9,5067,
2016-11-18 15:21:00+05:30,551.85,552,550.9,551.8,7190,
2016-11-18 15:22:00+05:30,552,552.35,551.05,551.4,7256,
2016-11-18 15:23:00+05:30,551.7,551.7,551,551.5,6892,
2016-11-18 15:24:00+05:30,551.5,552.05,551.5,552.05,6329,
2016-11-18 15:25:00+05:30,552.05,552.1,551.25,551.25,6025,
2016-11-18 15:26:00+05:30,551.25,551.75,550.55,550.95,4588,
2016-11-18 15:27:00+05:30,550.55,550.6,548.95,549.95,4116,
2016-11-18 15:28:00+05:30,549.2,549.95,548.95,549.05,4802,
2016-11-18 15:29:00+05:30,549.05,550,548.95,549,4390,
2016-11-21 09:15:00+05:30,550.9,555.35,546.65,552.4,7881,
2016-11-21 09:16:00+05:30,552.4,553.7,550.75,552.05,6264,
2016-11-21 09:17:00+05:30,552.05,552.05,548.9,549.7,1439,
2016-11-21 09:18:00+05:30,549.7,551.45,549.05,551.45,1911,
2016-11-21 09:19:00+05:30,551.9,552.95,551.9,552.8,4308,
2016-11-21 09:20:00+05:30,552.8,552.8,549.65,551.1,3089,
2016-11-21 09:21:00+05:30,551.1,552.5,551.1,552.2,978,
2016-11-21 09:22:00+05:30,552.5,554.4,552.5,553.85,3165,
2016-11-21 09:23:00+05:30,553.85,553.85,552.3,552.35,1607,
2016-11-21 09:24:00+05:30,552.1,553.6,552,553.6,1054,
2016-11-21 09:25:00+05:30,553.2,553.35,551.1,552.3,3334,
2016-11-21 09:26:00+05:30,552.3,552.3,551.1,551.4,1293,
2016-11-21 09:27:00+05:30,551.4,551.5,551.05,551.25,1489,
2016-11-21 09:28:00+05:30,551.1,552.1,551.05,551.7,4214,
2016-11-21 09:29:00+05:30,551.7,552.1,551.6,551.75,1512,
2016-11-21 09:30:00+05:30,551.75,552.15,551.5,551.9,684,
2016-11-21 09:31:00+05:30,551.9,551.95,551.6,551.9,1015,
2016-11-21 09:32:00+05:30,551.9,552.7,551.65,552.7,1267,
2016-11-21 09:33:00+05:30,552.7,552.75,551.95,552,1281,
2016-11-21 09:34:00+05:30,552,552.15,551.55,551.7,471,
2016-11-21 09:35:00+05:30,551.9,552.7,551.9,552.55,6768,
2016-11-21 09:36:00+05:30,552.55,553,552.25,552.85,1709,
2016-11-21 09:37:00+05:30,552.85,553.2,552.25,552.4,8481,
2016-11-21 09:38:00+05:30,552.4,552.7,552.4,552.5,4672,
2016-11-21 09:39:00+05:30,552.5,553.45,552.5,552.6,7413,
2016-11-21 09:40:00+05:30,552.6,552.7,551.2,551.65,4028,
2016-11-21 09:41:00+05:30,551.65,552,551.4,552,1805,
2016-11-21 09:42:00+05:30,552,552,550.1,550.35,2654,
2016-11-21 09:43:00+05:30,550.35,550.9,550.3,550.3,4107,
2016-11-21 09:44:00+05:30,550.3,550.3,550,550.25,3449,
2016-11-21 09:45:00+05:30,550.25,550.45,550.25,550.4,3224,
2016-11-21 09:46:00+05:30,550.4,550.4,550,550.25,1008,
2016-11-21 09:47:00+05:30,550.25,550.25,549.15,549.3,4827,
2016-11-21 09:48:00+05:30,549.35,549.5,549.3,549.45,437,
2016-11-21 09:49:00+05:30,549.45,549.7,547.3,547.35,5772,
2016-11-21 09:50:00+05:30,547.35,547.75,547.05,547.6,4365,
2016-11-21 09:51:00+05:30,547.55,547.55,547.1,547.15,2397,
2016-11-21 09:52:00+05:30,547.15,547.55,547,547,2279,
2016-11-21 09:53:00+05:30,547,547,546.65,546.9,775,
2016-11-21 09:54:00+05:30,546.9,548.3,546.9,548.2,675,
2016-11-21 09:55:00+05:30,548.2,548.8,548.1,548.1,1770,
2016-11-21 09:56:00+05:30,548.1,548.35,547.6,547.6,1443,
2016-11-21 09:57:00+05:30,547.6,547.65,546.85,546.85,6053,
2016-11-21 09:58:00+05:30,546.85,546.95,546.6,546.65,5138,
2016-11-21 09:59:00+05:30,546.65,546.95,545.75,545.75,4786,
2016-11-21 10:00:00+05:30,545.75,545.75,545.1,545.5,3065,
2016-11-21 10:01:00+05:30,545.5,547,545.5,546.65,405,
2016-11-21 10:02:00+05:30,546.65,546.8,546.6,546.6,1066,
2016-11-21 10:03:00+05:30,546.6,546.95,545.8,546,3178,
2016-11-21 10:04:00+05:30,546,546.35,545.5,545.65,2040,
2016-11-21 10:05:00+05:30,545.65,545.95,545.35,545.4,2872,
2016-11-21 10:06:00+05:30,545.4,545.85,545.4,545.65,1210,
2016-11-21 10:07:00+05:30,545.65,545.95,545.55,545.65,1758,
2016-11-21 10:08:00+05:30,545.65,545.85,545.45,545.55,949,
2016-11-21 10:09:00+05:30,545.55,546,545.55,545.95,326,
2016-11-21 10:10:00+05:30,545.95,546.5,545.95,546.05,1585,
2016-11-21 10:11:00+05:30,546.05,546.45,546.05,546.45,431,
2016-11-21 10:12:00+05:30,546.45,547,546.4,546.8,1746,
2016-11-21 10:13:00+05:30,546.8,547.5,546.8,547.05,1951,
2016-11-21 10:14:00+05:30,547.05,547.25,547.05,547.25,418,
2016-11-21 10:15:00+05:30,547.25,547.25,547.15,547.25,1150,
2016-11-21 10:16:00+05:30,546.35,547.25,546.35,547,3308,
2016-11-21 10:17:00+05:30,547,547.25,547,547.25,919,
2016-11-21 10:18:00+05:30,547.25,547.3,546.95,547.25,1864,
2016-11-21 10:19:00+05:30,547.25,548.25,547.25,548,5987,
2016-11-21 10:20:00+05:30,548,548.75,548,548.75,9254,
2016-11-21 10:21:00+05:30,548.8,548.8,548.05,548.05,739,
2016-11-21 10:22:00+05:30,548.05,548.05,547.75,547.75,67,
2016-11-21 10:23:00+05:30,547.75,548.2,547.75,548.2,628,
2016-11-21 10:24:00+05:30,548.2,548.25,548.15,548.15,412,
2016-11-21 10:25:00+05:30,548.15,548.2,547.85,547.85,351,
2016-11-21 10:26:00+05:30,547.85,547.95,547.3,547.3,788,
2016-11-21 10:27:00+05:30,547.3,547.65,547.05,547.65,2390,
2016-11-21 10:28:00+05:30,547.65,547.9,547.5,547.9,137,
2016-11-21 10:29:00+05:30,547.9,547.9,547.35,547.35,1306,
2016-11-21 10:30:00+05:30,547.35,547.6,547.35,547.4,1236,
2016-11-21 10:31:00+05:30,547.4,547.7,547.4,547.4,195,
2016-11-21 10:32:00+05:30,547.4,547.45,547.35,547.35,276,
2016-11-21 10:33:00+05:30,547.35,547.35,546.05,546.05,2820,
2016-11-21 10:34:00+05:30,546.05,546.15,546,546.1,1270,
2016-11-21 10:35:00+05:30,546.05,547,546.05,547,861,
2016-11-21 10:36:00+05:30,547,547,546.45,546.45,808,
2016-11-21 10:37:00+05:30,546.45,546.45,545.6,546.1,821,
2016-11-21 10:38:00+05:30,546.45,546.85,545.9,545.9,1844,
2016-11-21 10:39:00+05:30,545.55,546.3,545.3,545.45,1608,
2016-11-21 10:40:00+05:30,545.5,545.6,545.35,545.35,616,
2016-11-21 10:41:00+05:30,545.4,545.65,545.3,545.5,888,
2016-11-21 10:42:00+05:30,545.5,545.7,545.5,545.65,603,
2016-11-21 10:43:00+05:30,545.65,545.8,545.05,545.8,8688,
2016-11-21 10:44:00+05:30,545.8,546.3,545.8,545.85,1068,
2016-11-21 10:45:00+05:30,545.85,545.85,545.4,545.75,569,
2016-11-21 10:46:00+05:30,545.75,545.95,545.75,545.75,3538,
2016-11-21 10:47:00+05:30,545.75,546.3,545.75,546.3,863,
2016-11-21 10:48:00+05:30,545.95,546.2,545.95,546.05,351,
2016-11-21 10:49:00+05:30,546.05,546.25,546.05,546.05,684,
2016-11-21 10:50:00+05:30,546,546.1,545.95,546.05,1247,
2016-11-21 10:51:00+05:30,546.05,546.05,545.9,545.9,298,
2016-11-21 10:52:00+05:30,545.9,546,545.9,546,241,
2016-11-21 10:53:00+05:30,546,546,545.05,545.1,4500,
2016-11-21 10:54:00+05:30,545.1,545.2,544.3,544.3,9764,
2016-11-21 10:55:00+05:30,544.3,544.7,544.15,544.5,1801,
2016-11-21 10:56:00+05:30,544.5,544.95,544.5,544.75,637,
2016-11-21 10:57:00+05:30,544.75,545.1,544.75,544.8,2000,
2016-11-21 10:58:00+05:30,544.75,545,544.55,544.55,2125,
2016-11-21 10:59:00+05:30,544.55,544.8,543,544.8,14236,
2016-11-21 11:00:00+05:30,544.8,545.65,544.6,545.65,1123,
2016-11-21 11:01:00+05:30,545.65,545.65,544.85,545.45,1153,
2016-11-21 11:02:00+05:30,545.35,546.25,545.15,545.95,1195,
2016-11-21 11:03:00+05:30,546,546.15,545.75,546.05,512,
2016-11-21 11:04:00+05:30,545.75,546,545.65,545.9,696,
2016-11-21 11:05:00+05:30,545.9,546.05,545.65,546.05,345,
2016-11-21 11:06:00+05:30,546.05,546.25,545.75,545.75,626,
2016-11-21 11:07:00+05:30,545.75,545.85,545.55,545.65,463,
2016-11-21 11:08:00+05:30,545.65,546.05,545.6,546,1080,
2016-11-21 11:09:00+05:30,546,546.05,545.9,545.95,442,
2016-11-21 11:10:00+05:30,545.95,545.95,545.6,545.6,961,
2016-11-21 11:11:00+05:30,545.5,545.8,544.65,544.65,6340,
2016-11-21 11:12:00+05:30,544.9,545.2,544.9,545.05,1571,
2016-11-21 11:13:00+05:30,545.05,545.8,545.05,545.55,2149,
2016-11-21 11:14:00+05:30,545.55,545.9,545.55,545.85,2454,
2016-11-21 11:15:00+05:30,545.85,545.9,545.55,545.8,1228,
2016-11-21 11:16:00+05:30,545.8,546.25,545.1,545.1,6210,
2016-11-21 11:17:00+05:30,545.1,545.1,544.65,545.05,1365,
2016-11-21 11:18:00+05:30,545.05,546,544.95,546,1327,
2016-11-21 11:19:00+05:30,546,546,545.6,545.6,305,
2016-11-21 11:20:00+05:30,545.6,545.8,545.55,545.65,249,
2016-11-21 11:21:00+05:30,545.65,546.1,545.65,546.1,496,
2016-11-21 11:22:00+05:30,546.1,546.25,545.65,545.75,2592,
2016-11-21 11:23:00+05:30,545.75,545.9,545.55,545.65,608,
2016-11-21 11:24:00+05:30,545.7,545.95,545.65,545.95,635,
2016-11-21 11:25:00+05:30,545.95,546.45,545.85,546.1,1050,
2016-11-21 11:26:00+05:30,546.1,546.9,546.05,546.8,625,
2016-11-21 11:27:00+05:30,546.8,547.85,546.8,547.6,996,
2016-11-21 11:28:00+05:30,547.6,547.95,547.6,547.85,549,
2016-11-21 11:29:00+05:30,547.85,548.3,547.8,547.9,3302,
2016-11-21 11:30:00+05:30,547.9,547.9,547.1,547.2,660,
2016-11-21 11:31:00+05:30,547.2,547.4,547.2,547.35,782,
2016-11-21 11:32:00+05:30,547.35,547.4,547,547.2,606,
2016-11-21 11:33:00+05:30,547.2,547.2,546.95,547,324,
2016-11-21 11:34:00+05:30,547,547,546.7,546.7,552,
2016-11-21 11:35:00+05:30,546.7,546.7,546.25,546.25,461,
2016-11-21 11:36:00+05:30,546.25,546.3,546.2,546.25,147,
2016-11-21 11:37:00+05:30,546.25,546.25,545.6,545.85,517,
2016-11-21 11:38:00+05:30,545.85,545.85,545.5,545.5,739,
2016-11-21 11:39:00+05:30,545.5,545.75,545.5,545.55,209,
2016-11-21 11:40:00+05:30,545.55,545.55,544.85,545.05,1850,
2016-11-21 11:41:00+05:30,545.05,545.05,543.65,543.65,2339,
2016-11-21 11:42:00+05:30,543.65,543.9,543.6,543.8,4254,
2016-11-21 11:43:00+05:30,543.8,544.05,543.7,544.05,7948,
2016-11-21 11:44:00+05:30,544.1,545.15,544.1,545.15,9192,
2016-11-21 11:45:00+05:30,545.15,545.25,545.05,545.25,464,
2016-11-21 11:46:00+05:30,545.25,545.3,545.2,545.2,809,
2016-11-21 11:47:00+05:30,545.15,545.15,545.05,545.1,444,
2016-11-21 11:48:00+05:30,545.1,545.2,545,545,482,
2016-11-21 11:49:00+05:30,545,545,545,545,827,
2016-11-21 11:50:00+05:30,545,545.3,544.6,544.6,2662,
2016-11-21 11:51:00+05:30,544.65,544.65,544.1,544.1,2173,
2016-11-21 11:52:00+05:30,544.1,544.3,542.1,544,14135,
2016-11-21 11:53:00+05:30,544,545.6,544,545.35,2038,
2016-11-21 11:54:00+05:30,545.35,545.4,544.9,545.1,672,
2016-11-21 11:55:00+05:30,545,545.15,545,545.05,1021,
2016-11-21 11:56:00+05:30,545.05,545.3,545.05,545.2,1978,
2016-11-21 11:57:00+05:30,545.2,545.25,544.1,544.35,739,
2016-11-21 11:58:00+05:30,544.35,544.85,544.2,544.85,3364,
2016-11-21 11:59:00+05:30,544.95,545.35,544.9,545.35,1688,
2016-11-21 12:00:00+05:30,545.2,545.2,545,545,1358,
2016-11-21 12:01:00+05:30,545,545,544.9,544.95,1040,
2016-11-21 12:02:00+05:30,544.95,545,544.9,544.9,730,
2016-11-21 12:03:00+05:30,544.9,545.05,544.65,544.8,5148,
2016-11-21 12:04:00+05:30,544.8,545.05,544.75,544.95,433,
2016-11-21 12:05:00+05:30,544.95,546.95,544.75,546.45,3736,
2016-11-21 12:06:00+05:30,546.45,546.95,546.45,546.95,2112,
2016-11-21 12:07:00+05:30,547.2,547.6,547,547.25,632,
2016-11-21 12:08:00+05:30,547.25,547.3,546.85,546.85,547,
2016-11-21 12:09:00+05:30,546.85,546.85,545.85,545.85,1311,
2016-11-21 12:10:00+05:30,545.85,546.25,545.1,545.65,1176,
2016-11-21 12:11:00+05:30,545.2,545.7,545,545,425,
2016-11-21 12:12:00+05:30,545,545.15,544.95,545.1,1950,
2016-11-21 12:13:00+05:30,545.1,545.1,545,545,1292,
2016-11-21 12:14:00+05:30,545.05,545.15,544.95,545.05,1472,
2016-11-21 12:15:00+05:30,545.05,545.2,545,545.15,3081,
2016-11-21 12:16:00+05:30,545.15,545.3,545.05,545.05,1741,
2016-11-21 12:17:00+05:30,545.05,545.2,545,545.05,1129,
2016-11-21 12:18:00+05:30,545.05,545.15,545,545,241,
2016-11-21 12:19:00+05:30,545,545.1,545,545.05,1312,
2016-11-21 12:20:00+05:30,545.1,545.1,545,545,3111,
2016-11-21 12:21:00+05:30,545,545.1,545,545.05,960,
2016-11-21 12:22:00+05:30,545.05,545.1,545,545,1381,
2016-11-21 12:23:00+05:30,545,545.1,545,545,2003,
2016-11-21 12:24:00+05:30,545.05,545.1,545,545,935,
2016-11-21 12:25:00+05:30,545,545.55,545,545.55,2108,
2016-11-21 12:26:00+05:30,545.55,545.55,545,545,614,
2016-11-21 12:27:00+05:30,545,545.1,545,545.05,321,
2016-11-21 12:28:00+05:30,545.05,545.1,545,545.05,1664,
2016-11-21 12:29:00+05:30,545.05,545.1,545,545,1729,
2016-11-21 12:30:00+05:30,545,545.05,545,545.05,636,
2016-11-21 12:31:00+05:30,545.05,545.05,545,545,292,
2016-11-21 12:32:00+05:30,545,545.05,545,545.05,404,
2016-11-21 12:33:00+05:30,545.05,545.05,544.5,545,10547,
2016-11-21 12:34:00+05:30,545,545.05,545,545,13994,
2016-11-21 12:35:00+05:30,544.2,544.7,544,544,13249,
2016-11-21 12:36:00+05:30,544,544.5,544,544.5,10440,
2016-11-21 12:37:00+05:30,544.5,544.75,544.4,544.4,367,
2016-11-21 12:38:00+05:30,544.4,544.4,544.1,544.1,612,
2016-11-21 12:39:00+05:30,544.1,544.4,544.1,544.1,2604,
2016-11-21 12:40:00+05:30,544.1,544.2,544,544.1,437,
2016-11-21 12:41:00+05:30,544.1,544.1,543.9,544.05,2137,
2016-11-21 12:42:00+05:30,544.05,544.05,544,544,309,
2016-11-21 12:43:00+05:30,544,544.1,544,544,837,
2016-11-21 12:44:00+05:30,544,544.15,544,544,1061,
2016-11-21 12:45:00+05:30,544.1,544.1,544,544,583,
2016-11-21 12:46:00+05:30,544.05,544.6,544,544.6,8452,
2016-11-21 12:47:00+05:30,544.6,545,544.6,545,848,
2016-11-21 12:48:00+05:30,545,545,544.2,544.3,663,
2016-11-21 12:49:00+05:30,544.3,544.3,543.7,543.8,4822,
2016-11-21 12:50:00+05:30,543.85,543.85,543.8,543.8,1701,
2016-11-21 12:51:00+05:30,543.8,544,543.5,544,4193,
2016-11-21 12:52:00+05:30,544,544.4,544,544.1,1280,
2016-11-21 12:53:00+05:30,544.1,544.7,544.05,544.3,2077,
2016-11-21 12:54:00+05:30,544.3,544.3,544,544,9220,
2016-11-21 12:55:00+05:30,544,544,544,544,1238,
2016-11-21 12:56:00+05:30,544,544,544,544,972,
2016-11-21 12:57:00+05:30,544,544.2,544,544,1602,
2016-11-21 12:58:00+05:30,544,544.1,544,544,556,
2016-11-21 12:59:00+05:30,544,544.55,544,544.5,5258,
2016-11-21 13:00:00+05:30,544.5,544.5,543.8,544,1879,
2016-11-21 13:01:00+05:30,544,544.05,544,544.05,1856,
2016-11-21 13:02:00+05:30,544,544.1,544,544,2318,
2016-11-21 13:03:00+05:30,544,545,544,544.35,3171,
2016-11-21 13:04:00+05:30,544.35,544.35,544,544,546,
2016-11-21 13:05:00+05:30,544,544.25,544,544.15,1806,
2016-11-21 13:06:00+05:30,544.15,544.9,544.1,544.9,3224,
2016-11-21 13:07:00+05:30,544.95,545.05,544.8,545.05,896,
2016-11-21 13:08:00+05:30,545.05,546.4,544.2,545.95,4976,
2016-11-21 13:09:00+05:30,545.95,546.05,544.05,544.05,1168,
2016-11-21 13:10:00+05:30,544.05,544.9,544,544.1,1391,
2016-11-21 13:11:00+05:30,544.1,544.8,544,544.75,3376,
2016-11-21 13:12:00+05:30,544.75,545.6,544.75,545.35,1636,
2016-11-21 13:13:00+05:30,545.35,545.35,544.8,544.8,680,
2016-11-21 13:14:00+05:30,544.8,545.75,544.8,545.75,2204,
2016-11-21 13:15:00+05:30,545.75,545.95,545.25,545.5,585,
2016-11-21 13:16:00+05:30,545.5,545.5,544.9,544.95,424,
2016-11-21 13:17:00+05:30,544.95,545.15,544.9,544.9,567,
2016-11-21 13:18:00+05:30,544.9,545.05,544.9,545.05,836,
2016-11-21 13:19:00+05:30,545.1,545.15,544.95,545,2470,
2016-11-21 13:20:00+05:30,545,545.05,545,545,1530,
2016-11-21 13:21:00+05:30,545,545,544.9,545,4458,
2016-11-21 13:22:00+05:30,545,545.15,545,545,2818,
2016-11-21 13:23:00+05:30,545,546.45,545,546.15,6430,
2016-11-21 13:24:00+05:30,546.15,546.15,546,546.1,2724,
2016-11-21 13:25:00+05:30,546.1,546.2,545.7,546,7585,
2016-11-21 13:26:00+05:30,546.05,546.5,545.85,546.3,3633,
2016-11-21 13:27:00+05:30,546.3,547.6,546.2,547.6,6853,
2016-11-21 13:28:00+05:30,547.6,547.6,546.5,546.5,1416,
2016-11-21 13:29:00+05:30,546.5,546.55,546.5,546.55,541,
2016-11-21 13:30:00+05:30,546.5,546.65,546.5,546.5,701,
2016-11-21 13:31:00+05:30,546.5,546.7,546.5,546.5,2851,
2016-11-21 13:32:00+05:30,546.5,546.5,546,546.15,1382,
2016-11-21 13:33:00+05:30,546.2,547.1,546.05,547.1,10670,
2016-11-21 13:34:00+05:30,547.1,547.1,546.5,546.6,1123,
2016-11-21 13:35:00+05:30,546.6,546.6,546.5,546.5,957,
2016-11-21 13:36:00+05:30,546.5,546.65,546.1,546.1,1383,
2016-11-21 13:37:00+05:30,546,546.55,546,546.5,1755,
2016-11-21 13:38:00+05:30,546.5,546.5,546.1,546.1,566,
2016-11-21 13:39:00+05:30,546.35,546.4,546.05,546.15,682,
2016-11-21 13:40:00+05:30,546.15,546.25,546,546,3959,
2016-11-21 13:41:00+05:30,546,546.25,546,546.15,1091,
2016-11-21 13:42:00+05:30,546.15,546.5,546,546.1,19624,
2016-11-21 13:43:00+05:30,546.1,546.25,546.1,546.2,1551,
2016-11-21 13:44:00+05:30,546.2,546.3,546.15,546.25,1035,
2016-11-21 13:45:00+05:30,546.25,546.25,545.8,546,5975,
2016-11-21 13:46:00+05:30,546,546.6,546,546.5,3915,
2016-11-21 13:47:00+05:30,546.5,546.65,546.5,546.6,1039,
2016-11-21 13:48:00+05:30,546.5,546.55,546.3,546.55,931,
2016-11-21 13:49:00+05:30,546.55,546.6,546.5,546.55,817,
2016-11-21 13:50:00+05:30,546.5,546.5,546.25,546.25,729,
2016-11-21 13:51:00+05:30,546.25,546.7,546.25,546.6,6657,
2016-11-21 13:52:00+05:30,546.5,546.7,546.3,546.6,2435,
2016-11-21 13:53:00+05:30,546.5,546.65,546.5,546.55,3879,
2016-11-21 13:54:00+05:30,546.5,546.6,546.5,546.55,3357,
2016-11-21 13:55:00+05:30,546.55,546.65,546.5,546.55,3603,
2016-11-21 13:56:00+05:30,546.55,546.65,546.5,546.5,690,
2016-11-21 13:57:00+05:30,546.5,546.6,546.5,546.6,1352,
2016-11-21 13:58:00+05:30,546.6,546.6,546.5,546.5,466,
2016-11-21 13:59:00+05:30,546.5,546.55,546.3,546.3,531,
2016-11-21 14:00:00+05:30,546.3,546.3,546.05,546.05,288,
2016-11-21 14:01:00+05:30,546.05,546.05,546.05,546.05,557,
2016-11-21 14:02:00+05:30,546,546,545,545,2945,
2016-11-21 14:03:00+05:30,545,545.25,545,545.05,7191,
2016-11-21 14:04:00+05:30,545.05,545.05,544.4,544.65,1630,
2016-11-21 14:05:00+05:30,544.65,544.8,544.25,544.25,4837,
2016-11-21 14:06:00+05:30,544.3,544.3,544.05,544.1,2331,
2016-11-21 14:07:00+05:30,544.1,544.25,544,544.25,1704,
2016-11-21 14:08:00+05:30,544.25,544.55,544.2,544.55,3990,
2016-11-21 14:09:00+05:30,544.55,544.75,544.55,544.65,859,
2016-11-21 14:10:00+05:30,544.7,544.85,544.35,544.6,5925,
2016-11-21 14:11:00+05:30,544.85,544.95,544.4,544.45,1721,
2016-11-21 14:12:00+05:30,544.45,544.45,544.1,544.45,2206,
2016-11-21 14:13:00+05:30,544.45,544.55,544.4,544.55,1317,
2016-11-21 14:14:00+05:30,544.55,544.65,544.3,544.3,1769,
2016-11-21 14:15:00+05:30,544.3,544.6,544.25,544.6,2354,
2016-11-21 14:16:00+05:30,544.6,544.85,544.3,544.8,3190,
2016-11-21 14:17:00+05:30,544.8,545,544.8,545,2120,
2016-11-21 14:18:00+05:30,545,545.45,544.9,545.45,1037,
2016-11-21 14:19:00+05:30,545.45,545.45,545,545,1751,
2016-11-21 14:20:00+05:30,544.75,545.15,544.75,545.1,4742,
2016-11-21 14:21:00+05:30,545.1,545.15,545,545,952,
2016-11-21 14:22:00+05:30,544.6,545.05,544.6,544.95,3581,
2016-11-21 14:23:00+05:30,544.95,545.1,544.6,544.85,2286,
2016-11-21 14:24:00+05:30,544.85,544.85,544,544.2,9042,
2016-11-21 14:25:00+05:30,544.2,544.6,544.15,544.45,5675,
2016-11-21 14:26:00+05:30,544.45,545.05,544.45,545,2484,
2016-11-21 14:27:00+05:30,544.95,545.25,544.2,544.3,3881,
2016-11-21 14:28:00+05:30,544.3,544.95,544.3,544.9,3475,
2016-11-21 14:29:00+05:30,544.95,545.15,544.95,545.05,1190,
2016-11-21 14:30:00+05:30,545.1,545.1,544.8,544.8,1539,
2016-11-21 14:31:00+05:30,545,545,544.8,544.85,896,
2016-11-21 14:32:00+05:30,544.85,544.95,543.9,544.1,3145,
2016-11-21 14:33:00+05:30,544.1,544.2,544,544.05,3668,
2016-11-21 14:34:00+05:30,544.15,544.35,544.15,544.35,4510,
2016-11-21 14:35:00+05:30,544.35,544.45,544.35,544.4,2374,
2016-11-21 14:36:00+05:30,544.4,544.45,544.35,544.45,1163,
2016-11-21 14:37:00+05:30,544.45,544.6,544.45,544.6,1914,
2016-11-21 14:38:00+05:30,544.6,545.1,544.45,545.1,4032,
2016-11-21 14:39:00+05:30,545.1,545.2,545,545,1340,
2016-11-21 14:40:00+05:30,545.05,545.2,545,545.05,1225,
2016-11-21 14:41:00+05:30,545.05,545.15,545,545.05,1643,
2016-11-21 14:42:00+05:30,545.05,545.2,545,545.2,1191,
2016-11-21 14:43:00+05:30,545.2,545.2,544.7,545,1476,
2016-11-21 14:44:00+05:30,545,545.15,544.65,545.15,1097,
2016-11-21 14:45:00+05:30,545.15,545.15,545,545,776,
2016-11-21 14:46:00+05:30,544.95,545.15,544.95,545,1066,
2016-11-21 14:47:00+05:30,545,545.05,544.95,544.95,2565,
2016-11-21 14:48:00+05:30,544.95,545.05,544.35,544.35,550,
2016-11-21 14:49:00+05:30,544.45,544.65,544.35,544.65,4256,
2016-11-21 14:50:00+05:30,544.65,545.4,544.55,545.05,8689,
2016-11-21 14:51:00+05:30,545.05,545.15,544.95,544.95,821,
2016-11-21 14:52:00+05:30,544.95,544.95,544.35,544.7,1826,
2016-11-21 14:53:00+05:30,544.75,544.85,544.05,544.05,4816,
2016-11-21 14:54:00+05:30,544.05,544.3,544,544.1,3310,
2016-11-21 14:55:00+05:30,544.1,544.2,544,544.05,2809,
2016-11-21 14:56:00+05:30,544.05,544.2,543.8,544.15,8662,
2016-11-21 14:57:00+05:30,544.2,544.25,544.15,544.2,1144,
2016-11-21 14:58:00+05:30,544.2,544.25,544,544.1,3433,
2016-11-21 14:59:00+05:30,544,544.8,543.8,544.7,10469,
2016-11-21 15:00:00+05:30,544.7,545.2,544.3,544.5,11861,
2016-11-21 15:01:00+05:30,544.5,545.5,544.45,545.05,4768,
2016-11-21 15:02:00+05:30,545.05,545.35,544.85,545,7176,
2016-11-21 15:03:00+05:30,545,545.35,544.4,544.65,6899,
2016-11-21 15:04:00+05:30,544.65,544.95,544.65,544.85,3919,
2016-11-21 15:05:00+05:30,544.85,545,544.7,545,7675,
2016-11-21 15:06:00+05:30,545,545.4,545,545.2,3681,
2016-11-21 15:07:00+05:30,545.2,545.3,544.75,545.05,3992,
2016-11-21 15:08:00+05:30,545.05,545.35,544.95,545.05,3758,
2016-11-21 15:09:00+05:30,545.05,545.35,545.05,545.35,3055,
2016-11-21 15:10:00+05:30,545.25,545.3,544.85,545.05,9565,
2016-11-21 15:11:00+05:30,545,545.35,544.8,545,11939,
2016-11-21 15:12:00+05:30,545,545.1,544.9,545,6875,
2016-11-21 15:13:00+05:30,545,545.3,545,545.05,6144,
2016-11-21 15:14:00+05:30,545.05,545.1,544.95,545.05,5048,
2016-11-21 15:15:00+05:30,545.05,545.5,544.5,544.8,11403,
2016-11-21 15:16:00+05:30,544.85,545.6,544.3,545.2,8590,
2016-11-21 15:17:00+05:30,545.2,545.65,545.05,545.4,5769,
2016-11-21 15:18:00+05:30,545.15,545.6,544.85,545.45,7903,
2016-11-21 15:19:00+05:30,545.35,545.5,545,545.1,10419,
2016-11-21 15:20:00+05:30,545.45,545.7,545,545.35,8533,
2016-11-21 15:21:00+05:30,545.3,545.3,544.35,544.55,14955,
2016-11-21 15:22:00+05:30,544.55,545.2,544.55,545.05,13011,
2016-11-21 15:23:00+05:30,545.05,545.5,544.7,544.7,4195,
2016-11-21 15:24:00+05:30,544.75,545.6,544.75,544.9,6190,
2016-11-21 15:25:00+05:30,545,545.3,544.6,545.1,6930,
2016-11-21 15:26:00+05:30,545.1,546.05,545,545.1,6590,
2016-11-21 15:27:00+05:30,545.1,545.25,545.05,545.1,3019,
2016-11-21 15:28:00+05:30,545.1,546.7,544.75,545.75,5032,
2016-11-21 15:29:00+05:30,545.15,546.8,545.15,546.8,3024,
2016-11-22 09:15:00+05:30,547.1,550.45,547.1,549.8,7366,
2016-11-22 09:16:00+05:30,548.55,551,546.55,549.85,9321,
2016-11-22 09:17:00+05:30,550.4,550.4,548.3,548.95,4635,
2016-11-22 09:18:00+05:30,548.45,549.15,547.8,548.35,2458,
2016-11-22 09:19:00+05:30,548.3,548.3,544.55,544.55,5194,
2016-11-22 09:20:00+05:30,544.6,545.6,544.6,545,4657,
2016-11-22 09:21:00+05:30,545.75,546.15,545.15,546.05,2792,
2016-11-22 09:22:00+05:30,546.3,548.9,543.65,543.65,6227,
2016-11-22 09:23:00+05:30,543.8,546.15,543.8,546.15,2459,
2016-11-22 09:24:00+05:30,546.25,547.2,546.15,547.2,2714,
2016-11-22 09:25:00+05:30,547.2,547.65,546.15,546.4,1420,
2016-11-22 09:26:00+05:30,546.4,547.45,546,546,2340,
2016-11-22 09:27:00+05:30,545.7,547.25,545.35,545.65,5160,
2016-11-22 09:28:00+05:30,545.65,546.25,544.8,545.3,2212,
2016-11-22 09:29:00+05:30,545.3,546.35,545.3,545.65,3338,
2016-11-22 09:30:00+05:30,545.65,546.15,545.65,546.05,316,
2016-11-22 09:31:00+05:30,546.05,546.95,546.05,546.6,2273,
2016-11-22 09:32:00+05:30,546.6,546.7,546.4,546.7,1988,
2016-11-22 09:33:00+05:30,546.6,546.9,546.1,546.55,3229,
2016-11-22 09:34:00+05:30,546.55,546.6,546.5,546.5,2692,
2016-11-22 09:35:00+05:30,546.5,546.6,546.35,546.45,1312,
2016-11-22 09:36:00+05:30,546.4,546.45,545.7,545.7,2491,
2016-11-22 09:37:00+05:30,545.7,546,545.05,545.05,2291,
2016-11-22 09:38:00+05:30,545,545.65,545,545.2,1583,
2016-11-22 09:39:00+05:30,545.2,545.5,545.2,545.2,1327,
2016-11-22 09:40:00+05:30,545.2,546.5,545.2,546.4,2582,
2016-11-22 09:41:00+05:30,546.8,546.8,546.05,546.6,3730,
2016-11-22 09:42:00+05:30,546.6,546.65,545.8,545.8,3860,
2016-11-22 09:43:00+05:30,545.8,546,545.1,545.85,3838,
2016-11-22 09:44:00+05:30,545.85,545.9,545.55,545.6,1465,
2016-11-22 09:45:00+05:30,545.6,545.9,545,545,1184,
2016-11-22 09:46:00+05:30,545,545.9,544.85,545.55,1035,
2016-11-22 09:47:00+05:30,545.55,545.95,545,545.45,2803,
2016-11-22 09:48:00+05:30,545.5,546.25,545.1,545.95,4216,
2016-11-22 09:49:00+05:30,545.95,546.75,545.95,546.5,4846,
2016-11-22 09:50:00+05:30,546.4,546.75,546,546.4,1531,
2016-11-22 09:51:00+05:30,546.4,546.5,545.85,546.4,844,
2016-11-22 09:52:00+05:30,546,546.4,546,546.2,413,
2016-11-22 09:53:00+05:30,546.2,547.8,546.2,547.7,4293,
2016-11-22 09:54:00+05:30,547.7,547.9,547.45,547.85,1417,
2016-11-22 09:55:00+05:30,547.95,548.8,547.95,548.75,5377,
2016-11-22 09:56:00+05:30,548.7,548.8,547.6,547.8,9173,
2016-11-22 09:57:00+05:30,547.8,548.2,547.55,547.95,3214,
2016-11-22 09:58:00+05:30,547.95,548,547,547,1937,
2016-11-22 09:59:00+05:30,547,547.45,546.95,547,1748,
2016-11-22 10:00:00+05:30,547,547.2,546.7,546.85,1144,
2016-11-22 10:01:00+05:30,546.85,546.95,546.7,546.85,321,
2016-11-22 10:02:00+05:30,546.85,548.7,546.8,548.7,5462,
2016-11-22 10:03:00+05:30,548.7,549.8,548.6,549.8,8434,
2016-11-22 10:04:00+05:30,549.8,552,549.3,551.75,17572,
2016-11-22 10:05:00+05:30,551.65,552.95,551.2,551.5,10936,
2016-11-22 10:06:00+05:30,551.5,551.5,551,551.05,2855,
2016-11-22 10:07:00+05:30,551.2,551.55,550.55,551.55,2671,
2016-11-22 10:08:00+05:30,551.5,554.4,551.5,554.35,12668,
2016-11-22 10:09:00+05:30,554.35,555.55,553.95,554.7,14791,
2016-11-22 10:10:00+05:30,554.7,555.45,554.65,555.45,5144,
2016-11-22 10:11:00+05:30,555.3,555.3,554.25,554.25,6311,
2016-11-22 10:12:00+05:30,554.25,554.55,553.75,553.95,2358,
2016-11-22 10:13:00+05:30,553.95,554.05,553.65,553.65,1861,
2016-11-22 10:14:00+05:30,553.65,553.7,552.55,552.55,3337,
2016-11-22 10:15:00+05:30,552.55,552.95,552.3,552.95,1465,
2016-11-22 10:16:00+05:30,552.95,553,552.75,553,3287,
2016-11-22 10:17:00+05:30,553,553.4,552.95,553.25,3007,
2016-11-22 10:18:00+05:30,553.25,553.5,553.2,553.4,1231,
2016-11-22 10:19:00+05:30,553.4,555,553.4,555,5576,
2016-11-22 10:20:00+05:30,554.9,555,554.5,554.8,2597,
2016-11-22 10:21:00+05:30,554.9,555,554,554.55,3509,
2016-11-22 10:22:00+05:30,554.5,554.9,554.5,554.8,1024,
2016-11-22 10:23:00+05:30,554.8,554.95,554.55,554.55,589,
2016-11-22 10:24:00+05:30,554.55,555.3,554.55,555.3,5683,
2016-11-22 10:25:00+05:30,555.2,557.75,555.2,556.7,14949,
2016-11-22 10:26:00+05:30,556.95,557.45,556.7,557.2,4607,
2016-11-22 10:27:00+05:30,556.75,558.7,556.55,558.55,12863,
2016-11-22 10:28:00+05:30,558.55,559,558,558.3,12212,
2016-11-22 10:29:00+05:30,559,559.35,558.1,559,24414,
2016-11-22 10:30:00+05:30,558.8,559,558,558.9,8527,
2016-11-22 10:31:00+05:30,558.5,558.95,558.25,558.85,3409,
2016-11-22 10:32:00+05:30,558.85,558.85,557.95,558.2,3841,
2016-11-22 10:33:00+05:30,558.2,559,558.2,558.55,2743,
2016-11-22 10:34:00+05:30,558.55,559,558,558,4021,
2016-11-22 10:35:00+05:30,558,558.25,557.6,557.85,1844,
2016-11-22 10:36:00+05:30,558,558,556.8,557,2557,
2016-11-22 10:37:00+05:30,556.8,557.5,556.7,557.3,9160,
2016-11-22 10:38:00+05:30,557.45,557.45,557.1,557.3,2284,
2016-11-22 10:39:00+05:30,557.3,557.5,557,557.5,1497,
2016-11-22 10:40:00+05:30,557.45,557.9,557.4,557.55,1415,
2016-11-22 10:41:00+05:30,557.55,557.95,557.55,557.75,2206,
2016-11-22 10:42:00+05:30,557.75,558,557.55,557.7,1676,
2016-11-22 10:43:00+05:30,557.7,557.75,557.25,557.3,963,
2016-11-22 10:44:00+05:30,557.35,558.05,557.35,557.65,2849,
2016-11-22 10:45:00+05:30,557.65,558.05,557.65,557.75,1273,
2016-11-22 10:46:00+05:30,557.75,558.25,557.7,558.2,3939,
2016-11-22 10:47:00+05:30,558.2,558.3,558,558.05,2167,
2016-11-22 10:48:00+05:30,558,558.9,558,558.75,19163,
2016-11-22 10:49:00+05:30,558.75,558.9,558,558.65,6498,
2016-11-22 10:50:00+05:30,558.65,558.65,557.55,557.8,1080,
2016-11-22 10:51:00+05:30,557.8,557.8,557.25,557.45,3887,
2016-11-22 10:52:00+05:30,557.45,557.65,557,557.2,1480,
2016-11-22 10:53:00+05:30,557.2,557.7,557,557.5,843,
2016-11-22 10:54:00+05:30,557.5,558.2,557.5,558,3620,
2016-11-22 10:55:00+05:30,558,558.45,557.45,557.8,1343,
2016-11-22 10:56:00+05:30,558.05,558.25,557.4,557.4,836,
2016-11-22 10:57:00+05:30,557.4,557.4,557,557.15,2357,
2016-11-22 10:58:00+05:30,557.15,557.9,557.15,557.5,1293,
2016-11-22 10:59:00+05:30,557.5,558,557.5,557.95,986,
2016-11-22 11:00:00+05:30,557.95,557.95,557.4,557.6,728,
2016-11-22 11:01:00+05:30,557.65,557.8,557.1,557.8,4174,
2016-11-22 11:02:00+05:30,557.8,557.8,557.05,557.3,2513,
2016-11-22 11:03:00+05:30,557.6,557.7,557.05,557.2,963,
2016-11-22 11:04:00+05:30,557.2,557.5,557,557.2,1612,
2016-11-22 11:05:00+05:30,557.2,557.5,557.15,557.2,1156,
2016-11-22 11:06:00+05:30,557.4,557.4,556.6,556.9,1914,
2016-11-22 11:07:00+05:30,556.9,557,556,556.4,7936,
2016-11-22 11:08:00+05:30,556,556.45,555.35,555.8,4155,
2016-11-22 11:09:00+05:30,555.85,555.85,555.2,555.5,2816,
2016-11-22 11:10:00+05:30,555.5,555.95,555.3,555.95,3913,
2016-11-22 11:11:00+05:30,555.95,556.15,555.5,556.15,946,
2016-11-22 11:12:00+05:30,556.15,556.75,554.8,554.8,9719,
2016-11-22 11:13:00+05:30,555.1,555.35,554.25,555.2,2851,
2016-11-22 11:14:00+05:30,555.2,557,554.9,556.7,5614,
2016-11-22 11:15:00+05:30,556.7,557.25,556.7,557.2,3258,
2016-11-22 11:16:00+05:30,557.2,557.2,556.55,556.55,962,
2016-11-22 11:17:00+05:30,556.5,556.8,556.1,556.1,2636,
2016-11-22 11:18:00+05:30,556.1,556.95,556.05,556.6,5809,
2016-11-22 11:19:00+05:30,556.8,557,556.6,557,664,
2016-11-22 11:20:00+05:30,557,557.1,556.55,557,1134,
2016-11-22 11:21:00+05:30,557,557,556.5,556.5,1358,
2016-11-22 11:22:00+05:30,556.45,556.9,556.25,556.35,449,
2016-11-22 11:23:00+05:30,556.35,556.45,555.6,556,810,
2016-11-22 11:24:00+05:30,556,556.15,555.75,555.75,814,
2016-11-22 11:25:00+05:30,555.75,556,555.5,555.95,1701,
2016-11-22 11:26:00+05:30,555.7,556,555.35,555.35,1569,
2016-11-22 11:27:00+05:30,555.35,555.7,555,555.25,1299,
2016-11-22 11:28:00+05:30,555.25,555.6,555,555,3444,
2016-11-22 11:29:00+05:30,555.05,555.4,554.5,554.95,3140,
2016-11-22 11:30:00+05:30,554.95,554.95,554.25,554.3,1460,
2016-11-22 11:31:00+05:30,554.3,554.75,554.3,554.5,1507,
2016-11-22 11:32:00+05:30,554.5,554.5,553.45,553.5,7743,
2016-11-22 11:33:00+05:30,553.45,553.5,552.35,552.95,7214,
2016-11-22 11:34:00+05:30,552.95,553,552.05,552.4,5614,
2016-11-22 11:35:00+05:30,552.4,552.6,552,552.5,1578,
2016-11-22 11:36:00+05:30,552.5,553,552.35,552.8,1223,
2016-11-22 11:37:00+05:30,552.8,552.8,552.2,552.5,2574,
2016-11-22 11:38:00+05:30,552.5,553,552.45,553,1644,
2016-11-22 11:39:00+05:30,552.9,552.9,552.65,552.8,3519,
2016-11-22 11:40:00+05:30,552.8,552.8,552.65,552.8,1309,
2016-11-22 11:41:00+05:30,552.8,552.8,552.55,552.8,1133,
2016-11-22 11:42:00+05:30,552.8,552.8,552.35,552.7,3683,
2016-11-22 11:43:00+05:30,552.7,553.05,552.5,553.05,1084,
2016-11-22 11:44:00+05:30,553.05,553.05,552.95,553.05,2147,
2016-11-22 11:45:00+05:30,553.05,553.05,553,553.05,643,
2016-11-22 11:46:00+05:30,553.05,553.1,553,553.1,2235,
2016-11-22 11:47:00+05:30,553.1,553.15,553.05,553.15,1003,
2016-11-22 11:48:00+05:30,553.15,553.25,553.1,553.2,5163,
2016-11-22 11:49:00+05:30,553.25,553.25,553.2,553.2,1375,
2016-11-22 11:50:00+05:30,553.2,553.25,553.2,553.2,1274,
2016-11-22 11:51:00+05:30,553.2,553.25,552.9,553,1066,
2016-11-22 11:52:00+05:30,553,553,552.9,552.9,395,
2016-11-22 11:53:00+05:30,552.9,553,552.5,552.5,1867,
2016-11-22 11:54:00+05:30,552.5,552.5,552.35,552.35,2313,
2016-11-22 11:55:00+05:30,552.35,552.8,552.35,552.7,539,
2016-11-22 11:56:00+05:30,552.7,552.9,552.65,552.8,419,
2016-11-22 11:57:00+05:30,552.8,552.9,552.65,552.65,332,
2016-11-22 11:58:00+05:30,552.65,552.9,552.65,552.75,493,
2016-11-22 11:59:00+05:30,552.65,552.85,552.45,552.55,600,
2016-11-22 12:00:00+05:30,552.55,553,552.55,553,751,
2016-11-22 12:01:00+05:30,553,553,552.8,552.95,891,
2016-11-22 12:02:00+05:30,552.8,553,552.3,552.65,1380,
2016-11-22 12:03:00+05:30,552.65,553,552.65,552.7,581,
2016-11-22 12:04:00+05:30,552.7,552.7,552.05,552.35,4176,
2016-11-22 12:05:00+05:30,552.35,552.65,551.6,551.7,2986,
2016-11-22 12:06:00+05:30,551.7,552.25,551.7,551.9,1285,
2016-11-22 12:07:00+05:30,551.9,552.75,551.9,552.65,1094,
2016-11-22 12:08:00+05:30,552.65,553,552.6,552.9,853,
2016-11-22 12:09:00+05:30,552.9,553,552.85,552.85,987,
2016-11-22 12:10:00+05:30,552.6,552.95,552.05,552.8,2672,
2016-11-22 12:11:00+05:30,552.15,552.55,551.95,552,3181,
2016-11-22 12:12:00+05:30,552,552.8,552,552.75,940,
2016-11-22 12:13:00+05:30,552.75,552.9,551.95,552.45,966,
2016-11-22 12:14:00+05:30,552.45,552.45,552,552.35,693,
2016-11-22 12:15:00+05:30,552,552.75,552,552.45,962,
2016-11-22 12:16:00+05:30,552.45,552.95,552.35,552.85,4313,
2016-11-22 12:17:00+05:30,552.85,553,552.85,552.85,951,
2016-11-22 12:18:00+05:30,552.85,553,552.85,552.85,644,
2016-11-22 12:19:00+05:30,552.75,553,552.6,552.65,2603,
2016-11-22 12:20:00+05:30,552.6,552.7,552.05,552.2,721,
2016-11-22 12:21:00+05:30,552.2,552.65,552.2,552.45,360,
2016-11-22 12:22:00+05:30,552.25,552.7,552.25,552.3,802,
2016-11-22 12:23:00+05:30,552.3,552.8,552.05,552.3,2248,
2016-11-22 12:24:00+05:30,552.25,552.6,552.05,552.55,523,
2016-11-22 12:25:00+05:30,552.55,552.6,552.4,552.4,571,
2016-11-22 12:26:00+05:30,552.4,553,552.35,553,1213,
2016-11-22 12:27:00+05:30,552.75,553,552.75,552.75,1883,
2016-11-22 12:28:00+05:30,552.75,553,552.75,553,1142,
2016-11-22 12:29:00+05:30,552.85,553.15,552.75,553.15,14104,
2016-11-22 12:30:00+05:30,553,554.2,553,553.75,15546,
2016-11-22 12:31:00+05:30,553.75,553.85,551.4,552.6,10498,
2016-11-22 12:32:00+05:30,552.25,552.6,552,552.55,2139,
2016-11-22 12:33:00+05:30,551.95,553,551.95,552.45,101450,
2016-11-22 12:34:00+05:30,552.45,553.15,552.15,552.65,2899,
2016-11-22 12:35:00+05:30,552.65,552.75,552.5,552.75,1388,
2016-11-22 12:36:00+05:30,552.55,552.95,552.5,552.6,6593,
2016-11-22 12:37:00+05:30,552.6,553.05,552.6,552.65,756,
2016-11-22 12:38:00+05:30,552.55,553,552.35,552.45,10767,
2016-11-22 12:39:00+05:30,552.3,553.25,551.85,553.25,5153,
2016-11-22 12:40:00+05:30,553.2,553.25,552.6,552.7,1950,
2016-11-22 12:41:00+05:30,552.7,553,552.65,553,1293,
2016-11-22 12:42:00+05:30,552.95,553,552.95,552.95,402,
2016-11-22 12:43:00+05:30,552.95,553,552.65,552.9,644,
2016-11-22 12:44:00+05:30,552.9,553,552.65,553,744,
2016-11-22 12:45:00+05:30,552.7,553,552.45,552.65,921,
2016-11-22 12:46:00+05:30,552.65,552.95,552.65,552.7,372,
2016-11-22 12:47:00+05:30,552.65,552.9,552.4,552.7,514,
2016-11-22 12:48:00+05:30,552.45,552.85,552.45,552.85,341,
2016-11-22 12:49:00+05:30,552.8,553,552.8,552.95,317,
2016-11-22 12:50:00+05:30,552.95,553,552.95,552.95,476,
2016-11-22 12:51:00+05:30,552.95,553,552.8,552.9,569,
2016-11-22 12:52:00+05:30,552.9,553,552.9,552.95,347,
2016-11-22 12:53:00+05:30,552.9,553.15,552.9,553.1,2511,
2016-11-22 12:54:00+05:30,553.1,553.25,553.1,553.2,461,
2016-11-22 12:55:00+05:30,553.2,553.25,553.15,553.15,721,
2016-11-22 12:56:00+05:30,553.15,553.25,552.95,553,926,
2016-11-22 12:57:00+05:30,553.15,553.25,552.55,552.75,3485,
2016-11-22 12:58:00+05:30,552.5,552.5,552,552.2,4437,
2016-11-22 12:59:00+05:30,552.2,552.45,551.9,552.05,4484,
2016-11-22 13:00:00+05:30,552,552.15,552,552.1,1071,
2016-11-22 13:01:00+05:30,552,552.15,552,552.05,789,
2016-11-22 13:02:00+05:30,552.05,552.15,551.9,552.1,2199,
2016-11-22 13:03:00+05:30,551.9,552.1,551.7,551.95,1150,
2016-11-22 13:04:00+05:30,551.95,552,551.7,551.95,1393,
2016-11-22 13:05:00+05:30,551.9,552,551.7,551.85,682,
2016-11-22 13:06:00+05:30,551.9,552,551.9,552,2133,
2016-11-22 13:07:00+05:30,552,552.35,551.9,551.95,12201,
2016-11-22 13:08:00+05:30,551.95,552,551.8,552,1250,
2016-11-22 13:09:00+05:30,551.95,552,551.95,552,554,
2016-11-22 13:10:00+05:30,552,552.2,552,552.05,325,
2016-11-22 13:11:00+05:30,552,552.15,552,552.05,346,
2016-11-22 13:12:00+05:30,552.05,552.15,552,552.15,455,
2016-11-22 13:13:00+05:30,552.05,552.15,552.05,552.1,336,
2016-11-22 13:14:00+05:30,552.05,552.15,552.05,552.1,1001,
2016-11-22 13:15:00+05:30,552.05,552.15,551.95,552.1,2222,
2016-11-22 13:16:00+05:30,552.1,552.2,552,552.1,472,
2016-11-22 13:17:00+05:30,552,552.2,551.95,552,629,
2016-11-22 13:18:00+05:30,552,552.8,551.95,552.7,6618,
2016-11-22 13:19:00+05:30,552.7,552.8,552.5,552.5,6943,
2016-11-22 13:20:00+05:30,552.45,552.5,552.4,552.5,901,
2016-11-22 13:21:00+05:30,552.45,552.5,551.3,551.55,5572,
2016-11-22 13:22:00+05:30,551.2,551.75,551.2,551.4,584,
2016-11-22 13:23:00+05:30,551.25,551.75,551.25,551.7,983,
2016-11-22 13:24:00+05:30,551.35,551.7,551.35,551.45,570,
2016-11-22 13:25:00+05:30,551.45,551.7,551.4,551.55,224,
2016-11-22 13:26:00+05:30,551.45,551.8,551.45,551.55,456,
2016-11-22 13:27:00+05:30,551.5,552,551.5,552,2372,
2016-11-22 13:28:00+05:30,551.95,552,551.75,551.8,2163,
2016-11-22 13:29:00+05:30,551.8,551.9,551.75,551.75,304,
2016-11-22 13:30:00+05:30,551.75,552,551.75,551.95,2891,
2016-11-22 13:31:00+05:30,551.8,552,551.25,551.75,1316,
2016-11-22 13:32:00+05:30,551.5,551.95,551.2,551.95,902,
2016-11-22 13:33:00+05:30,551.35,551.85,551.3,551.8,290,
2016-11-22 13:34:00+05:30,551.4,551.8,551.3,551.5,292,
2016-11-22 13:35:00+05:30,551.5,551.7,551.2,551.55,1422,
2016-11-22 13:36:00+05:30,551.5,551.9,551.5,551.55,1249,
2016-11-22 13:37:00+05:30,551.3,551.85,551.3,551.85,1766,
2016-11-22 13:38:00+05:30,551.5,551.9,551.25,551.6,651,
2016-11-22 13:39:00+05:30,551.55,551.9,550.95,551.15,5809,
2016-11-22 13:40:00+05:30,551.15,551.25,550.75,551.05,532,
2016-11-22 13:41:00+05:30,550.75,551.7,550.75,551.4,775,
2016-11-22 13:42:00+05:30,551.4,551.75,551,551.45,1024,
2016-11-22 13:43:00+05:30,551.55,552,551.55,551.75,870,
2016-11-22 13:44:00+05:30,551.8,552,551.55,551.65,1893,
2016-11-22 13:45:00+05:30,551.65,552,551.55,551.65,1280,
2016-11-22 13:46:00+05:30,551.65,552,551.5,551.75,1557,
2016-11-22 13:47:00+05:30,551.75,552,551.5,551.75,1002,
2016-11-22 13:48:00+05:30,551.9,552,551.55,551.75,827,
2016-11-22 13:49:00+05:30,551.75,552,551.5,551.85,6340,
2016-11-22 13:50:00+05:30,551.95,551.95,551.6,551.6,2893,
2016-11-22 13:51:00+05:30,551.6,551.95,551.5,551.6,1120,
2016-11-22 13:52:00+05:30,551.6,551.95,551.6,551.9,1320,
2016-11-22 13:53:00+05:30,551.65,552,551.65,551.9,927,
2016-11-22 13:54:00+05:30,551.8,552,551.6,551.6,924,
2016-11-22 13:55:00+05:30,551.7,551.95,551.6,551.85,621,
2016-11-22 13:56:00+05:30,551.85,551.9,551.5,551.55,947,
2016-11-22 13:57:00+05:30,551.6,551.65,551.55,551.65,730,
2016-11-22 13:58:00+05:30,551.7,551.95,551.5,551.7,1410,
2016-11-22 13:59:00+05:30,551.65,552,551.65,551.9,543,
2016-11-22 14:00:00+05:30,551.9,552,551.9,551.95,863,
2016-11-22 14:01:00+05:30,551.95,552,551.65,551.75,1215,
2016-11-22 14:02:00+05:30,551.9,551.9,551.5,551.5,5066,
2016-11-22 14:03:00+05:30,551.95,551.95,550.85,551.25,9254,
2016-11-22 14:04:00+05:30,551.4,551.9,551.25,551.9,4295,
2016-11-22 14:05:00+05:30,551.9,552,551.75,551.85,718,
2016-11-22 14:06:00+05:30,551.75,552,551.55,551.55,1713,
2016-11-22 14:07:00+05:30,551.6,552,551.15,551.75,3149,
2016-11-22 14:08:00+05:30,551.65,552,551.5,551.5,1236,
2016-11-22 14:09:00+05:30,551.7,551.75,551.5,551.55,1120,
2016-11-22 14:10:00+05:30,551.5,551.85,551.05,551.5,1320,
2016-11-22 14:11:00+05:30,551.5,551.95,551.4,551.7,3048,
2016-11-22 14:12:00+05:30,551.9,552,551.7,551.85,630,
2016-11-22 14:13:00+05:30,551.85,552,551.7,551.7,1307,
2016-11-22 14:14:00+05:30,551.7,551.8,551.5,551.5,689,
2016-11-22 14:15:00+05:30,551.5,551.65,551,551.3,1242,
2016-11-22 14:16:00+05:30,551.1,551.65,551.1,551.65,1343,
2016-11-22 14:17:00+05:30,551.5,551.85,551.5,551.85,2081,
2016-11-22 14:18:00+05:30,551.6,551.85,551.5,551.5,1523,
2016-11-22 14:19:00+05:30,551.5,551.75,551.15,551.5,921,
2016-11-22 14:20:00+05:30,551.5,551.95,551.5,551.55,739,
2016-11-22 14:21:00+05:30,551.5,552,551.5,551.75,2817,
2016-11-22 14:22:00+05:30,551.85,552,551.65,551.85,1220,
2016-11-22 14:23:00+05:30,551.85,552,551.65,551.75,494,
2016-11-22 14:24:00+05:30,551.7,552,551.65,551.85,841,
2016-11-22 14:25:00+05:30,551.8,552,551.55,551.8,1735,
2016-11-22 14:26:00+05:30,551.8,551.8,551.5,551.5,1476,
2016-11-22 14:27:00+05:30,551.5,551.7,551.5,551.65,1369,
2016-11-22 14:28:00+05:30,551.6,551.65,551.5,551.5,883,
2016-11-22 14:29:00+05:30,551.5,551.9,551.5,551.85,1016,
2016-11-22 14:30:00+05:30,551.8,552,551.3,551.3,5997,
2016-11-22 14:31:00+05:30,551.35,552.05,551.1,551.35,9931,
2016-11-22 14:32:00+05:30,551.35,551.8,551.15,551.75,1242,
2016-11-22 14:33:00+05:30,551.55,552,551.25,551.3,3404,
2016-11-22 14:34:00+05:30,551.3,551.6,550.8,550.8,1317,
2016-11-22 14:35:00+05:30,550.75,551.4,550.75,551.1,662,
2016-11-22 14:36:00+05:30,551.05,551.35,551.05,551.35,456,
2016-11-22 14:37:00+05:30,551,551.45,550.95,551,938,
2016-11-22 14:38:00+05:30,550.95,551.35,550.8,551,525,
2016-11-22 14:39:00+05:30,551,551.3,550.8,551.2,620,
2016-11-22 14:40:00+05:30,551.2,551.8,551.2,551.5,597,
2016-11-22 14:41:00+05:30,551.5,551.7,550.75,551.15,3401,
2016-11-22 14:42:00+05:30,551.15,551.5,550.8,551.5,6469,
2016-11-22 14:43:00+05:30,551.1,551.3,550.85,550.95,381,
2016-11-22 14:44:00+05:30,550.95,551.6,550.95,551.2,415,
2016-11-22 14:45:00+05:30,551.25,551.5,551,551.05,879,
2016-11-22 14:46:00+05:30,551.05,551.65,551.05,551.2,523,
2016-11-22 14:47:00+05:30,551.25,551.7,551.25,551.35,584,
2016-11-22 14:48:00+05:30,551.25,552,551.25,551.9,984,
2016-11-22 14:49:00+05:30,551.85,552.2,551.6,552.15,20372,
2016-11-22 14:50:00+05:30,552.15,552.8,552.15,552.7,11944,
2016-11-22 14:51:00+05:30,552.65,553.15,552.5,553.15,67287,
2016-11-22 14:52:00+05:30,552.8,553.2,552.75,552.75,550,
2016-11-22 14:53:00+05:30,552.75,553,552.75,552.9,860,
2016-11-22 14:54:00+05:30,552.9,553,552.65,552.75,948,
2016-11-22 14:55:00+05:30,552.75,553,552.7,552.9,1244,
2016-11-22 14:56:00+05:30,552.9,553.25,552.9,553.05,926,
2016-11-22 14:57:00+05:30,553.05,553.25,553,553,315,
2016-11-22 14:58:00+05:30,553,553.25,553,553,3316,
2016-11-22 14:59:00+05:30,552.95,553,552.7,552.7,2926,
2016-11-22 15:00:00+05:30,552.5,552.9,552.1,552.1,8389,
2016-11-22 15:01:00+05:30,552.1,552.2,551.25,551.25,2939,
2016-11-22 15:02:00+05:30,551.1,551.15,550.6,550.6,3945,
2016-11-22 15:03:00+05:30,550.55,550.6,550.5,550.6,3579,
2016-11-22 15:04:00+05:30,550.6,551.5,550.6,551.5,4228,
2016-11-22 15:05:00+05:30,551.35,551.5,550.7,550.7,5553,
2016-11-22 15:06:00+05:30,550.7,550.75,550.2,550.2,4986,
2016-11-22 15:07:00+05:30,550.1,550.2,550,550.05,6503,
2016-11-22 15:08:00+05:30,550.1,550.1,550.05,550.05,7396,
2016-11-22 15:09:00+05:30,550.45,550.45,550.1,550.15,4168,
2016-11-22 15:10:00+05:30,550.15,550.15,550.1,550.1,2791,
2016-11-22 15:11:00+05:30,550.15,551,550.15,550.4,4465,
2016-11-22 15:12:00+05:30,550.8,550.85,550.2,550.35,4216,
2016-11-22 15:13:00+05:30,550.2,550.35,550.15,550.15,2446,
2016-11-22 15:14:00+05:30,550.05,550.15,550.05,550.05,4386,
2016-11-22 15:15:00+05:30,550.1,550.35,550.05,550.25,9773,
2016-11-22 15:16:00+05:30,550.05,550.1,550.05,550.1,5170,
2016-11-22 15:17:00+05:30,550.1,550.55,549.7,550.2,10809,
2016-11-22 15:18:00+05:30,550.45,550.45,550.05,550.1,5701,
2016-11-22 15:19:00+05:30,550.25,550.55,550.05,550.05,9087,
2016-11-22 15:20:00+05:30,550.05,550.1,550.05,550.1,6061,
2016-11-22 15:21:00+05:30,550.05,550.45,550.05,550.05,4307,
2016-11-22 15:22:00+05:30,550.1,550.1,550.05,550.1,5366,
2016-11-22 15:23:00+05:30,550.05,550.45,550.05,550.45,5883,
2016-11-22 15:24:00+05:30,550.45,550.65,550.4,550.65,3943,
2016-11-22 15:25:00+05:30,550.65,550.75,550.05,550.1,11694,
2016-11-22 15:26:00+05:30,550.1,550.4,550.05,550.15,8769,
2016-11-22 15:27:00+05:30,550.15,550.55,550.15,550.55,4633,
2016-11-22 15:28:00+05:30,550.85,550.85,550.3,550.55,2750,
2016-11-22 15:29:00+05:30,550.55,553.9,550.15,550.65,13046,
2016-11-23 09:15:00+05:30,554.85,554.85,551.1,551.6,3906,
2016-11-23 09:16:00+05:30,551.6,552.7,550.5,552.35,11283,
2016-11-23 09:17:00+05:30,552.05,552.05,549.2,551.5,9156,
2016-11-23 09:18:00+05:30,551.15,551.95,549.25,549.65,7070,
2016-11-23 09:19:00+05:30,549.65,550.25,549.45,550,3589,
2016-11-23 09:20:00+05:30,549.65,552.05,549.2,550,6748,
2016-11-23 09:21:00+05:30,550,550.9,549.8,550.35,2557,
2016-11-23 09:22:00+05:30,550.6,551,550.05,550.45,3440,
2016-11-23 09:23:00+05:30,550.45,550.95,550.05,550.9,3557,
2016-11-23 09:24:00+05:30,550.9,551.2,550.8,550.8,3032,
2016-11-23 09:25:00+05:30,550.8,551.2,550.4,550.4,2767,
2016-11-23 09:26:00+05:30,550.4,550.9,549.75,549.95,3142,
2016-11-23 09:27:00+05:30,549.95,551.9,549.85,550.95,4895,
2016-11-23 09:28:00+05:30,550.95,553.4,550.95,553.25,3224,
2016-11-23 09:29:00+05:30,553.25,553.25,552.35,552.85,851,
2016-11-23 09:30:00+05:30,552.85,553.2,552.3,552.6,1387,
2016-11-23 09:31:00+05:30,552.6,552.9,552.6,552.6,1043,
2016-11-23 09:32:00+05:30,552.6,552.8,552.2,552.7,6392,
2016-11-23 09:33:00+05:30,552.7,552.85,552.25,552.85,1728,
2016-11-23 09:34:00+05:30,552.85,553.9,552.85,553.45,2437,
2016-11-23 09:35:00+05:30,553.45,553.9,553.45,553.6,1240,
2016-11-23 09:36:00+05:30,553.6,553.7,553.15,553.3,1253,
2016-11-23 09:37:00+05:30,552.7,552.85,552.3,552.7,1630,
2016-11-23 09:38:00+05:30,552.7,553.45,552.5,552.7,1776,
2016-11-23 09:39:00+05:30,552.75,553.55,552.6,553.55,2411,
2016-11-23 09:40:00+05:30,553.55,553.55,551.6,552,1824,
2016-11-23 09:41:00+05:30,552,553.2,551.8,551.9,1807,
2016-11-23 09:42:00+05:30,552.15,553.25,552.15,553.25,1516,
2016-11-23 09:43:00+05:30,553.4,553.95,553.15,553.8,2300,
2016-11-23 09:44:00+05:30,553.8,554,553.6,553.95,1593,
2016-11-23 09:45:00+05:30,553.95,555.45,553.95,555.2,8938,
2016-11-23 09:46:00+05:30,555.2,555.2,553.25,553.7,4173,
2016-11-23 09:47:00+05:30,553.7,555.4,553.6,555.4,4321,
2016-11-23 09:48:00+05:30,555.4,555.4,554,554.2,9464,
2016-11-23 09:49:00+05:30,554.2,554.4,552.7,552.85,2819,
2016-11-23 09:50:00+05:30,552.85,552.9,552.05,552.45,2225,
2016-11-23 09:51:00+05:30,552.45,553.2,552.45,552.85,2417,
2016-11-23 09:52:00+05:30,552.5,552.85,552.2,552.4,1610,
2016-11-23 09:53:00+05:30,552.4,552.9,551.85,552.4,3285,
2016-11-23 09:54:00+05:30,552.4,552.9,551.75,552.85,915,
2016-11-23 09:55:00+05:30,552.9,553,552.55,552.85,2023,
2016-11-23 09:56:00+05:30,552.95,552.95,552.35,552.75,1860,
2016-11-23 09:57:00+05:30,552.75,552.75,552.5,552.7,1459,
2016-11-23 09:58:00+05:30,552.75,552.9,552.2,552.9,2146,
2016-11-23 09:59:00+05:30,552.9,553.75,552.85,553.5,2241,
2016-11-23 10:00:00+05:30,553.5,553.95,553.15,553.95,1135,
2016-11-23 10:01:00+05:30,553.95,553.95,553.7,553.85,884,
2016-11-23 10:02:00+05:30,553.7,553.85,553.3,553.75,1480,
2016-11-23 10:03:00+05:30,553.8,553.9,553.1,553.4,1318,
2016-11-23 10:04:00+05:30,553.4,553.45,553.1,553.4,783,
2016-11-23 10:05:00+05:30,553.4,553.8,553.3,553.8,1082,
2016-11-23 10:06:00+05:30,553.8,553.95,553.75,553.95,701,
2016-11-23 10:07:00+05:30,553.95,554.8,553.35,554.35,3768,
2016-11-23 10:08:00+05:30,554.35,554.95,554.25,554.95,1028,
2016-11-23 10:09:00+05:30,554.65,555,554.1,554.3,2914,
2016-11-23 10:10:00+05:30,554.35,554.7,553.7,554.7,3550,
2016-11-23 10:11:00+05:30,554.7,554.95,554.55,554.95,1996,
2016-11-23 10:12:00+05:30,554.9,554.95,554.45,554.45,1577,
2016-11-23 10:13:00+05:30,554.45,554.7,553.9,553.95,1501,
2016-11-23 10:14:00+05:30,554.4,554.4,553.65,554,1201,
2016-11-23 10:15:00+05:30,554,554.25,554,554.1,905,
2016-11-23 10:16:00+05:30,554.1,554.3,553.85,554,1718,
2016-11-23 10:17:00+05:30,554,554.15,553.6,553.7,629,
2016-11-23 10:18:00+05:30,553.7,553.7,553.2,553.2,2107,
2016-11-23 10:19:00+05:30,553.2,553.45,553.05,553.3,1053,
2016-11-23 10:20:00+05:30,553.3,553.3,553.05,553.1,141,
2016-11-23 10:21:00+05:30,553.1,553.5,553,553.05,2099,
2016-11-23 10:22:00+05:30,553.05,553.45,553,553,777,
2016-11-23 10:23:00+05:30,553,553.25,553,553,756,
2016-11-23 10:24:00+05:30,553,553.4,553,553.4,776,
2016-11-23 10:25:00+05:30,553.4,553.45,553,553.4,1406,
2016-11-23 10:26:00+05:30,553.4,553.4,553,553,436,
2016-11-23 10:27:00+05:30,553,553.35,553,553.3,471,
2016-11-23 10:28:00+05:30,553.3,553.3,553,553.15,430,
2016-11-23 10:29:00+05:30,553.15,553.45,553.1,553.2,986,
2016-11-23 10:30:00+05:30,553.2,553.45,553.2,553.4,404,
2016-11-23 10:31:00+05:30,553.4,553.45,553.3,553.3,179,
2016-11-23 10:32:00+05:30,553.3,553.55,553.3,553.5,273,
2016-11-23 10:33:00+05:30,553.5,555,553.3,553.3,2828,
2016-11-23 10:34:00+05:30,553.05,553.55,552.55,553.55,1533,
2016-11-23 10:35:00+05:30,553.55,553.7,553.1,553.1,729,
2016-11-23 10:36:00+05:30,553.1,553.85,553.1,553.3,2139,
2016-11-23 10:37:00+05:30,553.3,553.55,553.3,553.35,335,
2016-11-23 10:38:00+05:30,553.35,553.55,553.35,553.4,88,
2016-11-23 10:39:00+05:30,553.4,553.55,553.3,553.3,1059,
2016-11-23 10:40:00+05:30,553.5,553.5,553,553,1417,
2016-11-23 10:41:00+05:30,553.05,553.1,552.5,552.6,1494,
2016-11-23 10:42:00+05:30,552.6,552.85,552.45,552.45,307,
2016-11-23 10:43:00+05:30,552.55,553,552.35,553,1664,
2016-11-23 10:44:00+05:30,553,553.3,552.8,552.9,358,
2016-11-23 10:45:00+05:30,552.9,553.3,552.85,553.25,482,
2016-11-23 10:46:00+05:30,553.25,553.25,553.1,553.25,198,
2016-11-23 10:47:00+05:30,553.25,553.4,552.9,552.9,713,
2016-11-23 10:48:00+05:30,553.25,553.4,553,553.4,704,
2016-11-23 10:49:00+05:30,553.4,553.55,553.4,553.55,2015,
2016-11-23 10:50:00+05:30,553.55,553.65,553.15,553.45,374,
2016-11-23 10:51:00+05:30,553.45,553.55,553.35,553.5,199,
2016-11-23 10:52:00+05:30,553.5,553.5,553.25,553.4,110,
2016-11-23 10:53:00+05:30,553.4,553.5,553.1,553.1,309,
2016-11-23 10:54:00+05:30,553.1,553.5,553.1,553.4,1579,
2016-11-23 10:55:00+05:30,553.4,553.45,553.2,553.4,217,
2016-11-23 10:56:00+05:30,553.4,553.45,553.2,553.45,247,
2016-11-23 10:57:00+05:30,553.45,553.5,553.25,553.45,433,
2016-11-23 10:58:00+05:30,553.45,553.6,553.2,553.4,1182,
2016-11-23 10:59:00+05:30,553.3,553.7,552.9,553.6,2451,
2016-11-23 11:00:00+05:30,553.6,553.7,553.4,553.7,594,
2016-11-23 11:01:00+05:30,553.7,553.7,553.35,553.7,525,
2016-11-23 11:02:00+05:30,553.7,553.7,553.3,553.5,392,
2016-11-23 11:03:00+05:30,553.5,553.7,553.3,553.45,803,
2016-11-23 11:04:00+05:30,553.45,553.45,553.2,553.4,425,
2016-11-23 11:05:00+05:30,553.4,553.7,553.2,553.45,1158,
2016-11-23 11:06:00+05:30,553.45,553.65,553.15,553.45,849,
2016-11-23 11:07:00+05:30,553.55,553.95,553.35,553.8,1426,
2016-11-23 11:08:00+05:30,553.95,553.95,553.5,553.5,434,
2016-11-23 11:09:00+05:30,553.5,553.65,553.3,553.5,437,
2016-11-23 11:10:00+05:30,553.5,553.65,553.05,553.15,1061,
2016-11-23 11:11:00+05:30,553.05,553.35,552.55,553.35,888,
2016-11-23 11:12:00+05:30,553.35,553.35,552.55,553.1,866,
2016-11-23 11:13:00+05:30,553.1,553.45,552.55,552.65,1804,
2016-11-23 11:14:00+05:30,552.65,553,552.65,552.85,363,
2016-11-23 11:15:00+05:30,552.85,553.4,552.85,553.2,424,
2016-11-23 11:16:00+05:30,553.2,553.2,553,553.05,154,
2016-11-23 11:17:00+05:30,553.05,553.2,552.6,553.05,788,
2016-11-23 11:18:00+05:30,553.05,553.05,552.7,552.95,436,
2016-11-23 11:19:00+05:30,552.95,553,552.4,552.8,1046,
2016-11-23 11:20:00+05:30,552.8,553,552.35,553,1264,
2016-11-23 11:21:00+05:30,553,553,552.95,552.95,4587,
2016-11-23 11:22:00+05:30,552.9,552.95,552.55,552.8,899,
2016-11-23 11:23:00+05:30,552.8,552.95,552.5,552.5,682,
2016-11-23 11:24:00+05:30,552.65,552.65,552,552.25,1813,
2016-11-23 11:25:00+05:30,552.25,553,552.25,553,1231,
2016-11-23 11:26:00+05:30,552.95,552.95,552.3,552.9,862,
2016-11-23 11:27:00+05:30,552.9,553.3,552.85,553.25,1714,
2016-11-23 11:28:00+05:30,553.25,553.5,553.2,553.2,335,
2016-11-23 11:29:00+05:30,553.25,553.35,553.2,553.35,332,
2016-11-23 11:30:00+05:30,553.35,553.5,553.3,553.45,357,
2016-11-23 11:31:00+05:30,553.45,553.45,552.55,553.25,2325,
2016-11-23 11:32:00+05:30,553.25,553.3,552.85,552.85,796,
2016-11-23 11:33:00+05:30,552.85,552.85,552.6,552.75,188,
2016-11-23 11:34:00+05:30,552.75,553.2,552.7,553.15,306,
2016-11-23 11:35:00+05:30,553.2,553.3,553,553.3,879,
2016-11-23 11:36:00+05:30,553.3,553.4,553,553.05,1090,
2016-11-23 11:37:00+05:30,553.05,553.45,552.9,553,3567,
2016-11-23 11:38:00+05:30,553.05,553.3,553,553.15,479,
2016-11-23 11:39:00+05:30,553.15,553.2,552.45,552.9,3486,
2016-11-23 11:40:00+05:30,552.85,552.9,552.5,552.9,255,
2016-11-23 11:41:00+05:30,552.9,552.9,552.6,552.65,180,
2016-11-23 11:42:00+05:30,552.65,552.95,552.3,552.3,1838,
2016-11-23 11:43:00+05:30,552.3,552.8,552.3,552.65,835,
2016-11-23 11:44:00+05:30,552.6,552.8,552.3,552.8,442,
2016-11-23 11:45:00+05:30,552.8,553.2,552.45,553,11257,
2016-11-23 11:46:00+05:30,553,553.25,552.8,553.2,6452,
2016-11-23 11:47:00+05:30,553.15,553.65,553.1,553.65,9674,
2016-11-23 11:48:00+05:30,553.65,553.65,553.5,553.5,3682,
2016-11-23 11:49:00+05:30,553.5,553.65,553.3,553.65,7721,
2016-11-23 11:50:00+05:30,553.65,553.65,553.1,553.3,4201,
2016-11-23 11:51:00+05:30,553.6,553.65,552.85,552.85,622,
2016-11-23 11:52:00+05:30,552.85,553.95,552.75,553.9,14195,
2016-11-23 11:53:00+05:30,553.9,554.75,553.9,554.3,11952,
2016-11-23 11:54:00+05:30,554.3,554.8,553.1,553.55,15731,
2016-11-23 11:55:00+05:30,553.55,553.8,552.6,552.85,17124,
2016-11-23 11:56:00+05:30,552.85,554,552.05,553.55,15495,
2016-11-23 11:57:00+05:30,553.55,554,553.35,554,23617,
2016-11-23 11:58:00+05:30,554,554,553.5,554,4960,
2016-11-23 11:59:00+05:30,554,554,553.5,554,4695,
2016-11-23 12:00:00+05:30,554,554.7,554,554.6,958,
2016-11-23 12:01:00+05:30,554.45,554.7,554.4,554.4,1065,
2016-11-23 12:02:00+05:30,554.4,554.65,554.05,554.3,1782,
2016-11-23 12:03:00+05:30,554.3,554.95,554,554.9,2799,
2016-11-23 12:04:00+05:30,554.6,554.95,554.6,554.8,5507,
2016-11-23 12:05:00+05:30,554.8,554.95,554.5,554.6,2908,
2016-11-23 12:06:00+05:30,554.6,554.75,554.5,554.75,1822,
2016-11-23 12:07:00+05:30,554.75,554.8,554.5,554.55,510,
2016-11-23 12:08:00+05:30,554.55,554.65,554.5,554.5,899,
2016-11-23 12:09:00+05:30,554.5,554.65,554.5,554.5,16406,
2016-11-23 12:10:00+05:30,554.5,554.5,553.5,553.65,2766,
2016-11-23 12:11:00+05:30,553.65,554.1,553.25,553.9,4361,
2016-11-23 12:12:00+05:30,553.9,554,553.65,553.65,1863,
2016-11-23 12:13:00+05:30,553.65,553.95,553.15,553.5,962,
2016-11-23 12:14:00+05:30,553.5,553.5,553.1,553.5,909,
2016-11-23 12:15:00+05:30,553.45,553.95,553.1,553.95,3032,
2016-11-23 12:16:00+05:30,553.95,553.95,553.55,553.6,963,
2016-11-23 12:17:00+05:30,553.95,554.2,553.5,553.65,1144,
2016-11-23 12:18:00+05:30,553.65,554,553.35,553.65,1031,
2016-11-23 12:19:00+05:30,553.65,553.7,553.1,553.65,806,
2016-11-23 12:20:00+05:30,553.65,553.65,552.3,552.5,5956,
2016-11-23 12:21:00+05:30,552.5,552.5,552.2,552.45,1692,
2016-11-23 12:22:00+05:30,552.5,552.5,552,552.25,1125,
2016-11-23 12:23:00+05:30,552.25,552.9,552,552.5,6153,
2016-11-23 12:24:00+05:30,552.5,557.75,552.5,556.35,35226,
2016-11-23 12:25:00+05:30,555.65,557.85,555.5,557.85,7064,
2016-11-23 12:26:00+05:30,557.55,557.9,556.3,557.4,21005,
2016-11-23 12:27:00+05:30,557.35,559.1,556.65,558.85,69317,
2016-11-23 12:28:00+05:30,558.5,558.5,551.55,552.55,45693,
2016-11-23 12:29:00+05:30,552.85,554.5,552.8,553.75,29440,
2016-11-23 12:30:00+05:30,553.75,554.3,553.35,553.65,13113,
2016-11-23 12:31:00+05:30,553.6,553.7,552.5,552.5,13362,
2016-11-23 12:32:00+05:30,552.55,552.55,547.35,548.2,37336,
2016-11-23 12:33:00+05:30,548.1,551.9,548.1,551.8,20363,
2016-11-23 12:34:00+05:30,551.85,551.85,550.5,550.6,4916,
2016-11-23 12:35:00+05:30,550.6,552,550.5,551.5,6598,
2016-11-23 12:36:00+05:30,551.45,551.85,551.25,551.55,1738,
2016-11-23 12:37:00+05:30,551.55,551.9,551.55,551.9,2095,
2016-11-23 12:38:00+05:30,551.9,551.95,551.6,551.9,5083,
2016-11-23 12:39:00+05:30,551.9,554.4,551.75,553.15,30104,
2016-11-23 12:40:00+05:30,553.4,553.45,552.6,553.15,5146,
2016-11-23 12:41:00+05:30,553.25,553.9,553.25,553.55,3878,
2016-11-23 12:42:00+05:30,553.55,553.75,553.1,553.45,2276,
2016-11-23 12:43:00+05:30,553.2,553.3,552.2,552.4,4794,
2016-11-23 12:44:00+05:30,552.4,552.85,552.2,552.85,1695,
2016-11-23 12:45:00+05:30,552.8,552.95,552.3,552.4,3411,
2016-11-23 12:46:00+05:30,552.45,552.45,552,552.05,2689,
2016-11-23 12:47:00+05:30,552.05,552.05,551,551.05,3197,
2016-11-23 12:48:00+05:30,551.4,551.4,550.8,551.15,3278,
2016-11-23 12:49:00+05:30,551.15,551.75,551.05,551.3,1694,
2016-11-23 12:50:00+05:30,551.3,551.3,550.35,550.8,3475,
2016-11-23 12:51:00+05:30,550.8,551.3,550.6,551.3,6228,
2016-11-23 12:52:00+05:30,551.35,551.5,550.9,551.3,1242,
2016-11-23 12:53:00+05:30,551.3,552.4,551,552.4,13987,
2016-11-23 12:54:00+05:30,552.4,552.75,551.6,551.6,4239,
2016-11-23 12:55:00+05:30,551.6,552,551.6,551.6,1238,
2016-11-23 12:56:00+05:30,552,552.25,551.8,551.8,2080,
2016-11-23 12:57:00+05:30,551.8,552.95,551.8,552.95,4143,
2016-11-23 12:58:00+05:30,552.95,553.1,552.05,552.05,2429,
2016-11-23 12:59:00+05:30,552.05,552.5,551.7,551.8,657,
2016-11-23 13:00:00+05:30,551.8,552.15,551.7,552,357,
2016-11-23 13:01:00+05:30,552,552.75,552,552.75,720,
2016-11-23 13:02:00+05:30,552.75,552.95,552.4,552.45,2915,
2016-11-23 13:03:00+05:30,552.45,552.7,552.25,552.25,805,
2016-11-23 13:04:00+05:30,552.25,552.6,552.05,552.5,382,
2016-11-23 13:05:00+05:30,552.5,552.6,551.8,551.8,371,
2016-11-23 13:06:00+05:30,551.8,552.35,551.55,551.55,772,
2016-11-23 13:07:00+05:30,551.55,551.6,551.1,551.1,1211,
2016-11-23 13:08:00+05:30,551.1,551.3,550.9,550.9,3784,
2016-11-23 13:09:00+05:30,550.9,551.1,550.5,550.7,7575,
2016-11-23 13:10:00+05:30,550.85,550.9,550.5,550.55,4081,
2016-11-23 13:11:00+05:30,550.55,550.8,550.5,550.8,2008,
2016-11-23 13:12:00+05:30,550.8,550.8,550.2,550.55,1100,
2016-11-23 13:13:00+05:30,550.55,550.65,549.05,549.7,7430,
2016-11-23 13:14:00+05:30,549.7,549.7,548.55,549.1,8202,
2016-11-23 13:15:00+05:30,548.95,550.2,548.95,550.1,1513,
2016-11-23 13:16:00+05:30,550.1,550.8,550,550.8,4398,
2016-11-23 13:17:00+05:30,550.75,550.8,550,550.1,2200,
2016-11-23 13:18:00+05:30,550.1,550.5,550,550,1170,
2016-11-23 13:19:00+05:30,550,550.35,549.95,549.95,803,
2016-11-23 13:20:00+05:30,549.95,550,549,549.3,891,
2016-11-23 13:21:00+05:30,549.3,549.85,548.2,548.85,1240,
2016-11-23 13:22:00+05:30,548.8,549.9,548.8,549.45,1810,
2016-11-23 13:23:00+05:30,549.45,549.8,549.4,549.8,780,
2016-11-23 13:24:00+05:30,549.8,549.8,549.45,549.45,3013,
2016-11-23 13:25:00+05:30,549.45,550.35,549.45,550.35,1834,
2016-11-23 13:26:00+05:30,550.35,552,550.1,551.8,12907,
2016-11-23 13:27:00+05:30,551.8,551.9,550.8,550.9,8127,
2016-11-23 13:28:00+05:30,550.95,551.05,550.45,550.45,1008,
2016-11-23 13:29:00+05:30,550.6,550.9,549.7,550,2781,
2016-11-23 13:30:00+05:30,550,550.15,549.6,549.85,1099,
2016-11-23 13:31:00+05:30,549.85,550,549.85,550,1851,
2016-11-23 13:32:00+05:30,550,550.15,549.45,549.85,1414,
2016-11-23 13:33:00+05:30,549.85,550.2,549.45,549.7,2730,
2016-11-23 13:34:00+05:30,549.7,550.35,549.7,550.35,1157,
2016-11-23 13:35:00+05:30,550.5,551,550.1,550.95,714,
2016-11-23 13:36:00+05:30,550.75,551.5,550.75,551.35,953,
2016-11-23 13:37:00+05:30,551.35,551.35,550.55,550.85,975,
2016-11-23 13:38:00+05:30,550.85,550.85,550,550.15,768,
2016-11-23 13:39:00+05:30,550.15,551.5,550.15,551.35,1639,
2016-11-23 13:40:00+05:30,551.4,551.65,551.05,551.2,1088,
2016-11-23 13:41:00+05:30,551.2,551.25,550.6,550.6,1408,
2016-11-23 13:42:00+05:30,550.6,550.95,550.5,550.95,598,
2016-11-23 13:43:00+05:30,550.95,551,550.2,550.85,1543,
2016-11-23 13:44:00+05:30,550.85,551,550.65,550.75,3812,
2016-11-23 13:45:00+05:30,550.35,550.95,550.35,550.95,1015,
2016-11-23 13:46:00+05:30,550.95,551,550.3,550.6,12667,
2016-11-23 13:47:00+05:30,550.6,551,550,550.35,1962,
2016-11-23 13:48:00+05:30,550.35,550.7,550.05,550.35,2734,
2016-11-23 13:49:00+05:30,550.35,550.7,550.35,550.5,1534,
2016-11-23 13:50:00+05:30,550.5,550.6,550.35,550.35,470,
2016-11-23 13:51:00+05:30,550.35,550.7,550.35,550.4,401,
2016-11-23 13:52:00+05:30,550.4,550.6,550.35,550.4,1354,
2016-11-23 13:53:00+05:30,550.4,550.95,550.4,550.95,3282,
2016-11-23 13:54:00+05:30,550.95,550.95,550.2,550.45,3740,
2016-11-23 13:55:00+05:30,550.45,550.45,549.95,550.2,2022,
2016-11-23 13:56:00+05:30,550.2,550.2,549.6,549.75,1798,
2016-11-23 13:57:00+05:30,549.75,550,549.55,550,7339,
2016-11-23 13:58:00+05:30,550.2,550.75,549.9,550.75,4029,
2016-11-23 13:59:00+05:30,551,551.75,550.85,551,3788,
2016-11-23 14:00:00+05:30,551,551.05,550.65,550.9,1641,
2016-11-23 14:01:00+05:30,550.85,551.7,550.85,551.3,1494,
2016-11-23 14:02:00+05:30,551.7,551.7,550.85,551.2,2257,
2016-11-23 14:03:00+05:30,551.2,551.7,550.3,550.7,2543,
2016-11-23 14:04:00+05:30,550.8,551.55,550.55,551.2,2165,
2016-11-23 14:05:00+05:30,551.2,551.2,550.3,550.3,4296,
2016-11-23 14:06:00+05:30,550.3,551.25,550.1,551.25,2999,
2016-11-23 14:07:00+05:30,551.25,551.35,550.9,551.1,3320,
2016-11-23 14:08:00+05:30,551.1,551.45,550.85,551.3,3480,
2016-11-23 14:09:00+05:30,551.3,551.4,550.6,551,4939,
2016-11-23 14:10:00+05:30,551,551.45,551,551.45,1278,
2016-11-23 14:11:00+05:30,551.45,551.7,551.2,551.7,2306,
2016-11-23 14:12:00+05:30,551.7,551.75,551.35,551.4,2742,
2016-11-23 14:13:00+05:30,551.4,551.75,551.1,551.4,1408,
2016-11-23 14:14:00+05:30,551.35,551.35,550.7,551.1,1934,
2016-11-23 14:15:00+05:30,551.15,551.3,550.3,550.3,2933,
2016-11-23 14:16:00+05:30,550.15,550.5,550,550.4,2389,
2016-11-23 14:17:00+05:30,550.4,550.85,550,550.85,2105,
2016-11-23 14:18:00+05:30,550.9,550.9,550.5,550.65,3093,
2016-11-23 14:19:00+05:30,550.65,551.05,550.65,551,2414,
2016-11-23 14:20:00+05:30,551,551,550.25,550.6,3121,
2016-11-23 14:21:00+05:30,550.6,550.75,550.05,550.7,4669,
2016-11-23 14:22:00+05:30,550.7,551,550.7,551,4887,
2016-11-23 14:23:00+05:30,550.95,551,550.55,551,3173,
2016-11-23 14:24:00+05:30,551,551,550.6,550.95,1234,
2016-11-23 14:25:00+05:30,550.95,551,550.55,551,1862,
2016-11-23 14:26:00+05:30,551,551,550.4,550.7,1651,
2016-11-23 14:27:00+05:30,550.7,551.05,550.1,550.65,13750,
2016-11-23 14:28:00+05:30,550.65,551.5,550.65,551.5,2675,
2016-11-23 14:29:00+05:30,551.5,551.75,551.35,551.45,2493,
2016-11-23 14:30:00+05:30,551.45,551.5,550.55,550.55,2219,
2016-11-23 14:31:00+05:30,550.55,551.65,550.55,551.65,1264,
2016-11-23 14:32:00+05:30,551.65,551.65,551,551,2297,
2016-11-23 14:33:00+05:30,551,551.9,551,551.85,3134,
2016-11-23 14:34:00+05:30,551.85,551.9,551.6,551.9,1269,
2016-11-23 14:35:00+05:30,551.9,551.9,551.45,551.85,1699,
2016-11-23 14:36:00+05:30,551.85,551.9,551.55,551.6,2317,
2016-11-23 14:37:00+05:30,551.6,551.6,551.45,551.55,978,
2016-11-23 14:38:00+05:30,551.55,551.8,551.55,551.8,1231,
2016-11-23 14:39:00+05:30,551.8,551.9,551.5,551.85,2152,
2016-11-23 14:40:00+05:30,551.85,551.9,551,551.65,3198,
2016-11-23 14:41:00+05:30,551.65,551.65,551.1,551.65,1601,
2016-11-23 14:42:00+05:30,551.6,551.65,551,551.6,1188,
2016-11-23 14:43:00+05:30,551.6,551.9,551.45,551.9,11119,
2016-11-23 14:44:00+05:30,551.9,551.9,551.4,551.55,2197,
2016-11-23 14:45:00+05:30,551.7,551.8,551.05,551.4,2200,
2016-11-23 14:46:00+05:30,551.4,551.9,551.35,551.65,1524,
2016-11-23 14:47:00+05:30,551.65,551.65,551.15,551.3,2688,
2016-11-23 14:48:00+05:30,551.3,551.8,551.2,551.5,2004,
2016-11-23 14:49:00+05:30,551.15,551.5,550.8,550.8,3536,
2016-11-23 14:50:00+05:30,550.8,551.25,550.6,551,1271,
2016-11-23 14:51:00+05:30,551,551,550.25,550.8,1431,
2016-11-23 14:52:00+05:30,550.8,551,550.3,550.65,2762,
2016-11-23 14:53:00+05:30,550.65,551.5,550.3,551.5,1105,
2016-11-23 14:54:00+05:30,551.5,551.7,551.35,551.65,2711,
2016-11-23 14:55:00+05:30,551.65,551.7,550.5,550.5,4296,
2016-11-23 14:56:00+05:30,551.15,551.4,550.85,551.3,2494,
2016-11-23 14:57:00+05:30,551.3,551.75,551.3,551.6,3034,
2016-11-23 14:58:00+05:30,551.6,551.6,550.9,551.35,2229,
2016-11-23 14:59:00+05:30,551.35,551.6,551.2,551.25,1445,
2016-11-23 15:00:00+05:30,551.25,551.6,550.55,550.55,7615,
2016-11-23 15:01:00+05:30,550.55,551.5,550.55,551.35,4215,
2016-11-23 15:02:00+05:30,551.2,551.2,550.3,550.9,7719,
2016-11-23 15:03:00+05:30,550.85,551.1,550.8,551.1,6962,
2016-11-23 15:04:00+05:30,551.1,551.3,550.75,551.3,3558,
2016-11-23 15:05:00+05:30,551.3,551.5,550.8,551.45,4799,
2016-11-23 15:06:00+05:30,551.45,551.6,551.2,551.6,4333,
2016-11-23 15:07:00+05:30,551.4,551.6,551.1,551.2,5541,
2016-11-23 15:08:00+05:30,551.2,551.25,550.85,550.95,5500,
2016-11-23 15:09:00+05:30,550.95,551.25,550.6,551.25,4668,
2016-11-23 15:10:00+05:30,551.15,551.45,550.85,551,8911,
2016-11-23 15:11:00+05:30,551,551.6,551,551.6,23430,
2016-11-23 15:12:00+05:30,551.85,552.15,551.6,552.15,7313,
2016-11-23 15:13:00+05:30,552.15,552.85,552.15,552.45,18144,
2016-11-23 15:14:00+05:30,552.5,552.5,552.1,552.5,7962,
2016-11-23 15:15:00+05:30,552.5,553.65,552,553.1,17312,
2016-11-23 15:16:00+05:30,553.1,554.4,553.1,554.1,19682,
2016-11-23 15:17:00+05:30,554.3,554.65,553.2,553.75,9792,
2016-11-23 15:18:00+05:30,553.75,554.2,553.05,553.45,15618,
2016-11-23 15:19:00+05:30,553.5,554,553.3,553.3,9124,
2016-11-23 15:20:00+05:30,553.85,554,553.25,554,10874,
2016-11-23 15:21:00+05:30,554,554.75,553.25,553.55,11045,
2016-11-23 15:22:00+05:30,553.65,554.5,553.5,553.9,13721,
2016-11-23 15:23:00+05:30,553.9,554.25,553.5,553.55,13226,
2016-11-23 15:24:00+05:30,553.85,554.5,553.55,554.45,11243,
2016-11-23 15:25:00+05:30,554.45,554.45,553.75,554,10986,
2016-11-23 15:26:00+05:30,553.8,554.5,553.2,554.25,11698,
2016-11-23 15:27:00+05:30,554.6,554.6,553.75,554,11917,
2016-11-23 15:28:00+05:30,553.7,554,553,553,7531,
2016-11-23 15:29:00+05:30,552.5,552.7,550.15,552,9399,
2016-11-24 09:15:00+05:30,550.45,550.45,545.05,545.1,12948,
2016-11-24 09:16:00+05:30,545.5,548.25,545.25,547.95,10074,
2016-11-24 09:17:00+05:30,547.7,548.45,546,548.05,5777,
2016-11-24 09:18:00+05:30,548.05,548.7,547.05,548.7,4396,
2016-11-24 09:19:00+05:30,548.95,550,548.05,548.05,4619,
2016-11-24 09:20:00+05:30,548.05,550,548.05,549.6,5640,
2016-11-24 09:21:00+05:30,549.6,549.6,548.7,548.8,7491,
2016-11-24 09:22:00+05:30,548.8,549.4,548.45,548.85,3121,
2016-11-24 09:23:00+05:30,548.85,548.85,548,548.75,2157,
2016-11-24 09:24:00+05:30,548.75,549.7,548.75,549.7,1764,
2016-11-24 09:25:00+05:30,549.7,549.7,549.2,549.5,2234,
2016-11-24 09:26:00+05:30,549.5,549.85,549.3,549.55,2743,
2016-11-24 09:27:00+05:30,549.55,549.7,549,549,1350,
2016-11-24 09:28:00+05:30,549.1,549.35,549,549.15,987,
2016-11-24 09:29:00+05:30,549.1,549.5,549.1,549.3,1305,
2016-11-24 09:30:00+05:30,549.3,549.5,549.2,549.5,693,
2016-11-24 09:31:00+05:30,549.5,549.8,549.3,549.8,1263,
2016-11-24 09:32:00+05:30,549.8,550.2,549.65,549.65,1668,
2016-11-24 09:33:00+05:30,549.65,550,549.5,549.5,1089,
2016-11-24 09:34:00+05:30,549.5,550.55,549.5,550.3,2305,
2016-11-24 09:35:00+05:30,550.55,550.55,549.85,549.85,2758,
2016-11-24 09:36:00+05:30,549.85,550.45,549.55,550.05,974,
2016-11-24 09:37:00+05:30,550.05,550.35,550.05,550.3,562,
2016-11-24 09:38:00+05:30,550.3,550.3,549.8,549.8,380,
2016-11-24 09:39:00+05:30,549.8,549.95,549.5,549.9,1285,
2016-11-24 09:40:00+05:30,549.9,550,549.5,549.7,744,
2016-11-24 09:41:00+05:30,549.7,549.95,549.65,549.7,281,
2016-11-24 09:42:00+05:30,549.7,549.7,549.5,549.5,1052,
2016-11-24 09:43:00+05:30,549.5,550,549.5,549.5,1633,
2016-11-24 09:44:00+05:30,549.5,549.85,549.5,549.5,97,
2016-11-24 09:45:00+05:30,549.5,549.65,549.3,549.3,4015,
2016-11-24 09:46:00+05:30,549.3,549.7,549.2,549.5,1630,
2016-11-24 09:47:00+05:30,549.7,549.85,549.45,549.7,551,
2016-11-24 09:48:00+05:30,549.7,549.9,549.2,549.2,492,
2016-11-24 09:49:00+05:30,549.2,549.35,549,549.15,1316,
2016-11-24 09:50:00+05:30,549.15,549.2,548.9,549.05,845,
2016-11-24 09:51:00+05:30,549.05,549.15,548.5,548.5,780,
2016-11-24 09:52:00+05:30,548.5,548.85,548.5,548.65,611,
2016-11-24 09:53:00+05:30,548.65,548.95,548.5,548.95,1124,
2016-11-24 09:54:00+05:30,548.95,549.4,548.85,549.35,930,
2016-11-24 09:55:00+05:30,549.35,549.35,549,549,591,
2016-11-24 09:56:00+05:30,549.15,549.45,549,549.15,647,
2016-11-24 09:57:00+05:30,548.9,549.1,548.15,548.5,484,
2016-11-24 09:58:00+05:30,548.5,548.55,548.2,548.45,729,
2016-11-24 09:59:00+05:30,548.55,549.25,548.35,549.25,628,
2016-11-24 10:00:00+05:30,549.25,549.25,548.65,548.95,1221,
2016-11-24 10:01:00+05:30,548.95,549.05,548.25,548.55,1212,
2016-11-24 10:02:00+05:30,548.55,548.55,547.85,547.85,2269,
2016-11-24 10:03:00+05:30,547.9,547.95,547.3,547.35,2253,
2016-11-24 10:04:00+05:30,547.35,547.65,547.35,547.6,829,
2016-11-24 10:05:00+05:30,547.6,547.65,547.3,547.3,267,
2016-11-24 10:06:00+05:30,547.3,547.85,547.3,547.3,3426,
2016-11-24 10:07:00+05:30,547.3,547.85,547.3,547.8,202,
2016-11-24 10:08:00+05:30,547.8,547.9,547.55,547.7,1581,
2016-11-24 10:09:00+05:30,547.7,548.4,547.65,548.4,1604,
2016-11-24 10:10:00+05:30,548.4,548.4,547.55,547.6,2391,
2016-11-24 10:11:00+05:30,547.6,547.75,547.6,547.7,292,
2016-11-24 10:12:00+05:30,547.75,547.75,546.85,546.9,8649,
2016-11-24 10:13:00+05:30,546.9,547.45,546.85,546.85,3358,
2016-11-24 10:14:00+05:30,546.85,546.85,545.6,545.85,4441,
2016-11-24 10:15:00+05:30,545.85,546,545.5,545.75,1892,
2016-11-24 10:16:00+05:30,545.75,545.75,545.45,545.7,1498,
2016-11-24 10:17:00+05:30,545.7,546.95,545.7,546.75,2022,
2016-11-24 10:18:00+05:30,546.9,547.95,546.8,547.8,1265,
2016-11-24 10:19:00+05:30,547.8,547.9,547.55,547.75,396,
2016-11-24 10:20:00+05:30,547.75,547.75,546.8,546.8,1786,
2016-11-24 10:21:00+05:30,546.75,547.2,546.75,547.2,1494,
2016-11-24 10:22:00+05:30,547.2,547.5,547.1,547.45,1281,
2016-11-24 10:23:00+05:30,547.45,547.45,546.6,546.6,673,
2016-11-24 10:24:00+05:30,546.4,546.8,545.8,546.55,8485,
2016-11-24 10:25:00+05:30,546.55,546.55,546.4,546.5,359,
2016-11-24 10:26:00+05:30,546.5,546.6,545.4,546.05,12587,
2016-11-24 10:27:00+05:30,546.05,546.7,546,546.7,6083,
2016-11-24 10:28:00+05:30,546.7,546.7,546,546.05,3109,
2016-11-24 10:29:00+05:30,546.05,546.4,546.05,546.15,316,
2016-11-24 10:30:00+05:30,546.15,546.35,546.05,546.35,924,
2016-11-24 10:31:00+05:30,546.35,546.4,546,546.25,2248,
2016-11-24 10:32:00+05:30,546.25,546.4,546,546.25,5359,
2016-11-24 10:33:00+05:30,546.25,546.95,546.25,546.45,5620,
2016-11-24 10:34:00+05:30,546.45,547,546.45,547,1724,
2016-11-24 10:35:00+05:30,546.8,546.95,546.65,546.95,830,
2016-11-24 10:36:00+05:30,546.95,546.95,546.45,546.65,550,
2016-11-24 10:37:00+05:30,546.65,546.9,546,546.3,1740,
2016-11-24 10:38:00+05:30,546.3,546.55,546.15,546.5,360,
2016-11-24 10:39:00+05:30,546.5,546.7,546.05,546.25,4878,
2016-11-24 10:40:00+05:30,546.25,546.45,545.95,546.15,2197,
2016-11-24 10:41:00+05:30,546.15,546.4,546,546.2,644,
2016-11-24 10:42:00+05:30,546.2,546.35,546.05,546.2,701,
2016-11-24 10:43:00+05:30,546.2,546.4,546.05,546.05,1704,
2016-11-24 10:44:00+05:30,546.05,546.85,546.05,546.85,3447,
2016-11-24 10:45:00+05:30,546.6,547.5,546.6,547.5,2666,
2016-11-24 10:46:00+05:30,547.5,547.5,547.15,547.4,1354,
2016-11-24 10:47:00+05:30,547.3,547.35,547,547.25,2873,
2016-11-24 10:48:00+05:30,547.45,547.8,547.25,547.8,5330,
2016-11-24 10:49:00+05:30,547.75,547.85,547.5,547.8,5205,
2016-11-24 10:50:00+05:30,547.8,547.8,547.5,547.7,1546,
2016-11-24 10:51:00+05:30,547.7,548,547.55,547.85,1602,
2016-11-24 10:52:00+05:30,547.85,547.9,547.5,547.65,2572,
2016-11-24 10:53:00+05:30,547.7,547.85,547.4,547.8,5438,
2016-11-24 10:54:00+05:30,547.85,547.95,547.5,547.95,7395,
2016-11-24 10:55:00+05:30,547.95,548.8,547.9,548.7,1876,
2016-11-24 10:56:00+05:30,548.7,548.85,548,548.8,3662,
2016-11-24 10:57:00+05:30,548.8,549.7,548.4,549.15,6929,
2016-11-24 10:58:00+05:30,549.2,550,549.2,550,5188,
2016-11-24 10:59:00+05:30,550.05,550.5,550,550.15,5713,
2016-11-24 11:00:00+05:30,550.15,550.15,549.85,550,1716,
2016-11-24 11:01:00+05:30,550,550.3,549.8,550.3,796,
2016-11-24 11:02:00+05:30,550.3,550.65,550.15,550.65,2599,
2016-11-24 11:03:00+05:30,550.65,550.65,550.2,550.5,1894,
2016-11-24 11:04:00+05:30,550.5,550.65,550.45,550.65,1222,
2016-11-24 11:05:00+05:30,550.65,550.65,550.35,550.65,1375,
2016-11-24 11:06:00+05:30,550.65,551.1,550.2,550.95,4512,
2016-11-24 11:07:00+05:30,550.95,554.5,550.85,554.45,24298,
2016-11-24 11:08:00+05:30,554.15,555.8,553.95,555.75,17739,
2016-11-24 11:09:00+05:30,555.75,555.75,553.9,554,13161,
2016-11-24 11:10:00+05:30,554,554.35,553.9,554.05,1694,
2016-11-24 11:11:00+05:30,554.05,554.4,554,554.4,3310,
2016-11-24 11:12:00+05:30,554.4,554.4,553.6,553.75,6075,
2016-11-24 11:13:00+05:30,553.75,553.95,553.55,553.95,1071,
2016-11-24 11:14:00+05:30,553.9,553.95,553.3,553.45,2870,
2016-11-24 11:15:00+05:30,553.45,554.25,553.45,554.25,7839,
2016-11-24 11:16:00+05:30,554.25,554.75,553.65,553.65,16088,
2016-11-24 11:17:00+05:30,553.65,553.65,552.45,552.55,9525,
2016-11-24 11:18:00+05:30,552.55,552.85,551.5,552.85,9593,
2016-11-24 11:19:00+05:30,552.85,552.85,551.55,552.25,7697,
2016-11-24 11:20:00+05:30,552.2,552.3,551.45,551.45,4842,
2016-11-24 11:21:00+05:30,551.95,552.7,551.55,552.65,1636,
2016-11-24 11:22:00+05:30,552.65,552.95,552.15,552.25,3912,
2016-11-24 11:23:00+05:30,552.25,554.35,552.25,554.35,12833,
2016-11-24 11:24:00+05:30,554.35,554.4,554,554.1,9009,
2016-11-24 11:25:00+05:30,554,554,553.3,553.3,3090,
2016-11-24 11:26:00+05:30,553.3,553.3,552.45,552.6,10180,
2016-11-24 11:27:00+05:30,552.35,554,552.3,553.9,6802,
2016-11-24 11:28:00+05:30,553.9,554.3,553.55,554.3,8839,
2016-11-24 11:29:00+05:30,554.3,554.4,553.9,554.3,5388,
2016-11-24 11:30:00+05:30,554.3,554.3,553.6,553.6,1153,
2016-11-24 11:31:00+05:30,553.6,553.95,553.6,553.6,694,
2016-11-24 11:32:00+05:30,553.6,553.8,553.4,553.4,340,
2016-11-24 11:33:00+05:30,553.25,553.6,553,553,1266,
2016-11-24 11:34:00+05:30,553.15,553.3,551.4,552.6,4092,
2016-11-24 11:35:00+05:30,552.6,553.2,552.6,553.2,374,
2016-11-24 11:36:00+05:30,553.2,553.2,552.55,552.55,437,
2016-11-24 11:37:00+05:30,552.55,552.55,552.05,552.35,1420,
2016-11-24 11:38:00+05:30,552.35,552.35,552,552.35,263,
2016-11-24 11:39:00+05:30,552.35,552.7,552.2,552.45,387,
2016-11-24 11:40:00+05:30,552.45,552.45,552.2,552.2,323,
2016-11-24 11:41:00+05:30,552.3,552.3,551.55,552,1190,
2016-11-24 11:42:00+05:30,552.3,552.3,551.6,552,1005,
2016-11-24 11:43:00+05:30,552,552.1,551.6,551.9,583,
2016-11-24 11:44:00+05:30,551.9,551.9,551.6,551.8,225,
2016-11-24 11:45:00+05:30,551.8,552,551.6,552,945,
2016-11-24 11:46:00+05:30,552,552,551.7,551.7,279,
2016-11-24 11:47:00+05:30,551.7,552,551.6,551.7,490,
2016-11-24 11:48:00+05:30,551.7,551.8,551.5,551.8,306,
2016-11-24 11:49:00+05:30,551.8,552.05,551.5,552.05,167,
2016-11-24 11:50:00+05:30,552.05,552.05,551.7,551.7,152,
2016-11-24 11:51:00+05:30,551.7,552.1,551.6,552.1,498,
2016-11-24 11:52:00+05:30,552.1,552.1,551.8,551.8,48,
2016-11-24 11:53:00+05:30,551.8,551.9,551.45,551.75,1256,
2016-11-24 11:54:00+05:30,551.75,552,551.6,551.7,178,
2016-11-24 11:55:00+05:30,551.7,551.7,551.4,551.5,157,
2016-11-24 11:56:00+05:30,551.5,552,551.4,552,1792,
2016-11-24 11:57:00+05:30,552,552.75,551.9,552.7,2605,
2016-11-24 11:58:00+05:30,552.7,553.45,552.6,553.4,1290,
2016-11-24 11:59:00+05:30,553.4,553.45,552.55,552.85,1922,
2016-11-24 12:00:00+05:30,552.85,552.95,552.1,552.9,564,
2016-11-24 12:01:00+05:30,552.9,553.15,552.4,553.1,575,
2016-11-24 12:02:00+05:30,553.1,553.1,552.45,553.05,625,
2016-11-24 12:03:00+05:30,553.05,553.15,552.6,552.9,1602,
2016-11-24 12:04:00+05:30,552.9,552.9,552.15,552.2,345,
2016-11-24 12:05:00+05:30,552.2,552.35,552.1,552.35,275,
2016-11-24 12:06:00+05:30,552.35,552.35,552,552.2,2147,
2016-11-24 12:07:00+05:30,552.3,552.35,551.8,552.2,577,
2016-11-24 12:08:00+05:30,552.2,552.4,551.8,552.25,486,
2016-11-24 12:09:00+05:30,552.25,552.7,552.25,552.7,431,
2016-11-24 12:10:00+05:30,552.7,552.7,552,552.1,3391,
2016-11-24 12:11:00+05:30,552.1,552.25,552.1,552.25,56,
2016-11-24 12:12:00+05:30,552.25,552.4,552.1,552.15,938,
2016-11-24 12:13:00+05:30,552.15,552.15,551.1,551.7,2249,
2016-11-24 12:14:00+05:30,551.55,552.25,551.55,552,2850,
2016-11-24 12:15:00+05:30,552,552.1,551.85,552,551,
2016-11-24 12:16:00+05:30,552,552,551.55,551.8,714,
2016-11-24 12:17:00+05:30,551.8,551.85,551.6,551.85,977,
2016-11-24 12:18:00+05:30,551.85,552,551.55,551.75,1262,
2016-11-24 12:19:00+05:30,551.75,551.85,551.6,551.7,852,
2016-11-24 12:20:00+05:30,551.7,551.7,551.55,551.65,542,
2016-11-24 12:21:00+05:30,551.65,551.75,551.55,551.75,91,
2016-11-24 12:22:00+05:30,551.75,551.8,551.55,551.8,431,
2016-11-24 12:23:00+05:30,551.55,551.7,551.55,551.65,1547,
2016-11-24 12:24:00+05:30,551.65,552,551.35,552,2736,
2016-11-24 12:25:00+05:30,552,552,551.55,552,1408,
2016-11-24 12:26:00+05:30,552,552,551.75,551.8,62,
2016-11-24 12:27:00+05:30,551.8,551.9,551.8,551.9,132,
2016-11-24 12:28:00+05:30,551.85,552,551.55,552,1078,
2016-11-24 12:29:00+05:30,552,552,551.55,551.8,523,
2016-11-24 12:30:00+05:30,551.8,551.9,551.55,551.75,614,
2016-11-24 12:31:00+05:30,551.75,551.9,551.75,551.85,266,
2016-11-24 12:32:00+05:30,551.85,551.85,551.55,551.55,203,
2016-11-24 12:33:00+05:30,551.65,552,551.1,552,1512,
2016-11-24 12:34:00+05:30,552,552,551.65,551.65,2678,
2016-11-24 12:35:00+05:30,551.65,551.75,551.55,551.75,1011,
2016-11-24 12:36:00+05:30,551.75,552.35,551.75,551.8,336,
2016-11-24 12:37:00+05:30,551.8,552.1,551.65,551.95,359,
2016-11-24 12:38:00+05:30,551.65,551.95,551.55,551.75,653,
2016-11-24 12:39:00+05:30,551.75,552,551.75,551.75,286,
2016-11-24 12:40:00+05:30,552,552,551.35,551.35,887,
2016-11-24 12:41:00+05:30,551.35,551.9,551.25,551.9,482,
2016-11-24 12:42:00+05:30,551.9,551.9,551.4,551.65,380,
2016-11-24 12:43:00+05:30,551.65,551.7,551.3,551.7,589,
2016-11-24 12:44:00+05:30,551.7,551.7,551.55,551.55,238,
2016-11-24 12:45:00+05:30,551.55,551.7,551.15,551.15,1062,
2016-11-24 12:46:00+05:30,551.45,551.7,551.3,551.35,166,
2016-11-24 12:47:00+05:30,551.35,551.35,551,551.3,584,
2016-11-24 12:48:00+05:30,551.05,551.4,551.05,551.35,436,
2016-11-24 12:49:00+05:30,551.35,551.9,551.35,551.9,181,
2016-11-24 12:50:00+05:30,551.9,551.9,551.25,551.7,853,
2016-11-24 12:51:00+05:30,551.7,551.7,551.35,551.65,639,
2016-11-24 12:52:00+05:30,551.65,551.65,551.3,551.5,100,
2016-11-24 12:53:00+05:30,551.5,551.5,550.15,550.7,3420,
2016-11-24 12:54:00+05:30,550.7,551.05,550.2,551.05,938,
2016-11-24 12:55:00+05:30,551.05,551.2,550.25,550.45,1983,
2016-11-24 12:56:00+05:30,550.45,551.3,550.4,551.2,5004,
2016-11-24 12:57:00+05:30,551.15,551.45,550.55,550.6,1717,
2016-11-24 12:58:00+05:30,550.6,550.75,550.25,550.45,1273,
2016-11-24 12:59:00+05:30,550.45,550.45,550.35,550.35,360,
2016-11-24 13:00:00+05:30,550.8,550.8,550.35,550.35,620,
2016-11-24 13:01:00+05:30,550.35,550.45,549.95,550.15,3762,
2016-11-24 13:02:00+05:30,550.15,550.15,549.85,550,2267,
2016-11-24 13:03:00+05:30,550.15,550.15,550,550.15,1746,
2016-11-24 13:04:00+05:30,550.15,550.5,549.1,550.2,10362,
2016-11-24 13:05:00+05:30,550.25,550.85,550.25,550.85,418,
2016-11-24 13:06:00+05:30,550.85,550.95,550.6,550.6,645,
2016-11-24 13:07:00+05:30,550.6,550.85,550.55,550.7,162,
2016-11-24 13:08:00+05:30,550.7,550.7,550.5,550.5,88,
2016-11-24 13:09:00+05:30,550.5,550.5,550.2,550.3,450,
2016-11-24 13:10:00+05:30,550.25,550.7,550.05,550.7,2872,
2016-11-24 13:11:00+05:30,550.7,550.8,550,550.05,4189,
2016-11-24 13:12:00+05:30,550,550.85,549.75,550.6,10533,
2016-11-24 13:13:00+05:30,550.6,550.8,550.05,550.5,630,
2016-11-24 13:14:00+05:30,550.05,550.75,550.05,550.5,3522,
2016-11-24 13:15:00+05:30,550.5,550.7,550,550.45,7868,
2016-11-24 13:16:00+05:30,550.45,550.5,550.05,550.5,3818,
2016-11-24 13:17:00+05:30,550.5,550.8,550.2,550.2,1491,
2016-11-24 13:18:00+05:30,550.2,550.55,550.2,550.2,2427,
2016-11-24 13:19:00+05:30,550.2,550.8,550,550.8,5351,
2016-11-24 13:20:00+05:30,550.8,551.25,550.6,550.85,1540,
2016-11-24 13:21:00+05:30,550.85,551,550.4,550.8,750,
2016-11-24 13:22:00+05:30,550.8,551,550.3,550.35,770,
2016-11-24 13:23:00+05:30,550.35,550.85,550.35,550.85,311,
2016-11-24 13:24:00+05:30,550.85,550.85,550.25,550.8,1344,
2016-11-24 13:25:00+05:30,550.8,550.8,550.65,550.7,454,
2016-11-24 13:26:00+05:30,550.7,551.1,550.55,551.1,4873,
2016-11-24 13:27:00+05:30,551.1,551.4,551,551.05,1245,
2016-11-24 13:28:00+05:30,551.05,551.1,551,551,241,
2016-11-24 13:29:00+05:30,551,551.3,551,551.3,402,
2016-11-24 13:30:00+05:30,551.3,551.45,551,551.3,768,
2016-11-24 13:31:00+05:30,551.3,551.35,550.6,551.1,1791,
2016-11-24 13:32:00+05:30,551.1,551.1,550.85,550.85,267,
2016-11-24 13:33:00+05:30,550.85,551.25,550.85,551.25,774,
2016-11-24 13:34:00+05:30,551.25,551.3,551.1,551.1,178,
2016-11-24 13:35:00+05:30,551.1,551.1,550.65,550.95,435,
2016-11-24 13:36:00+05:30,550.95,550.95,550.3,550.9,1706,
2016-11-24 13:37:00+05:30,550.9,550.9,550.25,550.9,5560,
2016-11-24 13:38:00+05:30,550.9,551.1,550.9,551.1,794,
2016-11-24 13:39:00+05:30,551.1,551.2,550.65,551,497,
2016-11-24 13:40:00+05:30,551,551,550.6,550.6,5486,
2016-11-24 13:41:00+05:30,550.25,551,550.25,550.55,2323,
2016-11-24 13:42:00+05:30,550.55,551.2,550.3,550.9,4394,
2016-11-24 13:43:00+05:30,550.9,551.2,550.55,550.9,1752,
2016-11-24 13:44:00+05:30,550.9,550.9,550.25,550.45,3749,
2016-11-24 13:45:00+05:30,550.45,550.5,550.3,550.5,1464,
2016-11-24 13:46:00+05:30,550.35,550.45,550,550.35,3680,
2016-11-24 13:47:00+05:30,550.35,550.5,550.15,550.4,411,
2016-11-24 13:48:00+05:30,550.4,550.45,550.1,550.3,616,
2016-11-24 13:49:00+05:30,550.3,550.5,550.25,550.5,1050,
2016-11-24 13:50:00+05:30,550.5,550.8,550.35,550.7,1498,
2016-11-24 13:51:00+05:30,550.7,550.95,550.55,550.75,607,
2016-11-24 13:52:00+05:30,550.75,550.75,550,550.15,2216,
2016-11-24 13:53:00+05:30,550.15,550.4,550,550.4,2127,
2016-11-24 13:54:00+05:30,550.4,550.4,550,550,389,
2016-11-24 13:55:00+05:30,550,551,549.9,551,6097,
2016-11-24 13:56:00+05:30,550.9,550.95,550.1,550.25,2521,
2016-11-24 13:57:00+05:30,550.25,550.45,550,550.45,1613,
2016-11-24 13:58:00+05:30,550.45,550.45,550,550.3,989,
2016-11-24 13:59:00+05:30,550.3,550.95,550.3,550.7,933,
2016-11-24 14:00:00+05:30,550.7,551,550.6,551,694,
2016-11-24 14:01:00+05:30,551,551.45,550.7,551.4,1680,
2016-11-24 14:02:00+05:30,551.4,551.75,551.3,551.6,1639,
2016-11-24 14:03:00+05:30,551.6,551.65,551.05,551.65,1521,
2016-11-24 14:04:00+05:30,551.65,552.4,551.6,552.4,3666,
2016-11-24 14:05:00+05:30,552.5,554.2,552.3,553.7,7638,
2016-11-24 14:06:00+05:30,553.7,553.9,553.3,553.7,1270,
2016-11-24 14:07:00+05:30,553.7,553.7,553.15,553.3,3188,
2016-11-24 14:08:00+05:30,553.3,553.95,553.25,553.55,3619,
2016-11-24 14:09:00+05:30,553.95,553.95,553.6,553.95,2518,
2016-11-24 14:10:00+05:30,553.95,554,553.6,554,2350,
2016-11-24 14:11:00+05:30,554,554,553.65,553.95,1472,
2016-11-24 14:12:00+05:30,553.95,554.8,553.85,554.65,3029,
2016-11-24 14:13:00+05:30,554.65,554.95,554.3,554.7,6572,
2016-11-24 14:14:00+05:30,554.75,555.45,554.55,555.4,9749,
2016-11-24 14:15:00+05:30,555.4,555.45,554.55,554.9,5773,
2016-11-24 14:16:00+05:30,555,556.4,554.7,556.4,9485,
2016-11-24 14:17:00+05:30,556.2,557,556.2,556.65,10589,
2016-11-24 14:18:00+05:30,556.6,556.8,556.05,556.05,6317,
2016-11-24 14:19:00+05:30,556.45,556.45,555.45,555.45,3368,
2016-11-24 14:20:00+05:30,555.85,556.45,555.55,555.85,1783,
2016-11-24 14:21:00+05:30,555.85,556.05,555.5,555.85,2233,
2016-11-24 14:22:00+05:30,556,556.4,555.75,556.2,2075,
2016-11-24 14:23:00+05:30,556.25,556.4,555.55,556.25,1890,
2016-11-24 14:24:00+05:30,556.25,556.4,555.95,556.35,2046,
2016-11-24 14:25:00+05:30,556.35,556.35,556.1,556.15,1031,
2016-11-24 14:26:00+05:30,556.2,556.3,555.1,555.1,3368,
2016-11-24 14:27:00+05:30,555.2,555.6,555,555,3677,
2016-11-24 14:28:00+05:30,555,555.25,554.75,555,3276,
2016-11-24 14:29:00+05:30,555.05,556.25,555.05,555.8,1921,
2016-11-24 14:30:00+05:30,556,556.05,555.4,556.05,1494,
2016-11-24 14:31:00+05:30,556.1,556.3,555.65,555.8,1262,
2016-11-24 14:32:00+05:30,556.1,556.35,555.8,556.3,2247,
2016-11-24 14:33:00+05:30,556.3,556.5,555.8,556.45,2717,
2016-11-24 14:34:00+05:30,556.35,556.7,555.65,556.65,2932,
2016-11-24 14:35:00+05:30,556.05,556.65,556.05,556.4,1752,
2016-11-24 14:36:00+05:30,556.4,556.4,555.05,555.05,1541,
2016-11-24 14:37:00+05:30,555.4,556.2,555.1,556.2,1334,
2016-11-24 14:38:00+05:30,556.2,556.45,555.85,556.4,1979,
2016-11-24 14:39:00+05:30,556.2,556.4,556,556.3,2297,
2016-11-24 14:40:00+05:30,556.05,556.35,555.7,555.7,2054,
2016-11-24 14:41:00+05:30,556,556.3,555.8,556.05,2016,
2016-11-24 14:42:00+05:30,556.15,556.4,555.65,556.3,1343,
2016-11-24 14:43:00+05:30,555.95,556.35,555.3,555.85,1550,
2016-11-24 14:44:00+05:30,556.25,556.45,556.05,556.45,1854,
2016-11-24 14:45:00+05:30,556.5,557.1,556.2,556.8,9405,
2016-11-24 14:46:00+05:30,556.85,556.95,556.35,556.35,1825,
2016-11-24 14:47:00+05:30,556.45,556.55,555.65,555.95,953,
2016-11-24 14:48:00+05:30,555.95,556.6,555.85,556.55,2649,
2016-11-24 14:49:00+05:30,556.55,556.7,555.85,556.5,4279,
2016-11-24 14:50:00+05:30,556.5,556.5,555.75,555.75,3375,
2016-11-24 14:51:00+05:30,555.75,555.95,555.3,555.6,3247,
2016-11-24 14:52:00+05:30,555.6,555.9,554.7,555.9,3026,
2016-11-24 14:53:00+05:30,555.9,556,555.05,555.05,1828,
2016-11-24 14:54:00+05:30,555.05,555.75,555.05,555.1,2061,
2016-11-24 14:55:00+05:30,555.1,555.55,554.75,555,3104,
2016-11-24 14:56:00+05:30,555,555.25,554.6,555,2462,
2016-11-24 14:57:00+05:30,555,555,554.85,554.9,1706,
2016-11-24 14:58:00+05:30,554.9,555.45,554.8,555.45,5958,
2016-11-24 14:59:00+05:30,555.45,558,555.45,557.25,15563,
2016-11-24 15:00:00+05:30,557.95,557.95,552.5,552.5,28672,
2016-11-24 15:01:00+05:30,552.45,552.6,549.5,551.75,40602,
2016-11-24 15:02:00+05:30,551.8,552.2,550,550.6,32895,
2016-11-24 15:03:00+05:30,550.8,551.65,550.5,551.65,30615,
2016-11-24 15:04:00+05:30,551.7,551.7,550.55,551.15,28196,
2016-11-24 15:05:00+05:30,551.45,552.4,551.1,551.95,20787,
2016-11-24 15:06:00+05:30,551.95,552.25,551.25,551.35,34881,
2016-11-24 15:07:00+05:30,551.45,552.25,551.45,552.05,27509,
2016-11-24 15:08:00+05:30,552.15,552.55,551.55,552.25,19058,
2016-11-24 15:09:00+05:30,552.25,552.45,551.6,551.6,21768,
2016-11-24 15:10:00+05:30,551.6,553.95,551.55,553.95,47653,
2016-11-24 15:11:00+05:30,554.1,555.05,552.65,553.5,35129,
2016-11-24 15:12:00+05:30,553.55,554.9,553.3,553.3,31950,
2016-11-24 15:13:00+05:30,553.45,554.75,553.35,554.5,35431,
2016-11-24 15:14:00+05:30,554.55,554.7,554.35,554.55,29621,
2016-11-24 15:15:00+05:30,554.7,555.45,554.25,555,49865,
2016-11-24 15:16:00+05:30,555.1,555.45,555,555,28096,
2016-11-24 15:17:00+05:30,555.05,555.45,554.05,554.95,47117,
2016-11-24 15:18:00+05:30,554.65,555.55,554.65,555.15,20732,
2016-11-24 15:19:00+05:30,555.5,555.55,554.25,555,32751,
2016-11-24 15:20:00+05:30,555.25,555.45,554.55,555,21034,
2016-11-24 15:21:00+05:30,555.15,555.4,554.55,555.05,27014,
2016-11-24 15:22:00+05:30,555.1,555.5,555,555.05,58733,
2016-11-24 15:23:00+05:30,555.1,555.65,554.8,555,22615,
2016-11-24 15:24:00+05:30,555.05,555.95,555,555,38237,
2016-11-24 15:25:00+05:30,555.05,555.15,555,555.05,45137,
2016-11-24 15:26:00+05:30,555,555.3,555,555,19682,
2016-11-24 15:27:00+05:30,555.1,556,555,555.45,17510,
2016-11-24 15:28:00+05:30,555.8,556.95,555.05,555.25,32997,
2016-11-24 15:29:00+05:30,555.25,556.95,555.25,556.95,3022,
2016-11-25 09:15:00+05:30,557,558,553,553,6375,
2016-11-25 09:16:00+05:30,552.1,554.05,552,553.35,4538,
2016-11-25 09:17:00+05:30,553.15,553.8,553,553.4,2109,
2016-11-25 09:18:00+05:30,553.55,553.55,551.2,551.7,5208,
2016-11-25 09:19:00+05:30,551.65,552.2,551.5,551.85,2740,
2016-11-25 09:20:00+05:30,551.85,552.65,551.7,551.7,3965,
2016-11-25 09:21:00+05:30,551.7,552.1,551.55,552.1,2325,
2016-11-25 09:22:00+05:30,552.1,552.3,552,552,865,
2016-11-25 09:23:00+05:30,552,552.65,551.7,552.65,1824,
2016-11-25 09:24:00+05:30,552.65,553.8,551.55,552.05,4123,
2016-11-25 09:25:00+05:30,552.05,552.15,551.6,551.6,1491,
2016-11-25 09:26:00+05:30,551.75,552,551.65,551.95,2008,
2016-11-25 09:27:00+05:30,551.95,553.85,551.95,553,7224,
2016-11-25 09:28:00+05:30,552.7,553.4,552.65,553.05,1718,
2016-11-25 09:29:00+05:30,553.05,553.2,552.6,552.6,593,
2016-11-25 09:30:00+05:30,552.6,553.15,552.6,553.15,788,
2016-11-25 09:31:00+05:30,553.15,553.15,552.15,553.1,1353,
2016-11-25 09:32:00+05:30,553.1,553.3,552.5,552.55,1051,
2016-11-25 09:33:00+05:30,552.55,553,552.15,552.55,342,
2016-11-25 09:34:00+05:30,552.55,552.9,552,552,1315,
2016-11-25 09:35:00+05:30,552,552.8,552,552.4,700,
2016-11-25 09:36:00+05:30,552.7,553,552.5,552.8,410,
2016-11-25 09:37:00+05:30,552.6,552.7,552.35,552.45,418,
2016-11-25 09:38:00+05:30,552.45,552.65,552.2,552.45,657,
2016-11-25 09:39:00+05:30,552.45,552.7,551.8,552.4,1528,
2016-11-25 09:40:00+05:30,552.4,552.4,551.75,551.8,4431,
2016-11-25 09:41:00+05:30,551.9,551.95,551.75,551.75,466,
2016-11-25 09:42:00+05:30,551.8,551.95,551.75,551.75,1772,
2016-11-25 09:43:00+05:30,551.75,551.75,551,551,2455,
2016-11-25 09:44:00+05:30,551.05,551.9,551.05,551.9,681,
2016-11-25 09:45:00+05:30,551.95,551.95,551.55,551.6,1280,
2016-11-25 09:46:00+05:30,551.6,552,551.55,552,790,
2016-11-25 09:47:00+05:30,552,552,551.6,551.95,331,
2016-11-25 09:48:00+05:30,551.95,552,551.55,551.95,2692,
2016-11-25 09:49:00+05:30,551.95,551.95,551.6,551.95,774,
2016-11-25 09:50:00+05:30,551.95,552,551.75,551.75,205,
2016-11-25 09:51:00+05:30,551.75,551.9,551.25,551.25,1634,
2016-11-25 09:52:00+05:30,551.25,551.7,551,551,1595,
2016-11-25 09:53:00+05:30,551,551.6,551,551.2,599,
2016-11-25 09:54:00+05:30,551.2,551.6,550.7,551.6,1825,
2016-11-25 09:55:00+05:30,551.5,551.55,550.9,550.9,1136,
2016-11-25 09:56:00+05:30,550.9,551.85,550.9,551.75,785,
2016-11-25 09:57:00+05:30,551.8,552,551.8,551.8,2283,
2016-11-25 09:58:00+05:30,551.8,552.4,551.6,552.4,4422,
2016-11-25 09:59:00+05:30,552.4,552.4,551.8,551.95,719,
2016-11-25 10:00:00+05:30,551.95,551.95,551.3,551.3,526,
2016-11-25 10:01:00+05:30,551,551.65,551,551.55,1280,
2016-11-25 10:02:00+05:30,551.55,551.9,551.55,551.55,403,
2016-11-25 10:03:00+05:30,551.55,551.55,551,551.15,1384,
2016-11-25 10:04:00+05:30,551.25,551.5,551.15,551.35,509,
2016-11-25 10:05:00+05:30,551.35,551.35,550.7,550.95,1599,
2016-11-25 10:06:00+05:30,550.95,550.95,550.6,550.75,357,
2016-11-25 10:07:00+05:30,550.75,550.85,550.5,550.75,935,
2016-11-25 10:08:00+05:30,550.55,550.55,549.5,549.65,3336,
2016-11-25 10:09:00+05:30,549.65,549.75,549.3,549.6,1180,
2016-11-25 10:10:00+05:30,549.6,549.9,549.3,549.9,370,
2016-11-25 10:11:00+05:30,549.9,550.3,549.9,550.3,1220,
2016-11-25 10:12:00+05:30,550.3,550.35,550,550.05,674,
2016-11-25 10:13:00+05:30,550.05,550.4,550.05,550.4,234,
2016-11-25 10:14:00+05:30,550.4,550.4,549.8,549.8,1124,
2016-11-25 10:15:00+05:30,549.8,550.7,549.8,550.7,432,
2016-11-25 10:16:00+05:30,550.7,550.9,550.45,550.45,961,
2016-11-25 10:17:00+05:30,550.45,550.7,550.3,550.4,434,
2016-11-25 10:18:00+05:30,550.4,550.4,549.8,549.8,1090,
2016-11-25 10:19:00+05:30,549.85,550.5,549.7,550.3,981,
2016-11-25 10:20:00+05:30,550.5,550.85,550.2,550.3,1586,
2016-11-25 10:21:00+05:30,550.1,550.65,549.85,550.2,954,
2016-11-25 10:22:00+05:30,550,550.4,549.85,549.85,2542,
2016-11-25 10:23:00+05:30,549.85,549.85,548.8,549.35,1834,
2016-11-25 10:24:00+05:30,549.35,550,549.2,549.9,1393,
2016-11-25 10:25:00+05:30,549.9,549.9,549.55,549.9,384,
2016-11-25 10:26:00+05:30,549.9,550,549.85,550,223,
2016-11-25 10:27:00+05:30,549.8,550.15,549.65,549.7,751,
2016-11-25 10:28:00+05:30,549.7,549.9,549.7,549.9,145,
2016-11-25 10:29:00+05:30,549.75,550.05,549.7,549.75,376,
2016-11-25 10:30:00+05:30,549.75,550.15,549.75,549.85,163,
2016-11-25 10:31:00+05:30,549.85,550.05,549.8,549.85,99,
2016-11-25 10:32:00+05:30,549.85,550,549.8,550,241,
2016-11-25 10:33:00+05:30,549.75,550,549.75,549.95,233,
2016-11-25 10:34:00+05:30,549.95,550,548.75,548.8,4087,
2016-11-25 10:35:00+05:30,548.8,549.4,548.55,549.15,1484,
2016-11-25 10:36:00+05:30,548.85,549.2,548.6,548.6,1136,
2016-11-25 10:37:00+05:30,548.9,548.9,548.5,548.85,1568,
2016-11-25 10:38:00+05:30,548.85,548.85,548.55,548.8,1278,
2016-11-25 10:39:00+05:30,548.6,549.2,548.6,548.95,1794,
2016-11-25 10:40:00+05:30,548.95,549.4,548.95,548.95,156,
2016-11-25 10:41:00+05:30,548.95,549.4,548.9,549.4,829,
2016-11-25 10:42:00+05:30,549.4,549.4,548.95,549.35,748,
2016-11-25 10:43:00+05:30,549.35,550,549.05,549.9,482,
2016-11-25 10:44:00+05:30,549.9,550,549,549.95,1630,
2016-11-25 10:45:00+05:30,550.05,550.4,549.9,550,717,
2016-11-25 10:46:00+05:30,550,550.35,549.65,550.35,349,
2016-11-25 10:47:00+05:30,550.35,550.5,550.05,550.05,806,
2016-11-25 10:48:00+05:30,549.7,550.2,549.5,550.2,264,
2016-11-25 10:49:00+05:30,550.45,550.45,550,550.4,868,
2016-11-25 10:50:00+05:30,550.4,550.4,550.1,550.35,230,
2016-11-25 10:51:00+05:30,550.1,550.85,550.1,550.8,1040,
2016-11-25 10:52:00+05:30,550.8,553.7,550.8,552.8,4933,
2016-11-25 10:53:00+05:30,552.8,552.85,551.9,551.95,882,
2016-11-25 10:54:00+05:30,551.95,551.95,551.3,551.3,334,
2016-11-25 10:55:00+05:30,551.1,551.45,550.65,551.35,1320,
2016-11-25 10:56:00+05:30,551.35,552.4,551.1,552.4,1262,
2016-11-25 10:57:00+05:30,552.4,552.4,552,552,491,
2016-11-25 10:58:00+05:30,552,552,551.65,551.65,1090,
2016-11-25 10:59:00+05:30,551.65,551.8,551.15,551.15,759,
2016-11-25 11:00:00+05:30,551.15,551.8,551.15,551.45,586,
2016-11-25 11:01:00+05:30,551.45,551.45,551.2,551.2,1078,
2016-11-25 11:02:00+05:30,551.2,551.45,551.05,551.1,776,
2016-11-25 11:03:00+05:30,551.1,551.45,550.5,551.3,3271,
2016-11-25 11:04:00+05:30,551.3,551.75,551.05,551.25,4408,
2016-11-25 11:05:00+05:30,551.25,551.65,551.1,551.55,830,
2016-11-25 11:06:00+05:30,551.55,552.1,551.55,552.1,2282,
2016-11-25 11:07:00+05:30,552.1,552.7,551.6,552.4,1161,
2016-11-25 11:08:00+05:30,552.4,552.45,552.1,552.15,831,
2016-11-25 11:09:00+05:30,552.15,552.35,551.8,551.8,1249,
2016-11-25 11:10:00+05:30,551.8,552.45,551.8,552.3,2703,
2016-11-25 11:11:00+05:30,552.3,552.5,552.15,552.35,1537,
2016-11-25 11:12:00+05:30,552.35,552.7,552.15,552.2,743,
2016-11-25 11:13:00+05:30,552.2,552.8,552,552.15,2579,
2016-11-25 11:14:00+05:30,552.15,552.35,551.3,551.45,1643,
2016-11-25 11:15:00+05:30,551.45,552.15,551.25,551.9,749,
2016-11-25 11:16:00+05:30,551.9,552.35,551.8,551.8,520,
2016-11-25 11:17:00+05:30,551.8,552.45,551.7,552.2,1126,
2016-11-25 11:18:00+05:30,552.2,552.45,551.8,552.4,786,
2016-11-25 11:19:00+05:30,552.4,552.45,552.15,552.2,681,
2016-11-25 11:20:00+05:30,552.2,552.5,551.8,551.8,960,
2016-11-25 11:21:00+05:30,551.8,552.4,551.8,552.4,558,
2016-11-25 11:22:00+05:30,552.4,552.4,551.85,551.85,552,
2016-11-25 11:23:00+05:30,551.85,552.35,551.85,552.05,518,
2016-11-25 11:24:00+05:30,552.05,552.4,552,552.4,812,
2016-11-25 11:25:00+05:30,552.3,552.5,552.1,552.4,1014,
2016-11-25 11:26:00+05:30,552.4,552.65,552.15,552.3,709,
2016-11-25 11:27:00+05:30,552.3,552.35,551.8,551.85,1105,
2016-11-25 11:28:00+05:30,551.65,551.9,551.1,551.1,2603,
2016-11-25 11:29:00+05:30,551.1,551.7,551.1,551.3,676,
2016-11-25 11:30:00+05:30,551.25,552.2,551.25,552.2,2049,
2016-11-25 11:31:00+05:30,552.35,552.35,551.1,552.15,1781,
2016-11-25 11:32:00+05:30,551.95,552.2,551.75,551.85,586,
2016-11-25 11:33:00+05:30,551.85,552.4,551.85,552.2,655,
2016-11-25 11:34:00+05:30,552.2,552.5,552.1,552.2,1559,
2016-11-25 11:35:00+05:30,552.2,552.5,552.1,552.2,472,
2016-11-25 11:36:00+05:30,552.2,552.5,552.15,552.4,688,
2016-11-25 11:37:00+05:30,552.4,552.5,552.15,552.2,538,
2016-11-25 11:38:00+05:30,552.2,552.5,552,552.45,3174,
2016-11-25 11:39:00+05:30,552.45,552.5,552.15,552.45,622,
2016-11-25 11:40:00+05:30,552.45,552.65,552.15,552.65,964,
2016-11-25 11:41:00+05:30,552.65,553,552.65,553,640,
2016-11-25 11:42:00+05:30,553,553,552.7,552.75,405,
2016-11-25 11:43:00+05:30,552.7,553,552.55,552.7,676,
2016-11-25 11:44:00+05:30,552.7,553,552.7,553,1142,
2016-11-25 11:45:00+05:30,553,553.9,553,553.9,1654,
2016-11-25 11:46:00+05:30,553.9,554.2,553.6,553.7,2351,
2016-11-25 11:47:00+05:30,553.6,554.95,553.6,554.8,5487,
2016-11-25 11:48:00+05:30,554.8,554.95,553.95,554.25,2357,
2016-11-25 11:49:00+05:30,554.25,554.55,554,554.15,3847,
2016-11-25 11:50:00+05:30,554.15,554.4,553.8,554,1993,
2016-11-25 11:51:00+05:30,553.8,554.3,553.8,554.15,696,
2016-11-25 11:52:00+05:30,554.15,554.6,554.15,554.5,1216,
2016-11-25 11:53:00+05:30,554.6,554.9,554.35,554.7,1469,
2016-11-25 11:54:00+05:30,554.7,555,554.45,554.9,3687,
2016-11-25 11:55:00+05:30,554.9,555,554.5,554.95,751,
2016-11-25 11:56:00+05:30,554.95,555.65,554.65,555.3,3475,
2016-11-25 11:57:00+05:30,555.25,555.6,555,555.4,1112,
2016-11-25 11:58:00+05:30,555.4,555.4,554.55,555.3,2733,
2016-11-25 11:59:00+05:30,555.25,555.55,554.5,554.9,2064,
2016-11-25 12:00:00+05:30,555.3,556.5,554.85,556.5,9456,
2016-11-25 12:01:00+05:30,556.3,556.5,555.85,556.1,2361,
2016-11-25 12:02:00+05:30,556.1,556.65,556.1,556.65,2802,
2016-11-25 12:03:00+05:30,556.65,557,556.65,556.9,4356,
2016-11-25 12:04:00+05:30,557.1,557.45,556.9,557.4,7198,
2016-11-25 12:05:00+05:30,557.4,557.45,556.95,557.1,1267,
2016-11-25 12:06:00+05:30,557.1,557.4,556.85,557.1,2377,
2016-11-25 12:07:00+05:30,557.1,557.4,557,557.3,1409,
2016-11-25 12:08:00+05:30,557.3,557.4,557.05,557.1,2245,
2016-11-25 12:09:00+05:30,557.1,557.45,557.1,557.1,742,
2016-11-25 12:10:00+05:30,557.1,557.4,557,557.4,822,
2016-11-25 12:11:00+05:30,557.4,557.5,557.1,557.2,1133,
2016-11-25 12:12:00+05:30,557.2,557.8,557.1,557.65,3396,
2016-11-25 12:13:00+05:30,557.8,557.9,557.2,557.9,2962,
2016-11-25 12:14:00+05:30,557.9,557.95,557.4,557.8,1571,
2016-11-25 12:15:00+05:30,557.8,558,557.25,558,2811,
2016-11-25 12:16:00+05:30,558,558.85,557.75,558.55,11416,
2016-11-25 12:17:00+05:30,558.55,559.7,558.1,559,11719,
2016-11-25 12:18:00+05:30,559,559.5,558.9,559.35,8771,
2016-11-25 12:19:00+05:30,559.35,559.5,558.75,559.45,4728,
2016-11-25 12:20:00+05:30,559.45,559.5,559,559.5,2596,
2016-11-25 12:21:00+05:30,559.35,560.7,558.9,560.7,17409,
2016-11-25 12:22:00+05:30,560.6,561.7,560.35,561,13537,
2016-11-25 12:23:00+05:30,561.1,561.5,560.85,561.4,5478,
2016-11-25 12:24:00+05:30,561.4,562,561,562,5199,
2016-11-25 12:25:00+05:30,561.75,562.4,561.4,561.9,9722,
2016-11-25 12:26:00+05:30,561.9,562.4,561.5,562.4,5233,
2016-11-25 12:27:00+05:30,562.4,562.4,562,562.4,5164,
2016-11-25 12:28:00+05:30,562.4,562.4,562,562.4,3470,
2016-11-25 12:29:00+05:30,562.4,562.4,561.8,562.4,3010,
2016-11-25 12:30:00+05:30,562.4,562.95,562.2,562.95,5863,
2016-11-25 12:31:00+05:30,562.95,563.6,562.8,563.6,4369,
2016-11-25 12:32:00+05:30,563.6,563.95,563.4,563.95,6938,
2016-11-25 12:33:00+05:30,563.95,564,563.4,563.95,10644,
2016-11-25 12:34:00+05:30,563.95,564.1,563.55,563.85,6227,
2016-11-25 12:35:00+05:30,564.05,564.05,563.55,563.95,5792,
2016-11-25 12:36:00+05:30,563.95,564.05,563.65,564.05,3672,
2016-11-25 12:37:00+05:30,564.05,564.1,563.6,564,3800,
2016-11-25 12:38:00+05:30,563.95,564.05,563.5,564.05,5575,
2016-11-25 12:39:00+05:30,564.05,564.7,563.65,564.7,5736,
2016-11-25 12:40:00+05:30,564.35,565.4,564.35,565.1,10830,
2016-11-25 12:41:00+05:30,565.1,565.25,564.25,564.55,4349,
2016-11-25 12:42:00+05:30,564.55,565,564.25,564.85,3238,
2016-11-25 12:43:00+05:30,564.85,565.2,564.55,565.2,3845,
2016-11-25 12:44:00+05:30,565.2,565.2,564.3,564.95,3153,
2016-11-25 12:45:00+05:30,564.95,565.2,564.55,565.15,1990,
2016-11-25 12:46:00+05:30,564.7,565.2,564.5,565.2,2295,
2016-11-25 12:47:00+05:30,565.2,565.8,564.85,565.8,4895,
2016-11-25 12:48:00+05:30,565.8,565.9,565.45,565.5,2680,
2016-11-25 12:49:00+05:30,565.5,565.7,565,565.5,2482,
2016-11-25 12:50:00+05:30,565.5,565.5,565.05,565.15,4490,
2016-11-25 12:51:00+05:30,565.15,565.6,564.35,565.15,5005,
2016-11-25 12:52:00+05:30,565.15,565.2,564.15,565,6482,
2016-11-25 12:53:00+05:30,565,565,564.2,564.5,3229,
2016-11-25 12:54:00+05:30,564.25,565,564.25,564.8,4784,
2016-11-25 12:55:00+05:30,564.9,565.25,564.5,565.25,3216,
2016-11-25 12:56:00+05:30,565.25,565.25,564.65,565.25,1797,
2016-11-25 12:57:00+05:30,565.25,565.5,564.9,565.5,3733,
2016-11-25 12:58:00+05:30,565.5,566.3,565.3,566.1,3994,
2016-11-25 12:59:00+05:30,566.1,566.4,566,566.4,2021,
2016-11-25 13:00:00+05:30,566.4,566.6,566,566.6,5590,
2016-11-25 13:01:00+05:30,566.2,566.6,565.8,566,3317,
2016-11-25 13:02:00+05:30,566,566.35,565.45,566.35,3250,
2016-11-25 13:03:00+05:30,566.35,566.5,565.6,566.05,2645,
2016-11-25 13:04:00+05:30,566.05,566.5,565.55,566.35,3091,
2016-11-25 13:05:00+05:30,566.35,566.55,565.8,565.95,2060,
2016-11-25 13:06:00+05:30,566.3,566.7,565.95,566.45,2059,
2016-11-25 13:07:00+05:30,566.45,567,566.45,567,3486,
2016-11-25 13:08:00+05:30,567,567.4,566.7,567.4,4361,
2016-11-25 13:09:00+05:30,567.55,569,567.45,569,9650,
2016-11-25 13:10:00+05:30,569,569,568.05,568.8,7005,
2016-11-25 13:11:00+05:30,568.85,569.2,568.5,569,6174,
2016-11-25 13:12:00+05:30,568.9,569.95,568.7,569.95,5112,
2016-11-25 13:13:00+05:30,569.95,569.95,568.2,569.2,7732,
2016-11-25 13:14:00+05:30,569.2,569.5,568.6,569,4094,
2016-11-25 13:15:00+05:30,569,569.5,568.7,569,2516,
2016-11-25 13:16:00+05:30,569,569.15,568.5,568.9,2252,
2016-11-25 13:17:00+05:30,568.55,569.45,568.55,569.4,3749,
2016-11-25 13:18:00+05:30,568.85,569.5,568.8,569,2227,
2016-11-25 13:19:00+05:30,569,569.2,568.55,569,2099,
2016-11-25 13:20:00+05:30,569,569.5,568.7,569.1,2173,
2016-11-25 13:21:00+05:30,568.8,569.35,568.7,569.2,2132,
2016-11-25 13:22:00+05:30,569.2,569.2,568.55,569,2455,
2016-11-25 13:23:00+05:30,569,569,568,568.2,5151,
2016-11-25 13:24:00+05:30,568.7,569,568.35,569,2710,
2016-11-25 13:25:00+05:30,569,569,567.9,568.45,3452,
2016-11-25 13:26:00+05:30,568.4,568.8,568.05,568.8,1664,
2016-11-25 13:27:00+05:30,568.9,569.3,568.65,569.3,5778,
2016-11-25 13:28:00+05:30,569.3,569.3,568.05,568.7,2528,
2016-11-25 13:29:00+05:30,568.7,569.35,568.5,568.75,1883,
2016-11-25 13:30:00+05:30,569,569,568.85,569,1638,
2016-11-25 13:31:00+05:30,568.85,569,568.7,569,2261,
2016-11-25 13:32:00+05:30,569,569,568.2,568.95,2780,
2016-11-25 13:33:00+05:30,568.95,568.95,568,568.95,1788,
2016-11-25 13:34:00+05:30,568.95,569,568.55,569,7982,
2016-11-25 13:35:00+05:30,569,569,568.65,569,2248,
2016-11-25 13:36:00+05:30,569,569,568.35,568.8,7737,
2016-11-25 13:37:00+05:30,568.8,569,568,568.95,1902,
2016-11-25 13:38:00+05:30,568.95,569,568.65,569,1330,
2016-11-25 13:39:00+05:30,568.95,569,568.7,569,1217,
2016-11-25 13:40:00+05:30,568.7,569,568.55,569,1483,
2016-11-25 13:41:00+05:30,569,569,568.4,568.4,3179,
2016-11-25 13:42:00+05:30,568.95,569,568,568.4,2001,
2016-11-25 13:43:00+05:30,568.4,568.5,567.75,568,2775,
2016-11-25 13:44:00+05:30,567.95,568,567.4,567.8,1740,
2016-11-25 13:45:00+05:30,567.85,567.95,567.1,567.1,1892,
2016-11-25 13:46:00+05:30,567.55,568,567.3,567.85,1631,
2016-11-25 13:47:00+05:30,567.95,567.95,567.35,567.9,1356,
2016-11-25 13:48:00+05:30,567.9,568.5,567.8,568.4,2968,
2016-11-25 13:49:00+05:30,568.4,568.5,567.65,568.15,2660,
2016-11-25 13:50:00+05:30,568.5,568.5,567.85,568.05,1611,
2016-11-25 13:51:00+05:30,568.35,568.45,567.8,568,2932,
2016-11-25 13:52:00+05:30,568,568,567.55,568,3143,
2016-11-25 13:53:00+05:30,568,568.3,567.75,568.2,2890,
2016-11-25 13:54:00+05:30,567.8,568,567,567.45,4813,
2016-11-25 13:55:00+05:30,567.45,567.7,566.2,566.9,4714,
2016-11-25 13:56:00+05:30,566.9,567.5,566.3,566.5,5611,
2016-11-25 13:57:00+05:30,566.55,566.55,564,564.4,15433,
2016-11-25 13:58:00+05:30,565,565.9,565,565.85,3755,
2016-11-25 13:59:00+05:30,565.95,566,565.6,565.8,2395,
2016-11-25 14:00:00+05:30,565.8,566.1,565.55,566,16195,
2016-11-25 14:01:00+05:30,566,566,565.65,565.8,2204,
2016-11-25 14:02:00+05:30,565.6,566,565.15,566,2786,
2016-11-25 14:03:00+05:30,566,566,565.75,566,1856,
2016-11-25 14:04:00+05:30,566,566.4,566,566.4,2224,
2016-11-25 14:05:00+05:30,566.35,567,566.35,567,1701,
2016-11-25 14:06:00+05:30,567,567.8,566.8,567.8,2044,
2016-11-25 14:07:00+05:30,567.4,568,567.4,567.95,1647,
2016-11-25 14:08:00+05:30,567.95,568.2,567,568.15,9968,
2016-11-25 14:09:00+05:30,568.2,568.5,567.4,567.9,2235,
2016-11-25 14:10:00+05:30,567.6,568.2,567.6,568.2,1320,
2016-11-25 14:11:00+05:30,568.2,568.2,567.75,567.9,1175,
2016-11-25 14:12:00+05:30,567.9,568.2,567.1,567.95,9233,
2016-11-25 14:13:00+05:30,568,568.4,567.4,568,1433,
2016-11-25 14:14:00+05:30,568.2,568.4,567.8,567.8,2070,
2016-11-25 14:15:00+05:30,567.95,568.3,567.4,567.9,3184,
2016-11-25 14:16:00+05:30,567.9,568.25,567.75,568,1721,
2016-11-25 14:17:00+05:30,568,568.2,567.5,568,1951,
2016-11-25 14:18:00+05:30,567.95,568,567.45,567.6,1290,
2016-11-25 14:19:00+05:30,567.6,567.75,566.15,566.6,3425,
2016-11-25 14:20:00+05:30,566.6,567.1,566.05,567,4119,
2016-11-25 14:21:00+05:30,567,567.5,566.75,567,2044,
2016-11-25 14:22:00+05:30,567,567,566.65,567,1570,
2016-11-25 14:23:00+05:30,567,567,566.65,567,2333,
2016-11-25 14:24:00+05:30,567,567,566.5,566.9,934,
2016-11-25 14:25:00+05:30,566.85,566.85,566.15,566.45,2134,
2016-11-25 14:26:00+05:30,566.45,566.5,565.2,566,5163,
2016-11-25 14:27:00+05:30,566,566.9,565.6,566.9,1486,
2016-11-25 14:28:00+05:30,566.9,566.9,566.45,566.9,970,
2016-11-25 14:29:00+05:30,566.9,567.4,566.65,567,2423,
2016-11-25 14:30:00+05:30,567,567,566.2,566.6,1240,
2016-11-25 14:31:00+05:30,566.6,566.9,566.45,566.9,1408,
2016-11-25 14:32:00+05:30,566.9,567,566.55,566.55,1463,
2016-11-25 14:33:00+05:30,566.55,566.9,566.25,566.9,1315,
2016-11-25 14:34:00+05:30,566.9,567.2,566.15,567.2,1475,
2016-11-25 14:35:00+05:30,567.2,567.4,566.55,567.4,1172,
2016-11-25 14:36:00+05:30,567.4,567.5,566.8,567.3,1819,
2016-11-25 14:37:00+05:30,567.3,567.9,567.3,567.9,1183,
2016-11-25 14:38:00+05:30,567.9,567.9,567.8,567.9,1134,
2016-11-25 14:39:00+05:30,567.9,567.9,567.65,567.7,905,
2016-11-25 14:40:00+05:30,567.7,567.9,566.2,566.5,1633,
2016-11-25 14:41:00+05:30,566.5,567.45,565.95,566,3604,
2016-11-25 14:42:00+05:30,566,566.8,565.35,566.8,2943,
2016-11-25 14:43:00+05:30,566.8,566.8,566.1,566.4,975,
2016-11-25 14:44:00+05:30,566.4,567.85,566.4,567.85,1503,
2016-11-25 14:45:00+05:30,567.85,567.85,566.35,566.95,1525,
2016-11-25 14:46:00+05:30,566.95,566.95,566.1,566.1,2400,
2016-11-25 14:47:00+05:30,566.1,566.4,566.1,566.4,1561,
2016-11-25 14:48:00+05:30,566.4,567.15,566.15,567.15,1264,
2016-11-25 14:49:00+05:30,567.1,567.15,565.6,566.95,4440,
2016-11-25 14:50:00+05:30,566.95,567,566.05,566.95,3389,
2016-11-25 14:51:00+05:30,566.95,567.2,566,566.4,1274,
2016-11-25 14:52:00+05:30,566.4,566.4,565.8,566,3212,
2016-11-25 14:53:00+05:30,566,566,565.45,565.95,1147,
2016-11-25 14:54:00+05:30,565.95,565.95,565.5,565.95,1928,
2016-11-25 14:55:00+05:30,565.95,565.95,565.55,565.95,959,
2016-11-25 14:56:00+05:30,565.95,565.95,565.3,565.5,2774,
2016-11-25 14:57:00+05:30,565.5,565.9,565.4,565.9,1983,
2016-11-25 14:58:00+05:30,565.9,566.5,565.8,566.5,1968,
2016-11-25 14:59:00+05:30,566.5,566.85,566.1,566.5,1650,
2016-11-25 15:00:00+05:30,566.5,566.6,566.05,566.6,2256,
2016-11-25 15:01:00+05:30,566.55,566.85,566.55,566.85,1393,
2016-11-25 15:02:00+05:30,566.85,566.9,566.2,566.65,4965,
2016-11-25 15:03:00+05:30,566.2,566.65,565.9,566.3,3155,
2016-11-25 15:04:00+05:30,566.3,566.8,565.95,566.2,3601,
2016-11-25 15:05:00+05:30,565.9,566.3,565.6,566.3,2724,
2016-11-25 15:06:00+05:30,565.7,566.3,565.7,566,2064,
2016-11-25 15:07:00+05:30,566,566,565.35,565.5,4088,
2016-11-25 15:08:00+05:30,565.5,566,565.35,565.95,3175,
2016-11-25 15:09:00+05:30,565.65,566,565.3,565.65,4652,
2016-11-25 15:10:00+05:30,565.65,566,565.5,566,2643,
2016-11-25 15:11:00+05:30,566,566.5,565.75,565.75,4503,
2016-11-25 15:12:00+05:30,565.55,565.85,565.55,565.7,1925,
2016-11-25 15:13:00+05:30,565.7,566.15,565.35,565.35,5487,
2016-11-25 15:14:00+05:30,565.35,565.6,565.1,565.2,5512,
2016-11-25 15:15:00+05:30,565.2,566,564.9,564.9,17331,
2016-11-25 15:16:00+05:30,564.9,565.45,564.4,564.95,4862,
2016-11-25 15:17:00+05:30,564.95,564.95,564.05,564.4,2840,
2016-11-25 15:18:00+05:30,564.1,564.8,564.1,564.7,4110,
2016-11-25 15:19:00+05:30,564.7,564.7,564.4,564.55,2801,
2016-11-25 15:20:00+05:30,564.55,564.65,563.85,564.1,5347,
2016-11-25 15:21:00+05:30,564.1,564.4,563.65,564.25,8425,
2016-11-25 15:22:00+05:30,564.25,564.25,563.6,563.8,4911,
2016-11-25 15:23:00+05:30,563.8,564,563.4,563.9,5343,
2016-11-25 15:24:00+05:30,563.7,564,563.6,564,3242,
2016-11-25 15:25:00+05:30,564,564.15,563.6,563.8,4448,
2016-11-25 15:26:00+05:30,563.75,564.35,563.4,564.15,5574,
2016-11-25 15:27:00+05:30,563.75,564.2,563.7,563.7,2341,
2016-11-25 15:28:00+05:30,563.7,566.1,563.7,565.4,5259,
2016-11-25 15:29:00+05:30,565.4,567.35,565.4,567,3904,
2016-11-28 09:15:00+05:30,569.3,570.95,568.05,570,16124,
2016-11-28 09:16:00+05:30,570.5,573.4,569.9,573.4,14617,
2016-11-28 09:17:00+05:30,573.4,573.8,572.3,572.65,13536,
2016-11-28 09:18:00+05:30,572.7,574.85,572.25,574,18624,
2016-11-28 09:19:00+05:30,574,575,574,574.95,8797,
2016-11-28 09:20:00+05:30,574.65,575.95,573.9,575.8,26072,
2016-11-28 09:21:00+05:30,575.8,577,575.7,576.85,16458,
2016-11-28 09:22:00+05:30,576.85,577,576,576,7885,
2016-11-28 09:23:00+05:30,576.3,576.3,574.05,574.05,18434,
2016-11-28 09:24:00+05:30,573.85,574,571.5,573.15,14283,
2016-11-28 09:25:00+05:30,573.5,574.45,573.3,574.15,9802,
2016-11-28 09:26:00+05:30,574.35,575.55,574,575.55,7943,
2016-11-28 09:27:00+05:30,575.1,575.5,574.6,575,5101,
2016-11-28 09:28:00+05:30,574.55,575,573.65,574.6,5526,
2016-11-28 09:29:00+05:30,574.6,575.15,574.5,574.75,7428,
2016-11-28 09:30:00+05:30,574.75,575,573.65,574.9,9234,
2016-11-28 09:31:00+05:30,574.35,575.95,574.05,575.9,7863,
2016-11-28 09:32:00+05:30,575.8,576,575,575.65,7173,
2016-11-28 09:33:00+05:30,575.65,576,575.25,575.35,11275,
2016-11-28 09:34:00+05:30,575.5,575.8,575.2,575.25,2841,
2016-11-28 09:35:00+05:30,575.2,575.45,574.65,574.65,2869,
2016-11-28 09:36:00+05:30,575,575.5,574.1,574.1,4329,
2016-11-28 09:37:00+05:30,574.4,574.5,573.8,574.45,5324,
2016-11-28 09:38:00+05:30,574.45,574.5,573.95,573.95,3065,
2016-11-28 09:39:00+05:30,573.75,573.95,573,573.2,6523,
2016-11-28 09:40:00+05:30,573.05,573.35,571.75,571.85,9847,
2016-11-28 09:41:00+05:30,572.35,572.35,571.9,572.1,5155,
2016-11-28 09:42:00+05:30,572,572,571.15,571.95,9786,
2016-11-28 09:43:00+05:30,571.55,571.55,570,570.95,14188,
2016-11-28 09:44:00+05:30,570.95,570.95,570,570.05,5229,
2016-11-28 09:45:00+05:30,570.35,570.35,569.05,569.5,8808,
2016-11-28 09:46:00+05:30,569.5,569.5,568.45,569,11047,
2016-11-28 09:47:00+05:30,569,571,568.75,569.7,8399,
2016-11-28 09:48:00+05:30,569.75,571.6,569.7,571.6,3280,
2016-11-28 09:49:00+05:30,571.6,572.05,570.95,571.6,3128,
2016-11-28 09:50:00+05:30,571.6,572,571.6,571.7,2610,
2016-11-28 09:51:00+05:30,571.7,572.45,571.55,572.2,4273,
2016-11-28 09:52:00+05:30,572.2,572.6,571.75,571.95,2614,
2016-11-28 09:53:00+05:30,571.95,572,571.55,572,1580,
2016-11-28 09:54:00+05:30,572,573.45,572,573.35,7192,
2016-11-28 09:55:00+05:30,573.35,573.35,572.8,573,1396,
2016-11-28 09:56:00+05:30,573,573.1,572.65,573.05,1970,
2016-11-28 09:57:00+05:30,573.05,573.4,572.65,573,1823,
2016-11-28 09:58:00+05:30,573,573.4,572.75,573.15,1664,
2016-11-28 09:59:00+05:30,573.05,573.5,573.05,573.5,2189,
2016-11-28 10:00:00+05:30,573.5,573.9,573.5,573.7,1068,
2016-11-28 10:01:00+05:30,573.7,573.7,573.35,573.35,874,
2016-11-28 10:02:00+05:30,573.35,574.1,573.05,574,6990,
2016-11-28 10:03:00+05:30,574,574.7,573.85,574.3,1254,
2016-11-28 10:04:00+05:30,574.3,575,573.85,574.35,6729,
2016-11-28 10:05:00+05:30,574.35,575,574.35,574.55,7354,
2016-11-28 10:06:00+05:30,574.5,575,574.5,574.9,2806,
2016-11-28 10:07:00+05:30,574.9,574.9,574.5,574.5,3227,
2016-11-28 10:08:00+05:30,574.5,575,574.45,574.85,4198,
2016-11-28 10:09:00+05:30,574.85,574.95,574.25,574.25,1466,
2016-11-28 10:10:00+05:30,574.25,574.9,574.05,574.9,1610,
2016-11-28 10:11:00+05:30,574.6,574.65,574.5,574.55,1071,
2016-11-28 10:12:00+05:30,574.55,575.65,574.4,574.45,15069,
2016-11-28 10:13:00+05:30,574.45,574.55,573.75,574.05,2668,
2016-11-28 10:14:00+05:30,574.05,574.2,573.6,573.85,1655,
2016-11-28 10:15:00+05:30,573.85,574,573.45,573.45,912,
2016-11-28 10:16:00+05:30,573.45,574.5,573.4,573.85,5432,
2016-11-28 10:17:00+05:30,573.85,574.15,573,573.4,5822,
2016-11-28 10:18:00+05:30,574,574.15,573.55,574.05,638,
2016-11-28 10:19:00+05:30,574.05,574.1,573.25,573.35,770,
2016-11-28 10:20:00+05:30,573.65,573.85,573.3,573.35,506,
2016-11-28 10:21:00+05:30,573.35,573.6,573.25,573.45,317,
2016-11-28 10:22:00+05:30,573.45,573.65,573.45,573.65,321,
2016-11-28 10:23:00+05:30,573.65,573.65,573.5,573.65,1236,
2016-11-28 10:24:00+05:30,574,574.5,573.8,574.5,3088,
2016-11-28 10:25:00+05:30,574.5,575,573.85,574.75,4649,
2016-11-28 10:26:00+05:30,574.75,574.9,574.3,574.65,1354,
2016-11-28 10:27:00+05:30,574.65,574.9,574.4,574.55,2005,
2016-11-28 10:28:00+05:30,574.55,574.8,574.1,574.1,2272,
2016-11-28 10:29:00+05:30,574.4,574.65,574.05,574.2,1652,
2016-11-28 10:30:00+05:30,574.2,574.7,574.15,574.3,361,
2016-11-28 10:31:00+05:30,574.3,574.4,574.15,574.15,2331,
2016-11-28 10:32:00+05:30,574.15,574.45,574,574,1734,
2016-11-28 10:33:00+05:30,573.95,573.95,573.1,573.35,3328,
2016-11-28 10:34:00+05:30,573.4,573.95,573.35,573.85,1821,
2016-11-28 10:35:00+05:30,573.85,574.2,573.45,574.2,609,
2016-11-28 10:36:00+05:30,574.2,574.2,573.45,573.55,1278,
2016-11-28 10:37:00+05:30,573.55,574.15,573.35,573.8,3393,
2016-11-28 10:38:00+05:30,573.8,573.95,573.2,573.9,5388,
2016-11-28 10:39:00+05:30,573.9,573.9,573.6,573.6,186,
2016-11-28 10:40:00+05:30,573.9,573.9,573.45,573.45,1249,
2016-11-28 10:41:00+05:30,573.45,573.85,573.4,573.4,425,
2016-11-28 10:42:00+05:30,573.4,573.9,573.4,573.9,484,
2016-11-28 10:43:00+05:30,573.9,573.9,573.45,573.55,616,
2016-11-28 10:44:00+05:30,573.55,573.85,573.4,573.4,359,
2016-11-28 10:45:00+05:30,573.4,573.65,573.35,573.65,390,
2016-11-28 10:46:00+05:30,573.65,573.9,573.45,573.65,4483,
2016-11-28 10:47:00+05:30,573.65,574.15,573.55,574,341,
2016-11-28 10:48:00+05:30,574,574,573.7,573.7,324,
2016-11-28 10:49:00+05:30,573.7,574.15,573.7,574,489,
2016-11-28 10:50:00+05:30,574,574.25,573.95,574.2,1814,
2016-11-28 10:51:00+05:30,573.8,574.2,573.75,573.8,841,
2016-11-28 10:52:00+05:30,573.8,573.95,573.75,573.8,319,
2016-11-28 10:53:00+05:30,573.85,574,573.75,573.95,241,
2016-11-28 10:54:00+05:30,573.95,574.15,573.75,574.15,550,
2016-11-28 10:55:00+05:30,574.15,574.2,573.3,573.7,4270,
2016-11-28 10:56:00+05:30,573.7,574,573.1,573.1,567,
2016-11-28 10:57:00+05:30,573.1,573.65,573.1,573.1,1206,
2016-11-28 10:58:00+05:30,573.1,573.45,573.1,573.1,720,
2016-11-28 10:59:00+05:30,573.1,573.8,573.1,573.35,238,
2016-11-28 11:00:00+05:30,573.35,573.95,573.35,573.95,845,
2016-11-28 11:01:00+05:30,573.95,574,573.55,573.9,526,
2016-11-28 11:02:00+05:30,573.9,573.9,573.25,573.25,686,
2016-11-28 11:03:00+05:30,573.25,573.7,573.15,573.35,1425,
2016-11-28 11:04:00+05:30,573.35,573.6,573.15,573.45,374,
2016-11-28 11:05:00+05:30,573.45,573.6,573.35,573.35,523,
2016-11-28 11:06:00+05:30,573.35,573.5,573.3,573.3,449,
2016-11-28 11:07:00+05:30,573.3,573.9,573.3,573.9,1516,
2016-11-28 11:08:00+05:30,573.9,573.9,573.4,573.6,174,
2016-11-28 11:09:00+05:30,573.6,573.9,573.3,573.9,639,
2016-11-28 11:10:00+05:30,573.9,573.9,573.55,573.6,153,
2016-11-28 11:11:00+05:30,573.6,574,573.6,573.7,944,
2016-11-28 11:12:00+05:30,573.7,573.95,573.65,573.8,484,
2016-11-28 11:13:00+05:30,573.65,573.95,573.65,573.65,606,
2016-11-28 11:14:00+05:30,573.65,574.35,573.6,574.35,2781,
2016-11-28 11:15:00+05:30,574.35,574.35,573.9,574.2,492,
2016-11-28 11:16:00+05:30,574,574.3,574,574.05,498,
2016-11-28 11:17:00+05:30,574.05,574.5,574,574,1424,
2016-11-28 11:18:00+05:30,574,574.2,574,574.05,1521,
2016-11-28 11:19:00+05:30,574.05,574.75,574,574.75,1652,
2016-11-28 11:20:00+05:30,574.75,574.75,574,574.3,2170,
2016-11-28 11:21:00+05:30,574.3,574.8,574.1,574.1,2283,
2016-11-28 11:22:00+05:30,574.1,574.6,574,574.6,772,
2016-11-28 11:23:00+05:30,574.6,574.95,574.4,574.95,5873,
2016-11-28 11:24:00+05:30,574.9,575.1,574.75,574.85,11658,
2016-11-28 11:25:00+05:30,574.85,576.4,574.75,576.4,14265,
2016-11-28 11:26:00+05:30,576.4,576.4,575.15,575.35,10178,
2016-11-28 11:27:00+05:30,575.35,575.85,574.85,575,6243,
2016-11-28 11:28:00+05:30,575.1,575.9,574.6,575.65,18459,
2016-11-28 11:29:00+05:30,575.65,575.65,575.05,575.2,5086,
2016-11-28 11:30:00+05:30,575.4,575.4,574.45,574.45,13995,
2016-11-28 11:31:00+05:30,574.45,574.65,573.85,574.5,9755,
2016-11-28 11:32:00+05:30,574.6,574.6,573.9,574,5390,
2016-11-28 11:33:00+05:30,574,574.6,573.75,574.25,2900,
2016-11-28 11:34:00+05:30,574.25,574.45,573.8,574.1,4282,
2016-11-28 11:35:00+05:30,574.1,574.1,573.75,574.1,995,
2016-11-28 11:36:00+05:30,574.1,574.1,573.3,573.3,3610,
2016-11-28 11:37:00+05:30,573.4,573.4,572.25,573.05,9802,
2016-11-28 11:38:00+05:30,573.05,573.55,572.9,573.55,6146,
2016-11-28 11:39:00+05:30,573.55,574,573.15,573.15,3483,
2016-11-28 11:40:00+05:30,573.15,573.85,573,573,2527,
2016-11-28 11:41:00+05:30,573.35,574,572.5,572.75,6548,
2016-11-28 11:42:00+05:30,572.75,573.35,572.45,573.35,2290,
2016-11-28 11:43:00+05:30,573.35,573.7,572.25,572.4,9039,
2016-11-28 11:44:00+05:30,572.4,572.4,570.5,572.15,9169,
2016-11-28 11:45:00+05:30,572.15,572.35,571.4,572.2,2205,
2016-11-28 11:46:00+05:30,572.2,572.2,571.3,571.9,1045,
2016-11-28 11:47:00+05:30,571.9,571.95,571.35,571.95,1377,
2016-11-28 11:48:00+05:30,571.95,572,571.5,571.8,794,
2016-11-28 11:49:00+05:30,571.85,571.85,571.35,571.35,762,
2016-11-28 11:50:00+05:30,571.4,572,571.3,571.4,2405,
2016-11-28 11:51:00+05:30,571.4,571.95,571.3,571.5,1354,
2016-11-28 11:52:00+05:30,571.3,571.85,571.3,571.7,793,
2016-11-28 11:53:00+05:30,571.7,572,571.4,571.65,1761,
2016-11-28 11:54:00+05:30,571.65,571.95,571.3,571.5,2131,
2016-11-28 11:55:00+05:30,571.5,571.9,571.3,571.7,2169,
2016-11-28 11:56:00+05:30,571.7,571.9,571.3,571.35,717,
2016-11-28 11:57:00+05:30,571.35,571.85,571.35,571.65,747,
2016-11-28 11:58:00+05:30,571.35,571.75,571.3,571.75,577,
2016-11-28 11:59:00+05:30,571.75,571.85,571.35,571.75,618,
2016-11-28 12:00:00+05:30,571.75,571.95,571.35,571.55,832,
2016-11-28 12:01:00+05:30,571.55,571.8,571.45,571.6,347,
2016-11-28 12:02:00+05:30,571.6,572.1,571.45,571.7,1125,
2016-11-28 12:03:00+05:30,571.7,572.65,571.7,572.65,1432,
2016-11-28 12:04:00+05:30,572.65,572.65,572,572.3,702,
2016-11-28 12:05:00+05:30,572.3,572.6,572.05,572.1,559,
2016-11-28 12:06:00+05:30,572.1,572.5,572,572.1,684,
2016-11-28 12:07:00+05:30,572.35,572.45,572,572.05,1084,
2016-11-28 12:08:00+05:30,572.05,572.35,572,572,365,
2016-11-28 12:09:00+05:30,572,572.8,572,572.65,2655,
2016-11-28 12:10:00+05:30,572.65,573.4,572.65,573.1,694,
2016-11-28 12:11:00+05:30,573.1,573.35,572.6,572.9,774,
2016-11-28 12:12:00+05:30,572.9,572.9,572.45,572.45,730,
2016-11-28 12:13:00+05:30,572.3,573.2,572.3,572.3,629,
2016-11-28 12:14:00+05:30,572.65,572.85,572.3,572.35,791,
2016-11-28 12:15:00+05:30,572.35,572.7,572.1,572.15,1308,
2016-11-28 12:16:00+05:30,572.15,572.55,572.05,572.5,706,
2016-11-28 12:17:00+05:30,572.75,572.75,572,572,386,
2016-11-28 12:18:00+05:30,572,573.9,572,573.85,1568,
2016-11-28 12:19:00+05:30,573.85,574,572.55,572.8,6601,
2016-11-28 12:20:00+05:30,572.8,573.85,572.05,573.8,1815,
2016-11-28 12:21:00+05:30,573.75,573.75,572.05,572.05,3001,
2016-11-28 12:22:00+05:30,572.05,572.65,572.05,572.4,5168,
2016-11-28 12:23:00+05:30,572.4,572.45,571.35,571.35,3432,
2016-11-28 12:24:00+05:30,571.35,571.45,570.7,571,3831,
2016-11-28 12:25:00+05:30,571,572.55,571,572.55,5597,
2016-11-28 12:26:00+05:30,572.45,572.75,571.8,572.35,6125,
2016-11-28 12:27:00+05:30,572,572.05,571.8,572,4733,
2016-11-28 12:28:00+05:30,572,572,571.95,571.95,6362,
2016-11-28 12:29:00+05:30,571.95,572,571.9,572,1566,
2016-11-28 12:30:00+05:30,572,572,571.8,571.8,4708,
2016-11-28 12:31:00+05:30,572,572,571.7,571.95,2848,
2016-11-28 12:32:00+05:30,571.7,571.9,571.7,571.9,4961,
2016-11-28 12:33:00+05:30,571.75,571.9,571.7,571.75,1426,
2016-11-28 12:34:00+05:30,571.75,571.75,571.55,571.7,1215,
2016-11-28 12:35:00+05:30,571.75,571.85,571.6,571.8,2530,
2016-11-28 12:36:00+05:30,571.8,572,571.15,571.15,6471,
2016-11-28 12:37:00+05:30,571.15,571.15,570.5,570.6,6742,
2016-11-28 12:38:00+05:30,570.6,572,570.6,571.85,3325,
2016-11-28 12:39:00+05:30,571.85,571.9,570.8,571.15,1240,
2016-11-28 12:40:00+05:30,571.15,571.2,570.5,570.9,4276,
2016-11-28 12:41:00+05:30,570.9,571.2,570.05,570.05,5390,
2016-11-28 12:42:00+05:30,570.1,570.25,569.1,570,13963,
2016-11-28 12:43:00+05:30,570,570,569.3,569.4,3023,
2016-11-28 12:44:00+05:30,569.35,569.9,569.3,569.7,1987,
2016-11-28 12:45:00+05:30,569.7,569.8,569.45,569.8,930,
2016-11-28 12:46:00+05:30,569.8,569.95,569.6,569.7,950,
2016-11-28 12:47:00+05:30,569.7,570,569.6,569.65,1454,
2016-11-28 12:48:00+05:30,569.65,570,569.65,569.8,316,
2016-11-28 12:49:00+05:30,569.8,570,569.8,570,975,
2016-11-28 12:50:00+05:30,570,570.6,570,570.6,2701,
2016-11-28 12:51:00+05:30,570.45,570.95,570.45,570.95,231,
2016-11-28 12:52:00+05:30,570.85,570.95,570.75,570.75,919,
2016-11-28 12:53:00+05:30,570.75,570.95,570.75,570.75,1041,
2016-11-28 12:54:00+05:30,570.75,571.3,570.75,571.3,1551,
2016-11-28 12:55:00+05:30,571.3,572.25,571,571.55,2962,
2016-11-28 12:56:00+05:30,571.55,571.7,571.3,571.3,937,
2016-11-28 12:57:00+05:30,571.3,571.8,571.2,571.2,1368,
2016-11-28 12:58:00+05:30,571.2,571.25,571,571.25,741,
2016-11-28 12:59:00+05:30,571.05,571.25,570.95,571.2,1255,
2016-11-28 13:00:00+05:30,571,571.2,570.85,570.85,1414,
2016-11-28 13:01:00+05:30,570.75,570.75,570,570.65,1983,
2016-11-28 13:02:00+05:30,570.05,570.45,569.85,569.85,2084,
2016-11-28 13:03:00+05:30,569.85,570.15,569.85,570.05,580,
2016-11-28 13:04:00+05:30,570.05,570.15,569.55,569.8,3702,
2016-11-28 13:05:00+05:30,569.8,570.8,569.75,570.2,1598,
2016-11-28 13:06:00+05:30,570.2,570.7,570.2,570.6,1341,
2016-11-28 13:07:00+05:30,570.45,570.85,570.3,570.45,755,
2016-11-28 13:08:00+05:30,570.45,570.9,570.45,570.45,600,
2016-11-28 13:09:00+05:30,570.45,570.85,569.95,570.3,2146,
2016-11-28 13:10:00+05:30,570.4,570.4,569.8,570.15,916,
2016-11-28 13:11:00+05:30,570.25,570.25,569.75,569.8,892,
2016-11-28 13:12:00+05:30,569.85,570,569.8,569.8,44,
2016-11-28 13:13:00+05:30,569.8,570.7,569.75,570.7,930,
2016-11-28 13:14:00+05:30,570.7,570.7,570.35,570.35,524,
2016-11-28 13:15:00+05:30,570.35,570.45,569.7,570.05,1265,
2016-11-28 13:16:00+05:30,570.05,570.35,569.9,569.9,329,
2016-11-28 13:17:00+05:30,570,570.5,570,570.15,1050,
2016-11-28 13:18:00+05:30,570.15,570.65,570.15,570.3,945,
2016-11-28 13:19:00+05:30,570.3,570.7,570.25,570.4,553,
2016-11-28 13:20:00+05:30,570.4,570.7,570.4,570.65,1308,
2016-11-28 13:21:00+05:30,570.65,570.7,570.5,570.7,690,
2016-11-28 13:22:00+05:30,570.7,570.7,570.5,570.5,540,
2016-11-28 13:23:00+05:30,570.5,570.65,570.5,570.5,881,
2016-11-28 13:24:00+05:30,570.5,570.65,570.45,570.45,917,
2016-11-28 13:25:00+05:30,570.45,570.45,570.45,570.45,566,
2016-11-28 13:26:00+05:30,570.45,570.65,570.35,570.35,520,
2016-11-28 13:27:00+05:30,570.35,570.7,570.2,570.25,2429,
2016-11-28 13:28:00+05:30,570.3,570.5,570,570.5,709,
2016-11-28 13:29:00+05:30,570.5,570.5,570.05,570.05,1135,
2016-11-28 13:30:00+05:30,570.05,570.15,570,570.05,1209,
2016-11-28 13:31:00+05:30,570.05,570.5,569.7,569.7,4059,
2016-11-28 13:32:00+05:30,569.7,569.95,569.5,569.95,1245,
2016-11-28 13:33:00+05:30,569.6,569.95,569.55,569.95,1390,
2016-11-28 13:34:00+05:30,569.6,570,569.6,569.85,693,
2016-11-28 13:35:00+05:30,569.85,570.15,569.55,569.55,2084,
2016-11-28 13:36:00+05:30,569.55,570.15,569.1,569.3,3288,
2016-11-28 13:37:00+05:30,569.3,569.6,569.2,569.2,1237,
2016-11-28 13:38:00+05:30,569.2,569.8,569.2,569.4,1012,
2016-11-28 13:39:00+05:30,569.4,569.9,569.3,569.6,1507,
2016-11-28 13:40:00+05:30,569.6,569.95,569.1,569.1,2086,
2016-11-28 13:41:00+05:30,569.45,569.75,569.1,569.75,2265,
2016-11-28 13:42:00+05:30,569.6,569.7,569.15,569.5,857,
2016-11-28 13:43:00+05:30,569.5,569.95,569.5,569.6,988,
2016-11-28 13:44:00+05:30,569.6,569.85,569.6,569.75,334,
2016-11-28 13:45:00+05:30,569.75,569.85,569.6,569.6,1040,
2016-11-28 13:46:00+05:30,570.15,570.5,569.75,570.5,1948,
2016-11-28 13:47:00+05:30,570.5,570.6,570.1,570.15,1638,
2016-11-28 13:48:00+05:30,570.15,571,570.1,570.55,1788,
2016-11-28 13:49:00+05:30,570.8,571.25,570.8,571,5337,
2016-11-28 13:50:00+05:30,571,571.2,570.9,570.9,663,
2016-11-28 13:51:00+05:30,570.9,571.35,570.6,571.15,2003,
2016-11-28 13:52:00+05:30,571.15,571.35,570.85,571.05,879,
2016-11-28 13:53:00+05:30,570.75,571.05,570.6,570.6,1092,
2016-11-28 13:54:00+05:30,570.6,570.95,570.6,570.6,2470,
2016-11-28 13:55:00+05:30,570.6,570.95,570.45,570.5,865,
2016-11-28 13:56:00+05:30,570.5,571,570.25,570.25,2391,
2016-11-28 13:57:00+05:30,570.25,570.7,570.2,570.35,1212,
2016-11-28 13:58:00+05:30,570.35,570.95,570.35,570.55,907,
2016-11-28 13:59:00+05:30,570.85,570.9,570.55,570.55,862,
2016-11-28 14:00:00+05:30,570.45,570.85,570.45,570.55,1226,
2016-11-28 14:01:00+05:30,570.55,570.85,570.5,570.5,1262,
2016-11-28 14:02:00+05:30,570.7,570.8,570.5,570.5,737,
2016-11-28 14:03:00+05:30,570.5,570.8,570.5,570.7,591,
2016-11-28 14:04:00+05:30,570.7,570.85,570.7,570.7,568,
2016-11-28 14:05:00+05:30,570.85,570.85,570.8,570.8,571,
2016-11-28 14:06:00+05:30,570.8,570.95,570.55,570.65,2440,
2016-11-28 14:07:00+05:30,570.95,571.35,570.85,571,900,
2016-11-28 14:08:00+05:30,571,571,570.85,570.85,410,
2016-11-28 14:09:00+05:30,570.95,571.15,570.75,571.15,2395,
2016-11-28 14:10:00+05:30,571.35,571.45,570.95,571.45,2294,
2016-11-28 14:11:00+05:30,571.45,571.45,571,571.05,1227,
2016-11-28 14:12:00+05:30,571.1,571.45,571.05,571.25,778,
2016-11-28 14:13:00+05:30,571.25,571.45,571.25,571.4,436,
2016-11-28 14:14:00+05:30,571.4,571.6,571.25,571.6,2490,
2016-11-28 14:15:00+05:30,571.6,571.6,571.2,571.2,1766,
2016-11-28 14:16:00+05:30,571.45,571.5,571.1,571.45,1427,
2016-11-28 14:17:00+05:30,571.55,571.55,571.2,571.45,294,
2016-11-28 14:18:00+05:30,571.45,571.6,571.3,571.6,913,
2016-11-28 14:19:00+05:30,571.6,571.6,571.25,571.6,1131,
2016-11-28 14:20:00+05:30,571.6,571.6,571.25,571.3,1041,
2016-11-28 14:21:00+05:30,571.3,572,571.3,571.95,2149,
2016-11-28 14:22:00+05:30,572,572,571.6,571.95,298,
2016-11-28 14:23:00+05:30,571.95,572,571.5,571.5,1281,
2016-11-28 14:24:00+05:30,571.45,571.9,571.45,571.55,677,
2016-11-28 14:25:00+05:30,571.6,572,571.55,571.95,606,
2016-11-28 14:26:00+05:30,571.95,572.35,571.6,572.3,3812,
2016-11-28 14:27:00+05:30,572.1,572.5,572,572.2,1840,
2016-11-28 14:28:00+05:30,572,572.5,571.5,572.35,4195,
2016-11-28 14:29:00+05:30,572.4,572.5,571.85,572.2,1668,
2016-11-28 14:30:00+05:30,572.2,572.5,572.2,572.5,3584,
2016-11-28 14:31:00+05:30,572.55,573,572.05,572.05,4200,
2016-11-28 14:32:00+05:30,572.3,572.55,572.2,572.55,1227,
2016-11-28 14:33:00+05:30,572.55,573,572.35,573,1192,
2016-11-28 14:34:00+05:30,572.7,572.95,572.25,572.8,3744,
2016-11-28 14:35:00+05:30,572.9,573.45,572.85,573.1,2879,
2016-11-28 14:36:00+05:30,572.95,573.4,572.35,572.4,2190,
2016-11-28 14:37:00+05:30,572.7,572.9,572.5,572.7,787,
2016-11-28 14:38:00+05:30,572.7,572.8,572.25,572.75,2407,
2016-11-28 14:39:00+05:30,572.75,573,572.6,572.75,1628,
2016-11-28 14:40:00+05:30,572.75,573.5,572.55,573.2,2725,
2016-11-28 14:41:00+05:30,573.4,573.5,573.05,573.45,1660,
2016-11-28 14:42:00+05:30,573.4,573.5,573.25,573.45,1700,
2016-11-28 14:43:00+05:30,573.5,573.5,573.35,573.4,3114,
2016-11-28 14:44:00+05:30,573.4,573.6,573.05,573.05,1798,
2016-11-28 14:45:00+05:30,573.3,573.4,572.55,573.25,3085,
2016-11-28 14:46:00+05:30,573.35,573.35,572.05,572.05,3149,
2016-11-28 14:47:00+05:30,572.05,572.5,572.05,572.4,1580,
2016-11-28 14:48:00+05:30,572.4,573.2,572.25,573.15,2000,
2016-11-28 14:49:00+05:30,573.15,573.2,572.4,572.75,4511,
2016-11-28 14:50:00+05:30,572.75,573.15,572.7,572.9,840,
2016-11-28 14:51:00+05:30,572.9,572.9,572.25,572.7,1399,
2016-11-28 14:52:00+05:30,572.5,572.9,572.45,572.9,1865,
2016-11-28 14:53:00+05:30,572.9,572.9,572.55,572.6,956,
2016-11-28 14:54:00+05:30,572.6,573,572.3,572.85,2621,
2016-11-28 14:55:00+05:30,572.5,572.9,572.5,572.7,745,
2016-11-28 14:56:00+05:30,572.7,572.95,572.35,572.45,1997,
2016-11-28 14:57:00+05:30,572.45,572.9,572.45,572.7,2090,
2016-11-28 14:58:00+05:30,572.75,572.95,572.5,572.6,3366,
2016-11-28 14:59:00+05:30,572.6,572.85,572.1,572.1,3272,
2016-11-28 15:00:00+05:30,572.3,572.3,572.2,572.2,1492,
2016-11-28 15:01:00+05:30,572.25,572.25,571.2,571.85,5400,
2016-11-28 15:02:00+05:30,571.9,572.2,571.35,571.65,3805,
2016-11-28 15:03:00+05:30,571.7,571.75,571.45,571.6,2501,
2016-11-28 15:04:00+05:30,571.65,571.95,571,571.4,5948,
2016-11-28 15:05:00+05:30,571.55,572,571.5,571.95,2514,
2016-11-28 15:06:00+05:30,571.95,572.2,571.8,572.15,2428,
2016-11-28 15:07:00+05:30,572.2,572.3,571.6,572.1,5087,
2016-11-28 15:08:00+05:30,572.25,572.5,571.55,571.9,7912,
2016-11-28 15:09:00+05:30,572,572,570,570.5,34813,
2016-11-28 15:10:00+05:30,570.5,571.85,570.35,571.45,3269,
2016-11-28 15:11:00+05:30,571.15,571.6,571.1,571.3,5717,
2016-11-28 15:12:00+05:30,571.1,571.55,570.3,570.9,8256,
2016-11-28 15:13:00+05:30,570.95,571,570.85,571,3344,
2016-11-28 15:14:00+05:30,571,571.65,570.55,570.55,4927,
2016-11-28 15:15:00+05:30,570.9,571,568.5,569.85,11007,
2016-11-28 15:16:00+05:30,569.85,570.2,568.8,569.45,7117,
2016-11-28 15:17:00+05:30,569.55,570,569.25,570,3710,
2016-11-28 15:18:00+05:30,570.2,570.45,569.2,570.15,6441,
2016-11-28 15:19:00+05:30,570.3,570.45,569.7,569.75,3127,
2016-11-28 15:20:00+05:30,569.95,569.95,569.2,569.2,5745,
2016-11-28 15:21:00+05:30,569,569.45,568.55,569.2,10442,
2016-11-28 15:22:00+05:30,569.15,569.5,568.85,569.4,4313,
2016-11-28 15:23:00+05:30,569.5,570,569.4,569.75,4599,
2016-11-28 15:24:00+05:30,570.15,570.45,569.9,570,5143,
2016-11-28 15:25:00+05:30,569.9,570.45,569.7,570.45,7076,
2016-11-28 15:26:00+05:30,570.7,571,569.95,570.05,7365,
2016-11-28 15:27:00+05:30,570.8,570.95,570.15,570.4,5082,
2016-11-28 15:28:00+05:30,570.4,572,570.3,572,7791,
2016-11-28 15:29:00+05:30,572,572.4,570.35,572.4,3831,
2016-11-29 09:15:00+05:30,572.4,573.8,570.8,572.35,9044,
2016-11-29 09:16:00+05:30,572.8,573,571.45,572.55,5360,
2016-11-29 09:17:00+05:30,572.3,572.85,571.55,572.4,4538,
2016-11-29 09:18:00+05:30,572.4,573.05,571.85,573,5617,
2016-11-29 09:19:00+05:30,572.85,573.2,572.65,573.2,1969,
2016-11-29 09:20:00+05:30,573.2,573.55,571.5,571.5,6644,
2016-11-29 09:21:00+05:30,571.5,573.35,571.1,571.85,3024,
2016-11-29 09:22:00+05:30,571.85,572.05,571.55,572.05,1837,
2016-11-29 09:23:00+05:30,572.05,572.35,571.9,571.9,2266,
2016-11-29 09:24:00+05:30,571.95,571.95,571.5,571.5,1787,
2016-11-29 09:25:00+05:30,571.2,572.35,571.2,571.7,3872,
2016-11-29 09:26:00+05:30,571.7,572.1,571.2,571.85,2127,
2016-11-29 09:27:00+05:30,571.7,571.85,571.3,571.5,2423,
2016-11-29 09:28:00+05:30,571.5,571.5,571.05,571.45,858,
2016-11-29 09:29:00+05:30,571.45,571.45,571.1,571.15,319,
2016-11-29 09:30:00+05:30,571.15,571.2,571,571.15,1285,
2016-11-29 09:31:00+05:30,571.15,571.45,571.1,571.4,648,
2016-11-29 09:32:00+05:30,571.4,571.45,570.55,570.9,4547,
2016-11-29 09:33:00+05:30,570.9,571.1,570.75,571.05,811,
2016-11-29 09:34:00+05:30,571.1,571.45,570.95,571.15,3809,
2016-11-29 09:35:00+05:30,571.15,571.15,570.95,571.1,949,
2016-11-29 09:36:00+05:30,571.1,571.7,571.1,571.55,1799,
2016-11-29 09:37:00+05:30,571.55,571.95,571.55,571.95,1225,
2016-11-29 09:38:00+05:30,571.95,571.95,571.4,571.4,605,
2016-11-29 09:39:00+05:30,571.4,571.9,571.4,571.9,1741,
2016-11-29 09:40:00+05:30,571.9,571.95,571.5,571.95,1659,
2016-11-29 09:41:00+05:30,571.95,571.95,570.75,570.8,3135,
2016-11-29 09:42:00+05:30,570.8,571.2,570.55,571.2,2262,
2016-11-29 09:43:00+05:30,570.65,570.9,570.15,570.4,4921,
2016-11-29 09:44:00+05:30,570.4,570.4,569.95,570.2,2920,
2016-11-29 09:45:00+05:30,570.2,570.2,569.55,569.65,1818,
2016-11-29 09:46:00+05:30,569.65,569.65,568.3,568.7,4130,
2016-11-29 09:47:00+05:30,568.75,569.5,568.6,569.15,2182,
2016-11-29 09:48:00+05:30,569.05,569.3,568.85,568.9,1232,
2016-11-29 09:49:00+05:30,568.9,568.9,568.1,568.35,3418,
2016-11-29 09:50:00+05:30,568.35,568.35,567.25,567.45,3161,
2016-11-29 09:51:00+05:30,567.45,567.55,567.05,567.55,2525,
2016-11-29 09:52:00+05:30,567.55,568,567.55,568,2491,
2016-11-29 09:53:00+05:30,568,568.2,567.8,568.2,1692,
2016-11-29 09:54:00+05:30,568.2,569.3,568.2,569.15,2221,
2016-11-29 09:55:00+05:30,569.2,569.5,569.15,569.15,1595,
2016-11-29 09:56:00+05:30,569.15,569.15,568.65,568.75,1166,
2016-11-29 09:57:00+05:30,568.75,569.15,568.7,568.7,676,
2016-11-29 09:58:00+05:30,568.7,569,568.45,569,1775,
2016-11-29 09:59:00+05:30,569,569,568.2,568.2,2673,
2016-11-29 10:00:00+05:30,568.2,568.35,566.25,566.7,12542,
2016-11-29 10:01:00+05:30,566.7,567.2,566.05,566.35,7512,
2016-11-29 10:02:00+05:30,566.3,566.75,566.05,566.3,4535,
2016-11-29 10:03:00+05:30,566.3,567.2,566.3,566.8,2540,
2016-11-29 10:04:00+05:30,566.8,567,566.1,566.1,2333,
2016-11-29 10:05:00+05:30,566.1,566.85,566.05,566.75,4601,
2016-11-29 10:06:00+05:30,566.75,567,566.05,566.25,6480,
2016-11-29 10:07:00+05:30,566.25,566.45,565.5,565.5,7189,
2016-11-29 10:08:00+05:30,565.5,565.7,565.25,565.45,2997,
2016-11-29 10:09:00+05:30,565.5,565.95,565.45,565.75,1455,
2016-11-29 10:10:00+05:30,565.75,565.85,565.5,565.55,1867,
2016-11-29 10:11:00+05:30,565.55,565.75,565.55,565.75,1900,
2016-11-29 10:12:00+05:30,565.75,565.8,565.65,565.8,801,
2016-11-29 10:13:00+05:30,565.85,566.05,565.8,566.05,1214,
2016-11-29 10:14:00+05:30,566,566.65,565.85,566.65,1652,
2016-11-29 10:15:00+05:30,566.65,567.5,566.65,567.2,3879,
2016-11-29 10:16:00+05:30,567.2,568.3,567.2,568.3,2000,
2016-11-29 10:17:00+05:30,567.85,568.2,567.15,567.4,2655,
2016-11-29 10:18:00+05:30,567.4,567.75,567.05,567.3,1135,
2016-11-29 10:19:00+05:30,567.3,567.9,566.8,567.5,2271,
2016-11-29 10:20:00+05:30,567.8,568.15,567.6,567.6,1578,
2016-11-29 10:21:00+05:30,567.6,567.7,567.2,567.5,602,
2016-11-29 10:22:00+05:30,567.5,568,567.5,567.95,701,
2016-11-29 10:23:00+05:30,567.95,568.2,567.9,567.95,1962,
2016-11-29 10:24:00+05:30,567.95,568.5,567.9,568.2,1323,
2016-11-29 10:25:00+05:30,568.2,568.2,567.6,567.85,756,
2016-11-29 10:26:00+05:30,567.85,568.05,567.5,567.7,687,
2016-11-29 10:27:00+05:30,567.7,567.7,567.35,567.45,1441,
2016-11-29 10:28:00+05:30,567.45,567.65,567.45,567.6,158,
2016-11-29 10:29:00+05:30,567.65,567.95,567.65,567.85,1195,
2016-11-29 10:30:00+05:30,567.85,568.1,567.55,568.05,936,
2016-11-29 10:31:00+05:30,568.05,568.1,567.6,567.7,302,
2016-11-29 10:32:00+05:30,567.7,568.05,567.7,567.95,906,
2016-11-29 10:33:00+05:30,567.85,567.9,567.75,567.9,232,
2016-11-29 10:34:00+05:30,567.9,568.7,567.9,568.35,2655,
2016-11-29 10:35:00+05:30,568.25,568.3,567.65,567.75,1719,
2016-11-29 10:36:00+05:30,567.75,568.2,567.65,567.8,590,
2016-11-29 10:37:00+05:30,567.8,568.2,567.8,568.2,285,
2016-11-29 10:38:00+05:30,568.2,568.5,568.1,568.5,717,
2016-11-29 10:39:00+05:30,568.5,568.65,567.8,568.05,1164,
2016-11-29 10:40:00+05:30,568.05,568.15,567.4,568.05,4300,
2016-11-29 10:41:00+05:30,568.05,568.1,567.85,568.05,495,
2016-11-29 10:42:00+05:30,568.05,568.4,567.85,568.2,747,
2016-11-29 10:43:00+05:30,568.2,568.85,568.2,568.85,987,
2016-11-29 10:44:00+05:30,568.6,569.45,567.9,568.25,6724,
2016-11-29 10:45:00+05:30,568.2,568.5,568.05,568.1,1172,
2016-11-29 10:46:00+05:30,568.1,568.9,568.05,568.85,2264,
2016-11-29 10:47:00+05:30,568.85,569.1,568.3,568.45,1987,
2016-11-29 10:48:00+05:30,568.45,568.85,568.45,568.45,740,
2016-11-29 10:49:00+05:30,568.45,568.7,568.45,568.7,196,
2016-11-29 10:50:00+05:30,568.7,568.7,568.65,568.65,946,
2016-11-29 10:51:00+05:30,568.6,568.7,568.5,568.65,672,
2016-11-29 10:52:00+05:30,568.65,568.7,568.55,568.6,685,
2016-11-29 10:53:00+05:30,568.6,568.9,568.6,568.7,744,
2016-11-29 10:54:00+05:30,568.7,568.9,568.7,568.85,630,
2016-11-29 10:55:00+05:30,568.85,568.9,568.3,568.6,1774,
2016-11-29 10:56:00+05:30,568.6,568.65,568.35,568.65,380,
2016-11-29 10:57:00+05:30,568.65,568.65,568.4,568.5,444,
2016-11-29 10:58:00+05:30,568.5,568.65,568.35,568.35,577,
2016-11-29 10:59:00+05:30,568.55,568.7,568.35,568.6,398,
2016-11-29 11:00:00+05:30,568.6,568.6,568,568.5,951,
2016-11-29 11:01:00+05:30,568.45,568.5,568.15,568.15,476,
2016-11-29 11:02:00+05:30,568.15,568.45,568.15,568.15,426,
2016-11-29 11:03:00+05:30,568.15,568.35,568.15,568.3,220,
2016-11-29 11:04:00+05:30,568.3,568.35,567.9,567.9,1354,
2016-11-29 11:05:00+05:30,567.9,567.95,567.15,567.15,1269,
2016-11-29 11:06:00+05:30,567.15,567.45,567,567.2,2306,
2016-11-29 11:07:00+05:30,567.2,567.3,566.65,566.65,629,
2016-11-29 11:08:00+05:30,566.65,566.8,566.15,566.25,1046,
2016-11-29 11:09:00+05:30,566.25,566.45,566.1,566.4,1463,
2016-11-29 11:10:00+05:30,566.4,566.4,566,566.1,1944,
2016-11-29 11:11:00+05:30,566.1,566.1,564.3,564.35,12093,
2016-11-29 11:12:00+05:30,564.55,565.5,564.5,565.2,4253,
2016-11-29 11:13:00+05:30,565.2,565.2,564.6,564.9,5346,
2016-11-29 11:14:00+05:30,565,565.75,565,565.75,2565,
2016-11-29 11:15:00+05:30,565.75,566.35,565.75,566.35,1171,
2016-11-29 11:16:00+05:30,566.05,566.05,565.75,565.75,1376,
2016-11-29 11:17:00+05:30,565.75,565.95,565.65,565.95,332,
2016-11-29 11:18:00+05:30,565.95,566.5,565.95,566.4,981,
2016-11-29 11:19:00+05:30,566.4,566.55,566.3,566.45,2065,
2016-11-29 11:20:00+05:30,566.35,566.5,566.2,566.3,675,
2016-11-29 11:21:00+05:30,566.3,566.5,566,566.05,772,
2016-11-29 11:22:00+05:30,566.05,566.3,566,566.15,2373,
2016-11-29 11:23:00+05:30,566.2,566.25,566.15,566.15,226,
2016-11-29 11:24:00+05:30,566.15,566.45,566.15,566.15,686,
2016-11-29 11:25:00+05:30,566.15,566.2,565.85,565.85,1018,
2016-11-29 11:26:00+05:30,565.85,566.5,565.85,566.45,896,
2016-11-29 11:27:00+05:30,566.45,566.9,566.4,566.8,1001,
2016-11-29 11:28:00+05:30,566.8,567,566.65,566.95,1821,
2016-11-29 11:29:00+05:30,566.95,567.6,566.6,567.45,2914,
2016-11-29 11:30:00+05:30,567.45,567.95,567.35,567.9,1819,
2016-11-29 11:31:00+05:30,567.9,568.45,567.7,568.45,3713,
2016-11-29 11:32:00+05:30,568.4,568.5,567.95,567.95,1151,
2016-11-29 11:33:00+05:30,567.95,568,567.7,567.95,581,
2016-11-29 11:34:00+05:30,567.95,567.95,567.65,567.85,957,
2016-11-29 11:35:00+05:30,567.85,567.9,567.8,567.85,541,
2016-11-29 11:36:00+05:30,567.85,567.85,567.5,567.5,479,
2016-11-29 11:37:00+05:30,567.7,567.75,567.5,567.7,311,
2016-11-29 11:38:00+05:30,567.7,567.75,567.2,567.2,917,
2016-11-29 11:39:00+05:30,567.2,567.45,567.1,567.15,952,
2016-11-29 11:40:00+05:30,567.15,567.5,567.15,567.5,476,
2016-11-29 11:41:00+05:30,567.5,568,567.5,567.8,1559,
2016-11-29 11:42:00+05:30,567.95,568.25,567.95,568.25,598,
2016-11-29 11:43:00+05:30,568.2,568.25,567.6,568.25,2796,
2016-11-29 11:44:00+05:30,568.25,568.5,568.25,568.4,872,
2016-11-29 11:45:00+05:30,568.4,568.45,567.9,568.35,1303,
2016-11-29 11:46:00+05:30,568.35,568.4,568.05,568.1,578,
2016-11-29 11:47:00+05:30,568.1,568.4,568,568.3,773,
2016-11-29 11:48:00+05:30,568.3,568.4,567.5,567.5,3162,
2016-11-29 11:49:00+05:30,567.5,567.6,566.8,567.3,876,
2016-11-29 11:50:00+05:30,567.3,567.35,566.8,567.1,652,
2016-11-29 11:51:00+05:30,567.1,567.6,567.1,567.6,478,
2016-11-29 11:52:00+05:30,567.6,567.95,567.6,567.9,430,
2016-11-29 11:53:00+05:30,567.9,567.9,567.35,567.85,957,
2016-11-29 11:54:00+05:30,567.85,568.2,567.65,567.7,2515,
2016-11-29 11:55:00+05:30,567.7,568,567.65,567.8,1299,
2016-11-29 11:56:00+05:30,567.8,568,567.8,567.95,391,
2016-11-29 11:57:00+05:30,568,568,567.8,568,646,
2016-11-29 11:58:00+05:30,568,568.4,567.95,568.2,1286,
2016-11-29 11:59:00+05:30,568.2,568.2,567.8,568,771,
2016-11-29 12:00:00+05:30,568,568.35,568,568.35,1400,
2016-11-29 12:01:00+05:30,568.35,569.25,568.3,568.95,4472,
2016-11-29 12:02:00+05:30,568.95,570.3,568.85,569.05,11856,
2016-11-29 12:03:00+05:30,569.05,569.65,569.05,569.5,2458,
2016-11-29 12:04:00+05:30,569.5,569.85,569.3,569.85,3020,
2016-11-29 12:05:00+05:30,569.85,569.95,569.55,569.55,1440,
2016-11-29 12:06:00+05:30,569.85,569.9,569,569.5,5500,
2016-11-29 12:07:00+05:30,569.65,569.85,569.15,569.8,2057,
2016-11-29 12:08:00+05:30,569.8,569.85,569.25,569.6,1644,
2016-11-29 12:09:00+05:30,569.6,569.7,569,569.35,2268,
2016-11-29 12:10:00+05:30,569.35,569.55,568.45,568.45,2412,
2016-11-29 12:11:00+05:30,568.45,568.9,568.3,568.85,1614,
2016-11-29 12:12:00+05:30,568.8,568.8,568.35,568.4,582,
2016-11-29 12:13:00+05:30,568.4,568.8,568.4,568.6,2209,
2016-11-29 12:14:00+05:30,568.6,568.8,568.55,568.75,1440,
2016-11-29 12:15:00+05:30,568.75,568.75,568.3,568.6,1428,
2016-11-29 12:16:00+05:30,568.4,568.6,568,568,1006,
2016-11-29 12:17:00+05:30,568,568.35,567.5,568.1,1810,
2016-11-29 12:18:00+05:30,567.8,568.65,567.8,568.35,1874,
2016-11-29 12:19:00+05:30,568.35,568.35,567.65,567.95,811,
2016-11-29 12:20:00+05:30,567.8,568.4,567.5,567.8,852,
2016-11-29 12:21:00+05:30,567.8,568.25,567.75,568.05,1480,
2016-11-29 12:22:00+05:30,568.05,568.25,567.6,568.25,802,
2016-11-29 12:23:00+05:30,568.25,568.4,568.25,568.3,540,
2016-11-29 12:24:00+05:30,568.4,568.4,568.35,568.35,594,
2016-11-29 12:25:00+05:30,568.35,568.55,568.1,568.5,844,
2016-11-29 12:26:00+05:30,568.5,568.95,568.5,568.95,504,
2016-11-29 12:27:00+05:30,568.65,568.9,568.6,568.85,799,
2016-11-29 12:28:00+05:30,568.9,569,568.5,568.85,540,
2016-11-29 12:29:00+05:30,568.85,569.25,568.85,569,3633,
2016-11-29 12:30:00+05:30,569,569.1,568.65,568.65,1006,
2016-11-29 12:31:00+05:30,568.6,568.7,567.7,567.7,2615,
2016-11-29 12:32:00+05:30,568.45,568.45,567.7,568.4,925,
2016-11-29 12:33:00+05:30,568.4,568.6,568.4,568.6,454,
2016-11-29 12:34:00+05:30,568.7,568.7,568.15,568.65,838,
2016-11-29 12:35:00+05:30,568.65,568.95,568.65,568.75,1223,
2016-11-29 12:36:00+05:30,568.75,568.95,568.6,568.75,921,
2016-11-29 12:37:00+05:30,568.75,568.75,567.65,568.5,1065,
2016-11-29 12:38:00+05:30,568.5,568.5,568,568.05,894,
2016-11-29 12:39:00+05:30,568.05,568.2,567.65,568.2,694,
2016-11-29 12:40:00+05:30,568.2,568.5,567.6,567.6,3804,
2016-11-29 12:41:00+05:30,567.6,568.4,567.6,568,11820,
2016-11-29 12:42:00+05:30,568,568.45,567.95,568.45,9672,
2016-11-29 12:43:00+05:30,568.45,568.45,568,568,719,
2016-11-29 12:44:00+05:30,568,568.4,568,568.4,1128,
2016-11-29 12:45:00+05:30,568.4,568.45,568.05,568.45,2543,
2016-11-29 12:46:00+05:30,568.45,568.5,568.1,568.1,1361,
2016-11-29 12:47:00+05:30,568.45,568.45,568.05,568.35,1860,
2016-11-29 12:48:00+05:30,568.35,568.4,568.1,568.35,699,
2016-11-29 12:49:00+05:30,568.35,568.45,568,568.4,724,
2016-11-29 12:50:00+05:30,568.4,568.5,568.15,568.15,793,
2016-11-29 12:51:00+05:30,568.15,568.45,568.15,568.45,619,
2016-11-29 12:52:00+05:30,568.45,568.5,568.3,568.5,8539,
2016-11-29 12:53:00+05:30,568.5,568.7,568.3,568.35,1213,
2016-11-29 12:54:00+05:30,568.35,568.85,568.3,568.8,797,
2016-11-29 12:55:00+05:30,568.8,568.85,568.3,568.35,904,
2016-11-29 12:56:00+05:30,568.7,568.7,568.15,568.4,1445,
2016-11-29 12:57:00+05:30,568.4,568.5,568,568,1111,
2016-11-29 12:58:00+05:30,568,568.45,567.75,568.25,4530,
2016-11-29 12:59:00+05:30,568.25,568.4,567.75,568.3,1445,
2016-11-29 13:00:00+05:30,568.3,568.65,568.3,568.4,307,
2016-11-29 13:01:00+05:30,568.4,568.75,568.35,568.35,896,
2016-11-29 13:02:00+05:30,568.35,568.75,568.2,568.7,981,
2016-11-29 13:03:00+05:30,568.7,568.9,568.2,568.9,1305,
2016-11-29 13:04:00+05:30,568.9,569,568.75,568.95,615,
2016-11-29 13:05:00+05:30,568.95,569,568.2,568.8,1278,
2016-11-29 13:06:00+05:30,568.8,569,568.8,569,314,
2016-11-29 13:07:00+05:30,569,569,568.95,568.95,1219,
2016-11-29 13:08:00+05:30,568.95,569.25,568.95,569,2313,
2016-11-29 13:09:00+05:30,569,569.7,569,569.15,1324,
2016-11-29 13:10:00+05:30,569.15,569.5,569,569.05,481,
2016-11-29 13:11:00+05:30,569.05,569.5,569,569.4,271,
2016-11-29 13:12:00+05:30,569.4,569.45,569.1,569.4,273,
2016-11-29 13:13:00+05:30,569.15,569.45,568.4,568.4,1990,
2016-11-29 13:14:00+05:30,568.4,569.05,568.35,568.95,417,
2016-11-29 13:15:00+05:30,568.95,569.1,568.45,568.45,745,
2016-11-29 13:16:00+05:30,568.45,569.3,568.45,568.95,1647,
2016-11-29 13:17:00+05:30,569.3,569.75,569.15,569.75,1942,
2016-11-29 13:18:00+05:30,569.75,569.8,569.3,569.75,858,
2016-11-29 13:19:00+05:30,569.75,569.85,569.45,569.85,1151,
2016-11-29 13:20:00+05:30,569.9,569.9,569.2,569.25,905,
2016-11-29 13:21:00+05:30,569.25,569.9,569.05,569.8,1378,
2016-11-29 13:22:00+05:30,569.85,570,569.1,569.4,1287,
2016-11-29 13:23:00+05:30,569.75,569.9,569.5,569.9,317,
2016-11-29 13:24:00+05:30,569.85,569.9,569.5,569.55,767,
2016-11-29 13:25:00+05:30,569.9,569.95,569.25,569.45,1926,
2016-11-29 13:26:00+05:30,569.45,569.75,568.9,568.95,1746,
2016-11-29 13:27:00+05:30,569.15,569.4,568.95,569.05,1274,
2016-11-29 13:28:00+05:30,569.05,569.5,568.55,568.55,1684,
2016-11-29 13:29:00+05:30,569.05,569.1,568.5,569,732,
2016-11-29 13:30:00+05:30,569.1,569.4,569,569,319,
2016-11-29 13:31:00+05:30,569,569.6,569,569.6,2287,
2016-11-29 13:32:00+05:30,569.15,569.8,569.15,569.6,896,
2016-11-29 13:33:00+05:30,569.6,569.75,568.95,569.25,8965,
2016-11-29 13:34:00+05:30,569.6,569.7,569.15,569.65,1138,
2016-11-29 13:35:00+05:30,569.7,569.9,569.6,569.75,1601,
2016-11-29 13:36:00+05:30,569.9,569.9,569.75,569.85,828,
2016-11-29 13:37:00+05:30,569.9,569.95,569.6,569.9,738,
2016-11-29 13:38:00+05:30,569.9,569.95,569.8,569.9,320,
2016-11-29 13:39:00+05:30,569.9,570,569.6,570,3084,
2016-11-29 13:40:00+05:30,570.45,571.75,570.45,571.05,5761,
2016-11-29 13:41:00+05:30,571.25,571.9,571.05,571.5,3567,
2016-11-29 13:42:00+05:30,571.8,572.35,571.25,572.35,6701,
2016-11-29 13:43:00+05:30,572.4,572.6,572.25,572.5,5245,
2016-11-29 13:44:00+05:30,572.8,572.95,572,572.5,5859,
2016-11-29 13:45:00+05:30,572.5,572.7,571.7,571.75,1351,
2016-11-29 13:46:00+05:30,572.15,572.2,571.75,572.15,1515,
2016-11-29 13:47:00+05:30,572.2,572.3,571.7,572,932,
2016-11-29 13:48:00+05:30,572,572.3,571.4,571.4,1496,
2016-11-29 13:49:00+05:30,571.9,572.2,571.55,572,1511,
2016-11-29 13:50:00+05:30,572,572.25,571.8,572,1201,
2016-11-29 13:51:00+05:30,571.95,572.25,571.4,572.2,1491,
2016-11-29 13:52:00+05:30,572.25,572.3,571.9,572.2,1191,
2016-11-29 13:53:00+05:30,572.15,572.25,571.2,571.5,1588,
2016-11-29 13:54:00+05:30,571.7,572.05,570.95,571.15,1841,
2016-11-29 13:55:00+05:30,571.65,571.7,570.55,570.8,1535,
2016-11-29 13:56:00+05:30,570.8,571.65,570.55,570.55,1821,
2016-11-29 13:57:00+05:30,570.55,571.8,570.55,571.5,2686,
2016-11-29 13:58:00+05:30,571.3,571.5,570.55,570.85,2395,
2016-11-29 13:59:00+05:30,571,571.45,570.85,571.45,1369,
2016-11-29 14:00:00+05:30,571.9,572,571.45,571.5,1229,
2016-11-29 14:01:00+05:30,571.45,571.95,571.45,571.8,672,
2016-11-29 14:02:00+05:30,571.8,572.1,571.55,572,2180,
2016-11-29 14:03:00+05:30,572,572.25,571.75,571.95,1503,
2016-11-29 14:04:00+05:30,571.95,572,571.3,571.8,1518,
2016-11-29 14:05:00+05:30,571.8,571.8,571,571.05,1822,
2016-11-29 14:06:00+05:30,571.05,571.4,570.9,571.35,924,
2016-11-29 14:07:00+05:30,571.35,571.45,570.95,571.35,2000,
2016-11-29 14:08:00+05:30,571.35,571.6,571,571.3,500,
2016-11-29 14:09:00+05:30,571.3,571.65,571.3,571.5,552,
2016-11-29 14:10:00+05:30,571.5,571.7,571.45,571.5,911,
2016-11-29 14:11:00+05:30,571.5,571.5,571,571.5,668,
2016-11-29 14:12:00+05:30,571.5,571.65,571.4,571.65,815,
2016-11-29 14:13:00+05:30,571.65,571.65,571,571.1,1798,
2016-11-29 14:14:00+05:30,571.1,571.5,571.1,571.45,683,
2016-11-29 14:15:00+05:30,571.45,571.5,571,571,1680,
2016-11-29 14:16:00+05:30,570.9,571.3,570.9,571.05,1506,
2016-11-29 14:17:00+05:30,571.05,571.1,570,570.2,1293,
2016-11-29 14:18:00+05:30,570.4,570.95,570,570.65,1405,
2016-11-29 14:19:00+05:30,570.65,570.65,570.3,570.55,599,
2016-11-29 14:20:00+05:30,570.55,570.55,569.05,569.05,2231,
2016-11-29 14:21:00+05:30,569.5,569.6,569.15,569.55,4500,
2016-11-29 14:22:00+05:30,569.55,570.3,568.95,569.1,5350,
2016-11-29 14:23:00+05:30,569.5,570,568.95,570,2755,
2016-11-29 14:24:00+05:30,570,570.3,569.3,569.4,2009,
2016-11-29 14:25:00+05:30,569.4,570.05,569.3,570,1248,
2016-11-29 14:26:00+05:30,570,570,569.6,570,279,
2016-11-29 14:27:00+05:30,570,570.5,570,570.1,1416,
2016-11-29 14:28:00+05:30,570.1,571.3,570.1,571.25,1961,
2016-11-29 14:29:00+05:30,571.25,571.85,571.25,571.6,1404,
2016-11-29 14:30:00+05:30,571.6,571.9,571.6,571.75,2299,
2016-11-29 14:31:00+05:30,571.75,571.75,571,571.45,1155,
2016-11-29 14:32:00+05:30,571.45,571.45,570.3,570.9,1402,
2016-11-29 14:33:00+05:30,570.9,570.9,570,570.25,2245,
2016-11-29 14:34:00+05:30,570.25,570.55,569.1,569.65,2060,
2016-11-29 14:35:00+05:30,569.65,569.85,569.15,569.15,1834,
2016-11-29 14:36:00+05:30,569.15,569.65,569,569.1,1414,
2016-11-29 14:37:00+05:30,569.1,569.65,568.9,569.5,1089,
2016-11-29 14:38:00+05:30,569.5,570.4,569.5,570.35,822,
2016-11-29 14:39:00+05:30,570.35,570.45,570,570,534,
2016-11-29 14:40:00+05:30,570,570.15,569.65,569.9,629,
2016-11-29 14:41:00+05:30,569.9,569.9,569.25,569.25,1681,
2016-11-29 14:42:00+05:30,569.6,569.6,569.2,569.2,763,
2016-11-29 14:43:00+05:30,569.2,569.35,569.2,569.25,825,
2016-11-29 14:44:00+05:30,569.25,570.05,569.25,570.05,1228,
2016-11-29 14:45:00+05:30,570.05,570.2,569.5,569.5,2085,
2016-11-29 14:46:00+05:30,569.5,569.95,569.25,569.5,836,
2016-11-29 14:47:00+05:30,569.5,569.9,569.5,569.85,1533,
2016-11-29 14:48:00+05:30,569.85,569.95,569.75,569.85,976,
2016-11-29 14:49:00+05:30,569.85,570.1,569.55,569.95,1916,
2016-11-29 14:50:00+05:30,569.95,569.95,569.55,569.6,722,
2016-11-29 14:51:00+05:30,569.6,570,569.6,570,1362,
2016-11-29 14:52:00+05:30,570,570.05,569.9,570,12501,
2016-11-29 14:53:00+05:30,570,570.05,569.6,570,10473,
2016-11-29 14:54:00+05:30,570,570,569.75,570,1236,
2016-11-29 14:55:00+05:30,570.1,570.95,570.1,570.4,2417,
2016-11-29 14:56:00+05:30,570.25,570.95,570,570,4237,
2016-11-29 14:57:00+05:30,570,570.05,569,569.9,3919,
2016-11-29 14:58:00+05:30,569.9,569.9,569.05,569.35,2178,
2016-11-29 14:59:00+05:30,569.35,569.7,569.05,569.6,2230,
2016-11-29 15:00:00+05:30,569.65,569.65,568.6,568.6,4389,
2016-11-29 15:01:00+05:30,568.6,569.05,568.6,569,2815,
2016-11-29 15:02:00+05:30,569.2,569.2,568.55,568.75,2862,
2016-11-29 15:03:00+05:30,568.65,569.05,568.25,568.5,7455,
2016-11-29 15:04:00+05:30,568.5,569,568.05,568.1,18830,
2016-11-29 15:05:00+05:30,568.1,568.45,567.6,567.6,6877,
2016-11-29 15:06:00+05:30,567.6,568.75,567.6,567.8,6100,
2016-11-29 15:07:00+05:30,567.85,568.4,567.85,568.3,3137,
2016-11-29 15:08:00+05:30,568.3,568.3,567.25,567.5,3296,
2016-11-29 15:09:00+05:30,567.5,568.3,567.4,568.3,4211,
2016-11-29 15:10:00+05:30,568.35,568.35,568,568,3696,
2016-11-29 15:11:00+05:30,568,570,568,570,13465,
2016-11-29 15:12:00+05:30,569.85,570,569.3,569.6,4876,
2016-11-29 15:13:00+05:30,569.65,569.65,568.5,569.35,5170,
2016-11-29 15:14:00+05:30,569.65,569.65,569,569.4,2340,
2016-11-29 15:15:00+05:30,569.3,569.9,568.85,569.35,5304,
2016-11-29 15:16:00+05:30,569.4,569.5,568.55,568.8,5321,
2016-11-29 15:17:00+05:30,569.05,569.3,568.5,568.95,6983,
2016-11-29 15:18:00+05:30,568.95,569.95,568.95,569.95,4027,
2016-11-29 15:19:00+05:30,569.95,569.95,569.75,569.75,3542,
2016-11-29 15:20:00+05:30,569.75,569.85,569.3,569.6,6254,
2016-11-29 15:21:00+05:30,569.5,569.75,569.5,569.75,3647,
2016-11-29 15:22:00+05:30,569.7,570,569.7,569.85,6567,
2016-11-29 15:23:00+05:30,569.95,570.5,569.95,570.5,5010,
2016-11-29 15:24:00+05:30,570.7,570.95,570.45,570.45,3780,
2016-11-29 15:25:00+05:30,570.25,570.25,569.7,570.1,4763,
2016-11-29 15:26:00+05:30,570.1,570.25,569.25,569.6,5615,
2016-11-29 15:27:00+05:30,569.7,570,569.3,570,3971,
2016-11-29 15:28:00+05:30,570,570.5,569.8,570.2,3147,
2016-11-29 15:29:00+05:30,570.3,570.3,569.3,569.5,1946,
2016-11-30 09:15:00+05:30,570.05,571.75,569,570.9,6429,
2016-11-30 09:16:00+05:30,570.9,572.4,570.85,572.05,3827,
2016-11-30 09:17:00+05:30,572.05,572.1,570.9,570.9,2499,
2016-11-30 09:18:00+05:30,570.9,570.9,570.55,570.8,3592,
2016-11-30 09:19:00+05:30,570.8,570.9,570.15,570.3,2082,
2016-11-30 09:20:00+05:30,570.35,570.6,569.5,569.8,3581,
2016-11-30 09:21:00+05:30,569.65,571.05,569.45,570.35,4773,
2016-11-30 09:22:00+05:30,570.35,570.35,569.55,570.15,2449,
2016-11-30 09:23:00+05:30,570.15,570.35,570,570,2481,
2016-11-30 09:24:00+05:30,570.1,570.25,569.05,569.9,3094,
2016-11-30 09:25:00+05:30,569.9,571,569.8,570.95,3220,
2016-11-30 09:26:00+05:30,570.95,571,570.6,570.95,1294,
2016-11-30 09:27:00+05:30,571.1,571.15,570.75,570.8,1770,
2016-11-30 09:28:00+05:30,570.8,570.95,570.65,570.9,881,
2016-11-30 09:29:00+05:30,570.9,570.9,570.45,570.8,1248,
2016-11-30 09:30:00+05:30,570.8,570.8,570.25,570.55,1972,
2016-11-30 09:31:00+05:30,570.55,570.55,570,570,1719,
2016-11-30 09:32:00+05:30,570,570.1,569.6,569.75,2650,
2016-11-30 09:33:00+05:30,569.6,569.6,569.05,569.1,1418,
2016-11-30 09:34:00+05:30,569.1,569.35,568.05,568.05,3609,
2016-11-30 09:35:00+05:30,568.15,568.15,568,568.1,3386,
2016-11-30 09:36:00+05:30,568.1,569,568.1,568.75,4882,
2016-11-30 09:37:00+05:30,568.75,568.75,568.4,568.6,1986,
2016-11-30 09:38:00+05:30,568.6,568.75,568.6,568.75,1591,
2016-11-30 09:39:00+05:30,568.75,569,568.7,569,1797,
2016-11-30 09:40:00+05:30,569,569.4,568.9,569.15,1501,
2016-11-30 09:41:00+05:30,569.15,569.25,569.1,569.25,1478,
2016-11-30 09:42:00+05:30,569.25,570,569.2,569.7,3836,
2016-11-30 09:43:00+05:30,569.7,569.75,569.4,569.4,1416,
2016-11-30 09:44:00+05:30,569.4,569.75,569.4,569.65,2667,
2016-11-30 09:45:00+05:30,569.65,569.9,569.65,569.9,1102,
2016-11-30 09:46:00+05:30,570.05,570.8,569.85,570.15,2818,
2016-11-30 09:47:00+05:30,570.25,570.65,570.05,570.65,2349,
2016-11-30 09:48:00+05:30,570.65,570.7,570.25,570.7,780,
2016-11-30 09:49:00+05:30,570.7,570.8,570.45,570.6,492,
2016-11-30 09:50:00+05:30,570.6,570.8,570.35,570.35,916,
2016-11-30 09:51:00+05:30,570.65,570.65,570.2,570.2,789,
2016-11-30 09:52:00+05:30,570.2,570.4,569.2,569.8,8458,
2016-11-30 09:53:00+05:30,569.8,569.8,569.35,569.75,696,
2016-11-30 09:54:00+05:30,569.75,569.8,569.6,569.8,1061,
2016-11-30 09:55:00+05:30,569.8,570.5,569.75,570.05,3173,
2016-11-30 09:56:00+05:30,570.05,570.4,570.05,570.35,881,
2016-11-30 09:57:00+05:30,570.35,570.95,570.35,570.95,1963,
2016-11-30 09:58:00+05:30,571.05,571.2,570.65,571.2,1882,
2016-11-30 09:59:00+05:30,571.2,571.3,570.15,570.15,2609,
2016-11-30 10:00:00+05:30,570.15,570.95,570.15,570.35,1397,
2016-11-30 10:01:00+05:30,570.35,570.35,570.05,570.05,730,
2016-11-30 10:02:00+05:30,570.2,570.2,569.75,570.1,2054,
2016-11-30 10:03:00+05:30,570.05,570.05,569.75,570.05,988,
2016-11-30 10:04:00+05:30,570.05,570.1,570,570.1,862,
2016-11-30 10:05:00+05:30,570.1,570.15,569.85,570.1,665,
2016-11-30 10:06:00+05:30,570.1,570.1,570,570,867,
2016-11-30 10:07:00+05:30,570,570.1,570,570.1,947,
2016-11-30 10:08:00+05:30,570.1,570.1,569.75,569.8,2671,
2016-11-30 10:09:00+05:30,569.8,570.05,569.8,570.05,1196,
2016-11-30 10:10:00+05:30,570.05,570.05,569.8,570.05,2167,
2016-11-30 10:11:00+05:30,570.05,570.05,569.8,569.95,1428,
2016-11-30 10:12:00+05:30,569.95,570,569.8,570,2428,
2016-11-30 10:13:00+05:30,570,570.05,569.9,569.95,806,
2016-11-30 10:14:00+05:30,569.95,570,569.8,570,2123,
2016-11-30 10:15:00+05:30,570,570,569.8,569.8,2589,
2016-11-30 10:16:00+05:30,569.8,570,569.8,569.9,1339,
2016-11-30 10:17:00+05:30,569.9,570.15,569.4,570.15,6109,
2016-11-30 10:18:00+05:30,570.15,570.25,570.05,570.05,721,
2016-11-30 10:19:00+05:30,570.05,570.25,570.05,570.25,531,
2016-11-30 10:20:00+05:30,570.2,570.2,569.75,570,1650,
2016-11-30 10:21:00+05:30,570,570.1,569.75,569.8,1226,
2016-11-30 10:22:00+05:30,569.8,570.05,569.8,570.05,1439,
2016-11-30 10:23:00+05:30,570.05,570.25,570,570.25,1381,
2016-11-30 10:24:00+05:30,570.25,570.65,570.1,570.6,863,
2016-11-30 10:25:00+05:30,570.6,570.95,570.6,570.95,643,
2016-11-30 10:26:00+05:30,570.95,571,570.75,570.75,1022,
2016-11-30 10:27:00+05:30,570.8,571.25,570.8,571.25,3653,
2016-11-30 10:28:00+05:30,571.25,571.9,571.25,571.85,2325,
2016-11-30 10:29:00+05:30,571.85,571.85,569.55,570,6844,
2016-11-30 10:30:00+05:30,569.75,570.6,569.55,570.6,6479,
2016-11-30 10:31:00+05:30,570.6,571.25,570.6,570.85,1892,
2016-11-30 10:32:00+05:30,570.85,571.35,570.85,571.35,3860,
2016-11-30 10:33:00+05:30,571.35,571.35,571.15,571.35,1292,
2016-11-30 10:34:00+05:30,571.35,571.6,571.3,571.3,879,
2016-11-30 10:35:00+05:30,571.3,571.55,571.3,571.45,471,
2016-11-30 10:36:00+05:30,571.45,571.5,571,571,1097,
2016-11-30 10:37:00+05:30,571,571,570.4,570.4,820,
2016-11-30 10:38:00+05:30,570.4,570.65,570.4,570.4,945,
2016-11-30 10:39:00+05:30,570.4,570.95,570.4,570.95,2590,
2016-11-30 10:40:00+05:30,570.95,570.95,570.45,570.6,668,
2016-11-30 10:41:00+05:30,570.6,570.75,570.4,570.75,1339,
2016-11-30 10:42:00+05:30,570.75,571.1,570.5,570.65,2240,
2016-11-30 10:43:00+05:30,570.85,570.9,570.65,570.7,347,
2016-11-30 10:44:00+05:30,570.7,570.8,570.65,570.8,418,
2016-11-30 10:45:00+05:30,570.65,570.8,570.5,570.5,560,
2016-11-30 10:46:00+05:30,570.5,570.8,570.5,570.5,1036,
2016-11-30 10:47:00+05:30,570.5,570.75,570.5,570.7,752,
2016-11-30 10:48:00+05:30,570.7,570.75,570.5,570.75,1426,
2016-11-30 10:49:00+05:30,570.75,570.75,570.45,570.5,579,
2016-11-30 10:50:00+05:30,570.5,570.55,570,570,1228,
2016-11-30 10:51:00+05:30,570,570.15,569.65,570,2137,
2016-11-30 10:52:00+05:30,570,570,569.55,570,1424,
2016-11-30 10:53:00+05:30,569.8,570.1,569.8,569.85,1172,
2016-11-30 10:54:00+05:30,570.1,570.2,569.8,569.9,1490,
2016-11-30 10:55:00+05:30,569.9,570.1,569.6,570,1373,
2016-11-30 10:56:00+05:30,570,570.15,569.8,570.15,1206,
2016-11-30 10:57:00+05:30,570.5,570.7,570.4,570.6,1599,
2016-11-30 10:58:00+05:30,570.6,570.6,570.35,570.35,316,
2016-11-30 10:59:00+05:30,570.4,570.4,569.75,570.1,806,
2016-11-30 11:00:00+05:30,570.1,570.15,569.7,569.75,507,
2016-11-30 11:01:00+05:30,569.75,570.05,569.7,570,1030,
2016-11-30 11:02:00+05:30,570,570.05,569.65,570,1069,
2016-11-30 11:03:00+05:30,570,570,569.65,569.7,927,
2016-11-30 11:04:00+05:30,569.7,570.1,569.65,569.8,1022,
2016-11-30 11:05:00+05:30,570.1,570.1,569.85,570,302,
2016-11-30 11:06:00+05:30,570.05,570.05,569.7,569.7,704,
2016-11-30 11:07:00+05:30,569.7,570,569.65,570,2338,
2016-11-30 11:08:00+05:30,570,570,569.7,570,807,
2016-11-30 11:09:00+05:30,570,570,569.75,569.8,1315,
2016-11-30 11:10:00+05:30,569.8,570,569.8,570,681,
2016-11-30 11:11:00+05:30,569.7,569.8,569.5,569.65,2219,
2016-11-30 11:12:00+05:30,569.65,569.65,569.25,569.3,2039,
2016-11-30 11:13:00+05:30,569.4,569.45,569.3,569.45,1091,
2016-11-30 11:14:00+05:30,569.45,570,569.3,569.95,2493,
2016-11-30 11:15:00+05:30,569.95,570.05,569.6,569.75,1101,
2016-11-30 11:16:00+05:30,569.75,570.05,569.75,570,1202,
2016-11-30 11:17:00+05:30,570,570,569.25,569.3,2515,
2016-11-30 11:18:00+05:30,569.3,569.45,569.3,569.3,1245,
2016-11-30 11:19:00+05:30,569.45,569.45,569.3,569.3,838,
2016-11-30 11:20:00+05:30,569.45,569.45,569,569,2063,
2016-11-30 11:21:00+05:30,569.05,569.05,568.6,568.8,2255,
2016-11-30 11:22:00+05:30,568.8,568.8,568.55,568.7,656,
2016-11-30 11:23:00+05:30,568.7,568.7,568.2,568.2,2347,
2016-11-30 11:24:00+05:30,568.2,568.45,568.2,568.45,2453,
2016-11-30 11:25:00+05:30,568.45,568.45,568.25,568.4,893,
2016-11-30 11:26:00+05:30,568.45,568.5,568.1,568.1,4127,
2016-11-30 11:27:00+05:30,568.1,568.4,568.1,568.25,461,
2016-11-30 11:28:00+05:30,568.25,568.35,568,568,3030,
2016-11-30 11:29:00+05:30,568,568.55,567.75,568,5835,
2016-11-30 11:30:00+05:30,568,569,568,569,4648,
2016-11-30 11:31:00+05:30,569.05,569.1,569,569,1154,
2016-11-30 11:32:00+05:30,569.1,569.1,568.8,568.8,387,
2016-11-30 11:33:00+05:30,568.9,568.9,568.65,568.85,1118,
2016-11-30 11:34:00+05:30,568.85,568.85,568.5,568.7,775,
2016-11-30 11:35:00+05:30,568.7,568.8,568.55,568.55,885,
2016-11-30 11:36:00+05:30,568.55,568.8,567.75,567.75,1127,
2016-11-30 11:37:00+05:30,567.75,567.75,567.3,567.4,1877,
2016-11-30 11:38:00+05:30,567.4,567.85,567.4,567.4,2000,
2016-11-30 11:39:00+05:30,567.4,567.75,567.4,567.75,418,
2016-11-30 11:40:00+05:30,567.75,568.05,567.6,567.75,827,
2016-11-30 11:41:00+05:30,567.75,567.75,567.5,567.7,388,
2016-11-30 11:42:00+05:30,567.7,567.7,567.5,567.7,674,
2016-11-30 11:43:00+05:30,567.7,567.7,567.6,567.6,395,
2016-11-30 11:44:00+05:30,567.7,567.7,567.5,567.6,1899,
2016-11-30 11:45:00+05:30,567.6,567.6,567.45,567.45,916,
2016-11-30 11:46:00+05:30,567.5,567.6,567.4,567.6,3463,
2016-11-30 11:47:00+05:30,567.6,567.75,567.45,567.5,373,
2016-11-30 11:48:00+05:30,567.5,567.7,567.5,567.65,327,
2016-11-30 11:49:00+05:30,567.65,567.7,567.6,567.65,431,
2016-11-30 11:50:00+05:30,567.65,567.7,567.6,567.7,2106,
2016-11-30 11:51:00+05:30,567.75,568.5,567.7,567.7,4040,
2016-11-30 11:52:00+05:30,568.05,568.1,567.7,567.75,230,
2016-11-30 11:53:00+05:30,567.7,568.05,567.7,568,872,
2016-11-30 11:54:00+05:30,568.05,568.3,568,568.3,1079,
2016-11-30 11:55:00+05:30,568.3,568.35,568,568.05,392,
2016-11-30 11:56:00+05:30,568.05,568.15,568,568,155,
2016-11-30 11:57:00+05:30,568.15,568.15,567.5,567.5,883,
2016-11-30 11:58:00+05:30,567.5,568,567.5,568,3500,
2016-11-30 11:59:00+05:30,568,568.85,568,568.8,2768,
2016-11-30 12:00:00+05:30,568.8,569,568.5,568.9,363,
2016-11-30 12:01:00+05:30,568.9,568.9,568.35,568.35,221,
2016-11-30 12:02:00+05:30,568.5,568.5,568,568,433,
2016-11-30 12:03:00+05:30,567.8,568.15,567.8,567.85,852,
2016-11-30 12:04:00+05:30,567.85,568.15,567.8,567.8,1732,
2016-11-30 12:05:00+05:30,567.8,568.05,567.8,568,1029,
2016-11-30 12:06:00+05:30,568,568,567.8,567.8,2862,
2016-11-30 12:07:00+05:30,567.8,567.8,566.6,566.6,5734,
2016-11-30 12:08:00+05:30,566.6,566.85,566.55,566.55,1039,
2016-11-30 12:09:00+05:30,566.55,566.9,566.5,566.55,2952,
2016-11-30 12:10:00+05:30,566.8,567.05,566.8,567.05,1022,
2016-11-30 12:11:00+05:30,567.05,567.1,566.7,566.7,3059,
2016-11-30 12:12:00+05:30,566.7,567.05,566.7,567,510,
2016-11-30 12:13:00+05:30,567.1,567.1,567,567.05,643,
2016-11-30 12:14:00+05:30,567.05,567.15,566.75,567.15,2976,
2016-11-30 12:15:00+05:30,567.15,567.3,567.05,567.25,1319,
2016-11-30 12:16:00+05:30,567.3,567.3,567.1,567.2,1286,
2016-11-30 12:17:00+05:30,567,567.25,567,567.1,1105,
2016-11-30 12:18:00+05:30,567.2,567.25,567.1,567.15,1107,
2016-11-30 12:19:00+05:30,567.1,567.15,567.05,567.15,567,
2016-11-30 12:20:00+05:30,567.15,567.2,567.05,567.05,732,
2016-11-30 12:21:00+05:30,567.2,567.2,567.05,567.05,590,
2016-11-30 12:22:00+05:30,567.05,567.15,566.75,566.95,2712,
2016-11-30 12:23:00+05:30,566.95,567.05,566.8,567,191,
2016-11-30 12:24:00+05:30,567,567,566.85,566.9,974,
2016-11-30 12:25:00+05:30,566.9,566.9,566.8,566.8,969,
2016-11-30 12:26:00+05:30,566.85,566.9,566.8,566.85,2079,
2016-11-30 12:27:00+05:30,566.9,566.9,566.85,566.9,999,
2016-11-30 12:28:00+05:30,566.95,566.95,566.8,566.8,1811,
2016-11-30 12:29:00+05:30,566.8,566.9,566.8,566.85,1375,
2016-11-30 12:30:00+05:30,566.85,566.85,566.5,566.5,1727,
2016-11-30 12:31:00+05:30,566.5,566.5,566,566.1,4923,
2016-11-30 12:32:00+05:30,566.1,566.3,566.05,566.1,3056,
2016-11-30 12:33:00+05:30,566.1,566.95,566.1,566.6,3158,
2016-11-30 12:34:00+05:30,566.6,567,566.45,567,3806,
2016-11-30 12:35:00+05:30,567,567.1,566.9,567.05,1708,
2016-11-30 12:36:00+05:30,567.1,567.1,567,567,2153,
2016-11-30 12:37:00+05:30,567.05,567.1,567,567.1,3007,
2016-11-30 12:38:00+05:30,567.1,567.2,567.1,567.1,1616,
2016-11-30 12:39:00+05:30,567.15,567.15,567,567,375,
2016-11-30 12:40:00+05:30,567.05,567.05,566.5,566.6,2192,
2016-11-30 12:41:00+05:30,566.6,566.8,566.2,566.75,2287,
2016-11-30 12:42:00+05:30,566.8,567,566.8,566.9,543,
2016-11-30 12:43:00+05:30,567,567.05,566.9,567,545,
2016-11-30 12:44:00+05:30,567.05,567.65,567,567.5,1826,
2016-11-30 12:45:00+05:30,567.5,567.55,567.45,567.45,1103,
2016-11-30 12:46:00+05:30,567.45,567.8,567.3,567.6,1723,
2016-11-30 12:47:00+05:30,567.8,567.9,567.6,567.65,500,
2016-11-30 12:48:00+05:30,567.65,567.7,567.05,567.2,5726,
2016-11-30 12:49:00+05:30,567.15,567.2,567,567.15,3387,
2016-11-30 12:50:00+05:30,567.15,567.15,567,567,552,
2016-11-30 12:51:00+05:30,567.15,567.15,566.8,566.8,1063,
2016-11-30 12:52:00+05:30,566.8,566.9,566.2,566.6,1948,
2016-11-30 12:53:00+05:30,566.6,566.7,566.45,566.45,755,
2016-11-30 12:54:00+05:30,566.45,566.7,566.4,566.5,589,
2016-11-30 12:55:00+05:30,566.5,566.65,566.2,566.2,1119,
2016-11-30 12:56:00+05:30,566.2,566.3,566,566.05,1785,
2016-11-30 12:57:00+05:30,566.3,566.85,566.05,566.85,3145,
2016-11-30 12:58:00+05:30,566.85,567,566.6,567,2799,
2016-11-30 12:59:00+05:30,567,567,566.8,566.8,279,
2016-11-30 13:00:00+05:30,566.9,566.9,566.5,566.8,710,
2016-11-30 13:01:00+05:30,566.8,566.8,566.6,566.75,566,
2016-11-30 13:02:00+05:30,566.75,566.75,566.6,566.6,407,
2016-11-30 13:03:00+05:30,566.7,566.85,566.6,566.85,1096,
2016-11-30 13:04:00+05:30,566.85,566.85,566.6,566.65,403,
2016-11-30 13:05:00+05:30,566.65,566.65,566.5,566.5,603,
2016-11-30 13:06:00+05:30,566.5,567,566.5,567,5988,
2016-11-30 13:07:00+05:30,567,567,566.8,567,1644,
2016-11-30 13:08:00+05:30,567,567.05,566.6,567.05,2230,
2016-11-30 13:09:00+05:30,567.05,567.05,566.75,566.75,570,
2016-11-30 13:10:00+05:30,566.75,566.95,566.75,566.75,424,
2016-11-30 13:11:00+05:30,566.85,566.85,566.55,566.65,1717,
2016-11-30 13:12:00+05:30,566.65,566.7,566.65,566.65,213,
2016-11-30 13:13:00+05:30,566.65,566.95,566.5,566.95,3190,
2016-11-30 13:14:00+05:30,566.8,567,566.65,566.7,1309,
2016-11-30 13:15:00+05:30,567,567.1,566.85,566.85,855,
2016-11-30 13:16:00+05:30,567.05,567.1,566.85,567.1,972,
2016-11-30 13:17:00+05:30,567.1,567.1,566.95,567.05,436,
2016-11-30 13:18:00+05:30,567.05,567.65,567,567.65,2333,
2016-11-30 13:19:00+05:30,567.65,567.65,567.05,567.05,1582,
2016-11-30 13:20:00+05:30,567,567.55,566.5,567.55,4237,
2016-11-30 13:21:00+05:30,567,567,566.75,566.75,1600,
2016-11-30 13:22:00+05:30,566.75,567.3,566.75,566.75,1933,
2016-11-30 13:23:00+05:30,566.75,567.4,566.4,566.6,2013,
2016-11-30 13:24:00+05:30,566.6,566.6,566.05,566.45,1955,
2016-11-30 13:25:00+05:30,566.45,566.75,566.4,566.55,585,
2016-11-30 13:26:00+05:30,566.75,566.75,566.3,566.55,528,
2016-11-30 13:27:00+05:30,566.55,567,566.4,566.7,3391,
2016-11-30 13:28:00+05:30,566.7,567,566.7,566.7,254,
2016-11-30 13:29:00+05:30,566.7,566.85,566.5,566.85,569,
2016-11-30 13:30:00+05:30,566.85,566.85,566.5,566.65,881,
2016-11-30 13:31:00+05:30,566.65,566.7,566.5,566.65,1531,
2016-11-30 13:32:00+05:30,566.65,566.7,566.3,566.55,2083,
2016-11-30 13:33:00+05:30,566.55,566.55,566.1,566.35,1481,
2016-11-30 13:34:00+05:30,566.35,566.35,566.15,566.2,1181,
2016-11-30 13:35:00+05:30,566.2,566.25,566.15,566.2,1522,
2016-11-30 13:36:00+05:30,566.2,566.25,566.1,566.15,1470,
2016-11-30 13:37:00+05:30,566.15,566.3,566.1,566.25,1724,
2016-11-30 13:38:00+05:30,566.25,566.35,566.15,566.2,2305,
2016-11-30 13:39:00+05:30,566.2,566.6,566.2,566.45,1138,
2016-11-30 13:40:00+05:30,566.45,566.7,566.45,566.7,645,
2016-11-30 13:41:00+05:30,566.7,566.75,566.65,566.75,811,
2016-11-30 13:42:00+05:30,566.75,566.8,566.7,566.8,1503,
2016-11-30 13:43:00+05:30,566.75,566.9,566.75,566.9,923,
2016-11-30 13:44:00+05:30,566.9,566.9,566.75,566.8,1543,
2016-11-30 13:45:00+05:30,566.8,566.95,566.8,566.95,1509,
2016-11-30 13:46:00+05:30,566.95,567.15,566.85,567.1,1590,
2016-11-30 13:47:00+05:30,567.1,567.15,567.1,567.15,275,
2016-11-30 13:48:00+05:30,567.15,567.15,567.05,567.05,844,
2016-11-30 13:49:00+05:30,567.1,567.15,567.05,567.15,2071,
2016-11-30 13:50:00+05:30,567.15,567.6,567.15,567.25,1365,
2016-11-30 13:51:00+05:30,567.5,567.5,567.05,567.35,1241,
2016-11-30 13:52:00+05:30,567.35,567.45,567.2,567.2,1280,
2016-11-30 13:53:00+05:30,567.2,567.35,567.2,567.2,535,
2016-11-30 13:54:00+05:30,567.2,567.2,567.05,567.05,855,
2016-11-30 13:55:00+05:30,567.2,567.35,567,567.25,3424,
2016-11-30 13:56:00+05:30,567.25,567.25,567.25,567.25,2080,
2016-11-30 13:57:00+05:30,567.35,567.35,567.25,567.3,1253,
2016-11-30 13:58:00+05:30,567.35,567.35,567.25,567.3,2027,
2016-11-30 13:59:00+05:30,567.3,567.35,567.25,567.35,1297,
2016-11-30 14:00:00+05:30,567.35,567.6,567.35,567.55,1966,
2016-11-30 14:01:00+05:30,567.5,567.55,567.4,567.55,1231,
2016-11-30 14:02:00+05:30,567.55,567.6,567.5,567.5,1944,
2016-11-30 14:03:00+05:30,567.55,567.6,567.35,567.4,1701,
2016-11-30 14:04:00+05:30,567.45,567.45,567.4,567.45,1001,
2016-11-30 14:05:00+05:30,567.45,567.95,567.4,567.95,3585,
2016-11-30 14:06:00+05:30,567.95,568.15,567.95,568.15,2181,
2016-11-30 14:07:00+05:30,568.15,568.2,568,568.1,1356,
2016-11-30 14:08:00+05:30,568.1,568.3,568.1,568.2,1570,
2016-11-30 14:09:00+05:30,568.25,568.3,568.15,568.15,1502,
2016-11-30 14:10:00+05:30,568,568.2,567.95,568.05,954,
2016-11-30 14:11:00+05:30,568.1,568.1,567.9,567.95,2141,
2016-11-30 14:12:00+05:30,567.9,568,567.75,567.75,1605,
2016-11-30 14:13:00+05:30,567.6,567.95,567.5,567.8,2463,
2016-11-30 14:14:00+05:30,567.8,567.8,567.5,567.65,1024,
2016-11-30 14:15:00+05:30,567.65,567.7,567.6,567.6,1168,
2016-11-30 14:16:00+05:30,567.6,567.8,567.55,567.8,2517,
2016-11-30 14:17:00+05:30,567.8,567.8,567.55,567.8,888,
2016-11-30 14:18:00+05:30,567.8,567.8,567.6,567.7,396,
2016-11-30 14:19:00+05:30,567.7,567.7,567.6,567.7,1005,
2016-11-30 14:20:00+05:30,567.7,567.7,567.6,567.7,799,
2016-11-30 14:21:00+05:30,567.7,567.75,567.6,567.7,1867,
2016-11-30 14:22:00+05:30,567.75,567.8,567.6,567.8,1221,
2016-11-30 14:23:00+05:30,567.8,567.8,567.55,567.8,4713,
2016-11-30 14:24:00+05:30,567.8,568.05,567.65,568.05,11452,
2016-11-30 14:25:00+05:30,568.05,568.05,567.95,568,4324,
2016-11-30 14:26:00+05:30,568,568,567.95,567.95,2519,
2016-11-30 14:27:00+05:30,568,568,567.7,568,5004,
2016-11-30 14:28:00+05:30,568,568,567.65,567.95,400,
2016-11-30 14:29:00+05:30,567.95,567.95,567.55,567.8,1788,
2016-11-30 14:30:00+05:30,567.8,567.9,567.65,567.9,2264,
2016-11-30 14:31:00+05:30,567.9,567.9,567.7,567.75,1514,
2016-11-30 14:32:00+05:30,567.75,567.75,566.75,567.1,9444,
2016-11-30 14:33:00+05:30,567.15,567.2,566.75,567.15,4499,
2016-11-30 14:34:00+05:30,567.15,567.5,566.4,567.45,5780,
2016-11-30 14:35:00+05:30,567.45,567.5,566.7,567.25,1254,
2016-11-30 14:36:00+05:30,567.25,567.45,566.85,567.45,1624,
2016-11-30 14:37:00+05:30,567.45,567.5,567.15,567.5,1300,
2016-11-30 14:38:00+05:30,567.5,567.7,567.2,567.45,2532,
2016-11-30 14:39:00+05:30,567.7,567.75,567.45,567.75,388,
2016-11-30 14:40:00+05:30,567.75,568.05,567.65,568.05,10716,
2016-11-30 14:41:00+05:30,568,568.05,567.75,567.75,10052,
2016-11-30 14:42:00+05:30,567.75,568.2,567.65,568.2,7298,
2016-11-30 14:43:00+05:30,568.2,569.15,568.2,568.65,6297,
2016-11-30 14:44:00+05:30,568.65,569.15,568,568.95,8244,
2016-11-30 14:45:00+05:30,569,569.1,568.95,569,3089,
2016-11-30 14:46:00+05:30,569,569.05,568.95,569,3425,
2016-11-30 14:47:00+05:30,569,569.05,568.95,569,1562,
2016-11-30 14:48:00+05:30,569,569.1,568.95,569,5716,
2016-11-30 14:49:00+05:30,569,569.05,569,569,3857,
2016-11-30 14:50:00+05:30,569.05,569.05,569,569,1368,
2016-11-30 14:51:00+05:30,569,569.05,569,569.05,5771,
2016-11-30 14:52:00+05:30,569.05,569.05,569,569,3390,
2016-11-30 14:53:00+05:30,569.05,569.05,569,569,3992,
2016-11-30 14:54:00+05:30,569.05,569.05,569,569,5644,
2016-11-30 14:55:00+05:30,569,569.5,569,569.5,9854,
2016-11-30 14:56:00+05:30,569.5,569.75,569.5,569.6,1260,
2016-11-30 14:57:00+05:30,569.6,569.6,569.5,569.6,3153,
2016-11-30 14:58:00+05:30,569.55,569.65,569.55,569.65,6827,
2016-11-30 14:59:00+05:30,569.65,569.75,569.6,569.75,2899,
2016-11-30 15:00:00+05:30,569.65,569.8,569.65,569.8,17298,
2016-11-30 15:01:00+05:30,569.75,569.85,569.75,569.85,20596,
2016-11-30 15:02:00+05:30,569.85,569.85,569.8,569.85,14708,
2016-11-30 15:03:00+05:30,569.85,569.85,569.8,569.85,23699,
2016-11-30 15:04:00+05:30,569.85,569.85,569.8,569.85,20106,
2016-11-30 15:05:00+05:30,569.85,569.85,569.75,569.85,25657,
2016-11-30 15:06:00+05:30,569.85,569.85,569.55,569.55,31588,
2016-11-30 15:07:00+05:30,569.55,569.55,569.3,569.3,23899,
2016-11-30 15:08:00+05:30,569.35,569.35,566.9,567.15,24241,
2016-11-30 15:09:00+05:30,567.1,567.15,566.75,567.05,19904,
2016-11-30 15:10:00+05:30,566.8,566.8,565.6,565.6,29576,
2016-11-30 15:11:00+05:30,565.7,565.85,565.3,565.75,34212,
2016-11-30 15:12:00+05:30,565.8,565.8,565.05,565.2,22836,
2016-11-30 15:13:00+05:30,565.2,565.25,565.1,565.1,20990,
2016-11-30 15:14:00+05:30,565.15,565.25,565.1,565.25,20641,
2016-11-30 15:15:00+05:30,565.1,565.45,565.1,565.45,34792,
2016-11-30 15:16:00+05:30,565.45,566.8,565.35,566.75,32939,
2016-11-30 15:17:00+05:30,566.8,566.85,566.75,566.8,11757,
2016-11-30 15:18:00+05:30,566.8,566.85,566.3,566.5,21361,
2016-11-30 15:19:00+05:30,566.3,566.4,565.8,565.9,21943,
2016-11-30 15:20:00+05:30,565.9,565.95,565.35,565.35,21030,
2016-11-30 15:21:00+05:30,565.35,565.4,564.8,564.85,29432,
2016-11-30 15:22:00+05:30,564.85,564.85,564.75,564.75,25910,
2016-11-30 15:23:00+05:30,564.75,564.85,564.75,564.85,13696,
2016-11-30 15:24:00+05:30,564.8,564.8,563.95,564.05,27091,
2016-11-30 15:25:00+05:30,564.05,564.05,563.9,563.95,20085,
2016-11-30 15:26:00+05:30,563.95,564.2,563.9,564.2,21857,
2016-11-30 15:27:00+05:30,563.9,564.35,563.6,564,23884,
2016-11-30 15:28:00+05:30,564.1,565.5,563.9,565.5,13681,
2016-11-30 15:29:00+05:30,564.6,566.9,564.15,564.95,10741,
2016-12-01 09:15:00+05:30,568.7,569.85,567,567.6,4886,
2016-12-01 09:16:00+05:30,567.6,570,566.35,569.7,3762,
2016-12-01 09:17:00+05:30,569.1,569.6,568.05,569,1741,
2016-12-01 09:18:00+05:30,568.7,569.35,568.7,569,2919,
2016-12-01 09:19:00+05:30,569,569.5,569,569,794,
2016-12-01 09:20:00+05:30,569,570.5,569,570.2,6886,
2016-12-01 09:21:00+05:30,571,571,569.6,570.05,4962,
2016-12-01 09:22:00+05:30,570.4,570.8,569.9,570.5,2810,
2016-12-01 09:23:00+05:30,570.5,570.5,569.95,569.95,2410,
2016-12-01 09:24:00+05:30,569.65,569.9,569.3,569.4,923,
2016-12-01 09:25:00+05:30,569.4,569.4,568.7,568.95,1214,
2016-12-01 09:26:00+05:30,568.95,568.95,568.05,568.45,2236,
2016-12-01 09:27:00+05:30,568.45,569.1,568.45,568.7,2254,
2016-12-01 09:28:00+05:30,568.7,568.7,568,568.2,3050,
2016-12-01 09:29:00+05:30,568.6,569.3,568.4,568.4,1295,
2016-12-01 09:30:00+05:30,568.4,568.95,568.2,568.4,445,
2016-12-01 09:31:00+05:30,568.4,568.75,568,568.3,844,
2016-12-01 09:32:00+05:30,568.3,568.95,568.3,568.75,541,
2016-12-01 09:33:00+05:30,568.75,568.95,568.75,568.95,149,
2016-12-01 09:34:00+05:30,568.95,568.95,568.05,568.15,1471,
2016-12-01 09:35:00+05:30,568,568.2,567.25,567.95,5001,
2016-12-01 09:36:00+05:30,567.95,569.45,567.6,569.45,1453,
2016-12-01 09:37:00+05:30,569.45,569.9,568.35,568.9,909,
2016-12-01 09:38:00+05:30,568.9,569.95,568.9,569.75,2317,
2016-12-01 09:39:00+05:30,569.75,570,569.35,569.4,1619,
2016-12-01 09:40:00+05:30,569.4,569.4,568.4,568.4,544,
2016-12-01 09:41:00+05:30,568.4,569,568.1,568.95,2332,
2016-12-01 09:42:00+05:30,568.95,569.2,568.5,568.85,375,
2016-12-01 09:43:00+05:30,568.85,569.5,568.75,569,899,
2016-12-01 09:44:00+05:30,569,569.25,569,569,351,
2016-12-01 09:45:00+05:30,569,569,568.15,568.5,1265,
2016-12-01 09:46:00+05:30,568.5,569,568.15,568.9,2342,
2016-12-01 09:47:00+05:30,568.9,569,568.55,568.55,1421,
2016-12-01 09:48:00+05:30,568.55,568.7,568.25,568.7,317,
2016-12-01 09:49:00+05:30,568.7,568.8,568.25,568.6,1195,
2016-12-01 09:50:00+05:30,568.25,568.65,568.2,568.45,1017,
2016-12-01 09:51:00+05:30,568.45,569.3,568.45,569.3,669,
2016-12-01 09:52:00+05:30,569.3,569.3,569,569.2,577,
2016-12-01 09:53:00+05:30,569.2,569.5,569.15,569.5,215,
2016-12-01 09:54:00+05:30,569.5,569.5,568.75,569.2,1202,
2016-12-01 09:55:00+05:30,569.2,569.4,568.9,569.35,378,
2016-12-01 09:56:00+05:30,569.35,569.5,569.15,569.5,207,
2016-12-01 09:57:00+05:30,569.5,569.5,569.35,569.5,737,
2016-12-01 09:58:00+05:30,569.5,569.8,569.15,569.55,1479,
2016-12-01 09:59:00+05:30,569.55,569.55,568.55,568.6,1062,
2016-12-01 10:00:00+05:30,568.6,568.85,568.25,568.5,340,
2016-12-01 10:01:00+05:30,568.35,569.4,568.35,569.4,731,
2016-12-01 10:02:00+05:30,569.4,569.4,568.75,568.9,147,
2016-12-01 10:03:00+05:30,568.9,568.9,568.45,568.9,893,
2016-12-01 10:04:00+05:30,568.9,568.9,568.55,568.85,91,
2016-12-01 10:05:00+05:30,568.85,568.85,568.55,568.6,826,
2016-12-01 10:06:00+05:30,568.6,568.95,568.45,568.95,1341,
2016-12-01 10:07:00+05:30,568.95,568.95,568.8,568.8,393,
2016-12-01 10:08:00+05:30,568.95,569.3,568.95,569,346,
2016-12-01 10:09:00+05:30,568.95,568.95,568.7,568.8,482,
2016-12-01 10:10:00+05:30,568.8,569,568.65,569,343,
2016-12-01 10:11:00+05:30,569,570,568.95,570,4088,
2016-12-01 10:12:00+05:30,570,570,568.15,568.65,4587,
2016-12-01 10:13:00+05:30,568.65,569.95,568.15,569.5,3455,
2016-12-01 10:14:00+05:30,569.5,569.5,568.15,568.15,2507,
2016-12-01 10:15:00+05:30,568.15,569.05,568,569,1007,
2016-12-01 10:16:00+05:30,569,569.2,568.9,568.9,760,
2016-12-01 10:17:00+05:30,569,569,568.8,569,325,
2016-12-01 10:18:00+05:30,569,569,568.9,569,569,
2016-12-01 10:19:00+05:30,569,569.2,568.85,569,271,
2016-12-01 10:20:00+05:30,569,569.5,569,569.5,1752,
2016-12-01 10:21:00+05:30,569.5,570,569.5,569.95,1064,
2016-12-01 10:22:00+05:30,569.95,569.95,569.55,569.75,364,
2016-12-01 10:23:00+05:30,569.75,569.95,569.55,569.55,455,
2016-12-01 10:24:00+05:30,569.55,569.7,569.45,569.7,323,
2016-12-01 10:25:00+05:30,569.7,570,569.7,569.95,1502,
2016-12-01 10:26:00+05:30,569.95,570.95,569.95,570.5,4408,
2016-12-01 10:27:00+05:30,570.5,570.5,569.05,569.2,1686,
2016-12-01 10:28:00+05:30,569.2,569.6,568.85,569.6,4078,
2016-12-01 10:29:00+05:30,569.65,570.8,569.65,570.75,2128,
2016-12-01 10:30:00+05:30,570.75,570.75,570,570.4,5593,
2016-12-01 10:31:00+05:30,570.4,570.95,569.6,569.6,9204,
2016-12-01 10:32:00+05:30,569.6,569.6,568.8,569,3747,
2016-12-01 10:33:00+05:30,569,570.8,568.75,569.8,11859,
2016-12-01 10:34:00+05:30,569.8,570.8,569.6,570,3896,
2016-12-01 10:35:00+05:30,570,570.25,568.9,568.9,1786,
2016-12-01 10:36:00+05:30,568.9,569.15,568.3,568.4,1484,
2016-12-01 10:37:00+05:30,568.4,570,568.4,569.8,1053,
2016-12-01 10:38:00+05:30,569.8,569.8,569,569.7,1614,
2016-12-01 10:39:00+05:30,569.7,569.7,569.45,569.6,881,
2016-12-01 10:40:00+05:30,569.6,570.4,569.55,570.4,3810,
2016-12-01 10:41:00+05:30,570.4,570.95,570.4,570.95,1285,
2016-12-01 10:42:00+05:30,570.95,572.75,570.95,572.55,13168,
2016-12-01 10:43:00+05:30,572.6,572.6,571.75,572.1,4501,
2016-12-01 10:44:00+05:30,572.1,572.3,571.75,572.3,2309,
2016-12-01 10:45:00+05:30,572.3,572.5,572.05,572.1,5821,
2016-12-01 10:46:00+05:30,572.1,574.75,571.8,574.25,22845,
2016-12-01 10:47:00+05:30,574.6,576.75,574.35,576.45,31267,
2016-12-01 10:48:00+05:30,576.6,577.8,576,577.7,48722,
2016-12-01 10:49:00+05:30,577.55,579.65,576.75,579.4,36808,
2016-12-01 10:50:00+05:30,579.4,579.8,578.5,579.6,23090,
2016-12-01 10:51:00+05:30,579.55,579.85,578.55,578.65,14553,
2016-12-01 10:52:00+05:30,579,579,577.25,577.8,9880,
2016-12-01 10:53:00+05:30,577.5,578,577.5,577.85,7174,
2016-12-01 10:54:00+05:30,577.5,577.8,576.85,577,7100,
2016-12-01 10:55:00+05:30,577,577,576.3,576.65,5487,
2016-12-01 10:56:00+05:30,576.6,576.75,576.15,576.15,6996,
2016-12-01 10:57:00+05:30,576.15,576.75,576.15,576.55,4390,
2016-12-01 10:58:00+05:30,576.55,576.9,576.3,576.9,3313,
2016-12-01 10:59:00+05:30,576.9,577.35,576.55,577.05,7615,
2016-12-01 11:00:00+05:30,577.5,577.5,576.95,577,8661,
2016-12-01 11:01:00+05:30,577,577.2,576.65,576.85,2573,
2016-12-01 11:02:00+05:30,576.85,577.15,576.65,576.85,2222,
2016-12-01 11:03:00+05:30,576.85,577,576.75,576.85,1140,
2016-12-01 11:04:00+05:30,577,577,576.75,576.75,1942,
2016-12-01 11:05:00+05:30,576.8,577.05,576.5,576.6,3057,
2016-12-01 11:06:00+05:30,576.6,576.95,576.5,576.7,964,
2016-12-01 11:07:00+05:30,577,577,576.6,576.75,703,
2016-12-01 11:08:00+05:30,576.95,577,576.7,576.7,2092,
2016-12-01 11:09:00+05:30,576.7,576.95,576.7,576.7,377,
2016-12-01 11:10:00+05:30,576.7,576.95,576.55,576.95,698,
2016-12-01 11:11:00+05:30,576.95,577.25,576.95,577.2,3305,
2016-12-01 11:12:00+05:30,577.2,577.2,576.9,577.15,2443,
2016-12-01 11:13:00+05:30,577.15,577.25,576.75,577,980,
2016-12-01 11:14:00+05:30,577,577,576.4,576.4,1384,
2016-12-01 11:15:00+05:30,576.4,576.7,576.2,576.4,668,
2016-12-01 11:16:00+05:30,576.4,576.6,576,576.15,3631,
2016-12-01 11:17:00+05:30,576.5,576.5,575.5,575.6,2514,
2016-12-01 11:18:00+05:30,575.6,576.2,575.55,575.75,1332,
2016-12-01 11:19:00+05:30,575.75,576.1,575.7,575.7,308,
2016-12-01 11:20:00+05:30,576,576,575.7,575.75,441,
2016-12-01 11:21:00+05:30,575.75,576,575.55,575.6,853,
2016-12-01 11:22:00+05:30,575.6,575.85,575.5,575.5,479,
2016-12-01 11:23:00+05:30,575.5,575.5,574.6,574.6,4027,
2016-12-01 11:24:00+05:30,574.6,575,574.5,574.7,3486,
2016-12-01 11:25:00+05:30,574.75,575.2,574.75,574.8,2369,
2016-12-01 11:26:00+05:30,574.8,575.1,574.65,575.1,1863,
2016-12-01 11:27:00+05:30,575.1,575.1,574.75,574.75,914,
2016-12-01 11:28:00+05:30,574.75,575.05,574.6,574.6,772,
2016-12-01 11:29:00+05:30,574.6,574.85,574.1,574.2,2273,
2016-12-01 11:30:00+05:30,574.15,574.8,573.9,573.9,9500,
2016-12-01 11:31:00+05:30,573.9,574,573.45,573.45,6288,
2016-12-01 11:32:00+05:30,573.45,573.7,573.35,573.4,2730,
2016-12-01 11:33:00+05:30,573.4,573.85,573.2,573.6,3768,
2016-12-01 11:34:00+05:30,573.6,573.6,572.6,572.7,3783,
2016-12-01 11:35:00+05:30,572.6,573.35,572.55,573.05,1701,
2016-12-01 11:36:00+05:30,573.05,573.45,573,573.15,1514,
2016-12-01 11:37:00+05:30,573.15,573.45,573,573.2,1684,
2016-12-01 11:38:00+05:30,573.2,573.5,573.2,573.25,1293,
2016-12-01 11:39:00+05:30,573.25,573.25,573.05,573.2,1312,
2016-12-01 11:40:00+05:30,573.1,573.1,572.95,572.95,1228,
2016-12-01 11:41:00+05:30,572.9,573.35,572.9,573.3,2243,
2016-12-01 11:42:00+05:30,573.3,573.45,573,573,1780,
2016-12-01 11:43:00+05:30,573,573.05,572.45,572.55,1116,
2016-12-01 11:44:00+05:30,572.4,572.95,572.4,572.95,1451,
2016-12-01 11:45:00+05:30,572.8,573,572.65,572.8,785,
2016-12-01 11:46:00+05:30,572.9,573.1,572.9,572.95,1630,
2016-12-01 11:47:00+05:30,572.95,573.45,572.9,573.15,1042,
2016-12-01 11:48:00+05:30,573.15,573.4,573.15,573.15,614,
2016-12-01 11:49:00+05:30,573.2,573.2,572.7,573.05,1574,
2016-12-01 11:50:00+05:30,573.15,573.15,572.65,572.9,1002,
2016-12-01 11:51:00+05:30,572.9,573.05,572.65,572.65,1594,
2016-12-01 11:52:00+05:30,572.6,573.25,572.6,572.9,7121,
2016-12-01 11:53:00+05:30,572.9,573.25,572.9,572.95,2624,
2016-12-01 11:54:00+05:30,573.2,573.8,573.05,573.45,3601,
2016-12-01 11:55:00+05:30,573.6,574.15,573.5,573.75,3028,
2016-12-01 11:56:00+05:30,573.75,574,573.35,573.95,7983,
2016-12-01 11:57:00+05:30,573.9,574.3,573.9,574.2,2127,
2016-12-01 11:58:00+05:30,574.2,574.25,574.05,574.2,1759,
2016-12-01 11:59:00+05:30,574.2,574.2,573.9,574.15,1936,
2016-12-01 12:00:00+05:30,574.15,574.6,574.05,574.15,2214,
2016-12-01 12:01:00+05:30,574.1,574.5,574.1,574.1,1992,
2016-12-01 12:02:00+05:30,574.5,574.75,574.15,574.75,2527,
2016-12-01 12:03:00+05:30,574.5,574.8,574.5,574.5,931,
2016-12-01 12:04:00+05:30,574.5,574.8,574.5,574.8,1004,
2016-12-01 12:05:00+05:30,574.85,575,574.75,574.95,4657,
2016-12-01 12:06:00+05:30,574.95,575.2,574.8,575.1,2540,
2016-12-01 12:07:00+05:30,575.05,575.5,575.05,575.5,1172,
2016-12-01 12:08:00+05:30,575.2,575.3,574.75,574.75,2543,
2016-12-01 12:09:00+05:30,574.75,574.95,574.4,574.4,1080,
2016-12-01 12:10:00+05:30,574.4,574.55,574.3,574.5,665,
2016-12-01 12:11:00+05:30,574.45,574.8,574.35,574.35,2117,
2016-12-01 12:12:00+05:30,574.35,574.35,573.5,574,1276,
2016-12-01 12:13:00+05:30,574,574.3,573.05,573.05,1688,
2016-12-01 12:14:00+05:30,573,573.8,573,573.4,3124,
2016-12-01 12:15:00+05:30,573.4,573.55,573.25,573.4,1298,
2016-12-01 12:16:00+05:30,573.4,573.4,572.8,572.8,766,
2016-12-01 12:17:00+05:30,572.6,572.75,572.5,572.5,1473,
2016-12-01 12:18:00+05:30,572.5,572.9,572.5,572.6,2114,
2016-12-01 12:19:00+05:30,572.9,573.15,572.6,573,1337,
2016-12-01 12:20:00+05:30,573,573.6,573,573.05,2060,
2016-12-01 12:21:00+05:30,573,573.55,573,573.2,635,
2016-12-01 12:22:00+05:30,573.2,573.6,572.95,572.95,6427,
2016-12-01 12:23:00+05:30,572.95,573,572.95,572.95,718,
2016-12-01 12:24:00+05:30,573,573.1,572.95,572.95,508,
2016-12-01 12:25:00+05:30,572.85,572.95,572.6,572.85,2845,
2016-12-01 12:26:00+05:30,572.55,572.85,572.2,572.5,6098,
2016-12-01 12:27:00+05:30,572.25,572.65,572.1,572.2,1333,
2016-12-01 12:28:00+05:30,572.2,572.45,572.15,572.4,2159,
2016-12-01 12:29:00+05:30,572.2,572.6,572.15,572.4,494,
2016-12-01 12:30:00+05:30,572.4,572.4,572,572.05,6620,
2016-12-01 12:31:00+05:30,572,572.45,571.6,571.95,3158,
2016-12-01 12:32:00+05:30,571.95,572,571.4,571.8,2409,
2016-12-01 12:33:00+05:30,571.8,572,571.65,572,1508,
2016-12-01 12:34:00+05:30,572,572,571.75,571.9,1026,
2016-12-01 12:35:00+05:30,571.9,572.25,571.75,572.2,1621,
2016-12-01 12:36:00+05:30,572.2,574.25,572.2,574.25,4123,
2016-12-01 12:37:00+05:30,574.1,574.3,572.85,573.35,5151,
2016-12-01 12:38:00+05:30,573.5,573.7,573,573.55,2234,
2016-12-01 12:39:00+05:30,573.45,573.45,572,572.4,2505,
2016-12-01 12:40:00+05:30,572.4,572.4,572,572.15,817,
2016-12-01 12:41:00+05:30,572.15,572.9,572,572.9,704,
2016-12-01 12:42:00+05:30,572.9,573.5,572.65,573.2,1029,
2016-12-01 12:43:00+05:30,573.2,573.3,573.15,573.2,915,
2016-12-01 12:44:00+05:30,573.15,573.55,573.05,573.2,1555,
2016-12-01 12:45:00+05:30,573.2,573.4,573.2,573.35,882,
2016-12-01 12:46:00+05:30,573.35,573.5,572.85,572.85,707,
2016-12-01 12:47:00+05:30,572.85,573.15,572.5,572.7,618,
2016-12-01 12:48:00+05:30,572.7,573.55,572.65,573.15,4532,
2016-12-01 12:49:00+05:30,573.1,573.3,573.1,573.2,358,
2016-12-01 12:50:00+05:30,573.2,573.5,573.2,573.25,1000,
2016-12-01 12:51:00+05:30,573.45,573.55,573.2,573.25,419,
2016-12-01 12:52:00+05:30,573.25,573.4,573.2,573.2,619,
2016-12-01 12:53:00+05:30,573.2,573.2,572.05,572.2,4021,
2016-12-01 12:54:00+05:30,572,572.35,571.55,571.55,1795,
2016-12-01 12:55:00+05:30,571.55,572.4,571.55,572.15,1019,
2016-12-01 12:56:00+05:30,572.1,572.4,572,572.25,445,
2016-12-01 12:57:00+05:30,572.25,572.5,572.15,572.45,424,
2016-12-01 12:58:00+05:30,572.3,572.65,572,572.65,432,
2016-12-01 12:59:00+05:30,572.5,573,572,572.05,1312,
2016-12-01 13:00:00+05:30,572,572.35,572,572,580,
2016-12-01 13:01:00+05:30,571.6,572.25,571.6,571.7,556,
2016-12-01 13:02:00+05:30,571.65,572.9,571.65,572.9,1210,
2016-12-01 13:03:00+05:30,572.65,572.75,572.35,572.7,748,
2016-12-01 13:04:00+05:30,572.7,572.75,572.25,572.5,1804,
2016-12-01 13:05:00+05:30,572.5,572.5,572.15,572.35,1983,
2016-12-01 13:06:00+05:30,572.2,572.4,572.15,572.15,342,
2016-12-01 13:07:00+05:30,572.15,572.45,572.1,572.45,453,
2016-12-01 13:08:00+05:30,572.45,572.75,572.1,572.45,656,
2016-12-01 13:09:00+05:30,572.45,572.5,572.1,572.15,628,
2016-12-01 13:10:00+05:30,572.15,572.7,572.15,572.7,662,
2016-12-01 13:11:00+05:30,572.8,572.8,572,572.1,825,
2016-12-01 13:12:00+05:30,572.1,572.35,572,572.35,723,
2016-12-01 13:13:00+05:30,572.1,572.35,572.1,572.2,373,
2016-12-01 13:14:00+05:30,572.2,572.6,572.2,572.6,408,
2016-12-01 13:15:00+05:30,572.6,572.6,572.2,572.25,1027,
2016-12-01 13:16:00+05:30,572.2,572.5,572.1,572.4,1039,
2016-12-01 13:17:00+05:30,572.4,572.4,572,572.05,683,
2016-12-01 13:18:00+05:30,572.05,572.4,571.6,572.25,630,
2016-12-01 13:19:00+05:30,572.25,572.4,572.1,572.15,461,
2016-12-01 13:20:00+05:30,572.15,572.35,572,572,547,
2016-12-01 13:21:00+05:30,572,572.1,572,572.1,312,
2016-12-01 13:22:00+05:30,571.95,572.2,571.75,571.75,1115,
2016-12-01 13:23:00+05:30,571.55,572.5,571.55,572.35,1815,
2016-12-01 13:24:00+05:30,572.3,572.5,572.05,572.5,821,
2016-12-01 13:25:00+05:30,572.45,572.55,572.05,572.4,625,
2016-12-01 13:26:00+05:30,572.35,572.35,571.75,571.75,1028,
2016-12-01 13:27:00+05:30,571.65,572.05,571.5,571.55,1007,
2016-12-01 13:28:00+05:30,571.55,572.05,571.5,571.5,1737,
2016-12-01 13:29:00+05:30,571.5,571.9,571.5,571.55,497,
2016-12-01 13:30:00+05:30,571.55,572,571.55,571.55,711,
2016-12-01 13:31:00+05:30,571.55,571.85,571.5,571.75,908,
2016-12-01 13:32:00+05:30,571.45,572.3,571.45,571.7,3720,
2016-12-01 13:33:00+05:30,571.7,572,571.2,571.5,1524,
2016-12-01 13:34:00+05:30,571.4,571.75,571.4,571.5,792,
2016-12-01 13:35:00+05:30,571.45,571.85,571.45,571.7,590,
2016-12-01 13:36:00+05:30,571.75,571.95,571.3,571.6,1100,
2016-12-01 13:37:00+05:30,571.6,572.9,571.45,571.45,10560,
2016-12-01 13:38:00+05:30,571.85,571.95,571.45,571.45,754,
2016-12-01 13:39:00+05:30,571.6,572.05,571.6,572,636,
2016-12-01 13:40:00+05:30,572.05,572.05,571.55,571.55,617,
2016-12-01 13:41:00+05:30,571.95,572.3,571.85,572.05,1275,
2016-12-01 13:42:00+05:30,572.05,572.45,572,572.3,1130,
2016-12-01 13:43:00+05:30,572.3,572.45,571.5,571.95,5326,
2016-12-01 13:44:00+05:30,571.6,572.05,571.6,571.9,487,
2016-12-01 13:45:00+05:30,571.6,572,571.6,571.6,363,
2016-12-01 13:46:00+05:30,571.9,572.1,571.55,571.55,1553,
2016-12-01 13:47:00+05:30,571.4,572.05,571.4,572.05,1254,
2016-12-01 13:48:00+05:30,572.25,572.65,571.85,572.25,8575,
2016-12-01 13:49:00+05:30,572.25,572.55,572.05,572.05,1342,
2016-12-01 13:50:00+05:30,571.7,572.45,571.7,572.25,762,
2016-12-01 13:51:00+05:30,572.55,572.55,571.7,572.1,1004,
2016-12-01 13:52:00+05:30,571.9,572.4,571.9,572.1,1183,
2016-12-01 13:53:00+05:30,572.3,572.4,572.1,572.3,620,
2016-12-01 13:54:00+05:30,572.2,572.3,571.8,572.15,523,
2016-12-01 13:55:00+05:30,572.15,572.25,572,572.25,588,
2016-12-01 13:56:00+05:30,572.3,572.3,571.7,571.7,406,
2016-12-01 13:57:00+05:30,571.7,572.25,571.7,571.9,490,
2016-12-01 13:58:00+05:30,572.05,572.3,571.9,572.05,663,
2016-12-01 13:59:00+05:30,572.05,572.6,572.05,572.6,1230,
2016-12-01 14:00:00+05:30,572.25,572.6,572.2,572.35,587,
2016-12-01 14:01:00+05:30,572.55,572.6,572.2,572.2,1585,
2016-12-01 14:02:00+05:30,572.2,572.5,572.05,572.05,1705,
2016-12-01 14:03:00+05:30,572.05,572.05,571.1,571.75,1455,
2016-12-01 14:04:00+05:30,571.55,571.6,571.2,571.45,648,
2016-12-01 14:05:00+05:30,571.25,571.5,571.2,571.5,8713,
2016-12-01 14:06:00+05:30,571.25,571.65,571.25,571.65,749,
2016-12-01 14:07:00+05:30,571.65,571.75,570.2,571,8473,
2016-12-01 14:08:00+05:30,571,571.05,570.1,570.1,2534,
2016-12-01 14:09:00+05:30,570.25,570.3,569.55,569.95,6113,
2016-12-01 14:10:00+05:30,570,570,569.3,569.3,3278,
2016-12-01 14:11:00+05:30,569.3,569.75,569.3,569.4,1658,
2016-12-01 14:12:00+05:30,569.3,569.95,569.3,569.9,1756,
2016-12-01 14:13:00+05:30,569.9,569.95,569.35,569.35,1609,
2016-12-01 14:14:00+05:30,569.65,569.7,569.1,569.3,2030,
2016-12-01 14:15:00+05:30,569.2,570.45,569.2,570.45,1837,
2016-12-01 14:16:00+05:30,570.05,570.35,569.65,569.9,1933,
2016-12-01 14:17:00+05:30,569.9,570.05,569.35,569.75,2249,
2016-12-01 14:18:00+05:30,569.7,569.7,568.4,568.9,4297,
2016-12-01 14:19:00+05:30,569.05,569.1,568.6,568.9,696,
2016-12-01 14:20:00+05:30,569,569.3,567.55,568.65,16475,
2016-12-01 14:21:00+05:30,568.4,569.05,568.4,569,1633,
2016-12-01 14:22:00+05:30,568.85,570.2,568.85,569.35,6556,
2016-12-01 14:23:00+05:30,569.35,570,569.35,570,4847,
2016-12-01 14:24:00+05:30,569.8,570,569.25,569.9,3620,
2016-12-01 14:25:00+05:30,569.95,569.95,569.45,569.7,740,
2016-12-01 14:26:00+05:30,569.75,570,569.35,569.35,926,
2016-12-01 14:27:00+05:30,569.65,569.7,569.3,569.7,556,
2016-12-01 14:28:00+05:30,569.65,569.85,569,569,2845,
2016-12-01 14:29:00+05:30,569.05,569.6,568.85,569.15,1524,
2016-12-01 14:30:00+05:30,569.4,569.4,568.6,568.65,1352,
2016-12-01 14:31:00+05:30,569,569,567.2,567.55,7949,
2016-12-01 14:32:00+05:30,567.55,567.9,567.2,567.75,1320,
2016-12-01 14:33:00+05:30,567.7,568.75,567.7,568.75,1579,
2016-12-01 14:34:00+05:30,568.7,568.75,567.75,567.75,4312,
2016-12-01 14:35:00+05:30,568.05,568.25,567.9,568.2,839,
2016-12-01 14:36:00+05:30,568.25,568.55,568.1,568.2,728,
2016-12-01 14:37:00+05:30,568.2,568.8,568.1,568.15,2939,
2016-12-01 14:38:00+05:30,568.15,568.7,568.1,568.5,2852,
2016-12-01 14:39:00+05:30,568.55,568.9,568.5,568.55,4103,
2016-12-01 14:40:00+05:30,568.5,568.85,568.2,568.2,2480,
2016-12-01 14:41:00+05:30,568.45,568.9,568.45,568.65,2503,
2016-12-01 14:42:00+05:30,568.75,568.85,568.6,568.85,1163,
2016-12-01 14:43:00+05:30,568.8,568.9,568.6,568.6,2609,
2016-12-01 14:44:00+05:30,568.6,568.8,568.45,568.8,757,
2016-12-01 14:45:00+05:30,568.75,568.85,568.45,568.65,1583,
2016-12-01 14:46:00+05:30,568.7,569,568.55,568.75,9016,
2016-12-01 14:47:00+05:30,568.75,569.55,568.75,569.35,4922,
2016-12-01 14:48:00+05:30,569.3,569.5,569.2,569.5,978,
2016-12-01 14:49:00+05:30,569.55,570,569.55,569.9,729,
2016-12-01 14:50:00+05:30,569.9,570,569.65,569.65,585,
2016-12-01 14:51:00+05:30,569.95,569.95,569.2,569.4,631,
2016-12-01 14:52:00+05:30,569.4,569.45,568.5,568.7,1085,
2016-12-01 14:53:00+05:30,568.95,569.05,567.95,569.05,10086,
2016-12-01 14:54:00+05:30,569.4,569.4,569,569,1426,
2016-12-01 14:55:00+05:30,569,569.15,569,569.05,1427,
2016-12-01 14:56:00+05:30,569.15,569.65,569,569.5,10509,
2016-12-01 14:57:00+05:30,569.65,570,569.5,569.55,1234,
2016-12-01 14:58:00+05:30,569.9,569.95,569,569.05,1510,
2016-12-01 14:59:00+05:30,569.35,570.5,569.35,570,3336,
2016-12-01 15:00:00+05:30,570,570.1,569.2,569.25,1836,
2016-12-01 15:01:00+05:30,569.5,569.5,568.2,568.45,7649,
2016-12-01 15:02:00+05:30,568.45,568.45,567.3,567.7,3926,
2016-12-01 15:03:00+05:30,567.4,567.7,567.3,567.4,2163,
2016-12-01 15:04:00+05:30,567.6,568,567.4,568,2872,
2016-12-01 15:05:00+05:30,567.95,567.95,567.55,567.6,1775,
2016-12-01 15:06:00+05:30,567.9,568.6,567.9,568.3,1886,
2016-12-01 15:07:00+05:30,568.55,568.95,568.55,568.65,1435,
2016-12-01 15:08:00+05:30,568.9,568.9,568.3,568.65,1977,
2016-12-01 15:09:00+05:30,568.25,568.25,568,568,1564,
2016-12-01 15:10:00+05:30,567.75,568.25,567.7,567.85,2849,
2016-12-01 15:11:00+05:30,568.1,568.1,567.6,567.6,2876,
2016-12-01 15:12:00+05:30,567.6,568.9,567.6,568.5,4270,
2016-12-01 15:13:00+05:30,568.8,568.8,567.75,568.25,3460,
2016-12-01 15:14:00+05:30,568.2,568.2,567.7,567.8,1432,
2016-12-01 15:15:00+05:30,568.1,568.1,567.55,568,7060,
2016-12-01 15:16:00+05:30,567.95,567.95,567.1,567.1,5910,
2016-12-01 15:17:00+05:30,567.45,567.45,566.8,567.05,4686,
2016-12-01 15:18:00+05:30,567.1,567.1,566.4,566.9,6520,
2016-12-01 15:19:00+05:30,566.7,567.35,566.1,566.7,6089,
2016-12-01 15:20:00+05:30,567,567.7,566.55,567.15,6683,
2016-12-01 15:21:00+05:30,567.3,567.75,566.7,567.25,3941,
2016-12-01 15:22:00+05:30,567.25,567.45,567.05,567.25,2094,
2016-12-01 15:23:00+05:30,567.1,567.45,567,567.15,2898,
2016-12-01 15:24:00+05:30,567.25,568.35,567.15,568,2835,
2016-12-01 15:25:00+05:30,568.3,569.7,568.3,568.8,16224,
2016-12-01 15:26:00+05:30,568.95,570.5,568.9,569.5,17009,
2016-12-01 15:27:00+05:30,569.7,569.7,569.25,569.25,3034,
2016-12-01 15:28:00+05:30,569.45,569.45,568.25,568.25,4382,
2016-12-01 15:29:00+05:30,568.2,569.4,568.15,568.75,4703,
2016-12-02 09:15:00+05:30,566.1,567.55,566.1,566.25,3141,
2016-12-02 09:16:00+05:30,566.25,567.75,566.25,567.1,2321,
2016-12-02 09:17:00+05:30,567.35,567.8,566.5,567.1,5110,
2016-12-02 09:18:00+05:30,567.1,569.35,567.1,568.85,4048,
2016-12-02 09:19:00+05:30,568.9,569.25,568.75,568.9,4338,
2016-12-02 09:20:00+05:30,568.9,569,568,568,3256,
2016-12-02 09:21:00+05:30,568,569.5,568,569.5,3206,
2016-12-02 09:22:00+05:30,569.8,570.95,569.5,570.95,8134,
2016-12-02 09:23:00+05:30,570.95,570.95,570.5,570.9,4558,
2016-12-02 09:24:00+05:30,570.9,570.95,569.6,570.15,4084,
2016-12-02 09:25:00+05:30,570,570,569.45,569.9,5963,
2016-12-02 09:26:00+05:30,569.9,569.95,568.75,569.95,3377,
2016-12-02 09:27:00+05:30,569.95,569.95,569.65,569.9,1133,
2016-12-02 09:28:00+05:30,569.9,569.9,568.85,568.85,7771,
2016-12-02 09:29:00+05:30,568.85,569,568.55,568.9,2040,
2016-12-02 09:30:00+05:30,568.6,569,568.55,569,2388,
2016-12-02 09:31:00+05:30,569,569,567.15,568.1,2783,
2016-12-02 09:32:00+05:30,568.1,568.1,567,567.2,2738,
2016-12-02 09:33:00+05:30,567.2,567.8,567,567.55,4006,
2016-12-02 09:34:00+05:30,567.7,567.7,566.8,567.55,1469,
2016-12-02 09:35:00+05:30,567.55,568.55,567.05,568.55,1108,
2016-12-02 09:36:00+05:30,568.95,569.75,568.95,569.4,2513,
2016-12-02 09:37:00+05:30,569.4,569.85,569.4,569.85,1643,
2016-12-02 09:38:00+05:30,569.85,569.85,569.4,569.5,1162,
2016-12-02 09:39:00+05:30,569.5,569.75,569.35,569.75,1716,
2016-12-02 09:40:00+05:30,569.75,569.75,569.2,569.35,402,
2016-12-02 09:41:00+05:30,569.2,569.2,568.75,569.15,1333,
2016-12-02 09:42:00+05:30,569.15,569.3,568.75,568.75,357,
2016-12-02 09:43:00+05:30,568.4,568.4,567.9,567.9,2927,
2016-12-02 09:44:00+05:30,567.9,567.9,567.3,567.75,1404,
2016-12-02 09:45:00+05:30,567.6,567.65,567.5,567.5,687,
2016-12-02 09:46:00+05:30,567.5,567.75,567.5,567.75,1081,
2016-12-02 09:47:00+05:30,567.75,568,567.65,568,5399,
2016-12-02 09:48:00+05:30,568,568,567.75,567.85,1007,
2016-12-02 09:49:00+05:30,567.85,568,567.85,568,407,
2016-12-02 09:50:00+05:30,567.95,568,567.8,567.85,347,
2016-12-02 09:51:00+05:30,567.85,567.9,567.7,567.8,1888,
2016-12-02 09:52:00+05:30,567.8,568,567.75,567.9,1723,
2016-12-02 09:53:00+05:30,567.9,568,567.9,568,1050,
2016-12-02 09:54:00+05:30,568,568,567.9,568,1622,
2016-12-02 09:55:00+05:30,568,568.75,567.95,568.45,571,
2016-12-02 09:56:00+05:30,568.6,568.95,568.6,568.95,679,
2016-12-02 09:57:00+05:30,568.95,568.95,568.05,568.9,3703,
2016-12-02 09:58:00+05:30,568.9,569,568.65,569,483,
2016-12-02 09:59:00+05:30,569,569.45,568.9,569.2,1321,
2016-12-02 10:00:00+05:30,569.2,569.4,568.7,568.8,1303,
2016-12-02 10:01:00+05:30,568.75,569.05,568.75,569,514,
2016-12-02 10:02:00+05:30,569,569.05,568.5,568.75,794,
2016-12-02 10:03:00+05:30,568.85,569.05,568.75,569.05,354,
2016-12-02 10:04:00+05:30,569.05,569.35,569,569,715,
2016-12-02 10:05:00+05:30,569,569.3,568.5,569.3,1020,
2016-12-02 10:06:00+05:30,569.3,569.9,569.15,569.9,2196,
2016-12-02 10:07:00+05:30,569.95,569.95,569.6,569.65,538,
2016-12-02 10:08:00+05:30,569.65,569.9,569.65,569.85,818,
2016-12-02 10:09:00+05:30,569.85,569.9,569.5,569.5,427,
2016-12-02 10:10:00+05:30,569.5,569.7,569.2,569.45,1810,
2016-12-02 10:11:00+05:30,569.45,569.5,569.3,569.45,388,
2016-12-02 10:12:00+05:30,569.45,569.5,569.35,569.45,557,
2016-12-02 10:13:00+05:30,569.5,569.5,569.35,569.5,1038,
2016-12-02 10:14:00+05:30,569.5,569.5,568.7,569.25,1665,
2016-12-02 10:15:00+05:30,569.25,569.5,569.15,569.5,285,
2016-12-02 10:16:00+05:30,569.5,569.5,569.3,569.3,3049,
2016-12-02 10:17:00+05:30,569.3,569.5,569.25,569.25,486,
2016-12-02 10:18:00+05:30,569.3,569.5,568.5,568.65,1559,
2016-12-02 10:19:00+05:30,568.65,569.8,568.65,569.5,994,
2016-12-02 10:20:00+05:30,569.5,569.8,569.45,569.45,5783,
2016-12-02 10:21:00+05:30,569.5,569.5,568.7,569,3613,
2016-12-02 10:22:00+05:30,569,569.4,568.8,569,1630,
2016-12-02 10:23:00+05:30,568.9,569.4,568.7,569,606,
2016-12-02 10:24:00+05:30,569,569,568.7,568.7,181,
2016-12-02 10:25:00+05:30,568.7,568.7,568.35,568.5,219,
2016-12-02 10:26:00+05:30,568.5,568.5,567.95,568,1239,
2016-12-02 10:27:00+05:30,568,568.15,567.75,568.15,1123,
2016-12-02 10:28:00+05:30,568.15,568.15,567.8,568,828,
2016-12-02 10:29:00+05:30,568,568,567.75,567.9,1371,
2016-12-02 10:30:00+05:30,567.9,568,567.6,567.85,4732,
2016-12-02 10:31:00+05:30,567.85,567.9,567.75,567.9,1259,
2016-12-02 10:32:00+05:30,567.9,567.95,567.65,567.75,3847,
2016-12-02 10:33:00+05:30,567.75,567.75,567.2,567.75,5619,
2016-12-02 10:34:00+05:30,567.75,568,567.75,567.9,215,
2016-12-02 10:35:00+05:30,567.8,568,567.75,567.9,1585,
2016-12-02 10:36:00+05:30,567.9,568.25,567.9,568,416,
2016-12-02 10:37:00+05:30,568,568,567.9,567.9,208,
2016-12-02 10:38:00+05:30,567,567.85,567,567.75,14346,
2016-12-02 10:39:00+05:30,567.75,567.85,567.45,567.75,9324,
2016-12-02 10:40:00+05:30,567.75,567.75,567.6,567.75,9646,
2016-12-02 10:41:00+05:30,567.75,567.75,567.55,567.65,185,
2016-12-02 10:42:00+05:30,567.65,567.65,567,567.15,1249,
2016-12-02 10:43:00+05:30,567.15,567.15,566.6,567,1540,
2016-12-02 10:44:00+05:30,567,567,566.6,566.9,961,
2016-12-02 10:45:00+05:30,566.9,567,566.8,567,217,
2016-12-02 10:46:00+05:30,567,567,566.35,566.75,2459,
2016-12-02 10:47:00+05:30,566.75,567,566.55,566.7,486,
2016-12-02 10:48:00+05:30,566.7,566.85,566.5,566.85,1355,
2016-12-02 10:49:00+05:30,566.85,566.85,566.1,566.85,1974,
2016-12-02 10:50:00+05:30,566.85,566.85,566.55,566.75,279,
2016-12-02 10:51:00+05:30,566.75,567,566.75,566.8,706,
2016-12-02 10:52:00+05:30,566.8,566.8,566.5,566.5,412,
2016-12-02 10:53:00+05:30,566.65,566.65,566.15,566.45,478,
2016-12-02 10:54:00+05:30,566.45,566.85,566.45,566.85,326,
2016-12-02 10:55:00+05:30,566.85,567,566.85,567,576,
2016-12-02 10:56:00+05:30,567,567,566.95,567,669,
2016-12-02 10:57:00+05:30,567,567,566.25,566.25,776,
2016-12-02 10:58:00+05:30,566.25,567.25,566.25,566.95,1347,
2016-12-02 10:59:00+05:30,567,567,566.1,566.85,2613,
2016-12-02 11:00:00+05:30,566.85,566.95,566.7,566.95,563,
2016-12-02 11:01:00+05:30,566.7,567,566.7,567,168,
2016-12-02 11:02:00+05:30,567,567,566.7,567,2642,
2016-12-02 11:03:00+05:30,567,567.1,566.85,567,4527,
2016-12-02 11:04:00+05:30,567,567,567,567,2478,
2016-12-02 11:05:00+05:30,567,567.4,567,567.3,3515,
2016-12-02 11:06:00+05:30,567.4,567.75,567.3,567.55,1977,
2016-12-02 11:07:00+05:30,567.55,568.3,567.5,568.3,1141,
2016-12-02 11:08:00+05:30,568.3,568.3,568,568,248,
2016-12-02 11:09:00+05:30,568,568.1,568,568.05,2716,
2016-12-02 11:10:00+05:30,568.05,568.15,568.05,568.1,461,
2016-12-02 11:11:00+05:30,568.1,568.1,568.05,568.1,672,
2016-12-02 11:12:00+05:30,568.1,569,568.1,568.6,3174,
2016-12-02 11:13:00+05:30,568.6,568.6,568.3,568.6,854,
2016-12-02 11:14:00+05:30,568.6,568.6,568.1,568.1,517,
2016-12-02 11:15:00+05:30,568.1,568.2,567.95,568,948,
2016-12-02 11:16:00+05:30,568.2,568.45,568.2,568.2,633,
2016-12-02 11:17:00+05:30,568.35,568.35,568,568.3,281,
2016-12-02 11:18:00+05:30,568.3,568.35,568.3,568.35,497,
2016-12-02 11:19:00+05:30,568.35,568.35,568.3,568.35,477,
2016-12-02 11:20:00+05:30,568.35,568.45,568.3,568.3,1546,
2016-12-02 11:21:00+05:30,568.3,568.45,568.05,568.2,230,
2016-12-02 11:22:00+05:30,568.2,568.2,568.05,568.05,112,
2016-12-02 11:23:00+05:30,568.05,568.3,568,568,296,
2016-12-02 11:24:00+05:30,568,568.3,568,568,1749,
2016-12-02 11:25:00+05:30,568,568,567.6,567.6,625,
2016-12-02 11:26:00+05:30,567.6,567.85,567.15,567.5,1629,
2016-12-02 11:27:00+05:30,567.6,567.9,567.6,567.9,203,
2016-12-02 11:28:00+05:30,567.9,567.9,567.6,567.75,513,
2016-12-02 11:29:00+05:30,567.75,567.75,567.6,567.6,135,
2016-12-02 11:30:00+05:30,567.6,567.6,567.5,567.5,213,
2016-12-02 11:31:00+05:30,567.5,567.55,567,567,535,
2016-12-02 11:32:00+05:30,567,567.2,566.9,567.2,6539,
2016-12-02 11:33:00+05:30,567.2,567.45,567.2,567.45,439,
2016-12-02 11:34:00+05:30,567.45,567.45,567.25,567.45,2190,
2016-12-02 11:35:00+05:30,567.45,567.45,567.25,567.45,939,
2016-12-02 11:36:00+05:30,567.45,567.45,567.25,567.25,318,
2016-12-02 11:37:00+05:30,567.25,567.45,567.25,567.25,773,
2016-12-02 11:38:00+05:30,567.25,567.85,567.25,567.85,1069,
2016-12-02 11:39:00+05:30,567.85,568,567.5,568,215,
2016-12-02 11:40:00+05:30,568.3,568.3,567.9,568.2,467,
2016-12-02 11:41:00+05:30,568.2,568.2,567.85,567.85,284,
2016-12-02 11:42:00+05:30,567.85,568,567.6,568,334,
2016-12-02 11:43:00+05:30,568,568,567.6,567.65,590,
2016-12-02 11:44:00+05:30,567.65,567.65,567.35,567.35,283,
2016-12-02 11:45:00+05:30,567.35,567.35,567,567.1,535,
2016-12-02 11:46:00+05:30,567.1,567.45,567.1,567.3,943,
2016-12-02 11:47:00+05:30,567.45,567.45,567,567.25,614,
2016-12-02 11:48:00+05:30,567.25,567.35,567.1,567.2,492,
2016-12-02 11:49:00+05:30,567.2,567.25,567.1,567.1,275,
2016-12-02 11:50:00+05:30,567.1,567.25,567,567.25,367,
2016-12-02 11:51:00+05:30,567.25,567.25,567,567,215,
2016-12-02 11:52:00+05:30,567.1,567.25,567.05,567.25,295,
2016-12-02 11:53:00+05:30,567.25,567.25,567,567.25,768,
2016-12-02 11:54:00+05:30,567,567.3,567,567.3,812,
2016-12-02 11:55:00+05:30,567.3,567.3,567.1,567.1,418,
2016-12-02 11:56:00+05:30,567.1,567.15,567.1,567.15,244,
2016-12-02 11:57:00+05:30,567.15,567.2,567,567,312,
2016-12-02 11:58:00+05:30,567,567.6,567,567.4,4628,
2016-12-02 11:59:00+05:30,567.4,567.45,567.4,567.4,248,
2016-12-02 12:00:00+05:30,567.4,567.75,567.4,567.6,369,
2016-12-02 12:01:00+05:30,567.6,567.6,567,567,1481,
2016-12-02 12:02:00+05:30,567,567.55,567,567.45,329,
2016-12-02 12:03:00+05:30,567.45,567.45,567.3,567.3,255,
2016-12-02 12:04:00+05:30,567.3,567.35,567.25,567.25,238,
2016-12-02 12:05:00+05:30,567.2,568,567.2,567.85,1031,
2016-12-02 12:06:00+05:30,567.85,568.3,567.85,568.3,445,
2016-12-02 12:07:00+05:30,568.3,568.45,568.15,568.4,1156,
2016-12-02 12:08:00+05:30,568.4,568.65,568.4,568.65,1483,
2016-12-02 12:09:00+05:30,568.95,569.55,568.45,569.55,6253,
2016-12-02 12:10:00+05:30,569.55,569.7,569.3,569.65,1559,
2016-12-02 12:11:00+05:30,569.65,569.8,569.3,569.8,1480,
2016-12-02 12:12:00+05:30,569.8,569.85,569.65,569.65,888,
2016-12-02 12:13:00+05:30,569.65,569.85,569.65,569.65,617,
2016-12-02 12:14:00+05:30,569.65,569.85,569.55,569.65,704,
2016-12-02 12:15:00+05:30,569.65,569.85,569.2,569.8,2623,
2016-12-02 12:16:00+05:30,569.8,569.8,569.05,569.45,1231,
2016-12-02 12:17:00+05:30,569.45,569.5,569.05,569.05,896,
2016-12-02 12:18:00+05:30,569.1,569.4,568.8,569.25,1456,
2016-12-02 12:19:00+05:30,569.25,569.4,569,569.4,369,
2016-12-02 12:20:00+05:30,569.4,569.4,569.05,569.3,399,
2016-12-02 12:21:00+05:30,569.3,569.45,569.3,569.3,374,
2016-12-02 12:22:00+05:30,569.3,569.45,569.15,569.3,682,
2016-12-02 12:23:00+05:30,569.3,569.5,569.25,569.5,1497,
2016-12-02 12:24:00+05:30,569.7,570.7,569.6,570,12081,
2016-12-02 12:25:00+05:30,569.95,569.95,568.75,568.95,7510,
2016-12-02 12:26:00+05:30,569.1,569.3,568.95,569.3,1324,
2016-12-02 12:27:00+05:30,569.25,569.8,568.95,569.75,3850,
2016-12-02 12:28:00+05:30,569.75,570,569.05,569.45,4138,
2016-12-02 12:29:00+05:30,569.45,569.45,568.85,568.85,1595,
2016-12-02 12:30:00+05:30,569,570.15,568.85,570.15,4014,
2016-12-02 12:31:00+05:30,570.15,570.4,570.1,570.3,1244,
2016-12-02 12:32:00+05:30,570.4,571.5,570.3,571.15,8501,
2016-12-02 12:33:00+05:30,571.15,571.15,570.5,570.75,2107,
2016-12-02 12:34:00+05:30,570.75,571,570.1,570.1,1598,
2016-12-02 12:35:00+05:30,570.1,570.15,570,570.15,682,
2016-12-02 12:36:00+05:30,570.15,570.6,570,570.05,2777,
2016-12-02 12:37:00+05:30,570.05,570.5,570.05,570.05,798,
2016-12-02 12:38:00+05:30,570.05,570.05,569.9,570,745,
2016-12-02 12:39:00+05:30,570,570,569.55,569.8,1031,
2016-12-02 12:40:00+05:30,569.8,569.8,569.5,569.5,338,
2016-12-02 12:41:00+05:30,569.5,569.5,569.2,569.5,605,
2016-12-02 12:42:00+05:30,569.5,569.5,568.8,568.8,1682,
2016-12-02 12:43:00+05:30,568.7,569,568.3,568.5,1702,
2016-12-02 12:44:00+05:30,568.5,568.8,568.45,568.5,551,
2016-12-02 12:45:00+05:30,568.5,569,568.5,569,313,
2016-12-02 12:46:00+05:30,569,569,568.6,568.95,415,
2016-12-02 12:47:00+05:30,568.95,569,568.65,568.65,415,
2016-12-02 12:48:00+05:30,568.65,568.9,568.45,568.8,982,
2016-12-02 12:49:00+05:30,568.75,568.75,568.45,568.6,250,
2016-12-02 12:50:00+05:30,568.65,568.9,568.6,568.9,1837,
2016-12-02 12:51:00+05:30,568.9,568.9,568.8,568.85,905,
2016-12-02 12:52:00+05:30,568.85,568.85,568.65,568.8,539,
2016-12-02 12:53:00+05:30,568.8,568.8,568.4,568.4,855,
2016-12-02 12:54:00+05:30,568.3,568.4,567.6,568,5697,
2016-12-02 12:55:00+05:30,567.8,568,567.65,567.95,203,
2016-12-02 12:56:00+05:30,568,568,567.95,568,1523,
2016-12-02 12:57:00+05:30,568,568.15,567.95,567.95,599,
2016-12-02 12:58:00+05:30,567.95,568.25,567.95,568.2,2240,
2016-12-02 12:59:00+05:30,568.2,568.5,567.95,568.45,1750,
2016-12-02 13:00:00+05:30,568.45,568.55,568.45,568.45,2218,
2016-12-02 13:01:00+05:30,568.45,568.85,568.45,568.55,836,
2016-12-02 13:02:00+05:30,568.75,569.4,568.6,569.4,1092,
2016-12-02 13:03:00+05:30,569.4,569.65,569.15,569.45,3589,
2016-12-02 13:04:00+05:30,569.45,569.85,569.15,569.4,2041,
2016-12-02 13:05:00+05:30,569.4,569.6,569.3,569.5,778,
2016-12-02 13:06:00+05:30,569.5,569.8,569.5,569.8,946,
2016-12-02 13:07:00+05:30,569.8,569.85,569.75,569.75,1235,
2016-12-02 13:08:00+05:30,569.75,569.8,569.5,569.75,1427,
2016-12-02 13:09:00+05:30,569.85,570.35,569.75,570,1670,
2016-12-02 13:10:00+05:30,570,570.35,569.95,570,1371,
2016-12-02 13:11:00+05:30,570.2,570.3,569.95,570,1496,
2016-12-02 13:12:00+05:30,570,570.5,570,570.45,1111,
2016-12-02 13:13:00+05:30,570.45,570.5,570,570.1,574,
2016-12-02 13:14:00+05:30,570.1,570.2,569.4,570,2590,
2016-12-02 13:15:00+05:30,570.2,570.2,570,570,733,
2016-12-02 13:16:00+05:30,570,570.15,570,570.1,203,
2016-12-02 13:17:00+05:30,570.1,570.4,570,570.3,1011,
2016-12-02 13:18:00+05:30,570.3,570.75,570,570.5,4521,
2016-12-02 13:19:00+05:30,570.45,570.7,570.2,570.7,692,
2016-12-02 13:20:00+05:30,570.7,571.5,570.45,571.45,3541,
2016-12-02 13:21:00+05:30,571.5,572,571.05,571.5,12130,
2016-12-02 13:22:00+05:30,571.7,572.55,571.7,572.5,5925,
2016-12-02 13:23:00+05:30,572.5,572.5,571.8,572,4026,
2016-12-02 13:24:00+05:30,572,572,571.65,571.8,1724,
2016-12-02 13:25:00+05:30,571.8,571.8,571.2,571.5,1201,
2016-12-02 13:26:00+05:30,571.5,571.6,571.3,571.4,1132,
2016-12-02 13:27:00+05:30,571.15,571.5,571.05,571.05,921,
2016-12-02 13:28:00+05:30,571.05,571.3,570.8,571.1,2506,
2016-12-02 13:29:00+05:30,571.6,571.8,571.35,571.5,1138,
2016-12-02 13:30:00+05:30,571.5,572,571.5,571.65,851,
2016-12-02 13:31:00+05:30,571.65,572.25,571.65,572,777,
2016-12-02 13:32:00+05:30,572,572.8,572,572.35,1602,
2016-12-02 13:33:00+05:30,572.35,572.55,571.5,571.5,1383,
2016-12-02 13:34:00+05:30,571.5,571.75,571.15,571.75,870,
2016-12-02 13:35:00+05:30,571.5,572.3,571.5,571.9,978,
2016-12-02 13:36:00+05:30,571.9,571.95,571.5,571.55,1787,
2016-12-02 13:37:00+05:30,571.55,572,571.5,571.5,1837,
2016-12-02 13:38:00+05:30,571.5,571.85,571.25,571.5,1100,
2016-12-02 13:39:00+05:30,571.5,571.5,571.5,571.5,313,
2016-12-02 13:40:00+05:30,571.5,572.2,571.5,571.95,1316,
2016-12-02 13:41:00+05:30,571.95,572.25,571.95,572.1,572,
2016-12-02 13:42:00+05:30,572.1,572.1,571.7,571.7,725,
2016-12-02 13:43:00+05:30,571.7,571.7,570.75,571.15,5190,
2016-12-02 13:44:00+05:30,571.15,571.85,571.15,571.7,1572,
2016-12-02 13:45:00+05:30,571.7,572.1,571.55,572.1,1428,
2016-12-02 13:46:00+05:30,572.1,572.1,571.9,572.05,1146,
2016-12-02 13:47:00+05:30,572.1,572.35,572.05,572.3,941,
2016-12-02 13:48:00+05:30,572.3,572.45,572.05,572.05,2081,
2016-12-02 13:49:00+05:30,572.05,572.35,571.85,571.9,911,
2016-12-02 13:50:00+05:30,571.9,572.2,571.8,572,889,
2016-12-02 13:51:00+05:30,572,572.2,572,572.15,1916,
2016-12-02 13:52:00+05:30,572.15,572.2,571.85,571.85,1530,
2016-12-02 13:53:00+05:30,571.85,572.1,571.85,572.05,2430,
2016-12-02 13:54:00+05:30,572.05,572.5,572.05,572.2,2136,
2016-12-02 13:55:00+05:30,572.15,573.4,572.15,573.4,7431,
2016-12-02 13:56:00+05:30,573.2,573.85,573,573.4,6608,
2016-12-02 13:57:00+05:30,573.7,573.8,573,573.3,3224,
2016-12-02 13:58:00+05:30,573.3,573.75,573,573.4,1058,
2016-12-02 13:59:00+05:30,573.4,573.85,573.4,573.4,791,
2016-12-02 14:00:00+05:30,573.4,573.55,573.05,573.55,6903,
2016-12-02 14:01:00+05:30,573.15,573.5,573,573.05,4303,
2016-12-02 14:02:00+05:30,573.05,573.4,573,573,1592,
2016-12-02 14:03:00+05:30,573,573.3,573,573,1654,
2016-12-02 14:04:00+05:30,573,573.25,573,573,2228,
2016-12-02 14:05:00+05:30,573,573.05,572.8,573.05,2976,
2016-12-02 14:06:00+05:30,573.05,573.25,572.95,573.25,2203,
2016-12-02 14:07:00+05:30,573.25,573.25,573,573.25,1663,
2016-12-02 14:08:00+05:30,573.25,573.25,573,573,1082,
2016-12-02 14:09:00+05:30,573,573.25,572.9,573,2395,
2016-12-02 14:10:00+05:30,573,573.05,572.6,573,10065,
2016-12-02 14:11:00+05:30,573,573.25,572.7,572.7,3282,
2016-12-02 14:12:00+05:30,572.7,573.5,572.7,573.45,4398,
2016-12-02 14:13:00+05:30,573.45,573.9,573.4,573.85,933,
2016-12-02 14:14:00+05:30,573.85,573.85,572.8,573.35,2439,
2016-12-02 14:15:00+05:30,573.35,573.35,573,573.35,3936,
2016-12-02 14:16:00+05:30,573.35,573.35,573,573,2190,
2016-12-02 14:17:00+05:30,573,573.25,573,573.05,906,
2016-12-02 14:18:00+05:30,573.05,573.75,573.05,573.6,1182,
2016-12-02 14:19:00+05:30,573.6,573.6,573,573,526,
2016-12-02 14:20:00+05:30,573,573.7,573,573.35,1325,
2016-12-02 14:21:00+05:30,573.75,573.75,573,573.15,2503,
2016-12-02 14:22:00+05:30,573.2,573.5,573.15,573.25,328,
2016-12-02 14:23:00+05:30,573.25,573.45,573.1,573.25,857,
2016-12-02 14:24:00+05:30,573.25,573.6,573.05,573.3,1319,
2016-12-02 14:25:00+05:30,573.3,573.3,573,573,657,
2016-12-02 14:26:00+05:30,573,573.6,573,573.25,1416,
2016-12-02 14:27:00+05:30,573.25,573.25,573,573,675,
2016-12-02 14:28:00+05:30,573,573.15,573,573.05,3226,
2016-12-02 14:29:00+05:30,573,573.1,573,573,912,
2016-12-02 14:30:00+05:30,573,573.05,572.9,573,13831,
2016-12-02 14:31:00+05:30,573,573.2,572.9,572.95,7693,
2016-12-02 14:32:00+05:30,572.95,573,572.95,572.95,2556,
2016-12-02 14:33:00+05:30,572.95,573,572.8,572.8,2183,
2016-12-02 14:34:00+05:30,572.8,573,572.1,572.6,2910,
2016-12-02 14:35:00+05:30,572.1,572.7,572,572.4,3443,
2016-12-02 14:36:00+05:30,572.4,572.4,571.55,572.4,8543,
2016-12-02 14:37:00+05:30,572.4,572.95,571.85,572.8,4814,
2016-12-02 14:38:00+05:30,572.8,572.8,572.3,572.3,2029,
2016-12-02 14:39:00+05:30,572.3,572.3,571.85,571.85,3569,
2016-12-02 14:40:00+05:30,571.85,572,571.65,571.65,2074,
2016-12-02 14:41:00+05:30,571.9,572.4,571.85,571.85,2022,
2016-12-02 14:42:00+05:30,571.85,572.1,571.85,571.85,2623,
2016-12-02 14:43:00+05:30,571.85,572.2,571.85,572,4186,
2016-12-02 14:44:00+05:30,572,572.2,571.4,571.85,6148,
2016-12-02 14:45:00+05:30,571.85,572.3,570.7,572.3,12792,
2016-12-02 14:46:00+05:30,572,572,571.25,571.85,1892,
2016-12-02 14:47:00+05:30,571.85,572,571.85,571.95,2539,
2016-12-02 14:48:00+05:30,572,572.35,571.95,572.3,2902,
2016-12-02 14:49:00+05:30,572.3,572.6,572.2,572.6,3303,
2016-12-02 14:50:00+05:30,572.5,572.7,572.1,572.2,4248,
2016-12-02 14:51:00+05:30,572.2,572.7,572.2,572.3,2454,
2016-12-02 14:52:00+05:30,572.3,572.85,572.3,572.85,1370,
2016-12-02 14:53:00+05:30,572.6,573,572.6,572.75,1795,
2016-12-02 14:54:00+05:30,572.75,572.95,572.2,572.3,3100,
2016-12-02 14:55:00+05:30,572.3,572.8,572.3,572.5,2452,
2016-12-02 14:56:00+05:30,572.5,572.55,571,571.2,6216,
2016-12-02 14:57:00+05:30,571.1,571.9,571,571.65,4512,
2016-12-02 14:58:00+05:30,571.65,571.8,571,571,5712,
2016-12-02 14:59:00+05:30,571,571.9,571,571.65,4814,
2016-12-02 15:00:00+05:30,571.4,572,571.25,571.55,4978,
2016-12-02 15:01:00+05:30,571.55,572,570.5,571,35247,
2016-12-02 15:02:00+05:30,571.15,572,570.55,571.2,29770,
2016-12-02 15:03:00+05:30,571.2,571.9,571.2,571.5,3432,
2016-12-02 15:04:00+05:30,571.95,572,571,571.5,6170,
2016-12-02 15:05:00+05:30,571.5,571.8,571.15,571.3,11006,
2016-12-02 15:06:00+05:30,571.3,571.55,571.2,571.2,4594,
2016-12-02 15:07:00+05:30,571.2,571.35,571.2,571.25,3443,
2016-12-02 15:08:00+05:30,571.25,571.8,571,571.5,11564,
2016-12-02 15:09:00+05:30,571.35,571.8,571.25,571.4,5178,
2016-12-02 15:10:00+05:30,571.4,571.5,571.25,571.35,6615,
2016-12-02 15:11:00+05:30,571.35,571.8,571.25,571.45,7227,
2016-12-02 15:12:00+05:30,571.45,571.5,571.15,571.15,4652,
2016-12-02 15:13:00+05:30,571.15,571.8,571,571.4,12053,
2016-12-02 15:14:00+05:30,571.45,571.55,571.4,571.45,4404,
2016-12-02 15:15:00+05:30,571.45,571.6,571,571.6,16957,
2016-12-02 15:16:00+05:30,571.6,571.6,571,571.4,24476,
2016-12-02 15:17:00+05:30,571.05,571.5,571,571.05,2829,
2016-12-02 15:18:00+05:30,571,571.8,571,571.3,7082,
2016-12-02 15:19:00+05:30,571.3,571.8,571.3,571.4,4073,
2016-12-02 15:20:00+05:30,571.4,571.5,571,571,14879,
2016-12-02 15:21:00+05:30,571.05,571.8,571,571.35,7677,
2016-12-02 15:22:00+05:30,571.35,571.6,571.2,571.3,4410,
2016-12-02 15:23:00+05:30,571.3,571.5,571,571.05,4798,
2016-12-02 15:24:00+05:30,571,571.45,571,571.05,2660,
2016-12-02 15:25:00+05:30,571.1,571.3,571.1,571.2,4385,
2016-12-02 15:26:00+05:30,571.2,571.4,571.05,571.1,4761,
2016-12-02 15:27:00+05:30,571.1,571.4,571.05,571.1,14952,
2016-12-02 15:28:00+05:30,571.1,571.25,570.8,570.8,8588,
2016-12-02 15:29:00+05:30,570.8,571.5,570.8,570.8,5768,
2016-12-05 09:15:00+05:30,572.5,573.5,571.35,572.4,4734,
2016-12-05 09:16:00+05:30,572.4,574.9,572.1,574.9,7073,
2016-12-05 09:17:00+05:30,574.9,574.95,573.45,573.9,7744,
2016-12-05 09:18:00+05:30,573.7,574.3,573.05,574.3,6125,
2016-12-05 09:19:00+05:30,574.6,575.5,574.05,574.7,7161,
2016-12-05 09:20:00+05:30,574.7,575.7,574.7,575.5,4628,
2016-12-05 09:21:00+05:30,575.5,575.5,574.15,574.85,4617,
2016-12-05 09:22:00+05:30,574.65,577.9,574.65,577.2,11924,
2016-12-05 09:23:00+05:30,577.35,577.55,575.85,577,6967,
2016-12-05 09:24:00+05:30,577,577,575.8,576,4783,
2016-12-05 09:25:00+05:30,576,577.4,576,576.95,11412,
2016-12-05 09:26:00+05:30,576.95,577.8,576.25,577,6933,
2016-12-05 09:27:00+05:30,577,577.25,576,576.65,2989,
2016-12-05 09:28:00+05:30,576.65,576.75,575.45,576.1,3247,
2016-12-05 09:29:00+05:30,576.1,580,576.05,580,28921,
2016-12-05 09:30:00+05:30,580.5,581,579.9,580.35,41437,
2016-12-05 09:31:00+05:30,580.15,581,579.4,579.8,15889,
2016-12-05 09:32:00+05:30,580,580,579.35,579.55,10480,
2016-12-05 09:33:00+05:30,579.25,579.55,578.55,579.4,7956,
2016-12-05 09:34:00+05:30,579.5,580,579,579.5,10109,
2016-12-05 09:35:00+05:30,579.95,581.4,579.95,580.85,14642,
2016-12-05 09:36:00+05:30,580.9,581.05,580.55,580.55,11277,
2016-12-05 09:37:00+05:30,580.55,581.2,580.55,580.75,7848,
2016-12-05 09:38:00+05:30,580.8,581.1,580.55,580.7,5131,
2016-12-05 09:39:00+05:30,580.7,580.85,580.1,580.5,5104,
2016-12-05 09:40:00+05:30,580.5,580.8,580,580.05,4273,
2016-12-05 09:41:00+05:30,580.05,580.4,579.55,579.9,3966,
2016-12-05 09:42:00+05:30,579.9,580,578.6,578.6,8175,
2016-12-05 09:43:00+05:30,578.8,580,578,580,7674,
2016-12-05 09:44:00+05:30,580,580,579.55,579.8,4547,
2016-12-05 09:45:00+05:30,579.8,580.6,579.8,580.35,4618,
2016-12-05 09:46:00+05:30,580.35,580.9,580.3,580.5,4547,
2016-12-05 09:47:00+05:30,580.5,580.6,580.15,580.5,3187,
2016-12-05 09:48:00+05:30,580.5,580.5,579.45,579.65,5428,
2016-12-05 09:49:00+05:30,579.65,580,579.4,580,3682,
2016-12-05 09:50:00+05:30,580,580,578.25,578.7,4767,
2016-12-05 09:51:00+05:30,578.7,578.7,578,578.35,5414,
2016-12-05 09:52:00+05:30,578.35,578.85,578.35,578.55,3441,
2016-12-05 09:53:00+05:30,578.35,578.5,578.1,578.1,4295,
2016-12-05 09:54:00+05:30,578.1,578.35,578.05,578.2,2262,
2016-12-05 09:55:00+05:30,578.2,578.3,578.1,578.1,2814,
2016-12-05 09:56:00+05:30,578.1,578.75,578.1,578.5,4804,
2016-12-05 09:57:00+05:30,578.5,578.9,578.25,578.65,3664,
2016-12-05 09:58:00+05:30,578.65,578.95,578.35,578.5,3915,
2016-12-05 09:59:00+05:30,578.5,578.7,578.3,578.55,1514,
2016-12-05 10:00:00+05:30,578.55,578.6,578.2,578.55,1527,
2016-12-05 10:01:00+05:30,578.55,578.9,578.25,578.7,2434,
2016-12-05 10:02:00+05:30,578.7,579.5,578.55,578.95,2204,
2016-12-05 10:03:00+05:30,578.95,578.95,578.65,578.8,1401,
2016-12-05 10:04:00+05:30,578.8,579.25,578.8,579.25,1345,
2016-12-05 10:05:00+05:30,579.25,579.95,579.25,579.25,3736,
2016-12-05 10:06:00+05:30,579.55,579.9,579.4,579.4,2462,
2016-12-05 10:07:00+05:30,579.4,579.85,579.4,579.55,1804,
2016-12-05 10:08:00+05:30,579.5,579.5,579.05,579.45,1426,
2016-12-05 10:09:00+05:30,579.45,579.45,579.2,579.4,998,
2016-12-05 10:10:00+05:30,579.4,579.45,579,579.35,1322,
2016-12-05 10:11:00+05:30,579.35,580,579.15,579.6,4216,
2016-12-05 10:12:00+05:30,579.6,580,579.5,579.95,7125,
2016-12-05 10:13:00+05:30,579.95,580.2,579.55,579.55,2118,
2016-12-05 10:14:00+05:30,579.55,579.75,579.3,579.5,1300,
2016-12-05 10:15:00+05:30,579.5,579.9,579.25,579.65,1880,
2016-12-05 10:16:00+05:30,579.5,579.7,579.4,579.6,1080,
2016-12-05 10:17:00+05:30,579.6,579.85,579.4,579.85,1752,
2016-12-05 10:18:00+05:30,579.85,580,579.5,579.7,1715,
2016-12-05 10:19:00+05:30,579.55,579.6,579.1,579.25,890,
2016-12-05 10:20:00+05:30,579.25,579.25,578.1,578.55,4616,
2016-12-05 10:21:00+05:30,578.45,579.6,578.1,579.2,3735,
2016-12-05 10:22:00+05:30,579.05,579.4,578.85,578.95,926,
2016-12-05 10:23:00+05:30,578.95,579.35,578.95,579.1,2027,
2016-12-05 10:24:00+05:30,579.1,579.3,579.05,579.05,1650,
2016-12-05 10:25:00+05:30,579.05,579.4,579.05,579.4,1588,
2016-12-05 10:26:00+05:30,579.4,579.5,579.2,579.2,1958,
2016-12-05 10:27:00+05:30,579.2,579.2,578.7,578.7,1695,
2016-12-05 10:28:00+05:30,578.7,579,578.7,579,1536,
2016-12-05 10:29:00+05:30,579,579.1,578.8,578.9,1276,
2016-12-05 10:30:00+05:30,579.05,579.25,578.25,578.25,3819,
2016-12-05 10:31:00+05:30,578.25,578.45,578,578.1,1027,
2016-12-05 10:32:00+05:30,578.1,578.5,578.1,578.35,562,
2016-12-05 10:33:00+05:30,578.35,578.45,578.25,578.45,259,
2016-12-05 10:34:00+05:30,578.45,578.45,578,578.15,949,
2016-12-05 10:35:00+05:30,578.15,578.4,578.05,578.35,486,
2016-12-05 10:36:00+05:30,578.1,578.35,578,578,3562,
2016-12-05 10:37:00+05:30,578,578.45,578,578.4,822,
2016-12-05 10:38:00+05:30,578.4,578.45,578.3,578.45,358,
2016-12-05 10:39:00+05:30,578.45,578.5,578.2,578.3,1905,
2016-12-05 10:40:00+05:30,578.3,578.3,578.05,578.25,500,
2016-12-05 10:41:00+05:30,578.25,578.5,578.1,578.5,1590,
2016-12-05 10:42:00+05:30,578.5,578.75,578.25,578.3,1361,
2016-12-05 10:43:00+05:30,578.3,578.5,578.2,578.2,662,
2016-12-05 10:44:00+05:30,578.15,578.5,578.15,578.5,1222,
2016-12-05 10:45:00+05:30,578.5,578.5,578.2,578.5,1221,
2016-12-05 10:46:00+05:30,578.5,578.5,578.15,578.15,2908,
2016-12-05 10:47:00+05:30,578.15,578.55,578.15,578.35,1722,
2016-12-05 10:48:00+05:30,578.35,578.7,577.15,577.15,5914,
2016-12-05 10:49:00+05:30,577.15,577.65,577.15,577.65,1897,
2016-12-05 10:50:00+05:30,577.7,577.85,577.3,577.7,2153,
2016-12-05 10:51:00+05:30,577.55,578.5,577.55,578.1,1670,
2016-12-05 10:52:00+05:30,578.1,578.2,577.9,578,1388,
2016-12-05 10:53:00+05:30,578,578,577.5,577.7,831,
2016-12-05 10:54:00+05:30,577.7,578.15,577.7,578.15,448,
2016-12-05 10:55:00+05:30,578.2,578.4,578,578.4,1151,
2016-12-05 10:56:00+05:30,578.4,578.85,578.4,578.65,1652,
2016-12-05 10:57:00+05:30,578.65,578.85,578.65,578.85,975,
2016-12-05 10:58:00+05:30,578.85,579.05,578.8,579,1541,
2016-12-05 10:59:00+05:30,579,579.1,578.85,578.85,539,
2016-12-05 11:00:00+05:30,578.85,579,578.85,578.85,429,
2016-12-05 11:01:00+05:30,578.85,579,578.5,578.8,628,
2016-12-05 11:02:00+05:30,578.6,578.9,578.55,578.7,722,
2016-12-05 11:03:00+05:30,578.55,578.9,578.45,578.8,2495,
2016-12-05 11:04:00+05:30,578.8,579.1,578.75,578.9,307,
2016-12-05 11:05:00+05:30,578.9,579.15,578.8,579.15,1163,
2016-12-05 11:06:00+05:30,579.15,579.15,578.85,579.1,416,
2016-12-05 11:07:00+05:30,578.75,578.8,578.7,578.8,773,
2016-12-05 11:08:00+05:30,578.8,578.9,578.75,578.8,501,
2016-12-05 11:09:00+05:30,578.8,578.9,578.8,578.8,741,
2016-12-05 11:10:00+05:30,578.8,578.8,578.5,578.55,131,
2016-12-05 11:11:00+05:30,578.55,578.9,578.55,578.9,360,
2016-12-05 11:12:00+05:30,578.9,578.9,578.8,578.8,546,
2016-12-05 11:13:00+05:30,578.8,578.8,578.1,578.25,1659,
2016-12-05 11:14:00+05:30,578.25,578.3,577.8,577.9,1036,
2016-12-05 11:15:00+05:30,577.9,577.9,577.5,577.9,1539,
2016-12-05 11:16:00+05:30,577.9,577.9,577.55,577.55,814,
2016-12-05 11:17:00+05:30,577.55,577.8,577.55,577.7,672,
2016-12-05 11:18:00+05:30,577.7,577.8,577.6,577.8,639,
2016-12-05 11:19:00+05:30,577.8,578,577.5,577.5,1860,
2016-12-05 11:20:00+05:30,577.5,577.75,577.35,577.75,628,
2016-12-05 11:21:00+05:30,577.75,577.75,577.55,577.55,393,
2016-12-05 11:22:00+05:30,577.55,578,577.55,578,222,
2016-12-05 11:23:00+05:30,578,578,577.5,577.5,271,
2016-12-05 11:24:00+05:30,577.55,577.85,577.55,577.6,249,
2016-12-05 11:25:00+05:30,577.85,578.25,577.85,578.15,1305,
2016-12-05 11:26:00+05:30,578.15,578.15,577.95,578.15,577,
2016-12-05 11:27:00+05:30,578.15,578.2,577.95,578.15,330,
2016-12-05 11:28:00+05:30,578.15,578.15,577.8,578,1097,
2016-12-05 11:29:00+05:30,577.8,578,577.8,577.8,638,
2016-12-05 11:30:00+05:30,577.6,578,577.6,577.65,723,
2016-12-05 11:31:00+05:30,577.65,578,577.65,578,360,
2016-12-05 11:32:00+05:30,578,578,577.9,577.9,433,
2016-12-05 11:33:00+05:30,577.9,578,577.9,577.9,271,
2016-12-05 11:34:00+05:30,577.9,578.5,577.9,578.15,2805,
2016-12-05 11:35:00+05:30,578.15,578.25,578.15,578.25,320,
2016-12-05 11:36:00+05:30,578.25,578.45,578.05,578.05,604,
2016-12-05 11:37:00+05:30,578.05,578.2,577.9,578.15,568,
2016-12-05 11:38:00+05:30,578.15,578.15,577.3,577.5,746,
2016-12-05 11:39:00+05:30,577.5,577.8,577.5,577.75,764,
2016-12-05 11:40:00+05:30,577.75,577.8,577.75,577.8,196,
2016-12-05 11:41:00+05:30,577.55,578,577.5,578,1408,
2016-12-05 11:42:00+05:30,578,578,577.65,577.85,264,
2016-12-05 11:43:00+05:30,577.85,577.95,577.55,577.7,569,
2016-12-05 11:44:00+05:30,577.7,577.85,577.45,577.5,1643,
2016-12-05 11:45:00+05:30,577.5,577.85,577.5,577.5,1296,
2016-12-05 11:46:00+05:30,577.5,577.95,577.45,577.45,492,
2016-12-05 11:47:00+05:30,577.45,577.5,577,577,2882,
2016-12-05 11:48:00+05:30,577.1,577.1,575.25,576,14613,
2016-12-05 11:49:00+05:30,576.45,576.9,575.5,576,6344,
2016-12-05 11:50:00+05:30,576.15,576.75,576.05,576.4,1242,
2016-12-05 11:51:00+05:30,576.4,576.75,576.3,576.6,1469,
2016-12-05 11:52:00+05:30,576.6,576.6,575.95,576,5782,
2016-12-05 11:53:00+05:30,576,576,575.9,576,1856,
2016-12-05 11:54:00+05:30,576,576,575.75,575.75,1294,
2016-12-05 11:55:00+05:30,575.75,575.9,575.4,575.5,1428,
2016-12-05 11:56:00+05:30,575.5,575.65,575.15,575.2,1237,
2016-12-05 11:57:00+05:30,575.4,575.4,575,575.05,5542,
2016-12-05 11:58:00+05:30,575.05,575.05,574.25,574.25,4378,
2016-12-05 11:59:00+05:30,574.25,574.5,574.25,574.45,6539,
2016-12-05 12:00:00+05:30,574.45,574.95,574.45,574.6,2127,
2016-12-05 12:01:00+05:30,574.6,575.2,574.55,574.7,2466,
2016-12-05 12:02:00+05:30,574.7,575,574.7,574.8,637,
2016-12-05 12:03:00+05:30,574.8,575,574.8,575,2795,
2016-12-05 12:04:00+05:30,575,575,574.75,575,703,
2016-12-05 12:05:00+05:30,575,575,574.55,574.95,1818,
2016-12-05 12:06:00+05:30,574.95,574.95,574.6,574.6,483,
2016-12-05 12:07:00+05:30,574.9,574.9,574.6,574.6,278,
2016-12-05 12:08:00+05:30,574.6,575,574.6,575,2840,
2016-12-05 12:09:00+05:30,575,575,574.75,574.75,556,
2016-12-05 12:10:00+05:30,574.75,574.75,574.1,574.35,2768,
2016-12-05 12:11:00+05:30,574.05,574.4,574.05,574.4,362,
2016-12-05 12:12:00+05:30,574.4,575,574.2,574.8,800,
2016-12-05 12:13:00+05:30,574.8,575,574.6,575,710,
2016-12-05 12:14:00+05:30,575,575,574.5,574.5,504,
2016-12-05 12:15:00+05:30,574.5,575,574.5,575,1522,
2016-12-05 12:16:00+05:30,575,575,574.5,574.8,1652,
2016-12-05 12:17:00+05:30,574.8,575.3,574.8,575,617,
2016-12-05 12:18:00+05:30,574.8,575,574.8,574.8,1026,
2016-12-05 12:19:00+05:30,574.8,575,574.8,574.9,669,
2016-12-05 12:20:00+05:30,574.9,575,574.9,575,522,
2016-12-05 12:21:00+05:30,575,575,574.65,574.95,265,
2016-12-05 12:22:00+05:30,574.95,575,574.95,575,1471,
2016-12-05 12:23:00+05:30,575,575,574.9,575,334,
2016-12-05 12:24:00+05:30,575,575,574.9,575,1705,
2016-12-05 12:25:00+05:30,575,575.25,575,575,1892,
2016-12-05 12:26:00+05:30,574.95,575,574.95,575,1047,
2016-12-05 12:27:00+05:30,574.95,575,574.95,575,2225,
2016-12-05 12:28:00+05:30,575,575.25,574.95,574.95,2162,
2016-12-05 12:29:00+05:30,574.95,575,574.7,575,414,
2016-12-05 12:30:00+05:30,575,575,574.8,575,1904,
2016-12-05 12:31:00+05:30,575,575,574.75,575,516,
2016-12-05 12:32:00+05:30,574.6,575,574.6,575,1691,
2016-12-05 12:33:00+05:30,575,575,574.85,575,672,
2016-12-05 12:34:00+05:30,575,575,574.8,574.8,539,
2016-12-05 12:35:00+05:30,574.8,574.95,574.5,574.75,784,
2016-12-05 12:36:00+05:30,574.75,574.95,574.5,574.9,553,
2016-12-05 12:37:00+05:30,574.9,575,574.7,575,1048,
2016-12-05 12:38:00+05:30,575,575,574.85,575,1025,
2016-12-05 12:39:00+05:30,575,575.35,575,575.3,1793,
2016-12-05 12:40:00+05:30,575.3,575.3,574.6,574.9,1070,
2016-12-05 12:41:00+05:30,574.9,575,574.9,575,1122,
2016-12-05 12:42:00+05:30,575,575,575,575,739,
2016-12-05 12:43:00+05:30,574.95,575.35,574.95,575.2,1561,
2016-12-05 12:44:00+05:30,575.2,575.35,574.45,575,7411,
2016-12-05 12:45:00+05:30,575,575.1,574.9,575,5938,
2016-12-05 12:46:00+05:30,575,575,575,575,175,
2016-12-05 12:47:00+05:30,575,575.25,575,575,5383,
2016-12-05 12:48:00+05:30,575,575,574.65,575,909,
2016-12-05 12:49:00+05:30,575,575,574.8,574.95,261,
2016-12-05 12:50:00+05:30,574.95,575,574.8,574.95,2400,
2016-12-05 12:51:00+05:30,574.95,575.15,574.9,575.15,1099,
2016-12-05 12:52:00+05:30,575,575,575,575,4300,
2016-12-05 12:53:00+05:30,575,575,574.9,574.9,112,
2016-12-05 12:54:00+05:30,574.9,574.9,574.55,574.9,159,
2016-12-05 12:55:00+05:30,574.65,574.9,574.55,574.9,280,
2016-12-05 12:56:00+05:30,574.9,575,574.5,575,3189,
2016-12-05 12:57:00+05:30,575,575.15,574.85,574.85,3407,
2016-12-05 12:58:00+05:30,574.85,574.85,574.85,574.85,0,
2016-12-05 12:59:00+05:30,574.85,575,574.8,575,1504,
2016-12-05 13:00:00+05:30,575,575,574.9,575,429,
2016-12-05 13:01:00+05:30,575,575,575,575,100,
2016-12-05 13:02:00+05:30,575,575,574.8,574.8,384,
2016-12-05 13:03:00+05:30,574.8,574.9,574.8,574.9,100,
2016-12-05 13:04:00+05:30,574.9,574.9,574.65,574.9,307,
2016-12-05 13:05:00+05:30,574.9,575,574.9,574.9,239,
2016-12-05 13:06:00+05:30,574.8,575.3,574.55,574.9,2079,
2016-12-05 13:07:00+05:30,574.65,574.8,574.5,574.5,581,
2016-12-05 13:08:00+05:30,574.5,574.8,574.5,574.8,882,
2016-12-05 13:09:00+05:30,574.7,574.9,574.5,574.5,531,
2016-12-05 13:10:00+05:30,574.5,574.8,574.5,574.65,423,
2016-12-05 13:11:00+05:30,574.65,574.75,574.3,574.75,2322,
2016-12-05 13:12:00+05:30,574.75,574.8,574.75,574.8,33,
2016-12-05 13:13:00+05:30,574.8,575,574.8,575,211,
2016-12-05 13:14:00+05:30,575,575.35,574.65,575,4729,
2016-12-05 13:15:00+05:30,575,575,574.9,575,435,
2016-12-05 13:16:00+05:30,575,575,574.8,575,1096,
2016-12-05 13:17:00+05:30,575,575,574.6,574.95,1277,
2016-12-05 13:18:00+05:30,574.95,575.25,574.95,575.25,3614,
2016-12-05 13:19:00+05:30,575.25,575.25,574.45,574.85,670,
2016-12-05 13:20:00+05:30,574.85,574.95,574.85,574.95,13,
2016-12-05 13:21:00+05:30,574.95,574.95,574.95,574.95,14,
2016-12-05 13:22:00+05:30,574.95,575,574.7,575,671,
2016-12-05 13:23:00+05:30,574.7,575,574.6,574.95,359,
2016-12-05 13:24:00+05:30,574.55,574.95,574.55,574.95,926,
2016-12-05 13:25:00+05:30,574.95,575,574.8,575,740,
2016-12-05 13:26:00+05:30,575,575,574.65,575,670,
2016-12-05 13:27:00+05:30,575,575.2,574.9,574.95,1033,
2016-12-05 13:28:00+05:30,574.95,575,574.95,575,751,
2016-12-05 13:29:00+05:30,575,575,575,575,1798,
2016-12-05 13:30:00+05:30,575,575.2,574.9,575,1294,
2016-12-05 13:31:00+05:30,575,575,574.8,575,2058,
2016-12-05 13:32:00+05:30,575.05,575.2,574.9,575,2693,
2016-12-05 13:33:00+05:30,575,575,574.8,574.8,540,
2016-12-05 13:34:00+05:30,574.8,575,574.8,575,445,
2016-12-05 13:35:00+05:30,575,575.4,574.95,575.25,7191,
2016-12-05 13:36:00+05:30,574.7,575,574.4,575,2401,
2016-12-05 13:37:00+05:30,575,575,574.85,575,827,
2016-12-05 13:38:00+05:30,575,575.75,575,575.35,2305,
2016-12-05 13:39:00+05:30,575.35,575.8,574.4,575,9605,
2016-12-05 13:40:00+05:30,574.95,575.25,574.9,575,7622,
2016-12-05 13:41:00+05:30,575,575,575,575,1302,
2016-12-05 13:42:00+05:30,575,575.2,574.95,575.2,3438,
2016-12-05 13:43:00+05:30,575.2,575.2,574.9,575,2067,
2016-12-05 13:44:00+05:30,575,575,574.75,574.75,1235,
2016-12-05 13:45:00+05:30,574.75,575,574.75,575,1775,
2016-12-05 13:46:00+05:30,574.95,575,574.9,574.95,4104,
2016-12-05 13:47:00+05:30,574.95,575,574.6,575,2163,
2016-12-05 13:48:00+05:30,575,575,574.25,574.65,3553,
2016-12-05 13:49:00+05:30,574.45,574.75,574.4,574.75,1200,
2016-12-05 13:50:00+05:30,574.75,574.75,574.75,574.75,5232,
2016-12-05 13:51:00+05:30,574.75,574.75,574.75,574.75,7110,
2016-12-05 13:52:00+05:30,574.75,574.75,574.4,574.55,2962,
2016-12-05 13:53:00+05:30,574.55,574.75,574.55,574.7,377,
2016-12-05 13:54:00+05:30,574.75,574.75,574.75,574.75,431,
2016-12-05 13:55:00+05:30,574.75,575.2,574.75,575,7918,
2016-12-05 13:56:00+05:30,575,575.2,574.75,575,2421,
2016-12-05 13:57:00+05:30,575,575.35,574.75,575.1,5385,
2016-12-05 13:58:00+05:30,575.1,575.45,574.9,575,4371,
2016-12-05 13:59:00+05:30,575,575.3,574.8,574.85,5651,
2016-12-05 14:00:00+05:30,575,575.75,574.85,575,11486,
2016-12-05 14:01:00+05:30,575,575.15,574.65,574.95,7812,
2016-12-05 14:02:00+05:30,574.95,575.05,574.75,575,6503,
2016-12-05 14:03:00+05:30,575,575.35,574.7,574.7,13905,
2016-12-05 14:04:00+05:30,574.7,575.3,574.7,575.3,24449,
2016-12-05 14:05:00+05:30,575.3,575.3,575,575,34374,
2016-12-05 14:06:00+05:30,574.95,575,574.7,574.95,892,
2016-12-05 14:07:00+05:30,574.95,574.95,574.75,574.95,498,
2016-12-05 14:08:00+05:30,574.95,574.95,574.5,574.9,2721,
2016-12-05 14:09:00+05:30,574.9,575.25,574.9,575.15,1571,
2016-12-05 14:10:00+05:30,575.15,575.4,575.15,575.4,617,
2016-12-05 14:11:00+05:30,575.4,576,575.4,576,1362,
2016-12-05 14:12:00+05:30,576,576,575.1,575.4,1171,
2016-12-05 14:13:00+05:30,575.4,576,575.4,576,604,
2016-12-05 14:14:00+05:30,576,576,575.6,575.65,2130,
2016-12-05 14:15:00+05:30,575.65,576,575.65,576,2843,
2016-12-05 14:16:00+05:30,576,576,575.55,575.65,2947,
2016-12-05 14:17:00+05:30,575.65,576,575.55,575.65,407,
2016-12-05 14:18:00+05:30,575.65,576,575.55,576,1634,
2016-12-05 14:19:00+05:30,576,576,575.95,575.95,1657,
2016-12-05 14:20:00+05:30,576,576,575.8,576,958,
2016-12-05 14:21:00+05:30,576,576,575.8,576,957,
2016-12-05 14:22:00+05:30,576,576,575.8,575.95,1144,
2016-12-05 14:23:00+05:30,575.95,576,575.9,576,5324,
2016-12-05 14:24:00+05:30,576,576,575.6,575.6,14151,
2016-12-05 14:25:00+05:30,575.65,576,575.65,575.95,832,
2016-12-05 14:26:00+05:30,575.6,576,575.5,575.7,18171,
2016-12-05 14:27:00+05:30,575.7,575.95,575.1,575.4,1255,
2016-12-05 14:28:00+05:30,575.4,575.75,575.05,575.5,5232,
2016-12-05 14:29:00+05:30,575.5,575.75,575.4,575.75,1247,
2016-12-05 14:30:00+05:30,575.75,575.75,575.35,575.5,1450,
2016-12-05 14:31:00+05:30,575.5,575.75,574.85,574.85,3212,
2016-12-05 14:32:00+05:30,574.85,575.45,574.85,575.3,427,
2016-12-05 14:33:00+05:30,575.3,575.7,575.2,575.65,2962,
2016-12-05 14:34:00+05:30,575.65,575.75,575.65,575.75,340,
2016-12-05 14:35:00+05:30,575.75,575.95,575.55,575.75,582,
2016-12-05 14:36:00+05:30,575.75,575.75,575.25,575.25,437,
2016-12-05 14:37:00+05:30,575.25,575.6,575.05,575.05,431,
2016-12-05 14:38:00+05:30,575.05,575.6,574.75,574.9,1292,
2016-12-05 14:39:00+05:30,574.9,574.95,574.5,574.5,1380,
2016-12-05 14:40:00+05:30,574.5,574.5,574.1,574.4,1541,
2016-12-05 14:41:00+05:30,574.1,574.9,574.1,574.45,531,
2016-12-05 14:42:00+05:30,574.25,575,574.25,575,582,
2016-12-05 14:43:00+05:30,574.85,575.1,574.6,574.95,212,
2016-12-05 14:44:00+05:30,574.95,575,574.3,574.85,2023,
2016-12-05 14:45:00+05:30,574.85,574.9,574.4,574.8,259,
2016-12-05 14:46:00+05:30,574.8,574.8,574.1,574.1,916,
2016-12-05 14:47:00+05:30,574.1,575,574.1,574.95,2689,
2016-12-05 14:48:00+05:30,574.95,575,574.75,574.85,358,
2016-12-05 14:49:00+05:30,574.85,575,574.8,574.95,5497,
2016-12-05 14:50:00+05:30,574.95,575,574.55,574.95,513,
2016-12-05 14:51:00+05:30,575,575,574.85,574.95,798,
2016-12-05 14:52:00+05:30,574.95,574.95,574.65,574.85,352,
2016-12-05 14:53:00+05:30,574.85,575,574.6,574.95,1750,
2016-12-05 14:54:00+05:30,574.6,575,574.6,574.7,865,
2016-12-05 14:55:00+05:30,574.7,574.95,574.6,574.8,617,
2016-12-05 14:56:00+05:30,574.8,574.8,574.3,574.4,2282,
2016-12-05 14:57:00+05:30,574.4,574.4,574.3,574.3,1492,
2016-12-05 14:58:00+05:30,574.3,574.5,573.95,574,8373,
2016-12-05 14:59:00+05:30,574,574,573.65,574,304,
2016-12-05 15:00:00+05:30,573.8,574,573.05,573.05,9050,
2016-12-05 15:01:00+05:30,573.05,573.05,572.15,572.75,15936,
2016-12-05 15:02:00+05:30,572.75,573.65,572.05,573.4,7739,
2016-12-05 15:03:00+05:30,573.4,573.5,572.55,573.5,3984,
2016-12-05 15:04:00+05:30,573.5,573.5,573,573.15,3721,
2016-12-05 15:05:00+05:30,573.15,573.4,573,573.15,6021,
2016-12-05 15:06:00+05:30,573.15,573.4,573.1,573.2,1314,
2016-12-05 15:07:00+05:30,573.35,573.6,573,573.45,2938,
2016-12-05 15:08:00+05:30,573.45,573.5,573.2,573.2,2010,
2016-12-05 15:09:00+05:30,573.2,573.35,572.55,572.85,2948,
2016-12-05 15:10:00+05:30,573.05,573.1,572.55,572.6,6743,
2016-12-05 15:11:00+05:30,572.6,572.65,572.05,572.5,4198,
2016-12-05 15:12:00+05:30,572.5,573,572.5,572.85,4035,
2016-12-05 15:13:00+05:30,572.9,573,572.75,572.75,3425,
2016-12-05 15:14:00+05:30,572.75,573,572.5,572.55,3492,
2016-12-05 15:15:00+05:30,572.5,573.4,572.3,572.6,14205,
2016-12-05 15:16:00+05:30,572.75,573.5,572.7,573,10194,
2016-12-05 15:17:00+05:30,573,573,572.1,572.8,13218,
2016-12-05 15:18:00+05:30,572.8,573.2,572.4,572.9,3734,
2016-12-05 15:19:00+05:30,573.25,573.3,572.7,573.25,3038,
2016-12-05 15:20:00+05:30,573.25,573.25,572.8,573,13133,
2016-12-05 15:21:00+05:30,572.95,573,572.15,572.2,5719,
2016-12-05 15:22:00+05:30,572.4,572.95,572,572.6,11974,
2016-12-05 15:23:00+05:30,572.6,573.5,572.6,573.35,7171,
2016-12-05 15:24:00+05:30,573.35,574,573,573.4,4475,
2016-12-05 15:25:00+05:30,573.4,573.75,573.25,573.55,5603,
2016-12-05 15:26:00+05:30,573.5,573.75,573,573.45,6869,
2016-12-05 15:27:00+05:30,573.25,573.85,573,573.45,6152,
2016-12-05 15:28:00+05:30,573.8,574.35,573.25,574,7458,
2016-12-05 15:29:00+05:30,574,574.25,573.3,574,1702,
2016-12-06 09:15:00+05:30,573.4,574.8,572.3,573.9,8651,
2016-12-06 09:16:00+05:30,573.9,574,572,572.85,11917,
2016-12-06 09:17:00+05:30,572.8,572.8,571,571.65,14976,
2016-12-06 09:18:00+05:30,571.5,571.65,571,571.55,9001,
2016-12-06 09:19:00+05:30,571.55,572,571.5,572,3799,
2016-12-06 09:20:00+05:30,571.7,572,571.2,571.85,3980,
2016-12-06 09:21:00+05:30,571.85,572,571.55,571.9,3479,
2016-12-06 09:22:00+05:30,571.95,573.95,571.8,573.3,5819,
2016-12-06 09:23:00+05:30,573.3,574,573.1,574,3450,
2016-12-06 09:24:00+05:30,574,574.7,573.95,574.7,2734,
2016-12-06 09:25:00+05:30,574.7,575,573.85,573.95,3469,
2016-12-06 09:26:00+05:30,573.55,574.9,573.55,574.25,4196,
2016-12-06 09:27:00+05:30,574.25,574.25,573.6,573.85,1230,
2016-12-06 09:28:00+05:30,573.9,573.9,573.4,573.5,694,
2016-12-06 09:29:00+05:30,573.5,573.95,573.2,573.95,2008,
2016-12-06 09:30:00+05:30,573.95,573.95,573.5,573.9,853,
2016-12-06 09:31:00+05:30,573.9,574,573.2,573.2,4684,
2016-12-06 09:32:00+05:30,573.2,574.85,573,574.1,10632,
2016-12-06 09:33:00+05:30,574.2,575,574.2,574.95,5036,
2016-12-06 09:34:00+05:30,574.95,574.95,574.1,574.1,1285,
2016-12-06 09:35:00+05:30,574.5,574.85,574.45,574.8,1100,
2016-12-06 09:36:00+05:30,574.8,575.3,574.7,575.3,3011,
2016-12-06 09:37:00+05:30,575.3,577.5,575.3,577.5,11171,
2016-12-06 09:38:00+05:30,577.5,580.45,577.2,580.2,24008,
2016-12-06 09:39:00+05:30,580.2,580.4,578.75,578.75,6915,
2016-12-06 09:40:00+05:30,579,579.35,578.55,578.7,6226,
2016-12-06 09:41:00+05:30,578.75,580,578.2,579.9,8764,
2016-12-06 09:42:00+05:30,579.75,579.95,579,579,5164,
2016-12-06 09:43:00+05:30,579,579.5,579,579.4,5629,
2016-12-06 09:44:00+05:30,579.4,579.5,579,579.4,2420,
2016-12-06 09:45:00+05:30,579.4,579.4,578.6,578.6,742,
2016-12-06 09:46:00+05:30,578.75,578.75,578.05,578.2,2279,
2016-12-06 09:47:00+05:30,578.2,578.55,578,578.45,1212,
2016-12-06 09:48:00+05:30,578.45,578.8,578.3,578.5,583,
2016-12-06 09:49:00+05:30,578.5,579,578.45,578.8,1562,
2016-12-06 09:50:00+05:30,578.8,579,578.55,578.65,2019,
2016-12-06 09:51:00+05:30,579,579,578.65,578.7,1672,
2016-12-06 09:52:00+05:30,578.7,578.85,578.3,578.55,1223,
2016-12-06 09:53:00+05:30,578.55,578.65,578.2,578.5,1188,
2016-12-06 09:54:00+05:30,578.45,578.45,578,578,1282,
2016-12-06 09:55:00+05:30,577.75,578.45,577.75,578,1535,
2016-12-06 09:56:00+05:30,578,578,577.75,577.75,210,
2016-12-06 09:57:00+05:30,578,578,577.5,577.65,636,
2016-12-06 09:58:00+05:30,577.5,578.5,577.5,578.5,1953,
2016-12-06 09:59:00+05:30,578.5,578.5,578.3,578.5,286,
2016-12-06 10:00:00+05:30,578.3,578.5,578.2,578.3,931,
2016-12-06 10:01:00+05:30,578.3,578.5,578.05,578.05,1150,
2016-12-06 10:02:00+05:30,578.05,578.4,578,578,502,
2016-12-06 10:03:00+05:30,578,578.3,577.5,577.5,633,
2016-12-06 10:04:00+05:30,577.5,577.75,577.1,577.75,2460,
2016-12-06 10:05:00+05:30,577.75,577.95,577.6,577.95,159,
2016-12-06 10:06:00+05:30,577.95,578,577.6,577.9,563,
2016-12-06 10:07:00+05:30,577.9,578,577.3,577.8,1137,
2016-12-06 10:08:00+05:30,577.8,578,577.8,577.95,671,
2016-12-06 10:09:00+05:30,577.95,578,577.55,577.55,590,
2016-12-06 10:10:00+05:30,577.55,577.6,577.25,577.55,1507,
2016-12-06 10:11:00+05:30,577.25,577.55,577.05,577.2,1825,
2016-12-06 10:12:00+05:30,577.2,577.55,577.2,577.3,452,
2016-12-06 10:13:00+05:30,577.3,577.7,577.3,577.5,756,
2016-12-06 10:14:00+05:30,577.5,577.7,577.3,577.7,924,
2016-12-06 10:15:00+05:30,577.7,578,577.55,578,1075,
2016-12-06 10:16:00+05:30,577.85,578.25,577.75,578,686,
2016-12-06 10:17:00+05:30,578,578,577.85,577.9,424,
2016-12-06 10:18:00+05:30,577.9,577.9,577.85,577.9,257,
2016-12-06 10:19:00+05:30,577.9,578,577.85,578,1396,
2016-12-06 10:20:00+05:30,578,578,577.85,578,1513,
2016-12-06 10:21:00+05:30,577.8,577.95,577.3,577.85,1544,
2016-12-06 10:22:00+05:30,577.85,577.85,577.55,577.8,184,
2016-12-06 10:23:00+05:30,577.8,577.8,577.4,577.55,505,
2016-12-06 10:24:00+05:30,577.55,577.7,577.15,577.5,1139,
2016-12-06 10:25:00+05:30,577.55,577.55,577.25,577.4,280,
2016-12-06 10:26:00+05:30,577.4,577.4,577.3,577.3,449,
2016-12-06 10:27:00+05:30,577.3,577.35,576.5,576.6,3234,
2016-12-06 10:28:00+05:30,576.6,576.7,576.2,576.5,2263,
2016-12-06 10:29:00+05:30,576.5,576.75,576.4,576.55,1479,
2016-12-06 10:30:00+05:30,576.75,577.05,576.75,577.05,1138,
2016-12-06 10:31:00+05:30,577.05,577.05,576.85,576.9,76,
2016-12-06 10:32:00+05:30,576.9,576.9,576.6,576.9,373,
2016-12-06 10:33:00+05:30,576.9,577.25,576.55,576.65,767,
2016-12-06 10:34:00+05:30,576.65,576.65,576.25,576.25,243,
2016-12-06 10:35:00+05:30,576.25,576.6,576.25,576.55,203,
2016-12-06 10:36:00+05:30,576.55,576.7,576.2,576.25,720,
2016-12-06 10:37:00+05:30,576.25,576.6,576.2,576.6,880,
2016-12-06 10:38:00+05:30,576.6,576.75,576.25,576.4,294,
2016-12-06 10:39:00+05:30,576.4,576.7,576.35,576.7,123,
2016-12-06 10:40:00+05:30,576.7,576.7,576.45,576.45,422,
2016-12-06 10:41:00+05:30,576.45,576.5,576.35,576.35,111,
2016-12-06 10:42:00+05:30,576.25,576.65,576.25,576.65,1606,
2016-12-06 10:43:00+05:30,576.65,576.65,575.8,575.8,3088,
2016-12-06 10:44:00+05:30,575.8,575.9,575.6,575.7,982,
2016-12-06 10:45:00+05:30,575.7,575.7,575,575.35,2871,
2016-12-06 10:46:00+05:30,575.35,575.45,575,575.35,668,
2016-12-06 10:47:00+05:30,575.25,576.75,575.25,576.45,1489,
2016-12-06 10:48:00+05:30,576.45,576.5,575.85,576.05,481,
2016-12-06 10:49:00+05:30,576.05,576.05,575.8,576,165,
2016-12-06 10:50:00+05:30,576,576.35,575.8,576.2,1449,
2016-12-06 10:51:00+05:30,575.85,576.4,575.85,576.4,133,
2016-12-06 10:52:00+05:30,576.4,576.55,576.35,576.5,361,
2016-12-06 10:53:00+05:30,576.5,576.65,576.2,576.5,404,
2016-12-06 10:54:00+05:30,576.5,576.5,576.2,576.2,143,
2016-12-06 10:55:00+05:30,576.2,576.45,576.1,576.45,349,
2016-12-06 10:56:00+05:30,576.45,576.75,576,576.1,2303,
2016-12-06 10:57:00+05:30,576.6,576.65,576,576.3,1447,
2016-12-06 10:58:00+05:30,576.3,576.3,576.25,576.3,667,
2016-12-06 10:59:00+05:30,576.3,576.35,576.2,576.35,962,
2016-12-06 11:00:00+05:30,576.35,576.65,576.35,576.65,234,
2016-12-06 11:01:00+05:30,576.65,576.65,576.2,576.25,530,
2016-12-06 11:02:00+05:30,576.25,576.25,576.05,576.15,167,
2016-12-06 11:03:00+05:30,576.15,576.25,575.95,576,1762,
2016-12-06 11:04:00+05:30,575.95,576,575.65,576,2212,
2016-12-06 11:05:00+05:30,576,576,575.95,576,708,
2016-12-06 11:06:00+05:30,576,576.2,575.4,575.5,3839,
2016-12-06 11:07:00+05:30,575.55,575.8,575.15,575.75,1179,
2016-12-06 11:08:00+05:30,575.75,576,575.35,576,1204,
2016-12-06 11:09:00+05:30,576,576,575.95,576,107,
2016-12-06 11:10:00+05:30,576,576,575.75,575.85,600,
2016-12-06 11:11:00+05:30,575.85,576,575.75,575.8,321,
2016-12-06 11:12:00+05:30,575.85,576.2,575,575.4,3013,
2016-12-06 11:13:00+05:30,575.15,575.7,575.15,575.4,473,
2016-12-06 11:14:00+05:30,575.4,575.4,574.95,574.95,2984,
2016-12-06 11:15:00+05:30,574.95,575.1,574.65,574.7,822,
2016-12-06 11:16:00+05:30,574.7,575,574.7,574.75,228,
2016-12-06 11:17:00+05:30,574.75,575.45,574.75,575.45,2172,
2016-12-06 11:18:00+05:30,575.45,576.2,575.35,576.1,404,
2016-12-06 11:19:00+05:30,576.1,576.1,575.3,575.4,310,
2016-12-06 11:20:00+05:30,575.4,575.45,574.85,575.15,1983,
2016-12-06 11:21:00+05:30,575.15,575.15,575.05,575.1,114,
2016-12-06 11:22:00+05:30,575.1,575.1,574.75,574.95,749,
2016-12-06 11:23:00+05:30,574.85,574.85,574.75,574.8,286,
2016-12-06 11:24:00+05:30,575.15,575.3,574.9,575.3,2079,
2016-12-06 11:25:00+05:30,575,575.25,574.8,575.1,1894,
2016-12-06 11:26:00+05:30,575.1,575.1,574.9,574.95,560,
2016-12-06 11:27:00+05:30,575,575,574.9,575,880,
2016-12-06 11:28:00+05:30,575,575.2,574.95,575.1,852,
2016-12-06 11:29:00+05:30,575.1,575.1,574.9,575,266,
2016-12-06 11:30:00+05:30,574.9,575.05,574.85,575,1003,
2016-12-06 11:31:00+05:30,575,575.3,574.75,575.3,2337,
2016-12-06 11:32:00+05:30,575.3,575.95,575,575,10562,
2016-12-06 11:33:00+05:30,575,575,574.1,574.9,8125,
2016-12-06 11:34:00+05:30,574.9,575.5,574.7,574.95,4044,
2016-12-06 11:35:00+05:30,574.95,575.9,574.5,574.5,4051,
2016-12-06 11:36:00+05:30,574.4,575.5,574.1,575.5,5194,
2016-12-06 11:37:00+05:30,575.5,575.7,575.05,575.3,1677,
2016-12-06 11:38:00+05:30,575.3,575.3,574.25,574.95,4117,
2016-12-06 11:39:00+05:30,575,575.65,575,575.3,5409,
2016-12-06 11:40:00+05:30,575.3,575.75,574.9,574.9,1456,
2016-12-06 11:41:00+05:30,575,575,574.35,574.35,2667,
2016-12-06 11:42:00+05:30,574.35,574.35,574.2,574.2,1624,
2016-12-06 11:43:00+05:30,574.3,574.35,574.2,574.35,863,
2016-12-06 11:44:00+05:30,574.3,574.6,574.3,574.35,248,
2016-12-06 11:45:00+05:30,574.35,574.85,574.35,574.85,1782,
2016-12-06 11:46:00+05:30,574.85,574.85,574.55,574.7,714,
2016-12-06 11:47:00+05:30,574.8,574.8,574.55,574.7,563,
2016-12-06 11:48:00+05:30,574.7,574.7,574.55,574.65,841,
2016-12-06 11:49:00+05:30,574.65,574.8,574.5,574.8,918,
2016-12-06 11:50:00+05:30,574.8,574.8,574.6,574.6,242,
2016-12-06 11:51:00+05:30,574.6,574.8,574.6,574.75,1218,
2016-12-06 11:52:00+05:30,574.75,574.8,574.6,574.7,357,
2016-12-06 11:53:00+05:30,574.7,574.75,574.5,574.75,483,
2016-12-06 11:54:00+05:30,574.75,574.8,574.75,574.75,579,
2016-12-06 11:55:00+05:30,574.8,574.8,574.6,574.8,634,
2016-12-06 11:56:00+05:30,574.8,574.85,574.6,574.85,501,
2016-12-06 11:57:00+05:30,574.85,575.3,574.85,575.3,673,
2016-12-06 11:58:00+05:30,575.2,576.25,575.2,576.2,4194,
2016-12-06 11:59:00+05:30,576.25,576.25,576,576,6331,
2016-12-06 12:00:00+05:30,576,576.8,576,576.8,6479,
2016-12-06 12:01:00+05:30,576.8,577,576,576.4,8913,
2016-12-06 12:02:00+05:30,576.4,577.75,576.4,577.4,22422,
2016-12-06 12:03:00+05:30,577.5,578.5,577.5,578.25,5415,
2016-12-06 12:04:00+05:30,578.25,578.25,577.85,578.15,3303,
2016-12-06 12:05:00+05:30,578.15,578.15,577.15,578.15,20624,
2016-12-06 12:06:00+05:30,578.15,578.3,577.6,577.7,10959,
2016-12-06 12:07:00+05:30,577.7,578,577.5,577.5,7097,
2016-12-06 12:08:00+05:30,577.5,577.5,576.95,577,9165,
2016-12-06 12:09:00+05:30,576.85,577,576.6,577,1325,
2016-12-06 12:10:00+05:30,576.7,577,576.05,576.15,5053,
2016-12-06 12:11:00+05:30,576,576,575.65,575.95,2436,
2016-12-06 12:12:00+05:30,575.95,576.75,575.55,576.3,5407,
2016-12-06 12:13:00+05:30,576,576,575.05,575.3,4406,
2016-12-06 12:14:00+05:30,575.5,576.35,575.35,576.35,3095,
2016-12-06 12:15:00+05:30,576.35,576.55,576.15,576.4,681,
2016-12-06 12:16:00+05:30,576.4,576.5,576.15,576.35,233,
2016-12-06 12:17:00+05:30,576.15,576.4,576.05,576.05,345,
2016-12-06 12:18:00+05:30,576.15,576.15,575.65,576,272,
2016-12-06 12:19:00+05:30,576,576.15,575.6,575.8,437,
2016-12-06 12:20:00+05:30,576,576.1,575.6,575.85,387,
2016-12-06 12:21:00+05:30,576.1,576.15,575.8,576,1881,
2016-12-06 12:22:00+05:30,576,576.1,575.5,576,983,
2016-12-06 12:23:00+05:30,576,576,575.55,575.6,250,
2016-12-06 12:24:00+05:30,575.6,575.8,575.55,575.55,214,
2016-12-06 12:25:00+05:30,575.55,576,575.5,576,1402,
2016-12-06 12:26:00+05:30,576,576.15,575.75,576.15,781,
2016-12-06 12:27:00+05:30,576.15,576.15,575.9,575.9,406,
2016-12-06 12:28:00+05:30,575.9,576.15,575.9,576,397,
2016-12-06 12:29:00+05:30,576,576.15,575.8,575.8,569,
2016-12-06 12:30:00+05:30,575.95,576,575.6,575.9,455,
2016-12-06 12:31:00+05:30,575.9,575.9,575.5,575.65,293,
2016-12-06 12:32:00+05:30,575.65,575.7,575.5,575.65,275,
2016-12-06 12:33:00+05:30,575.65,575.75,574.85,575.25,3985,
2016-12-06 12:34:00+05:30,575.1,575.35,574.5,575,2484,
2016-12-06 12:35:00+05:30,575.35,575.35,574.75,574.75,1132,
2016-12-06 12:36:00+05:30,574.8,575.1,574.75,574.75,536,
2016-12-06 12:37:00+05:30,574.75,575.35,574.75,575.25,747,
2016-12-06 12:38:00+05:30,575.35,575.4,574.85,574.9,353,
2016-12-06 12:39:00+05:30,575,575.4,575,575.05,519,
2016-12-06 12:40:00+05:30,575.05,575.3,575.05,575.1,226,
2016-12-06 12:41:00+05:30,575.1,575.25,575.05,575.15,181,
2016-12-06 12:42:00+05:30,575.15,575.2,575,575.2,1052,
2016-12-06 12:43:00+05:30,575.2,575.4,575.1,575.3,477,
2016-12-06 12:44:00+05:30,575.3,575.9,575.1,575.9,1282,
2016-12-06 12:45:00+05:30,575.95,576.7,575.95,576.5,5241,
2016-12-06 12:46:00+05:30,576.65,576.7,575.2,575.35,2005,
2016-12-06 12:47:00+05:30,575.35,575.9,575,575,2873,
2016-12-06 12:48:00+05:30,574.95,575,574.4,575,1645,
2016-12-06 12:49:00+05:30,575,576,574.6,574.9,2263,
2016-12-06 12:50:00+05:30,574.9,575.6,574.6,575.4,2188,
2016-12-06 12:51:00+05:30,575.6,575.75,574.7,574.8,3911,
2016-12-06 12:52:00+05:30,574.8,574.8,574.25,574.45,3630,
2016-12-06 12:53:00+05:30,574.45,574.5,574.2,574.25,714,
2016-12-06 12:54:00+05:30,574.5,574.55,574.1,574.2,1260,
2016-12-06 12:55:00+05:30,574.2,574.55,574.2,574.2,425,
2016-12-06 12:56:00+05:30,574.35,574.65,574.2,574.3,647,
2016-12-06 12:57:00+05:30,574.3,574.65,574.3,574.3,485,
2016-12-06 12:58:00+05:30,574.3,574.65,574.3,574.5,260,
2016-12-06 12:59:00+05:30,574.5,574.7,574.5,574.7,537,
2016-12-06 13:00:00+05:30,574.65,574.8,574.6,574.75,1014,
2016-12-06 13:01:00+05:30,574.75,574.75,574,574,2736,
2016-12-06 13:02:00+05:30,574.15,574.35,574,574.35,542,
2016-12-06 13:03:00+05:30,574.35,574.35,574,574,4838,
2016-12-06 13:04:00+05:30,574,575.2,573.8,575.2,9100,
2016-12-06 13:05:00+05:30,574.8,575.9,574.3,574.35,4612,
2016-12-06 13:06:00+05:30,574.3,574.65,574.3,574.55,541,
2016-12-06 13:07:00+05:30,574.55,574.85,574.55,574.55,189,
2016-12-06 13:08:00+05:30,574.55,574.8,574.4,574.6,306,
2016-12-06 13:09:00+05:30,574.6,574.7,574.1,574.1,1212,
2016-12-06 13:10:00+05:30,574.1,574.4,574.1,574.25,488,
2016-12-06 13:11:00+05:30,574.25,574.5,574.15,574.15,425,
2016-12-06 13:12:00+05:30,574.15,574.5,574.15,574.3,351,
2016-12-06 13:13:00+05:30,574.3,574.5,574.25,574.5,689,
2016-12-06 13:14:00+05:30,574.5,574.5,574.25,574.4,582,
2016-12-06 13:15:00+05:30,574.4,575,574.25,574.3,1802,
2016-12-06 13:16:00+05:30,574.5,574.5,574.2,574.2,339,
2016-12-06 13:17:00+05:30,574.2,574.4,574,574,698,
2016-12-06 13:18:00+05:30,574,574.15,573.75,574.1,2510,
2016-12-06 13:19:00+05:30,574.15,574.8,574.1,574.15,1478,
2016-12-06 13:20:00+05:30,574.15,574.3,574,574,164,
2016-12-06 13:21:00+05:30,574.2,574.5,574.05,574.3,300,
2016-12-06 13:22:00+05:30,574.3,574.7,574.3,574.7,426,
2016-12-06 13:23:00+05:30,574.7,574.7,574.3,574.45,436,
2016-12-06 13:24:00+05:30,574.45,574.55,574.3,574.5,532,
2016-12-06 13:25:00+05:30,574.5,574.5,574.2,574.5,418,
2016-12-06 13:26:00+05:30,574.5,574.5,574.2,574.25,195,
2016-12-06 13:27:00+05:30,574.25,574.5,574.25,574.5,946,
2016-12-06 13:28:00+05:30,574.5,574.55,574.25,574.5,410,
2016-12-06 13:29:00+05:30,574.5,574.5,574.25,574.3,288,
2016-12-06 13:30:00+05:30,574.3,574.5,574.15,574.4,353,
2016-12-06 13:31:00+05:30,574.4,574.7,574.1,574.1,737,
2016-12-06 13:32:00+05:30,574.1,574.5,574.1,574.3,573,
2016-12-06 13:33:00+05:30,574.25,574.65,574.25,574.5,664,
2016-12-06 13:34:00+05:30,574.5,574.65,574.4,574.4,441,
2016-12-06 13:35:00+05:30,574.4,574.7,574.4,574.45,6579,
2016-12-06 13:36:00+05:30,574.45,574.5,574.45,574.5,1049,
2016-12-06 13:37:00+05:30,574.5,574.55,574.4,574.45,718,
2016-12-06 13:38:00+05:30,574.5,574.5,574.45,574.45,389,
2016-12-06 13:39:00+05:30,574.45,574.55,574.45,574.45,509,
2016-12-06 13:40:00+05:30,574.45,574.75,574.45,574.75,766,
2016-12-06 13:41:00+05:30,574.75,574.75,574.25,574.25,1083,
2016-12-06 13:42:00+05:30,574.45,574.5,574.2,574.2,268,
2016-12-06 13:43:00+05:30,574.2,574.75,574.2,574.5,1012,
2016-12-06 13:44:00+05:30,574.5,574.95,574.4,574.4,1298,
2016-12-06 13:45:00+05:30,574.45,574.5,574.4,574.4,386,
2016-12-06 13:46:00+05:30,574.4,574.5,574.35,574.35,301,
2016-12-06 13:47:00+05:30,574.35,574.55,574.35,574.4,441,
2016-12-06 13:48:00+05:30,574.4,574.6,574.4,574.4,3615,
2016-12-06 13:49:00+05:30,574.4,575,574.4,574.45,1073,
2016-12-06 13:50:00+05:30,574.45,574.7,574.45,574.7,557,
2016-12-06 13:51:00+05:30,574.7,574.75,574.45,574.5,479,
2016-12-06 13:52:00+05:30,574.45,574.9,574.4,574.4,1940,
2016-12-06 13:53:00+05:30,574.4,574.85,574.4,574.85,533,
2016-12-06 13:54:00+05:30,574.85,575.2,574.8,574.8,771,
2016-12-06 13:55:00+05:30,574.8,575.5,574.8,575.2,827,
2016-12-06 13:56:00+05:30,575.2,575.45,575.2,575.2,761,
2016-12-06 13:57:00+05:30,575.2,575.4,575.15,575.15,414,
2016-12-06 13:58:00+05:30,575.15,575.3,575.05,575.05,709,
2016-12-06 13:59:00+05:30,575.15,575.15,574.65,574.7,984,
2016-12-06 14:00:00+05:30,574.7,575,574.7,575,917,
2016-12-06 14:01:00+05:30,575,575,574.75,574.75,314,
2016-12-06 14:02:00+05:30,574.75,575,574.75,574.95,207,
2016-12-06 14:03:00+05:30,574.95,575,574.85,575,581,
2016-12-06 14:04:00+05:30,575,575,574.9,574.95,439,
2016-12-06 14:05:00+05:30,574.95,574.95,574.85,574.85,271,
2016-12-06 14:06:00+05:30,574.85,574.95,574.8,574.8,401,
2016-12-06 14:07:00+05:30,574.8,574.95,574.65,574.7,1040,
2016-12-06 14:08:00+05:30,574.7,575,574.7,575,3587,
2016-12-06 14:09:00+05:30,575,575,574.9,574.9,4548,
2016-12-06 14:10:00+05:30,574.9,575,574.9,574.9,2253,
2016-12-06 14:11:00+05:30,574.9,575.05,574.8,574.9,2698,
2016-12-06 14:12:00+05:30,574.9,575.5,574.9,575,4691,
2016-12-06 14:13:00+05:30,575,575.05,574.9,575,2134,
2016-12-06 14:14:00+05:30,575,575,574.9,575,941,
2016-12-06 14:15:00+05:30,575,575.2,574.95,575,712,
2016-12-06 14:16:00+05:30,575,575.25,574.95,575.25,1360,
2016-12-06 14:17:00+05:30,575.25,575.55,575.15,575.15,829,
2016-12-06 14:18:00+05:30,575.15,575.25,575,575,1381,
2016-12-06 14:19:00+05:30,575,575.1,574.9,575,581,
2016-12-06 14:20:00+05:30,575,575,574.8,574.8,903,
2016-12-06 14:21:00+05:30,574.9,575,574.85,574.85,422,
2016-12-06 14:22:00+05:30,574.85,575,574.6,574.85,1038,
2016-12-06 14:23:00+05:30,574.85,574.85,574.5,574.55,255,
2016-12-06 14:24:00+05:30,574.55,575.3,574.55,575.15,432,
2016-12-06 14:25:00+05:30,575.15,575.5,574.75,574.75,927,
2016-12-06 14:26:00+05:30,574.75,575,574.75,574.75,614,
2016-12-06 14:27:00+05:30,574.75,575,574.75,574.8,212,
2016-12-06 14:28:00+05:30,574.8,575.45,574.8,575.45,620,
2016-12-06 14:29:00+05:30,575.05,575.4,575,575.1,1090,
2016-12-06 14:30:00+05:30,575.1,575.25,575,575,1033,
2016-12-06 14:31:00+05:30,575,575.25,575,575,415,
2016-12-06 14:32:00+05:30,575,575.1,574.9,574.9,687,
2016-12-06 14:33:00+05:30,574.9,575.4,574.9,574.95,777,
2016-12-06 14:34:00+05:30,574.95,575.45,574.95,575.05,931,
2016-12-06 14:35:00+05:30,575.05,575.15,575,575,668,
2016-12-06 14:36:00+05:30,575,575.2,574.9,574.9,837,
2016-12-06 14:37:00+05:30,574.9,575,574.85,574.95,507,
2016-12-06 14:38:00+05:30,574.95,575.6,574.95,575.1,3091,
2016-12-06 14:39:00+05:30,575.1,575.4,575,575.05,1266,
2016-12-06 14:40:00+05:30,575.05,575.4,575,575.15,436,
2016-12-06 14:41:00+05:30,575.15,575.25,575.05,575.05,622,
2016-12-06 14:42:00+05:30,575.05,575.65,574.65,574.8,4945,
2016-12-06 14:43:00+05:30,574.8,575.65,574.7,575.65,3303,
2016-12-06 14:44:00+05:30,575.2,575.5,574.8,575,2047,
2016-12-06 14:45:00+05:30,574.75,574.75,574.55,574.55,356,
2016-12-06 14:46:00+05:30,574.55,575,574.55,574.75,2957,
2016-12-06 14:47:00+05:30,574.75,574.95,574.45,574.45,1608,
2016-12-06 14:48:00+05:30,574.3,574.6,573.2,574.6,5045,
2016-12-06 14:49:00+05:30,574.6,575,574.5,574.55,1311,
2016-12-06 14:50:00+05:30,574.55,575,574.55,575,833,
2016-12-06 14:51:00+05:30,574.8,575,574.75,575,987,
2016-12-06 14:52:00+05:30,575,575.6,574.7,574.8,1716,
2016-12-06 14:53:00+05:30,574.8,575.4,574.75,574.95,502,
2016-12-06 14:54:00+05:30,574.95,575.35,574.75,575,801,
2016-12-06 14:55:00+05:30,575,575.4,574.9,575,2034,
2016-12-06 14:56:00+05:30,575,575,574.15,574.75,1147,
2016-12-06 14:57:00+05:30,574.75,575,574.6,575,556,
2016-12-06 14:58:00+05:30,575,575,574.65,574.7,227,
2016-12-06 14:59:00+05:30,574.7,575,574.7,574.9,2227,
2016-12-06 15:00:00+05:30,574.9,575,574.85,575,1973,
2016-12-06 15:01:00+05:30,575,575,574.7,574.75,1247,
2016-12-06 15:02:00+05:30,574.75,574.9,574.55,574.55,1567,
2016-12-06 15:03:00+05:30,574.65,575.1,574.6,575,2285,
2016-12-06 15:04:00+05:30,575,575.1,574.85,575,3560,
2016-12-06 15:05:00+05:30,574.85,575,574.75,574.95,4320,
2016-12-06 15:06:00+05:30,574.75,575.1,574.6,574.65,2131,
2016-12-06 15:07:00+05:30,574.9,575,574.6,575,854,
2016-12-06 15:08:00+05:30,575,575,574.6,574.8,3712,
2016-12-06 15:09:00+05:30,574.8,575.25,574.8,575.05,3283,
2016-12-06 15:10:00+05:30,575.05,575.1,574.85,574.85,2004,
2016-12-06 15:11:00+05:30,574.85,574.9,574.55,574.9,1910,
2016-12-06 15:12:00+05:30,574.9,575,574.1,574.8,4529,
2016-12-06 15:13:00+05:30,574.8,575.85,574.3,575.3,8230,
2016-12-06 15:14:00+05:30,575.3,575.7,575,575.1,3239,
2016-12-06 15:15:00+05:30,575,575.5,574.15,575,8061,
2016-12-06 15:16:00+05:30,575,575.4,574.25,574.4,5544,
2016-12-06 15:17:00+05:30,574.4,574.9,574.35,574.5,2344,
2016-12-06 15:18:00+05:30,574.5,575,574.4,574.85,4484,
2016-12-06 15:19:00+05:30,574.85,574.85,574.4,574.5,2916,
2016-12-06 15:20:00+05:30,574.85,574.85,574.1,574.1,5254,
2016-12-06 15:21:00+05:30,574.1,575,574.1,574.9,5580,
2016-12-06 15:22:00+05:30,574.6,574.85,574.6,574.7,2428,
2016-12-06 15:23:00+05:30,574.6,574.65,574.45,574.45,2540,
2016-12-06 15:24:00+05:30,574.45,574.8,574.35,574.7,1850,
2016-12-06 15:25:00+05:30,574.75,575,574.75,574.95,4092,
2016-12-06 15:26:00+05:30,574.95,575.2,574.95,575,3973,
2016-12-06 15:27:00+05:30,575,575.2,574.75,575,4596,
2016-12-06 15:28:00+05:30,575,575.4,575,575.4,3241,
2016-12-06 15:29:00+05:30,575.4,575.9,575.35,575.9,2694,
2016-12-07 09:15:00+05:30,577.4,577.45,575.95,576.25,4141,
2016-12-07 09:16:00+05:30,576.25,576.45,575.95,576.3,3847,
2016-12-07 09:17:00+05:30,576.3,577.6,575.4,577.45,4187,
2016-12-07 09:18:00+05:30,577.25,577.6,577.1,577.1,4525,
2016-12-07 09:19:00+05:30,577,577.3,576.3,577.1,3461,
2016-12-07 09:20:00+05:30,577.1,577.1,576.5,576.7,2532,
2016-12-07 09:21:00+05:30,576.7,576.7,575.45,575.45,2900,
2016-12-07 09:22:00+05:30,575.45,575.7,575.05,575.7,2276,
2016-12-07 09:23:00+05:30,575.7,575.75,575.05,575.6,954,
2016-12-07 09:24:00+05:30,575.6,575.6,575.25,575.25,425,
2016-12-07 09:25:00+05:30,575.25,575.5,575.05,575.4,612,
2016-12-07 09:26:00+05:30,575.65,575.8,575.2,575.35,1589,
2016-12-07 09:27:00+05:30,575.35,575.35,575,575.35,2784,
2016-12-07 09:28:00+05:30,575.4,576,575.3,575.3,795,
2016-12-07 09:29:00+05:30,575.3,575.9,575.3,575.55,470,
2016-12-07 09:30:00+05:30,575.55,575.9,575.2,575.85,1414,
2016-12-07 09:31:00+05:30,575.85,575.9,575.15,575.2,4116,
2016-12-07 09:32:00+05:30,575.2,575.2,575,575.2,2667,
2016-12-07 09:33:00+05:30,575.2,575.2,574.65,574.7,2494,
2016-12-07 09:34:00+05:30,574.6,575.05,574.45,574.55,1943,
2016-12-07 09:35:00+05:30,574.55,574.75,573.65,574.3,4401,
2016-12-07 09:36:00+05:30,574.3,574.3,574.05,574.25,607,
2016-12-07 09:37:00+05:30,574.3,574.45,574.1,574.2,1053,
2016-12-07 09:38:00+05:30,574.2,574.5,574.15,574.15,1201,
2016-12-07 09:39:00+05:30,574.15,574.6,573.75,574,1036,
2016-12-07 09:40:00+05:30,574,574.6,573.9,574.3,1730,
2016-12-07 09:41:00+05:30,574.75,574.75,574.2,574.25,1383,
2016-12-07 09:42:00+05:30,574.25,575,574.25,575,1899,
2016-12-07 09:43:00+05:30,575,575.15,574.5,574.5,611,
2016-12-07 09:44:00+05:30,574.6,574.8,574.3,574.45,1811,
2016-12-07 09:45:00+05:30,574.45,574.8,574,574.5,334,
2016-12-07 09:46:00+05:30,574.5,574.8,574.5,574.75,709,
2016-12-07 09:47:00+05:30,574.75,574.95,574.1,574.5,1436,
2016-12-07 09:48:00+05:30,574.5,574.5,573.7,573.7,1287,
2016-12-07 09:49:00+05:30,573.65,574,573.5,574,4538,
2016-12-07 09:50:00+05:30,574.35,574.4,574.05,574.35,654,
2016-12-07 09:51:00+05:30,574.35,574.4,573.75,574,11610,
2016-12-07 09:52:00+05:30,574,574.25,573.85,574.25,9775,
2016-12-07 09:53:00+05:30,574,574.25,574,574.25,901,
2016-12-07 09:54:00+05:30,574,574.85,574,574.25,3144,
2016-12-07 09:55:00+05:30,574.25,574.85,574.25,574.85,222,
2016-12-07 09:56:00+05:30,574.85,574.85,574.55,574.85,193,
2016-12-07 09:57:00+05:30,574.85,574.85,574.55,574.55,296,
2016-12-07 09:58:00+05:30,574.85,574.9,574.8,574.9,1228,
2016-12-07 09:59:00+05:30,574.9,576.85,574.9,576.85,3154,
2016-12-07 10:00:00+05:30,576.7,576.9,576,576.25,3564,
2016-12-07 10:01:00+05:30,576.25,577,576,576.75,1714,
2016-12-07 10:02:00+05:30,576.75,577,576.3,576.95,1171,
2016-12-07 10:03:00+05:30,576.95,576.95,576.65,576.65,1174,
2016-12-07 10:04:00+05:30,576.8,577.45,576.6,577.3,7544,
2016-12-07 10:05:00+05:30,577.3,577.3,576.5,576.5,4360,
2016-12-07 10:06:00+05:30,576.5,576.5,575.2,576,5716,
2016-12-07 10:07:00+05:30,576,577.4,576,576.55,2408,
2016-12-07 10:08:00+05:30,576.85,576.85,576,576.1,1376,
2016-12-07 10:09:00+05:30,576.1,576.1,575.55,575.95,773,
2016-12-07 10:10:00+05:30,575.95,575.95,575.6,575.6,300,
2016-12-07 10:11:00+05:30,575.6,575.6,575.3,575.3,307,
2016-12-07 10:12:00+05:30,575.3,575.65,575.25,575.55,836,
2016-12-07 10:13:00+05:30,575.55,575.75,575.2,575.5,751,
2016-12-07 10:14:00+05:30,575.5,575.5,575.3,575.3,59,
2016-12-07 10:15:00+05:30,575.3,575.85,575.1,575.85,878,
2016-12-07 10:16:00+05:30,575.85,575.85,574.5,575.5,3605,
2016-12-07 10:17:00+05:30,575.5,576.55,575.5,575.95,6210,
2016-12-07 10:18:00+05:30,575.95,576,574.8,575,4164,
2016-12-07 10:19:00+05:30,575,575.3,574.75,575.3,1647,
2016-12-07 10:20:00+05:30,575.3,576.3,575.3,576.05,6848,
2016-12-07 10:21:00+05:30,576.15,576.3,575,575,3288,
2016-12-07 10:22:00+05:30,575,575.3,574.8,575.25,7332,
2016-12-07 10:23:00+05:30,574.95,575.4,574.85,575.3,3160,
2016-12-07 10:24:00+05:30,575.05,575.65,575.05,575.35,1156,
2016-12-07 10:25:00+05:30,575.35,575.5,575.25,575.45,374,
2016-12-07 10:26:00+05:30,575.45,575.5,575.4,575.5,176,
2016-12-07 10:27:00+05:30,575.5,575.5,575,575,432,
2016-12-07 10:28:00+05:30,575,575.3,575,575.3,546,
2016-12-07 10:29:00+05:30,575.3,575.3,575.05,575.3,258,
2016-12-07 10:30:00+05:30,575.3,575.3,575.05,575.1,324,
2016-12-07 10:31:00+05:30,575.1,575.35,575,575.05,676,
2016-12-07 10:32:00+05:30,575.05,575.05,574.8,574.9,355,
2016-12-07 10:33:00+05:30,574.9,575,574.75,575,412,
2016-12-07 10:34:00+05:30,575,575.2,575,575.05,3595,
2016-12-07 10:35:00+05:30,575,576.35,575,576.35,4134,
2016-12-07 10:36:00+05:30,576.45,576.8,576.05,576.6,6988,
2016-12-07 10:37:00+05:30,576.6,576.6,575.5,575.5,2729,
2016-12-07 10:38:00+05:30,575.5,575.5,574.6,574.8,5941,
2016-12-07 10:39:00+05:30,574.8,575.25,574.55,574.9,5508,
2016-12-07 10:40:00+05:30,574.9,575.35,574.9,575.35,1895,
2016-12-07 10:41:00+05:30,575.35,575.35,575.05,575.15,777,
2016-12-07 10:42:00+05:30,575.15,575.5,575.15,575.45,1148,
2016-12-07 10:43:00+05:30,575.45,575.6,575.15,575.5,878,
2016-12-07 10:44:00+05:30,575.5,575.75,575.5,575.6,6212,
2016-12-07 10:45:00+05:30,575.6,575.95,575.6,575.8,677,
2016-12-07 10:46:00+05:30,575.8,575.95,575.65,575.95,1806,
2016-12-07 10:47:00+05:30,575.85,575.95,575.5,575.5,632,
2016-12-07 10:48:00+05:30,575.45,575.6,575.15,575.2,492,
2016-12-07 10:49:00+05:30,575.2,576.3,575.2,576,5447,
2016-12-07 10:50:00+05:30,576,576.3,576,576.1,1590,
2016-12-07 10:51:00+05:30,576.1,576.25,576,576.25,275,
2016-12-07 10:52:00+05:30,576.25,576.3,576,576,535,
2016-12-07 10:53:00+05:30,576,576,575.5,575.75,456,
2016-12-07 10:54:00+05:30,575.55,575.75,575.55,575.75,51,
2016-12-07 10:55:00+05:30,575.75,576,575.2,575.2,490,
2016-12-07 10:56:00+05:30,575.2,575.7,575.2,575.7,214,
2016-12-07 10:57:00+05:30,575.7,575.8,575.65,575.75,319,
2016-12-07 10:58:00+05:30,575.8,576.1,575.75,575.75,310,
2016-12-07 10:59:00+05:30,575.75,575.75,575.75,575.75,128,
2016-12-07 11:00:00+05:30,575.75,576.1,575.75,575.9,415,
2016-12-07 11:01:00+05:30,576,576.5,575.9,576.5,3897,
2016-12-07 11:02:00+05:30,576.5,576.8,576.5,576.8,1048,
2016-12-07 11:03:00+05:30,576.5,576.8,576.5,576.8,653,
2016-12-07 11:04:00+05:30,576.8,576.8,576.65,576.65,121,
2016-12-07 11:05:00+05:30,576.65,576.7,576.5,576.65,611,
2016-12-07 11:06:00+05:30,576.65,577,576.5,576.95,2344,
2016-12-07 11:07:00+05:30,576.95,577.25,576.95,577,1147,
2016-12-07 11:08:00+05:30,577.25,577.25,576.55,576.55,894,
2016-12-07 11:09:00+05:30,576.55,576.8,576.5,576.5,1566,
2016-12-07 11:10:00+05:30,576.5,576.5,576.5,576.5,265,
2016-12-07 11:11:00+05:30,576.5,576.75,576.5,576.75,407,
2016-12-07 11:12:00+05:30,576.75,576.85,576.75,576.85,26,
2016-12-07 11:13:00+05:30,576.85,576.85,576.5,576.85,270,
2016-12-07 11:14:00+05:30,576.85,576.85,576.5,576.8,725,
2016-12-07 11:15:00+05:30,576.8,576.8,576.55,576.55,82,
2016-12-07 11:16:00+05:30,576.55,576.75,576.55,576.75,285,
2016-12-07 11:17:00+05:30,576.85,576.85,576.7,576.75,600,
2016-12-07 11:18:00+05:30,576.75,576.8,576.5,576.5,1063,
2016-12-07 11:19:00+05:30,576.5,576.85,576.5,576.65,235,
2016-12-07 11:20:00+05:30,576.65,576.65,576.35,576.5,3056,
2016-12-07 11:21:00+05:30,576.5,576.5,576.5,576.5,13298,
2016-12-07 11:22:00+05:30,576.5,576.5,576,576,20362,
2016-12-07 11:23:00+05:30,576,576,576,576,0,
2016-12-07 11:24:00+05:30,576,576.4,576,576.05,91,
2016-12-07 11:25:00+05:30,576.05,576.5,576.05,576.25,2168,
2016-12-07 11:26:00+05:30,576.25,576.3,575.75,575.85,487,
2016-12-07 11:27:00+05:30,575.85,575.85,575.2,575.2,609,
2016-12-07 11:28:00+05:30,575.2,575.2,575,575.2,425,
2016-12-07 11:29:00+05:30,575.2,575.85,575.2,575.85,427,
2016-12-07 11:30:00+05:30,575.85,576,575.3,575.3,362,
2016-12-07 11:31:00+05:30,575.3,575.3,575.15,575.15,154,
2016-12-07 11:32:00+05:30,575.15,575.5,575.05,575.5,140,
2016-12-07 11:33:00+05:30,575.05,575.15,575.05,575.15,59,
2016-12-07 11:34:00+05:30,575.45,575.45,575.05,575.1,367,
2016-12-07 11:35:00+05:30,575.1,575.2,575,575.15,2022,
2016-12-07 11:36:00+05:30,575.15,575.7,575.15,575.7,972,
2016-12-07 11:37:00+05:30,575.7,576.5,575.7,576.25,3896,
2016-12-07 11:38:00+05:30,576.25,576.5,576.15,576.2,3060,
2016-12-07 11:39:00+05:30,576.1,576.1,575.8,576,1713,
2016-12-07 11:40:00+05:30,576,576.3,575.9,576.05,88,
2016-12-07 11:41:00+05:30,576.05,576.5,576.05,576.3,1354,
2016-12-07 11:42:00+05:30,576.3,576.5,576.25,576.3,740,
2016-12-07 11:43:00+05:30,576.3,576.5,576.3,576.5,783,
2016-12-07 11:44:00+05:30,576.35,576.5,576.2,576.2,641,
2016-12-07 11:45:00+05:30,576,576,576,576,223,
2016-12-07 11:46:00+05:30,576,576,575.85,575.85,30,
2016-12-07 11:47:00+05:30,575.85,575.95,575.75,575.95,741,
2016-12-07 11:48:00+05:30,575.95,576,575.75,576,832,
2016-12-07 11:49:00+05:30,576,576,575.65,576,485,
2016-12-07 11:50:00+05:30,576,576,575.7,575.7,37,
2016-12-07 11:51:00+05:30,575.7,575.7,575.7,575.7,0,
2016-12-07 11:52:00+05:30,575.7,575.95,575.65,575.95,130,
2016-12-07 11:53:00+05:30,575.95,575.95,575.95,575.95,17,
2016-12-07 11:54:00+05:30,575.85,575.85,575.5,575.85,474,
2016-12-07 11:55:00+05:30,575.85,575.95,575.8,575.85,153,
2016-12-07 11:56:00+05:30,575.85,575.95,574.85,574.95,13864,
2016-12-07 11:57:00+05:30,574.9,575.3,574.9,575,3068,
2016-12-07 11:58:00+05:30,575,575.2,574.9,575,1071,
2016-12-07 11:59:00+05:30,575,575,574.85,574.9,117,
2016-12-07 12:00:00+05:30,574.85,574.9,574.85,574.85,163,
2016-12-07 12:01:00+05:30,574.85,574.95,574.85,574.95,128,
2016-12-07 12:02:00+05:30,574.95,575,574.95,574.95,289,
2016-12-07 12:03:00+05:30,574.95,575,574.9,574.9,973,
2016-12-07 12:04:00+05:30,574.9,575,574.9,574.9,207,
2016-12-07 12:05:00+05:30,574.9,575,574.55,574.55,665,
2016-12-07 12:06:00+05:30,574.8,574.8,574.5,574.75,1042,
2016-12-07 12:07:00+05:30,574.75,574.8,574.75,574.8,265,
2016-12-07 12:08:00+05:30,574.8,574.8,574.75,574.75,313,
2016-12-07 12:09:00+05:30,574.75,574.75,574.75,574.75,129,
2016-12-07 12:10:00+05:30,574.75,574.8,574.5,574.8,242,
2016-12-07 12:11:00+05:30,574.8,574.8,574.5,574.5,21,
2016-12-07 12:12:00+05:30,574.5,574.75,574.5,574.5,45,
2016-12-07 12:13:00+05:30,574.5,574.65,574.5,574.65,208,
2016-12-07 12:14:00+05:30,574.65,574.65,574.6,574.6,322,
2016-12-07 12:15:00+05:30,574.6,574.6,574.5,574.6,226,
2016-12-07 12:16:00+05:30,574.6,574.6,574.5,574.5,39,
2016-12-07 12:17:00+05:30,574.5,574.5,574.5,574.5,5,
2016-12-07 12:18:00+05:30,574.5,574.5,574.15,574.45,976,
2016-12-07 12:19:00+05:30,574.45,574.7,574,574,2051,
2016-12-07 12:20:00+05:30,574,574.5,574,574.45,1034,
2016-12-07 12:21:00+05:30,574,574.25,574,574.05,263,
2016-12-07 12:22:00+05:30,574.05,574.45,574.05,574.35,103,
2016-12-07 12:23:00+05:30,574.35,574.5,574.15,574.15,60,
2016-12-07 12:24:00+05:30,574.25,574.35,574.25,574.35,325,
2016-12-07 12:25:00+05:30,574.35,574.35,573.75,574,990,
2016-12-07 12:26:00+05:30,573.95,573.95,573.8,573.8,136,
2016-12-07 12:27:00+05:30,573.8,574.15,573.8,574.15,213,
2016-12-07 12:28:00+05:30,574.15,574.15,574.05,574.05,94,
2016-12-07 12:29:00+05:30,574.05,574.6,574.05,574.3,613,
2016-12-07 12:30:00+05:30,574.3,574.75,574.3,574.75,752,
2016-12-07 12:31:00+05:30,574.75,574.75,574.1,574.25,212,
2016-12-07 12:32:00+05:30,574.25,574.35,574.25,574.25,125,
2016-12-07 12:33:00+05:30,574.25,574.4,574.1,574.1,417,
2016-12-07 12:34:00+05:30,574.05,574.3,574,574.05,700,
2016-12-07 12:35:00+05:30,574.05,574.3,574,574,382,
2016-12-07 12:36:00+05:30,574,574.3,574,574,220,
2016-12-07 12:37:00+05:30,574,574.2,574,574.2,212,
2016-12-07 12:38:00+05:30,574.2,574.2,574.05,574.05,281,
2016-12-07 12:39:00+05:30,574.15,574.2,574.05,574.05,308,
2016-12-07 12:40:00+05:30,574.2,574.2,574,574,2316,
2016-12-07 12:41:00+05:30,574,574,572.3,572.45,7899,
2016-12-07 12:42:00+05:30,572.9,573.15,572.45,573,2782,
2016-12-07 12:43:00+05:30,572.75,573.3,572.75,572.8,437,
2016-12-07 12:44:00+05:30,572.85,572.95,572.7,572.75,147,
2016-12-07 12:45:00+05:30,572.75,573.35,572.75,573.35,762,
2016-12-07 12:46:00+05:30,573.35,573.4,573.05,573.4,241,
2016-12-07 12:47:00+05:30,573.4,573.9,573.4,573.85,990,
2016-12-07 12:48:00+05:30,573.85,574,573.7,573.7,533,
2016-12-07 12:49:00+05:30,573.7,574,573.7,573.8,873,
2016-12-07 12:50:00+05:30,573.8,574,573.8,574,628,
2016-12-07 12:51:00+05:30,574,574,573.7,573.7,303,
2016-12-07 12:52:00+05:30,573.7,574,573.7,574,694,
2016-12-07 12:53:00+05:30,574,574,573.75,573.75,123,
2016-12-07 12:54:00+05:30,573.75,573.8,573.15,573.35,836,
2016-12-07 12:55:00+05:30,573.35,573.4,573.05,573.4,448,
2016-12-07 12:56:00+05:30,573.4,573.4,573,573.4,416,
2016-12-07 12:57:00+05:30,573.35,573.35,573,573.05,309,
2016-12-07 12:58:00+05:30,573.05,573.95,573,573.95,1727,
2016-12-07 12:59:00+05:30,574,574,573.05,573.05,1142,
2016-12-07 13:00:00+05:30,573.05,573.5,573.05,573.25,413,
2016-12-07 13:01:00+05:30,573.25,573.35,573,573.3,560,
2016-12-07 13:02:00+05:30,573.3,573.45,573.3,573.3,166,
2016-12-07 13:03:00+05:30,573.3,573.3,573.05,573.15,259,
2016-12-07 13:04:00+05:30,573.15,573.55,573.15,573.45,430,
2016-12-07 13:05:00+05:30,573.45,573.45,573.05,573.15,661,
2016-12-07 13:06:00+05:30,573.25,573.25,573.15,573.15,242,
2016-12-07 13:07:00+05:30,573.15,573.2,573.1,573.2,158,
2016-12-07 13:08:00+05:30,573.2,573.25,573,573.15,320,
2016-12-07 13:09:00+05:30,573.15,573.5,573.15,573.5,133,
2016-12-07 13:10:00+05:30,573.5,573.5,573.5,573.5,231,
2016-12-07 13:11:00+05:30,573.5,574.4,573.3,574,7408,
2016-12-07 13:12:00+05:30,574,574.15,574,574,524,
2016-12-07 13:13:00+05:30,574,574,573.3,573.6,863,
2016-12-07 13:14:00+05:30,573.6,573.7,573.6,573.6,198,
2016-12-07 13:15:00+05:30,573.6,574,573.6,574,492,
2016-12-07 13:16:00+05:30,574,574.6,573.5,573.6,4622,
2016-12-07 13:17:00+05:30,573.6,573.75,573.45,573.75,317,
2016-12-07 13:18:00+05:30,573.75,573.8,573.75,573.8,136,
2016-12-07 13:19:00+05:30,573.8,573.8,573.75,573.75,1234,
2016-12-07 13:20:00+05:30,573.85,574,573.85,574,2319,
2016-12-07 13:21:00+05:30,574,574.35,573.95,574,4669,
2016-12-07 13:22:00+05:30,574,574,573.95,573.95,8159,
2016-12-07 13:23:00+05:30,574,574,573.7,573.7,800,
2016-12-07 13:24:00+05:30,573.7,573.95,573.7,573.85,336,
2016-12-07 13:25:00+05:30,573.85,574,573.8,574,563,
2016-12-07 13:26:00+05:30,574,574,573.7,573.7,574,
2016-12-07 13:27:00+05:30,573.7,574,573.7,573.8,721,
2016-12-07 13:28:00+05:30,573.9,574,573.8,574,1522,
2016-12-07 13:29:00+05:30,574,574,573.8,573.85,3602,
2016-12-07 13:30:00+05:30,573.85,574,573.75,573.75,1001,
2016-12-07 13:31:00+05:30,573.75,574,573.45,574,3019,
2016-12-07 13:32:00+05:30,573.9,574,573.15,573.75,2243,
2016-12-07 13:33:00+05:30,573.75,573.75,573.25,573.55,992,
2016-12-07 13:34:00+05:30,573.55,573.75,573.55,573.75,458,
2016-12-07 13:35:00+05:30,573.75,573.95,573.4,573.75,1293,
2016-12-07 13:36:00+05:30,573.75,573.9,573.4,573.4,496,
2016-12-07 13:37:00+05:30,573.4,573.9,573.35,573.9,721,
2016-12-07 13:38:00+05:30,573.9,574,573.75,573.75,1013,
2016-12-07 13:39:00+05:30,574,574,573.75,573.75,557,
2016-12-07 13:40:00+05:30,573.75,573.95,573.6,573.65,739,
2016-12-07 13:41:00+05:30,573.65,573.95,573.6,573.6,345,
2016-12-07 13:42:00+05:30,573.85,573.95,573.7,573.95,392,
2016-12-07 13:43:00+05:30,573.95,574,573.95,573.95,1108,
2016-12-07 13:44:00+05:30,573.95,574,573.85,574,531,
2016-12-07 13:45:00+05:30,574,574,573.9,573.9,549,
2016-12-07 13:46:00+05:30,573.9,574,573.9,573.95,303,
2016-12-07 13:47:00+05:30,573.95,574,573.8,573.95,839,
2016-12-07 13:48:00+05:30,573.95,573.95,573.8,573.95,552,
2016-12-07 13:49:00+05:30,573.95,573.95,573.85,573.85,416,
2016-12-07 13:50:00+05:30,573.85,574,573.85,573.95,1409,
2016-12-07 13:51:00+05:30,573.95,574,573.7,573.85,913,
2016-12-07 13:52:00+05:30,573.85,573.85,573.6,573.6,130,
2016-12-07 13:53:00+05:30,573.6,574,573.6,573.65,383,
2016-12-07 13:54:00+05:30,573.65,573.85,573.65,573.85,263,
2016-12-07 13:55:00+05:30,573.85,574,573.85,574,668,
2016-12-07 13:56:00+05:30,574,574,573.7,573.7,708,
2016-12-07 13:57:00+05:30,573.7,573.95,573.5,573.6,2109,
2016-12-07 13:58:00+05:30,573.6,574,573.6,573.85,751,
2016-12-07 13:59:00+05:30,573.85,574,573.75,574,1067,
2016-12-07 14:00:00+05:30,574,574,573.75,574,711,
2016-12-07 14:01:00+05:30,574,574,573.95,574,1634,
2016-12-07 14:02:00+05:30,574,574,573.75,573.85,2126,
2016-12-07 14:03:00+05:30,573.85,574,573.85,573.95,852,
2016-12-07 14:04:00+05:30,574,574,573.5,573.5,613,
2016-12-07 14:05:00+05:30,573.5,573.85,573.5,573.55,377,
2016-12-07 14:06:00+05:30,573.55,574,573.55,574,1274,
2016-12-07 14:07:00+05:30,574,574,573.7,574,913,
2016-12-07 14:08:00+05:30,574,574,573.7,573.7,487,
2016-12-07 14:09:00+05:30,573.7,574,573.7,573.7,654,
2016-12-07 14:10:00+05:30,573.95,574,573.85,573.95,493,
2016-12-07 14:11:00+05:30,573.95,574,573.7,573.75,867,
2016-12-07 14:12:00+05:30,573.75,574,573.75,573.9,543,
2016-12-07 14:13:00+05:30,573.9,574,573.85,573.85,703,
2016-12-07 14:14:00+05:30,574,574,573.7,573.75,433,
2016-12-07 14:15:00+05:30,573.75,573.85,573.7,573.7,747,
2016-12-07 14:16:00+05:30,573.7,574,573.7,573.8,1264,
2016-12-07 14:17:00+05:30,573.8,574,573.8,574,477,
2016-12-07 14:18:00+05:30,574,574,573.9,573.95,610,
2016-12-07 14:19:00+05:30,573.95,574,573.9,574,582,
2016-12-07 14:20:00+05:30,573.9,574,573.9,573.95,403,
2016-12-07 14:21:00+05:30,573.95,574,573.95,573.95,582,
2016-12-07 14:22:00+05:30,573.95,573.95,573.5,573.5,639,
2016-12-07 14:23:00+05:30,573.5,573.85,573.5,573.8,1276,
2016-12-07 14:24:00+05:30,573.85,574.4,573.85,573.9,1783,
2016-12-07 14:25:00+05:30,573.9,574,573.8,574,1139,
2016-12-07 14:26:00+05:30,573.85,574,571.8,572.15,10922,
2016-12-07 14:27:00+05:30,572.15,573.5,572.15,573.5,2232,
2016-12-07 14:28:00+05:30,573.5,574,573.05,573.2,4478,
2016-12-07 14:29:00+05:30,573.2,573.35,573.1,573.35,561,
2016-12-07 14:30:00+05:30,573.35,573.35,571.05,572.05,15550,
2016-12-07 14:31:00+05:30,571.7,573.15,571.5,571.5,4649,
2016-12-07 14:32:00+05:30,571.3,572.5,571.05,571.1,10109,
2016-12-07 14:33:00+05:30,570.9,571.5,570.4,571,7662,
2016-12-07 14:34:00+05:30,571,571.85,571,571.4,2713,
2016-12-07 14:35:00+05:30,571.4,572.6,571.2,572.6,1801,
2016-12-07 14:36:00+05:30,572.6,573.35,572.3,573.2,1748,
2016-12-07 14:37:00+05:30,573.2,573.75,573.05,573.2,1594,
2016-12-07 14:38:00+05:30,573.2,573.5,571.45,573.5,2327,
2016-12-07 14:39:00+05:30,573.5,573.5,571.6,572.25,971,
2016-12-07 14:40:00+05:30,572.65,572.75,571.5,571.55,2488,
2016-12-07 14:41:00+05:30,571.5,572.2,571.5,572.2,2622,
2016-12-07 14:42:00+05:30,572.2,572.75,572.2,572.5,1408,
2016-12-07 14:43:00+05:30,572.5,573.5,572.1,573.15,1618,
2016-12-07 14:44:00+05:30,573.15,573.65,572.95,573,1136,
2016-12-07 14:45:00+05:30,573,574,572.8,574,4255,
2016-12-07 14:46:00+05:30,573.4,573.4,573,573.15,1207,
2016-12-07 14:47:00+05:30,572.95,574,572.95,573.95,3183,
2016-12-07 14:48:00+05:30,573.95,573.95,573.05,573.5,345,
2016-12-07 14:49:00+05:30,573.5,573.5,572.15,572.85,2914,
2016-12-07 14:50:00+05:30,572.85,573.3,572,572,780,
2016-12-07 14:51:00+05:30,572,572.9,571.85,572.85,2406,
2016-12-07 14:52:00+05:30,572.5,573.25,572.35,573,1404,
2016-12-07 14:53:00+05:30,573,573,571.85,571.9,462,
2016-12-07 14:54:00+05:30,571.85,572.5,571.6,572.25,3164,
2016-12-07 14:55:00+05:30,572.25,572.25,570.8,571.35,8409,
2016-12-07 14:56:00+05:30,571.35,571.55,570.55,571,5935,
2016-12-07 14:57:00+05:30,571,571.3,571,571.3,4571,
2016-12-07 14:58:00+05:30,571.3,572.15,571.05,572.15,3296,
2016-12-07 14:59:00+05:30,572.15,572.2,571.9,572.1,571,
2016-12-07 15:00:00+05:30,572.1,572.1,571.7,571.8,535,
2016-12-07 15:01:00+05:30,571.8,571.9,571.3,571.75,2651,
2016-12-07 15:02:00+05:30,571.75,571.8,571.3,571.35,841,
2016-12-07 15:03:00+05:30,571.35,571.75,571.35,571.55,282,
2016-12-07 15:04:00+05:30,571.55,571.6,571.1,571.2,778,
2016-12-07 15:05:00+05:30,571.2,571.2,570.6,570.8,2974,
2016-12-07 15:06:00+05:30,570.8,571.15,570.75,571.15,2230,
2016-12-07 15:07:00+05:30,571.15,571.3,571.05,571.15,1240,
2016-12-07 15:08:00+05:30,570.85,571.05,570.5,570.5,437,
2016-12-07 15:09:00+05:30,570.5,570.5,569.65,570,5407,
2016-12-07 15:10:00+05:30,570,570.4,569.75,570,1998,
2016-12-07 15:11:00+05:30,570,570.3,569.7,569.7,2867,
2016-12-07 15:12:00+05:30,569.7,570.25,569.45,569.75,2885,
2016-12-07 15:13:00+05:30,570,570.35,569.7,570,5386,
2016-12-07 15:14:00+05:30,570,570.35,569.65,570.35,10341,
2016-12-07 15:15:00+05:30,570.25,571.7,570.25,570.3,5791,
2016-12-07 15:16:00+05:30,570.45,571.5,570.45,571.5,2466,
2016-12-07 15:17:00+05:30,571.45,571.45,570.2,570.5,1809,
2016-12-07 15:18:00+05:30,570.5,571,570.5,570.95,1003,
2016-12-07 15:19:00+05:30,570.95,570.95,570.25,570.25,1338,
2016-12-07 15:20:00+05:30,570.25,570.75,569.9,570.1,11360,
2016-12-07 15:21:00+05:30,570.1,570.95,569.4,570.95,11460,
2016-12-07 15:22:00+05:30,570.6,571.5,570.6,571.5,6803,
2016-12-07 15:23:00+05:30,571.5,571.6,571.3,571.6,2252,
2016-12-07 15:24:00+05:30,571.6,572,571.5,571.6,6010,
2016-12-07 15:25:00+05:30,571.6,571.8,571.6,571.7,1128,
2016-12-07 15:26:00+05:30,571.7,571.85,571.6,571.6,4492,
2016-12-07 15:27:00+05:30,571.6,571.85,571.6,571.6,1694,
2016-12-07 15:28:00+05:30,571.6,572.5,571.6,572,16622,
2016-12-07 15:29:00+05:30,572,572.5,572,572,3367,
2016-12-08 09:15:00+05:30,574,575.25,573.55,574.5,5890,
2016-12-08 09:16:00+05:30,574.55,575.95,574.5,575.05,2934,
2016-12-08 09:17:00+05:30,575.05,575.05,573.7,573.75,4996,
2016-12-08 09:18:00+05:30,573.75,574,573.3,573.6,9369,
2016-12-08 09:19:00+05:30,573.6,574.2,573.55,573.6,1868,
2016-12-08 09:20:00+05:30,573.6,574,572.55,573,5330,
2016-12-08 09:21:00+05:30,572.75,573.15,572.15,572.9,4097,
2016-12-08 09:22:00+05:30,572.7,572.7,570.85,571.8,14029,
2016-12-08 09:23:00+05:30,571.8,571.85,570.5,571.25,11229,
2016-12-08 09:24:00+05:30,571.45,572.15,571.2,571.8,4387,
2016-12-08 09:25:00+05:30,571.8,573.05,571.8,572.85,3496,
2016-12-08 09:26:00+05:30,572.85,572.85,571.8,571.8,4883,
2016-12-08 09:27:00+05:30,571.8,572,571.2,571.6,3024,
2016-12-08 09:28:00+05:30,571.6,572,571.6,571.7,2975,
2016-12-08 09:29:00+05:30,572,572,571.4,571.75,4013,
2016-12-08 09:30:00+05:30,571.75,572.85,571.55,571.55,8516,
2016-12-08 09:31:00+05:30,571.55,571.9,571,571.1,3406,
2016-12-08 09:32:00+05:30,571.1,571.4,571,571,2279,
2016-12-08 09:33:00+05:30,571,571.4,571,571.25,1883,
2016-12-08 09:34:00+05:30,571.25,571.5,571.25,571.5,2469,
2016-12-08 09:35:00+05:30,571.5,571.8,571.4,571.55,1136,
2016-12-08 09:36:00+05:30,571.5,571.6,571,571.05,2634,
2016-12-08 09:37:00+05:30,571.1,571.4,570.8,571.1,1351,
2016-12-08 09:38:00+05:30,571.1,572,571.1,571.95,1049,
2016-12-08 09:39:00+05:30,571.6,572,571.55,571.75,1456,
2016-12-08 09:40:00+05:30,572,572.25,571.75,572.05,605,
2016-12-08 09:41:00+05:30,572.05,572.05,571.55,571.75,785,
2016-12-08 09:42:00+05:30,571.6,572,571.5,571.6,3193,
2016-12-08 09:43:00+05:30,571.6,571.95,571.5,571.65,861,
2016-12-08 09:44:00+05:30,571.65,571.9,571.45,571.9,1051,
2016-12-08 09:45:00+05:30,571.9,572.8,571.9,572.5,8782,
2016-12-08 09:46:00+05:30,572.5,572.5,571.9,571.9,1527,
2016-12-08 09:47:00+05:30,571.9,572,571.9,571.9,752,
2016-12-08 09:48:00+05:30,571.9,572.5,571.9,572.4,431,
2016-12-08 09:49:00+05:30,572.5,572.6,572.5,572.6,643,
2016-12-08 09:50:00+05:30,572.6,572.6,572.45,572.55,472,
2016-12-08 09:51:00+05:30,572.55,572.6,572.4,572.5,1108,
2016-12-08 09:52:00+05:30,572.5,572.75,572.4,572.5,2021,
2016-12-08 09:53:00+05:30,572.5,572.65,572.5,572.6,806,
2016-12-08 09:54:00+05:30,572.6,573.5,572.5,573.5,2824,
2016-12-08 09:55:00+05:30,573.5,573.8,573.3,573.6,1293,
2016-12-08 09:56:00+05:30,573.7,573.9,573,573.8,1978,
2016-12-08 09:57:00+05:30,573.8,574,573.65,573.9,2370,
2016-12-08 09:58:00+05:30,573.9,573.9,573,573.4,3200,
2016-12-08 09:59:00+05:30,573.4,573.4,572.8,572.8,1885,
2016-12-08 10:00:00+05:30,572.8,573.15,572.75,573,1094,
2016-12-08 10:01:00+05:30,573,573.2,572.95,573.2,794,
2016-12-08 10:02:00+05:30,573.2,573.75,573.2,573.55,524,
2016-12-08 10:03:00+05:30,573.55,573.55,572.45,573.1,3004,
2016-12-08 10:04:00+05:30,573.1,574.5,573.1,574.4,7170,
2016-12-08 10:05:00+05:30,574.4,574.6,573.4,573.4,5917,
2016-12-08 10:06:00+05:30,573.4,573.8,573.1,573.15,5579,
2016-12-08 10:07:00+05:30,573.15,573.9,573.1,573.75,6110,
2016-12-08 10:08:00+05:30,573.75,574.4,573.75,574,1413,
2016-12-08 10:09:00+05:30,574,574.45,574,574.35,1088,
2016-12-08 10:10:00+05:30,574.35,574.45,574,574.1,2073,
2016-12-08 10:11:00+05:30,574.1,574.3,573.8,574.2,910,
2016-12-08 10:12:00+05:30,574.2,574.4,574,574.4,1484,
2016-12-08 10:13:00+05:30,574.4,574.4,573.65,573.65,1375,
2016-12-08 10:14:00+05:30,573.65,574.2,573.65,574.1,1647,
2016-12-08 10:15:00+05:30,574.05,574.1,573.6,573.65,836,
2016-12-08 10:16:00+05:30,573.65,574.1,573.3,573.4,3276,
2016-12-08 10:17:00+05:30,573.4,574.15,573.4,574.1,4037,
2016-12-08 10:18:00+05:30,574.1,574.35,574,574.3,1046,
2016-12-08 10:19:00+05:30,574.3,574.3,573.95,574,911,
2016-12-08 10:20:00+05:30,574,574.05,573.9,573.9,726,
2016-12-08 10:21:00+05:30,573.9,574.35,573.85,574.15,486,
2016-12-08 10:22:00+05:30,574.15,574.4,574.15,574.25,714,
2016-12-08 10:23:00+05:30,574.25,575,574.25,574.8,6952,
2016-12-08 10:24:00+05:30,574.8,574.95,574.65,574.65,1244,
2016-12-08 10:25:00+05:30,574.65,574.8,574.5,574.5,955,
2016-12-08 10:26:00+05:30,574.5,574.95,574.5,574.95,339,
2016-12-08 10:27:00+05:30,574.65,575.1,574.65,574.9,4051,
2016-12-08 10:28:00+05:30,574.9,574.9,574,574.6,3191,
2016-12-08 10:29:00+05:30,574.6,574.7,574.2,574.65,918,
2016-12-08 10:30:00+05:30,574.65,575.1,574.6,575.05,958,
2016-12-08 10:31:00+05:30,575.1,575.1,575,575,2655,
2016-12-08 10:32:00+05:30,575,575.05,574.1,574.1,1151,
2016-12-08 10:33:00+05:30,574.1,574.85,574.1,574.85,514,
2016-12-08 10:34:00+05:30,574.65,574.65,574.2,574.2,827,
2016-12-08 10:35:00+05:30,574.2,574.55,574,574.05,2622,
2016-12-08 10:36:00+05:30,574.05,574.4,574,574,1678,
2016-12-08 10:37:00+05:30,574,574.75,574,574.75,2478,
2016-12-08 10:38:00+05:30,574.75,574.8,574.45,574.8,1068,
2016-12-08 10:39:00+05:30,574.6,574.85,574.6,574.6,425,
2016-12-08 10:40:00+05:30,574.6,574.8,574.55,574.75,512,
2016-12-08 10:41:00+05:30,574.55,574.65,574.5,574.5,589,
2016-12-08 10:42:00+05:30,574.5,574.6,574.5,574.55,506,
2016-12-08 10:43:00+05:30,574.6,574.65,574.2,574.5,445,
2016-12-08 10:44:00+05:30,574.5,574.6,574.2,574.35,397,
2016-12-08 10:45:00+05:30,574.35,574.6,574.25,574.6,737,
2016-12-08 10:46:00+05:30,574.6,574.6,574.45,574.5,490,
2016-12-08 10:47:00+05:30,574.35,574.6,574.25,574.55,411,
2016-12-08 10:48:00+05:30,574.55,574.65,574.35,574.55,599,
2016-12-08 10:49:00+05:30,574.55,574.7,574.45,574.7,609,
2016-12-08 10:50:00+05:30,574.7,574.7,574.6,574.7,339,
2016-12-08 10:51:00+05:30,574.7,574.85,574.6,574.85,469,
2016-12-08 10:52:00+05:30,574.8,575,574.8,574.95,2728,
2016-12-08 10:53:00+05:30,574.95,575,574.95,575,1014,
2016-12-08 10:54:00+05:30,575,575.05,574.95,575,1006,
2016-12-08 10:55:00+05:30,575.15,575.5,575.05,575.5,4550,
2016-12-08 10:56:00+05:30,575.5,576.9,575.5,576.4,8785,
2016-12-08 10:57:00+05:30,576.4,576.9,575.85,576.45,7324,
2016-12-08 10:58:00+05:30,576.45,577.4,576.45,577.4,7214,
2016-12-08 10:59:00+05:30,577.4,578.35,577.3,577.55,18107,
2016-12-08 11:00:00+05:30,577.55,578,577.5,578,4697,
2016-12-08 11:01:00+05:30,578,579,578,578.7,11243,
2016-12-08 11:02:00+05:30,579,579,578.4,578.6,5925,
2016-12-08 11:03:00+05:30,578.6,578.9,578.25,578.55,4046,
2016-12-08 11:04:00+05:30,578.55,578.55,578,578,4885,
2016-12-08 11:05:00+05:30,578,578.05,577.55,577.65,3415,
2016-12-08 11:06:00+05:30,577.65,578,577.55,578,7293,
2016-12-08 11:07:00+05:30,578,578,577.55,577.55,1309,
2016-12-08 11:08:00+05:30,577.55,577.7,577.55,577.7,652,
2016-12-08 11:09:00+05:30,577.65,578.3,577.2,578.15,3985,
2016-12-08 11:10:00+05:30,578,578.45,577.9,578.45,4764,
2016-12-08 11:11:00+05:30,578.45,578.45,577.95,578.05,1571,
2016-12-08 11:12:00+05:30,578.05,578.35,577.8,577.8,1970,
2016-12-08 11:13:00+05:30,577.8,578.05,577.8,578,1179,
2016-12-08 11:14:00+05:30,578,578.5,578,578.35,2916,
2016-12-08 11:15:00+05:30,578.35,578.5,578.1,578.2,4525,
2016-12-08 11:16:00+05:30,578.1,578.5,578.05,578.2,1530,
2016-12-08 11:17:00+05:30,578.2,578.35,578,578.35,693,
2016-12-08 11:18:00+05:30,578.35,578.4,578.1,578.4,1630,
2016-12-08 11:19:00+05:30,578.4,578.45,578.15,578.15,639,
2016-12-08 11:20:00+05:30,578.15,578.3,578.05,578.05,714,
2016-12-08 11:21:00+05:30,578.05,578.1,577.6,578.1,2291,
2016-12-08 11:22:00+05:30,578.1,578.15,578.05,578.05,808,
2016-12-08 11:23:00+05:30,578.05,578.05,577.6,577.65,1266,
2016-12-08 11:24:00+05:30,577.65,577.85,577.65,577.7,352,
2016-12-08 11:25:00+05:30,577.7,577.75,577.1,577.35,863,
2016-12-08 11:26:00+05:30,577.35,577.45,577,577.35,1900,
2016-12-08 11:27:00+05:30,577.35,577.5,576.8,577,1240,
2016-12-08 11:28:00+05:30,577,577.15,576.7,576.95,1675,
2016-12-08 11:29:00+05:30,576.95,577,576.35,576.5,1962,
2016-12-08 11:30:00+05:30,576.5,576.8,576.25,576.5,1879,
2016-12-08 11:31:00+05:30,576.5,576.8,576.3,576.8,2382,
2016-12-08 11:32:00+05:30,576.8,577.05,576.8,577,1041,
2016-12-08 11:33:00+05:30,577,577.3,576.9,577,2421,
2016-12-08 11:34:00+05:30,577,577.3,577,577.3,3065,
2016-12-08 11:35:00+05:30,577.3,579,577.15,579,9388,
2016-12-08 11:36:00+05:30,579,579,578.25,578.3,4785,
2016-12-08 11:37:00+05:30,578.3,578.5,577.8,577.9,775,
2016-12-08 11:38:00+05:30,577.9,578.15,577.85,578.15,853,
2016-12-08 11:39:00+05:30,578.15,578.4,578,578,1486,
2016-12-08 11:40:00+05:30,578.35,578.4,577.75,578.25,1882,
2016-12-08 11:41:00+05:30,578.25,578.4,578,578.35,1198,
2016-12-08 11:42:00+05:30,578.35,578.35,578,578,1074,
2016-12-08 11:43:00+05:30,578,578.25,577.95,578.2,1129,
2016-12-08 11:44:00+05:30,578,578.25,577.95,578.25,1292,
2016-12-08 11:45:00+05:30,578.25,578.35,578,578.3,287,
2016-12-08 11:46:00+05:30,578.3,578.55,578.25,578.5,1159,
2016-12-08 11:47:00+05:30,578.5,578.95,578.5,578.9,1897,
2016-12-08 11:48:00+05:30,578.9,579,578.85,578.95,5304,
2016-12-08 11:49:00+05:30,578.9,579.5,578.75,579.4,4524,
2016-12-08 11:50:00+05:30,579.4,579.65,579,579.35,6719,
2016-12-08 11:51:00+05:30,579.15,579.35,579.1,579.25,1248,
2016-12-08 11:52:00+05:30,579.25,579.25,579.1,579.2,592,
2016-12-08 11:53:00+05:30,579.2,579.25,579.05,579.2,1130,
2016-12-08 11:54:00+05:30,579.05,579.25,578.9,578.9,2470,
2016-12-08 11:55:00+05:30,578.9,579.05,578.65,579,1869,
2016-12-08 11:56:00+05:30,579,579.25,578.85,579.25,2859,
2016-12-08 11:57:00+05:30,579.25,579.5,579.25,579.5,1251,
2016-12-08 11:58:00+05:30,579.35,579.85,579.3,579.5,2661,
2016-12-08 11:59:00+05:30,579.7,579.8,579.5,579.7,834,
2016-12-08 12:00:00+05:30,579.7,579.75,579.6,579.7,836,
2016-12-08 12:01:00+05:30,579.7,579.7,579.35,579.35,1077,
2016-12-08 12:02:00+05:30,579.35,579.5,579.35,579.35,2152,
2016-12-08 12:03:00+05:30,579.35,579.65,579.3,579.3,1125,
2016-12-08 12:04:00+05:30,579.3,579.8,579.3,579.65,1494,
2016-12-08 12:05:00+05:30,579.5,579.9,579.5,579.9,5346,
2016-12-08 12:06:00+05:30,579.85,580,579.85,579.95,1377,
2016-12-08 12:07:00+05:30,579.9,579.95,579.5,579.8,2086,
2016-12-08 12:08:00+05:30,579.8,579.8,579.3,579.55,840,
2016-12-08 12:09:00+05:30,579.55,579.55,579,579.3,1769,
2016-12-08 12:10:00+05:30,579.3,579.3,578.85,579.25,1190,
2016-12-08 12:11:00+05:30,579.25,579.25,578.6,578.9,1226,
2016-12-08 12:12:00+05:30,578.65,578.9,578.55,578.7,287,
2016-12-08 12:13:00+05:30,578.7,578.7,578.5,578.5,637,
2016-12-08 12:14:00+05:30,578.5,578.85,578.5,578.7,810,
2016-12-08 12:15:00+05:30,578.7,578.9,578.6,578.65,1122,
2016-12-08 12:16:00+05:30,578.9,579,578.65,578.9,601,
2016-12-08 12:17:00+05:30,578.9,578.9,578.65,578.9,244,
2016-12-08 12:18:00+05:30,578.75,579,578.75,579,506,
2016-12-08 12:19:00+05:30,579,579,578.75,578.85,892,
2016-12-08 12:20:00+05:30,578.85,579,578.5,578.75,553,
2016-12-08 12:21:00+05:30,578.75,578.95,578.65,578.95,857,
2016-12-08 12:22:00+05:30,578.95,578.95,578.6,578.9,699,
2016-12-08 12:23:00+05:30,578.9,579,578.7,578.85,3172,
2016-12-08 12:24:00+05:30,578.85,579.15,578.85,579.1,949,
2016-12-08 12:25:00+05:30,579,579.3,578.85,579.3,1770,
2016-12-08 12:26:00+05:30,579.15,579.4,578.95,579.1,954,
2016-12-08 12:27:00+05:30,579.1,579.1,578.8,578.95,1068,
2016-12-08 12:28:00+05:30,578.95,579,578.85,579,856,
2016-12-08 12:29:00+05:30,579,579,578.8,578.9,586,
2016-12-08 12:30:00+05:30,578.9,578.95,578.8,578.9,397,
2016-12-08 12:31:00+05:30,578.9,578.95,578.8,578.95,1168,
2016-12-08 12:32:00+05:30,578.95,579,578.4,578.4,1075,
2016-12-08 12:33:00+05:30,578.6,578.8,578.6,578.65,316,
2016-12-08 12:34:00+05:30,578.65,578.75,578.55,578.65,1050,
2016-12-08 12:35:00+05:30,578.65,578.75,578.3,578.75,523,
2016-12-08 12:36:00+05:30,578.75,578.75,578.35,578.65,756,
2016-12-08 12:37:00+05:30,578.65,578.65,578.45,578.45,366,
2016-12-08 12:38:00+05:30,578.5,578.5,578.45,578.5,336,
2016-12-08 12:39:00+05:30,578.5,578.5,578.45,578.5,348,
2016-12-08 12:40:00+05:30,578.45,578.6,578.45,578.6,1604,
2016-12-08 12:41:00+05:30,578.6,578.65,578.5,578.6,620,
2016-12-08 12:42:00+05:30,578.5,578.55,578.05,578.45,1450,
2016-12-08 12:43:00+05:30,578.45,578.5,578,578.5,214,
2016-12-08 12:44:00+05:30,578.5,578.7,578.5,578.6,712,
2016-12-08 12:45:00+05:30,578.6,578.7,578.4,578.5,1616,
2016-12-08 12:46:00+05:30,578.5,578.5,577.55,577.85,5041,
2016-12-08 12:47:00+05:30,577.95,577.95,577.55,577.65,573,
2016-12-08 12:48:00+05:30,577.8,577.95,577.45,577.95,6346,
2016-12-08 12:49:00+05:30,577.95,578,577.65,577.65,2065,
2016-12-08 12:50:00+05:30,577.65,577.65,577.55,577.65,1153,
2016-12-08 12:51:00+05:30,577.65,577.8,577.65,577.75,229,
2016-12-08 12:52:00+05:30,577.75,577.8,577.75,577.8,2344,
2016-12-08 12:53:00+05:30,577.8,578.5,577.75,578.5,10633,
2016-12-08 12:54:00+05:30,578.3,578.7,578.1,578.7,2351,
2016-12-08 12:55:00+05:30,578.7,578.95,578.55,578.95,2000,
2016-12-08 12:56:00+05:30,578.95,578.95,578.75,578.8,778,
2016-12-08 12:57:00+05:30,578.8,579,578.75,579,4259,
2016-12-08 12:58:00+05:30,579,579,578.5,578.75,1002,
2016-12-08 12:59:00+05:30,578.75,578.95,578.75,578.75,6307,
2016-12-08 13:00:00+05:30,578.75,578.8,578.7,578.75,878,
2016-12-08 13:01:00+05:30,578.45,578.7,578.25,578.65,703,
2016-12-08 13:02:00+05:30,578.65,578.65,578.3,578.3,443,
2016-12-08 13:03:00+05:30,578.3,578.6,578.3,578.6,1294,
2016-12-08 13:04:00+05:30,578.6,578.6,578.35,578.6,1520,
2016-12-08 13:05:00+05:30,578.6,578.6,578.35,578.5,6630,
2016-12-08 13:06:00+05:30,578.5,578.75,578.3,578.5,3748,
2016-12-08 13:07:00+05:30,578.5,578.5,578.15,578.35,656,
2016-12-08 13:08:00+05:30,578.35,578.35,578.15,578.2,1150,
2016-12-08 13:09:00+05:30,578.2,578.2,577.85,578,802,
2016-12-08 13:10:00+05:30,578,578,577.8,578,957,
2016-12-08 13:11:00+05:30,578,578,577.9,577.9,1128,
2016-12-08 13:12:00+05:30,578,578,577.95,578,1881,
2016-12-08 13:13:00+05:30,578,578,577.9,577.9,670,
2016-12-08 13:14:00+05:30,577.9,577.9,577.5,577.8,1089,
2016-12-08 13:15:00+05:30,577.8,578.2,577.75,578.2,1226,
2016-12-08 13:16:00+05:30,578.2,578.35,577.95,578.15,673,
2016-12-08 13:17:00+05:30,578.35,579,578.3,579,2520,
2016-12-08 13:18:00+05:30,579,579.25,578.95,579.25,502,
2016-12-08 13:19:00+05:30,579.25,579.4,579.2,579.25,1764,
2016-12-08 13:20:00+05:30,579.3,579.3,578.9,578.9,1392,
2016-12-08 13:21:00+05:30,578.9,579,578.8,578.8,901,
2016-12-08 13:22:00+05:30,579,579,578.8,579,755,
2016-12-08 13:23:00+05:30,579,579,578.7,579,1432,
2016-12-08 13:24:00+05:30,579,579,578.85,579,1287,
2016-12-08 13:25:00+05:30,579,579,578.9,579,1154,
2016-12-08 13:26:00+05:30,579,579,578.95,579,4704,
2016-12-08 13:27:00+05:30,578.9,579,578.9,578.95,4679,
2016-12-08 13:28:00+05:30,578.95,579,578.95,579,1213,
2016-12-08 13:29:00+05:30,579,579,578.35,578.6,3062,
2016-12-08 13:30:00+05:30,578.65,579,578.4,578.9,3418,
2016-12-08 13:31:00+05:30,578.95,578.95,578.9,578.95,638,
2016-12-08 13:32:00+05:30,578.95,579,578.5,578.55,1949,
2016-12-08 13:33:00+05:30,578.65,579,578.6,578.95,586,
2016-12-08 13:34:00+05:30,578.9,579,578.8,579,1007,
2016-12-08 13:35:00+05:30,579,579,578.75,578.95,660,
2016-12-08 13:36:00+05:30,578.95,579,578.9,578.95,2085,
2016-12-08 13:37:00+05:30,578.95,579,578.9,578.95,1111,
2016-12-08 13:38:00+05:30,579,579,578.9,578.95,1381,
2016-12-08 13:39:00+05:30,578.95,579,578.45,578.45,1308,
2016-12-08 13:40:00+05:30,578.4,578.85,578.15,578.65,884,
2016-12-08 13:41:00+05:30,578.65,578.9,578.05,578.85,1406,
2016-12-08 13:42:00+05:30,579,579,578.75,578.75,1908,
2016-12-08 13:43:00+05:30,578.75,578.95,578.4,578.85,1759,
2016-12-08 13:44:00+05:30,578.85,578.95,578.75,578.95,1153,
2016-12-08 13:45:00+05:30,578.95,578.95,578.85,578.95,1527,
2016-12-08 13:46:00+05:30,578.95,579,578.9,579,1513,
2016-12-08 13:47:00+05:30,579,579,578.55,578.95,1430,
2016-12-08 13:48:00+05:30,578.95,579,578.8,578.95,1523,
2016-12-08 13:49:00+05:30,578.95,579.4,578.75,579.4,10009,
2016-12-08 13:50:00+05:30,579.4,579.8,579.4,579.7,4630,
2016-12-08 13:51:00+05:30,579.7,579.8,579.5,579.8,1018,
2016-12-08 13:52:00+05:30,579.8,579.8,579.65,579.8,1096,
2016-12-08 13:53:00+05:30,579.8,579.9,579.25,579.75,2466,
2016-12-08 13:54:00+05:30,579.75,579.9,579.5,579.65,1661,
2016-12-08 13:55:00+05:30,579.65,579.65,579.4,579.45,754,
2016-12-08 13:56:00+05:30,579.45,579.75,579.45,579.7,638,
2016-12-08 13:57:00+05:30,579.6,580.55,579.6,580.55,10880,
2016-12-08 13:58:00+05:30,580.65,582.45,580.65,582.2,30008,
2016-12-08 13:59:00+05:30,582.2,582.85,582,582,15225,
2016-12-08 14:00:00+05:30,581.95,582.8,581.8,581.8,9392,
2016-12-08 14:01:00+05:30,581.8,582.05,581,581.5,6728,
2016-12-08 14:02:00+05:30,581.5,582,581.25,582,3351,
2016-12-08 14:03:00+05:30,582,582.3,581.6,581.8,5047,
2016-12-08 14:04:00+05:30,581.75,582.1,581.75,582,1708,
2016-12-08 14:05:00+05:30,581.95,582,581.3,581.5,3351,
2016-12-08 14:06:00+05:30,581.5,581.85,581.2,581.6,3370,
2016-12-08 14:07:00+05:30,581.6,581.85,581.2,581.45,3099,
2016-12-08 14:08:00+05:30,581.45,581.7,581.4,581.45,1705,
2016-12-08 14:09:00+05:30,581.45,581.85,581.45,581.7,1209,
2016-12-08 14:10:00+05:30,581.7,581.95,581.6,581.9,1252,
2016-12-08 14:11:00+05:30,581.95,582.9,581.8,582.85,7067,
2016-12-08 14:12:00+05:30,582.85,583.45,582.4,583,14938,
2016-12-08 14:13:00+05:30,583,583.3,582.5,582.9,5832,
2016-12-08 14:14:00+05:30,582.7,583.3,582.5,583.25,4047,
2016-12-08 14:15:00+05:30,583.2,583.3,583,583.05,3767,
2016-12-08 14:16:00+05:30,583.05,583.2,583,583,3369,
2016-12-08 14:17:00+05:30,583,583.1,582.9,583,4545,
2016-12-08 14:18:00+05:30,583,583.25,582.9,583.25,5094,
2016-12-08 14:19:00+05:30,583.25,583.55,583,583.05,3258,
2016-12-08 14:20:00+05:30,583.05,583.5,583.05,583.4,939,
2016-12-08 14:21:00+05:30,583.4,583.45,583.05,583.4,1915,
2016-12-08 14:22:00+05:30,583.4,583.45,583.2,583.4,1860,
2016-12-08 14:23:00+05:30,583.4,583.4,583,583.05,2445,
2016-12-08 14:24:00+05:30,583.35,583.4,583,583.35,2618,
2016-12-08 14:25:00+05:30,583,583.35,582.7,583,4674,
2016-12-08 14:26:00+05:30,583,583.3,582.55,583.3,5005,
2016-12-08 14:27:00+05:30,583.3,583.45,582.9,583.45,3399,
2016-12-08 14:28:00+05:30,583.45,583.5,583.25,583.25,3292,
2016-12-08 14:29:00+05:30,583.25,583.5,583.1,583.4,3743,
2016-12-08 14:30:00+05:30,583.4,583.4,583.25,583.25,1675,
2016-12-08 14:31:00+05:30,583.25,583.4,583.25,583.35,1664,
2016-12-08 14:32:00+05:30,583.35,583.4,583.25,583.3,648,
2016-12-08 14:33:00+05:30,583.35,583.4,582.9,583,2409,
2016-12-08 14:34:00+05:30,583,583.25,583,583.1,1318,
2016-12-08 14:35:00+05:30,583.05,583.2,583,583.1,2115,
2016-12-08 14:36:00+05:30,583.15,583.2,582.1,582.6,3867,
2016-12-08 14:37:00+05:30,582,582.7,582,582.45,2129,
2016-12-08 14:38:00+05:30,582.4,582.7,582,582.65,5152,
2016-12-08 14:39:00+05:30,582.25,582.7,582.25,582.35,1999,
2016-12-08 14:40:00+05:30,582.4,582.9,582.4,582.7,2235,
2016-12-08 14:41:00+05:30,582.65,583.1,582.6,582.75,2034,
2016-12-08 14:42:00+05:30,582.75,583.1,582.7,583.05,1947,
2016-12-08 14:43:00+05:30,583.05,583.1,582.85,583.05,2741,
2016-12-08 14:44:00+05:30,583.1,583.1,582.15,582.55,1816,
2016-12-08 14:45:00+05:30,582.55,583,582.45,582.75,1306,
2016-12-08 14:46:00+05:30,582.75,583,582.4,583,1594,
2016-12-08 14:47:00+05:30,583,583,582.5,582.65,1675,
2016-12-08 14:48:00+05:30,582.75,582.85,582.5,582.5,2950,
2016-12-08 14:49:00+05:30,582.5,582.85,582.35,582.85,2867,
2016-12-08 14:50:00+05:30,582.85,582.9,582.45,582.45,2706,
2016-12-08 14:51:00+05:30,582.45,582.5,582.25,582.4,1676,
2016-12-08 14:52:00+05:30,582.4,582.4,581.3,581.3,8346,
2016-12-08 14:53:00+05:30,581.3,582,580.75,582,3393,
2016-12-08 14:54:00+05:30,582,582.2,581.9,581.9,3645,
2016-12-08 14:55:00+05:30,581.9,581.9,581.3,581.7,3358,
2016-12-08 14:56:00+05:30,581.7,581.9,581.25,581.7,2716,
2016-12-08 14:57:00+05:30,581.7,581.9,581.3,581.85,1421,
2016-12-08 14:58:00+05:30,581.85,582,581.55,581.55,2245,
2016-12-08 14:59:00+05:30,581.5,581.7,581.3,581.7,4213,
2016-12-08 15:00:00+05:30,581.75,582.2,581.75,582.2,6831,
2016-12-08 15:01:00+05:30,582.2,582.7,582.2,582.7,4644,
2016-12-08 15:02:00+05:30,582.7,582.85,582.6,582.6,4869,
2016-12-08 15:03:00+05:30,582.65,582.9,582.05,582.15,8349,
2016-12-08 15:04:00+05:30,582.15,583.7,582.15,583.45,18227,
2016-12-08 15:05:00+05:30,583.45,583.45,583,583.45,7023,
2016-12-08 15:06:00+05:30,583.45,583.45,582.4,583.25,6260,
2016-12-08 15:07:00+05:30,583.1,583.4,582.55,582.95,6107,
2016-12-08 15:08:00+05:30,582.95,583.1,582.5,583.1,11723,
2016-12-08 15:09:00+05:30,583,583,581.75,581.8,22556,
2016-12-08 15:10:00+05:30,581.8,582,581.8,581.9,8655,
2016-12-08 15:11:00+05:30,581.9,582,581.6,581.85,10345,
2016-12-08 15:12:00+05:30,581.65,581.9,581.6,581.85,4635,
2016-12-08 15:13:00+05:30,581.9,582.45,581.9,582.3,9484,
2016-12-08 15:14:00+05:30,582.3,582.95,582.3,582.55,6602,
2016-12-08 15:15:00+05:30,582.75,582.9,582.05,582.45,16658,
2016-12-08 15:16:00+05:30,582.35,582.95,582,582.9,14319,
2016-12-08 15:17:00+05:30,582.75,583,582.55,582.55,7760,
2016-12-08 15:18:00+05:30,582.75,583.45,582.75,583.45,8344,
2016-12-08 15:19:00+05:30,583.45,583.7,583.35,583.5,9335,
2016-12-08 15:20:00+05:30,583.35,583.35,582.45,582.65,10418,
2016-12-08 15:21:00+05:30,582.65,583.65,582,583.5,20671,
2016-12-08 15:22:00+05:30,583.35,583.8,583.25,583.45,9302,
2016-12-08 15:23:00+05:30,583.45,583.5,583.05,583.05,7839,
2016-12-08 15:24:00+05:30,583.2,583.45,583,583.25,11938,
2016-12-08 15:25:00+05:30,583.1,583.5,582.8,583.2,9290,
2016-12-08 15:26:00+05:30,583.2,583.4,582.5,582.55,12586,
2016-12-08 15:27:00+05:30,582.6,583.45,582.5,583,5441,
2016-12-08 15:28:00+05:30,583.05,583.65,582.8,583.6,3730,
2016-12-08 15:29:00+05:30,583.6,583.9,582,583,2588,
2016-12-09 09:15:00+05:30,586,586,583.65,583.65,7002,
2016-12-09 09:16:00+05:30,584.3,584.35,583.7,584.3,1794,
2016-12-09 09:17:00+05:30,584.3,584.3,583.45,583.55,3717,
2016-12-09 09:18:00+05:30,583.3,583.85,583.3,583.3,1559,
2016-12-09 09:19:00+05:30,583.3,583.55,582.8,583,6154,
2016-12-09 09:20:00+05:30,583,583,580.55,581.45,5809,
2016-12-09 09:21:00+05:30,581.45,581.55,580.25,580.6,2690,
2016-12-09 09:22:00+05:30,580.6,581.4,580.6,581.4,1394,
2016-12-09 09:23:00+05:30,581.4,581.7,581,581.5,2719,
2016-12-09 09:24:00+05:30,581.5,582.3,581.5,581.9,2555,
2016-12-09 09:25:00+05:30,581.9,583,581.9,583,1928,
2016-12-09 09:26:00+05:30,582.8,583,582.35,583,844,
2016-12-09 09:27:00+05:30,583,583,581.85,582.6,4199,
2016-12-09 09:28:00+05:30,582.6,582.6,581.75,581.75,440,
2016-12-09 09:29:00+05:30,581.55,582.3,581.4,581.7,876,
2016-12-09 09:30:00+05:30,581.7,581.7,580,580.25,3565,
2016-12-09 09:31:00+05:30,580.25,582.05,580.25,581.15,1698,
2016-12-09 09:32:00+05:30,581.55,581.65,580.2,580.45,3175,
2016-12-09 09:33:00+05:30,580.45,580.75,580,580.05,1689,
2016-12-09 09:34:00+05:30,580.05,580.5,580,580.4,1699,
2016-12-09 09:35:00+05:30,580.4,580.5,580,580,1658,
2016-12-09 09:36:00+05:30,580,580.15,580,580,676,
2016-12-09 09:37:00+05:30,580,580.9,580,580.8,1494,
2016-12-09 09:38:00+05:30,580.8,580.8,580.15,580.15,897,
2016-12-09 09:39:00+05:30,580.15,580.15,579.05,579.25,3949,
2016-12-09 09:40:00+05:30,579.35,579.4,579,579,1568,
2016-12-09 09:41:00+05:30,579,579.3,579,579,386,
2016-12-09 09:42:00+05:30,579,579,577.8,577.9,5793,
2016-12-09 09:43:00+05:30,577.85,577.9,577,577.5,3883,
2016-12-09 09:44:00+05:30,577.5,577.5,576.95,577.25,1814,
2016-12-09 09:45:00+05:30,577.25,577.8,577,577.8,2970,
2016-12-09 09:46:00+05:30,577.8,578,577.45,577.45,1312,
2016-12-09 09:47:00+05:30,577.45,577.5,577.1,577.4,1793,
2016-12-09 09:48:00+05:30,577.4,577.5,577.15,577.5,2078,
2016-12-09 09:49:00+05:30,577.5,577.5,577.4,577.5,1198,
2016-12-09 09:50:00+05:30,577.5,578.75,577.5,578.75,2102,
2016-12-09 09:51:00+05:30,578.5,579,578.5,579,1060,
2016-12-09 09:52:00+05:30,579,579.15,578.6,579,1490,
2016-12-09 09:53:00+05:30,579,579.35,579,579.05,1865,
2016-12-09 09:54:00+05:30,579.2,579.4,579,579,2597,
2016-12-09 09:55:00+05:30,579,579.25,578.95,579,4422,
2016-12-09 09:56:00+05:30,579,579.3,578.65,578.65,3161,
2016-12-09 09:57:00+05:30,578.65,579.25,578.65,579,431,
2016-12-09 09:58:00+05:30,579,579.3,578.8,579,2356,
2016-12-09 09:59:00+05:30,579,579.3,579,579.2,769,
2016-12-09 10:00:00+05:30,579.2,579.2,578.75,578.95,498,
2016-12-09 10:01:00+05:30,578.95,579,578.45,578.6,858,
2016-12-09 10:02:00+05:30,578.6,578.7,578.35,578.65,474,
2016-12-09 10:03:00+05:30,578.65,579.45,578.65,579.45,1908,
2016-12-09 10:04:00+05:30,579.45,579.95,578.9,579.55,1173,
2016-12-09 10:05:00+05:30,579.55,580,579.55,579.9,1610,
2016-12-09 10:06:00+05:30,579.9,580.9,579.65,580.8,3370,
2016-12-09 10:07:00+05:30,580.8,580.9,580,580.85,3577,
2016-12-09 10:08:00+05:30,580.35,580.8,580,580,3254,
2016-12-09 10:09:00+05:30,580,580.5,580,580.15,1897,
2016-12-09 10:10:00+05:30,579.95,580.25,579.9,580.25,352,
2016-12-09 10:11:00+05:30,580.25,580.25,579.25,579.25,722,
2016-12-09 10:12:00+05:30,579.15,579.3,578.7,578.7,1134,
2016-12-09 10:13:00+05:30,578.7,578.95,578.7,578.95,386,
2016-12-09 10:14:00+05:30,578.95,579.25,578.7,579.25,468,
2016-12-09 10:15:00+05:30,579.25,580,579.2,580,7421,
2016-12-09 10:16:00+05:30,580,580.25,580,580,824,
2016-12-09 10:17:00+05:30,580,580.25,580,580.25,859,
2016-12-09 10:18:00+05:30,580.25,580.5,580.1,580.45,1377,
2016-12-09 10:19:00+05:30,580.45,580.55,580.45,580.55,432,
2016-12-09 10:20:00+05:30,580.25,580.55,580.25,580.25,1158,
2016-12-09 10:21:00+05:30,580.25,581.35,580.25,581.35,4683,
2016-12-09 10:22:00+05:30,581.35,582.25,581.1,582.05,5638,
2016-12-09 10:23:00+05:30,582.05,583.5,582.05,582.4,10861,
2016-12-09 10:24:00+05:30,582.4,582.95,582.4,582.85,1000,
2016-12-09 10:25:00+05:30,582.85,584.5,582.85,583.55,8378,
2016-12-09 10:26:00+05:30,583.55,583.8,582.5,582.75,2650,
2016-12-09 10:27:00+05:30,582.75,583,582.2,582.65,1087,
2016-12-09 10:28:00+05:30,582.4,582.5,582.1,582.5,653,
2016-12-09 10:29:00+05:30,582.5,582.9,582.15,582.4,394,
2016-12-09 10:30:00+05:30,582.15,582.4,581.85,582.1,968,
2016-12-09 10:31:00+05:30,582.1,582.15,580.7,581.15,3639,
2016-12-09 10:32:00+05:30,581.15,581.2,580.35,580.35,2984,
2016-12-09 10:33:00+05:30,580.6,580.6,580.25,580.6,575,
2016-12-09 10:34:00+05:30,580.6,580.6,580.05,580.3,1527,
2016-12-09 10:35:00+05:30,580.3,580.4,579.95,580.05,1697,
2016-12-09 10:36:00+05:30,580,580,579,579,1459,
2016-12-09 10:37:00+05:30,578.95,579.3,578.65,579.3,1906,
2016-12-09 10:38:00+05:30,579.3,579.6,579.3,579.35,452,
2016-12-09 10:39:00+05:30,579.45,579.5,579.05,579.15,1908,
2016-12-09 10:40:00+05:30,579.15,579.55,579.15,579.55,278,
2016-12-09 10:41:00+05:30,579.55,580,579.55,580,1007,
2016-12-09 10:42:00+05:30,580,580.2,579.65,580.1,976,
2016-12-09 10:43:00+05:30,580.1,580.5,580.1,580.5,244,
2016-12-09 10:44:00+05:30,580.5,581.6,580,581.4,790,
2016-12-09 10:45:00+05:30,581.4,581.4,581.1,581.1,169,
2016-12-09 10:46:00+05:30,581.1,581.4,580.85,580.95,361,
2016-12-09 10:47:00+05:30,580.95,581,580.55,580.55,410,
2016-12-09 10:48:00+05:30,580.55,581.2,580.55,580.8,436,
2016-12-09 10:49:00+05:30,580.8,580.85,580.55,580.6,917,
2016-12-09 10:50:00+05:30,580.6,580.6,580.55,580.55,72,
2016-12-09 10:51:00+05:30,580.55,580.8,580.35,580.55,788,
2016-12-09 10:52:00+05:30,580.55,581,580.55,580.7,409,
2016-12-09 10:53:00+05:30,580.7,580.85,580.6,580.65,206,
2016-12-09 10:54:00+05:30,580.6,580.6,580.2,580.55,312,
2016-12-09 10:55:00+05:30,580.55,580.75,580.4,580.4,733,
2016-12-09 10:56:00+05:30,580.4,580.7,580.05,580.7,665,
2016-12-09 10:57:00+05:30,580.7,580.7,580,580,2031,
2016-12-09 10:58:00+05:30,580.1,580.1,579.95,579.95,357,
2016-12-09 10:59:00+05:30,579.95,579.95,579.4,579.8,1106,
2016-12-09 11:00:00+05:30,579.8,579.8,579.4,579.45,179,
2016-12-09 11:01:00+05:30,579.7,579.7,579.45,579.5,227,
2016-12-09 11:02:00+05:30,579.5,580.7,579.5,580.25,700,
2016-12-09 11:03:00+05:30,580.25,580.3,580,580,467,
2016-12-09 11:04:00+05:30,580,580,579.4,579.4,742,
2016-12-09 11:05:00+05:30,579.4,579.75,579,579.05,2146,
2016-12-09 11:06:00+05:30,579.2,579.5,579.05,579.05,1818,
2016-12-09 11:07:00+05:30,579.05,579.45,579.05,579.3,169,
2016-12-09 11:08:00+05:30,579.3,579.55,579.25,579.25,133,
2016-12-09 11:09:00+05:30,579.25,579.25,579.1,579.1,658,
2016-12-09 11:10:00+05:30,579.1,579.8,579.1,579.3,1053,
2016-12-09 11:11:00+05:30,579.15,579.3,579.05,579.1,486,
2016-12-09 11:12:00+05:30,579.1,579.55,579.1,579.1,389,
2016-12-09 11:13:00+05:30,579.1,579.1,579.1,579.1,176,
2016-12-09 11:14:00+05:30,579.1,579.1,578.65,578.8,3177,
2016-12-09 11:15:00+05:30,578.8,579,578.65,578.7,1663,
2016-12-09 11:16:00+05:30,578.7,579,578.7,578.8,72,
2016-12-09 11:17:00+05:30,578.75,578.85,578.7,578.7,438,
2016-12-09 11:18:00+05:30,578.7,578.85,578.7,578.85,355,
2016-12-09 11:19:00+05:30,578.85,579.15,578.85,578.9,298,
2016-12-09 11:20:00+05:30,578.9,578.9,578.9,578.9,91,
2016-12-09 11:21:00+05:30,578.9,579,578.75,578.75,152,
2016-12-09 11:22:00+05:30,578.75,578.75,578.1,578.35,1467,
2016-12-09 11:23:00+05:30,578.2,578.35,578.15,578.15,404,
2016-12-09 11:24:00+05:30,578.15,578.3,578.15,578.15,160,
2016-12-09 11:25:00+05:30,578.15,578.55,578.15,578.2,1175,
2016-12-09 11:26:00+05:30,578.2,578.55,578.2,578.2,66,
2016-12-09 11:27:00+05:30,578.2,578.25,578.2,578.2,185,
2016-12-09 11:28:00+05:30,578.2,578.25,578.2,578.25,293,
2016-12-09 11:29:00+05:30,578.2,578.3,578.15,578.15,916,
2016-12-09 11:30:00+05:30,578.1,578.1,578,578,613,
2016-12-09 11:31:00+05:30,578,578,578,578,2048,
2016-12-09 11:32:00+05:30,578,578.1,577.8,578.1,1020,
2016-12-09 11:33:00+05:30,577.8,577.8,577.5,577.75,1966,
2016-12-09 11:34:00+05:30,577.6,578.5,577.6,578.15,1482,
2016-12-09 11:35:00+05:30,578.15,578.6,578.15,578.3,668,
2016-12-09 11:36:00+05:30,578.5,579.1,578.3,579.1,625,
2016-12-09 11:37:00+05:30,579.1,579.25,578.75,579.15,690,
2016-12-09 11:38:00+05:30,579.05,580.5,579.05,579.75,1775,
2016-12-09 11:39:00+05:30,579.75,579.75,579.45,579.7,508,
2016-12-09 11:40:00+05:30,579.7,580,579.7,579.7,383,
2016-12-09 11:41:00+05:30,579.4,579.4,579.3,579.3,171,
2016-12-09 11:42:00+05:30,579.3,579.3,578.55,578.55,835,
2016-12-09 11:43:00+05:30,578.55,579.2,578.55,578.85,337,
2016-12-09 11:44:00+05:30,578.8,579,578.8,578.95,115,
2016-12-09 11:45:00+05:30,578.95,579.2,578.6,579.2,342,
2016-12-09 11:46:00+05:30,579.2,580,579.2,579.55,1531,
2016-12-09 11:47:00+05:30,579.55,579.55,579.05,579.05,228,
2016-12-09 11:48:00+05:30,579.05,579.8,579.05,579.45,1658,
2016-12-09 11:49:00+05:30,579.45,579.75,579.4,579.4,886,
2016-12-09 11:50:00+05:30,579.1,579.1,578.65,578.65,1548,
2016-12-09 11:51:00+05:30,578.45,579.6,578.45,579.6,1345,
2016-12-09 11:52:00+05:30,579.6,579.6,579.45,579.45,300,
2016-12-09 11:53:00+05:30,579.5,580.1,579.5,580.1,1185,
2016-12-09 11:54:00+05:30,580.1,580.3,580,580.25,159,
2016-12-09 11:55:00+05:30,580.25,580.3,580.25,580.25,337,
2016-12-09 11:56:00+05:30,580.25,580.45,580.05,580.4,592,
2016-12-09 11:57:00+05:30,580.4,580.4,579.8,579.95,1030,
2016-12-09 11:58:00+05:30,579.95,580.3,579.95,580,193,
2016-12-09 11:59:00+05:30,580,580,580,580,136,
2016-12-09 12:00:00+05:30,580,580,579.1,579.1,1005,
2016-12-09 12:01:00+05:30,579.1,579.4,579.1,579.1,158,
2016-12-09 12:02:00+05:30,579.1,579.1,578.75,578.75,654,
2016-12-09 12:03:00+05:30,578.75,578.75,578.7,578.75,129,
2016-12-09 12:04:00+05:30,578.75,578.75,578.6,578.6,327,
2016-12-09 12:05:00+05:30,578.6,578.9,578.6,578.7,246,
2016-12-09 12:06:00+05:30,578.7,578.9,578.7,578.7,310,
2016-12-09 12:07:00+05:30,578.7,579.1,578.7,578.75,767,
2016-12-09 12:08:00+05:30,579.2,579.2,578.85,578.95,346,
2016-12-09 12:09:00+05:30,578.95,579.2,578.95,579.1,298,
2016-12-09 12:10:00+05:30,579.1,579.25,578.95,578.95,348,
2016-12-09 12:11:00+05:30,578.95,579.2,578.95,579.2,309,
2016-12-09 12:12:00+05:30,578.95,579.7,578.95,579.7,664,
2016-12-09 12:13:00+05:30,579.7,579.7,579.45,579.45,566,
2016-12-09 12:14:00+05:30,579.45,579.6,579.35,579.35,241,
2016-12-09 12:15:00+05:30,579.35,579.55,579.25,579.55,365,
2016-12-09 12:16:00+05:30,579.55,579.9,579.55,579.6,1018,
2016-12-09 12:17:00+05:30,579.6,580.5,579.6,580.5,1557,
2016-12-09 12:18:00+05:30,580.5,580.5,580.2,580.2,869,
2016-12-09 12:19:00+05:30,580.2,580.25,579.8,580.05,2920,
2016-12-09 12:20:00+05:30,580.05,580.5,580.05,580.25,266,
2016-12-09 12:21:00+05:30,580.25,580.5,580.25,580.3,634,
2016-12-09 12:22:00+05:30,580.25,580.25,579.7,579.7,528,
2016-12-09 12:23:00+05:30,579.6,579.65,579.55,579.55,205,
2016-12-09 12:24:00+05:30,579.55,579.9,579.55,579.9,440,
2016-12-09 12:25:00+05:30,579.55,579.75,579.55,579.55,307,
2016-12-09 12:26:00+05:30,579.55,579.8,579.55,579.6,251,
2016-12-09 12:27:00+05:30,579.7,579.95,579.7,579.75,186,
2016-12-09 12:28:00+05:30,580,580,579.75,579.75,269,
2016-12-09 12:29:00+05:30,579.7,579.95,579.55,579.65,340,
2016-12-09 12:30:00+05:30,579.65,579.95,579.65,579.8,183,
2016-12-09 12:31:00+05:30,579.8,579.8,579.5,579.5,1981,
2016-12-09 12:32:00+05:30,579.1,579.5,578.7,578.7,1193,
2016-12-09 12:33:00+05:30,578.7,578.7,578.7,578.7,1284,
2016-12-09 12:34:00+05:30,578.7,579.15,578.65,578.65,2315,
2016-12-09 12:35:00+05:30,578.65,579.35,578.55,578.55,1211,
2016-12-09 12:36:00+05:30,578.55,579.05,578.55,579.05,514,
2016-12-09 12:37:00+05:30,578.95,579.2,578.95,579.2,102,
2016-12-09 12:38:00+05:30,579.2,579.45,579.2,579.45,221,
2016-12-09 12:39:00+05:30,579.15,579.8,579.15,579.8,1590,
2016-12-09 12:40:00+05:30,579.8,579.8,579.7,579.8,176,
2016-12-09 12:41:00+05:30,579.8,579.8,579.45,579.45,410,
2016-12-09 12:42:00+05:30,579.45,579.45,579.1,579.35,212,
2016-12-09 12:43:00+05:30,579.35,579.7,579.35,579.45,65,
2016-12-09 12:44:00+05:30,579.45,579.95,579.45,579.8,344,
2016-12-09 12:45:00+05:30,579.8,579.8,579.55,579.8,160,
2016-12-09 12:46:00+05:30,579.95,580.25,579.95,580,1798,
2016-12-09 12:47:00+05:30,580,580.2,580,580.2,149,
2016-12-09 12:48:00+05:30,580.2,580.3,580,580.3,163,
2016-12-09 12:49:00+05:30,580.3,580.3,580,580.3,257,
2016-12-09 12:50:00+05:30,580.3,580.35,580.2,580.2,366,
2016-12-09 12:51:00+05:30,580.2,580.45,580.2,580.3,305,
2016-12-09 12:52:00+05:30,580.3,580.3,580.1,580.1,209,
2016-12-09 12:53:00+05:30,580.1,580.1,580.05,580.05,676,
2016-12-09 12:54:00+05:30,580.05,580.1,580,580,765,
2016-12-09 12:55:00+05:30,580,580,579.75,579.75,422,
2016-12-09 12:56:00+05:30,580,580.3,580,580.15,437,
2016-12-09 12:57:00+05:30,580.3,580.5,580.3,580.5,1250,
2016-12-09 12:58:00+05:30,580.5,580.5,580.35,580.4,325,
2016-12-09 12:59:00+05:30,580.4,580.65,580.2,580.65,979,
2016-12-09 13:00:00+05:30,580.2,581.75,580.2,581.75,4632,
2016-12-09 13:01:00+05:30,581.75,582,581.6,582,1510,
2016-12-09 13:02:00+05:30,582,582.5,581.5,581.9,3018,
2016-12-09 13:03:00+05:30,581.9,582.1,580.35,580.35,1514,
2016-12-09 13:04:00+05:30,580.35,580.6,579.95,580,2288,
2016-12-09 13:05:00+05:30,580,580.4,580,580.4,127,
2016-12-09 13:06:00+05:30,580.4,580.4,580,580.05,208,
2016-12-09 13:07:00+05:30,580.05,580.4,580.05,580.1,96,
2016-12-09 13:08:00+05:30,580.1,580.4,580,580,312,
2016-12-09 13:09:00+05:30,580.05,580.05,579.8,579.8,1469,
2016-12-09 13:10:00+05:30,579.8,579.9,579.6,579.65,280,
2016-12-09 13:11:00+05:30,579.65,580.5,579.65,580.1,351,
2016-12-09 13:12:00+05:30,580.1,580.65,580.05,580.1,594,
2016-12-09 13:13:00+05:30,580.1,580.1,580.05,580.1,225,
2016-12-09 13:14:00+05:30,580.1,580.1,580,580,599,
2016-12-09 13:15:00+05:30,580,580.1,579.9,579.9,570,
2016-12-09 13:16:00+05:30,579.9,579.9,579.55,579.8,1053,
2016-12-09 13:17:00+05:30,579.8,580,579.8,579.8,173,
2016-12-09 13:18:00+05:30,579.8,580,579.8,580,146,
2016-12-09 13:19:00+05:30,579.8,580.25,579.8,580.25,477,
2016-12-09 13:20:00+05:30,580.15,580.25,580,580.25,210,
2016-12-09 13:21:00+05:30,580.05,580.25,580.05,580.05,422,
2016-12-09 13:22:00+05:30,580.05,580.2,580,580,329,
2016-12-09 13:23:00+05:30,580,580.2,580,580.15,229,
2016-12-09 13:24:00+05:30,580.15,580.2,580.05,580.05,222,
2016-12-09 13:25:00+05:30,580,580.05,579.85,579.85,326,
2016-12-09 13:26:00+05:30,579.85,580,579.8,579.8,368,
2016-12-09 13:27:00+05:30,579.8,579.9,579.8,579.8,126,
2016-12-09 13:28:00+05:30,579.8,580,579.6,579.75,406,
2016-12-09 13:29:00+05:30,579.6,580,579.6,579.65,247,
2016-12-09 13:30:00+05:30,579.65,580,579.6,579.75,248,
2016-12-09 13:31:00+05:30,579.75,580.2,579.7,580.15,1062,
2016-12-09 13:32:00+05:30,579.8,580.25,579.75,579.8,385,
2016-12-09 13:33:00+05:30,580.2,580.25,579.8,579.8,449,
2016-12-09 13:34:00+05:30,580.2,580.25,579.8,579.85,677,
2016-12-09 13:35:00+05:30,580.25,580.95,580,580.95,402,
2016-12-09 13:36:00+05:30,581.05,581.4,580.85,581.3,2182,
2016-12-09 13:37:00+05:30,581.8,581.8,581.1,581.1,616,
2016-12-09 13:38:00+05:30,581.1,581.65,581,581.25,1076,
2016-12-09 13:39:00+05:30,581.5,582.2,581.25,582.2,3572,
2016-12-09 13:40:00+05:30,582.2,582.2,581.6,581.6,1573,
2016-12-09 13:41:00+05:30,582.2,582.25,581.2,581.2,631,
2016-12-09 13:42:00+05:30,581.8,581.95,581.3,581.4,529,
2016-12-09 13:43:00+05:30,581.95,581.95,581.5,581.5,585,
2016-12-09 13:44:00+05:30,582,582,581.35,581.6,459,
2016-12-09 13:45:00+05:30,581.6,581.85,581.45,581.45,793,
2016-12-09 13:46:00+05:30,581.45,581.9,581,581.4,567,
2016-12-09 13:47:00+05:30,581.5,581.55,580.75,581.4,1846,
2016-12-09 13:48:00+05:30,581.1,581.55,581.05,581.05,1025,
2016-12-09 13:49:00+05:30,581.5,581.55,580.9,581.45,5435,
2016-12-09 13:50:00+05:30,580.9,581.45,580.9,581.1,752,
2016-12-09 13:51:00+05:30,581.55,581.55,581.1,581.1,583,
2016-12-09 13:52:00+05:30,581.45,581.45,581,581,723,
2016-12-09 13:53:00+05:30,581.4,581.45,581.05,581.45,683,
2016-12-09 13:54:00+05:30,581.6,581.6,581.35,581.35,744,
2016-12-09 13:55:00+05:30,581.65,581.75,581.35,581.35,1177,
2016-12-09 13:56:00+05:30,581.8,581.8,581,581.05,861,
2016-12-09 13:57:00+05:30,581.4,581.4,580.2,580.3,748,
2016-12-09 13:58:00+05:30,580.3,580.75,580.3,580.5,723,
2016-12-09 13:59:00+05:30,580.45,581.4,580.4,580.6,1565,
2016-12-09 14:00:00+05:30,580.6,581.4,580.6,581.3,477,
2016-12-09 14:01:00+05:30,581.3,581.8,581.1,581.35,1741,
2016-12-09 14:02:00+05:30,581.8,581.8,581.3,581.4,1400,
2016-12-09 14:03:00+05:30,581.45,581.5,580.85,581,1353,
2016-12-09 14:04:00+05:30,581,581,580.65,580.75,1180,
2016-12-09 14:05:00+05:30,580.65,580.9,580.15,580.15,1809,
2016-12-09 14:06:00+05:30,580,580.7,579.5,579.55,1384,
2016-12-09 14:07:00+05:30,580.1,580.4,578.85,578.85,4431,
2016-12-09 14:08:00+05:30,578.85,579,578.75,578.75,2624,
2016-12-09 14:09:00+05:30,579.2,579.65,578.9,579.35,902,
2016-12-09 14:10:00+05:30,579.95,579.95,579.2,579.2,771,
2016-12-09 14:11:00+05:30,579.5,579.5,579.15,579.2,1297,
2016-12-09 14:12:00+05:30,579.2,579.4,578.75,578.8,1289,
2016-12-09 14:13:00+05:30,579,579,578.6,578.65,909,
2016-12-09 14:14:00+05:30,579,579.1,578.65,578.65,903,
2016-12-09 14:15:00+05:30,579,579,578.65,578.65,775,
2016-12-09 14:16:00+05:30,579,579,578.65,578.7,1362,
2016-12-09 14:17:00+05:30,578.7,579,578.5,578.75,947,
2016-12-09 14:18:00+05:30,578.75,578.9,578.55,578.55,784,
2016-12-09 14:19:00+05:30,578.9,579,578.5,578.75,1710,
2016-12-09 14:20:00+05:30,578.75,579.25,578.75,579,912,
2016-12-09 14:21:00+05:30,579.15,579.8,579.05,579.65,956,
2016-12-09 14:22:00+05:30,579.65,579.65,579.1,579.1,732,
2016-12-09 14:23:00+05:30,579.7,579.7,579.2,579.25,660,
2016-12-09 14:24:00+05:30,579.7,579.7,579.25,579.25,913,
2016-12-09 14:25:00+05:30,579.75,579.8,579.25,579.3,796,
2016-12-09 14:26:00+05:30,579.75,579.8,579.15,579.15,836,
2016-12-09 14:27:00+05:30,579.65,579.7,579.25,579.35,605,
2016-12-09 14:28:00+05:30,579.35,580.2,579.35,579.9,2634,
2016-12-09 14:29:00+05:30,579.7,579.95,579.15,579.2,821,
2016-12-09 14:30:00+05:30,579.2,579.7,579.2,579.2,1055,
2016-12-09 14:31:00+05:30,579.2,579.7,579.2,579.2,2080,
2016-12-09 14:32:00+05:30,579.25,579.6,579.2,579.2,1557,
2016-12-09 14:33:00+05:30,579.25,579.5,578.9,579.05,2052,
2016-12-09 14:34:00+05:30,579.35,579.35,578.45,578.45,1607,
2016-12-09 14:35:00+05:30,579.05,579.05,578.45,578.5,776,
2016-12-09 14:36:00+05:30,578.5,578.7,578.5,578.5,874,
2016-12-09 14:37:00+05:30,578.7,579.3,578.5,578.85,1272,
2016-12-09 14:38:00+05:30,578.75,579.45,578.75,579.15,760,
2016-12-09 14:39:00+05:30,578.95,580,578.95,579.05,1874,
2016-12-09 14:40:00+05:30,579.05,579.55,578.8,578.95,1307,
2016-12-09 14:41:00+05:30,579.3,579.9,578.55,579.55,7317,
2016-12-09 14:42:00+05:30,579.55,580,579,579,996,
2016-12-09 14:43:00+05:30,579,579.55,578.85,578.85,688,
2016-12-09 14:44:00+05:30,578.85,579.5,578.85,579.15,1037,
2016-12-09 14:45:00+05:30,579.55,579.75,579.1,579.15,1108,
2016-12-09 14:46:00+05:30,579.65,579.65,579,579.05,1946,
2016-12-09 14:47:00+05:30,579.05,579.75,579,579.1,3550,
2016-12-09 14:48:00+05:30,579.05,579.65,579.05,579.15,563,
2016-12-09 14:49:00+05:30,579.35,579.4,579.05,579.25,551,
2016-12-09 14:50:00+05:30,579.3,579.35,578.9,579,544,
2016-12-09 14:51:00+05:30,579,579.45,579,579.2,506,
2016-12-09 14:52:00+05:30,579.5,579.5,579.15,579.2,469,
2016-12-09 14:53:00+05:30,579.2,579.55,579.15,579.15,493,
2016-12-09 14:54:00+05:30,579.15,579.9,579.15,579.8,936,
2016-12-09 14:55:00+05:30,579.8,579.95,579.4,579.9,999,
2016-12-09 14:56:00+05:30,579.5,579.95,579.5,579.5,737,
2016-12-09 14:57:00+05:30,579.6,579.6,579.1,579.15,883,
2016-12-09 14:58:00+05:30,579.5,579.55,578.95,579.45,932,
2016-12-09 14:59:00+05:30,579.15,579.5,579.15,579.5,635,
2016-12-09 15:00:00+05:30,579.5,579.9,579.25,579.7,2992,
2016-12-09 15:01:00+05:30,579.7,580.1,579.6,579.95,4191,
2016-12-09 15:02:00+05:30,579.95,581,579.95,580.95,2951,
2016-12-09 15:03:00+05:30,580.9,580.9,580.25,580.75,3011,
2016-12-09 15:04:00+05:30,580.75,581,580.55,580.55,2501,
2016-12-09 15:05:00+05:30,580.55,580.55,580.1,580.35,2156,
2016-12-09 15:06:00+05:30,580.3,580.8,580.25,580.5,1252,
2016-12-09 15:07:00+05:30,580.5,581,580.25,580.3,3941,
2016-12-09 15:08:00+05:30,580.3,580.4,579.95,579.95,2248,
2016-12-09 15:09:00+05:30,579.75,580,579.75,579.9,3128,
2016-12-09 15:10:00+05:30,579.9,579.9,578.5,578.5,5157,
2016-12-09 15:11:00+05:30,578.5,578.95,578,578.85,6253,
2016-12-09 15:12:00+05:30,578.9,578.9,578,578.35,4774,
2016-12-09 15:13:00+05:30,578.2,578.25,577.5,577.55,8030,
2016-12-09 15:14:00+05:30,577.55,577.55,577.4,577.5,3437,
2016-12-09 15:15:00+05:30,577.5,577.7,577.15,577.15,4549,
2016-12-09 15:16:00+05:30,577.15,578,576.7,577.6,8786,
2016-12-09 15:17:00+05:30,577.6,578,577.45,577.7,3276,
2016-12-09 15:18:00+05:30,577.7,578.45,577.7,578.45,2014,
2016-12-09 15:19:00+05:30,578.4,578.85,578.4,578.85,3608,
2016-12-09 15:20:00+05:30,578.9,578.95,578.9,578.9,3704,
2016-12-09 15:21:00+05:30,578.9,578.95,578.8,578.9,3352,
2016-12-09 15:22:00+05:30,578.9,578.9,578.8,578.85,2396,
2016-12-09 15:23:00+05:30,578.9,579.35,578.85,579.25,2713,
2016-12-09 15:24:00+05:30,579.25,580,579.25,579.85,5151,
2016-12-09 15:25:00+05:30,579.85,580,579.35,579.5,4855,
2016-12-09 15:26:00+05:30,579.8,579.9,579.55,579.7,4216,
2016-12-09 15:27:00+05:30,579.8,579.8,578.2,578.2,5397,
2016-12-09 15:28:00+05:30,578.2,578.6,576.85,577.65,2516,
2016-12-09 15:29:00+05:30,577.65,578.1,576.5,576.75,4270,
2016-12-12 09:15:00+05:30,577.8,578.9,575.1,578.9,2877,
2016-12-12 09:16:00+05:30,578.75,579.1,577.85,578.9,1047,
2016-12-12 09:17:00+05:30,579.1,579.45,578.8,579.3,1208,
2016-12-12 09:18:00+05:30,579.35,579.5,578.9,579.2,241,
2016-12-12 09:19:00+05:30,579.2,579.95,579.2,579.95,446,
2016-12-12 09:20:00+05:30,579.95,581.75,579.7,581.35,1706,
2016-12-12 09:21:00+05:30,581.35,581.8,580.6,581.05,1062,
2016-12-12 09:22:00+05:30,581.05,581.2,579.75,580.3,3574,
2016-12-12 09:23:00+05:30,580.3,581,580.3,580.45,1050,
2016-12-12 09:24:00+05:30,580.45,581,580.45,580.6,164,
2016-12-12 09:25:00+05:30,580.6,580.6,579.8,579.8,858,
2016-12-12 09:26:00+05:30,579.8,580,579.75,579.75,404,
2016-12-12 09:27:00+05:30,579.75,579.75,579.1,579.1,780,
2016-12-12 09:28:00+05:30,579.1,579.1,578.65,578.65,227,
2016-12-12 09:29:00+05:30,578.65,578.95,578.5,578.6,1802,
2016-12-12 09:30:00+05:30,578.6,580.9,577.85,580.65,1972,
2016-12-12 09:31:00+05:30,580.65,580.75,580.4,580.4,382,
2016-12-12 09:32:00+05:30,580.4,580.55,580.2,580.25,1038,
2016-12-12 09:33:00+05:30,580.25,580.7,580.25,580.7,960,
2016-12-12 09:34:00+05:30,580.85,581.75,580.6,581.65,5195,
2016-12-12 09:35:00+05:30,581.65,581.95,580.45,580.45,4307,
2016-12-12 09:36:00+05:30,580.45,580.9,579.3,580.8,4174,
2016-12-12 09:37:00+05:30,580.8,580.9,580.05,580.9,1113,
2016-12-12 09:38:00+05:30,581,581,580,580.25,1204,
2016-12-12 09:39:00+05:30,580.25,580.9,580.05,580.4,965,
2016-12-12 09:40:00+05:30,580.4,580.9,580.2,580.65,632,
2016-12-12 09:41:00+05:30,580.65,580.65,580.2,580.45,606,
2016-12-12 09:42:00+05:30,580.2,580.45,579.55,579.55,955,
2016-12-12 09:43:00+05:30,579.85,580.4,579.5,580.4,721,
2016-12-12 09:44:00+05:30,580.4,580.95,580.4,580.55,600,
2016-12-12 09:45:00+05:30,580.55,580.9,580.25,580.7,447,
2016-12-12 09:46:00+05:30,580.9,580.9,580.25,580.75,1114,
2016-12-12 09:47:00+05:30,580.75,580.75,580.4,580.7,248,
2016-12-12 09:48:00+05:30,580.7,580.7,580.25,580.3,247,
2016-12-12 09:49:00+05:30,580.3,580.3,579.95,579.95,1234,
2016-12-12 09:50:00+05:30,580.2,580.55,579.55,580.05,1608,
2016-12-12 09:51:00+05:30,580.45,580.7,580.15,580.2,883,
2016-12-12 09:52:00+05:30,580.45,580.55,579.65,579.65,916,
2016-12-12 09:53:00+05:30,579.65,580.1,579.35,579.65,850,
2016-12-12 09:54:00+05:30,579.65,579.95,579.35,579.6,655,
2016-12-12 09:55:00+05:30,579.95,579.95,579.05,579.05,418,
2016-12-12 09:56:00+05:30,579.2,579.2,579.05,579.05,307,
2016-12-12 09:57:00+05:30,579.35,579.55,579.05,579.55,491,
2016-12-12 09:58:00+05:30,579.55,579.55,579.15,579.15,614,
2016-12-12 09:59:00+05:30,579.15,579.2,579.05,579.2,605,
2016-12-12 10:00:00+05:30,579.2,579.2,578.75,578.9,372,
2016-12-12 10:01:00+05:30,579.2,579.2,578.7,578.85,165,
2016-12-12 10:02:00+05:30,578.75,579.2,578.75,578.85,1684,
2016-12-12 10:03:00+05:30,579.2,579.25,578.85,578.85,321,
2016-12-12 10:04:00+05:30,578.7,579.15,578.7,579.1,380,
2016-12-12 10:05:00+05:30,579.15,579.2,578.7,579.2,839,
2016-12-12 10:06:00+05:30,579.2,579.2,578.35,579.2,9012,
2016-12-12 10:07:00+05:30,579.2,580,579.2,579.7,1529,
2016-12-12 10:08:00+05:30,579.95,580,578.8,578.8,3812,
2016-12-12 10:09:00+05:30,578.8,579.1,578.7,578.7,2561,
2016-12-12 10:10:00+05:30,578.75,580,578.75,579.95,5160,
2016-12-12 10:11:00+05:30,579.95,580.1,579.5,579.85,7802,
2016-12-12 10:12:00+05:30,579.85,579.85,579.3,579.3,503,
2016-12-12 10:13:00+05:30,579.7,579.7,579.15,579.55,347,
2016-12-12 10:14:00+05:30,579.55,579.6,578.7,578.8,1520,
2016-12-12 10:15:00+05:30,578.8,579,578.5,578.7,12957,
2016-12-12 10:16:00+05:30,578.75,579,578.45,579,2853,
2016-12-12 10:17:00+05:30,578.7,579,578.5,578.9,562,
2016-12-12 10:18:00+05:30,578.9,579.2,578.85,579.15,861,
2016-12-12 10:19:00+05:30,579.15,579.75,578.65,579,3327,
2016-12-12 10:20:00+05:30,579,579,578.55,578.9,332,
2016-12-12 10:21:00+05:30,578.9,578.95,578.45,578.9,2991,
2016-12-12 10:22:00+05:30,578.9,578.95,578.5,578.95,703,
2016-12-12 10:23:00+05:30,578.95,579,578.95,579,666,
2016-12-12 10:24:00+05:30,579,579,578.65,579,1021,
2016-12-12 10:25:00+05:30,579,579,578.7,579,41,
2016-12-12 10:26:00+05:30,579,579,578.7,579,116,
2016-12-12 10:27:00+05:30,579,579.2,578.8,579.2,892,
2016-12-12 10:28:00+05:30,579.2,579.2,578.8,579.2,489,
2016-12-12 10:29:00+05:30,579.2,579.2,578.85,579.2,170,
2016-12-12 10:30:00+05:30,579.2,579.2,578.8,579,152,
2016-12-12 10:31:00+05:30,579,579.2,578.8,579.2,517,
2016-12-12 10:32:00+05:30,579.2,579.6,579.05,579.55,815,
2016-12-12 10:33:00+05:30,579.05,579.55,579.05,579.5,254,
2016-12-12 10:34:00+05:30,579.5,580.2,579.5,580.2,1889,
2016-12-12 10:35:00+05:30,580.2,580.7,580,580.6,1069,
2016-12-12 10:36:00+05:30,580.6,580.7,580.55,580.55,478,
2016-12-12 10:37:00+05:30,580.7,580.7,580.3,580.6,800,
2016-12-12 10:38:00+05:30,580.6,580.6,580.2,580.45,303,
2016-12-12 10:39:00+05:30,580.5,580.5,579.65,580,1016,
2016-12-12 10:40:00+05:30,580,580,579.65,579.75,191,
2016-12-12 10:41:00+05:30,579.5,579.9,579.5,579.75,4009,
2016-12-12 10:42:00+05:30,579.9,579.9,579.4,579.75,198,
2016-12-12 10:43:00+05:30,579.75,579.95,578.95,579.45,1176,
2016-12-12 10:44:00+05:30,578.95,579.35,578.85,578.85,24720,
2016-12-12 10:45:00+05:30,578.85,580.15,578.85,580.15,31840,
2016-12-12 10:46:00+05:30,580.15,580.15,579.2,579.95,1185,
2016-12-12 10:47:00+05:30,579.95,579.95,579.75,579.75,51,
2016-12-12 10:48:00+05:30,579.95,579.95,579.95,579.95,51,
2016-12-12 10:49:00+05:30,579.95,580,579.75,580,216,
2016-12-12 10:50:00+05:30,580,580,579.6,579.6,319,
2016-12-12 10:51:00+05:30,579.6,579.6,579.2,579.25,541,
2016-12-12 10:52:00+05:30,579,579.25,579,579.25,1216,
2016-12-12 10:53:00+05:30,578.8,579.5,578.8,579.25,1456,
2016-12-12 10:54:00+05:30,579.25,579.25,578.9,579.1,121,
2016-12-12 10:55:00+05:30,579.1,579.1,578.85,579.1,158,
2016-12-12 10:56:00+05:30,579.1,580,579,579.95,260,
2016-12-12 10:57:00+05:30,579.95,580.15,579.95,580,228,
2016-12-12 10:58:00+05:30,580,580.5,579.8,580.25,401,
2016-12-12 10:59:00+05:30,580.25,580.5,580.25,580.5,93,
2016-12-12 11:00:00+05:30,580.5,580.7,580.25,580.25,1872,
2016-12-12 11:01:00+05:30,580.25,580.25,580.25,580.25,31,
2016-12-12 11:02:00+05:30,580.25,580.25,580.15,580.25,139,
2016-12-12 11:03:00+05:30,580.25,580.45,580.15,580.45,2617,
2016-12-12 11:04:00+05:30,580.45,580.45,580.15,580.15,81,
2016-12-12 11:05:00+05:30,580.15,580.35,580.15,580.35,51,
2016-12-12 11:06:00+05:30,580.35,580.35,580.15,580.25,68,
2016-12-12 11:07:00+05:30,580.25,580.25,579.55,580.05,200505,
2016-12-12 11:08:00+05:30,580.05,580.05,579.75,580,41,
2016-12-12 11:09:00+05:30,580,580,579.45,579.45,78,
2016-12-12 11:10:00+05:30,579.65,579.8,579.45,579.45,136,
2016-12-12 11:11:00+05:30,580,580.15,579.95,580.15,186,
2016-12-12 11:12:00+05:30,580.15,580.15,579.95,580.15,153,
2016-12-12 11:13:00+05:30,580.15,580.15,580,580.1,57,
2016-12-12 11:14:00+05:30,580.1,580.15,580,580.15,162,
2016-12-12 11:15:00+05:30,580.15,580.15,580,580,788,
2016-12-12 11:16:00+05:30,580,580.25,580,580.25,144,
2016-12-12 11:17:00+05:30,580.2,580.2,580,580,399,
2016-12-12 11:18:00+05:30,580,580.35,580,580.35,174,
2016-12-12 11:19:00+05:30,580.35,580.35,580,580.1,64,
2016-12-12 11:20:00+05:30,580.1,580.1,580,580.1,179,
2016-12-12 11:21:00+05:30,580.1,580.1,580,580,103,
2016-12-12 11:22:00+05:30,580.1,580.1,580,580,69,
2016-12-12 11:23:00+05:30,580.1,580.1,580,580.1,96,
2016-12-12 11:24:00+05:30,580.2,580.5,580.2,580.2,500,
2016-12-12 11:25:00+05:30,580.2,580.65,580.2,580.35,159,
2016-12-12 11:26:00+05:30,580.35,580.7,580.35,580.7,2223,
2016-12-12 11:27:00+05:30,580.7,580.75,580.4,580.75,8119,
2016-12-12 11:28:00+05:30,580.75,580.75,579.6,579.6,1992,
2016-12-12 11:29:00+05:30,579.6,580.35,579.6,580.05,3414,
2016-12-12 11:30:00+05:30,580.05,580.15,579.8,579.8,814,
2016-12-12 11:31:00+05:30,579.8,579.8,579.1,579.25,1024,
2016-12-12 11:32:00+05:30,579.25,579.25,578.7,578.75,4582,
2016-12-12 11:33:00+05:30,578.75,580,578.7,579.3,15879,
2016-12-12 11:34:00+05:30,579.3,579.3,579,579,546,
2016-12-12 11:35:00+05:30,579,579.2,579,579.2,4840,
2016-12-12 11:36:00+05:30,579.25,579.25,579.1,579.1,4067,
2016-12-12 11:37:00+05:30,579.1,579.3,579.05,579.2,3786,
2016-12-12 11:38:00+05:30,579.1,579.1,578.85,579,2196,
2016-12-12 11:39:00+05:30,579,579,578.6,578.8,665,
2016-12-12 11:40:00+05:30,578.8,578.85,578.45,578.85,16318,
2016-12-12 11:41:00+05:30,578.85,578.85,578.7,578.7,69,
2016-12-12 11:42:00+05:30,578.7,579,578.5,579,3484,
2016-12-12 11:43:00+05:30,579,579,578.55,578.6,4503,
2016-12-12 11:44:00+05:30,578.6,578.75,578.5,578.6,2331,
2016-12-12 11:45:00+05:30,578.6,578.85,578.6,578.65,3104,
2016-12-12 11:46:00+05:30,578.65,578.7,578.5,578.5,3691,
2016-12-12 11:47:00+05:30,578.5,579.35,578.5,579.15,948,
2016-12-12 11:48:00+05:30,579,579.15,579,579.15,659,
2016-12-12 11:49:00+05:30,579.15,579.15,578.7,578.8,297,
2016-12-12 11:50:00+05:30,578.8,578.8,578.7,578.7,255,
2016-12-12 11:51:00+05:30,578.7,578.95,578.7,578.9,282,
2016-12-12 11:52:00+05:30,578.9,578.9,578.85,578.9,87,
2016-12-12 11:53:00+05:30,578.9,578.9,578.8,578.8,657,
2016-12-12 11:54:00+05:30,578.8,579,578.65,578.75,1247,
2016-12-12 11:55:00+05:30,578.75,579.1,578.7,579.1,433,
2016-12-12 11:56:00+05:30,579.1,579.1,578.7,579,25,
2016-12-12 11:57:00+05:30,579,579,578.9,578.9,71,
2016-12-12 11:58:00+05:30,578.8,578.9,578.65,578.85,1179,
2016-12-12 11:59:00+05:30,578.85,578.9,578.6,578.9,574,
2016-12-12 12:00:00+05:30,578.6,578.9,578.6,578.6,32,
2016-12-12 12:01:00+05:30,578.6,578.9,578.6,578.9,153,
2016-12-12 12:02:00+05:30,578.6,578.9,578.6,578.6,70,
2016-12-12 12:03:00+05:30,578.6,578.9,578.6,578.9,49,
2016-12-12 12:04:00+05:30,578.9,578.9,578.65,578.9,168,
2016-12-12 12:05:00+05:30,578.9,578.9,578.75,578.9,92,
2016-12-12 12:06:00+05:30,578.75,578.9,578.75,578.9,45,
2016-12-12 12:07:00+05:30,578.9,578.9,578.75,578.75,181,
2016-12-12 12:08:00+05:30,578.65,578.85,578.5,578.5,3373,
2016-12-12 12:09:00+05:30,578.85,578.9,578.5,578.9,592,
2016-12-12 12:10:00+05:30,578.9,579,578.85,579,381,
2016-12-12 12:11:00+05:30,579,579,578.9,579,242,
2016-12-12 12:12:00+05:30,579,579.1,578.9,578.9,107,
2016-12-12 12:13:00+05:30,578.9,579,578.5,579,8488,
2016-12-12 12:14:00+05:30,578.65,579,578.65,578.65,63,
2016-12-12 12:15:00+05:30,578.65,579,578.65,579,1200,
2016-12-12 12:16:00+05:30,579,579,578.5,578.7,1397,
2016-12-12 12:17:00+05:30,578.7,579,578.7,578.85,139,
2016-12-12 12:18:00+05:30,578.7,578.85,578.55,578.55,336,
2016-12-12 12:19:00+05:30,578.55,578.85,578.55,578.8,2598,
2016-12-12 12:20:00+05:30,578.8,578.8,578.65,578.8,102,
2016-12-12 12:21:00+05:30,578.8,578.85,578.6,578.85,241,
2016-12-12 12:22:00+05:30,578.85,578.85,578.55,578.55,1675,
2016-12-12 12:23:00+05:30,578.55,578.85,578.55,578.85,456,
2016-12-12 12:24:00+05:30,578.55,578.85,578.55,578.55,51,
2016-12-12 12:25:00+05:30,578.55,578.85,578.55,578.8,99,
2016-12-12 12:26:00+05:30,578.55,578.85,578.5,578.8,486,
2016-12-12 12:27:00+05:30,578.8,578.85,578.5,578.5,1769,
2016-12-12 12:28:00+05:30,578.85,578.95,578.5,578.95,339,
2016-12-12 12:29:00+05:30,578.95,578.95,578.55,578.8,247,
2016-12-12 12:30:00+05:30,578.8,578.8,578.55,578.55,78,
2016-12-12 12:31:00+05:30,578.55,578.8,578.55,578.8,95,
2016-12-12 12:32:00+05:30,578.8,578.95,578.45,578.95,5083,
2016-12-12 12:33:00+05:30,579,579,578.5,578.9,142,
2016-12-12 12:34:00+05:30,578.9,578.9,578.5,578.8,405,
2016-12-12 12:35:00+05:30,578.8,578.8,578.5,578.5,2528,
2016-12-12 12:36:00+05:30,578.65,578.65,578.5,578.5,369,
2016-12-12 12:37:00+05:30,578.5,578.65,578.5,578.5,51,
2016-12-12 12:38:00+05:30,578.5,578.65,578.5,578.65,234,
2016-12-12 12:39:00+05:30,578.65,578.9,578.45,578.5,22818,
2016-12-12 12:40:00+05:30,578.9,578.9,578.25,578.5,1769,
2016-12-12 12:41:00+05:30,578.5,578.95,578.5,578.8,213,
2016-12-12 12:42:00+05:30,578.8,578.8,578.5,578.5,449,
2016-12-12 12:43:00+05:30,578.5,578.5,578.2,578.5,306,
2016-12-12 12:44:00+05:30,578.5,578.7,578.3,578.3,40,
2016-12-12 12:45:00+05:30,578.3,578.8,578.25,578.3,378,
2016-12-12 12:46:00+05:30,578.3,578.3,578.2,578.2,138,
2016-12-12 12:47:00+05:30,578.2,578.2,578,578,2180,
2016-12-12 12:48:00+05:30,578,578.05,577.5,577.5,967,
2016-12-12 12:49:00+05:30,577.5,577.55,576.5,576.5,1774,
2016-12-12 12:50:00+05:30,576.5,576.9,576.3,576.9,621,
2016-12-12 12:51:00+05:30,576.55,576.95,576.55,576.65,621,
2016-12-12 12:52:00+05:30,576.8,577,576.8,576.8,241,
2016-12-12 12:53:00+05:30,576.8,577.2,576.8,576.9,1116,
2016-12-12 12:54:00+05:30,576.9,577.15,576.8,576.8,405,
2016-12-12 12:55:00+05:30,576.8,577.3,576.8,577,204,
2016-12-12 12:56:00+05:30,577,577.3,576.85,577.25,390,
2016-12-12 12:57:00+05:30,577.25,577.55,577.25,577.55,37,
2016-12-12 12:58:00+05:30,577.4,577.55,577.1,577.45,203,
2016-12-12 12:59:00+05:30,577,577.15,576.85,576.85,429,
2016-12-12 13:00:00+05:30,576.85,577.3,576.85,576.85,102,
2016-12-12 13:01:00+05:30,576.85,577.3,576.85,576.95,236,
2016-12-12 13:02:00+05:30,577.25,577.3,576.85,577.25,305,
2016-12-12 13:03:00+05:30,577.25,577.25,576.9,577.25,57,
2016-12-12 13:04:00+05:30,577.25,577.45,577,577.1,96,
2016-12-12 13:05:00+05:30,577.1,577.45,577.1,577.45,23,
2016-12-12 13:06:00+05:30,577.45,578.15,577.2,578.15,343,
2016-12-12 13:07:00+05:30,578.15,578.15,577.2,577.35,1127,
2016-12-12 13:08:00+05:30,577.35,577.35,577.2,577.3,770,
2016-12-12 13:09:00+05:30,577.3,577.35,577.2,577.35,266,
2016-12-12 13:10:00+05:30,577.2,577.35,577.2,577.35,69,
2016-12-12 13:11:00+05:30,577.35,577.35,576.85,577,385,
2016-12-12 13:12:00+05:30,577,577.3,576.9,577,205,
2016-12-12 13:13:00+05:30,577,577,576.9,577,622,
2016-12-12 13:14:00+05:30,577,577.3,576.9,576.9,98,
2016-12-12 13:15:00+05:30,576.9,577.25,576.85,577.25,461,
2016-12-12 13:16:00+05:30,577.3,577.35,576.95,576.95,59,
2016-12-12 13:17:00+05:30,576.95,577.15,576.85,576.85,468,
2016-12-12 13:18:00+05:30,577.15,577.15,576.85,576.85,245,
2016-12-12 13:19:00+05:30,576.85,577.15,576.85,576.85,189,
2016-12-12 13:20:00+05:30,576.85,577.15,576.85,577.15,265,
2016-12-12 13:21:00+05:30,577.15,577.35,576.9,576.9,100,
2016-12-12 13:22:00+05:30,577,577.45,577,577.15,97,
2016-12-12 13:23:00+05:30,577.4,577.4,577,577,42,
2016-12-12 13:24:00+05:30,577,577.3,577,577,245,
2016-12-12 13:25:00+05:30,577,577.15,577,577.15,89,
2016-12-12 13:26:00+05:30,577,577.15,577,577,40,
2016-12-12 13:27:00+05:30,577,577,576.85,576.85,246,
2016-12-12 13:28:00+05:30,576.85,577,576.85,576.85,88,
2016-12-12 13:29:00+05:30,576.85,577.1,576.85,577.1,462,
2016-12-12 13:30:00+05:30,577.1,577.5,576.85,577.5,884,
2016-12-12 13:31:00+05:30,577.5,577.5,577.45,577.5,124,
2016-12-12 13:32:00+05:30,577.45,577.45,577,577.3,565,
2016-12-12 13:33:00+05:30,577.3,577.3,577,577,1234,
2016-12-12 13:34:00+05:30,577,577.15,577,577,2995,
2016-12-12 13:35:00+05:30,577,577.45,577,577.05,3314,
2016-12-12 13:36:00+05:30,577.05,577.7,576.9,577.6,30391,
2016-12-12 13:37:00+05:30,577.6,577.6,577.45,577.6,35,
2016-12-12 13:38:00+05:30,577.6,577.6,577.1,577.1,372,
2016-12-12 13:39:00+05:30,577.1,577.35,577,577.2,3029,
2016-12-12 13:40:00+05:30,577.2,577.2,577,577.2,19,
2016-12-12 13:41:00+05:30,577.2,577.2,577.05,577.2,35,
2016-12-12 13:42:00+05:30,577.05,577.2,577.05,577.05,258,
2016-12-12 13:43:00+05:30,577.05,577.2,577.05,577.2,133,
2016-12-12 13:44:00+05:30,577.15,577.2,577,577.2,100,
2016-12-12 13:45:00+05:30,577,577.15,577,577.15,1120,
2016-12-12 13:46:00+05:30,577.15,577.15,577.1,577.15,400,
2016-12-12 13:47:00+05:30,577,577.15,577,577,971,
2016-12-12 13:48:00+05:30,577.15,577.15,577,577.15,937,
2016-12-12 13:49:00+05:30,577.15,577.15,577,577.15,1095,
2016-12-12 13:50:00+05:30,577.15,577.15,577,577,587,
2016-12-12 13:51:00+05:30,577.15,577.15,577,577.15,1216,
2016-12-12 13:52:00+05:30,577,577.15,577,577.15,472,
2016-12-12 13:53:00+05:30,577,577.55,576.5,577.4,9375,
2016-12-12 13:54:00+05:30,577.4,578.45,577.4,577.5,658,
2016-12-12 13:55:00+05:30,577.5,577.5,577.1,577.1,69,
2016-12-12 13:56:00+05:30,577.1,577.35,577.05,577.05,38,
2016-12-12 13:57:00+05:30,577.05,577.35,576.4,577,1133,
2016-12-12 13:58:00+05:30,577,577.25,574.95,575,7321,
2016-12-12 13:59:00+05:30,575,575.15,573.25,573.7,9606,
2016-12-12 14:00:00+05:30,573.7,575.05,573.7,574.85,1236,
2016-12-12 14:01:00+05:30,575.1,576.6,575.1,575.35,5401,
2016-12-12 14:02:00+05:30,575.35,575.35,574.5,574.95,339,
2016-12-12 14:03:00+05:30,574.95,574.95,574.05,574.05,916,
2016-12-12 14:04:00+05:30,574.05,574.25,573.8,574.25,840,
2016-12-12 14:05:00+05:30,574.25,574.25,574.15,574.25,653,
2016-12-12 14:06:00+05:30,574.25,575.1,574.25,574.75,1528,
2016-12-12 14:07:00+05:30,574.75,575.1,574.75,574.85,1175,
2016-12-12 14:08:00+05:30,574.85,574.85,574.4,574.55,390,
2016-12-12 14:09:00+05:30,574.55,575.45,574.55,575.2,110,
2016-12-12 14:10:00+05:30,575.2,575.25,575,575,98,
2016-12-12 14:11:00+05:30,575,575,574.7,574.7,95,
2016-12-12 14:12:00+05:30,574.7,574.7,574,574,1895,
2016-12-12 14:13:00+05:30,574,574.15,573.55,573.7,1698,
2016-12-12 14:14:00+05:30,573.7,574.2,573.5,573.8,946,
2016-12-12 14:15:00+05:30,573.8,573.8,573.4,573.4,163,
2016-12-12 14:16:00+05:30,573.4,573.7,573.1,573.6,1595,
2016-12-12 14:17:00+05:30,573.6,574.9,573.5,574.9,1737,
2016-12-12 14:18:00+05:30,574.6,574.95,574.5,574.7,1502,
2016-12-12 14:19:00+05:30,574.7,575.35,574.65,575.35,652,
2016-12-12 14:20:00+05:30,575.35,575.35,574.85,575.1,103,
2016-12-12 14:21:00+05:30,575.1,575.1,574.05,574.25,230,
2016-12-12 14:22:00+05:30,574.05,574.05,573.15,573.2,701,
2016-12-12 14:23:00+05:30,573.2,574.4,573.2,574.4,1555,
2016-12-12 14:24:00+05:30,574.4,574.4,573.45,573.45,396,
2016-12-12 14:25:00+05:30,573.45,573.65,572.7,572.95,4821,
2016-12-12 14:26:00+05:30,572.95,573.4,572.65,573.25,2306,
2016-12-12 14:27:00+05:30,573.25,573.3,573,573.3,490,
2016-12-12 14:28:00+05:30,573.15,573.3,573.15,573.25,1214,
2016-12-12 14:29:00+05:30,573.2,574.7,573.15,574.25,3003,
2016-12-12 14:30:00+05:30,574.25,574.25,573.45,573.85,998,
2016-12-12 14:31:00+05:30,573.85,573.85,573.5,573.55,653,
2016-12-12 14:32:00+05:30,573.55,573.9,573.45,573.45,426,
2016-12-12 14:33:00+05:30,573.4,573.7,573.2,573.7,221,
2016-12-12 14:34:00+05:30,573.7,573.85,573.4,573.65,226,
2016-12-12 14:35:00+05:30,573.65,573.65,572.65,572.65,2497,
2016-12-12 14:36:00+05:30,572.65,573,572.65,573,1245,
2016-12-12 14:37:00+05:30,573,573.6,573,573.4,450,
2016-12-12 14:38:00+05:30,573.4,573.4,573,573,2919,
2016-12-12 14:39:00+05:30,573,573.25,572.6,573.05,2120,
2016-12-12 14:40:00+05:30,573.05,573.1,573,573,2198,
2016-12-12 14:41:00+05:30,573.35,573.5,573.1,573.5,403,
2016-12-12 14:42:00+05:30,573.5,574.75,573.5,573.85,2651,
2016-12-12 14:43:00+05:30,573.75,574.05,573.3,573.55,747,
2016-12-12 14:44:00+05:30,573.55,573.85,573.35,573.4,465,
2016-12-12 14:45:00+05:30,573.4,573.45,573,573.05,1271,
2016-12-12 14:46:00+05:30,573.05,573.5,573,573.3,426,
2016-12-12 14:47:00+05:30,573.3,573.9,573.1,573.55,371,
2016-12-12 14:48:00+05:30,573.55,574.05,573.55,574.05,323,
2016-12-12 14:49:00+05:30,574.05,574.05,573.2,573.5,276,
2016-12-12 14:50:00+05:30,573.5,573.9,573,573.9,781,
2016-12-12 14:51:00+05:30,573.85,573.85,573.35,573.7,347,
2016-12-12 14:52:00+05:30,573.7,573.7,573.05,573.05,460,
2016-12-12 14:53:00+05:30,573.05,573.7,573.05,573.25,678,
2016-12-12 14:54:00+05:30,573.25,573.65,573.05,573.55,289,
2016-12-12 14:55:00+05:30,573.55,573.65,573.35,573.35,229,
2016-12-12 14:56:00+05:30,573.35,573.6,573.15,573.25,258,
2016-12-12 14:57:00+05:30,573.15,573.8,573,573.15,4159,
2016-12-12 14:58:00+05:30,573,574.45,573,574.25,2232,
2016-12-12 14:59:00+05:30,574.25,574.25,573.25,573.5,1034,
2016-12-12 15:00:00+05:30,573.45,573.95,573.1,573.95,2479,
2016-12-12 15:01:00+05:30,573.95,575,573.4,575,2008,
2016-12-12 15:02:00+05:30,574.3,574.95,574.05,574.3,3169,
2016-12-12 15:03:00+05:30,574.05,574.45,574.05,574.45,2072,
2016-12-12 15:04:00+05:30,574.4,574.45,574,574.45,3813,
2016-12-12 15:05:00+05:30,574.45,574.8,574.2,574.75,1996,
2016-12-12 15:06:00+05:30,574.75,574.8,574.4,574.5,1514,
2016-12-12 15:07:00+05:30,574.4,574.45,574.1,574.25,1666,
2016-12-12 15:08:00+05:30,574.25,574.7,573.4,574.3,4836,
2016-12-12 15:09:00+05:30,574.3,574.65,574.1,574.25,1850,
2016-12-12 15:10:00+05:30,574.25,575,574,574.95,7671,
2016-12-12 15:11:00+05:30,574.95,575.1,574.6,574.6,2025,
2016-12-12 15:12:00+05:30,574.6,574.65,574.25,574.3,4167,
2016-12-12 15:13:00+05:30,574.3,574.7,573.8,574.65,4822,
2016-12-12 15:14:00+05:30,574.25,574.7,574.25,574.5,4694,
2016-12-12 15:15:00+05:30,574.6,575,574.6,575,8829,
2016-12-12 15:16:00+05:30,574.75,575.1,574.65,575,4973,
2016-12-12 15:17:00+05:30,574.95,575.25,574.8,575.15,6452,
2016-12-12 15:18:00+05:30,575.15,575.15,574.8,575,4610,
2016-12-12 15:19:00+05:30,575,575.2,574.45,575.05,16838,
2016-12-12 15:20:00+05:30,575.1,575.6,575.05,575.6,3376,
2016-12-12 15:21:00+05:30,575.6,576.35,575.6,576.2,7051,
2016-12-12 15:22:00+05:30,576.2,576.2,575.45,575.5,4499,
2016-12-12 15:23:00+05:30,575.5,575.5,575,575.1,2984,
2016-12-12 15:24:00+05:30,575.15,576,575.1,576,2451,
2016-12-12 15:25:00+05:30,576,576.4,575.8,575.85,4381,
2016-12-12 15:26:00+05:30,576,576,575.4,575.5,2263,
2016-12-12 15:27:00+05:30,575.05,575.75,575,575,5746,
2016-12-12 15:28:00+05:30,575.5,575.5,575,575.05,793,
2016-12-12 15:29:00+05:30,575.05,575.4,574.75,575,2773,
2016-12-13 09:15:00+05:30,574.15,575,572.5,573.7,2314,
2016-12-13 09:16:00+05:30,573.7,573.9,572.65,573.9,489,
2016-12-13 09:17:00+05:30,573.9,573.9,572,572.85,1907,
2016-12-13 09:18:00+05:30,572.85,573.1,572.2,572.4,709,
2016-12-13 09:19:00+05:30,572.6,573.1,572.55,572.6,573,
2016-12-13 09:20:00+05:30,572.35,573.05,571,571,1758,
2016-12-13 09:21:00+05:30,571,571.9,570.5,570.55,1243,
2016-12-13 09:22:00+05:30,570.55,573.9,570.55,573.5,1681,
2016-12-13 09:23:00+05:30,573.6,573.6,572.3,573.5,2038,
2016-12-13 09:24:00+05:30,573.5,573.55,572.35,573.2,1739,
2016-12-13 09:25:00+05:30,573.2,573.2,571.6,572.3,1055,
2016-12-13 09:26:00+05:30,572.3,573,572.05,572.25,669,
2016-12-13 09:27:00+05:30,572.25,573.6,572.25,573.1,3090,
2016-12-13 09:28:00+05:30,573.1,573.1,571,571.4,2498,
2016-12-13 09:29:00+05:30,571.45,572.35,571.45,572.35,827,
2016-12-13 09:30:00+05:30,572.35,572.5,571.6,571.6,1213,
2016-12-13 09:31:00+05:30,571.6,572.8,571.5,572.55,2044,
2016-12-13 09:32:00+05:30,572.55,573,572.5,572.6,1687,
2016-12-13 09:33:00+05:30,572.6,572.9,572.4,572.6,1019,
2016-12-13 09:34:00+05:30,572.6,572.7,572,572.3,1107,
2016-12-13 09:35:00+05:30,572.35,572.45,572,572.15,668,
2016-12-13 09:36:00+05:30,572.15,572.15,571.2,571.55,1180,
2016-12-13 09:37:00+05:30,571.55,571.7,571.3,571.45,1092,
2016-12-13 09:38:00+05:30,571.65,571.65,571.1,571.5,507,
2016-12-13 09:39:00+05:30,571.5,571.5,571.3,571.5,133,
2016-12-13 09:40:00+05:30,571.3,571.95,571,571.25,3909,
2016-12-13 09:41:00+05:30,571.25,571.25,570.8,571,767,
2016-12-13 09:42:00+05:30,571,571.65,570.5,571.4,3354,
2016-12-13 09:43:00+05:30,571.4,571.4,571,571,117,
2016-12-13 09:44:00+05:30,571,571,570.7,571,479,
2016-12-13 09:45:00+05:30,571.2,571.25,570.7,571.2,1002,
2016-12-13 09:46:00+05:30,571.2,571.75,570.9,571.75,1714,
2016-12-13 09:47:00+05:30,571.75,572,571.55,572,54,
2016-12-13 09:48:00+05:30,572.1,572.25,572,572.1,819,
2016-12-13 09:49:00+05:30,572.2,572.35,571.85,572.05,1988,
2016-12-13 09:50:00+05:30,572.05,572.55,571.85,572.35,815,
2016-12-13 09:51:00+05:30,572.35,572.55,572.15,572.5,1363,
2016-12-13 09:52:00+05:30,572.5,572.55,572.35,572.55,162,
2016-12-13 09:53:00+05:30,572.6,572.6,572.3,572.6,1313,
2016-12-13 09:54:00+05:30,572.65,572.65,572.5,572.55,674,
2016-12-13 09:55:00+05:30,572.65,572.65,572.3,572.5,1053,
2016-12-13 09:56:00+05:30,572.5,572.65,572.1,572.3,677,
2016-12-13 09:57:00+05:30,572.3,572.3,571.6,571.95,395,
2016-12-13 09:58:00+05:30,571.95,571.95,571.1,571.45,1606,
2016-12-13 09:59:00+05:30,571.45,572,571,572,3595,
2016-12-13 10:00:00+05:30,572,572.1,571.7,572.05,768,
2016-12-13 10:01:00+05:30,572.05,572.7,571.9,572.65,1005,
2016-12-13 10:02:00+05:30,572.7,572.7,572.1,572.3,3385,
2016-12-13 10:03:00+05:30,572.35,572.45,572,572.4,928,
2016-12-13 10:04:00+05:30,572.45,572.55,572.05,572.35,906,
2016-12-13 10:05:00+05:30,572.55,572.55,571.9,572.4,632,
2016-12-13 10:06:00+05:30,572.4,572.6,572.4,572.6,964,
2016-12-13 10:07:00+05:30,572.6,572.6,572.4,572.5,524,
2016-12-13 10:08:00+05:30,572.6,572.75,572.45,572.7,466,
2016-12-13 10:09:00+05:30,572.8,572.95,572.65,572.8,2315,
2016-12-13 10:10:00+05:30,573,574,572.75,573.7,4328,
2016-12-13 10:11:00+05:30,573.55,573.85,573.55,573.75,700,
2016-12-13 10:12:00+05:30,573.85,573.9,573.5,573.7,1235,
2016-12-13 10:13:00+05:30,573.85,574,573.6,574,665,
2016-12-13 10:14:00+05:30,574,574.45,573.95,574.45,940,
2016-12-13 10:15:00+05:30,574.45,574.6,574.45,574.6,303,
2016-12-13 10:16:00+05:30,574.6,574.6,574.2,574.35,1179,
2016-12-13 10:17:00+05:30,574.35,574.45,573.9,573.9,569,
2016-12-13 10:18:00+05:30,573.95,573.95,573.3,573.3,349,
2016-12-13 10:19:00+05:30,573.6,573.6,572.85,573,203,
2016-12-13 10:20:00+05:30,573.15,573.2,573,573.2,193,
2016-12-13 10:21:00+05:30,573.2,573.2,573.1,573.1,290,
2016-12-13 10:22:00+05:30,573.1,573.1,572.9,572.9,328,
2016-12-13 10:23:00+05:30,572.95,573.1,572.85,572.95,229,
2016-12-13 10:24:00+05:30,573.1,573.1,572.65,572.65,234,
2016-12-13 10:25:00+05:30,572.55,572.7,572.4,572.7,657,
2016-12-13 10:26:00+05:30,572.7,572.7,572.2,572.45,1545,
2016-12-13 10:27:00+05:30,572.45,572.55,572.2,572.45,783,
2016-12-13 10:28:00+05:30,572.55,572.6,572.45,572.6,404,
2016-12-13 10:29:00+05:30,572.3,572.45,572.05,572.45,877,
2016-12-13 10:30:00+05:30,572.45,572.6,572.45,572.6,640,
2016-12-13 10:31:00+05:30,572.6,572.6,572.25,572.5,343,
2016-12-13 10:32:00+05:30,572.5,572.7,572.5,572.7,2453,
2016-12-13 10:33:00+05:30,572.7,572.7,572.6,572.6,297,
2016-12-13 10:34:00+05:30,572.65,572.65,572.25,572.65,1487,
2016-12-13 10:35:00+05:30,572.65,572.65,572.65,572.65,9,
2016-12-13 10:36:00+05:30,572.65,572.65,572.5,572.6,678,
2016-12-13 10:37:00+05:30,572.6,572.6,572.4,572.4,171,
2016-12-13 10:38:00+05:30,572.6,572.6,572.2,572.55,737,
2016-12-13 10:39:00+05:30,572.55,572.55,572.35,572.35,244,
2016-12-13 10:40:00+05:30,572.55,572.55,572.3,572.3,875,
2016-12-13 10:41:00+05:30,572.5,572.5,572.5,572.5,100,
2016-12-13 10:42:00+05:30,572.5,572.6,572.5,572.6,313,
2016-12-13 10:43:00+05:30,572.55,572.6,572.4,572.4,708,
2016-12-13 10:44:00+05:30,572.6,572.6,572.6,572.6,219,
2016-12-13 10:45:00+05:30,572.6,572.6,572.6,572.6,9,
2016-12-13 10:46:00+05:30,572.6,572.6,572.2,572.45,382,
2016-12-13 10:47:00+05:30,572.45,572.45,572.15,572.45,26,
2016-12-13 10:48:00+05:30,572.45,572.45,572.15,572.45,76,
2016-12-13 10:49:00+05:30,572.45,572.55,572.3,572.3,613,
2016-12-13 10:50:00+05:30,572.55,572.55,572.2,572.45,228,
2016-12-13 10:51:00+05:30,572.45,572.45,572.1,572.1,292,
2016-12-13 10:52:00+05:30,572.4,572.4,572.05,572.4,411,
2016-12-13 10:53:00+05:30,572.4,572.4,572.15,572.15,499,
2016-12-13 10:54:00+05:30,572.4,572.4,572.05,572.4,319,
2016-12-13 10:55:00+05:30,572.4,572.45,572.15,572.25,840,
2016-12-13 10:56:00+05:30,572.5,572.7,572.5,572.7,180,
2016-12-13 10:57:00+05:30,572.7,572.75,572.55,572.75,539,
2016-12-13 10:58:00+05:30,572.75,572.75,572.5,572.5,709,
2016-12-13 10:59:00+05:30,572.65,572.65,572.15,572.2,687,
2016-12-13 11:00:00+05:30,572.45,572.45,572.15,572.4,63,
2016-12-13 11:01:00+05:30,572.4,572.45,572.4,572.45,69,
2016-12-13 11:02:00+05:30,572.45,572.85,572.15,572.85,361,
2016-12-13 11:03:00+05:30,572.85,572.85,572.6,572.7,101,
2016-12-13 11:04:00+05:30,572.85,572.85,572.45,572.65,421,
2016-12-13 11:05:00+05:30,572.7,572.7,572.5,572.7,33,
2016-12-13 11:06:00+05:30,572.65,572.65,572.35,572.45,402,
2016-12-13 11:07:00+05:30,572.55,572.55,572.35,572.35,24,
2016-12-13 11:08:00+05:30,572.55,572.55,572.35,572.55,88,
2016-12-13 11:09:00+05:30,572.55,572.55,572.55,572.55,232,
2016-12-13 11:10:00+05:30,572.55,572.6,572.5,572.5,573,
2016-12-13 11:11:00+05:30,572.65,572.65,572.45,572.45,67,
2016-12-13 11:12:00+05:30,572.65,572.9,572.65,572.9,434,
2016-12-13 11:13:00+05:30,572.8,572.95,572.8,572.95,949,
2016-12-13 11:14:00+05:30,572.95,572.95,572.9,572.9,48,
2016-12-13 11:15:00+05:30,572.9,572.9,572.75,572.75,125,
2016-12-13 11:16:00+05:30,572.75,573.4,572.75,573.4,1151,
2016-12-13 11:17:00+05:30,573.35,573.7,573.35,573.7,415,
2016-12-13 11:18:00+05:30,573.7,573.7,573.65,573.65,118,
2016-12-13 11:19:00+05:30,573.7,573.8,573.4,573.8,750,
2016-12-13 11:20:00+05:30,573.8,573.9,573.65,573.65,146,
2016-12-13 11:21:00+05:30,573.7,573.7,573.7,573.7,14,
2016-12-13 11:22:00+05:30,573.7,573.7,573.7,573.7,25,
2016-12-13 11:23:00+05:30,573.8,573.8,573.6,573.8,167,
2016-12-13 11:24:00+05:30,573.8,573.8,573.6,573.7,156,
2016-12-13 11:25:00+05:30,573.7,573.7,573.35,573.35,119,
2016-12-13 11:26:00+05:30,573.7,573.7,573.7,573.7,65,
2016-12-13 11:27:00+05:30,573.7,573.7,573.7,573.7,416,
2016-12-13 11:28:00+05:30,573.7,573.7,573.35,573.65,129,
2016-12-13 11:29:00+05:30,573.7,573.7,573.65,573.65,80,
2016-12-13 11:30:00+05:30,573.7,573.75,573.6,573.75,130,
2016-12-13 11:31:00+05:30,573.75,573.75,573.75,573.75,82,
2016-12-13 11:32:00+05:30,573.75,573.9,573.75,573.85,154,
2016-12-13 11:33:00+05:30,573.9,573.9,573.3,573.3,844,
2016-12-13 11:34:00+05:30,573.45,573.9,573.45,573.9,327,
2016-12-13 11:35:00+05:30,573.95,574.45,573.7,574.25,1671,
2016-12-13 11:36:00+05:30,574.45,574.45,573.9,574,362,
2016-12-13 11:37:00+05:30,574.15,574.15,573.9,573.9,59,
2016-12-13 11:38:00+05:30,574.15,574.2,574,574,37,
2016-12-13 11:39:00+05:30,574.2,574.2,574.1,574.15,100,
2016-12-13 11:40:00+05:30,574.2,574.2,574.05,574.05,95,
2016-12-13 11:41:00+05:30,573.9,574.2,573.8,574.2,90,
2016-12-13 11:42:00+05:30,574.1,574.1,574.1,574.1,9,
2016-12-13 11:43:00+05:30,574.2,574.25,574.1,574.25,162,
2016-12-13 11:44:00+05:30,574.5,574.5,574,574.5,3032,
2016-12-13 11:45:00+05:30,574.7,575.95,574.7,575.75,6895,
2016-12-13 11:46:00+05:30,575.85,575.85,574.5,574.55,2924,
2016-12-13 11:47:00+05:30,574.75,575.15,574.75,574.85,846,
2016-12-13 11:48:00+05:30,574.9,574.9,574.9,574.9,160,
2016-12-13 11:49:00+05:30,574.85,574.9,574.55,574.55,95,
2016-12-13 11:50:00+05:30,574.7,575.1,574.4,575.1,3028,
2016-12-13 11:51:00+05:30,575.35,575.45,575.1,575.45,463,
2016-12-13 11:52:00+05:30,575.5,575.9,575.4,575.75,680,
2016-12-13 11:53:00+05:30,575.85,575.85,575,575.2,282,
2016-12-13 11:54:00+05:30,575.4,575.4,575.4,575.4,9,
2016-12-13 11:55:00+05:30,575.45,575.45,575.2,575.2,59,
2016-12-13 11:56:00+05:30,575.35,575.35,575.35,575.35,49,
2016-12-13 11:57:00+05:30,574.9,575.45,574.9,575.1,787,
2016-12-13 11:58:00+05:30,575.4,575.4,575.05,575.05,244,
2016-12-13 11:59:00+05:30,575.3,575.45,575.2,575.2,274,
2016-12-13 12:00:00+05:30,575.5,575.5,575.25,575.25,50,
2016-12-13 12:01:00+05:30,575.5,575.5,575.4,575.4,204,
2016-12-13 12:02:00+05:30,575.5,575.5,575.2,575.2,56,
2016-12-13 12:03:00+05:30,575.35,575.7,575.35,575.65,502,
2016-12-13 12:04:00+05:30,575.7,575.7,575.35,575.7,524,
2016-12-13 12:05:00+05:30,575.65,575.65,575.1,575.1,345,
2016-12-13 12:06:00+05:30,575.3,575.3,575.3,575.3,9,
2016-12-13 12:07:00+05:30,575.3,575.35,575.05,575.35,221,
2016-12-13 12:08:00+05:30,575.35,575.7,575.05,575.7,767,
2016-12-13 12:09:00+05:30,575.7,575.7,575.35,575.35,212,
2016-12-13 12:10:00+05:30,575.4,575.4,575.15,575.2,453,
2016-12-13 12:11:00+05:30,575.3,575.3,575.2,575.25,520,
2016-12-13 12:12:00+05:30,575.45,575.45,575,575.3,551,
2016-12-13 12:13:00+05:30,575.15,575.15,574.95,574.95,589,
2016-12-13 12:14:00+05:30,574.95,574.95,574.55,574.8,485,
2016-12-13 12:15:00+05:30,574.95,574.95,574.6,574.6,763,
2016-12-13 12:16:00+05:30,574.95,574.95,574.6,574.85,424,
2016-12-13 12:17:00+05:30,574.85,574.9,574.6,574.9,1955,
2016-12-13 12:18:00+05:30,575,575,575,575,9,
2016-12-13 12:19:00+05:30,574.9,575.5,574.9,575.45,457,
2016-12-13 12:20:00+05:30,575.4,575.4,575.4,575.4,10,
2016-12-13 12:21:00+05:30,575.4,575.7,575.05,575.65,489,
2016-12-13 12:22:00+05:30,575.65,575.7,575.25,575.7,152,
2016-12-13 12:23:00+05:30,575.7,575.95,575.65,575.7,1451,
2016-12-13 12:24:00+05:30,575.9,576,575.9,575.95,641,
2016-12-13 12:25:00+05:30,576,576.05,575.9,575.9,2604,
2016-12-13 12:26:00+05:30,576.1,576.2,575.95,576.05,1495,
2016-12-13 12:27:00+05:30,576.2,576.2,575.95,575.95,2687,
2016-12-13 12:28:00+05:30,575.95,576,575.9,575.9,3233,
2016-12-13 12:29:00+05:30,575.95,575.95,575.1,575.1,644,
2016-12-13 12:30:00+05:30,575.3,575.35,575.1,575.1,119,
2016-12-13 12:31:00+05:30,575.35,575.35,574.9,575.05,1682,
2016-12-13 12:32:00+05:30,575.25,575.25,575.1,575.1,628,
2016-12-13 12:33:00+05:30,575.2,575.2,574.85,574.85,24,
2016-12-13 12:34:00+05:30,575.2,575.2,574.8,574.8,826,
2016-12-13 12:35:00+05:30,575.15,575.15,574.8,574.8,416,
2016-12-13 12:36:00+05:30,575.1,575.1,574.8,574.8,199,
2016-12-13 12:37:00+05:30,575.2,575.2,574.9,575.2,472,
2016-12-13 12:38:00+05:30,575.2,575.2,574.9,574.9,90,
2016-12-13 12:39:00+05:30,575.15,575.15,575.15,575.15,13,
2016-12-13 12:40:00+05:30,575.15,575.2,574.9,575.2,171,
2016-12-13 12:41:00+05:30,575.1,575.25,574.9,574.9,134,
2016-12-13 12:42:00+05:30,575,575,574.95,574.95,251,
2016-12-13 12:43:00+05:30,575,575,574.9,574.9,217,
2016-12-13 12:44:00+05:30,575,575,574.9,574.9,486,
2016-12-13 12:45:00+05:30,575,575,574.85,574.85,600,
2016-12-13 12:46:00+05:30,574.9,574.9,574.75,574.75,824,
2016-12-13 12:47:00+05:30,574.95,574.95,574.95,574.95,9,
2016-12-13 12:48:00+05:30,574.95,574.95,574.95,574.95,262,
2016-12-13 12:49:00+05:30,574.95,574.95,574.75,574.95,81,
2016-12-13 12:50:00+05:30,574.95,575,574.95,575,730,
2016-12-13 12:51:00+05:30,575.05,575.35,574.95,575.35,309,
2016-12-13 12:52:00+05:30,575.35,575.35,574.95,575,336,
2016-12-13 12:53:00+05:30,575.3,575.3,575,575,118,
2016-12-13 12:54:00+05:30,575.35,575.35,574.95,574.95,362,
2016-12-13 12:55:00+05:30,575.15,575.2,574.9,575.15,126,
2016-12-13 12:56:00+05:30,575.15,575.15,575.05,575.05,1201,
2016-12-13 12:57:00+05:30,575.1,575.1,574.4,574.75,3703,
2016-12-13 12:58:00+05:30,574.75,574.75,574.35,574.35,182,
2016-12-13 12:59:00+05:30,574.7,574.8,574.3,574.8,926,
2016-12-13 13:00:00+05:30,574.75,574.8,574.35,574.4,192,
2016-12-13 13:01:00+05:30,574.5,574.85,574.5,574.85,158,
2016-12-13 13:02:00+05:30,575,575,574.8,574.8,118,
2016-12-13 13:03:00+05:30,575,575,574.8,574.8,117,
2016-12-13 13:04:00+05:30,575,575,573.6,574.2,5782,
2016-12-13 13:05:00+05:30,574.4,574.6,574,574,254,
2016-12-13 13:06:00+05:30,574.35,574.35,573.8,573.85,2060,
2016-12-13 13:07:00+05:30,574,574.5,573.8,573.8,1408,
2016-12-13 13:08:00+05:30,573.95,573.95,573.3,573.9,1312,
2016-12-13 13:09:00+05:30,573.9,573.9,573.45,573.5,642,
2016-12-13 13:10:00+05:30,573.8,573.9,573.55,573.8,438,
2016-12-13 13:11:00+05:30,573.9,573.9,573.75,573.75,83,
2016-12-13 13:12:00+05:30,573.9,573.95,573.65,573.65,699,
2016-12-13 13:13:00+05:30,573.9,574.25,573.65,573.7,1032,
2016-12-13 13:14:00+05:30,573.95,573.95,573.65,573.65,350,
2016-12-13 13:15:00+05:30,573.9,574,573.65,573.65,600,
2016-12-13 13:16:00+05:30,573.75,573.75,573.65,573.65,53,
2016-12-13 13:17:00+05:30,574.15,574.15,573.75,573.75,188,
2016-12-13 13:18:00+05:30,574.15,574.55,574.15,574.5,3000,
2016-12-13 13:19:00+05:30,574.5,574.5,574.3,574.5,112,
2016-12-13 13:20:00+05:30,574.5,574.5,574.3,574.45,109,
2016-12-13 13:21:00+05:30,574.5,574.55,574.3,574.55,727,
2016-12-13 13:22:00+05:30,574.85,574.95,574.35,574.35,3479,
2016-12-13 13:23:00+05:30,574.5,574.5,574.35,574.35,49,
2016-12-13 13:24:00+05:30,574.5,574.5,574.25,574.4,1896,
2016-12-13 13:25:00+05:30,574.4,574.45,574.4,574.4,258,
2016-12-13 13:26:00+05:30,574.6,574.6,574.4,574.4,376,
2016-12-13 13:27:00+05:30,574.4,574.7,574.4,574.4,296,
2016-12-13 13:28:00+05:30,574.65,574.65,574.45,574.5,1324,
2016-12-13 13:29:00+05:30,574.45,574.65,574.45,574.55,296,
2016-12-13 13:30:00+05:30,574.6,574.6,574.45,574.45,651,
2016-12-13 13:31:00+05:30,574.6,574.6,574.05,574.1,1507,
2016-12-13 13:32:00+05:30,574.35,574.35,574.1,574.1,14,
2016-12-13 13:33:00+05:30,574.1,574.85,574.1,574.45,1563,
2016-12-13 13:34:00+05:30,574.55,574.7,574.45,574.45,1050,
2016-12-13 13:35:00+05:30,574.7,574.8,574.45,574.45,258,
2016-12-13 13:36:00+05:30,574.75,575.15,574.6,574.8,610,
2016-12-13 13:37:00+05:30,575.2,575.6,575.15,575.5,1373,
2016-12-13 13:38:00+05:30,575.9,575.9,575.15,575.2,2547,
2016-12-13 13:39:00+05:30,575.2,575.2,574.55,574.55,949,
2016-12-13 13:40:00+05:30,574.9,575.2,574.6,574.6,630,
2016-12-13 13:41:00+05:30,574.95,574.95,574.6,574.8,133,
2016-12-13 13:42:00+05:30,575.05,575.05,574.5,574.5,685,
2016-12-13 13:43:00+05:30,574.7,574.7,574.35,574.35,226,
2016-12-13 13:44:00+05:30,574.7,575,574.35,574.65,1468,
2016-12-13 13:45:00+05:30,574.9,574.9,574.55,574.55,512,
2016-12-13 13:46:00+05:30,574.7,574.9,574.55,574.65,532,
2016-12-13 13:47:00+05:30,574.9,574.9,574.55,574.55,462,
2016-12-13 13:48:00+05:30,574.85,574.85,574.6,574.85,102,
2016-12-13 13:49:00+05:30,574.85,574.85,574.6,574.6,342,
2016-12-13 13:50:00+05:30,574.6,574.7,574.55,574.65,15,
2016-12-13 13:51:00+05:30,574.9,574.9,574.7,574.7,77,
2016-12-13 13:52:00+05:30,574.9,574.9,574.7,574.9,85,
2016-12-13 13:53:00+05:30,574.9,574.9,574.7,574.8,126,
2016-12-13 13:54:00+05:30,574.9,574.95,574.7,574.8,295,
2016-12-13 13:55:00+05:30,575,575,574.75,574.75,1071,
2016-12-13 13:56:00+05:30,574.9,574.9,574.5,574.9,3464,
2016-12-13 13:57:00+05:30,574.9,574.9,574.25,574.25,2359,
2016-12-13 13:58:00+05:30,574.45,574.45,573.75,573.8,160,
2016-12-13 13:59:00+05:30,574.05,574.05,573.6,573.65,642,
2016-12-13 14:00:00+05:30,574,575.2,573.8,574.3,2599,
2016-12-13 14:01:00+05:30,574.7,574.7,574.25,574.25,703,
2016-12-13 14:02:00+05:30,574.6,575.45,574.3,575.25,870,
2016-12-13 14:03:00+05:30,575.55,575.6,574.5,574.65,5504,
2016-12-13 14:04:00+05:30,574.9,575.1,574.5,574.55,1900,
2016-12-13 14:05:00+05:30,574.9,575.05,574.65,574.65,291,
2016-12-13 14:06:00+05:30,574.95,574.95,574.65,574.65,62,
2016-12-13 14:07:00+05:30,574.9,574.95,574.65,574.65,304,
2016-12-13 14:08:00+05:30,574.95,574.95,574.55,574.6,116,
2016-12-13 14:09:00+05:30,574.95,574.95,574.5,574.55,664,
2016-12-13 14:10:00+05:30,574.9,574.9,574.5,574.55,315,
2016-12-13 14:11:00+05:30,574.85,574.85,574.55,574.55,197,
2016-12-13 14:12:00+05:30,574.85,574.85,574.35,574.35,479,
2016-12-13 14:13:00+05:30,574.65,574.65,574.35,574.4,324,
2016-12-13 14:14:00+05:30,574.3,574.45,574.25,574.25,499,
2016-12-13 14:15:00+05:30,574.3,574.7,574.25,574.55,124,
2016-12-13 14:16:00+05:30,574.8,574.8,574.25,574.25,513,
2016-12-13 14:17:00+05:30,574.6,574.8,574.15,574.8,1798,
2016-12-13 14:18:00+05:30,574.95,575,574.6,575,1374,
2016-12-13 14:19:00+05:30,575,575.5,575,575.4,1717,
2016-12-13 14:20:00+05:30,575.5,575.5,574.35,574.45,2665,
2016-12-13 14:21:00+05:30,574.7,574.8,573.05,574.8,11015,
2016-12-13 14:22:00+05:30,574.95,575.05,574.6,574.8,1539,
2016-12-13 14:23:00+05:30,575.05,575.45,575.05,575.45,2001,
2016-12-13 14:24:00+05:30,575.5,576.45,575.45,575.5,4215,
2016-12-13 14:25:00+05:30,575.6,575.8,575.3,575.55,1950,
2016-12-13 14:26:00+05:30,575.95,576.05,575.6,575.85,3403,
2016-12-13 14:27:00+05:30,576,576.45,575.85,576.45,3496,
2016-12-13 14:28:00+05:30,576.65,579.1,576.65,578.5,13937,
2016-12-13 14:29:00+05:30,578.8,579.5,578.6,579.4,6002,
2016-12-13 14:30:00+05:30,579.5,579.85,578.5,578.6,12598,
2016-12-13 14:31:00+05:30,578.95,579.4,577.95,578.8,7351,
2016-12-13 14:32:00+05:30,578.95,579.4,578.4,579.25,6939,
2016-12-13 14:33:00+05:30,579.3,579.45,578.8,578.8,9449,
2016-12-13 14:34:00+05:30,579.2,580.7,578.9,579.6,15590,
2016-12-13 14:35:00+05:30,579.6,580.45,579.6,580.1,5326,
2016-12-13 14:36:00+05:30,580.25,580.55,579.4,579.75,4651,
2016-12-13 14:37:00+05:30,579.75,579.85,578.8,579.25,4964,
2016-12-13 14:38:00+05:30,579.35,579.85,579.25,579.45,2383,
2016-12-13 14:39:00+05:30,579.5,579.5,579.25,579.25,4914,
2016-12-13 14:40:00+05:30,579.45,579.5,578.55,578.85,3356,
2016-12-13 14:41:00+05:30,579,579,578.15,578.8,3781,
2016-12-13 14:42:00+05:30,579.1,579.2,578.4,578.4,3322,
2016-12-13 14:43:00+05:30,578.7,579.2,578.6,579.05,1700,
2016-12-13 14:44:00+05:30,579.3,579.85,579.05,579.1,2945,
2016-12-13 14:45:00+05:30,579.5,579.5,579.05,579.5,1332,
2016-12-13 14:46:00+05:30,579.55,580,579.55,579.65,8293,
2016-12-13 14:47:00+05:30,579.95,580.2,579.45,580.2,1759,
2016-12-13 14:48:00+05:30,580.2,580.8,580.15,580.3,4547,
2016-12-13 14:49:00+05:30,580.45,580.6,580,580,3650,
2016-12-13 14:50:00+05:30,580,581.2,580,580,8458,
2016-12-13 14:51:00+05:30,580.2,580.35,579.8,580.15,2161,
2016-12-13 14:52:00+05:30,580.45,580.9,580.45,580.9,2135,
2016-12-13 14:53:00+05:30,581,581,579.65,579.65,3122,
2016-12-13 14:54:00+05:30,580.05,580.4,579.95,580.35,3008,
2016-12-13 14:55:00+05:30,580.6,580.85,580,580.15,2201,
2016-12-13 14:56:00+05:30,580.4,580.5,579.8,580,2099,
2016-12-13 14:57:00+05:30,580.05,580.7,580,580.2,2978,
2016-12-13 14:58:00+05:30,580.3,580.75,580.3,580.75,2403,
2016-12-13 14:59:00+05:30,580.85,581.2,580.75,580.85,4797,
2016-12-13 15:00:00+05:30,581,581,580,580.4,6437,
2016-12-13 15:01:00+05:30,580.4,580.4,579,579.5,4675,
2016-12-13 15:02:00+05:30,579.5,579.65,579.4,579.45,2950,
2016-12-13 15:03:00+05:30,579.45,579.7,579.4,579.45,4018,
2016-12-13 15:04:00+05:30,579.45,579.5,578.85,579.1,2165,
2016-12-13 15:05:00+05:30,579.1,580.2,579.1,580.2,5174,
2016-12-13 15:06:00+05:30,580.25,580.4,579.05,579.7,2609,
2016-12-13 15:07:00+05:30,579.7,579.95,579.6,579.9,1611,
2016-12-13 15:08:00+05:30,579.9,580,579.8,579.9,3315,
2016-12-13 15:09:00+05:30,579.9,580,579.85,580,3356,
2016-12-13 15:10:00+05:30,580.05,580.5,580.05,580.4,1985,
2016-12-13 15:11:00+05:30,580.4,580.5,579.4,579.7,7983,
2016-12-13 15:12:00+05:30,579.75,579.9,579.55,579.85,1968,
2016-12-13 15:13:00+05:30,580.2,580.2,579.3,579.3,4407,
2016-12-13 15:14:00+05:30,579.3,579.3,578.35,578.35,6242,
2016-12-13 15:15:00+05:30,578.5,578.5,577.35,578.35,6195,
2016-12-13 15:16:00+05:30,577.8,578.2,577.2,577.55,5608,
2016-12-13 15:17:00+05:30,577.55,577.95,576.5,576.95,7319,
2016-12-13 15:18:00+05:30,576.95,577.5,576.9,577.45,3216,
2016-12-13 15:19:00+05:30,577.45,578.2,577.45,578.15,2002,
2016-12-13 15:20:00+05:30,578.15,578.15,577.55,577.55,4302,
2016-12-13 15:21:00+05:30,577.55,577.95,577.15,577.95,3888,
2016-12-13 15:22:00+05:30,577.95,578.2,577.15,577.5,3713,
2016-12-13 15:23:00+05:30,577.55,578.3,577.55,578.3,4046,
2016-12-13 15:24:00+05:30,578.3,578.5,578.2,578.2,3345,
2016-12-13 15:25:00+05:30,578.2,578.25,577.75,578,1977,
2016-12-13 15:26:00+05:30,578,578.2,577.3,577.6,6125,
2016-12-13 15:27:00+05:30,577.6,579,577.6,578.95,1391,
2016-12-13 15:28:00+05:30,578.95,579.8,578.75,579.05,3559,
2016-12-13 15:29:00+05:30,579.05,579.05,577.35,578.5,1820,
2016-12-14 09:15:00+05:30,579,579.05,578.3,578.8,336,
2016-12-14 09:16:00+05:30,578.8,579.2,578.5,578.9,1334,
2016-12-14 09:17:00+05:30,578.95,578.95,577.45,577.45,2641,
2016-12-14 09:18:00+05:30,577.45,578.15,577.1,578.05,901,
2016-12-14 09:19:00+05:30,578.05,578.2,577.4,577.85,676,
2016-12-14 09:20:00+05:30,577.85,578.6,577.8,577.8,2418,
2016-12-14 09:21:00+05:30,577.8,578.2,577.4,577.85,755,
2016-12-14 09:22:00+05:30,577.55,578.65,577.5,578.25,427,
2016-12-14 09:23:00+05:30,578.25,579.55,578.25,579.55,1484,
2016-12-14 09:24:00+05:30,579.6,579.6,578.35,578.75,752,
2016-12-14 09:25:00+05:30,578.75,578.95,577.95,577.95,670,
2016-12-14 09:26:00+05:30,577.95,578.4,577.9,578.4,649,
2016-12-14 09:27:00+05:30,578.4,579.3,578.3,579.3,1007,
2016-12-14 09:28:00+05:30,579.3,579.35,579,579.35,271,
2016-12-14 09:29:00+05:30,579.35,579.35,579,579,88,
2016-12-14 09:30:00+05:30,578.95,579.25,578.6,578.6,1136,
2016-12-14 09:31:00+05:30,578.6,578.9,577.85,578,2090,
2016-12-14 09:32:00+05:30,578,578.4,577.85,578.15,1432,
2016-12-14 09:33:00+05:30,578.15,578.65,577.9,577.9,1272,
2016-12-14 09:34:00+05:30,577.9,577.9,577,577,421,
2016-12-14 09:35:00+05:30,577,577.05,576.4,576.65,1329,
2016-12-14 09:36:00+05:30,576.65,576.8,576.65,576.75,1247,
2016-12-14 09:37:00+05:30,576.95,578,576.65,577,2572,
2016-12-14 09:38:00+05:30,577,577,576.4,576.95,759,
2016-12-14 09:39:00+05:30,576.95,576.95,576.05,576.05,1033,
2016-12-14 09:40:00+05:30,576.4,576.75,576.05,576.75,538,
2016-12-14 09:41:00+05:30,576.7,577,576.35,576.55,1768,
2016-12-14 09:42:00+05:30,576.55,577.1,576.5,576.5,530,
2016-12-14 09:43:00+05:30,576.5,576.5,576.05,576.45,416,
2016-12-14 09:44:00+05:30,576.45,576.45,576.05,576.05,664,
2016-12-14 09:45:00+05:30,576.05,576.35,576,576.15,1646,
2016-12-14 09:46:00+05:30,576.15,576.55,576,576.55,1035,
2016-12-14 09:47:00+05:30,576.5,576.5,576,576.05,612,
2016-12-14 09:48:00+05:30,576.3,576.3,575.1,575.1,2456,
2016-12-14 09:49:00+05:30,575.1,575.65,575.1,575.65,2060,
2016-12-14 09:50:00+05:30,575.65,575.75,575.3,575.3,712,
2016-12-14 09:51:00+05:30,575.1,575.4,575.05,575.05,698,
2016-12-14 09:52:00+05:30,575.05,575.15,574.75,575.05,1528,
2016-12-14 09:53:00+05:30,575.05,575.25,574.8,574.8,336,
2016-12-14 09:54:00+05:30,574.8,575.5,574.8,575.5,536,
2016-12-14 09:55:00+05:30,575.5,575.5,575.15,575.15,734,
2016-12-14 09:56:00+05:30,575.15,575.45,574.95,575.05,978,
2016-12-14 09:57:00+05:30,575.05,575.25,575,575,463,
2016-12-14 09:58:00+05:30,575,575.1,574.2,574.2,948,
2016-12-14 09:59:00+05:30,574.2,574.5,574.2,574.5,655,
2016-12-14 10:00:00+05:30,574.55,574.55,573.7,573.85,1534,
2016-12-14 10:01:00+05:30,573.85,574.1,573.3,574.05,1975,
2016-12-14 10:02:00+05:30,574.05,574.45,573.7,574.45,132,
2016-12-14 10:03:00+05:30,574.45,574.8,574.15,574.8,414,
2016-12-14 10:04:00+05:30,574.8,575,574.55,574.7,1400,
2016-12-14 10:05:00+05:30,574.7,575.4,574.7,575.05,804,
2016-12-14 10:06:00+05:30,575.3,576.75,575.15,575.55,1550,
2016-12-14 10:07:00+05:30,575.55,576,575.25,575.5,648,
2016-12-14 10:08:00+05:30,575.35,575.6,575.35,575.6,71,
2016-12-14 10:09:00+05:30,575.6,575.6,575.45,575.45,70,
2016-12-14 10:10:00+05:30,575.45,575.65,575.3,575.6,678,
2016-12-14 10:11:00+05:30,575.6,575.6,574.85,574.85,2741,
2016-12-14 10:12:00+05:30,574.85,574.85,574.6,574.8,535,
2016-12-14 10:13:00+05:30,574.8,574.8,574.2,574.4,572,
2016-12-14 10:14:00+05:30,574.4,574.6,574.2,574.25,1154,
2016-12-14 10:15:00+05:30,574.25,574.6,573.85,574.3,1669,
2016-12-14 10:16:00+05:30,574.3,574.3,574,574,417,
2016-12-14 10:17:00+05:30,573.85,574.2,573.85,574.2,702,
2016-12-14 10:18:00+05:30,574.2,574.3,573.6,574.15,1629,
2016-12-14 10:19:00+05:30,574.15,574.15,573.8,573.9,835,
2016-12-14 10:20:00+05:30,573.9,574.25,573.65,574.25,1571,
2016-12-14 10:21:00+05:30,574.25,574.25,573.8,573.8,186,
2016-12-14 10:22:00+05:30,573.8,574.35,573.65,574,762,
2016-12-14 10:23:00+05:30,574,574.2,573.8,574.2,843,
2016-12-14 10:24:00+05:30,574.2,574.55,573.95,574.55,794,
2016-12-14 10:25:00+05:30,574.3,574.85,574.3,574.6,667,
2016-12-14 10:26:00+05:30,574.9,574.9,574.15,574.5,1019,
2016-12-14 10:27:00+05:30,574.3,574.75,574.25,574.3,567,
2016-12-14 10:28:00+05:30,574.3,574.8,574.2,574.3,1467,
2016-12-14 10:29:00+05:30,574.3,574.6,574.05,574.05,484,
2016-12-14 10:30:00+05:30,574.05,574.4,574,574,757,
2016-12-14 10:31:00+05:30,574,574.4,574,574,535,
2016-12-14 10:32:00+05:30,574,574.25,573.9,573.9,746,
2016-12-14 10:33:00+05:30,573.9,574.2,573.85,574.05,92,
2016-12-14 10:34:00+05:30,574.05,574.05,573.8,574.05,740,
2016-12-14 10:35:00+05:30,574.05,574.05,573.7,574,513,
2016-12-14 10:36:00+05:30,574,574,573.65,574,319,
2016-12-14 10:37:00+05:30,574,574,573.65,574,410,
2016-12-14 10:38:00+05:30,574,574,573.65,574,767,
2016-12-14 10:39:00+05:30,574,574,573.65,574,305,
2016-12-14 10:40:00+05:30,574,574,573.65,573.65,626,
2016-12-14 10:41:00+05:30,573.65,573.75,573.25,573.25,728,
2016-12-14 10:42:00+05:30,573.25,573.25,572.55,572.55,1777,
2016-12-14 10:43:00+05:30,572.55,572.7,572.1,572.25,1427,
2016-12-14 10:44:00+05:30,572.25,572.55,572.1,572.55,841,
2016-12-14 10:45:00+05:30,572.6,572.6,572.1,572.25,636,
2016-12-14 10:46:00+05:30,572.25,572.6,572.2,572.5,979,
2016-12-14 10:47:00+05:30,572.5,572.6,572.25,572.6,780,
2016-12-14 10:48:00+05:30,572.6,572.6,572.2,572.2,596,
2016-12-14 10:49:00+05:30,572.2,572.2,572.1,572.15,1330,
2016-12-14 10:50:00+05:30,572.15,572.8,572.15,572.45,732,
2016-12-14 10:51:00+05:30,572.1,572.5,572.1,572.25,423,
2016-12-14 10:52:00+05:30,572.6,572.6,572.25,572.55,261,
2016-12-14 10:53:00+05:30,572.55,572.95,572.3,572.85,434,
2016-12-14 10:54:00+05:30,572.85,573,572.3,572.8,555,
2016-12-14 10:55:00+05:30,572.8,573,572.55,573,761,
2016-12-14 10:56:00+05:30,573,573.2,572.7,573.2,329,
2016-12-14 10:57:00+05:30,573.2,573.2,572.8,573.1,458,
2016-12-14 10:58:00+05:30,573.1,573.1,572.7,572.95,244,
2016-12-14 10:59:00+05:30,572.95,572.95,572.55,572.8,272,
2016-12-14 11:00:00+05:30,572.8,572.8,572.25,572.55,1739,
2016-12-14 11:01:00+05:30,572.55,572.55,571.8,572.05,1121,
2016-12-14 11:02:00+05:30,571.8,572.25,571.8,571.85,2735,
2016-12-14 11:03:00+05:30,571.85,573,571.6,572.9,1411,
2016-12-14 11:04:00+05:30,572.9,573,572.4,572.4,887,
2016-12-14 11:05:00+05:30,572.4,572.85,572,572.3,1048,
2016-12-14 11:06:00+05:30,572.3,572.3,572,572.25,713,
2016-12-14 11:07:00+05:30,572.25,572.5,571.9,572.4,334,
2016-12-14 11:08:00+05:30,572.4,572.4,572,572.2,97,
2016-12-14 11:09:00+05:30,572.2,572.25,572,572.2,648,
2016-12-14 11:10:00+05:30,572.2,572.2,571.9,571.9,530,
2016-12-14 11:11:00+05:30,571.9,572.2,571.7,572,720,
2016-12-14 11:12:00+05:30,572,572.05,571.8,572.05,537,
2016-12-14 11:13:00+05:30,572.05,572.05,571.7,571.95,193,
2016-12-14 11:14:00+05:30,571.95,572,571.85,572,605,
2016-12-14 11:15:00+05:30,572,572,571.75,571.8,698,
2016-12-14 11:16:00+05:30,571.8,571.9,571.15,571.8,3836,
2016-12-14 11:17:00+05:30,571.8,571.9,571,571.3,6262,
2016-12-14 11:18:00+05:30,571.5,571.6,571.1,571.35,1021,
2016-12-14 11:19:00+05:30,571.35,571.5,571.15,571.5,188,
2016-12-14 11:20:00+05:30,571.3,571.85,571.3,571.85,3092,
2016-12-14 11:21:00+05:30,571.85,571.85,571.4,571.4,2019,
2016-12-14 11:22:00+05:30,571.4,571.4,571.1,571.2,576,
2016-12-14 11:23:00+05:30,571.3,571.3,571.2,571.2,243,
2016-12-14 11:24:00+05:30,571.3,571.3,570.7,570.7,1525,
2016-12-14 11:25:00+05:30,570.7,571,569.75,570.15,8206,
2016-12-14 11:26:00+05:30,570.15,570.15,569.6,570,1367,
2016-12-14 11:27:00+05:30,569.7,569.7,568.65,569.5,4246,
2016-12-14 11:28:00+05:30,569.1,569.5,569.1,569.5,2077,
2016-12-14 11:29:00+05:30,569.5,569.9,569.4,569.9,2006,
2016-12-14 11:30:00+05:30,570,570.75,569.95,570.75,1995,
2016-12-14 11:31:00+05:30,570.75,570.75,570.05,570.7,1206,
2016-12-14 11:32:00+05:30,570.7,570.7,570.45,570.7,2772,
2016-12-14 11:33:00+05:30,570.7,570.7,570.5,570.65,4613,
2016-12-14 11:34:00+05:30,570.7,570.9,570.45,570.5,568,
2016-12-14 11:35:00+05:30,570.5,571,570.5,570.75,1477,
2016-12-14 11:36:00+05:30,570.9,570.9,570.6,570.9,55,
2016-12-14 11:37:00+05:30,570.9,570.9,570.6,570.9,56,
2016-12-14 11:38:00+05:30,570.9,570.9,570.5,570.65,607,
2016-12-14 11:39:00+05:30,570.65,570.9,570.35,570.5,1103,
2016-12-14 11:40:00+05:30,570.5,570.5,570.3,570.5,754,
2016-12-14 11:41:00+05:30,570.5,570.5,570.4,570.4,418,
2016-12-14 11:42:00+05:30,570.5,571,570.4,570.8,1925,
2016-12-14 11:43:00+05:30,570.8,570.8,570.4,570.5,1058,
2016-12-14 11:44:00+05:30,570.5,570.5,570.3,570.5,447,
2016-12-14 11:45:00+05:30,570.65,570.65,570,570.35,910,
2016-12-14 11:46:00+05:30,570.35,570.35,570,570,4293,
2016-12-14 11:47:00+05:30,570,570,569.7,569.7,2785,
2016-12-14 11:48:00+05:30,569.7,570,569.7,570,1356,
2016-12-14 11:49:00+05:30,569.95,570.35,569.7,570.05,5160,
2016-12-14 11:50:00+05:30,570.35,570.5,570.2,570.5,872,
2016-12-14 11:51:00+05:30,570.5,570.5,570.2,570.4,159,
2016-12-14 11:52:00+05:30,570.4,570.4,569.95,570,1290,
2016-12-14 11:53:00+05:30,570,570,569.7,570,1008,
2016-12-14 11:54:00+05:30,570,570.05,569.7,570.05,1231,
2016-12-14 11:55:00+05:30,570.15,570.5,570,570.15,733,
2016-12-14 11:56:00+05:30,570.15,570.3,569.7,570,2944,
2016-12-14 11:57:00+05:30,570,570.25,569.95,570.25,221,
2016-12-14 11:58:00+05:30,570.25,570.25,569.95,570,1303,
2016-12-14 11:59:00+05:30,570,570,569.85,569.9,351,
2016-12-14 12:00:00+05:30,569.9,570.05,569.85,570,2528,
2016-12-14 12:01:00+05:30,570,570.2,569.9,570.2,294,
2016-12-14 12:02:00+05:30,570.2,570.2,570.05,570.05,570,
2016-12-14 12:03:00+05:30,570.2,570.2,570,570,605,
2016-12-14 12:04:00+05:30,570,570,569.8,569.9,324,
2016-12-14 12:05:00+05:30,569.95,570.1,569.9,570.1,370,
2016-12-14 12:06:00+05:30,570.1,570.1,570,570.05,1207,
2016-12-14 12:07:00+05:30,570.05,570.05,569.95,570,1734,
2016-12-14 12:08:00+05:30,570.25,570.55,570.1,570.5,303,
2016-12-14 12:09:00+05:30,570.5,570.5,570.35,570.5,114,
2016-12-14 12:10:00+05:30,570.5,570.6,570.4,570.6,363,
2016-12-14 12:11:00+05:30,570.6,570.7,570.5,570.7,231,
2016-12-14 12:12:00+05:30,570.75,570.75,570.45,570.45,927,
2016-12-14 12:13:00+05:30,570.45,570.65,570,570,536,
2016-12-14 12:14:00+05:30,570,570.2,570,570,651,
2016-12-14 12:15:00+05:30,570,570.45,569.75,570.45,582,
2016-12-14 12:16:00+05:30,570.45,570.45,570.2,570.45,247,
2016-12-14 12:17:00+05:30,570.45,570.7,570.45,570.7,469,
2016-12-14 12:18:00+05:30,570.7,570.75,570.45,570.75,252,
2016-12-14 12:19:00+05:30,570.75,570.75,570.45,570.45,443,
2016-12-14 12:20:00+05:30,570.6,570.6,570.1,570.25,290,
2016-12-14 12:21:00+05:30,570.05,570.25,570,570,548,
2016-12-14 12:22:00+05:30,570,570.25,570,570,245,
2016-12-14 12:23:00+05:30,570.25,570.6,569.95,569.95,2265,
2016-12-14 12:24:00+05:30,569.95,570.2,569.7,569.8,1619,
2016-12-14 12:25:00+05:30,569.8,570.1,569.7,570,1407,
2016-12-14 12:26:00+05:30,570,570.05,569.7,569.7,368,
2016-12-14 12:27:00+05:30,569.7,570.1,569.7,570.1,1920,
2016-12-14 12:28:00+05:30,570.3,570.55,570.1,570.55,1460,
2016-12-14 12:29:00+05:30,570.55,570.9,570.35,570.9,486,
2016-12-14 12:30:00+05:30,570.9,571.2,570.3,570.65,893,
2016-12-14 12:31:00+05:30,570.6,570.75,570.25,570.4,341,
2016-12-14 12:32:00+05:30,570.4,570.75,570.4,570.65,433,
2016-12-14 12:33:00+05:30,570.5,571,570.45,570.85,960,
2016-12-14 12:34:00+05:30,570.85,571,570.25,570.4,964,
2016-12-14 12:35:00+05:30,570.3,570.4,570.15,570.4,198,
2016-12-14 12:36:00+05:30,570.4,570.4,570.1,570.35,610,
2016-12-14 12:37:00+05:30,570.35,570.35,570,570.35,541,
2016-12-14 12:38:00+05:30,570.35,570.4,570.05,570.1,522,
2016-12-14 12:39:00+05:30,570.1,570.35,570,570,1090,
2016-12-14 12:40:00+05:30,570,570.3,570,570,999,
2016-12-14 12:41:00+05:30,570,570.5,570,570.4,955,
2016-12-14 12:42:00+05:30,570.4,570.4,570,570.25,1160,
2016-12-14 12:43:00+05:30,570.25,570.25,570,570,764,
2016-12-14 12:44:00+05:30,570.25,570.4,570,570.4,235,
2016-12-14 12:45:00+05:30,570.4,570.55,570.15,570.55,371,
2016-12-14 12:46:00+05:30,570.9,570.9,570.55,570.65,72,
2016-12-14 12:47:00+05:30,570.65,570.65,570.05,570.1,242,
2016-12-14 12:48:00+05:30,570.1,570.35,570.05,570.05,149,
2016-12-14 12:49:00+05:30,570.05,570.35,570.05,570.05,466,
2016-12-14 12:50:00+05:30,570.25,570.25,570,570.25,1032,
2016-12-14 12:51:00+05:30,570.25,570.5,570,570.5,582,
2016-12-14 12:52:00+05:30,570.5,570.5,570.25,570.4,206,
2016-12-14 12:53:00+05:30,570.45,570.45,570.25,570.45,52,
2016-12-14 12:54:00+05:30,570.45,570.45,570.25,570.45,65,
2016-12-14 12:55:00+05:30,570.45,570.45,570.35,570.35,51,
2016-12-14 12:56:00+05:30,570.45,570.75,570.4,570.7,447,
2016-12-14 12:57:00+05:30,570.7,570.7,570.1,570.1,651,
2016-12-14 12:58:00+05:30,570.1,570.45,570.05,570.1,207,
2016-12-14 12:59:00+05:30,570.1,570.45,570.05,570.05,143,
2016-12-14 13:00:00+05:30,570.05,570.45,570,570.05,155,
2016-12-14 13:01:00+05:30,570.05,570.55,570,570.2,359,
2016-12-14 13:02:00+05:30,570.2,570.5,570.2,570.2,207,
2016-12-14 13:03:00+05:30,570.2,570.2,570,570.15,223,
2016-12-14 13:04:00+05:30,570.15,570.4,570,570,178,
2016-12-14 13:05:00+05:30,570,570.4,570,570,3032,
2016-12-14 13:06:00+05:30,570,570.55,569.7,570.15,10204,
2016-12-14 13:07:00+05:30,570.15,570.15,569.5,569.8,2512,
2016-12-14 13:08:00+05:30,569.8,569.8,569.2,569.8,1892,
2016-12-14 13:09:00+05:30,569.8,569.8,569.1,569.4,830,
2016-12-14 13:10:00+05:30,569.4,569.4,568.85,568.85,2729,
2016-12-14 13:11:00+05:30,569.2,569.8,568.9,569.8,742,
2016-12-14 13:12:00+05:30,569.8,569.8,569,569,695,
2016-12-14 13:13:00+05:30,569,569.9,569,569.5,785,
2016-12-14 13:14:00+05:30,569.5,569.5,568.9,569.45,700,
2016-12-14 13:15:00+05:30,569.45,570.15,569.45,570,1102,
2016-12-14 13:16:00+05:30,570,570,569.8,570,421,
2016-12-14 13:17:00+05:30,570,570.4,570,570,284,
2016-12-14 13:18:00+05:30,570,570.25,570,570.25,187,
2016-12-14 13:19:00+05:30,570.25,570.45,570,570.45,276,
2016-12-14 13:20:00+05:30,570.45,570.45,569.75,569.75,3070,
2016-12-14 13:21:00+05:30,569.75,570.35,569.75,570.35,254,
2016-12-14 13:22:00+05:30,570.35,570.35,570,570.2,1442,
2016-12-14 13:23:00+05:30,570.2,570.2,570,570.2,67,
2016-12-14 13:24:00+05:30,570.2,570.75,570.1,570.75,922,
2016-12-14 13:25:00+05:30,570.75,570.75,570.45,570.75,105,
2016-12-14 13:26:00+05:30,570.75,571,570.5,570.8,2108,
2016-12-14 13:27:00+05:30,570.8,570.95,570.35,570.95,753,
2016-12-14 13:28:00+05:30,570.95,571,570.7,570.7,303,
2016-12-14 13:29:00+05:30,570.8,571.3,570.8,570.9,1003,
2016-12-14 13:30:00+05:30,570.9,570.9,570.5,570.55,366,
2016-12-14 13:31:00+05:30,570.55,570.9,570.55,570.9,40,
2016-12-14 13:32:00+05:30,570.9,570.9,570.75,570.85,141,
2016-12-14 13:33:00+05:30,570.85,570.9,570.75,570.9,344,
2016-12-14 13:34:00+05:30,571,571.35,570.55,571.35,914,
2016-12-14 13:35:00+05:30,571.35,571.35,571.1,571.1,68,
2016-12-14 13:36:00+05:30,571.1,571.1,570.7,570.7,160,
2016-12-14 13:37:00+05:30,570.7,570.95,570.7,570.85,50,
2016-12-14 13:38:00+05:30,570.75,570.95,570.7,570.7,66,
2016-12-14 13:39:00+05:30,570.75,570.8,570.5,570.8,996,
2016-12-14 13:40:00+05:30,570.8,570.8,570.55,570.8,297,
2016-12-14 13:41:00+05:30,570.8,570.8,570.55,570.6,158,
2016-12-14 13:42:00+05:30,570.6,570.6,570.45,570.45,295,
2016-12-14 13:43:00+05:30,570.45,570.5,570.2,570.5,107,
2016-12-14 13:44:00+05:30,570.5,570.6,570.2,570.25,269,
2016-12-14 13:45:00+05:30,570.6,571.35,570.25,571.05,2646,
2016-12-14 13:46:00+05:30,571.05,571.6,571.05,571.6,4948,
2016-12-14 13:47:00+05:30,571.65,571.7,571.35,571.5,894,
2016-12-14 13:48:00+05:30,571.5,571.5,571.3,571.3,562,
2016-12-14 13:49:00+05:30,571.5,571.6,571.35,571.6,1317,
2016-12-14 13:50:00+05:30,571.6,572.3,571.45,571.85,1607,
2016-12-14 13:51:00+05:30,572,572.5,571.85,572.35,1787,
2016-12-14 13:52:00+05:30,572.5,572.9,572.35,572.9,3381,
2016-12-14 13:53:00+05:30,572.9,573.3,572.7,572.9,2344,
2016-12-14 13:54:00+05:30,572.9,573.6,572.9,573.5,1671,
2016-12-14 13:55:00+05:30,573.6,573.6,572.55,572.8,756,
2016-12-14 13:56:00+05:30,572.8,572.8,571.8,572,2099,
2016-12-14 13:57:00+05:30,572,572.3,571.8,572.3,945,
2016-12-14 13:58:00+05:30,572.3,572.35,572.15,572.15,862,
2016-12-14 13:59:00+05:30,572.15,572.35,571.9,571.9,489,
2016-12-14 14:00:00+05:30,572.4,572.6,572.2,572.5,351,
2016-12-14 14:01:00+05:30,572.6,572.6,572.35,572.6,238,
2016-12-14 14:02:00+05:30,572.6,572.85,572.45,572.55,480,
2016-12-14 14:03:00+05:30,572.55,572.8,572.4,572.5,560,
2016-12-14 14:04:00+05:30,572.5,572.65,572.25,572.6,306,
2016-12-14 14:05:00+05:30,572.6,572.7,572,572,676,
2016-12-14 14:06:00+05:30,572.35,572.35,571.8,571.8,560,
2016-12-14 14:07:00+05:30,571.8,572.35,571.8,572.25,430,
2016-12-14 14:08:00+05:30,572.25,572.25,571.5,571.95,2438,
2016-12-14 14:09:00+05:30,571.95,572.35,571.9,571.9,546,
2016-12-14 14:10:00+05:30,572,572,571.6,571.9,631,
2016-12-14 14:11:00+05:30,572,572,571.6,572,655,
2016-12-14 14:12:00+05:30,572,572.35,571.85,572.25,1200,
2016-12-14 14:13:00+05:30,572.25,572.35,571.9,572,1137,
2016-12-14 14:14:00+05:30,572.15,572.15,571.9,571.9,1295,
2016-12-14 14:15:00+05:30,571.9,572,571.85,571.85,411,
2016-12-14 14:16:00+05:30,572,572,571.85,571.85,435,
2016-12-14 14:17:00+05:30,571.95,571.95,571.15,571.15,742,
2016-12-14 14:18:00+05:30,571.6,571.6,571.1,571.3,632,
2016-12-14 14:19:00+05:30,571.6,571.6,571.25,571.25,486,
2016-12-14 14:20:00+05:30,571.6,571.95,571.2,571.65,360,
2016-12-14 14:21:00+05:30,571.65,572.15,571.65,571.9,1663,
2016-12-14 14:22:00+05:30,571.9,572.2,571.9,572.15,323,
2016-12-14 14:23:00+05:30,572.2,572.2,571.75,571.75,593,
2016-12-14 14:24:00+05:30,571.75,572.15,571.75,571.85,558,
2016-12-14 14:25:00+05:30,572.15,572.35,571.85,572,716,
2016-12-14 14:26:00+05:30,572.3,572.3,572,572.3,449,
2016-12-14 14:27:00+05:30,572.3,572.3,571.75,572,749,
2016-12-14 14:28:00+05:30,572,572,571.75,571.85,998,
2016-12-14 14:29:00+05:30,571.85,572,571.75,571.75,820,
2016-12-14 14:30:00+05:30,571.75,572,571.75,571.75,451,
2016-12-14 14:31:00+05:30,572,572,571.75,571.8,930,
2016-12-14 14:32:00+05:30,571.95,572,571.9,572,439,
2016-12-14 14:33:00+05:30,572,572,571.8,571.8,759,
2016-12-14 14:34:00+05:30,572,572,571.75,571.8,506,
2016-12-14 14:35:00+05:30,572,572,571.8,572,1073,
2016-12-14 14:36:00+05:30,572,572,571.75,572,871,
2016-12-14 14:37:00+05:30,572,572,571.75,571.85,1355,
2016-12-14 14:38:00+05:30,571.95,572,571.3,571.4,3677,
2016-12-14 14:39:00+05:30,571.65,571.95,571.5,571.5,1144,
2016-12-14 14:40:00+05:30,571.5,571.5,571.05,571.3,1542,
2016-12-14 14:41:00+05:30,571.3,571.3,570.8,570.95,2795,
2016-12-14 14:42:00+05:30,570.95,570.95,570.6,570.8,726,
2016-12-14 14:43:00+05:30,570.8,570.95,570.55,570.55,598,
2016-12-14 14:44:00+05:30,570.9,570.95,570.7,570.7,387,
2016-12-14 14:45:00+05:30,570.7,570.85,570.55,570.6,776,
2016-12-14 14:46:00+05:30,570.6,570.85,570.1,570.1,2967,
2016-12-14 14:47:00+05:30,570.25,570.45,569.9,569.9,2339,
2016-12-14 14:48:00+05:30,570.15,570.15,569.7,569.9,1235,
2016-12-14 14:49:00+05:30,570.15,570.25,569.9,570.25,1550,
2016-12-14 14:50:00+05:30,570.25,570.5,570.1,570.1,584,
2016-12-14 14:51:00+05:30,570.45,570.45,570.1,570.1,738,
2016-12-14 14:52:00+05:30,570.35,570.35,569.5,569.9,2956,
2016-12-14 14:53:00+05:30,569.9,569.9,568.85,568.85,1841,
2016-12-14 14:54:00+05:30,568.85,569.3,568.85,569.1,1243,
2016-12-14 14:55:00+05:30,569.15,569.15,568.85,568.85,663,
2016-12-14 14:56:00+05:30,569.1,569.1,568.65,568.9,777,
2016-12-14 14:57:00+05:30,568.9,569.45,568.65,569.25,1497,
2016-12-14 14:58:00+05:30,569.45,569.75,569.1,569.55,1213,
2016-12-14 14:59:00+05:30,569.55,569.9,569.05,569.1,681,
2016-12-14 15:00:00+05:30,569.1,569.1,568.1,568.35,3742,
2016-12-14 15:01:00+05:30,568.35,569,568.1,568.3,2589,
2016-12-14 15:02:00+05:30,568.3,568.4,568.1,568.25,1303,
2016-12-14 15:03:00+05:30,568.1,568.25,567,567,8713,
2016-12-14 15:04:00+05:30,567,567,564.25,564.6,17862,
2016-12-14 15:05:00+05:30,564.6,566.1,564.45,565.85,21129,
2016-12-14 15:06:00+05:30,565.75,567.55,565.75,566.25,17753,
2016-12-14 15:07:00+05:30,566.45,567.1,566.45,566.8,3761,
2016-12-14 15:08:00+05:30,566.65,567.1,566.6,567.1,2278,
2016-12-14 15:09:00+05:30,567.1,567.1,567,567.1,997,
2016-12-14 15:10:00+05:30,567,569.2,567,568.75,15900,
2016-12-14 15:11:00+05:30,568.9,569,568,568.05,2005,
2016-12-14 15:12:00+05:30,567.8,567.8,567.3,567.8,1822,
2016-12-14 15:13:00+05:30,568,570.6,568,570.6,19995,
2016-12-14 15:14:00+05:30,570.6,571.85,570.6,571.85,15607,
2016-12-14 15:15:00+05:30,571.85,571.95,569.1,569.1,31668,
2016-12-14 15:16:00+05:30,569,569,567.8,567.8,4057,
2016-12-14 15:17:00+05:30,567.8,568,567.25,568,5457,
2016-12-14 15:18:00+05:30,568,568.1,567.6,567.9,2906,
2016-12-14 15:19:00+05:30,567.9,567.95,567.5,567.75,2819,
2016-12-14 15:20:00+05:30,567.75,567.9,567.2,567.75,4535,
2016-12-14 15:21:00+05:30,567.75,568.1,566.95,567.8,8429,
2016-12-14 15:22:00+05:30,567.75,567.9,567.7,567.75,3317,
2016-12-14 15:23:00+05:30,567.75,567.9,567.75,567.9,2646,
2016-12-14 15:24:00+05:30,567.9,567.95,567.8,567.9,2337,
2016-12-14 15:25:00+05:30,567.9,567.95,567.75,567.8,4137,
2016-12-14 15:26:00+05:30,567.85,568,567.75,567.75,9118,
2016-12-14 15:27:00+05:30,567.75,568,567.75,567.9,2400,
2016-12-14 15:28:00+05:30,567.9,567.9,567.75,567.8,3198,
2016-12-14 15:29:00+05:30,567.8,568.8,567.75,568.65,7734,
2016-12-15 09:15:00+05:30,568.45,572.75,568.45,572.35,10152,
2016-12-15 09:16:00+05:30,572.25,573.45,572.25,573.2,26903,
2016-12-15 09:17:00+05:30,572.75,574,572.65,573.3,20392,
2016-12-15 09:18:00+05:30,573.05,573.2,572.5,572.75,17618,
2016-12-15 09:19:00+05:30,572.8,573.55,572.5,573.3,12777,
2016-12-15 09:20:00+05:30,573.2,575.5,573.1,573.2,11785,
2016-12-15 09:21:00+05:30,573.2,575,573.2,574.05,7776,
2016-12-15 09:22:00+05:30,574.05,574.9,573.75,574,5520,
2016-12-15 09:23:00+05:30,574.2,574.2,573.05,573.65,9360,
2016-12-15 09:24:00+05:30,573.7,575.35,573.5,575.35,4641,
2016-12-15 09:25:00+05:30,574.85,575.45,574.5,574.9,3805,
2016-12-15 09:26:00+05:30,575.15,575.4,574.6,574.85,3246,
2016-12-15 09:27:00+05:30,574.85,575.5,574.85,575.15,3784,
2016-12-15 09:28:00+05:30,575.15,575.45,574.6,574.95,2097,
2016-12-15 09:29:00+05:30,574.95,575.25,574.6,575.2,2402,
2016-12-15 09:30:00+05:30,575.1,575.1,573.3,574.95,6924,
2016-12-15 09:31:00+05:30,574.95,575,574.6,574.9,1930,
2016-12-15 09:32:00+05:30,574.9,574.9,574.1,574.65,5214,
2016-12-15 09:33:00+05:30,574.65,575.5,574.25,575.5,11399,
2016-12-15 09:34:00+05:30,575.6,576.5,574.4,576.5,14561,
2016-12-15 09:35:00+05:30,576.3,576.55,575.15,575.5,5430,
2016-12-15 09:36:00+05:30,575.35,575.5,574,574,5583,
2016-12-15 09:37:00+05:30,574,574.5,573.7,573.8,2752,
2016-12-15 09:38:00+05:30,573.8,574.15,573.7,573.7,1635,
2016-12-15 09:39:00+05:30,573.7,573.95,573.65,573.7,577,
2016-12-15 09:40:00+05:30,573.7,574,573.65,573.7,1763,
2016-12-15 09:41:00+05:30,573.7,573.7,573.5,573.55,4349,
2016-12-15 09:42:00+05:30,573.55,573.7,571.6,571.7,12543,
2016-12-15 09:43:00+05:30,571.8,572.15,570.05,570.05,10472,
2016-12-15 09:44:00+05:30,570.05,570.8,568.55,569,10632,
2016-12-15 09:45:00+05:30,569.15,569.7,567.3,567.3,12576,
2016-12-15 09:46:00+05:30,567.25,568,564.7,565.35,15966,
2016-12-15 09:47:00+05:30,565.55,568.15,565.55,567.1,7025,
2016-12-15 09:48:00+05:30,567.2,567.95,566.95,567.5,6593,
2016-12-15 09:49:00+05:30,567.35,568,567,567.75,3349,
2016-12-15 09:50:00+05:30,567.75,568,567.55,567.8,1140,
2016-12-15 09:51:00+05:30,567.8,568.05,567,567.55,5005,
2016-12-15 09:52:00+05:30,567.55,567.95,567,567.25,4457,
2016-12-15 09:53:00+05:30,567.25,567.65,567,567.55,2412,
2016-12-15 09:54:00+05:30,567.55,567.95,567.4,567.65,1117,
2016-12-15 09:55:00+05:30,567.65,568.9,567.65,568.5,2509,
2016-12-15 09:56:00+05:30,568.5,569.1,568.45,569,2723,
2016-12-15 09:57:00+05:30,569.1,569.2,568.55,568.95,2245,
2016-12-15 09:58:00+05:30,568.95,569.2,568.85,568.95,2489,
2016-12-15 09:59:00+05:30,568.95,569.1,568.85,569.1,913,
2016-12-15 10:00:00+05:30,569.1,569.5,568.85,569.25,2095,
2016-12-15 10:01:00+05:30,569.35,570,569.25,570,2315,
2016-12-15 10:02:00+05:30,569.9,570,569.8,569.95,1378,
2016-12-15 10:03:00+05:30,569.95,570.55,569.95,569.95,3277,
2016-12-15 10:04:00+05:30,569.95,570.25,569.25,569.25,1986,
2016-12-15 10:05:00+05:30,569.25,569.4,568.75,568.75,3882,
2016-12-15 10:06:00+05:30,568.75,569.05,568.4,568.8,2871,
2016-12-15 10:07:00+05:30,568.8,568.9,568.2,568.3,1437,
2016-12-15 10:08:00+05:30,568.3,568.7,568.2,568.65,1157,
2016-12-15 10:09:00+05:30,568.65,568.75,568.2,568.5,1084,
2016-12-15 10:10:00+05:30,568.5,568.7,568.3,568.3,1328,
2016-12-15 10:11:00+05:30,568.3,568.45,567.25,567.3,1938,
2016-12-15 10:12:00+05:30,567.25,567.35,566.95,566.95,3792,
2016-12-15 10:13:00+05:30,566.95,566.95,566.15,566.5,2115,
2016-12-15 10:14:00+05:30,566.5,567.5,566.2,567.5,2470,
2016-12-15 10:15:00+05:30,567.5,568.1,567.5,567.55,1436,
2016-12-15 10:16:00+05:30,567.55,568.05,567.55,568.05,1364,
2016-12-15 10:17:00+05:30,568.05,568.7,568,568.7,618,
2016-12-15 10:18:00+05:30,568.7,568.7,568.3,568.3,1158,
2016-12-15 10:19:00+05:30,568.45,568.45,568.2,568.35,427,
2016-12-15 10:20:00+05:30,568.35,568.95,568.35,568.7,1504,
2016-12-15 10:21:00+05:30,568.7,569.35,568.7,569.1,1491,
2016-12-15 10:22:00+05:30,569.25,569.25,569,569,339,
2016-12-15 10:23:00+05:30,569.15,569.15,568.1,568.2,2128,
2016-12-15 10:24:00+05:30,568.2,568.7,567.75,567.75,1683,
2016-12-15 10:25:00+05:30,567.75,568.7,567.75,568.65,2308,
2016-12-15 10:26:00+05:30,568.65,569,568.1,568.7,1204,
2016-12-15 10:27:00+05:30,568.7,568.7,568.1,568.55,524,
2016-12-15 10:28:00+05:30,568.5,568.5,568.25,568.3,413,
2016-12-15 10:29:00+05:30,568.3,568.45,567.9,567.9,836,
2016-12-15 10:30:00+05:30,567.9,567.9,567,567,4374,
2016-12-15 10:31:00+05:30,567,567.2,567,567,3173,
2016-12-15 10:32:00+05:30,567,567.05,566.6,566.7,1750,
2016-12-15 10:33:00+05:30,566.7,567.25,566.6,567.15,604,
2016-12-15 10:34:00+05:30,567.15,567.15,567,567,294,
2016-12-15 10:35:00+05:30,567.1,567.15,567.1,567.15,286,
2016-12-15 10:36:00+05:30,567.15,567.15,566.9,566.9,1463,
2016-12-15 10:37:00+05:30,566.9,567.15,566.55,566.75,823,
2016-12-15 10:38:00+05:30,566.75,566.75,566.1,566.55,1699,
2016-12-15 10:39:00+05:30,566.55,566.55,566.1,566.45,467,
2016-12-15 10:40:00+05:30,566.45,566.45,566.1,566.45,718,
2016-12-15 10:41:00+05:30,566.45,566.5,566.1,566.2,1655,
2016-12-15 10:42:00+05:30,566.2,566.5,566.1,566.4,2208,
2016-12-15 10:43:00+05:30,566.2,566.4,566.1,566.4,546,
2016-12-15 10:44:00+05:30,566.4,566.45,566.15,566.4,1438,
2016-12-15 10:45:00+05:30,566.4,566.45,565.55,565.55,3582,
2016-12-15 10:46:00+05:30,565.55,565.9,565.2,565.2,3356,
2016-12-15 10:47:00+05:30,565.2,565.45,565.2,565.45,722,
2016-12-15 10:48:00+05:30,565.45,565.5,565.25,565.5,970,
2016-12-15 10:49:00+05:30,565.5,565.85,565.3,565.6,2107,
2016-12-15 10:50:00+05:30,565.6,566.15,565.55,565.95,1446,
2016-12-15 10:51:00+05:30,565.95,565.95,565.65,565.9,378,
2016-12-15 10:52:00+05:30,565.9,565.9,565.75,565.8,204,
2016-12-15 10:53:00+05:30,565.8,565.8,565.25,565.25,2155,
2016-12-15 10:54:00+05:30,565.35,566,565.3,565.7,1174,
2016-12-15 10:55:00+05:30,565.7,566.05,565.7,565.75,2230,
2016-12-15 10:56:00+05:30,565.75,566.05,565.6,565.6,357,
2016-12-15 10:57:00+05:30,565.6,565.95,565.6,565.95,281,
2016-12-15 10:58:00+05:30,565.95,565.95,565.65,565.8,200,
2016-12-15 10:59:00+05:30,565.8,566,565.7,565.85,1084,
2016-12-15 11:00:00+05:30,565.85,565.9,565.85,565.9,361,
2016-12-15 11:01:00+05:30,566,566,565.25,565.55,969,
2016-12-15 11:02:00+05:30,565.55,565.55,565.3,565.55,324,
2016-12-15 11:03:00+05:30,565.55,565.65,565.5,565.6,274,
2016-12-15 11:04:00+05:30,565.6,565.8,565.45,565.5,527,
2016-12-15 11:05:00+05:30,565.5,565.8,565.5,565.75,1705,
2016-12-15 11:06:00+05:30,565.75,565.75,565.2,565.45,2242,
2016-12-15 11:07:00+05:30,565.45,565.45,565,565,1890,
2016-12-15 11:08:00+05:30,565,565.45,565,565.4,1060,
2016-12-15 11:09:00+05:30,565.4,565.45,565,565,745,
2016-12-15 11:10:00+05:30,565,565.15,565,565.15,524,
2016-12-15 11:11:00+05:30,565.15,565.6,565.1,565.35,814,
2016-12-15 11:12:00+05:30,565.35,565.75,565.3,565.5,506,
2016-12-15 11:13:00+05:30,565.5,565.65,565.45,565.45,172,
2016-12-15 11:14:00+05:30,565.45,565.45,564.15,564.15,7155,
2016-12-15 11:15:00+05:30,563.85,563.85,562,563.15,17405,
2016-12-15 11:16:00+05:30,562.9,563.25,562.1,562.5,2539,
2016-12-15 11:17:00+05:30,562.55,563.55,562.55,563.25,2268,
2016-12-15 11:18:00+05:30,563.3,563.3,562.55,562.85,6415,
2016-12-15 11:19:00+05:30,562.85,563.3,562.85,563.05,463,
2016-12-15 11:20:00+05:30,563.05,563.4,562.75,562.75,2314,
2016-12-15 11:21:00+05:30,562.75,563.25,562.7,563,630,
2016-12-15 11:22:00+05:30,563,563.75,563,563.65,1356,
2016-12-15 11:23:00+05:30,563.65,563.65,563.1,563.2,185,
2016-12-15 11:24:00+05:30,563.2,563.65,563,563.4,1752,
2016-12-15 11:25:00+05:30,563.4,563.4,562.8,563,575,
2016-12-15 11:26:00+05:30,563,563.2,562.85,562.9,656,
2016-12-15 11:27:00+05:30,562.9,563.15,562.85,563.15,439,
2016-12-15 11:28:00+05:30,563.15,563.2,562.85,563.15,1882,
2016-12-15 11:29:00+05:30,563.2,563.5,563,563.45,872,
2016-12-15 11:30:00+05:30,563.45,563.45,562.9,562.9,1468,
2016-12-15 11:31:00+05:30,562.9,563.7,562.9,563.65,1588,
2016-12-15 11:32:00+05:30,563.65,564,563.45,564,475,
2016-12-15 11:33:00+05:30,564,564.05,563.65,564.05,840,
2016-12-15 11:34:00+05:30,564.05,564.35,563.6,564.35,1220,
2016-12-15 11:35:00+05:30,564.35,564.5,563.75,563.9,4004,
2016-12-15 11:36:00+05:30,563.9,563.9,563.05,563.4,1776,
2016-12-15 11:37:00+05:30,563.3,563.3,563,563.15,911,
2016-12-15 11:38:00+05:30,563.15,563.15,563,563,1247,
2016-12-15 11:39:00+05:30,563,563,561.25,561.45,6199,
2016-12-15 11:40:00+05:30,561.45,562.55,561.45,562.55,805,
2016-12-15 11:41:00+05:30,562.55,562.55,562,562.25,884,
2016-12-15 11:42:00+05:30,562.25,562.5,562,562.5,661,
2016-12-15 11:43:00+05:30,562.5,562.6,562.3,562.3,351,
2016-12-15 11:44:00+05:30,562.3,562.4,562,562.4,1737,
2016-12-15 11:45:00+05:30,562.4,562.95,562.1,562.95,875,
2016-12-15 11:46:00+05:30,562.95,562.95,562.6,562.9,444,
2016-12-15 11:47:00+05:30,562.9,563,562.5,562.75,2625,
2016-12-15 11:48:00+05:30,562.75,562.75,562.6,562.6,925,
2016-12-15 11:49:00+05:30,562.65,562.85,562.6,562.6,763,
2016-12-15 11:50:00+05:30,562.6,562.65,562.1,562.15,507,
2016-12-15 11:51:00+05:30,562.2,562.65,562.2,562.5,619,
2016-12-15 11:52:00+05:30,562.5,562.55,562.35,562.35,382,
2016-12-15 11:53:00+05:30,562.35,562.35,562,562.3,420,
2016-12-15 11:54:00+05:30,562.3,562.3,561.25,561.25,1830,
2016-12-15 11:55:00+05:30,561.25,561.25,561,561.25,4831,
2016-12-15 11:56:00+05:30,561.25,561.25,560.85,561.15,4281,
2016-12-15 11:57:00+05:30,561.15,561.65,560.8,561.6,2260,
2016-12-15 11:58:00+05:30,561.3,561.65,561.3,561.5,304,
2016-12-15 11:59:00+05:30,561.5,561.5,561.3,561.3,176,
2016-12-15 12:00:00+05:30,561.3,561.3,560.7,560.7,2408,
2016-12-15 12:01:00+05:30,560.7,560.7,560.3,560.5,586,
2016-12-15 12:02:00+05:30,560.5,561,559.3,560,13050,
2016-12-15 12:03:00+05:30,560,560,559.15,559.6,3566,
2016-12-15 12:04:00+05:30,559.6,560.5,559.5,560.5,2179,
2016-12-15 12:05:00+05:30,560.5,561.2,560.3,561.2,1655,
2016-12-15 12:06:00+05:30,561.2,561.2,560.55,560.9,4935,
2016-12-15 12:07:00+05:30,560.9,560.95,560.55,560.55,1700,
2016-12-15 12:08:00+05:30,560.55,561.15,560.55,561,1936,
2016-12-15 12:09:00+05:30,561,561.35,561,561.1,873,
2016-12-15 12:10:00+05:30,561.1,561.7,561.1,561.55,1374,
2016-12-15 12:11:00+05:30,561.55,561.55,561.2,561.4,1294,
2016-12-15 12:12:00+05:30,561.4,561.95,561.2,561.6,1618,
2016-12-15 12:13:00+05:30,561.6,561.85,561.3,561.3,448,
2016-12-15 12:14:00+05:30,561.3,561.55,561.3,561.35,605,
2016-12-15 12:15:00+05:30,561.55,561.6,561.3,561.4,616,
2016-12-15 12:16:00+05:30,561.4,561.55,561.35,561.55,661,
2016-12-15 12:17:00+05:30,561.55,561.7,561.3,561.7,1555,
2016-12-15 12:18:00+05:30,561.7,561.85,561.6,561.85,692,
2016-12-15 12:19:00+05:30,561.95,562,561.45,561.85,789,
2016-12-15 12:20:00+05:30,562.1,562.3,561.8,561.9,426,
2016-12-15 12:21:00+05:30,562.1,562.15,561.8,562.15,899,
2016-12-15 12:22:00+05:30,562.15,562.3,561.95,562.2,839,
2016-12-15 12:23:00+05:30,562.3,562.3,562.2,562.2,177,
2016-12-15 12:24:00+05:30,562.25,562.3,562.2,562.3,1005,
2016-12-15 12:25:00+05:30,562.3,562.3,562.05,562.05,412,
2016-12-15 12:26:00+05:30,562.2,562.2,562.05,562.05,747,
2016-12-15 12:27:00+05:30,562.05,562.25,562.05,562.1,260,
2016-12-15 12:28:00+05:30,562.1,562.6,562.05,562.6,1416,
2016-12-15 12:29:00+05:30,562.6,562.7,562.4,562.45,491,
2016-12-15 12:30:00+05:30,562.45,562.65,562.45,562.65,764,
2016-12-15 12:31:00+05:30,562.65,562.8,562.65,562.8,1001,
2016-12-15 12:32:00+05:30,562.8,562.9,562.65,562.9,359,
2016-12-15 12:33:00+05:30,562.9,563,562.65,563,1210,
2016-12-15 12:34:00+05:30,563,563.05,563,563,886,
2016-12-15 12:35:00+05:30,563.05,563.05,562.7,562.7,468,
2016-12-15 12:36:00+05:30,562.7,563.1,562.6,563,965,
2016-12-15 12:37:00+05:30,563,563.4,563,563.4,182,
2016-12-15 12:38:00+05:30,563.4,564.75,563.4,564.75,5680,
2016-12-15 12:39:00+05:30,564.8,564.95,564.3,564.3,1517,
2016-12-15 12:40:00+05:30,564.3,564.5,564,564,1315,
2016-12-15 12:41:00+05:30,564.35,564.35,563.15,563.85,2282,
2016-12-15 12:42:00+05:30,563.85,563.85,563.15,563.7,615,
2016-12-15 12:43:00+05:30,563.15,563.5,563.15,563.5,288,
2016-12-15 12:44:00+05:30,563.5,563.55,563.15,563.2,734,
2016-12-15 12:45:00+05:30,563.2,563.5,563.15,563.2,991,
2016-12-15 12:46:00+05:30,563.2,563.5,563.15,563.15,580,
2016-12-15 12:47:00+05:30,563.15,563.5,563.15,563.5,1486,
2016-12-15 12:48:00+05:30,563.5,563.85,563.25,563.6,535,
2016-12-15 12:49:00+05:30,563.6,563.95,563.25,563.85,1649,
2016-12-15 12:50:00+05:30,563.85,563.85,563.25,563.25,665,
2016-12-15 12:51:00+05:30,563.25,563.95,563.25,563.45,5606,
2016-12-15 12:52:00+05:30,563.95,564,563.5,564,1954,
2016-12-15 12:53:00+05:30,564,564,563.55,563.55,91,
2016-12-15 12:54:00+05:30,563.55,563.6,563.5,563.5,2277,
2016-12-15 12:55:00+05:30,563.55,563.55,563.5,563.5,204,
2016-12-15 12:56:00+05:30,563.55,563.6,563.5,563.5,1447,
2016-12-15 12:57:00+05:30,563.5,564.1,563.5,563.95,3589,
2016-12-15 12:58:00+05:30,563.95,563.95,563.55,563.55,1090,
2016-12-15 12:59:00+05:30,563.55,564,563.55,563.7,149,
2016-12-15 13:00:00+05:30,563.7,563.9,563.7,563.7,353,
2016-12-15 13:01:00+05:30,563.7,564,563.7,564,969,
2016-12-15 13:02:00+05:30,564,564,563.5,563.5,346,
2016-12-15 13:03:00+05:30,563.5,564,563.5,563.5,391,
2016-12-15 13:04:00+05:30,563.5,564,563.5,563.6,427,
2016-12-15 13:05:00+05:30,563.6,563.7,563.5,563.5,81,
2016-12-15 13:06:00+05:30,563.5,564.1,563.5,563.95,1823,
2016-12-15 13:07:00+05:30,563.95,564.2,563.65,564.05,294,
2016-12-15 13:08:00+05:30,564.05,564.1,563.7,563.7,197,
2016-12-15 13:09:00+05:30,564.1,564.1,563.7,563.8,98,
2016-12-15 13:10:00+05:30,563.8,564,563.65,563.65,311,
2016-12-15 13:11:00+05:30,563.65,564,563.65,563.85,380,
2016-12-15 13:12:00+05:30,563.85,564.05,563.85,563.85,80,
2016-12-15 13:13:00+05:30,563.85,564.1,563.7,564,3682,
2016-12-15 13:14:00+05:30,564,564,563.55,563.75,185,
2016-12-15 13:15:00+05:30,563.75,564,563.5,563.5,2216,
2016-12-15 13:16:00+05:30,563.5,564,563.5,563.65,2017,
2016-12-15 13:17:00+05:30,563.65,564.2,563.65,564,3920,
2016-12-15 13:18:00+05:30,564.15,564.15,563.85,564.15,3253,
2016-12-15 13:19:00+05:30,564.15,564.2,563.6,564.05,1362,
2016-12-15 13:20:00+05:30,564.05,565,563.95,565,3496,
2016-12-15 13:21:00+05:30,565,565.45,565,565,5884,
2016-12-15 13:22:00+05:30,565,565.7,565,565.45,1104,
2016-12-15 13:23:00+05:30,565.4,565.7,565.05,565.35,1877,
2016-12-15 13:24:00+05:30,565.35,565.35,564.5,564.95,4480,
2016-12-15 13:25:00+05:30,564.95,565,564.15,564.15,362,
2016-12-15 13:26:00+05:30,564.15,564.35,564,564,900,
2016-12-15 13:27:00+05:30,564,564.4,564,564.05,217,
2016-12-15 13:28:00+05:30,564.05,564.4,563.65,563.65,833,
2016-12-15 13:29:00+05:30,563.65,563.95,563.35,563.45,646,
2016-12-15 13:30:00+05:30,563.45,564.15,563.4,564.15,446,
2016-12-15 13:31:00+05:30,563.8,563.9,563.45,563.5,473,
2016-12-15 13:32:00+05:30,563.5,564.8,563.5,564.8,3705,
2016-12-15 13:33:00+05:30,565,565.05,564.55,564.55,4293,
2016-12-15 13:34:00+05:30,564.55,564.95,564.55,564.65,505,
2016-12-15 13:35:00+05:30,564.65,564.95,564.5,564.5,120,
2016-12-15 13:36:00+05:30,564.5,564.85,564.3,564.55,228,
2016-12-15 13:37:00+05:30,564.55,564.9,564.55,564.55,361,
2016-12-15 13:38:00+05:30,564.9,564.9,564.65,564.85,111,
2016-12-15 13:39:00+05:30,564.85,564.85,564.25,564.25,469,
2016-12-15 13:40:00+05:30,564.25,564.7,564.25,564.7,340,
2016-12-15 13:41:00+05:30,564.7,564.7,563.85,564.1,946,
2016-12-15 13:42:00+05:30,564.1,564.45,564,564.4,442,
2016-12-15 13:43:00+05:30,564.4,564.5,564.25,564.3,217,
2016-12-15 13:44:00+05:30,564.3,564.5,564.3,564.3,151,
2016-12-15 13:45:00+05:30,564.3,564.45,564.05,564.05,82,
2016-12-15 13:46:00+05:30,564.05,564.45,563.85,564.4,947,
2016-12-15 13:47:00+05:30,564.35,564.4,564.05,564.4,386,
2016-12-15 13:48:00+05:30,564.4,564.5,563.9,564.1,500,
2016-12-15 13:49:00+05:30,564.5,564.5,564.1,564.1,472,
2016-12-15 13:50:00+05:30,564.1,564.9,564.1,564.9,793,
2016-12-15 13:51:00+05:30,564.45,565.25,564.45,565.25,5951,
2016-12-15 13:52:00+05:30,565.25,565.4,564.35,564.35,1303,
2016-12-15 13:53:00+05:30,564.35,565,564.35,564.65,439,
2016-12-15 13:54:00+05:30,564.95,565.25,564.75,565,513,
2016-12-15 13:55:00+05:30,565.25,565.4,564.75,564.75,525,
2016-12-15 13:56:00+05:30,565.2,565.25,564.5,564.55,464,
2016-12-15 13:57:00+05:30,564.8,565.35,564.55,565.05,1014,
2016-12-15 13:58:00+05:30,565.15,565.15,564.7,565,654,
2016-12-15 13:59:00+05:30,565.05,565.05,564.55,564.6,634,
2016-12-15 14:00:00+05:30,564.95,564.95,564.3,564.3,964,
2016-12-15 14:01:00+05:30,564.3,564.3,563.6,563.75,1024,
2016-12-15 14:02:00+05:30,564,564,563.8,563.8,792,
2016-12-15 14:03:00+05:30,563.8,564.1,563.8,563.85,1000,
2016-12-15 14:04:00+05:30,563.85,564.35,563.5,563.6,671,
2016-12-15 14:05:00+05:30,564.2,564.25,563.6,563.9,451,
2016-12-15 14:06:00+05:30,564.25,564.3,563.6,564.2,463,
2016-12-15 14:07:00+05:30,564.2,564.4,563.75,563.75,496,
2016-12-15 14:08:00+05:30,563.75,564.1,563.75,563.75,379,
2016-12-15 14:09:00+05:30,563.95,564,563.45,563.5,3400,
2016-12-15 14:10:00+05:30,563.8,563.95,563.4,563.4,484,
2016-12-15 14:11:00+05:30,563.4,563.85,563.4,563.4,441,
2016-12-15 14:12:00+05:30,563.4,563.85,563,563,1568,
2016-12-15 14:13:00+05:30,563,563.5,562.8,562.95,1183,
2016-12-15 14:14:00+05:30,562.95,563.5,562.7,563.2,643,
2016-12-15 14:15:00+05:30,563.2,563.5,562.65,562.65,805,
2016-12-15 14:16:00+05:30,563.1,563.1,562.65,562.85,623,
2016-12-15 14:17:00+05:30,562.85,563.1,562.7,562.8,561,
2016-12-15 14:18:00+05:30,563.1,563.2,562.8,563.2,1546,
2016-12-15 14:19:00+05:30,563.5,563.75,563.25,563.4,1194,
2016-12-15 14:20:00+05:30,563.65,563.7,563.4,563.4,1398,
2016-12-15 14:21:00+05:30,563.4,563.75,563.4,563.4,565,
2016-12-15 14:22:00+05:30,563.8,563.8,563.3,563.35,1343,
2016-12-15 14:23:00+05:30,563.35,563.9,563.3,563.85,4093,
2016-12-15 14:24:00+05:30,563.85,564,563.45,563.5,959,
2016-12-15 14:25:00+05:30,563.85,563.9,563.25,563.4,1769,
2016-12-15 14:26:00+05:30,563.4,563.9,563.4,563.6,507,
2016-12-15 14:27:00+05:30,563.6,563.9,563.2,563.4,2294,
2016-12-15 14:28:00+05:30,563.4,563.75,563.4,563.4,403,
2016-12-15 14:29:00+05:30,563.5,563.9,563.3,563.3,405,
2016-12-15 14:30:00+05:30,563.3,563.7,563.3,563.35,462,
2016-12-15 14:31:00+05:30,563.35,563.7,563.3,563.35,526,
2016-12-15 14:32:00+05:30,563.5,563.8,563.5,563.5,450,
2016-12-15 14:33:00+05:30,563.7,563.95,563.3,563.5,700,
2016-12-15 14:34:00+05:30,563.5,563.5,563.2,563.3,590,
2016-12-15 14:35:00+05:30,563.3,563.4,563.25,563.25,958,
2016-12-15 14:36:00+05:30,563.3,563.5,563.05,563.05,824,
2016-12-15 14:37:00+05:30,563.3,563.35,562.85,563,753,
2016-12-15 14:38:00+05:30,563.2,563.25,562.8,562.9,2523,
2016-12-15 14:39:00+05:30,563.4,563.4,562.8,563,849,
2016-12-15 14:40:00+05:30,563,563.25,562.6,562.8,837,
2016-12-15 14:41:00+05:30,562.8,563,562.5,562.8,2358,
2016-12-15 14:42:00+05:30,562.8,562.8,562.5,562.5,1730,
2016-12-15 14:43:00+05:30,562.35,562.8,562.3,562.3,2215,
2016-12-15 14:44:00+05:30,562.3,562.6,562.1,562.1,1075,
2016-12-15 14:45:00+05:30,562.5,562.5,562.1,562.25,1137,
2016-12-15 14:46:00+05:30,562.6,562.85,562.4,562.7,2319,
2016-12-15 14:47:00+05:30,563.2,563.2,562.55,562.75,2917,
2016-12-15 14:48:00+05:30,562.75,563.25,562.6,562.7,650,
2016-12-15 14:49:00+05:30,563,563.15,562.55,562.55,525,
2016-12-15 14:50:00+05:30,562.55,563.15,562.55,563.1,1822,
2016-12-15 14:51:00+05:30,563.15,563.2,563,563,480,
2016-12-15 14:52:00+05:30,563.2,563.25,562.6,562.9,1489,
2016-12-15 14:53:00+05:30,563.2,563.2,562.7,562.7,706,
2016-12-15 14:54:00+05:30,563.2,563.2,562.45,562.6,2554,
2016-12-15 14:55:00+05:30,562.8,563.1,562.45,562.45,549,
2016-12-15 14:56:00+05:30,562.8,563,562.55,562.6,556,
2016-12-15 14:57:00+05:30,562.95,563.1,562.7,563.05,1542,
2016-12-15 14:58:00+05:30,563.2,563.2,562.85,563,986,
2016-12-15 14:59:00+05:30,563,563.4,563,563.25,1389,
2016-12-15 15:00:00+05:30,563.5,563.5,562.75,562.8,3006,
2016-12-15 15:01:00+05:30,562.8,562.85,562.15,562.3,3361,
2016-12-15 15:02:00+05:30,562.3,562.3,561.45,561.45,3950,
2016-12-15 15:03:00+05:30,561.45,562.6,561.1,562,4384,
2016-12-15 15:04:00+05:30,562,562.1,561.55,562.1,2580,
2016-12-15 15:05:00+05:30,562.1,562.15,562,562,2552,
2016-12-15 15:06:00+05:30,562,562.05,561.9,562,1460,
2016-12-15 15:07:00+05:30,562,562,561.55,561.55,1969,
2016-12-15 15:08:00+05:30,561.55,561.7,561.2,561.25,3255,
2016-12-15 15:09:00+05:30,561.25,561.3,561.1,561.25,4607,
2016-12-15 15:10:00+05:30,561.25,562,561,561.75,6013,
2016-12-15 15:11:00+05:30,561.75,562.1,561.6,562.05,5129,
2016-12-15 15:12:00+05:30,562.05,562.05,561.5,561.7,3664,
2016-12-15 15:13:00+05:30,561.75,561.75,561,561.15,5019,
2016-12-15 15:14:00+05:30,561.15,561.4,561.05,561.4,2565,
2016-12-15 15:15:00+05:30,561.4,562.1,561.05,561.2,7412,
2016-12-15 15:16:00+05:30,561.2,562,561.05,561.9,9863,
2016-12-15 15:17:00+05:30,561.9,561.9,561.8,561.85,2302,
2016-12-15 15:18:00+05:30,561.85,563,561.8,562.9,4293,
2016-12-15 15:19:00+05:30,562.55,562.8,562,562.35,4129,
2016-12-15 15:20:00+05:30,562.2,562.65,562.2,562.55,2564,
2016-12-15 15:21:00+05:30,562.55,562.9,562.5,562.7,3713,
2016-12-15 15:22:00+05:30,562.7,563.2,562.6,562.6,4019,
2016-12-15 15:23:00+05:30,562.65,563.45,562.6,563.2,3599,
2016-12-15 15:24:00+05:30,563.25,563.6,563,563.5,5848,
2016-12-15 15:25:00+05:30,563.5,563.55,563.5,563.5,7806,
2016-12-15 15:26:00+05:30,563.5,563.9,563.4,563.85,173413,
2016-12-15 15:27:00+05:30,563.85,564.25,563.45,564,6374,
2016-12-15 15:28:00+05:30,564.2,564.25,563.55,563.95,3195,
2016-12-15 15:29:00+05:30,563.85,564,563.5,564,4935,
2016-12-16 09:15:00+05:30,562.9,566.85,561.35,562.1,4697,
2016-12-16 09:16:00+05:30,562.6,564.25,562.6,564.25,1731,
2016-12-16 09:17:00+05:30,564,564.15,561.55,562.25,8767,
2016-12-16 09:18:00+05:30,562.25,562.35,561.8,562.25,3661,
2016-12-16 09:19:00+05:30,562.25,564,562.15,563.5,2125,
2016-12-16 09:20:00+05:30,563.6,564,562.85,563.9,5406,
2016-12-16 09:21:00+05:30,563.9,564.85,563.7,564.8,1927,
2016-12-16 09:22:00+05:30,564.8,565,564.2,564.95,3973,
2016-12-16 09:23:00+05:30,564.8,564.9,564.4,564.75,2410,
2016-12-16 09:24:00+05:30,564.75,565,564.7,564.9,1604,
2016-12-16 09:25:00+05:30,564.9,564.9,564.75,564.9,910,
2016-12-16 09:26:00+05:30,564.9,564.9,564.2,564.5,760,
2016-12-16 09:27:00+05:30,564.5,564.8,564.25,564.65,2165,
2016-12-16 09:28:00+05:30,564.45,564.45,563.8,563.8,1952,
2016-12-16 09:29:00+05:30,563.8,563.8,563,563.2,6657,
2016-12-16 09:30:00+05:30,563.2,563.2,562.85,563,3092,
2016-12-16 09:31:00+05:30,563,564.65,562.9,564.65,3619,
2016-12-16 09:32:00+05:30,564.65,564.65,564.25,564.65,605,
2016-12-16 09:33:00+05:30,564.65,565.9,564.45,565.5,2458,
2016-12-16 09:34:00+05:30,565.5,565.8,565.1,565.5,1241,
2016-12-16 09:35:00+05:30,565.5,565.7,565.25,565.25,811,
2016-12-16 09:36:00+05:30,565.25,565.35,565,565,3714,
2016-12-16 09:37:00+05:30,565,565.5,565,565.45,3440,
2016-12-16 09:38:00+05:30,565.45,565.45,565.35,565.35,314,
2016-12-16 09:39:00+05:30,565.35,565.35,565,565,691,
2016-12-16 09:40:00+05:30,565,565.1,564.75,565.1,1493,
2016-12-16 09:41:00+05:30,565.1,565.15,564.8,565.1,948,
2016-12-16 09:42:00+05:30,565,565.5,565,565.45,1824,
2016-12-16 09:43:00+05:30,565.45,565.5,565.2,565.5,742,
2016-12-16 09:44:00+05:30,565.5,565.5,565,565,1129,
2016-12-16 09:45:00+05:30,565,565.15,565,565.15,628,
2016-12-16 09:46:00+05:30,565,565.4,565,565.4,219,
2016-12-16 09:47:00+05:30,565.4,565.45,565.4,565.45,474,
2016-12-16 09:48:00+05:30,565.45,565.45,565.1,565.2,559,
2016-12-16 09:49:00+05:30,565.2,565.35,565.05,565.05,448,
2016-12-16 09:50:00+05:30,565.05,565.25,565,565.25,260,
2016-12-16 09:51:00+05:30,565.25,565.25,565.05,565.2,960,
2016-12-16 09:52:00+05:30,565.2,565.2,565,565,409,
2016-12-16 09:53:00+05:30,565,565,564.9,564.9,510,
2016-12-16 09:54:00+05:30,564.9,565,564.7,564.9,575,
2016-12-16 09:55:00+05:30,564.9,564.9,564.7,564.75,940,
2016-12-16 09:56:00+05:30,564.75,564.9,564.75,564.9,366,
2016-12-16 09:57:00+05:30,564.9,564.9,564.65,564.8,372,
2016-12-16 09:58:00+05:30,564.85,564.9,564.75,564.8,347,
2016-12-16 09:59:00+05:30,564.75,564.75,564.6,564.6,205,
2016-12-16 10:00:00+05:30,564.6,564.65,564.15,564.55,1691,
2016-12-16 10:01:00+05:30,564.55,564.65,563.9,564.15,775,
2016-12-16 10:02:00+05:30,564.15,564.35,564.15,564.15,241,
2016-12-16 10:03:00+05:30,564.15,564.2,564,564.05,12096,
2016-12-16 10:04:00+05:30,564.05,564.2,563.75,563.75,477,
2016-12-16 10:05:00+05:30,563.75,564,563.15,563.3,533,
2016-12-16 10:06:00+05:30,563.3,563.45,563.15,563.35,945,
2016-12-16 10:07:00+05:30,563.35,563.35,562.7,563.15,2129,
2016-12-16 10:08:00+05:30,563.05,563.2,562.8,563.1,1175,
2016-12-16 10:09:00+05:30,563.15,563.2,562.8,563,1282,
2016-12-16 10:10:00+05:30,563.2,563.35,563,563.3,2087,
2016-12-16 10:11:00+05:30,563.3,563.45,563.3,563.45,1118,
2016-12-16 10:12:00+05:30,563.45,563.55,563.3,563.55,1346,
2016-12-16 10:13:00+05:30,563.55,563.55,563.1,563.5,1248,
2016-12-16 10:14:00+05:30,563.5,563.55,563.15,563.2,1144,
2016-12-16 10:15:00+05:30,563.35,563.35,562.85,563,228,
2016-12-16 10:16:00+05:30,563.25,563.25,562.8,563.25,1260,
2016-12-16 10:17:00+05:30,563.25,563.4,563.25,563.25,450,
2016-12-16 10:18:00+05:30,563.25,563.4,563.05,563.05,182,
2016-12-16 10:19:00+05:30,563.35,563.35,563.15,563.15,234,
2016-12-16 10:20:00+05:30,563.15,563.25,563,563,511,
2016-12-16 10:21:00+05:30,563.15,563.2,562.7,563.2,900,
2016-12-16 10:22:00+05:30,563.1,563.2,562.65,563.2,2510,
2016-12-16 10:23:00+05:30,563.2,563.2,562.7,562.7,774,
2016-12-16 10:24:00+05:30,562.65,562.7,562.25,562.5,2849,
2016-12-16 10:25:00+05:30,562.5,562.5,562,562.5,1333,
2016-12-16 10:26:00+05:30,562.5,562.75,562.45,562.5,110,
2016-12-16 10:27:00+05:30,562.5,562.7,562.5,562.7,266,
2016-12-16 10:28:00+05:30,562.7,562.7,562.6,562.7,212,
2016-12-16 10:29:00+05:30,562.7,562.7,562.6,562.6,352,
2016-12-16 10:30:00+05:30,562.6,562.9,562.55,562.7,1297,
2016-12-16 10:31:00+05:30,562.7,562.7,562,562.35,2043,
2016-12-16 10:32:00+05:30,562.35,562.4,562.3,562.4,673,
2016-12-16 10:33:00+05:30,562.4,562.45,562.4,562.45,539,
2016-12-16 10:34:00+05:30,562.45,562.55,562.4,562.55,1276,
2016-12-16 10:35:00+05:30,562.55,562.7,562.5,562.5,5,
2016-12-16 10:36:00+05:30,562.7,562.7,562.3,562.6,897,
2016-12-16 10:37:00+05:30,562.6,562.65,562.3,562.3,587,
2016-12-16 10:38:00+05:30,562.3,562.4,562.05,562.25,1032,
2016-12-16 10:39:00+05:30,562.25,562.45,562.1,562.4,462,
2016-12-16 10:40:00+05:30,562.4,562.6,562.2,562.2,206,
2016-12-16 10:41:00+05:30,562.2,562.7,562.15,562.15,901,
2016-12-16 10:42:00+05:30,562.1,562.6,562.05,562.25,711,
2016-12-16 10:43:00+05:30,562.25,562.35,562.2,562.2,129,
2016-12-16 10:44:00+05:30,562.2,562.35,562.15,562.25,518,
2016-12-16 10:45:00+05:30,562.25,562.4,562.25,562.35,103,
2016-12-16 10:46:00+05:30,562.35,562.4,562.35,562.4,258,
2016-12-16 10:47:00+05:30,562.4,562.4,562.05,562.05,653,
2016-12-16 10:48:00+05:30,562.05,562.15,562.05,562.15,15,
2016-12-16 10:49:00+05:30,562.15,562.3,562.05,562.3,183,
2016-12-16 10:50:00+05:30,562.3,562.3,562.05,562.05,1061,
2016-12-16 10:51:00+05:30,562.25,562.25,562.25,562.25,427,
2016-12-16 10:52:00+05:30,562.25,562.25,562.15,562.15,131,
2016-12-16 10:53:00+05:30,562.15,562.25,562.15,562.15,235,
2016-12-16 10:54:00+05:30,562.25,562.25,562.05,562.05,511,
2016-12-16 10:55:00+05:30,562.05,562.15,562.05,562.15,674,
2016-12-16 10:56:00+05:30,562.15,562.15,562.15,562.15,138,
2016-12-16 10:57:00+05:30,562.15,562.15,562.05,562.15,82,
2016-12-16 10:58:00+05:30,562.15,562.85,562.15,562.3,3559,
2016-12-16 10:59:00+05:30,563,563.2,562.85,562.9,368,
2016-12-16 11:00:00+05:30,562.9,563,562.8,562.95,525,
2016-12-16 11:01:00+05:30,562.55,562.75,562.45,562.65,146,
2016-12-16 11:02:00+05:30,562.65,563.95,562.65,563.95,1787,
2016-12-16 11:03:00+05:30,563.95,564,563.6,563.95,15270,
2016-12-16 11:04:00+05:30,563.95,563.95,563.65,563.8,1069,
2016-12-16 11:05:00+05:30,563.8,563.8,563.8,563.8,163,
2016-12-16 11:06:00+05:30,563.8,563.8,563.75,563.8,41,
2016-12-16 11:07:00+05:30,563.8,563.8,563.8,563.8,4,
2016-12-16 11:08:00+05:30,563.8,563.8,563.55,563.75,176,
2016-12-16 11:09:00+05:30,563.75,563.75,563.6,563.7,141,
2016-12-16 11:10:00+05:30,563.7,563.7,563.7,563.7,753,
2016-12-16 11:11:00+05:30,563.7,563.7,563.15,563.15,2144,
2016-12-16 11:12:00+05:30,563.15,563.4,563.15,563.4,889,
2016-12-16 11:13:00+05:30,563.6,564,563.3,564,617,
2016-12-16 11:14:00+05:30,564,564.05,563.95,564.05,685,
2016-12-16 11:15:00+05:30,564.05,564.7,564.05,564.6,3064,
2016-12-16 11:16:00+05:30,564.6,565,564.6,565,309,
2016-12-16 11:17:00+05:30,564.65,565,564.6,564.9,253,
2016-12-16 11:18:00+05:30,564.9,564.9,564.5,564.75,130,
2016-12-16 11:19:00+05:30,564.75,565,564.6,565,218,
2016-12-16 11:20:00+05:30,565,565,564.7,564.7,83,
2016-12-16 11:21:00+05:30,564.7,564.8,564.6,564.6,463,
2016-12-16 11:22:00+05:30,564.6,564.6,564.6,564.6,195,
2016-12-16 11:23:00+05:30,564.6,564.9,564.55,564.9,244,
2016-12-16 11:24:00+05:30,564.9,564.9,564.35,564.35,532,
2016-12-16 11:25:00+05:30,564.35,564.35,564.3,564.3,184,
2016-12-16 11:26:00+05:30,564.3,564.35,564,564,1778,
2016-12-16 11:27:00+05:30,564,564,563.75,563.75,235,
2016-12-16 11:28:00+05:30,563.55,563.55,563.45,563.45,36,
2016-12-16 11:29:00+05:30,563.45,563.65,563.4,563.4,332,
2016-12-16 11:30:00+05:30,563.4,563.5,563.2,563.2,238,
2016-12-16 11:31:00+05:30,563.2,563.2,562.9,563,632,
2016-12-16 11:32:00+05:30,563.5,563.5,563.05,563.1,397,
2016-12-16 11:33:00+05:30,563.5,563.55,562.35,562.4,2662,
2016-12-16 11:34:00+05:30,562.4,563,562.4,562.85,769,
2016-12-16 11:35:00+05:30,562.85,562.85,562.2,562.6,965,
2016-12-16 11:36:00+05:30,562.8,562.9,562.4,562.55,689,
2016-12-16 11:37:00+05:30,562.55,562.55,562.5,562.55,222,
2016-12-16 11:38:00+05:30,562.55,562.55,562.1,562.15,1258,
2016-12-16 11:39:00+05:30,562.15,562.15,562.05,562.05,505,
2016-12-16 11:40:00+05:30,562.05,562.35,562.05,562.35,1045,
2016-12-16 11:41:00+05:30,562.65,562.65,562.5,562.5,377,
2016-12-16 11:42:00+05:30,562.5,562.55,562.5,562.55,172,
2016-12-16 11:43:00+05:30,562.55,562.55,562.1,562.15,398,
2016-12-16 11:44:00+05:30,562.15,562.45,562.05,562.1,236,
2016-12-16 11:45:00+05:30,562.1,562.1,562.05,562.05,792,
2016-12-16 11:46:00+05:30,562.05,562.1,562.05,562.1,568,
2016-12-16 11:47:00+05:30,562.1,562.15,562.1,562.1,362,
2016-12-16 11:48:00+05:30,562.1,562.35,562.1,562.15,347,
2016-12-16 11:49:00+05:30,562.1,562.45,562.1,562.45,616,
2016-12-16 11:50:00+05:30,562.45,562.7,562.15,562.65,468,
2016-12-16 11:51:00+05:30,562.65,562.65,562.15,562.15,220,
2016-12-16 11:52:00+05:30,562.1,562.7,562.1,562.7,316,
2016-12-16 11:53:00+05:30,562.7,562.7,562.25,562.5,274,
2016-12-16 11:54:00+05:30,562.5,562.5,562.2,562.45,480,
2016-12-16 11:55:00+05:30,562.45,562.7,562.1,562.15,498,
2016-12-16 11:56:00+05:30,562.2,562.8,562.1,562.65,1286,
2016-12-16 11:57:00+05:30,562.45,562.65,562.45,562.5,351,
2016-12-16 11:58:00+05:30,562.5,562.5,562.2,562.45,483,
2016-12-16 11:59:00+05:30,562.45,562.75,562.05,562.5,3177,
2016-12-16 12:00:00+05:30,562.5,563,562.3,562.95,936,
2016-12-16 12:01:00+05:30,562.95,562.95,562.35,562.75,185,
2016-12-16 12:02:00+05:30,562.75,562.75,562.15,562.55,270,
2016-12-16 12:03:00+05:30,562.35,562.75,562.1,562.3,52189,
2016-12-16 12:04:00+05:30,562.75,562.75,562.2,562.25,181,
2016-12-16 12:05:00+05:30,562.25,562.3,562.15,562.15,270,
2016-12-16 12:06:00+05:30,562.15,562.55,562.1,562.55,438,
2016-12-16 12:07:00+05:30,562.55,562.85,562.55,562.7,463,
2016-12-16 12:08:00+05:30,562.65,562.65,562.3,562.3,226,
2016-12-16 12:09:00+05:30,562.3,562.6,562.2,562.3,280,
2016-12-16 12:10:00+05:30,562.3,562.7,562.15,562.2,604,
2016-12-16 12:11:00+05:30,562.6,562.6,562.1,562.2,2235,
2016-12-16 12:12:00+05:30,562.2,562.6,562.1,562.55,820,
2016-12-16 12:13:00+05:30,562.55,562.55,562.1,562.15,193,
2016-12-16 12:14:00+05:30,562.15,562.5,562.1,562.1,447,
2016-12-16 12:15:00+05:30,562.45,562.5,562.15,562.45,174,
2016-12-16 12:16:00+05:30,562.45,562.45,562.25,562.4,249,
2016-12-16 12:17:00+05:30,562.25,562.6,562.25,562.55,1248,
2016-12-16 12:18:00+05:30,562.55,562.95,562.45,562.95,297,
2016-12-16 12:19:00+05:30,562.95,563,562.5,562.8,30868,
2016-12-16 12:20:00+05:30,562.8,562.8,562.7,562.8,392,
2016-12-16 12:21:00+05:30,562.8,562.8,562.5,562.75,319,
2016-12-16 12:22:00+05:30,562.65,562.8,562.5,562.55,199,
2016-12-16 12:23:00+05:30,562.55,562.9,562.45,562.5,1222,
2016-12-16 12:24:00+05:30,562.75,562.9,562.25,562.8,2237,
2016-12-16 12:25:00+05:30,562.85,562.85,562.5,562.75,206,
2016-12-16 12:26:00+05:30,562.75,563,562.5,562.9,758,
2016-12-16 12:27:00+05:30,562.9,563.05,562.5,562.5,885,
2016-12-16 12:28:00+05:30,562.5,563.05,562.5,562.55,211,
2016-12-16 12:29:00+05:30,562.55,562.95,562.55,562.65,414,
2016-12-16 12:30:00+05:30,562.7,563.35,562.7,563.35,548,
2016-12-16 12:31:00+05:30,563.35,563.55,563.2,563.55,235,
2016-12-16 12:32:00+05:30,563.55,563.95,563.45,563.9,237,
2016-12-16 12:33:00+05:30,563.35,563.35,563.15,563.15,115,
2016-12-16 12:34:00+05:30,563.15,563.6,563.1,563.6,20,
2016-12-16 12:35:00+05:30,563.6,563.9,563.3,563.9,170,
2016-12-16 12:36:00+05:30,563.9,564.6,563.9,564.6,1662,
2016-12-16 12:37:00+05:30,564.6,565,564.2,564.25,2564,
2016-12-16 12:38:00+05:30,564.25,564.95,564.25,564.95,961,
2016-12-16 12:39:00+05:30,564.95,564.95,564.8,564.95,251,
2016-12-16 12:40:00+05:30,564.95,564.95,564.75,564.75,162,
2016-12-16 12:41:00+05:30,564.75,564.95,564.5,564.95,1513,
2016-12-16 12:42:00+05:30,565,565,564.85,565,691,
2016-12-16 12:43:00+05:30,564.8,565,564.8,564.95,207,
2016-12-16 12:44:00+05:30,565,567,565,566.85,5168,
2016-12-16 12:45:00+05:30,566.85,568.05,566.4,568.05,5752,
2016-12-16 12:46:00+05:30,567.75,568.35,567.25,567.5,2738,
2016-12-16 12:47:00+05:30,567.5,567.8,567.25,567.25,1616,
2016-12-16 12:48:00+05:30,567.25,567.25,567,567,1582,
2016-12-16 12:49:00+05:30,567,567,566.55,566.55,1401,
2016-12-16 12:50:00+05:30,566.55,566.9,566.55,566.9,30,
2016-12-16 12:51:00+05:30,566.9,567,566.5,566.5,513,
2016-12-16 12:52:00+05:30,566.5,566.9,566.5,566.6,124,
2016-12-16 12:53:00+05:30,566.6,566.6,566.4,566.4,280,
2016-12-16 12:54:00+05:30,566.4,566.5,566,566,905,
2016-12-16 12:55:00+05:30,566,566.45,566,566.45,252,
2016-12-16 12:56:00+05:30,566.45,566.45,566.2,566.45,201,
2016-12-16 12:57:00+05:30,566.45,566.45,566,566,410,
2016-12-16 12:58:00+05:30,566,566,565.7,565.7,126,
2016-12-16 12:59:00+05:30,565.7,565.7,565.4,565.4,239,
2016-12-16 13:00:00+05:30,565.4,565.6,565.3,565.55,566,
2016-12-16 13:01:00+05:30,565.3,565.55,565.15,565.55,991,
2016-12-16 13:02:00+05:30,565.55,565.55,565.05,565.05,300,
2016-12-16 13:03:00+05:30,565.05,565.1,565.05,565.1,150,
2016-12-16 13:04:00+05:30,565.1,565.5,565.1,565.5,395,
2016-12-16 13:05:00+05:30,565.5,565.55,565.5,565.55,50,
2016-12-16 13:06:00+05:30,565.55,565.8,565.35,565.35,274,
2016-12-16 13:07:00+05:30,565.35,565.85,565.35,565.85,36,
2016-12-16 13:08:00+05:30,565.85,565.85,565.6,565.6,40,
2016-12-16 13:09:00+05:30,565.6,565.9,565.55,565.85,301,
2016-12-16 13:10:00+05:30,565.9,566.45,565.5,566.3,1130,
2016-12-16 13:11:00+05:30,566.3,567,566.3,567,1718,
2016-12-16 13:12:00+05:30,567,567,565.75,565.75,514,
2016-12-16 13:13:00+05:30,565.75,566.25,565.55,565.7,475,
2016-12-16 13:14:00+05:30,565.7,566.55,565.65,566.5,565,
2016-12-16 13:15:00+05:30,566.5,567.45,566.35,566.35,1386,
2016-12-16 13:16:00+05:30,566.35,566.55,566.25,566.25,94,
2016-12-16 13:17:00+05:30,566.25,566.95,566.25,566.75,141,
2016-12-16 13:18:00+05:30,566.75,566.95,566.65,566.65,105,
2016-12-16 13:19:00+05:30,567,567,566.55,566.95,285,
2016-12-16 13:20:00+05:30,566.95,567,566.95,567,880,
2016-12-16 13:21:00+05:30,567,567,566.55,566.55,158,
2016-12-16 13:22:00+05:30,566.55,566.8,566.55,566.8,240,
2016-12-16 13:23:00+05:30,566.8,566.8,566.65,566.8,149,
2016-12-16 13:24:00+05:30,566.8,566.9,566.3,566.3,866,
2016-12-16 13:25:00+05:30,566.65,566.8,566.3,566.35,898,
2016-12-16 13:26:00+05:30,566.35,566.65,566.3,566.45,180,
2016-12-16 13:27:00+05:30,566.45,567,566.45,567,217,
2016-12-16 13:28:00+05:30,567,567,566.85,566.85,111,
2016-12-16 13:29:00+05:30,566.85,566.85,566.65,566.7,258,
2016-12-16 13:30:00+05:30,566.7,566.75,566.7,566.75,217,
2016-12-16 13:31:00+05:30,566.75,567.5,566.65,567.25,2354,
2016-12-16 13:32:00+05:30,567.25,567.25,567.2,567.2,151,
2016-12-16 13:33:00+05:30,567.2,567.25,567.1,567.1,183,
2016-12-16 13:34:00+05:30,567.1,567.5,567.05,567.5,455,
2016-12-16 13:35:00+05:30,567.5,567.5,566.8,566.8,858,
2016-12-16 13:36:00+05:30,566.8,566.8,566.1,566.1,260,
2016-12-16 13:37:00+05:30,566.1,566.45,566,566.45,563,
2016-12-16 13:38:00+05:30,566.45,566.45,565.85,565.85,52,
2016-12-16 13:39:00+05:30,565.85,566,565.85,565.85,144,
2016-12-16 13:40:00+05:30,565.85,565.85,565.3,565.3,957,
2016-12-16 13:41:00+05:30,565.3,565.3,564.3,564.5,949,
2016-12-16 13:42:00+05:30,564.5,564.85,564.5,564.5,769,
2016-12-16 13:43:00+05:30,564.45,564.8,564.45,564.8,389,
2016-12-16 13:44:00+05:30,564.8,565,564.8,564.95,126,
2016-12-16 13:45:00+05:30,564.95,565,564.95,565,123,
2016-12-16 13:46:00+05:30,565,565.1,565,565.1,278,
2016-12-16 13:47:00+05:30,565.1,565.4,564.8,564.8,3034,
2016-12-16 13:48:00+05:30,564.8,564.9,564.8,564.9,250,
2016-12-16 13:49:00+05:30,564.9,565.2,564.6,564.6,640,
2016-12-16 13:50:00+05:30,564.6,565.95,564.6,565.95,2026,
2016-12-16 13:51:00+05:30,565.95,566,565.65,565.9,135,
2016-12-16 13:52:00+05:30,565.9,565.9,565.7,565.7,5,
2016-12-16 13:53:00+05:30,565.7,566.2,565.7,566.2,668,
2016-12-16 13:54:00+05:30,566.2,566.2,565.9,565.9,288,
2016-12-16 13:55:00+05:30,565.9,565.95,565.6,565.95,161,
2016-12-16 13:56:00+05:30,565.95,565.95,565.95,565.95,5,
2016-12-16 13:57:00+05:30,565.8,565.8,565.3,565.8,923,
2016-12-16 13:58:00+05:30,565.8,565.8,565.7,565.7,369,
2016-12-16 13:59:00+05:30,565.7,565.7,565.65,565.65,6,
2016-12-16 14:00:00+05:30,565.65,565.65,565.45,565.45,80,
2016-12-16 14:01:00+05:30,565.45,565.75,565.45,565.55,570,
2016-12-16 14:02:00+05:30,565.75,566.2,565.75,566.2,2833,
2016-12-16 14:03:00+05:30,566.2,566.75,566,566.4,760,
2016-12-16 14:04:00+05:30,566.75,566.85,566.5,566.85,834,
2016-12-16 14:05:00+05:30,566.85,567,566.5,566.85,1676,
2016-12-16 14:06:00+05:30,566.85,567.8,566.6,566.6,3518,
2016-12-16 14:07:00+05:30,566.6,568.3,566.6,568.3,3936,
2016-12-16 14:08:00+05:30,567.95,568.5,567.7,567.7,4619,
2016-12-16 14:09:00+05:30,567.7,568.5,567.7,568.2,963,
2016-12-16 14:10:00+05:30,568.45,568.6,568.2,568.2,2168,
2016-12-16 14:11:00+05:30,568.2,568.5,568.1,568.15,1909,
2016-12-16 14:12:00+05:30,568.15,568.5,568.15,568.25,2561,
2016-12-16 14:13:00+05:30,568.25,568.3,568,568,1918,
2016-12-16 14:14:00+05:30,568,568.3,567.75,568.05,1332,
2016-12-16 14:15:00+05:30,568.05,568.3,567.9,568.3,1219,
2016-12-16 14:16:00+05:30,568.3,568.35,567.85,568.05,1248,
2016-12-16 14:17:00+05:30,568.05,568.35,568.05,568.05,700,
2016-12-16 14:18:00+05:30,568.05,568.35,568.05,568.35,570,
2016-12-16 14:19:00+05:30,568.35,568.35,568.05,568.05,1398,
2016-12-16 14:20:00+05:30,568.05,568.1,567.9,567.9,1382,
2016-12-16 14:21:00+05:30,568,568.15,567.8,567.8,1671,
2016-12-16 14:22:00+05:30,567.75,568,567.65,568,1217,
2016-12-16 14:23:00+05:30,568,568.3,568,568.25,2847,
2016-12-16 14:24:00+05:30,568.25,568.3,568.1,568.1,2457,
2016-12-16 14:25:00+05:30,568.1,568.35,568,568.3,458,
2016-12-16 14:26:00+05:30,568.3,568.85,568.3,568.8,1240,
2016-12-16 14:27:00+05:30,569,569.9,569,569.05,7868,
2016-12-16 14:28:00+05:30,569.05,569.5,569,569.5,2123,
2016-12-16 14:29:00+05:30,569.5,569.65,568.2,568.7,4591,
2016-12-16 14:30:00+05:30,568.7,569.2,568.45,569.15,799,
2016-12-16 14:31:00+05:30,569.15,569.45,569,569,2633,
2016-12-16 14:32:00+05:30,569,569,568.85,568.85,1191,
2016-12-16 14:33:00+05:30,569,569,568.9,568.9,1451,
2016-12-16 14:34:00+05:30,569.25,569.35,568.55,569.05,2506,
2016-12-16 14:35:00+05:30,569.05,569.3,568.85,569,1008,
2016-12-16 14:36:00+05:30,569,569,568.95,569,1238,
2016-12-16 14:37:00+05:30,569.3,569.5,569,569.4,2206,
2016-12-16 14:38:00+05:30,569.4,569.85,569.2,569.2,1975,
2016-12-16 14:39:00+05:30,569.4,569.4,569.2,569.4,707,
2016-12-16 14:40:00+05:30,569.4,569.8,569.4,569.6,1851,
2016-12-16 14:41:00+05:30,569.6,569.6,569.1,569.1,2399,
2016-12-16 14:42:00+05:30,569.1,569.1,568.65,568.65,1359,
2016-12-16 14:43:00+05:30,568.95,569,568.3,568.3,1613,
2016-12-16 14:44:00+05:30,568.4,568.45,567.3,567.5,2432,
2016-12-16 14:45:00+05:30,567.35,567.9,567.35,567.9,621,
2016-12-16 14:46:00+05:30,567.9,567.9,567.85,567.9,736,
2016-12-16 14:47:00+05:30,567.9,568,567.35,567.35,3505,
2016-12-16 14:48:00+05:30,567.95,567.95,567.3,567.7,1020,
2016-12-16 14:49:00+05:30,567.7,567.75,567.5,567.7,840,
2016-12-16 14:50:00+05:30,567.65,568,567.65,568,2281,
2016-12-16 14:51:00+05:30,568,568.55,567.95,568.4,2821,
2016-12-16 14:52:00+05:30,568.4,568.85,568,568.35,2604,
2016-12-16 14:53:00+05:30,568.6,568.75,568.6,568.65,1584,
2016-12-16 14:54:00+05:30,568.65,568.95,568.45,568.45,1460,
2016-12-16 14:55:00+05:30,568.9,569,568.55,568.8,733,
2016-12-16 14:56:00+05:30,568.8,569,568.8,568.85,1707,
2016-12-16 14:57:00+05:30,569,569,568.4,568.4,1817,
2016-12-16 14:58:00+05:30,568.4,568.5,568.2,568.2,670,
2016-12-16 14:59:00+05:30,568.2,569,568.2,568.7,2460,
2016-12-16 15:00:00+05:30,568.65,569,568.45,568.45,6738,
2016-12-16 15:01:00+05:30,568.35,568.35,567.35,567.4,5354,
2016-12-16 15:02:00+05:30,567.35,567.8,567.05,567.45,5840,
2016-12-16 15:03:00+05:30,567.25,567.25,565.95,565.95,8517,
2016-12-16 15:04:00+05:30,565.75,566.2,565.55,566.15,6634,
2016-12-16 15:05:00+05:30,565.85,566.7,565.85,566.2,6762,
2016-12-16 15:06:00+05:30,566.1,566.7,566,566.5,4842,
2016-12-16 15:07:00+05:30,566.85,566.85,565.5,565.55,11321,
2016-12-16 15:08:00+05:30,565.5,566,565.35,565.85,5049,
2016-12-16 15:09:00+05:30,565.8,566,565.75,565.95,5747,
2016-12-16 15:10:00+05:30,565.95,566.1,565.65,565.85,5771,
2016-12-16 15:11:00+05:30,566.1,566.25,565.1,566.1,7962,
2016-12-16 15:12:00+05:30,566.05,566.1,565,565.4,9565,
2016-12-16 15:13:00+05:30,565.1,565.9,564.65,565.7,8975,
2016-12-16 15:14:00+05:30,565.65,565.95,565.5,565.65,5747,
2016-12-16 15:15:00+05:30,565.65,566.75,565.6,566.25,8891,
2016-12-16 15:16:00+05:30,566.2,566.45,565.8,566.1,6825,
2016-12-16 15:17:00+05:30,566.05,567.3,566.05,567,5923,
2016-12-16 15:18:00+05:30,566.9,567.15,566.45,566.45,4713,
2016-12-16 15:19:00+05:30,566.4,566.85,566.2,566.35,5088,
2016-12-16 15:20:00+05:30,566,566.4,565.25,565.3,8498,
2016-12-16 15:21:00+05:30,565.15,565.85,565.15,565.7,6088,
2016-12-16 15:22:00+05:30,565.3,565.75,565,565.35,6300,
2016-12-16 15:23:00+05:30,565.35,566.7,565.1,566.25,7459,
2016-12-16 15:24:00+05:30,566.15,567.05,566.15,566.95,5506,
2016-12-16 15:25:00+05:30,566.55,567,566.45,566.65,6849,
2016-12-16 15:26:00+05:30,566.4,567.25,565.7,567.25,6579,
2016-12-16 15:27:00+05:30,566.6,566.7,565.75,566.6,5065,
2016-12-16 15:28:00+05:30,566.1,567.9,565.6,567.9,6570,
2016-12-16 15:29:00+05:30,567.9,567.9,564.1,564.1,2230,
2016-12-19 09:15:00+05:30,566,566,563.05,563.15,8330,
2016-12-19 09:16:00+05:30,563,564.8,563,564.45,8900,
2016-12-19 09:17:00+05:30,564.5,564.55,564,564.05,4848,
2016-12-19 09:18:00+05:30,563.95,564.5,563.95,564.25,2429,
2016-12-19 09:19:00+05:30,564.15,565,564.05,565,5078,
2016-12-19 09:20:00+05:30,564.5,564.7,564.5,564.55,1171,
2016-12-19 09:21:00+05:30,564.55,564.8,564.1,564.55,1352,
2016-12-19 09:22:00+05:30,564.55,564.55,564.35,564.45,384,
2016-12-19 09:23:00+05:30,564.45,564.45,563.15,564.15,3150,
2016-12-19 09:24:00+05:30,564.15,564.7,564.15,564.25,3425,
2016-12-19 09:25:00+05:30,564.25,564.5,563.6,563.6,182,
2016-12-19 09:26:00+05:30,563.6,563.95,563.3,563.9,1643,
2016-12-19 09:27:00+05:30,563.9,564,563.55,563.9,1354,
2016-12-19 09:28:00+05:30,563.9,564.45,563.9,564.45,759,
2016-12-19 09:29:00+05:30,564.45,564.6,564.25,564.55,913,
2016-12-19 09:30:00+05:30,565,565,564.7,564.85,281,
2016-12-19 09:31:00+05:30,564.95,564.95,564.55,564.65,855,
2016-12-19 09:32:00+05:30,564.65,564.8,564.55,564.65,827,
2016-12-19 09:33:00+05:30,564.65,565.2,564.65,565.05,3916,
2016-12-19 09:34:00+05:30,565,565.45,565,565.45,641,
2016-12-19 09:35:00+05:30,565.45,565.55,565.1,565.1,399,
2016-12-19 09:36:00+05:30,565.1,565.8,564.45,564.5,2667,
2016-12-19 09:37:00+05:30,564.35,564.35,564,564,1648,
2016-12-19 09:38:00+05:30,564,564,563.5,563.75,1391,
2016-12-19 09:39:00+05:30,563.75,563.75,563.2,563.2,1403,
2016-12-19 09:40:00+05:30,563.25,563.25,562.4,562.6,3229,
2016-12-19 09:41:00+05:30,562.6,562.6,561.9,562,5048,
2016-12-19 09:42:00+05:30,562,562.9,562,562.6,5477,
2016-12-19 09:43:00+05:30,562.6,563.05,562,562.5,5000,
2016-12-19 09:44:00+05:30,562.5,562.55,562,562.55,2329,
2016-12-19 09:45:00+05:30,562.55,562.55,561.4,561.4,4296,
2016-12-19 09:46:00+05:30,561.4,561.8,561.4,561.7,782,
2016-12-19 09:47:00+05:30,561.7,562.2,561.6,561.6,2693,
2016-12-19 09:48:00+05:30,561.6,561.8,561.6,561.8,1401,
2016-12-19 09:49:00+05:30,561.8,562.25,561.5,562.2,2659,
2016-12-19 09:50:00+05:30,562.2,563.5,562.2,563.1,2151,
2016-12-19 09:51:00+05:30,563.1,563.9,563.1,563.75,7541,
2016-12-19 09:52:00+05:30,563.75,564.35,563.45,563.45,1781,
2016-12-19 09:53:00+05:30,563.45,563.45,562.15,562.15,3138,
2016-12-19 09:54:00+05:30,562,563.1,561.4,563.1,6448,
2016-12-19 09:55:00+05:30,563.1,564.65,563.1,564.65,5675,
2016-12-19 09:56:00+05:30,564.65,565,564,564.5,4862,
2016-12-19 09:57:00+05:30,564.5,564.5,562.6,562.6,7951,
2016-12-19 09:58:00+05:30,562.6,563.75,562,563.5,5559,
2016-12-19 09:59:00+05:30,563.5,563.5,562.75,562.75,1594,
2016-12-19 10:00:00+05:30,562.75,562.8,562.75,562.75,6020,
2016-12-19 10:01:00+05:30,562.75,564.85,562.5,564.85,4482,
2016-12-19 10:02:00+05:30,564.85,565,564.45,564.95,4781,
2016-12-19 10:03:00+05:30,564.95,565,564.9,564.95,4698,
2016-12-19 10:04:00+05:30,564.95,565,564.55,564.8,1043,
2016-12-19 10:05:00+05:30,564.8,564.9,564.5,564.9,552,
2016-12-19 10:06:00+05:30,564.9,564.9,564.7,564.85,782,
2016-12-19 10:07:00+05:30,564.85,564.9,564.7,564.7,773,
2016-12-19 10:08:00+05:30,564.7,565,564.7,565,2975,
2016-12-19 10:09:00+05:30,565,565.4,565,565,1787,
2016-12-19 10:10:00+05:30,565,565,564.9,564.95,1204,
2016-12-19 10:11:00+05:30,564.95,565.15,564.8,565.15,1135,
2016-12-19 10:12:00+05:30,565.15,565.2,564.65,565,4160,
2016-12-19 10:13:00+05:30,565,565.15,565,565,706,
2016-12-19 10:14:00+05:30,565,565.05,565,565.05,641,
2016-12-19 10:15:00+05:30,565.05,565.2,565,565.2,332,
2016-12-19 10:16:00+05:30,565.2,565.2,565,565.15,121,
2016-12-19 10:17:00+05:30,565.15,565.2,565,565.2,840,
2016-12-19 10:18:00+05:30,565.2,565.2,564.9,565.2,1070,
2016-12-19 10:19:00+05:30,565.2,565.2,565,565,640,
2016-12-19 10:20:00+05:30,565,565,564.7,564.9,571,
2016-12-19 10:21:00+05:30,564.8,565,564.8,565,779,
2016-12-19 10:22:00+05:30,565,565,565,565,80,
2016-12-19 10:23:00+05:30,565,565.55,565,565.3,863,
2016-12-19 10:24:00+05:30,565.3,565.45,565.05,565.05,252,
2016-12-19 10:25:00+05:30,565.05,565.25,565,565,190,
2016-12-19 10:26:00+05:30,565,565.1,565,565.1,706,
2016-12-19 10:27:00+05:30,565,565.05,565,565,1149,
2016-12-19 10:28:00+05:30,565,565.05,565,565,944,
2016-12-19 10:29:00+05:30,565,565.5,565,565.5,663,
2016-12-19 10:30:00+05:30,565,565.4,565,565.1,237,
2016-12-19 10:31:00+05:30,565.1,565.5,565.1,565.5,1017,
2016-12-19 10:32:00+05:30,565.5,565.5,565.1,565.1,62,
2016-12-19 10:33:00+05:30,565.1,565.3,565.1,565.1,274,
2016-12-19 10:34:00+05:30,565.1,565.1,565,565,534,
2016-12-19 10:35:00+05:30,565,565.15,565,565.05,493,
2016-12-19 10:36:00+05:30,565.05,565.25,565,565,606,
2016-12-19 10:37:00+05:30,565,565.1,565,565,868,
2016-12-19 10:38:00+05:30,565,565.1,565,565.1,926,
2016-12-19 10:39:00+05:30,565.1,565.45,565,565.05,196,
2016-12-19 10:40:00+05:30,565.05,565.4,565.05,565.4,137,
2016-12-19 10:41:00+05:30,565.4,565.4,565,565.15,79,
2016-12-19 10:42:00+05:30,565.15,565.15,565,565.05,1101,
2016-12-19 10:43:00+05:30,565.05,565.4,565,565.05,1387,
2016-12-19 10:44:00+05:30,565.05,565.45,565,565.45,2016,
2016-12-19 10:45:00+05:30,565.45,565.45,565.05,565.35,111,
2016-12-19 10:46:00+05:30,565.35,565.35,565.35,565.35,44,
2016-12-19 10:47:00+05:30,565.35,565.35,565.05,565.15,285,
2016-12-19 10:48:00+05:30,565.15,565.8,565.15,565.15,2364,
2016-12-19 10:49:00+05:30,565.55,565.6,565.15,565.6,790,
2016-12-19 10:50:00+05:30,565.45,565.45,565.05,565.15,32,
2016-12-19 10:51:00+05:30,565.35,565.35,565.15,565.15,198,
2016-12-19 10:52:00+05:30,565.15,565.15,565,565,413,
2016-12-19 10:53:00+05:30,565,565.05,565,565,816,
2016-12-19 10:54:00+05:30,565,565.05,565,565,850,
2016-12-19 10:55:00+05:30,565,565.05,565,565,369,
2016-12-19 10:56:00+05:30,565,565.4,565,565.4,106,
2016-12-19 10:57:00+05:30,565.4,565.4,565.35,565.35,1,
2016-12-19 10:58:00+05:30,565.35,565.35,565,565.15,4194,
2016-12-19 10:59:00+05:30,565.15,565.5,565.15,565.5,396,
2016-12-19 11:00:00+05:30,565.5,565.5,565.35,565.5,24,
2016-12-19 11:01:00+05:30,565.5,565.5,565.3,565.3,2,
2016-12-19 11:02:00+05:30,565.3,565.5,565.3,565.3,79,
2016-12-19 11:03:00+05:30,565.3,565.3,565.05,565.15,633,
2016-12-19 11:04:00+05:30,565.15,565.25,565.15,565.25,5,
2016-12-19 11:05:00+05:30,565.25,565.25,565.1,565.15,273,
2016-12-19 11:06:00+05:30,565.15,565.15,565.1,565.1,915,
2016-12-19 11:07:00+05:30,565.1,565.1,565.1,565.1,820,
2016-12-19 11:08:00+05:30,565.1,565.1,565,565,395,
2016-12-19 11:09:00+05:30,565.05,565.05,565,565.05,1020,
2016-12-19 11:10:00+05:30,565.05,565.25,565,565.25,998,
2016-12-19 11:11:00+05:30,565.25,565.25,565,565.2,1561,
2016-12-19 11:12:00+05:30,565.2,565.3,565,565.3,404,
2016-12-19 11:13:00+05:30,565.3,565.3,565.3,565.3,56,
2016-12-19 11:14:00+05:30,565.3,565.3,565.15,565.15,360,
2016-12-19 11:15:00+05:30,565.15,565.15,565.1,565.1,84,
2016-12-19 11:16:00+05:30,565.15,566.6,565.05,566.5,5924,
2016-12-19 11:17:00+05:30,566.35,567,566.35,567,2524,
2016-12-19 11:18:00+05:30,567,568.5,567,568.25,7310,
2016-12-19 11:19:00+05:30,568.25,568.25,567.6,567.7,4663,
2016-12-19 11:20:00+05:30,567.7,568.45,567.65,568.45,1820,
2016-12-19 11:21:00+05:30,568.45,569.45,568.3,569.45,9627,
2016-12-19 11:22:00+05:30,569.2,570.5,569.2,569.85,12796,
2016-12-19 11:23:00+05:30,570.2,572.85,570.2,572.55,14130,
2016-12-19 11:24:00+05:30,572.3,572.75,571.8,571.8,14401,
2016-12-19 11:25:00+05:30,571.75,572.5,571.6,571.9,9199,
2016-12-19 11:26:00+05:30,571.9,571.9,570.55,571.2,4846,
2016-12-19 11:27:00+05:30,571.2,572.45,571.2,572.1,16475,
2016-12-19 11:28:00+05:30,572.1,573,572.1,573,8706,
2016-12-19 11:29:00+05:30,573,573,572,572.4,4546,
2016-12-19 11:30:00+05:30,572.4,572.6,572.05,572.05,2812,
2016-12-19 11:31:00+05:30,572,572.2,572,572,3330,
2016-12-19 11:32:00+05:30,572,572.3,572,572.2,4862,
2016-12-19 11:33:00+05:30,572.2,573,572.2,572.9,3004,
2016-12-19 11:34:00+05:30,572.9,573.8,572.8,573.7,5705,
2016-12-19 11:35:00+05:30,573.75,573.75,572.85,572.85,3996,
2016-12-19 11:36:00+05:30,572.85,573.8,572.85,573.35,3826,
2016-12-19 11:37:00+05:30,573.2,573.45,573.2,573.3,1557,
2016-12-19 11:38:00+05:30,573.3,573.35,573,573.2,3648,
2016-12-19 11:39:00+05:30,573.2,573.2,573,573.05,3789,
2016-12-19 11:40:00+05:30,573.05,573.2,573,573.05,3821,
2016-12-19 11:41:00+05:30,573,573.1,573,573.1,3758,
2016-12-19 11:42:00+05:30,573.1,573.1,572.9,572.9,3608,
2016-12-19 11:43:00+05:30,573,573.25,572.9,573,4401,
2016-12-19 11:44:00+05:30,573,573.25,573,573.05,3115,
2016-12-19 11:45:00+05:30,572.7,573.2,572.7,573,669,
2016-12-19 11:46:00+05:30,573,573,572.7,572.95,906,
2016-12-19 11:47:00+05:30,572.95,573,572.7,572.7,10177,
2016-12-19 11:48:00+05:30,572.7,572.9,572.7,572.9,1859,
2016-12-19 11:49:00+05:30,572.9,572.9,572.7,572.7,771,
2016-12-19 11:50:00+05:30,572.7,572.75,572.4,572.75,2092,
2016-12-19 11:51:00+05:30,572.75,572.75,572.2,572.75,1203,
2016-12-19 11:52:00+05:30,572.75,573.2,572.7,572.75,1212,
2016-12-19 11:53:00+05:30,572.75,572.95,572.45,572.8,336,
2016-12-19 11:54:00+05:30,572.55,572.8,572.4,572.8,1303,
2016-12-19 11:55:00+05:30,572.4,572.8,572.25,572.8,1053,
2016-12-19 11:56:00+05:30,572.8,572.8,572.25,572.45,799,
2016-12-19 11:57:00+05:30,572.45,572.45,572.1,572.2,832,
2016-12-19 11:58:00+05:30,572.2,572.25,572,572,3300,
2016-12-19 11:59:00+05:30,572,572.65,571.8,572.45,2078,
2016-12-19 12:00:00+05:30,572.45,572.45,572,572.05,450,
2016-12-19 12:01:00+05:30,572.05,572.05,572,572,288,
2016-12-19 12:02:00+05:30,572,572,571.6,571.6,960,
2016-12-19 12:03:00+05:30,571.6,571.65,571.25,571.25,1281,
2016-12-19 12:04:00+05:30,571.25,571.8,571.1,571.35,1098,
2016-12-19 12:05:00+05:30,571.35,571.95,571.35,571.35,1301,
2016-12-19 12:06:00+05:30,571.7,571.95,571.4,571.4,833,
2016-12-19 12:07:00+05:30,571.4,572.05,571.3,572.05,2432,
2016-12-19 12:08:00+05:30,572.05,572.05,571.5,571.5,148,
2016-12-19 12:09:00+05:30,571.5,571.7,571.3,571.3,1339,
2016-12-19 12:10:00+05:30,571.3,571.3,571.3,571.3,712,
2016-12-19 12:11:00+05:30,571.3,571.45,571.3,571.3,723,
2016-12-19 12:12:00+05:30,571.3,571.55,571.3,571.5,359,
2016-12-19 12:13:00+05:30,571.5,571.5,571.3,571.3,553,
2016-12-19 12:14:00+05:30,571.3,571.35,570.9,570.9,1020,
2016-12-19 12:15:00+05:30,570.9,570.9,570.75,570.8,1712,
2016-12-19 12:16:00+05:30,570.9,571.4,570.7,570.7,1654,
2016-12-19 12:17:00+05:30,570.7,570.95,570.7,570.8,1281,
2016-12-19 12:18:00+05:30,570.7,570.95,570.7,570.8,1237,
2016-12-19 12:19:00+05:30,570.8,571.4,570.8,571.4,968,
2016-12-19 12:20:00+05:30,571.4,571.45,570.95,570.95,423,
2016-12-19 12:21:00+05:30,570.95,571.05,570.95,571.05,739,
2016-12-19 12:22:00+05:30,571.05,571.35,571.05,571.1,236,
2016-12-19 12:23:00+05:30,571.1,571.3,571.1,571.25,431,
2016-12-19 12:24:00+05:30,571.25,571.3,571.1,571.1,415,
2016-12-19 12:25:00+05:30,571.1,571.1,570.95,571,963,
2016-12-19 12:26:00+05:30,571,571,570.8,570.8,990,
2016-12-19 12:27:00+05:30,570.8,570.9,570.7,570.75,782,
2016-12-19 12:28:00+05:30,570.5,570.75,570.5,570.6,687,
2016-12-19 12:29:00+05:30,570.6,570.85,570.4,570.55,1709,
2016-12-19 12:30:00+05:30,570.55,570.9,570.4,570.45,1222,
2016-12-19 12:31:00+05:30,570.45,570.9,570.45,570.9,656,
2016-12-19 12:32:00+05:30,570.9,571.2,570.8,570.8,156,
2016-12-19 12:33:00+05:30,570.8,570.8,570.8,570.8,15,
2016-12-19 12:34:00+05:30,570.8,571.5,570.8,571.35,2251,
2016-12-19 12:35:00+05:30,571.35,571.55,571.15,571.55,622,
2016-12-19 12:36:00+05:30,571.55,571.9,571.25,571.7,593,
2016-12-19 12:37:00+05:30,571.7,571.75,571.7,571.75,181,
2016-12-19 12:38:00+05:30,571.75,571.75,571.4,571.4,860,
2016-12-19 12:39:00+05:30,571.4,571.5,571.4,571.5,427,
2016-12-19 12:40:00+05:30,571.5,571.5,571.05,571.1,602,
2016-12-19 12:41:00+05:30,571.1,571.55,571.05,571.55,1079,
2016-12-19 12:42:00+05:30,571.55,571.55,571.1,571.45,14,
2016-12-19 12:43:00+05:30,571.45,571.45,571.05,571.25,239,
2016-12-19 12:44:00+05:30,571.25,571.25,571.05,571.2,808,
2016-12-19 12:45:00+05:30,571.2,571.2,571,571.1,333,
2016-12-19 12:46:00+05:30,571.1,571.1,570.9,571,519,
2016-12-19 12:47:00+05:30,571,573.5,571,573.2,16042,
2016-12-19 12:48:00+05:30,573.2,573.2,572,572.4,1510,
2016-12-19 12:49:00+05:30,572.7,572.9,572.45,572.45,929,
2016-12-19 12:50:00+05:30,572.45,572.45,571.75,572,878,
2016-12-19 12:51:00+05:30,572,572.1,571.7,571.8,1808,
2016-12-19 12:52:00+05:30,571.8,571.95,571.5,571.55,559,
2016-12-19 12:53:00+05:30,571.55,571.9,571.5,571.65,516,
2016-12-19 12:54:00+05:30,571.65,571.65,571.25,571.55,2606,
2016-12-19 12:55:00+05:30,571.3,571.3,571.15,571.15,1778,
2016-12-19 12:56:00+05:30,571.15,571.4,571,571.3,608,
2016-12-19 12:57:00+05:30,571.65,571.95,571.4,571.7,1181,
2016-12-19 12:58:00+05:30,571.7,571.7,571.5,571.5,115,
2016-12-19 12:59:00+05:30,571.2,571.5,571.2,571.5,183,
2016-12-19 13:00:00+05:30,571.5,572,571.5,571.6,1410,
2016-12-19 13:01:00+05:30,571.6,571.6,570.2,570.35,4573,
2016-12-19 13:02:00+05:30,570.35,570.95,570.35,570.95,545,
2016-12-19 13:03:00+05:30,570.95,570.95,570.2,570.2,3041,
2016-12-19 13:04:00+05:30,570.2,570.75,570,570.75,4088,
2016-12-19 13:05:00+05:30,570.75,571.15,570.2,571.15,4756,
2016-12-19 13:06:00+05:30,571.15,571.7,570.6,571.7,3596,
2016-12-19 13:07:00+05:30,571.7,571.75,571,571.15,3546,
2016-12-19 13:08:00+05:30,571.15,571.6,571,571.5,1185,
2016-12-19 13:09:00+05:30,571.5,571.5,570.8,571.2,1735,
2016-12-19 13:10:00+05:30,571.2,571.4,570.75,571.25,1486,
2016-12-19 13:11:00+05:30,571.25,571.25,571,571,368,
2016-12-19 13:12:00+05:30,571,571,570.75,571,121,
2016-12-19 13:13:00+05:30,571,571,570.75,570.85,555,
2016-12-19 13:14:00+05:30,570.85,571.2,570.6,570.65,551,
2016-12-19 13:15:00+05:30,570.65,571,570.65,571,6,
2016-12-19 13:16:00+05:30,571,571,570.7,570.95,72,
2016-12-19 13:17:00+05:30,570.95,571.3,570.7,571.3,1443,
2016-12-19 13:18:00+05:30,571.3,572.2,571.3,571.95,2947,
2016-12-19 13:19:00+05:30,571.95,571.95,571.4,571.5,1385,
2016-12-19 13:20:00+05:30,571.5,571.7,570.8,570.8,1142,
2016-12-19 13:21:00+05:30,570.8,571.4,570.8,571,1262,
2016-12-19 13:22:00+05:30,571,571.25,570.9,570.95,408,
2016-12-19 13:23:00+05:30,571.1,571.1,570.95,571.1,82,
2016-12-19 13:24:00+05:30,571.1,571.1,570.95,570.95,117,
2016-12-19 13:25:00+05:30,570.85,570.9,570.8,570.8,346,
2016-12-19 13:26:00+05:30,570.8,571.1,570.8,571.1,1135,
2016-12-19 13:27:00+05:30,571.1,571.1,570.85,570.85,75,
2016-12-19 13:28:00+05:30,570.95,570.95,570.9,570.9,83,
2016-12-19 13:29:00+05:30,570.9,570.9,570.85,570.85,449,
2016-12-19 13:30:00+05:30,570.85,570.85,570.8,570.85,220,
2016-12-19 13:31:00+05:30,570.85,570.9,570.8,570.9,801,
2016-12-19 13:32:00+05:30,570.9,570.9,570.8,570.9,429,
2016-12-19 13:33:00+05:30,570.9,570.9,570.2,570.6,1724,
2016-12-19 13:34:00+05:30,570.5,570.75,570.2,570.2,2694,
2016-12-19 13:35:00+05:30,570.2,570.25,567.45,568,12535,
2016-12-19 13:36:00+05:30,568.1,569,568.05,568.8,3079,
2016-12-19 13:37:00+05:30,568.85,569,568.35,568.35,5824,
2016-12-19 13:38:00+05:30,568.9,568.9,568.2,568.5,1522,
2016-12-19 13:39:00+05:30,568.1,568.75,568.1,568.45,1946,
2016-12-19 13:40:00+05:30,568.45,569,568.4,569,1316,
2016-12-19 13:41:00+05:30,569,569.15,568.9,569.15,677,
2016-12-19 13:42:00+05:30,569.15,569.4,569,569,2210,
2016-12-19 13:43:00+05:30,569,569.8,569,569.7,981,
2016-12-19 13:44:00+05:30,569.75,569.75,569.25,569.6,668,
2016-12-19 13:45:00+05:30,569.6,569.6,569.25,569.25,356,
2016-12-19 13:46:00+05:30,569.45,569.45,569.25,569.35,70,
2016-12-19 13:47:00+05:30,569.35,569.35,569.25,569.3,1255,
2016-12-19 13:48:00+05:30,569.3,570,569.25,570,2517,
2016-12-19 13:49:00+05:30,570,570.95,570,570.8,1650,
2016-12-19 13:50:00+05:30,570.95,570.95,569.65,570,1083,
2016-12-19 13:51:00+05:30,570.45,570.45,570,570.35,920,
2016-12-19 13:52:00+05:30,570.25,570.6,570,570.55,1255,
2016-12-19 13:53:00+05:30,571,571.5,571,571.5,5566,
2016-12-19 13:54:00+05:30,571.5,571.5,571.05,571.1,172,
2016-12-19 13:55:00+05:30,571.1,571.35,570.85,571.35,1219,
2016-12-19 13:56:00+05:30,571.35,571.4,571,571.4,1929,
2016-12-19 13:57:00+05:30,571.45,572.65,571.45,572.6,7788,
2016-12-19 13:58:00+05:30,572.5,573.8,572.35,573,12931,
2016-12-19 13:59:00+05:30,573,573.5,572.65,573,4007,
2016-12-19 14:00:00+05:30,573.2,573.4,572.8,573.25,4213,
2016-12-19 14:01:00+05:30,573.25,573.25,572.4,573,1846,
2016-12-19 14:02:00+05:30,573,573,572.2,572.5,1817,
2016-12-19 14:03:00+05:30,572.5,572.7,572.1,572.2,1854,
2016-12-19 14:04:00+05:30,572.2,572.5,572.15,572.45,891,
2016-12-19 14:05:00+05:30,572.45,572.45,572.15,572.4,762,
2016-12-19 14:06:00+05:30,572.4,572.4,571.2,571.7,3035,
2016-12-19 14:07:00+05:30,571.7,571.7,570.75,571.6,6080,
2016-12-19 14:08:00+05:30,571.6,572.75,571.6,572.75,6039,
2016-12-19 14:09:00+05:30,572.75,573,572.05,572.5,1787,
2016-12-19 14:10:00+05:30,572.5,572.95,572.5,572.9,800,
2016-12-19 14:11:00+05:30,572.9,572.9,572.1,572.7,1067,
2016-12-19 14:12:00+05:30,572.7,572.8,572.45,572.55,1062,
2016-12-19 14:13:00+05:30,572.55,573,571.85,573,2499,
2016-12-19 14:14:00+05:30,573,573,572.75,573,1275,
2016-12-19 14:15:00+05:30,573,573,572.55,572.55,1597,
2016-12-19 14:16:00+05:30,572.55,573,572.55,573,1239,
2016-12-19 14:17:00+05:30,572.9,573,572.55,573,1547,
2016-12-19 14:18:00+05:30,573,573,572.5,572.9,3057,
2016-12-19 14:19:00+05:30,572.9,572.95,572.35,572.5,2074,
2016-12-19 14:20:00+05:30,572.5,573.05,572.5,573.05,2814,
2016-12-19 14:21:00+05:30,573.05,573.2,572.85,573.1,1873,
2016-12-19 14:22:00+05:30,573.2,573.5,573.1,573.5,2840,
2016-12-19 14:23:00+05:30,573.5,574,573.2,573.9,7750,
2016-12-19 14:24:00+05:30,573.9,574.5,573.65,574.5,10008,
2016-12-19 14:25:00+05:30,574.3,574.4,573.85,574.15,2188,
2016-12-19 14:26:00+05:30,574.3,574.4,573.95,573.95,3243,
2016-12-19 14:27:00+05:30,574.4,574.4,573.9,574.25,1630,
2016-12-19 14:28:00+05:30,574.25,574.35,573.9,574,2074,
2016-12-19 14:29:00+05:30,574,574.4,573.65,574,2056,
2016-12-19 14:30:00+05:30,574.15,574.25,573.35,573.35,2562,
2016-12-19 14:31:00+05:30,573.65,573.95,573.3,573.9,1532,
2016-12-19 14:32:00+05:30,573.9,574,573.05,573.05,4614,
2016-12-19 14:33:00+05:30,573.85,573.85,573.65,573.85,1065,
2016-12-19 14:34:00+05:30,573.85,574,573.8,574,2099,
2016-12-19 14:35:00+05:30,574,574,573.7,574,3661,
2016-12-19 14:36:00+05:30,574,574.25,573.95,574.25,1687,
2016-12-19 14:37:00+05:30,574.25,574.3,573.95,573.95,1685,
2016-12-19 14:38:00+05:30,573.95,574.3,573.55,573.95,3544,
2016-12-19 14:39:00+05:30,574.2,574.3,573.95,574.3,1974,
2016-12-19 14:40:00+05:30,574.3,574.3,573.85,574.3,1900,
2016-12-19 14:41:00+05:30,574.3,574.3,573.45,573.5,3022,
2016-12-19 14:42:00+05:30,573.9,573.95,573.45,573.95,1713,
2016-12-19 14:43:00+05:30,573.9,573.95,573.45,573.95,4309,
2016-12-19 14:44:00+05:30,574,574.2,573.5,574,2063,
2016-12-19 14:45:00+05:30,574.2,574.3,573.75,574,2122,
2016-12-19 14:46:00+05:30,574,574.2,573.4,573.7,2485,
2016-12-19 14:47:00+05:30,573.7,573.7,573.4,573.55,1808,
2016-12-19 14:48:00+05:30,573.55,573.6,572.4,572.5,6705,
2016-12-19 14:49:00+05:30,572.75,572.8,572,572.4,4055,
2016-12-19 14:50:00+05:30,572.5,573,572.5,572.7,3073,
2016-12-19 14:51:00+05:30,573,573,572.3,572.3,2183,
2016-12-19 14:52:00+05:30,572.3,572.6,572,572.1,3089,
2016-12-19 14:53:00+05:30,572.3,572.3,571.5,571.75,3323,
2016-12-19 14:54:00+05:30,571.6,571.95,571.55,571.75,1867,
2016-12-19 14:55:00+05:30,571.75,571.8,571.55,571.7,2584,
2016-12-19 14:56:00+05:30,571.6,571.95,571.6,571.95,1705,
2016-12-19 14:57:00+05:30,572,572,571.7,571.75,3769,
2016-12-19 14:58:00+05:30,572,572,571.8,571.9,1876,
2016-12-19 14:59:00+05:30,571.95,572,571.7,571.7,2459,
2016-12-19 15:00:00+05:30,572,572,571.6,571.6,2955,
2016-12-19 15:01:00+05:30,571.7,571.7,571,571.15,4645,
2016-12-19 15:02:00+05:30,571.15,571.6,571.05,571.35,4978,
2016-12-19 15:03:00+05:30,571.7,571.7,571.3,571.4,2485,
2016-12-19 15:04:00+05:30,571.2,571.45,570.7,570.7,9300,
2016-12-19 15:05:00+05:30,571,571.65,570.8,571.4,3023,
2016-12-19 15:06:00+05:30,571.7,571.7,570.85,571.6,3583,
2016-12-19 15:07:00+05:30,571.6,571.7,570.4,570.8,5652,
2016-12-19 15:08:00+05:30,570.5,570.8,570,570,4283,
2016-12-19 15:09:00+05:30,570.05,570.05,569.5,569.95,13503,
2016-12-19 15:10:00+05:30,569.7,570,569.15,569.5,14717,
2016-12-19 15:11:00+05:30,569.3,569.5,568.7,569.25,7922,
2016-12-19 15:12:00+05:30,569.05,569.65,568.85,569.65,5665,
2016-12-19 15:13:00+05:30,569.5,569.8,569.5,569.6,3360,
2016-12-19 15:14:00+05:30,569.5,570,569.4,569.9,6206,
2016-12-19 15:15:00+05:30,569.55,569.95,569.5,569.5,10463,
2016-12-19 15:16:00+05:30,569.5,570.9,569.5,570.3,19391,
2016-12-19 15:17:00+05:30,569.8,570.35,568.8,568.8,13372,
2016-12-19 15:18:00+05:30,568.85,568.85,567.1,567.4,8440,
2016-12-19 15:19:00+05:30,567.1,568.5,566.5,568.05,13285,
2016-12-19 15:20:00+05:30,568.35,568.75,566.5,566.8,18741,
2016-12-19 15:21:00+05:30,566.5,568.05,566.5,566.5,7403,
2016-12-19 15:22:00+05:30,566.5,567,566.5,566.95,5826,
2016-12-19 15:23:00+05:30,566.95,567.25,566.95,567.2,2583,
2016-12-19 15:24:00+05:30,567.2,568.7,567.2,568.2,5826,
2016-12-19 15:25:00+05:30,568.25,568.55,568,568,8340,
2016-12-19 15:26:00+05:30,568.35,568.5,567.85,568.15,8242,
2016-12-19 15:27:00+05:30,568.45,568.45,567.8,568,6947,
2016-12-19 15:28:00+05:30,568,568.85,568,568.75,5616,
2016-12-19 15:29:00+05:30,568.8,570.4,568,568,7702,
2016-12-20 09:15:00+05:30,572,573.45,571.15,573.05,8987,
2016-12-20 09:16:00+05:30,573.05,573.8,573.05,573.15,3440,
2016-12-20 09:17:00+05:30,573.15,573.8,572.8,572.8,8194,
2016-12-20 09:18:00+05:30,572.7,573.45,572.5,573,4573,
2016-12-20 09:19:00+05:30,573.05,573.8,572.75,573.6,7318,
2016-12-20 09:20:00+05:30,573.4,573.7,573,573,5505,
2016-12-20 09:21:00+05:30,573.2,573.2,572,572.05,2517,
2016-12-20 09:22:00+05:30,572.05,572.75,572.05,572.5,2957,
2016-12-20 09:23:00+05:30,572.6,573,572.35,572.5,3434,
2016-12-20 09:24:00+05:30,572.5,573.2,572.5,573,3047,
2016-12-20 09:25:00+05:30,573,573.05,572,572.1,4990,
2016-12-20 09:26:00+05:30,572.1,572.1,570.3,570.9,5693,
2016-12-20 09:27:00+05:30,570.9,570.95,570.4,570.7,2010,
2016-12-20 09:28:00+05:30,570.65,571.35,570.65,571.05,3474,
2016-12-20 09:29:00+05:30,571.05,571.5,571.05,571.5,1407,
2016-12-20 09:30:00+05:30,571.5,572.2,571.5,572.2,3533,
2016-12-20 09:31:00+05:30,572.2,572.55,572.2,572.5,3303,
2016-12-20 09:32:00+05:30,572.5,572.75,572.5,572.5,2980,
2016-12-20 09:33:00+05:30,572.5,572.55,572,572.05,2318,
2016-12-20 09:34:00+05:30,572.05,572.05,571,571.1,2543,
2016-12-20 09:35:00+05:30,571.05,571.4,570.8,571,1653,
2016-12-20 09:36:00+05:30,571,571.65,571,571.4,702,
2016-12-20 09:37:00+05:30,571.4,571.6,571.1,571.1,1775,
2016-12-20 09:38:00+05:30,571.25,571.55,571.25,571.3,3608,
2016-12-20 09:39:00+05:30,571.3,571.3,571,571.2,343,
2016-12-20 09:40:00+05:30,571.2,571.3,571,571.25,1355,
2016-12-20 09:41:00+05:30,571.25,571.25,570.65,570.65,2767,
2016-12-20 09:42:00+05:30,570.6,570.85,570.3,570.3,3571,
2016-12-20 09:43:00+05:30,570.3,570.7,570.05,570.45,2344,
2016-12-20 09:44:00+05:30,570.45,570.45,569.75,569.75,4583,
2016-12-20 09:45:00+05:30,569.75,569.75,569.2,569.35,1555,
2016-12-20 09:46:00+05:30,569.2,569.3,569,569,2594,
2016-12-20 09:47:00+05:30,569.25,569.75,569,569.75,2250,
2016-12-20 09:48:00+05:30,569.75,569.8,569.4,569.4,802,
2016-12-20 09:49:00+05:30,569.45,569.6,568.7,568.8,5536,
2016-12-20 09:50:00+05:30,568.65,569,568.4,568.6,3187,
2016-12-20 09:51:00+05:30,568.6,569,568.5,569,105974,
2016-12-20 09:52:00+05:30,568.85,569.5,568.85,569.05,1953,
2016-12-20 09:53:00+05:30,569.05,569.9,569.05,569.3,2595,
2016-12-20 09:54:00+05:30,569.3,569.5,568.85,569,2446,
2016-12-20 09:55:00+05:30,569,569,568.5,568.85,1464,
2016-12-20 09:56:00+05:30,568.5,569,568.5,569,1366,
2016-12-20 09:57:00+05:30,569,569,568.5,568.5,680,
2016-12-20 09:58:00+05:30,568.5,568.6,568.1,568.1,872,
2016-12-20 09:59:00+05:30,568.1,568.1,567.4,567.8,3939,
2016-12-20 10:00:00+05:30,567.8,567.9,567.5,567.6,995,
2016-12-20 10:01:00+05:30,567.6,567.9,567.55,567.55,857,
2016-12-20 10:02:00+05:30,567.55,567.9,567.4,567.8,2958,
2016-12-20 10:03:00+05:30,567.75,567.75,567.3,567.3,1759,
2016-12-20 10:04:00+05:30,567.3,567.3,567.1,567.3,1052,
2016-12-20 10:05:00+05:30,567.3,567.3,565.6,566.1,5011,
2016-12-20 10:06:00+05:30,566.1,566.35,565.3,565.75,2203,
2016-12-20 10:07:00+05:30,565.9,565.9,565.25,565.3,2556,
2016-12-20 10:08:00+05:30,565.7,566,565.45,565.8,1193,
2016-12-20 10:09:00+05:30,565.8,565.9,565.35,565.5,1235,
2016-12-20 10:10:00+05:30,565.85,566,565.5,565.6,965,
2016-12-20 10:11:00+05:30,566,566.15,565.65,566,1134,
2016-12-20 10:12:00+05:30,566,566.3,565.8,566.3,855,
2016-12-20 10:13:00+05:30,566.3,566.85,565.85,566.85,1916,
2016-12-20 10:14:00+05:30,566.65,566.9,566.6,566.6,1870,
2016-12-20 10:15:00+05:30,566.6,566.6,566.15,566.25,1270,
2016-12-20 10:16:00+05:30,566.25,567.3,566.2,567.3,861,
2016-12-20 10:17:00+05:30,567.3,567.55,567.25,567.5,589,
2016-12-20 10:18:00+05:30,567.5,567.55,567.3,567.55,955,
2016-12-20 10:19:00+05:30,567.55,567.85,567.35,567.85,778,
2016-12-20 10:20:00+05:30,567.8,567.9,567.8,567.9,1139,
2016-12-20 10:21:00+05:30,567.9,567.9,566.65,566.65,821,
2016-12-20 10:22:00+05:30,567,567,566.05,566.05,3226,
2016-12-20 10:23:00+05:30,566.05,566.45,566.05,566.05,744,
2016-12-20 10:24:00+05:30,566,566.7,566,566,2347,
2016-12-20 10:25:00+05:30,566,566.55,566,566.35,1398,
2016-12-20 10:26:00+05:30,566.35,566.55,566,566.05,1351,
2016-12-20 10:27:00+05:30,566.05,567,566.05,567,1562,
2016-12-20 10:28:00+05:30,567,567,566.7,566.8,548,
2016-12-20 10:29:00+05:30,566.8,566.95,566.75,566.75,289,
2016-12-20 10:30:00+05:30,566.75,567,566.75,566.95,1055,
2016-12-20 10:31:00+05:30,566.95,566.95,566.8,566.85,2830,
2016-12-20 10:32:00+05:30,566.85,567,566.65,566.7,233,
2016-12-20 10:33:00+05:30,566.7,566.7,566.5,566.65,316,
2016-12-20 10:34:00+05:30,566.65,566.65,566.2,566.2,463,
2016-12-20 10:35:00+05:30,566.2,566.6,566.2,566.6,1780,
2016-12-20 10:36:00+05:30,566.6,566.7,566.4,566.7,524,
2016-12-20 10:37:00+05:30,566.7,566.7,566.6,566.6,143,
2016-12-20 10:38:00+05:30,566.65,566.65,566.2,566.4,655,
2016-12-20 10:39:00+05:30,566.4,566.6,566.2,566.35,568,
2016-12-20 10:40:00+05:30,566.35,566.7,566.35,566.5,650,
2016-12-20 10:41:00+05:30,566.5,566.5,566.35,566.35,310,
2016-12-20 10:42:00+05:30,566.35,566.6,566.35,566.6,153,
2016-12-20 10:43:00+05:30,566.6,566.6,566.45,566.45,200,
2016-12-20 10:44:00+05:30,566.4,566.4,566.3,566.3,379,
2016-12-20 10:45:00+05:30,566.3,566.45,566.3,566.3,394,
2016-12-20 10:46:00+05:30,566.3,566.7,566.3,566.7,759,
2016-12-20 10:47:00+05:30,566.7,566.9,566.4,566.4,579,
2016-12-20 10:48:00+05:30,566.4,566.6,566.35,566.6,251,
2016-12-20 10:49:00+05:30,566.4,566.5,566.4,566.5,89,
2016-12-20 10:50:00+05:30,566.5,566.55,566.5,566.5,565,
2016-12-20 10:51:00+05:30,566.55,566.65,566.55,566.65,153,
2016-12-20 10:52:00+05:30,566.5,566.65,566.5,566.6,453,
2016-12-20 10:53:00+05:30,566.6,566.65,566.35,566.6,848,
2016-12-20 10:54:00+05:30,566.65,566.7,566.35,566.5,718,
2016-12-20 10:55:00+05:30,566.45,566.6,566.45,566.55,224,
2016-12-20 10:56:00+05:30,566.55,566.6,566.55,566.6,286,
2016-12-20 10:57:00+05:30,566.6,566.75,566.35,566.7,1011,
2016-12-20 10:58:00+05:30,566.7,566.85,566.7,566.85,465,
2016-12-20 10:59:00+05:30,566.85,566.85,566.35,566.45,547,
2016-12-20 11:00:00+05:30,566.35,566.5,566.35,566.5,426,
2016-12-20 11:01:00+05:30,566.45,566.45,566.45,566.45,72,
2016-12-20 11:02:00+05:30,566.45,566.5,566.45,566.45,945,
2016-12-20 11:03:00+05:30,566.35,566.75,566.35,566.55,1216,
2016-12-20 11:04:00+05:30,566.55,566.85,566.55,566.85,758,
2016-12-20 11:05:00+05:30,566.85,566.9,566.6,566.9,555,
2016-12-20 11:06:00+05:30,566.9,566.9,566.85,566.85,42,
2016-12-20 11:07:00+05:30,566.85,566.85,566.55,566.75,987,
2016-12-20 11:08:00+05:30,566.75,566.9,566.6,566.6,285,
2016-12-20 11:09:00+05:30,566.6,566.8,566.55,566.55,158,
2016-12-20 11:10:00+05:30,566.55,566.6,566.5,566.5,749,
2016-12-20 11:11:00+05:30,566.55,566.6,566.5,566.6,551,
2016-12-20 11:12:00+05:30,566.6,566.65,566.5,566.55,484,
2016-12-20 11:13:00+05:30,566.55,566.65,566.5,566.65,526,
2016-12-20 11:14:00+05:30,566.9,566.9,566.5,566.5,485,
2016-12-20 11:15:00+05:30,566.5,566.55,566.25,566.25,280,
2016-12-20 11:16:00+05:30,566.05,566.05,565.65,565.7,2327,
2016-12-20 11:17:00+05:30,565.7,565.7,564.8,565,6207,
2016-12-20 11:18:00+05:30,565,565.25,564.8,564.9,1549,
2016-12-20 11:19:00+05:30,564.8,565,564.8,565,1143,
2016-12-20 11:20:00+05:30,564.95,564.95,564,564.35,5090,
2016-12-20 11:21:00+05:30,564.4,564.55,564.1,564.55,1092,
2016-12-20 11:22:00+05:30,564.55,565.35,564.55,565.35,2628,
2016-12-20 11:23:00+05:30,565.35,565.35,564.9,565.35,1103,
2016-12-20 11:24:00+05:30,565.35,565.35,564.85,565.1,2627,
2016-12-20 11:25:00+05:30,565,565.45,565,565.3,857,
2016-12-20 11:26:00+05:30,565.3,565.45,565.25,565.35,1048,
2016-12-20 11:27:00+05:30,565.35,565.35,565.05,565.25,805,
2016-12-20 11:28:00+05:30,565.25,565.9,565.25,565.9,952,
2016-12-20 11:29:00+05:30,565.5,566,565.5,566,2317,
2016-12-20 11:30:00+05:30,565.9,566.2,565.55,565.55,1435,
2016-12-20 11:31:00+05:30,565.55,565.95,565.55,565.6,2642,
2016-12-20 11:32:00+05:30,565.6,565.6,565.5,565.5,384,
2016-12-20 11:33:00+05:30,565.5,565.9,565.5,565.6,151,
2016-12-20 11:34:00+05:30,565.6,565.8,565.5,565.7,662,
2016-12-20 11:35:00+05:30,565.7,565.7,565.25,565.5,461,
2016-12-20 11:36:00+05:30,565.25,565.3,565.15,565.15,594,
2016-12-20 11:37:00+05:30,565,565.15,564.55,564.55,3245,
2016-12-20 11:38:00+05:30,564.55,564.85,564.55,564.55,1168,
2016-12-20 11:39:00+05:30,564.55,565,564.55,564.6,362,
2016-12-20 11:40:00+05:30,564.9,564.9,564.65,564.9,707,
2016-12-20 11:41:00+05:30,564.9,565.3,564.9,565.3,829,
2016-12-20 11:42:00+05:30,565.3,565.3,564.95,565.3,108,
2016-12-20 11:43:00+05:30,565.3,565.3,565.1,565.1,50,
2016-12-20 11:44:00+05:30,565.1,565.25,565.1,565.1,596,
2016-12-20 11:45:00+05:30,565.1,565.5,565.1,565.5,336,
2016-12-20 11:46:00+05:30,565.5,565.5,565.1,565.45,557,
2016-12-20 11:47:00+05:30,565.45,565.45,565.15,565.15,262,
2016-12-20 11:48:00+05:30,565.15,565.15,564.65,564.65,1055,
2016-12-20 11:49:00+05:30,564.55,564.95,564.5,564.85,702,
2016-12-20 11:50:00+05:30,564.65,564.8,564.65,564.8,159,
2016-12-20 11:51:00+05:30,564.8,564.8,564.75,564.8,257,
2016-12-20 11:52:00+05:30,564.8,564.95,564.8,564.85,264,
2016-12-20 11:53:00+05:30,564.85,564.95,564.65,564.85,463,
2016-12-20 11:54:00+05:30,564.85,565.15,564.8,565,1334,
2016-12-20 11:55:00+05:30,565,565.15,565,565,609,
2016-12-20 11:56:00+05:30,565,565.1,565,565.1,466,
2016-12-20 11:57:00+05:30,565,565,564.8,564.85,745,
2016-12-20 11:58:00+05:30,564.85,564.85,564.7,564.75,497,
2016-12-20 11:59:00+05:30,564.75,564.75,564.5,564.7,1649,
2016-12-20 12:00:00+05:30,564.55,564.65,564.5,564.55,410,
2016-12-20 12:01:00+05:30,564.55,564.8,564.5,564.8,784,
2016-12-20 12:02:00+05:30,564.8,564.8,564.5,564.5,272,
2016-12-20 12:03:00+05:30,564.5,564.5,564.45,564.45,100,
2016-12-20 12:04:00+05:30,564.45,564.8,564.25,564.75,3911,
2016-12-20 12:05:00+05:30,564.75,564.95,564.25,564.5,2332,
2016-12-20 12:06:00+05:30,564.5,564.95,564.5,564.6,3407,
2016-12-20 12:07:00+05:30,564.6,565.05,564.6,565,594,
2016-12-20 12:08:00+05:30,565,565.05,565,565,312,
2016-12-20 12:09:00+05:30,565,565.05,565,565.05,515,
2016-12-20 12:10:00+05:30,565,565.5,565,565.5,2288,
2016-12-20 12:11:00+05:30,565.5,565.5,565.25,565.45,131,
2016-12-20 12:12:00+05:30,565.45,565.45,565.25,565.25,31,
2016-12-20 12:13:00+05:30,565.25,565.3,565,565.25,136,
2016-12-20 12:14:00+05:30,565.25,565.25,565,565,864,
2016-12-20 12:15:00+05:30,565,565,564.65,564.7,995,
2016-12-20 12:16:00+05:30,564.7,564.7,564.25,564.25,522,
2016-12-20 12:17:00+05:30,564.25,564.3,564.25,564.25,1528,
2016-12-20 12:18:00+05:30,564.25,564.3,564.25,564.25,244,
2016-12-20 12:19:00+05:30,564.25,564.45,564,564.05,1613,
2016-12-20 12:20:00+05:30,564.1,564.45,564.1,564.45,8,
2016-12-20 12:21:00+05:30,564.45,564.45,564.05,564.35,124,
2016-12-20 12:22:00+05:30,564.35,564.4,564.1,564.15,163,
2016-12-20 12:23:00+05:30,564.15,564.7,564.15,564.7,299,
2016-12-20 12:24:00+05:30,564.9,564.9,564.2,564.5,2184,
2016-12-20 12:25:00+05:30,564.6,565.9,564.6,564.65,2575,
2016-12-20 12:26:00+05:30,564.6,565.8,564.2,565.1,1519,
2016-12-20 12:27:00+05:30,565.1,565.5,564.35,565.5,4690,
2016-12-20 12:28:00+05:30,565.5,567.1,565.5,567.1,5237,
2016-12-20 12:29:00+05:30,567.1,567.3,566,566.3,3491,
2016-12-20 12:30:00+05:30,566.3,566.5,565,565.85,12193,
2016-12-20 12:31:00+05:30,565.85,566.95,565.4,566.65,5564,
2016-12-20 12:32:00+05:30,566.65,566.9,566.2,566.75,1561,
2016-12-20 12:33:00+05:30,566.75,566.8,565.4,565.4,2250,
2016-12-20 12:34:00+05:30,565.4,566,565.2,566,6448,
2016-12-20 12:35:00+05:30,566,566.75,566,566.7,2388,
2016-12-20 12:36:00+05:30,566.7,566.7,566.25,566.5,2980,
2016-12-20 12:37:00+05:30,566.5,566.5,565.25,566.1,3527,
2016-12-20 12:38:00+05:30,566.1,566.7,566.1,566.7,4917,
2016-12-20 12:39:00+05:30,566.7,566.7,566.45,566.55,54,
2016-12-20 12:40:00+05:30,566.3,566.55,566.3,566.35,625,
2016-12-20 12:41:00+05:30,566.35,566.7,566.35,566.7,798,
2016-12-20 12:42:00+05:30,566.7,566.95,566.65,566.7,1406,
2016-12-20 12:43:00+05:30,566.95,567.25,566.85,566.85,784,
2016-12-20 12:44:00+05:30,566.85,567,566.85,566.9,1231,
2016-12-20 12:45:00+05:30,566.9,566.9,566.85,566.9,1316,
2016-12-20 12:46:00+05:30,566.9,566.9,566.3,566.3,131,
2016-12-20 12:47:00+05:30,566.3,566.3,565.75,565.75,331,
2016-12-20 12:48:00+05:30,565.75,565.9,565.45,565.45,1197,
2016-12-20 12:49:00+05:30,565.45,566.75,565.45,566.35,915,
2016-12-20 12:50:00+05:30,566.05,566.8,566.05,566.75,176,
2016-12-20 12:51:00+05:30,566.75,566.8,566.2,566.8,2092,
2016-12-20 12:52:00+05:30,566.8,566.8,566.05,566.05,12,
2016-12-20 12:53:00+05:30,566.05,566.25,566,566.25,650,
2016-12-20 12:54:00+05:30,566.25,566.4,566.1,566.25,135,
2016-12-20 12:55:00+05:30,566.25,566.45,566,566,461,
2016-12-20 12:56:00+05:30,566,566.2,566,566.2,27,
2016-12-20 12:57:00+05:30,566.05,566.05,565.95,565.95,301,
2016-12-20 12:58:00+05:30,565.95,565.95,565.6,565.6,95,
2016-12-20 12:59:00+05:30,565.6,566,565.45,565.45,1153,
2016-12-20 13:00:00+05:30,565.3,565.45,565.3,565.45,26,
2016-12-20 13:01:00+05:30,565.45,565.5,565.2,565.2,936,
2016-12-20 13:02:00+05:30,565.2,565.5,565.2,565.3,154,
2016-12-20 13:03:00+05:30,565.25,565.45,565.25,565.45,310,
2016-12-20 13:04:00+05:30,565.45,565.95,565.45,565.9,506,
2016-12-20 13:05:00+05:30,565.9,565.9,565.6,565.6,1,
2016-12-20 13:06:00+05:30,565.6,565.85,565.6,565.65,265,
2016-12-20 13:07:00+05:30,565.65,565.65,565.6,565.6,65,
2016-12-20 13:08:00+05:30,565.6,565.6,565.4,565.6,617,
2016-12-20 13:09:00+05:30,565.6,565.6,565.4,565.55,52,
2016-12-20 13:10:00+05:30,565.4,565.4,565.4,565.4,112,
2016-12-20 13:11:00+05:30,565.4,565.4,565.1,565.1,243,
2016-12-20 13:12:00+05:30,565.1,565.35,565.1,565.1,92,
2016-12-20 13:13:00+05:30,565.1,565.25,565.1,565.25,132,
2016-12-20 13:14:00+05:30,565.25,565.4,565.25,565.4,284,
2016-12-20 13:15:00+05:30,565.65,565.85,565.4,565.85,621,
2016-12-20 13:16:00+05:30,565.85,565.85,565.85,565.85,0,
2016-12-20 13:17:00+05:30,565.85,565.85,565.3,565.3,181,
2016-12-20 13:18:00+05:30,565.3,565.55,565.3,565.55,101,
2016-12-20 13:19:00+05:30,565.55,565.6,565.55,565.55,111,
2016-12-20 13:20:00+05:30,565.55,565.75,565.25,565.75,746,
2016-12-20 13:21:00+05:30,565.75,565.75,565.45,565.75,421,
2016-12-20 13:22:00+05:30,565.75,565.75,565.55,565.55,125,
2016-12-20 13:23:00+05:30,565.55,565.8,565.5,565.8,166,
2016-12-20 13:24:00+05:30,565.8,565.85,565.8,565.8,77,
2016-12-20 13:25:00+05:30,565.8,565.8,565.4,565.4,223,
2016-12-20 13:26:00+05:30,565.4,565.45,565.4,565.45,84,
2016-12-20 13:27:00+05:30,565.45,565.6,565.2,565.6,572,
2016-12-20 13:28:00+05:30,565.6,565.6,565.6,565.6,0,
2016-12-20 13:29:00+05:30,565.6,565.6,565.2,565.25,285,
2016-12-20 13:30:00+05:30,565.25,565.5,565,565.1,425,
2016-12-20 13:31:00+05:30,565.1,565.1,565,565.05,151,
2016-12-20 13:32:00+05:30,565.05,565.1,565.05,565.05,25,
2016-12-20 13:33:00+05:30,565.05,565.05,565,565,283,
2016-12-20 13:34:00+05:30,565,565.3,565,565.05,7763,
2016-12-20 13:35:00+05:30,565.05,565.05,565,565,200,
2016-12-20 13:36:00+05:30,565,565,565,565,154,
2016-12-20 13:37:00+05:30,565,565,565,565,59,
2016-12-20 13:38:00+05:30,565,565.15,565,565.15,189,
2016-12-20 13:39:00+05:30,565.15,565.35,565.15,565.15,774,
2016-12-20 13:40:00+05:30,565.25,565.4,565.1,565.1,1379,
2016-12-20 13:41:00+05:30,565.1,565.5,565.1,565.5,15,
2016-12-20 13:42:00+05:30,565.5,565.5,565.25,565.5,500,
2016-12-20 13:43:00+05:30,565.5,565.65,565.25,565.65,625,
2016-12-20 13:44:00+05:30,565.65,565.65,565.25,565.6,237,
2016-12-20 13:45:00+05:30,565.6,565.6,565.3,565.3,20,
2016-12-20 13:46:00+05:30,565.3,565.35,565.25,565.35,203,
2016-12-20 13:47:00+05:30,565.35,565.65,565.25,565.25,214,
2016-12-20 13:48:00+05:30,565.25,565.6,565.25,565.6,3315,
2016-12-20 13:49:00+05:30,565.6,565.6,565.3,565.6,59,
2016-12-20 13:50:00+05:30,565.35,565.6,565.25,565.25,503,
2016-12-20 13:51:00+05:30,565.25,565.25,565.25,565.25,1544,
2016-12-20 13:52:00+05:30,565.25,565.4,565.25,565.4,36,
2016-12-20 13:53:00+05:30,565.4,567,565.25,566.4,7878,
2016-12-20 13:54:00+05:30,566.35,566.8,566.3,566.8,603,
2016-12-20 13:55:00+05:30,566.8,566.8,565.3,565.3,435,
2016-12-20 13:56:00+05:30,565.3,565.9,565.3,565.65,190,
2016-12-20 13:57:00+05:30,565.95,566.35,565.95,566.35,772,
2016-12-20 13:58:00+05:30,566.35,566.5,566.35,566.45,628,
2016-12-20 13:59:00+05:30,566.45,566.5,566.45,566.45,499,
2016-12-20 14:00:00+05:30,566.45,566.5,566,566,3590,
2016-12-20 14:01:00+05:30,565.95,565.95,565.9,565.9,384,
2016-12-20 14:02:00+05:30,565.9,565.9,565.85,565.9,582,
2016-12-20 14:03:00+05:30,565.9,565.9,565.5,565.6,532,
2016-12-20 14:04:00+05:30,565.6,565.9,565.5,565.9,599,
2016-12-20 14:05:00+05:30,565.9,565.9,565.6,565.6,754,
2016-12-20 14:06:00+05:30,565.65,565.9,565.5,565.9,589,
2016-12-20 14:07:00+05:30,565.85,565.85,565.8,565.8,554,
2016-12-20 14:08:00+05:30,565.85,565.85,565.5,565.5,1885,
2016-12-20 14:09:00+05:30,565.5,565.55,565.25,565.25,1523,
2016-12-20 14:10:00+05:30,565.7,565.7,565.3,565.3,682,
2016-12-20 14:11:00+05:30,565.8,565.9,565.8,565.8,512,
2016-12-20 14:12:00+05:30,565.8,565.9,565.45,565.45,599,
2016-12-20 14:13:00+05:30,565.45,565.8,565.45,565.8,527,
2016-12-20 14:14:00+05:30,565.8,565.9,565.75,565.85,1390,
2016-12-20 14:15:00+05:30,565.85,565.9,565.85,565.9,241,
2016-12-20 14:16:00+05:30,565.9,565.9,565.25,565.75,1653,
2016-12-20 14:17:00+05:30,565.75,565.75,565.35,565.35,1470,
2016-12-20 14:18:00+05:30,565.35,565.45,565.25,565.25,2995,
2016-12-20 14:19:00+05:30,565.45,565.45,565.25,565.25,4188,
2016-12-20 14:20:00+05:30,565.25,565.5,565.25,565.5,985,
2016-12-20 14:21:00+05:30,565.5,565.5,565.25,565.4,2312,
2016-12-20 14:22:00+05:30,565.4,565.4,565.25,565.25,608,
2016-12-20 14:23:00+05:30,565.3,565.3,565.25,565.25,3929,
2016-12-20 14:24:00+05:30,565.5,565.9,565.5,565.9,770,
2016-12-20 14:25:00+05:30,565.9,565.9,565.5,565.55,637,
2016-12-20 14:26:00+05:30,565.55,565.85,565.25,565.3,2716,
2016-12-20 14:27:00+05:30,565.3,565.35,565.25,565.25,4105,
2016-12-20 14:28:00+05:30,565.6,565.6,565.25,565.35,461,
2016-12-20 14:29:00+05:30,565.5,565.5,565.35,565.35,1406,
2016-12-20 14:30:00+05:30,565.35,565.85,565.35,565.75,2769,
2016-12-20 14:31:00+05:30,566,566,565.35,565.35,675,
2016-12-20 14:32:00+05:30,565.35,565.9,565.35,565.5,1390,
2016-12-20 14:33:00+05:30,565.5,565.5,565.25,565.25,1925,
2016-12-20 14:34:00+05:30,565.4,565.5,565.25,565.5,928,
2016-12-20 14:35:00+05:30,565.5,565.5,565.3,565.3,1297,
2016-12-20 14:36:00+05:30,565.45,565.45,565,565.05,3081,
2016-12-20 14:37:00+05:30,565.05,565.05,564.6,564.7,1619,
2016-12-20 14:38:00+05:30,564.7,565.2,564.7,564.95,1981,
2016-12-20 14:39:00+05:30,564.95,565.25,564.7,565,1352,
2016-12-20 14:40:00+05:30,564.9,565.3,564.75,564.75,1391,
2016-12-20 14:41:00+05:30,565.3,565.3,564.7,564.8,848,
2016-12-20 14:42:00+05:30,564.8,565.3,564.8,565.3,1496,
2016-12-20 14:43:00+05:30,565.3,565.3,564.95,564.95,1145,
2016-12-20 14:44:00+05:30,564.95,565,564,564,4794,
2016-12-20 14:45:00+05:30,564,564.4,564,564,2281,
2016-12-20 14:46:00+05:30,564.4,564.4,564,564.3,13899,
2016-12-20 14:47:00+05:30,564.3,564.5,564.3,564.45,1879,
2016-12-20 14:48:00+05:30,564.5,564.5,564,564.1,4117,
2016-12-20 14:49:00+05:30,564.2,564.4,563.75,563.75,14879,
2016-12-20 14:50:00+05:30,563.95,563.95,563.5,563.5,1872,
2016-12-20 14:51:00+05:30,563.5,563.6,563.35,563.5,4223,
2016-12-20 14:52:00+05:30,563.55,563.6,563,563.05,9672,
2016-12-20 14:53:00+05:30,563.25,563.6,563.25,563.6,11799,
2016-12-20 14:54:00+05:30,563.65,563.8,563.6,563.8,4916,
2016-12-20 14:55:00+05:30,563.95,564.35,563.65,564.35,1326,
2016-12-20 14:56:00+05:30,564.35,564.7,563.75,564.15,5581,
2016-12-20 14:57:00+05:30,563.9,564.45,563.6,563.9,14473,
2016-12-20 14:58:00+05:30,563.9,564,563.6,563.85,5058,
2016-12-20 14:59:00+05:30,563.85,563.85,563,563,8108,
2016-12-20 15:00:00+05:30,563,563.3,562.95,563.3,5426,
2016-12-20 15:01:00+05:30,563.25,563.3,563,563.25,3795,
2016-12-20 15:02:00+05:30,562.9,563.3,562.9,562.95,8361,
2016-12-20 15:03:00+05:30,562.95,563.55,562.95,563.5,4382,
2016-12-20 15:04:00+05:30,563.65,563.8,563.15,563.15,4768,
2016-12-20 15:05:00+05:30,563.35,563.35,563,563.15,1585,
2016-12-20 15:06:00+05:30,563.15,563.2,563.15,563.2,2749,
2016-12-20 15:07:00+05:30,563.25,563.45,563.15,563.4,1983,
2016-12-20 15:08:00+05:30,563.4,563.45,563.15,563.45,2542,
2016-12-20 15:09:00+05:30,563.45,563.5,563.45,563.45,1734,
2016-12-20 15:10:00+05:30,563.5,564.5,563.3,564.5,10076,
2016-12-20 15:11:00+05:30,564.5,564.5,563.4,563.4,12426,
2016-12-20 15:12:00+05:30,563.5,564,563.3,563.4,3479,
2016-12-20 15:13:00+05:30,563.35,563.4,563.15,563.15,3311,
2016-12-20 15:14:00+05:30,563.15,563.15,562.75,562.8,4014,
2016-12-20 15:15:00+05:30,562.8,562.8,562.2,562.4,14467,
2016-12-20 15:16:00+05:30,562.7,563.1,562.65,562.75,9224,
2016-12-20 15:17:00+05:30,562.9,562.9,562.5,562.85,2498,
2016-12-20 15:18:00+05:30,562.8,562.9,562.45,562.5,7024,
2016-12-20 15:19:00+05:30,563,563.2,562.75,563,7212,
2016-12-20 15:20:00+05:30,563,563.3,563,563,11026,
2016-12-20 15:21:00+05:30,563,563.25,563,563.25,8962,
2016-12-20 15:22:00+05:30,563.25,563.25,562.75,563,9640,
2016-12-20 15:23:00+05:30,563,563.2,563,563,4225,
2016-12-20 15:24:00+05:30,563,563.05,562.9,563,7514,
2016-12-20 15:25:00+05:30,563,563.15,563,563,8620,
2016-12-20 15:26:00+05:30,563,563.5,562.95,563,15442,
2016-12-20 15:27:00+05:30,563,563.25,562.95,563.2,13657,
2016-12-20 15:28:00+05:30,563.2,563.4,563,563.05,2434,
2016-12-20 15:29:00+05:30,563.05,564.9,562.75,564.9,5843,
2016-12-21 09:15:00+05:30,565.9,567.25,565.15,567.25,805,
2016-12-21 09:16:00+05:30,567.25,567.25,565,565.05,3419,
2016-12-21 09:17:00+05:30,565.05,566.55,565,565.85,3166,
2016-12-21 09:18:00+05:30,565.85,566.4,565.5,565.5,2298,
2016-12-21 09:19:00+05:30,565.5,566.15,565.2,566.15,440,
2016-12-21 09:20:00+05:30,566,566.15,565.6,566,1276,
2016-12-21 09:21:00+05:30,566,566.05,565,565,1985,
2016-12-21 09:22:00+05:30,565,565,564,564.4,990,
2016-12-21 09:23:00+05:30,564.4,564.65,564,564,282,
2016-12-21 09:24:00+05:30,564,565,564,564.55,835,
2016-12-21 09:25:00+05:30,564.55,565.9,564.55,565.9,3548,
2016-12-21 09:26:00+05:30,565.9,566.5,565.2,565.2,8941,
2016-12-21 09:27:00+05:30,565.5,565.5,563.4,563.4,14664,
2016-12-21 09:28:00+05:30,563.3,563.35,562.5,563.25,5895,
2016-12-21 09:29:00+05:30,563.25,564.2,563.25,564.15,5778,
2016-12-21 09:30:00+05:30,564.15,565,564.15,565,5151,
2016-12-21 09:31:00+05:30,565,566.65,564.9,566.65,8372,
2016-12-21 09:32:00+05:30,566.55,566.95,565.75,566.95,4761,
2016-12-21 09:33:00+05:30,567,567.4,565.6,566.1,3774,
2016-12-21 09:34:00+05:30,566.1,566.1,565.55,565.65,286,
2016-12-21 09:35:00+05:30,565.65,566,565.15,566,2248,
2016-12-21 09:36:00+05:30,566,566.9,565.45,565.45,2870,
2016-12-21 09:37:00+05:30,565.45,565.45,564.3,564.35,6488,
2016-12-21 09:38:00+05:30,564.45,564.7,564.05,564.7,3691,
2016-12-21 09:39:00+05:30,564.9,565.1,564.4,565,1808,
2016-12-21 09:40:00+05:30,565,565.7,565,565.05,4092,
2016-12-21 09:41:00+05:30,565.05,565.05,564.35,564.65,6010,
2016-12-21 09:42:00+05:30,564.65,564.75,563.9,564.4,3069,
2016-12-21 09:43:00+05:30,564.35,565.05,564,565.05,3827,
2016-12-21 09:44:00+05:30,565.05,565.15,564.7,564.7,899,
2016-12-21 09:45:00+05:30,564.7,565.3,564.7,565,503,
2016-12-21 09:46:00+05:30,565,565.1,564.7,564.95,500,
2016-12-21 09:47:00+05:30,564.95,565.05,564.1,565.05,2998,
2016-12-21 09:48:00+05:30,564.8,565.15,564.15,564.15,1900,
2016-12-21 09:49:00+05:30,564.15,565.75,564.15,565.7,5851,
2016-12-21 09:50:00+05:30,565.7,565.8,564.5,564.9,6098,
2016-12-21 09:51:00+05:30,564.9,564.9,563.75,564.4,4555,
2016-12-21 09:52:00+05:30,564.4,564.9,564.05,564.9,7436,
2016-12-21 09:53:00+05:30,564.9,564.9,564.6,564.75,6068,
2016-12-21 09:54:00+05:30,564.85,565.3,564.85,565.3,10865,
2016-12-21 09:55:00+05:30,565.3,565.4,564.65,564.85,12815,
2016-12-21 09:56:00+05:30,564.85,564.85,564.35,564.5,937,
2016-12-21 09:57:00+05:30,564.5,565.05,564.5,565.05,11490,
2016-12-21 09:58:00+05:30,565.05,565.2,565,565.1,4263,
2016-12-21 09:59:00+05:30,565.1,565.1,564.55,564.8,1028,
2016-12-21 10:00:00+05:30,564.8,564.9,564.7,564.8,1051,
2016-12-21 10:01:00+05:30,564.8,565,564.5,565,7677,
2016-12-21 10:02:00+05:30,565,565.05,564.5,564.7,14535,
2016-12-21 10:03:00+05:30,564.55,564.7,564.4,564.4,3716,
2016-12-21 10:04:00+05:30,564.4,564.5,564.15,564.25,1317,
2016-12-21 10:05:00+05:30,564.25,564.4,563.6,563.9,10515,
2016-12-21 10:06:00+05:30,563.9,563.95,563.65,563.9,3168,
2016-12-21 10:07:00+05:30,563.9,563.9,563.85,563.9,4353,
2016-12-21 10:08:00+05:30,563.9,563.9,563.25,563.35,4763,
2016-12-21 10:09:00+05:30,563.25,563.55,563.25,563.55,2035,
2016-12-21 10:10:00+05:30,563.5,563.65,563.3,563.55,2050,
2016-12-21 10:11:00+05:30,563.55,564.4,563.55,563.75,7888,
2016-12-21 10:12:00+05:30,563.75,563.9,563.1,563.4,7349,
2016-12-21 10:13:00+05:30,563.4,563.65,563.4,563.65,1641,
2016-12-21 10:14:00+05:30,563.65,563.85,563.5,563.75,1733,
2016-12-21 10:15:00+05:30,563.75,564.15,563.7,564.05,1482,
2016-12-21 10:16:00+05:30,564.05,564.5,564.05,564.5,1635,
2016-12-21 10:17:00+05:30,564.5,565,564.3,564.3,3222,
2016-12-21 10:18:00+05:30,564.3,564.5,563.9,564.05,295,
2016-12-21 10:19:00+05:30,564.05,564.25,564.05,564.2,220,
2016-12-21 10:20:00+05:30,564.2,564.4,564.05,564.05,133,
2016-12-21 10:21:00+05:30,564.05,564.3,564.05,564.05,66,
2016-12-21 10:22:00+05:30,564.05,564.05,564,564.05,278,
2016-12-21 10:23:00+05:30,564.05,564.4,564.05,564.4,147,
2016-12-21 10:24:00+05:30,564.4,564.4,564.1,564.15,140,
2016-12-21 10:25:00+05:30,564.15,564.25,564.1,564.15,626,
2016-12-21 10:26:00+05:30,564.15,564.3,564.15,564.3,224,
2016-12-21 10:27:00+05:30,564.3,564.3,564.2,564.3,301,
2016-12-21 10:28:00+05:30,564.3,564.4,564.3,564.35,332,
2016-12-21 10:29:00+05:30,564.35,564.45,564.3,564.35,387,
2016-12-21 10:30:00+05:30,564.35,564.4,564.35,564.35,197,
2016-12-21 10:31:00+05:30,564.4,564.45,564.35,564.4,107,
2016-12-21 10:32:00+05:30,564.4,564.55,564.35,564.5,1659,
2016-12-21 10:33:00+05:30,564.5,564.6,564.15,564.15,2110,
2016-12-21 10:34:00+05:30,564.15,564.55,564.15,564.55,393,
2016-12-21 10:35:00+05:30,564.55,564.6,564.5,564.6,548,
2016-12-21 10:36:00+05:30,564.6,564.65,564.5,564.6,595,
2016-12-21 10:37:00+05:30,564.6,564.6,564.5,564.55,456,
2016-12-21 10:38:00+05:30,564.55,564.55,564.45,564.5,340,
2016-12-21 10:39:00+05:30,564.5,564.75,564.45,564.75,901,
2016-12-21 10:40:00+05:30,564.75,564.75,564.55,564.6,129,
2016-12-21 10:41:00+05:30,564.7,564.75,564.55,564.75,726,
2016-12-21 10:42:00+05:30,564.75,564.75,564.5,564.5,2922,
2016-12-21 10:43:00+05:30,564.5,564.5,564.15,564.4,417,
2016-12-21 10:44:00+05:30,564.4,564.45,564.15,564.45,164,
2016-12-21 10:45:00+05:30,564.45,564.45,564.2,564.3,354,
2016-12-21 10:46:00+05:30,564.3,564.35,564.05,564.3,213,
2016-12-21 10:47:00+05:30,564.3,564.35,564.05,564.3,345,
2016-12-21 10:48:00+05:30,564.3,564.35,564.05,564.05,180,
2016-12-21 10:49:00+05:30,564.3,564.4,564.05,564.35,41,
2016-12-21 10:50:00+05:30,564.35,564.4,564.05,564.05,146,
2016-12-21 10:51:00+05:30,564.05,564.6,564.05,564.35,328,
2016-12-21 10:52:00+05:30,564.35,564.4,564.05,564.2,571,
2016-12-21 10:53:00+05:30,564.2,564.45,564.05,564.4,500,
2016-12-21 10:54:00+05:30,564.4,564.45,564.05,564.05,269,
2016-12-21 10:55:00+05:30,564.05,564.4,564.05,564.4,189,
2016-12-21 10:56:00+05:30,564.4,564.4,564.1,564.4,234,
2016-12-21 10:57:00+05:30,564.4,564.8,564.4,564.5,2316,
2016-12-21 10:58:00+05:30,564.5,564.5,564.1,564.3,259,
2016-12-21 10:59:00+05:30,564.3,564.35,564,564,1427,
2016-12-21 11:00:00+05:30,564,564.2,563.9,564.15,709,
2016-12-21 11:01:00+05:30,564.15,564.15,564,564,1434,
2016-12-21 11:02:00+05:30,564,564.4,563.95,564.2,1129,
2016-12-21 11:03:00+05:30,564.2,564.6,564.2,564.4,643,
2016-12-21 11:04:00+05:30,564.4,564.4,564.3,564.3,69,
2016-12-21 11:05:00+05:30,564.3,564.4,564.15,564.15,219,
2016-12-21 11:06:00+05:30,564.15,564.3,564.05,564.25,127,
2016-12-21 11:07:00+05:30,564.25,564.3,564.2,564.3,976,
2016-12-21 11:08:00+05:30,564.3,564.35,564.15,564.15,197,
2016-12-21 11:09:00+05:30,564.15,564.25,564.05,564.25,152,
2016-12-21 11:10:00+05:30,564.25,564.3,564.1,564.1,244,
2016-12-21 11:11:00+05:30,564.1,564.25,563.9,563.9,341,
2016-12-21 11:12:00+05:30,563.9,564.1,563.9,564.1,201,
2016-12-21 11:13:00+05:30,564.05,564.05,563.9,563.9,105,
2016-12-21 11:14:00+05:30,563.9,564.05,563.7,563.75,550,
2016-12-21 11:15:00+05:30,563.75,564.1,563.7,564,628,
2016-12-21 11:16:00+05:30,564,564,563.7,563.75,6815,
2016-12-21 11:17:00+05:30,563.75,564.25,563.75,564.25,2751,
2016-12-21 11:18:00+05:30,564.05,564.25,564.05,564.25,712,
2016-12-21 11:19:00+05:30,564.25,564.25,564,564.05,299,
2016-12-21 11:20:00+05:30,564.05,564.05,564,564,85,
2016-12-21 11:21:00+05:30,564,564.05,563.95,563.95,133,
2016-12-21 11:22:00+05:30,563.95,564.1,563.9,564.1,367,
2016-12-21 11:23:00+05:30,564.1,564.35,564,564.1,564,
2016-12-21 11:24:00+05:30,564.1,564.25,563.9,563.95,1325,
2016-12-21 11:25:00+05:30,563.95,563.95,563.9,563.95,67,
2016-12-21 11:26:00+05:30,563.95,564,563.9,563.9,144,
2016-12-21 11:27:00+05:30,563.9,564.05,563.9,564.05,415,
2016-12-21 11:28:00+05:30,564.1,564.15,564,564,849,
2016-12-21 11:29:00+05:30,564,564,564,564,80,
2016-12-21 11:30:00+05:30,564,564.35,564,564.1,1010,
2016-12-21 11:31:00+05:30,564.1,564.15,564,564,109,
2016-12-21 11:32:00+05:30,564.5,564.6,564.05,564.05,2001,
2016-12-21 11:33:00+05:30,564.05,564.1,564,564,275,
2016-12-21 11:34:00+05:30,564,564.1,564,564,49,
2016-12-21 11:35:00+05:30,564,564,563.9,564,176,
2016-12-21 11:36:00+05:30,564,564,563.85,563.95,437,
2016-12-21 11:37:00+05:30,563.95,564,563.9,563.9,40,
2016-12-21 11:38:00+05:30,563.9,564,563.9,563.95,153,
2016-12-21 11:39:00+05:30,563.95,563.95,563.9,563.9,195,
2016-12-21 11:40:00+05:30,563.9,564,563.9,564,389,
2016-12-21 11:41:00+05:30,564,564,563.9,563.9,270,
2016-12-21 11:42:00+05:30,563.9,563.95,563.9,563.9,465,
2016-12-21 11:43:00+05:30,563.9,563.9,563.8,563.9,166,
2016-12-21 11:44:00+05:30,563.9,563.95,563.8,563.8,711,
2016-12-21 11:45:00+05:30,563.8,563.9,563.8,563.9,140,
2016-12-21 11:46:00+05:30,563.8,563.95,563.8,563.9,184,
2016-12-21 11:47:00+05:30,563.9,563.9,563.8,563.9,176,
2016-12-21 11:48:00+05:30,563.9,563.9,563.8,563.9,238,
2016-12-21 11:49:00+05:30,563.9,563.9,563.8,563.8,175,
2016-12-21 11:50:00+05:30,563.8,563.85,563.5,563.85,929,
2016-12-21 11:51:00+05:30,563.85,564,563.75,563.95,759,
2016-12-21 11:52:00+05:30,563.95,564.05,563.9,563.9,105,
2016-12-21 11:53:00+05:30,563.9,564,563.9,563.9,108,
2016-12-21 11:54:00+05:30,563.9,563.95,563.9,563.95,200,
2016-12-21 11:55:00+05:30,563.95,563.95,563.5,563.55,342,
2016-12-21 11:56:00+05:30,563.55,563.95,563.5,563.9,294,
2016-12-21 11:57:00+05:30,563.9,563.9,563.5,563.7,213,
2016-12-21 11:58:00+05:30,563.7,563.8,563.3,563.4,2042,
2016-12-21 11:59:00+05:30,563.8,563.8,563.4,563.75,208,
2016-12-21 12:00:00+05:30,563.7,563.7,563.35,563.5,2097,
2016-12-21 12:01:00+05:30,563.5,563.55,563.35,563.45,1115,
2016-12-21 12:02:00+05:30,563.45,563.45,563.35,563.4,253,
2016-12-21 12:03:00+05:30,563.4,563.45,563.3,563.3,238,
2016-12-21 12:04:00+05:30,563.3,563.4,563.1,563.25,339,
2016-12-21 12:05:00+05:30,563.25,563.35,563.25,563.25,552,
2016-12-21 12:06:00+05:30,563.5,563.55,563.5,563.55,1020,
2016-12-21 12:07:00+05:30,563.55,563.55,563.15,563.4,691,
2016-12-21 12:08:00+05:30,563.4,563.4,563.1,563.1,498,
2016-12-21 12:09:00+05:30,563.1,563.35,563.1,563.15,219,
2016-12-21 12:10:00+05:30,563.15,563.35,563.15,563.15,415,
2016-12-21 12:11:00+05:30,563.15,563.15,563.05,563.05,1028,
2016-12-21 12:12:00+05:30,563.05,563.15,563,563,1343,
2016-12-21 12:13:00+05:30,563,563.75,563,563.4,2529,
2016-12-21 12:14:00+05:30,563.4,563.4,563.05,563.3,52,
2016-12-21 12:15:00+05:30,563.3,563.5,563.05,563.5,428,
2016-12-21 12:16:00+05:30,563.5,564.1,563.5,564.1,3458,
2016-12-21 12:17:00+05:30,564.15,564.35,563.65,563.95,1645,
2016-12-21 12:18:00+05:30,563.95,563.95,563.05,563.05,1415,
2016-12-21 12:19:00+05:30,563.05,563.4,562.85,562.95,8028,
2016-12-21 12:20:00+05:30,562.95,563.3,562.95,563.1,304,
2016-12-21 12:21:00+05:30,563.05,563.5,563,563.45,1236,
2016-12-21 12:22:00+05:30,563.45,563.85,563.45,563.45,643,
2016-12-21 12:23:00+05:30,563.45,563.5,563.05,563.3,240,
2016-12-21 12:24:00+05:30,563.3,563.5,563.05,563.4,426,
2016-12-21 12:25:00+05:30,563.4,563.65,563.3,563.55,195,
2016-12-21 12:26:00+05:30,563.55,563.55,563.05,563.35,214,
2016-12-21 12:27:00+05:30,563.35,563.45,563.15,563.15,370,
2016-12-21 12:28:00+05:30,563.15,563.4,563.15,563.3,151,
2016-12-21 12:29:00+05:30,563.3,563.3,563.15,563.3,66,
2016-12-21 12:30:00+05:30,563.3,563.3,563.15,563.15,291,
2016-12-21 12:31:00+05:30,563.15,563.3,563.15,563.3,488,
2016-12-21 12:32:00+05:30,563.3,563.3,563.2,563.25,184,
2016-12-21 12:33:00+05:30,563.25,563.3,563.2,563.25,266,
2016-12-21 12:34:00+05:30,563.25,563.25,563.15,563.25,599,
2016-12-21 12:35:00+05:30,563.15,563.25,563.05,563.1,3995,
2016-12-21 12:36:00+05:30,563.15,563.3,563.1,563.1,520,
2016-12-21 12:37:00+05:30,563.1,563.2,563.1,563.15,234,
2016-12-21 12:38:00+05:30,563.15,563.25,563.05,563.1,273,
2016-12-21 12:39:00+05:30,563.1,563.2,563.1,563.2,389,
2016-12-21 12:40:00+05:30,563.2,563.3,563.15,563.25,269,
2016-12-21 12:41:00+05:30,563.3,563.3,563.15,563.15,142,
2016-12-21 12:42:00+05:30,563.15,563.15,563.1,563.15,76,
2016-12-21 12:43:00+05:30,563.15,563.2,563.1,563.15,604,
2016-12-21 12:44:00+05:30,563.15,563.2,563.1,563.15,238,
2016-12-21 12:45:00+05:30,563.1,563.15,563.05,563.15,155,
2016-12-21 12:46:00+05:30,563.15,563.15,563.1,563.15,185,
2016-12-21 12:47:00+05:30,563.15,563.3,563.1,563.3,467,
2016-12-21 12:48:00+05:30,563.3,563.3,563.1,563.2,472,
2016-12-21 12:49:00+05:30,563.2,563.2,563.1,563.2,101,
2016-12-21 12:50:00+05:30,563.2,563.25,563.1,563.1,586,
2016-12-21 12:51:00+05:30,563.1,563.15,563.1,563.15,180,
2016-12-21 12:52:00+05:30,563.15,563.2,563.1,563.2,233,
2016-12-21 12:53:00+05:30,563.2,563.2,563.1,563.1,97,
2016-12-21 12:54:00+05:30,563.1,563.15,563.05,563.05,180,
2016-12-21 12:55:00+05:30,563.05,563.1,563.05,563.1,204,
2016-12-21 12:56:00+05:30,563.1,563.2,563.05,563.1,324,
2016-12-21 12:57:00+05:30,563.1,563.25,563.1,563.2,102,
2016-12-21 12:58:00+05:30,563.2,563.6,563.1,563.5,813,
2016-12-21 12:59:00+05:30,563.5,563.65,563,563.5,10680,
2016-12-21 13:00:00+05:30,563.5,563.5,563.15,563.45,42,
2016-12-21 13:01:00+05:30,563.3,563.45,563.1,563.4,556,
2016-12-21 13:02:00+05:30,563.4,563.4,563.2,563.4,293,
2016-12-21 13:03:00+05:30,563.4,563.4,563.1,563.3,582,
2016-12-21 13:04:00+05:30,563.3,563.3,563.05,563.25,887,
2016-12-21 13:05:00+05:30,563.25,563.25,563.05,563.25,277,
2016-12-21 13:06:00+05:30,563.25,563.25,563.05,563.25,108,
2016-12-21 13:07:00+05:30,563.25,563.3,562.95,562.95,6338,
2016-12-21 13:08:00+05:30,562.95,563,562.8,562.9,2633,
2016-12-21 13:09:00+05:30,562.9,562.9,562.65,562.85,4967,
2016-12-21 13:10:00+05:30,562.85,562.95,562.7,562.95,1808,
2016-12-21 13:11:00+05:30,562.95,562.95,562.8,562.9,269,
2016-12-21 13:12:00+05:30,562.9,563.15,562.9,563.15,572,
2016-12-21 13:13:00+05:30,563.15,563.15,562.95,562.95,476,
2016-12-21 13:14:00+05:30,562.95,562.95,562.55,562.95,292,
2016-12-21 13:15:00+05:30,562.95,562.95,562.5,562.9,112,
2016-12-21 13:16:00+05:30,562.9,562.9,562.5,562.75,147,
2016-12-21 13:17:00+05:30,562.75,562.75,562.65,562.7,88,
2016-12-21 13:18:00+05:30,562.7,562.7,562.5,562.65,175,
2016-12-21 13:19:00+05:30,562.65,563.05,562.5,563.05,1494,
2016-12-21 13:20:00+05:30,563.05,563.35,562.8,563.05,1909,
2016-12-21 13:21:00+05:30,563.05,563.2,563,563,91,
2016-12-21 13:22:00+05:30,563,563.5,563,563.45,2545,
2016-12-21 13:23:00+05:30,563.55,563.6,563.4,563.55,571,
2016-12-21 13:24:00+05:30,563.55,563.8,563.25,563.65,325,
2016-12-21 13:25:00+05:30,563.65,564.75,563.1,564.25,7182,
2016-12-21 13:26:00+05:30,564.25,564.5,563.5,563.5,392,
2016-12-21 13:27:00+05:30,564.15,564.25,563.7,563.7,468,
2016-12-21 13:28:00+05:30,564.15,564.2,563.75,563.8,589,
2016-12-21 13:29:00+05:30,563.8,564.4,563.8,564.4,877,
2016-12-21 13:30:00+05:30,564.35,564.75,564.35,564.75,1393,
2016-12-21 13:31:00+05:30,564.75,565,564.65,564.75,1109,
2016-12-21 13:32:00+05:30,564.75,564.9,564.75,564.85,447,
2016-12-21 13:33:00+05:30,564.85,564.95,564.7,564.9,940,
2016-12-21 13:34:00+05:30,564.9,565,564.7,564.85,1315,
2016-12-21 13:35:00+05:30,564.9,564.9,564.65,564.85,391,
2016-12-21 13:36:00+05:30,564.85,564.9,564.5,564.8,443,
2016-12-21 13:37:00+05:30,564.8,564.8,564.5,564.5,387,
2016-12-21 13:38:00+05:30,564.8,564.8,564.65,564.8,837,
2016-12-21 13:39:00+05:30,564.8,564.8,564.6,564.75,1291,
2016-12-21 13:40:00+05:30,564.75,564.9,564.65,564.9,1475,
2016-12-21 13:41:00+05:30,564.9,564.9,564.75,564.8,829,
2016-12-21 13:42:00+05:30,564.8,564.8,564.5,564.8,258,
2016-12-21 13:43:00+05:30,564.8,564.8,564.55,564.55,457,
2016-12-21 13:44:00+05:30,564.55,564.7,564.5,564.7,1517,
2016-12-21 13:45:00+05:30,564.7,564.8,564.65,564.7,353,
2016-12-21 13:46:00+05:30,564.7,564.85,564.7,564.8,470,
2016-12-21 13:47:00+05:30,564.85,564.9,564.75,564.75,372,
2016-12-21 13:48:00+05:30,564.85,564.85,564.75,564.75,432,
2016-12-21 13:49:00+05:30,564.85,564.85,564.55,564.7,438,
2016-12-21 13:50:00+05:30,564.7,564.85,564.6,564.85,312,
2016-12-21 13:51:00+05:30,564.85,564.85,564.75,564.85,637,
2016-12-21 13:52:00+05:30,564.85,564.85,564.6,564.8,312,
2016-12-21 13:53:00+05:30,564.8,565.35,564.7,565.1,3713,
2016-12-21 13:54:00+05:30,565.35,565.35,565.15,565.35,491,
2016-12-21 13:55:00+05:30,565.35,565.35,564.6,565,666,
2016-12-21 13:56:00+05:30,565.3,565.3,564.75,565.25,552,
2016-12-21 13:57:00+05:30,565.25,565.3,564.8,564.85,411,
2016-12-21 13:58:00+05:30,565.3,565.3,564.85,565,216,
2016-12-21 13:59:00+05:30,565,565,564.8,564.95,446,
2016-12-21 14:00:00+05:30,564.95,565.3,564.45,564.45,1504,
2016-12-21 14:01:00+05:30,564.05,564.5,563.4,564.5,3236,
2016-12-21 14:02:00+05:30,564.5,564.95,564.15,564.95,939,
2016-12-21 14:03:00+05:30,565.15,565.75,565.15,565.5,6377,
2016-12-21 14:04:00+05:30,565.5,565.5,563.35,563.95,4911,
2016-12-21 14:05:00+05:30,564,565.45,563.8,565.25,6609,
2016-12-21 14:06:00+05:30,565.45,565.6,564.55,564.75,3945,
2016-12-21 14:07:00+05:30,564.95,565.4,564.6,565,10121,
2016-12-21 14:08:00+05:30,565.35,565.7,564.95,565,6111,
2016-12-21 14:09:00+05:30,565,566.55,565,566.55,9944,
2016-12-21 14:10:00+05:30,566.6,566.65,566.4,566.4,1420,
2016-12-21 14:11:00+05:30,566.4,566.5,566.4,566.4,373,
2016-12-21 14:12:00+05:30,566.5,566.5,566,566,2898,
2016-12-21 14:13:00+05:30,566.55,566.65,565.95,566,1824,
2016-12-21 14:14:00+05:30,566,566.65,566,566.55,275,
2016-12-21 14:15:00+05:30,566.55,566.85,566.55,566.8,854,
2016-12-21 14:16:00+05:30,566.8,566.9,566.75,566.8,1942,
2016-12-21 14:17:00+05:30,566.8,566.8,566.75,566.75,1973,
2016-12-21 14:18:00+05:30,566.75,566.8,566.65,566.65,1129,
2016-12-21 14:19:00+05:30,566.8,566.8,566.55,566.55,840,
2016-12-21 14:20:00+05:30,566.8,566.8,566.55,566.6,613,
2016-12-21 14:21:00+05:30,567,567,566.65,566.65,1084,
2016-12-21 14:22:00+05:30,566.65,566.8,566.65,566.65,539,
2016-12-21 14:23:00+05:30,566.65,566.8,566.05,566.05,657,
2016-12-21 14:24:00+05:30,566.05,566.5,565.9,566.2,659,
2016-12-21 14:25:00+05:30,566.2,566.7,566,566.7,1114,
2016-12-21 14:26:00+05:30,566.65,566.7,566.3,566.3,468,
2016-12-21 14:27:00+05:30,566.65,566.75,566.2,566.4,905,
2016-12-21 14:28:00+05:30,566.7,566.75,565.8,565.9,2124,
2016-12-21 14:29:00+05:30,565.9,565.9,565.25,565.9,1154,
2016-12-21 14:30:00+05:30,565.9,566.05,565.45,565.75,338,
2016-12-21 14:31:00+05:30,565.75,565.75,565.4,565.7,360,
2016-12-21 14:32:00+05:30,565.75,565.9,565.4,565.5,1150,
2016-12-21 14:33:00+05:30,566,566,565.6,565.65,1254,
2016-12-21 14:34:00+05:30,565.9,565.9,565.8,565.9,345,
2016-12-21 14:35:00+05:30,565.85,565.9,565.65,565.9,561,
2016-12-21 14:36:00+05:30,565.95,566,565.7,565.95,288,
2016-12-21 14:37:00+05:30,565.9,566,565.65,565.95,653,
2016-12-21 14:38:00+05:30,565.95,566.05,565.65,566,1362,
2016-12-21 14:39:00+05:30,566,566,565.7,565.95,541,
2016-12-21 14:40:00+05:30,566,566,565.7,565.7,416,
2016-12-21 14:41:00+05:30,566,566,565.65,565.65,1381,
2016-12-21 14:42:00+05:30,565.95,565.95,565.25,565.8,899,
2016-12-21 14:43:00+05:30,565.8,565.95,565.45,565.45,575,
2016-12-21 14:44:00+05:30,565.45,565.85,565.45,565.75,472,
2016-12-21 14:45:00+05:30,565.75,565.75,565.4,565.4,3641,
2016-12-21 14:46:00+05:30,565.2,565.2,564.75,564.9,3371,
2016-12-21 14:47:00+05:30,564.9,565.15,564.85,565,931,
2016-12-21 14:48:00+05:30,565,565,564.7,564.9,585,
2016-12-21 14:49:00+05:30,564.7,564.9,564.4,564.65,2295,
2016-12-21 14:50:00+05:30,564.65,564.65,564.25,564.3,821,
2016-12-21 14:51:00+05:30,564.25,564.25,563.8,563.9,2671,
2016-12-21 14:52:00+05:30,563.9,563.9,563,563.05,3096,
2016-12-21 14:53:00+05:30,563.35,563.4,563,563.05,1467,
2016-12-21 14:54:00+05:30,563.05,563.2,562.65,562.7,2070,
2016-12-21 14:55:00+05:30,563.05,563.3,562.55,563.2,2224,
2016-12-21 14:56:00+05:30,563.5,564.05,563.35,564,2500,
2016-12-21 14:57:00+05:30,563.7,564.05,563.3,563.55,1218,
2016-12-21 14:58:00+05:30,563.55,563.75,563.45,563.7,1913,
2016-12-21 14:59:00+05:30,563.7,563.7,563.4,563.4,1728,
2016-12-21 15:00:00+05:30,563.4,563.7,563.4,563.65,2223,
2016-12-21 15:01:00+05:30,563.6,563.6,562.5,562.5,8318,
2016-12-21 15:02:00+05:30,562.5,562.75,562.5,562.5,11017,
2016-12-21 15:03:00+05:30,562.5,562.65,562.5,562.55,1333,
2016-12-21 15:04:00+05:30,562.55,562.55,562.4,562.4,3752,
2016-12-21 15:05:00+05:30,562.45,562.55,562.25,562.55,7654,
2016-12-21 15:06:00+05:30,562.5,562.6,562.5,562.55,6165,
2016-12-21 15:07:00+05:30,562.55,562.6,562,562.5,21109,
2016-12-21 15:08:00+05:30,562.55,562.7,562.25,562.6,9125,
2016-12-21 15:09:00+05:30,562.6,562.6,562.5,562.55,2949,
2016-12-21 15:10:00+05:30,562.5,562.55,562.5,562.5,4789,
2016-12-21 15:11:00+05:30,562.5,562.65,562.5,562.55,7270,
2016-12-21 15:12:00+05:30,562.5,562.6,562.5,562.55,5939,
2016-12-21 15:13:00+05:30,562.55,562.55,562.45,562.55,4524,
2016-12-21 15:14:00+05:30,562.5,563.05,562.5,563.05,9736,
2016-12-21 15:15:00+05:30,563,563.1,562.9,563,5787,
2016-12-21 15:16:00+05:30,563,563.05,562.85,563,5325,
2016-12-21 15:17:00+05:30,563,563.05,563,563.05,3667,
2016-12-21 15:18:00+05:30,563,563.05,562.9,563.05,5734,
2016-12-21 15:19:00+05:30,563,563.35,562.9,563.05,6500,
2016-12-21 15:20:00+05:30,563.05,563.15,563,563.1,7899,
2016-12-21 15:21:00+05:30,563.05,563.1,563,563.05,4378,
2016-12-21 15:22:00+05:30,563,563.05,563,563.05,5338,
2016-12-21 15:23:00+05:30,563.05,563.05,563,563,5058,
2016-12-21 15:24:00+05:30,563,563.3,563,563.3,5770,
2016-12-21 15:25:00+05:30,563.75,563.95,563.25,563.3,11200,
2016-12-21 15:26:00+05:30,563.3,563.5,563,563,5963,
2016-12-21 15:27:00+05:30,563.05,563.45,562.8,563.05,2937,
2016-12-21 15:28:00+05:30,563,563.45,563,563,1033,
2016-12-21 15:29:00+05:30,563,563.75,562,563.75,2639,
2016-12-22 09:15:00+05:30,562.7,563.5,562.1,563.5,745,
2016-12-22 09:16:00+05:30,563.5,563.75,562.6,562.65,2262,
2016-12-22 09:17:00+05:30,562.65,563.3,562.4,563.3,3010,
2016-12-22 09:18:00+05:30,563.3,563.6,563,563.05,1150,
2016-12-22 09:19:00+05:30,563.5,563.7,563,563.7,707,
2016-12-22 09:20:00+05:30,563.7,564.2,563.7,563.9,838,
2016-12-22 09:21:00+05:30,563.9,564.5,563.85,564.5,2333,
2016-12-22 09:22:00+05:30,564.5,565.95,564.25,565.6,3876,
2016-12-22 09:23:00+05:30,565.6,565.6,564.75,564.75,1071,
2016-12-22 09:24:00+05:30,564.75,565.05,564.55,564.8,187,
2016-12-22 09:25:00+05:30,564.8,564.95,564.5,564.5,189,
2016-12-22 09:26:00+05:30,564.7,564.95,564.5,564.5,2558,
2016-12-22 09:27:00+05:30,564.5,564.6,563.9,563.9,1810,
2016-12-22 09:28:00+05:30,563.9,564,563.8,563.8,1450,
2016-12-22 09:29:00+05:30,563.8,564.25,563.8,564.05,1175,
2016-12-22 09:30:00+05:30,564.05,564.6,564,564.5,506,
2016-12-22 09:31:00+05:30,564.65,564.95,564.3,564.65,1935,
2016-12-22 09:32:00+05:30,564.65,564.65,564.5,564.6,597,
2016-12-22 09:33:00+05:30,564.5,564.6,564.2,564.2,1265,
2016-12-22 09:34:00+05:30,564.6,564.65,564.1,564.5,1569,
2016-12-22 09:35:00+05:30,564.5,564.5,564.1,564.3,335,
2016-12-22 09:36:00+05:30,564.05,564.3,563.9,563.95,1453,
2016-12-22 09:37:00+05:30,563.95,563.95,563.5,563.75,485,
2016-12-22 09:38:00+05:30,563.75,563.75,563.05,563.5,2817,
2016-12-22 09:39:00+05:30,563.5,563.5,563.2,563.2,554,
2016-12-22 09:40:00+05:30,563.2,563.6,563.15,563.5,1521,
2016-12-22 09:41:00+05:30,563.7,563.8,563.5,563.6,565,
2016-12-22 09:42:00+05:30,563.6,563.95,563.5,563.5,520,
2016-12-22 09:43:00+05:30,563.55,563.7,562.95,562.95,2286,
2016-12-22 09:44:00+05:30,562.95,563.35,562.95,563,528,
2016-12-22 09:45:00+05:30,563,563.1,562.85,562.85,2469,
2016-12-22 09:46:00+05:30,562.85,562.9,561.95,562,2292,
2016-12-22 09:47:00+05:30,562,562.25,561.6,561.65,2602,
2016-12-22 09:48:00+05:30,561.65,561.85,560,560.35,4470,
2016-12-22 09:49:00+05:30,560.35,560.5,560.2,560.45,1266,
2016-12-22 09:50:00+05:30,560.5,560.7,560.2,560.7,1761,
2016-12-22 09:51:00+05:30,560.7,561,560.65,561,1189,
2016-12-22 09:52:00+05:30,561,561.15,560.75,561.15,711,
2016-12-22 09:53:00+05:30,561.15,561.6,561.15,561.3,1087,
2016-12-22 09:54:00+05:30,561.3,561.65,561.25,561.25,1359,
2016-12-22 09:55:00+05:30,561.5,561.55,561.25,561.5,1632,
2016-12-22 09:56:00+05:30,561.5,561.5,561.25,561.3,719,
2016-12-22 09:57:00+05:30,561.3,561.35,560.95,561.2,282,
2016-12-22 09:58:00+05:30,561.2,561.4,560.9,561.2,662,
2016-12-22 09:59:00+05:30,561.2,561.25,561.1,561.25,578,
2016-12-22 10:00:00+05:30,561.5,561.5,561.1,561.1,619,
2016-12-22 10:01:00+05:30,561.25,561.4,560.5,560.75,1654,
2016-12-22 10:02:00+05:30,560.75,560.75,560.5,560.55,1377,
2016-12-22 10:03:00+05:30,560.55,560.65,560.5,560.55,1140,
2016-12-22 10:04:00+05:30,560.55,560.9,560.5,560.8,1182,
2016-12-22 10:05:00+05:30,560.8,560.9,560.25,560.25,2731,
2016-12-22 10:06:00+05:30,560.25,560.55,560.2,560.35,738,
2016-12-22 10:07:00+05:30,560.35,560.85,560.35,560.55,1449,
2016-12-22 10:08:00+05:30,560.55,560.75,560.5,560.5,339,
2016-12-22 10:09:00+05:30,560.5,560.6,560,560.55,4745,
2016-12-22 10:10:00+05:30,560.55,560.6,560.5,560.55,1727,
2016-12-22 10:11:00+05:30,560.55,560.8,560.3,560.8,3578,
2016-12-22 10:12:00+05:30,560.8,560.9,560.65,560.75,661,
2016-12-22 10:13:00+05:30,560.75,560.75,560.5,560.55,2662,
2016-12-22 10:14:00+05:30,560.55,561.35,560.4,560.65,5948,
2016-12-22 10:15:00+05:30,560.65,561.05,560.65,561,438,
2016-12-22 10:16:00+05:30,561,561.05,560.5,560.5,1807,
2016-12-22 10:17:00+05:30,560.5,560.75,560.5,560.55,226,
2016-12-22 10:18:00+05:30,560.55,560.7,560.5,560.65,287,
2016-12-22 10:19:00+05:30,560.65,560.65,560.5,560.55,207,
2016-12-22 10:20:00+05:30,560.55,560.65,560.4,560.65,1481,
2016-12-22 10:21:00+05:30,560.65,560.65,560.5,560.55,388,
2016-12-22 10:22:00+05:30,560.55,560.75,560.55,560.7,296,
2016-12-22 10:23:00+05:30,560.7,561.4,560.7,561.1,1590,
2016-12-22 10:24:00+05:30,561.35,561.35,560.75,561.3,1244,
2016-12-22 10:25:00+05:30,561.3,561.3,560.65,560.65,1244,
2016-12-22 10:26:00+05:30,560.65,560.75,560.6,560.6,767,
2016-12-22 10:27:00+05:30,560.6,560.7,560,560,2630,
2016-12-22 10:28:00+05:30,560,560.95,560,560.9,5700,
2016-12-22 10:29:00+05:30,560.9,561.3,560.55,561,5288,
2016-12-22 10:30:00+05:30,561.55,561.55,560.95,561.2,1171,
2016-12-22 10:31:00+05:30,561.2,562,561.2,561.55,21562,
2016-12-22 10:32:00+05:30,561.55,561.55,560.95,561.05,82,
2016-12-22 10:33:00+05:30,561.05,561.05,560.95,561.05,237,
2016-12-22 10:34:00+05:30,561.05,561.3,560.9,560.9,1971,
2016-12-22 10:35:00+05:30,560.9,561.1,560.9,560.9,450,
2016-12-22 10:36:00+05:30,560.9,560.9,560.45,560.45,1943,
2016-12-22 10:37:00+05:30,560.7,560.7,560.4,560.4,838,
2016-12-22 10:38:00+05:30,560.4,560.55,560.4,560.4,514,
2016-12-22 10:39:00+05:30,560.4,560.55,560.4,560.55,762,
2016-12-22 10:40:00+05:30,560.55,560.55,560.3,560.5,570,
2016-12-22 10:41:00+05:30,560.5,560.5,560.4,560.5,134,
2016-12-22 10:42:00+05:30,560.5,560.8,560.4,560.8,1822,
2016-12-22 10:43:00+05:30,560.8,560.8,560.55,560.6,105,
2016-12-22 10:44:00+05:30,560.6,561,560.5,560.7,1765,
2016-12-22 10:45:00+05:30,560.7,561.55,560.7,560.75,300449,
2016-12-22 10:46:00+05:30,560.75,561.2,560.75,561.1,512,
2016-12-22 10:47:00+05:30,561.1,561.1,560.8,561,228,
2016-12-22 10:48:00+05:30,561,561,560.75,560.75,169,
2016-12-22 10:49:00+05:30,560.75,561,560.7,561,354,
2016-12-22 10:50:00+05:30,561,561,560.4,560.4,340,
2016-12-22 10:51:00+05:30,560.4,560.8,560.35,560.6,261,
2016-12-22 10:52:00+05:30,560.6,560.6,560.5,560.5,369,
2016-12-22 10:53:00+05:30,560.5,561,560.5,561,2014,
2016-12-22 10:54:00+05:30,561,561,560.95,560.95,245,
2016-12-22 10:55:00+05:30,560.95,561,560.95,560.95,789,
2016-12-22 10:56:00+05:30,560.95,561,560.95,561,293,
2016-12-22 10:57:00+05:30,561,561.1,561,561.1,323,
2016-12-22 10:58:00+05:30,561.1,561.1,560.95,560.95,182,
2016-12-22 10:59:00+05:30,560.95,561,560.95,560.95,353,
2016-12-22 11:00:00+05:30,561,561,560.95,561,884,
2016-12-22 11:01:00+05:30,561,561.2,561,561.2,183,
2016-12-22 11:02:00+05:30,561.2,561.2,560.8,561.05,900,
2016-12-22 11:03:00+05:30,561.05,561.15,561.05,561.15,203,
2016-12-22 11:04:00+05:30,561.15,561.2,560.95,560.95,382,
2016-12-22 11:05:00+05:30,560.95,561.15,560.95,560.95,237,
2016-12-22 11:06:00+05:30,560.95,561.25,560.95,561.25,527,
2016-12-22 11:07:00+05:30,561.2,561.2,560.95,561,235,
2016-12-22 11:08:00+05:30,561,561.05,560.95,561,326,
2016-12-22 11:09:00+05:30,561,561,560.95,560.95,396,
2016-12-22 11:10:00+05:30,560.95,561.1,560.95,560.95,875,
2016-12-22 11:11:00+05:30,560.95,561,560.8,561,701,
2016-12-22 11:12:00+05:30,561,561.4,560.95,560.95,1057,
2016-12-22 11:13:00+05:30,560.95,561.45,560.95,561.35,522,
2016-12-22 11:14:00+05:30,561.35,561.55,561.1,561.5,529,
2016-12-22 11:15:00+05:30,561.5,561.5,561.1,561.1,138,
2016-12-22 11:16:00+05:30,561.1,561.4,561.05,561.05,259,
2016-12-22 11:17:00+05:30,561.05,561.15,560.95,560.95,1617,
2016-12-22 11:18:00+05:30,560.95,560.95,560.95,560.95,138,
2016-12-22 11:19:00+05:30,560.95,560.95,560.95,560.95,311,
2016-12-22 11:20:00+05:30,560.95,561,560.95,560.95,385,
2016-12-22 11:21:00+05:30,560.95,560.95,560.95,560.95,457,
2016-12-22 11:22:00+05:30,560.95,561,560.95,560.95,362,
2016-12-22 11:23:00+05:30,560.95,561.65,560.95,561.6,2286,
2016-12-22 11:24:00+05:30,561.65,561.65,561,561,2102,
2016-12-22 11:25:00+05:30,561,561.4,560.75,561,1995,
2016-12-22 11:26:00+05:30,561,561,560.95,560.95,179,
2016-12-22 11:27:00+05:30,560.95,560.95,560.95,560.95,546,
2016-12-22 11:28:00+05:30,560.95,561.25,560.95,561.25,981,
2016-12-22 11:29:00+05:30,561.25,561.25,560.95,561.15,611,
2016-12-22 11:30:00+05:30,561.15,561.15,560.95,560.95,280,
2016-12-22 11:31:00+05:30,560.95,561.1,560.9,560.95,1545,
2016-12-22 11:32:00+05:30,560.95,560.95,560.85,560.85,427,
2016-12-22 11:33:00+05:30,560.85,560.95,560.45,560.45,382,
2016-12-22 11:34:00+05:30,560.45,560.45,560.35,560.4,151,
2016-12-22 11:35:00+05:30,560.35,560.35,560.1,560.1,499,
2016-12-22 11:36:00+05:30,560.1,561,560,561,10340,
2016-12-22 11:37:00+05:30,561,561.4,560.95,561.05,211,
2016-12-22 11:38:00+05:30,561.25,561.25,561,561.05,162,
2016-12-22 11:39:00+05:30,561,561.05,561,561,759,
2016-12-22 11:40:00+05:30,561,561,560.95,560.95,1342,
2016-12-22 11:41:00+05:30,560.95,561,560.95,560.95,830,
2016-12-22 11:42:00+05:30,560.95,561,560.95,560.95,478,
2016-12-22 11:43:00+05:30,560.95,561.2,560.95,560.95,653,
2016-12-22 11:44:00+05:30,560.95,561.2,560.95,561,998,
2016-12-22 11:45:00+05:30,561,561.2,560.95,561.15,482,
2016-12-22 11:46:00+05:30,561.1,561.1,560.95,561.05,272,
2016-12-22 11:47:00+05:30,561.05,561.05,560.95,560.95,736,
2016-12-22 11:48:00+05:30,560.95,561.2,560.95,560.95,957,
2016-12-22 11:49:00+05:30,560.95,561.2,560.95,561.15,500,
2016-12-22 11:50:00+05:30,561.15,561.2,560.95,560.95,539,
2016-12-22 11:51:00+05:30,560.95,561.05,560.95,561,955,
2016-12-22 11:52:00+05:30,561,561.15,560.95,560.95,677,
2016-12-22 11:53:00+05:30,560.95,561.15,560.95,561.1,501608,
2016-12-22 11:54:00+05:30,561.1,561.1,561,561.05,1140,
2016-12-22 11:55:00+05:30,561.05,561.3,561,561.05,945,
2016-12-22 11:56:00+05:30,561.05,561.3,561.05,561.2,562,
2016-12-22 11:57:00+05:30,561.2,561.45,561.2,561.45,917,
2016-12-22 11:58:00+05:30,561.25,561.25,561,561,1732,
2016-12-22 11:59:00+05:30,561,561.45,560.95,560.95,572,
2016-12-22 12:00:00+05:30,560.95,561.25,560.95,561,187,
2016-12-22 12:01:00+05:30,561,561.2,560.95,560.95,879,
2016-12-22 12:02:00+05:30,560.95,561.15,560.95,561,349,
2016-12-22 12:03:00+05:30,561,561.25,560.95,561.2,654,
2016-12-22 12:04:00+05:30,561.2,561.2,560.95,561,328,
2016-12-22 12:05:00+05:30,561,561,561,561,293,
2016-12-22 12:06:00+05:30,561,561,560.95,560.95,385,
2016-12-22 12:07:00+05:30,561,561.1,560.95,561,530,
2016-12-22 12:08:00+05:30,560.95,561,560.9,561,1730,
2016-12-22 12:09:00+05:30,560.95,561,560.75,560.9,188,
2016-12-22 12:10:00+05:30,560.6,560.95,560.6,560.9,332,
2016-12-22 12:11:00+05:30,560.85,561,560.85,561,394,
2016-12-22 12:12:00+05:30,561,561.05,560.95,561,210,
2016-12-22 12:13:00+05:30,561,561.05,561,561,316,
2016-12-22 12:14:00+05:30,560.65,561,560.65,560.8,283,
2016-12-22 12:15:00+05:30,560.8,560.9,560.8,560.85,464,
2016-12-22 12:16:00+05:30,560.9,560.9,560.85,560.85,218,
2016-12-22 12:17:00+05:30,560.85,560.9,560.55,560.65,267,
2016-12-22 12:18:00+05:30,560.65,560.8,560.5,560.8,473,
2016-12-22 12:19:00+05:30,560.75,560.8,560.5,560.75,557,
2016-12-22 12:20:00+05:30,560.5,560.8,560.5,560.8,631,
2016-12-22 12:21:00+05:30,560.75,560.85,560.75,560.85,193,
2016-12-22 12:22:00+05:30,560.7,560.85,560.7,560.8,516,
2016-12-22 12:23:00+05:30,560.55,561,560.55,560.9,432,
2016-12-22 12:24:00+05:30,560.9,561,560.7,561,550,
2016-12-22 12:25:00+05:30,561,561.05,560.7,561,333,
2016-12-22 12:26:00+05:30,561,561,560.65,561,334,
2016-12-22 12:27:00+05:30,561,561,560.85,560.9,679,
2016-12-22 12:28:00+05:30,560.6,560.95,560.6,560.9,533,
2016-12-22 12:29:00+05:30,560.65,560.9,560.6,560.8,601,
2016-12-22 12:30:00+05:30,560.8,560.85,560.6,560.6,424,
2016-12-22 12:31:00+05:30,560.6,560.8,560.55,560.75,442,
2016-12-22 12:32:00+05:30,560.75,560.95,560.5,560.75,414,
2016-12-22 12:33:00+05:30,560.5,560.8,560.5,560.75,389,
2016-12-22 12:34:00+05:30,560.55,560.8,560.5,560.75,612,
2016-12-22 12:35:00+05:30,560.6,560.7,560.6,560.65,711,
2016-12-22 12:36:00+05:30,560.6,560.7,560.5,560.6,880,
2016-12-22 12:37:00+05:30,560.65,560.7,560.65,560.7,423,
2016-12-22 12:38:00+05:30,560.7,560.75,560.4,560.7,856,
2016-12-22 12:39:00+05:30,560.7,561,560.4,561,3483,
2016-12-22 12:40:00+05:30,560.95,561,560.95,560.95,856,
2016-12-22 12:41:00+05:30,560.95,561,560.95,561,418,
2016-12-22 12:42:00+05:30,560.95,561,560.95,561,723,
2016-12-22 12:43:00+05:30,561,561.25,560.95,560.95,200907,
2016-12-22 12:44:00+05:30,560.95,561.15,560.95,561.15,416,
2016-12-22 12:45:00+05:30,560.95,561.05,560.95,561,273,
2016-12-22 12:46:00+05:30,561,561.05,560.95,560.95,602,
2016-12-22 12:47:00+05:30,560.95,561.4,560.95,560.95,1349,
2016-12-22 12:48:00+05:30,560.95,561.15,560.9,561.15,859,
2016-12-22 12:49:00+05:30,561.05,561.2,561.05,561.15,330,
2016-12-22 12:50:00+05:30,561.15,561.25,561.1,561.25,360,
2016-12-22 12:51:00+05:30,561,561.3,561,561,215,
2016-12-22 12:52:00+05:30,561,561.3,561,561.2,372,
2016-12-22 12:53:00+05:30,561,561.2,561,561.2,95,
2016-12-22 12:54:00+05:30,561,561.05,561,561,178,
2016-12-22 12:55:00+05:30,561,561,561,561,306,
2016-12-22 12:56:00+05:30,561,561.05,561,561,316,
2016-12-22 12:57:00+05:30,561,561.05,561,561,717,
2016-12-22 12:58:00+05:30,561,561.1,561,561,254,
2016-12-22 12:59:00+05:30,561,561,561,561,378,
2016-12-22 13:00:00+05:30,561,561,561,561,393,
2016-12-22 13:01:00+05:30,561,561.2,561,561.05,616,
2016-12-22 13:02:00+05:30,561,561.15,561,561,188,
2016-12-22 13:03:00+05:30,561,561.05,561,561,183,
2016-12-22 13:04:00+05:30,561,561.3,561,561.05,482,
2016-12-22 13:05:00+05:30,561,561.2,561,561,180,
2016-12-22 13:06:00+05:30,561,561.15,561,561.05,480,
2016-12-22 13:07:00+05:30,561,561.05,561,561.05,626,
2016-12-22 13:08:00+05:30,561,561.45,561,561,749,
2016-12-22 13:09:00+05:30,561,561.25,561,561.25,197,
2016-12-22 13:10:00+05:30,561,561.25,561,561.25,384,
2016-12-22 13:11:00+05:30,561.2,561.2,561.05,561.05,1009,
2016-12-22 13:12:00+05:30,561,561.15,561,561.15,148,
2016-12-22 13:13:00+05:30,561.05,561.15,561,561.15,379,
2016-12-22 13:14:00+05:30,561,561.25,561,561.25,238,
2016-12-22 13:15:00+05:30,561,561.15,561,561.15,1108,
2016-12-22 13:16:00+05:30,561.15,561.2,561,561,1363,
2016-12-22 13:17:00+05:30,561,561.1,561,561.1,154,
2016-12-22 13:18:00+05:30,561,561.15,561,561,1314,
2016-12-22 13:19:00+05:30,561,561.05,560.5,560.65,1052,
2016-12-22 13:20:00+05:30,560.65,561,560.3,560.85,2471,
2016-12-22 13:21:00+05:30,560.85,561.4,560.85,561.4,1808,
2016-12-22 13:22:00+05:30,561.45,561.45,561.3,561.45,1904,
2016-12-22 13:23:00+05:30,561.45,561.45,560.95,561.2,1594,
2016-12-22 13:24:00+05:30,560.95,561.45,560.95,561,1871,
2016-12-22 13:25:00+05:30,560.95,561.2,560.95,561.2,272895,
2016-12-22 13:26:00+05:30,561,561.35,560.95,560.95,2582,
2016-12-22 13:27:00+05:30,560.95,561,560.6,560.95,2095,
2016-12-22 13:28:00+05:30,560.95,561,560.95,560.95,213,
2016-12-22 13:29:00+05:30,560.95,561.15,560.95,560.95,1006,
2016-12-22 13:30:00+05:30,561,561.15,560.85,560.85,907,
2016-12-22 13:31:00+05:30,560.85,560.9,560.55,560.75,660,
2016-12-22 13:32:00+05:30,560.45,560.5,560.2,560.3,305,
2016-12-22 13:33:00+05:30,560.25,560.25,560.1,560.1,860,
2016-12-22 13:34:00+05:30,560.1,560.25,560,560.2,1351,
2016-12-22 13:35:00+05:30,560.1,560.1,560,560,330,
2016-12-22 13:36:00+05:30,560,560.7,560,560.4,2545,
2016-12-22 13:37:00+05:30,560.4,560.4,560.1,560.1,455,
2016-12-22 13:38:00+05:30,560,560.15,560,560,769,
2016-12-22 13:39:00+05:30,560,560.5,560,560.1,3095,
2016-12-22 13:40:00+05:30,560,560.05,560,560.05,889,
2016-12-22 13:41:00+05:30,560.05,560.25,560.05,560.15,465,
2016-12-22 13:42:00+05:30,560.15,560.25,560.15,560.15,325,
2016-12-22 13:43:00+05:30,560.15,560.35,560.15,560.3,1213,
2016-12-22 13:44:00+05:30,560.3,560.6,560.3,560.5,685,
2016-12-22 13:45:00+05:30,560.45,560.7,560.45,560.7,382,
2016-12-22 13:46:00+05:30,560.65,561.5,560.65,561,5821,
2016-12-22 13:47:00+05:30,561,561.45,560.8,561.3,1019,
2016-12-22 13:48:00+05:30,561,561.4,561,561.3,329,
2016-12-22 13:49:00+05:30,561.1,561.45,561.1,561.1,762,
2016-12-22 13:50:00+05:30,561.4,561.4,561.1,561.15,346,
2016-12-22 13:51:00+05:30,561.1,561.2,561.1,561.15,386,
2016-12-22 13:52:00+05:30,561.2,561.25,561.1,561.25,484,
2016-12-22 13:53:00+05:30,561.3,561.35,561,561.1,680,
2016-12-22 13:54:00+05:30,561,561.3,561,561.3,849,
2016-12-22 13:55:00+05:30,561.25,561.45,561.25,561.45,1102,
2016-12-22 13:56:00+05:30,561.35,561.45,560.9,560.9,1227,
2016-12-22 13:57:00+05:30,560.9,561.2,560.9,561.15,400,
2016-12-22 13:58:00+05:30,561,561.25,561,561,303,
2016-12-22 13:59:00+05:30,561.1,561.25,561.1,561.25,711,
2016-12-22 14:00:00+05:30,561,561.2,561,561,444,
2016-12-22 14:01:00+05:30,561.3,561.3,561,561.25,698,
2016-12-22 14:02:00+05:30,561.3,561.3,560.8,560.85,830,
2016-12-22 14:03:00+05:30,561.35,561.35,560.75,561.2,1123,
2016-12-22 14:04:00+05:30,561.25,561.4,561.05,561.05,696,
2016-12-22 14:05:00+05:30,561.05,561.4,561,561,1202,
2016-12-22 14:06:00+05:30,561,561.35,561,561.15,942,
2016-12-22 14:07:00+05:30,561.3,561.4,561.15,561.35,327,
2016-12-22 14:08:00+05:30,561.15,561.4,561,561.15,606,
2016-12-22 14:09:00+05:30,561.2,561.3,561.2,561.3,698,
2016-12-22 14:10:00+05:30,561.25,561.4,561.25,561.25,683,
2016-12-22 14:11:00+05:30,561.25,561.45,561.05,561.35,499,
2016-12-22 14:12:00+05:30,561,561.4,561,561.05,302,
2016-12-22 14:13:00+05:30,561.15,561.25,561,561,624,
2016-12-22 14:14:00+05:30,560.85,561,560.8,560.85,780,
2016-12-22 14:15:00+05:30,560.8,561.35,560.8,560.85,375,
2016-12-22 14:16:00+05:30,560.85,561.3,560.85,561.05,544,
2016-12-22 14:17:00+05:30,561.05,561.05,560.95,560.95,263,
2016-12-22 14:18:00+05:30,561,561.4,560.8,560.9,1194,
2016-12-22 14:19:00+05:30,561.25,561.25,560.6,561.15,1105,
2016-12-22 14:20:00+05:30,561.15,561.15,560.7,560.8,533,
2016-12-22 14:21:00+05:30,560.85,561.1,560.6,560.6,601,
2016-12-22 14:22:00+05:30,560.65,561,560.65,561,1460,
2016-12-22 14:23:00+05:30,561.05,561.6,561.05,561.6,6971,
2016-12-22 14:24:00+05:30,561.6,562.65,561.6,562.65,41969,
2016-12-22 14:25:00+05:30,562.4,563.4,562.4,562.75,3900,
2016-12-22 14:26:00+05:30,563,563,561.8,561.8,1402,
2016-12-22 14:27:00+05:30,562.15,562.4,561.75,561.75,710,
2016-12-22 14:28:00+05:30,561.8,562.1,561.05,561.6,1004,
2016-12-22 14:29:00+05:30,561.2,561.3,561,561,1165,
2016-12-22 14:30:00+05:30,561,561.4,560.9,561.4,1537,
2016-12-22 14:31:00+05:30,561.5,561.5,561.25,561.4,446,
2016-12-22 14:32:00+05:30,561.4,561.4,560.95,561,1702,
2016-12-22 14:33:00+05:30,561,561.45,561,561.4,904,
2016-12-22 14:34:00+05:30,561.4,561.5,561,561,892,
2016-12-22 14:35:00+05:30,561.35,561.5,561.05,561.2,434,
2016-12-22 14:36:00+05:30,561,561.5,560.85,561,698,
2016-12-22 14:37:00+05:30,560.85,561.35,560.85,561.25,443,
2016-12-22 14:38:00+05:30,561.4,561.4,561,561,433,
2016-12-22 14:39:00+05:30,561.15,561.5,561.1,561.4,3755,
2016-12-22 14:40:00+05:30,561.35,561.5,560.8,560.9,637,
2016-12-22 14:41:00+05:30,560.9,561.35,560.9,561.2,584,
2016-12-22 14:42:00+05:30,561.15,561.45,561.05,561.1,457,
2016-12-22 14:43:00+05:30,561,561.25,561,561,566,
2016-12-22 14:44:00+05:30,561,561.3,561,561,495,
2016-12-22 14:45:00+05:30,560.95,561.15,560.65,560.75,1020,
2016-12-22 14:46:00+05:30,560.75,561.15,560.75,561,851,
2016-12-22 14:47:00+05:30,560.95,561.3,560.8,560.8,986,
2016-12-22 14:48:00+05:30,561.2,561.2,560.8,560.85,1048,
2016-12-22 14:49:00+05:30,560.8,560.85,560.5,560.55,2541,
2016-12-22 14:50:00+05:30,560.8,560.95,560.4,560.4,927,
2016-12-22 14:51:00+05:30,560.8,560.95,560.45,560.75,1261,
2016-12-22 14:52:00+05:30,560.5,560.8,560.5,560.5,415,
2016-12-22 14:53:00+05:30,560.6,560.7,560.4,560.6,710,
2016-12-22 14:54:00+05:30,560.4,560.65,560.4,560.65,1004,
2016-12-22 14:55:00+05:30,560.75,560.75,560.45,560.7,518,
2016-12-22 14:56:00+05:30,560.45,560.8,560.3,560.3,2464,
2016-12-22 14:57:00+05:30,560.35,561.15,560.35,561.15,7524,
2016-12-22 14:58:00+05:30,561.05,561.2,561,561,692,
2016-12-22 14:59:00+05:30,561,561.25,561,561.1,1509,
2016-12-22 15:00:00+05:30,561.1,561.15,561.1,561.1,2361,
2016-12-22 15:01:00+05:30,561,561.05,561,561.05,1959,
2016-12-22 15:02:00+05:30,561,561.05,561,561,5600,
2016-12-22 15:03:00+05:30,561,561.05,561,561,4582,
2016-12-22 15:04:00+05:30,561,561.05,561,561.05,2692,
2016-12-22 15:05:00+05:30,561,562.35,561,561.45,80658,
2016-12-22 15:06:00+05:30,561.25,561.25,561.05,561.2,1636,
2016-12-22 15:07:00+05:30,561.05,561.2,561,561.05,1645,
2016-12-22 15:08:00+05:30,561.05,561.2,561,561,2182,
2016-12-22 15:09:00+05:30,561,561.45,561,561.05,4033,
2016-12-22 15:10:00+05:30,561.05,561.25,561.05,561.05,1770,
2016-12-22 15:11:00+05:30,561.05,561.15,561,561.05,2697,
2016-12-22 15:12:00+05:30,561.05,561.1,561,561,2902,
2016-12-22 15:13:00+05:30,561,561.05,561,561,2504,
2016-12-22 15:14:00+05:30,561,561.15,561,561.05,2417,
2016-12-22 15:15:00+05:30,561.05,561.2,560.55,560.55,4812,
2016-12-22 15:16:00+05:30,560.9,560.95,560.25,560.6,5123,
2016-12-22 15:17:00+05:30,560.6,561,560.6,561,3150,
2016-12-22 15:18:00+05:30,560.8,560.95,560.35,560.35,3922,
2016-12-22 15:19:00+05:30,560.4,561.1,560.4,561,5305,
2016-12-22 15:20:00+05:30,561.05,561.15,560.65,560.7,5711,
2016-12-22 15:21:00+05:30,561,561.05,561,561,4127,
2016-12-22 15:22:00+05:30,561.05,561.1,561,561,3478,
2016-12-22 15:23:00+05:30,561,561.05,561,561,3430,
2016-12-22 15:24:00+05:30,561,561,561,561,4011,
2016-12-22 15:25:00+05:30,561.1,561.5,561,561.35,9990,
2016-12-22 15:26:00+05:30,561.45,561.45,561,561,6497,
2016-12-22 15:27:00+05:30,561,561.5,561,561.5,3809,
2016-12-22 15:28:00+05:30,561.6,562.25,561.25,561.55,2824,
2016-12-22 15:29:00+05:30,561.55,563,561.4,562,1047,
2016-12-23 09:15:00+05:30,561.4,563.3,561.4,562.4,1938,
2016-12-23 09:16:00+05:30,562.4,562.7,562.4,562.7,990,
2016-12-23 09:17:00+05:30,562.4,562.55,562.05,562.15,1381,
2016-12-23 09:18:00+05:30,562.15,562.15,560.9,561,1765,
2016-12-23 09:19:00+05:30,561,561,560.5,560.5,1218,
2016-12-23 09:20:00+05:30,560.5,560.65,559.05,559.3,10232,
2016-12-23 09:21:00+05:30,559.55,559.55,556.75,556.8,5429,
2016-12-23 09:22:00+05:30,556.05,556.05,555.1,555.1,8864,
2016-12-23 09:23:00+05:30,555.1,556.2,555.1,556,3092,
2016-12-23 09:24:00+05:30,555.55,555.7,554.05,554.1,16498,
2016-12-23 09:25:00+05:30,554.1,554.85,553.45,554,18607,
2016-12-23 09:26:00+05:30,553.95,554.8,553.55,554.45,6157,
2016-12-23 09:27:00+05:30,554.45,554.9,554.25,554.35,5082,
2016-12-23 09:28:00+05:30,554.35,554.7,554.1,554.7,4172,
2016-12-23 09:29:00+05:30,554.7,554.8,554.05,554.8,2110,
2016-12-23 09:30:00+05:30,554.5,554.8,553,553.7,8127,
2016-12-23 09:31:00+05:30,553.7,553.95,553,553.5,3710,
2016-12-23 09:32:00+05:30,553.7,553.7,553.5,553.65,2006,
2016-12-23 09:33:00+05:30,553.65,553.8,553.3,553.7,4342,
2016-12-23 09:34:00+05:30,553.7,553.8,553.25,553.25,2990,
2016-12-23 09:35:00+05:30,553.7,553.7,553,553.4,3097,
2016-12-23 09:36:00+05:30,553.4,553.5,553,553,3525,
2016-12-23 09:37:00+05:30,553,553.35,552.75,553.35,7686,
2016-12-23 09:38:00+05:30,553.05,553.45,552.45,553.2,1945,
2016-12-23 09:39:00+05:30,553.2,554,553.15,554,7372,
2016-12-23 09:40:00+05:30,554,554.4,554,554.4,4141,
2016-12-23 09:41:00+05:30,554.4,554.5,553.7,554.35,23613,
2016-12-23 09:42:00+05:30,554.35,554.35,554,554,11103,
2016-12-23 09:43:00+05:30,554,554.1,554,554.1,4123,
2016-12-23 09:44:00+05:30,554.1,554.1,554,554,3627,
2016-12-23 09:45:00+05:30,554,554.05,554,554.05,3683,
2016-12-23 09:46:00+05:30,554.05,554.2,554,554,1957,
2016-12-23 09:47:00+05:30,554,554.15,554,554.1,2571,
2016-12-23 09:48:00+05:30,554.05,554.4,554,554.4,3127,
2016-12-23 09:49:00+05:30,554.4,554.8,554.4,554.5,4120,
2016-12-23 09:50:00+05:30,554.5,554.7,554.25,554.7,2286,
2016-12-23 09:51:00+05:30,554.5,554.55,554.5,554.55,776,
2016-12-23 09:52:00+05:30,554.55,554.55,554.4,554.5,2880,
2016-12-23 09:53:00+05:30,554.5,554.65,554.25,554.65,2077,
2016-12-23 09:54:00+05:30,554.8,555.7,554.8,555.7,6522,
2016-12-23 09:55:00+05:30,555.7,556.35,555.05,555.4,4273,
2016-12-23 09:56:00+05:30,555.4,555.5,554.5,554.5,2379,
2016-12-23 09:57:00+05:30,554.5,554.85,554.5,554.5,1990,
2016-12-23 09:58:00+05:30,554.5,554.55,554.05,554.4,1745,
2016-12-23 09:59:00+05:30,554.25,554.4,554,554.2,190,
2016-12-23 10:00:00+05:30,554.2,554.3,553.7,553.75,1135,
2016-12-23 10:01:00+05:30,553.75,554.5,553.25,554.15,2665,
2016-12-23 10:02:00+05:30,553.65,554.25,553.65,554.25,1352,
2016-12-23 10:03:00+05:30,554.25,555.05,554.15,555.05,1568,
2016-12-23 10:04:00+05:30,555.05,555.05,554.5,554.5,509,
2016-12-23 10:05:00+05:30,554.5,554.7,554.45,554.5,555,
2016-12-23 10:06:00+05:30,554.55,554.55,554.4,554.4,296,
2016-12-23 10:07:00+05:30,554.4,554.4,554,554,676,
2016-12-23 10:08:00+05:30,554.05,554.1,553.95,553.95,596,
2016-12-23 10:09:00+05:30,554,554,553.55,553.6,1014,
2016-12-23 10:10:00+05:30,553.6,553.65,553.5,553.5,1334,
2016-12-23 10:11:00+05:30,553.5,553.9,553.15,553.7,2118,
2016-12-23 10:12:00+05:30,553.7,554.05,553.55,553.55,355,
2016-12-23 10:13:00+05:30,553.55,553.85,553.5,553.5,1616,
2016-12-23 10:14:00+05:30,553.5,553.9,553.2,553.9,1468,
2016-12-23 10:15:00+05:30,553.9,553.9,553.35,553.65,476,
2016-12-23 10:16:00+05:30,553.65,553.65,553.35,553.45,841,
2016-12-23 10:17:00+05:30,553.45,553.5,553.1,553.3,197,
2016-12-23 10:18:00+05:30,553.3,553.35,553.05,553.05,139,
2016-12-23 10:19:00+05:30,553.05,553.45,553,553.45,934,
2016-12-23 10:20:00+05:30,553.45,553.5,553.05,553.35,326,
2016-12-23 10:21:00+05:30,553.2,553.4,553.2,553.35,664,
2016-12-23 10:22:00+05:30,553.35,553.45,553.3,553.35,256,
2016-12-23 10:23:00+05:30,553.35,553.35,553.3,553.3,206,
2016-12-23 10:24:00+05:30,553.3,553.35,553,553,1024,
2016-12-23 10:25:00+05:30,553.1,553.7,553.1,553.7,567,
2016-12-23 10:26:00+05:30,553.35,554.3,553.35,554.3,2005,
2016-12-23 10:27:00+05:30,554.3,554.35,554.15,554.15,804,
2016-12-23 10:28:00+05:30,554.15,554.15,553.95,553.95,302,
2016-12-23 10:29:00+05:30,553.8,553.9,553.8,553.9,276,
2016-12-23 10:30:00+05:30,553.9,553.9,553.8,553.85,156,
2016-12-23 10:31:00+05:30,553.85,553.85,553.8,553.85,133,
2016-12-23 10:32:00+05:30,553.85,553.9,553.55,553.8,560,
2016-12-23 10:33:00+05:30,553.8,554,553.8,553.85,467,
2016-12-23 10:34:00+05:30,553.7,553.9,553.7,553.8,357,
2016-12-23 10:35:00+05:30,553.8,553.85,553.7,553.8,291,
2016-12-23 10:36:00+05:30,553.85,554,553.8,553.9,282,
2016-12-23 10:37:00+05:30,553.85,554.2,553.8,554,1124,
2016-12-23 10:38:00+05:30,554,554.3,553.75,554.1,954,
2016-12-23 10:39:00+05:30,554.1,554.1,554,554.05,131,
2016-12-23 10:40:00+05:30,554.05,554.1,554,554.05,1538,
2016-12-23 10:41:00+05:30,554.05,554.05,554,554,243,
2016-12-23 10:42:00+05:30,554,554.05,554,554,579,
2016-12-23 10:43:00+05:30,554,554.1,554,554,479,
2016-12-23 10:44:00+05:30,554,554.2,554,554.05,161,
2016-12-23 10:45:00+05:30,554.05,554.1,554,554,289,
2016-12-23 10:46:00+05:30,554,554.2,554,554,231,
2016-12-23 10:47:00+05:30,554,554.05,554,554,323,
2016-12-23 10:48:00+05:30,554,554,554,554,336,
2016-12-23 10:49:00+05:30,554,554.05,554,554,745,
2016-12-23 10:50:00+05:30,554,554.4,554,554,649,
2016-12-23 10:51:00+05:30,554,554.9,554,554.85,1134,
2016-12-23 10:52:00+05:30,554.85,555,554.75,554.8,622,
2016-12-23 10:53:00+05:30,554.8,554.8,554.5,554.5,847,
2016-12-23 10:54:00+05:30,554.5,554.7,554.3,554.55,934,
2016-12-23 10:55:00+05:30,554.55,554.8,554.55,554.55,360,
2016-12-23 10:56:00+05:30,554.55,554.65,554.3,554.65,524,
2016-12-23 10:57:00+05:30,554.65,554.7,554.5,554.5,364,
2016-12-23 10:58:00+05:30,554.5,554.6,554.5,554.55,3491,
2016-12-23 10:59:00+05:30,554.55,554.7,554.5,554.65,709,
2016-12-23 11:00:00+05:30,554.9,555.15,554.9,555.15,1537,
2016-12-23 11:01:00+05:30,555.15,555.75,555.15,555.65,1382,
2016-12-23 11:02:00+05:30,555.65,555.65,555.25,555.25,426,
2016-12-23 11:03:00+05:30,555.25,555.6,555,555.6,959,
2016-12-23 11:04:00+05:30,555.6,555.6,555,555.35,960,
2016-12-23 11:05:00+05:30,555.35,555.4,555.1,555.1,187,
2016-12-23 11:06:00+05:30,555.1,555.2,555,555,906,
2016-12-23 11:07:00+05:30,555,555.35,555,555.1,341,
2016-12-23 11:08:00+05:30,555.05,555.05,555,555.05,817,
2016-12-23 11:09:00+05:30,555.05,555.05,554.65,554.9,1892,
2016-12-23 11:10:00+05:30,554.5,554.8,554.5,554.55,212,
2016-12-23 11:11:00+05:30,554.55,554.8,553.05,553.05,30649,
2016-12-23 11:12:00+05:30,553,553,552.05,552.95,21288,
2016-12-23 11:13:00+05:30,552.95,557,552.9,554.5,24654,
2016-12-23 11:14:00+05:30,554.4,554.9,554.4,554.9,549,
2016-12-23 11:15:00+05:30,554.9,555,554.45,554.7,747,
2016-12-23 11:16:00+05:30,554.7,554.9,554.45,554.45,455,
2016-12-23 11:17:00+05:30,554.45,554.95,554.45,554.95,337,
2016-12-23 11:18:00+05:30,554.95,555,554.65,555,418,
2016-12-23 11:19:00+05:30,555,555.25,554.8,555.25,541,
2016-12-23 11:20:00+05:30,555.25,555.25,554.7,554.7,179,
2016-12-23 11:21:00+05:30,554.8,554.95,554.8,554.9,149,
2016-12-23 11:22:00+05:30,554.9,554.95,554.7,554.95,453,
2016-12-23 11:23:00+05:30,554.95,554.95,554.7,554.9,231,
2016-12-23 11:24:00+05:30,554.9,555,554.7,554.95,294,
2016-12-23 11:25:00+05:30,554.95,555.05,554.85,554.85,738,
2016-12-23 11:26:00+05:30,554.85,555,554.65,554.95,447,
2016-12-23 11:27:00+05:30,554.95,555.1,554.65,555.1,356,
2016-12-23 11:28:00+05:30,555.1,555.35,554.65,555,2172,
2016-12-23 11:29:00+05:30,555,555.1,555,555.1,184,
2016-12-23 11:30:00+05:30,555.1,555.2,554.75,555.2,416,
2016-12-23 11:31:00+05:30,555.15,555.2,555.15,555.15,231,
2016-12-23 11:32:00+05:30,555.15,555.2,555.1,555.1,234,
2016-12-23 11:33:00+05:30,555.1,555.2,555.1,555.2,313,
2016-12-23 11:34:00+05:30,555.2,555.35,555.1,555.35,778,
2016-12-23 11:35:00+05:30,555.35,555.6,555.25,555.55,1856,
2016-12-23 11:36:00+05:30,555.4,555.85,555.3,555.85,3760,
2016-12-23 11:37:00+05:30,555.45,556.5,555.45,556,3047,
2016-12-23 11:38:00+05:30,556,557.75,556,557.75,14499,
2016-12-23 11:39:00+05:30,557.75,558.9,557.6,558.85,37766,
2016-12-23 11:40:00+05:30,558.9,559,557.5,558,9161,
2016-12-23 11:41:00+05:30,558,558.1,557.45,557.95,1906,
2016-12-23 11:42:00+05:30,557.95,557.95,557.2,557.4,723,
2016-12-23 11:43:00+05:30,557.4,558.05,557.4,558.05,1174,
2016-12-23 11:44:00+05:30,558.05,558.15,558,558,3474,
2016-12-23 11:45:00+05:30,558,558.2,557.95,558.15,1898,
2016-12-23 11:46:00+05:30,558.35,558.55,558.35,558.55,202,
2016-12-23 11:47:00+05:30,558.55,558.55,557.75,558,2593,
2016-12-23 11:48:00+05:30,558,558.05,558,558,3076,
2016-12-23 11:49:00+05:30,558,558.1,558,558,2550,
2016-12-23 11:50:00+05:30,558,558.55,558,558.25,1919,
2016-12-23 11:51:00+05:30,558.25,558.25,558.05,558.25,572,
2016-12-23 11:52:00+05:30,558.25,558.4,558.05,558.05,854,
2016-12-23 11:53:00+05:30,558.05,558.2,558,558.05,450,
2016-12-23 11:54:00+05:30,558.05,558.05,558,558,780,
2016-12-23 11:55:00+05:30,558,558,558,558,1475,
2016-12-23 11:56:00+05:30,558,558,557.8,557.8,2044,
2016-12-23 11:57:00+05:30,557.8,557.95,557.8,557.8,1403,
2016-12-23 11:58:00+05:30,557.8,557.8,557.65,557.65,297,
2016-12-23 11:59:00+05:30,557.7,557.75,557.45,557.65,1275,
2016-12-23 12:00:00+05:30,557.65,557.75,557.55,557.75,651,
2016-12-23 12:01:00+05:30,557.7,557.7,557.3,557.3,612,
2016-12-23 12:02:00+05:30,557.3,558,557.3,557.85,913,
2016-12-23 12:03:00+05:30,557.8,557.8,557.3,557.3,833,
2016-12-23 12:04:00+05:30,557.35,557.8,557.35,557.45,560,
2016-12-23 12:05:00+05:30,557.45,557.75,557.35,557.55,215,
2016-12-23 12:06:00+05:30,557.55,557.65,557.3,557.3,267,
2016-12-23 12:07:00+05:30,557.3,557.65,557.3,557.45,329,
2016-12-23 12:08:00+05:30,557.45,558,557.45,557.45,1490,
2016-12-23 12:09:00+05:30,557.45,557.95,557.4,557.6,1071,
2016-12-23 12:10:00+05:30,557.6,557.8,557.3,557.65,432,
2016-12-23 12:11:00+05:30,557.65,557.7,557.45,557.7,2050,
2016-12-23 12:12:00+05:30,557.7,557.75,557.7,557.7,1384,
2016-12-23 12:13:00+05:30,557.7,557.8,557.65,557.65,12213,
2016-12-23 12:14:00+05:30,557.65,557.75,557.45,557.5,1334,
2016-12-23 12:15:00+05:30,557.5,557.5,557.3,557.35,1116,
2016-12-23 12:16:00+05:30,557.35,557.55,557.3,557.5,1383,
2016-12-23 12:17:00+05:30,557.5,557.55,557.3,557.4,479,
2016-12-23 12:18:00+05:30,557.4,557.6,557.3,557.55,1198,
2016-12-23 12:19:00+05:30,557.55,557.55,557.45,557.45,385,
2016-12-23 12:20:00+05:30,557.45,557.65,557.3,557.3,592,
2016-12-23 12:21:00+05:30,557.6,557.9,557.4,557.6,553,
2016-12-23 12:22:00+05:30,557.6,557.65,557.6,557.6,923,
2016-12-23 12:23:00+05:30,557.7,557.75,557.6,557.75,767,
2016-12-23 12:24:00+05:30,557.75,557.95,557.6,557.6,1080,
2016-12-23 12:25:00+05:30,557.6,557.7,557.6,557.6,456,
2016-12-23 12:26:00+05:30,557.6,557.8,557.6,557.6,701,
2016-12-23 12:27:00+05:30,557.6,557.7,557.6,557.6,644,
2016-12-23 12:28:00+05:30,557.6,557.65,557.6,557.6,1229,
2016-12-23 12:29:00+05:30,557.6,557.65,557.6,557.65,1072,
2016-12-23 12:30:00+05:30,557.65,557.65,557.6,557.6,2495,
2016-12-23 12:31:00+05:30,557.6,557.7,557.6,557.65,2545,
2016-12-23 12:32:00+05:30,557.65,557.7,557.6,557.6,974,
2016-12-23 12:33:00+05:30,557.6,558.5,557.6,558.05,4661,
2016-12-23 12:34:00+05:30,558.05,558.25,557.8,558,1135,
2016-12-23 12:35:00+05:30,558,558.1,557.65,557.65,883,
2016-12-23 12:36:00+05:30,557.65,557.95,557.6,557.7,638,
2016-12-23 12:37:00+05:30,557.7,557.7,557.6,557.65,551,
2016-12-23 12:38:00+05:30,557.65,557.65,557.6,557.6,434,
2016-12-23 12:39:00+05:30,557.65,557.65,557.6,557.6,1187,
2016-12-23 12:40:00+05:30,557.6,557.65,557.6,557.6,2293,
2016-12-23 12:41:00+05:30,557.6,557.6,557.6,557.6,220,
2016-12-23 12:42:00+05:30,557.6,557.6,557.2,557.2,587,
2016-12-23 12:43:00+05:30,557.55,557.55,557.1,557.1,505,
2016-12-23 12:44:00+05:30,557.1,557.45,557.1,557.1,343,
2016-12-23 12:45:00+05:30,557.1,557.25,557.05,557.2,1360,
2016-12-23 12:46:00+05:30,557.2,557.25,557.2,557.2,405,
2016-12-23 12:47:00+05:30,557.2,557.3,557.2,557.2,383,
2016-12-23 12:48:00+05:30,557.2,557.3,557.2,557.2,843,
2016-12-23 12:49:00+05:30,557.2,557.25,557.2,557.2,592,
2016-12-23 12:50:00+05:30,557.2,557.25,557.2,557.2,937,
2016-12-23 12:51:00+05:30,557.2,557.25,557.2,557.2,815,
2016-12-23 12:52:00+05:30,557.2,557.5,557.2,557.3,307,
2016-12-23 12:53:00+05:30,557.3,557.35,557.2,557.2,161,
2016-12-23 12:54:00+05:30,557.35,557.5,557.2,557.2,874,
2016-12-23 12:55:00+05:30,557.2,557.5,557.2,557.2,1388,
2016-12-23 12:56:00+05:30,557.2,557.4,556,556,8392,
2016-12-23 12:57:00+05:30,556,556.45,556,556,2759,
2016-12-23 12:58:00+05:30,556,556.55,556,556.1,442,
2016-12-23 12:59:00+05:30,556.1,556.35,555.8,555.85,1551,
2016-12-23 13:00:00+05:30,555.85,556.5,555.85,556.05,290,
2016-12-23 13:01:00+05:30,556.05,556.45,556,556.45,329,
2016-12-23 13:02:00+05:30,556.45,557,556.1,556.1,2601,
2016-12-23 13:03:00+05:30,556.1,556.35,555.75,556.05,5667,
2016-12-23 13:04:00+05:30,556,556.65,556,556.3,1793,
2016-12-23 13:05:00+05:30,556.3,557,556.05,556.4,3600,
2016-12-23 13:06:00+05:30,556.4,557.45,556.4,556.45,6056,
2016-12-23 13:07:00+05:30,556.45,556.75,556.15,556.35,345,
2016-12-23 13:08:00+05:30,556.35,556.75,556.2,556.25,318,
2016-12-23 13:09:00+05:30,556.25,556.7,556.25,556.25,247,
2016-12-23 13:10:00+05:30,556.25,556.95,556.1,556.1,1255,
2016-12-23 13:11:00+05:30,556.1,556.65,556.05,556.1,370,
2016-12-23 13:12:00+05:30,556.1,556.55,556,556,1386,
2016-12-23 13:13:00+05:30,556,556.75,556,556,1784,
2016-12-23 13:14:00+05:30,556,556.8,556,556.1,1481,
2016-12-23 13:15:00+05:30,556.1,556.45,556,556,932,
2016-12-23 13:16:00+05:30,556,556,555.15,555.25,2506,
2016-12-23 13:17:00+05:30,555.25,555.8,555.25,555.7,923,
2016-12-23 13:18:00+05:30,555.7,556,555.4,556,839,
2016-12-23 13:19:00+05:30,556,557.5,556,557.5,4767,
2016-12-23 13:20:00+05:30,557.5,557.6,557.05,557.45,1112,
2016-12-23 13:21:00+05:30,557.45,557.7,557.05,557.05,909,
2016-12-23 13:22:00+05:30,557.05,557.05,556.05,556.05,156,
2016-12-23 13:23:00+05:30,556.05,556.7,556.05,556.35,303,
2016-12-23 13:24:00+05:30,556.35,557.45,556.35,557.05,521,
2016-12-23 13:25:00+05:30,557.05,558,557.05,557.6,2614,
2016-12-23 13:26:00+05:30,557.6,557.6,557,557.15,156,
2016-12-23 13:27:00+05:30,557.5,557.7,557.25,557.35,682,
2016-12-23 13:28:00+05:30,557.35,557.7,557.15,557.25,381,
2016-12-23 13:29:00+05:30,557.25,557.4,557.15,557.15,323,
2016-12-23 13:30:00+05:30,557.15,557.25,556.5,556.5,895,
2016-12-23 13:31:00+05:30,556.5,556.85,556.5,556.5,483,
2016-12-23 13:32:00+05:30,556.5,556.75,556,556.05,407,
2016-12-23 13:33:00+05:30,556.05,556.45,556,556.05,118,
2016-12-23 13:34:00+05:30,556.05,556.95,556,556.35,461,
2016-12-23 13:35:00+05:30,556.35,556.6,556,556.25,498,
2016-12-23 13:36:00+05:30,556.25,557.95,556,557.15,5680,
2016-12-23 13:37:00+05:30,557.05,557.15,556,556.5,952,
2016-12-23 13:38:00+05:30,556.5,556.6,556,556.5,788,
2016-12-23 13:39:00+05:30,556.5,556.8,556,556.8,7879,
2016-12-23 13:40:00+05:30,557.4,557.5,556.55,556.55,986,
2016-12-23 13:41:00+05:30,556.55,556.85,556,556.15,604,
2016-12-23 13:42:00+05:30,556.15,556.75,556.1,556.6,979,
2016-12-23 13:43:00+05:30,556.6,557,556.5,556.9,534,
2016-12-23 13:44:00+05:30,556.85,556.85,556.15,556.15,618,
2016-12-23 13:45:00+05:30,556.65,556.65,556,556,725,
2016-12-23 13:46:00+05:30,556.45,556.5,556,556,1349,
2016-12-23 13:47:00+05:30,556.05,556.55,556,556.15,727,
2016-12-23 13:48:00+05:30,556.15,556.55,556,556,642,
2016-12-23 13:49:00+05:30,556.55,556.65,556,556,1220,
2016-12-23 13:50:00+05:30,556.3,556.3,555.55,555.8,1528,
2016-12-23 13:51:00+05:30,555.9,556.35,555.6,556.35,785,
2016-12-23 13:52:00+05:30,556.4,556.55,555.85,556,1020,
2016-12-23 13:53:00+05:30,556.4,556.45,556.1,556.1,784,
2016-12-23 13:54:00+05:30,556.75,556.75,556.1,556.25,905,
2016-12-23 13:55:00+05:30,556.7,556.75,556.25,556.5,790,
2016-12-23 13:56:00+05:30,556.3,556.65,556,556.05,552,
2016-12-23 13:57:00+05:30,556.4,556.6,556.05,556.05,613,
2016-12-23 13:58:00+05:30,556.45,556.6,556.05,556.1,682,
2016-12-23 13:59:00+05:30,556.45,556.65,556.1,556.1,910,
2016-12-23 14:00:00+05:30,556.55,556.9,556.3,556.35,1330,
2016-12-23 14:01:00+05:30,556.95,556.95,556.05,556.5,746,
2016-12-23 14:02:00+05:30,556.9,556.9,556.2,556.25,809,
2016-12-23 14:03:00+05:30,556.25,556.9,556.15,556.35,1284,
2016-12-23 14:04:00+05:30,556.65,556.65,555.95,556.05,964,
2016-12-23 14:05:00+05:30,556.45,556.5,555.7,555.7,603,
2016-12-23 14:06:00+05:30,555.9,556.6,555.7,555.85,1873,
2016-12-23 14:07:00+05:30,555.75,556.4,555.5,555.8,851,
2016-12-23 14:08:00+05:30,556.35,556.35,555.6,555.65,852,
2016-12-23 14:09:00+05:30,555.9,555.95,555.5,555.9,1105,
2016-12-23 14:10:00+05:30,555.9,556,555.5,555.5,1002,
2016-12-23 14:11:00+05:30,555.65,555.75,555,555.25,888,
2016-12-23 14:12:00+05:30,555.3,555.5,555,555.1,1935,
2016-12-23 14:13:00+05:30,555.05,555.7,554.65,554.65,4305,
2016-12-23 14:14:00+05:30,554.8,555.3,554.6,554.9,3351,
2016-12-23 14:15:00+05:30,554.9,555.05,554.5,555.05,1568,
2016-12-23 14:16:00+05:30,555.05,555.35,554.35,555.35,1471,
2016-12-23 14:17:00+05:30,555.35,555.4,554.65,554.8,1286,
2016-12-23 14:18:00+05:30,554.8,555.2,554.65,554.95,1391,
2016-12-23 14:19:00+05:30,554.95,555.4,554.5,555.2,2550,
2016-12-23 14:20:00+05:30,555.35,555.5,554.7,554.8,634,
2016-12-23 14:21:00+05:30,555,555.1,554.5,554.8,1404,
2016-12-23 14:22:00+05:30,554.8,554.85,554.6,554.85,1741,
2016-12-23 14:23:00+05:30,554.85,555.2,554.75,554.85,964,
2016-12-23 14:24:00+05:30,554.95,555,554,554.3,1796,
2016-12-23 14:25:00+05:30,554.3,554.8,554,554.65,1655,
2016-12-23 14:26:00+05:30,554.65,554.95,553.75,554,1487,
2016-12-23 14:27:00+05:30,554,554.6,553.75,554.4,1710,
2016-12-23 14:28:00+05:30,554.1,554.4,553.7,553.9,1140,
2016-12-23 14:29:00+05:30,554.4,554.8,553.95,554.15,2149,
2016-12-23 14:30:00+05:30,554.15,554.25,553.7,554,738,
2016-12-23 14:31:00+05:30,554,554.05,553.5,553.7,1234,
2016-12-23 14:32:00+05:30,553.75,554,553.35,553.6,1531,
2016-12-23 14:33:00+05:30,553.6,553.65,553.2,553.6,2105,
2016-12-23 14:34:00+05:30,553.6,553.7,553.2,553.6,2347,
2016-12-23 14:35:00+05:30,553.65,553.7,553.2,553.65,1290,
2016-12-23 14:36:00+05:30,553.65,553.9,553.6,553.65,2461,
2016-12-23 14:37:00+05:30,553.8,554.85,553.65,554.5,3931,
2016-12-23 14:38:00+05:30,554.65,554.65,554,554.45,1052,
2016-12-23 14:39:00+05:30,554.55,554.55,554,554,2112,
2016-12-23 14:40:00+05:30,554.05,554.75,554,554.15,1445,
2016-12-23 14:41:00+05:30,554.15,554.45,554.1,554.3,1288,
2016-12-23 14:42:00+05:30,554.2,554.9,554.2,554.65,3673,
2016-12-23 14:43:00+05:30,554.95,555.85,554.5,555.65,3228,
2016-12-23 14:44:00+05:30,555.6,556,555.45,555.95,3249,
2016-12-23 14:45:00+05:30,556,556,555.65,556,3701,
2016-12-23 14:46:00+05:30,555.65,556.1,555.3,555.3,3655,
2016-12-23 14:47:00+05:30,555.5,555.75,554.45,554.45,2710,
2016-12-23 14:48:00+05:30,554.45,554.95,554.4,554.4,1982,
2016-12-23 14:49:00+05:30,554.75,554.75,554,554,2768,
2016-12-23 14:50:00+05:30,554.5,554.5,553.25,553.25,1008,
2016-12-23 14:51:00+05:30,553.25,553.85,553.05,553.35,1753,
2016-12-23 14:52:00+05:30,553.35,553.65,553.2,553.4,1341,
2016-12-23 14:53:00+05:30,553.95,553.95,553.05,553.15,2244,
2016-12-23 14:54:00+05:30,553.5,555,553.25,554.4,4453,
2016-12-23 14:55:00+05:30,554.9,555.3,554.65,555.3,4327,
2016-12-23 14:56:00+05:30,555.85,559.55,555.5,559.55,22350,
2016-12-23 14:57:00+05:30,558.95,566.7,558.95,566.7,73166,
2016-12-23 14:58:00+05:30,566.25,573.65,566.25,573.65,132483,
2016-12-23 14:59:00+05:30,573,581.8,573,578,290079,
2016-12-23 15:00:00+05:30,580.45,584,578.4,583.7,162977,
2016-12-23 15:01:00+05:30,582.95,586,581.4,586,128666,
2016-12-23 15:02:00+05:30,585.55,588.7,584.15,584.35,173250,
2016-12-23 15:03:00+05:30,584,584.7,581.4,582.7,96754,
2016-12-23 15:04:00+05:30,582.8,584,580.65,581.2,48285,
2016-12-23 15:05:00+05:30,581.25,583.35,580.25,583.35,90150,
2016-12-23 15:06:00+05:30,583.5,583.65,580.3,580.3,41798,
2016-12-23 15:07:00+05:30,580.9,582.05,579.25,580.55,40821,
2016-12-23 15:08:00+05:30,580.5,580.8,580,580.6,13077,
2016-12-23 15:09:00+05:30,580.6,580.6,578.1,578.1,33064,
2016-12-23 15:10:00+05:30,578.4,578.8,576.85,577.15,22657,
2016-12-23 15:11:00+05:30,577.6,579.9,577.25,579.65,30155,
2016-12-23 15:12:00+05:30,579.95,580,578.3,579.55,18856,
2016-12-23 15:13:00+05:30,579.55,579.6,578.5,579.05,8032,
2016-12-23 15:14:00+05:30,579.05,580.85,579.05,580.15,52921,
2016-12-23 15:15:00+05:30,580.3,580.6,579.5,580.55,17425,
2016-12-23 15:16:00+05:30,580.55,582.5,580.25,581.85,49538,
2016-12-23 15:17:00+05:30,581.8,582.05,581,581,16530,
2016-12-23 15:18:00+05:30,581.15,581.4,580.6,581.3,19968,
2016-12-23 15:19:00+05:30,581.3,582.2,581,581.05,36033,
2016-12-23 15:20:00+05:30,581,582,581,581.2,37752,
2016-12-23 15:21:00+05:30,581.2,581.75,580.8,581.25,12279,
2016-12-23 15:22:00+05:30,581.45,582.3,581.25,581.55,22717,
2016-12-23 15:23:00+05:30,582,582.2,581.65,582.05,25976,
2016-12-23 15:24:00+05:30,582.05,582.8,582,582.3,53900,
2016-12-23 15:25:00+05:30,582.5,582.7,581.35,581.35,25830,
2016-12-23 15:26:00+05:30,581.5,582,581.1,581.9,9784,
2016-12-23 15:27:00+05:30,581.5,582,581.5,581.9,17713,
2016-12-23 15:28:00+05:30,581.85,582,581.25,581.55,20779,
2016-12-23 15:29:00+05:30,581.55,582,581.35,581.95,11816,
2016-12-26 09:15:00+05:30,580,580,575,575.65,27087,
2016-12-26 09:16:00+05:30,575.9,576.2,574.35,575.15,17710,
2016-12-26 09:17:00+05:30,575.7,576.95,575,575.7,12302,
2016-12-26 09:18:00+05:30,576,576,573.05,575.1,25175,
2016-12-26 09:19:00+05:30,575.15,575.15,572.05,573.2,17981,
2016-12-26 09:20:00+05:30,573.4,573.65,569.45,570,34353,
2016-12-26 09:21:00+05:30,570.1,572.65,569.8,572.15,16615,
2016-12-26 09:22:00+05:30,572.15,572.95,570.85,571.3,5668,
2016-12-26 09:23:00+05:30,571.3,571.4,568.25,569.05,11160,
2016-12-26 09:24:00+05:30,568.95,570,567.05,567.05,12769,
2016-12-26 09:25:00+05:30,567.05,567.9,567.05,567.4,9130,
2016-12-26 09:26:00+05:30,567.4,567.4,565,566.95,24141,
2016-12-26 09:27:00+05:30,566.65,566.8,565.6,565.95,35988,
2016-12-26 09:28:00+05:30,565.95,567.55,565.8,566.65,8742,
2016-12-26 09:29:00+05:30,566.65,567.95,566.65,567.6,5878,
2016-12-26 09:30:00+05:30,567.5,567.95,566.3,566.3,8537,
2016-12-26 09:31:00+05:30,566.35,566.9,565.2,565.85,13082,
2016-12-26 09:32:00+05:30,565.85,566,563.15,563.5,36040,
2016-12-26 09:33:00+05:30,563.2,563.75,562.75,562.85,11429,
2016-12-26 09:34:00+05:30,563.2,563.35,561.5,562.8,14106,
2016-12-26 09:35:00+05:30,562.35,563.4,562.35,563.25,8705,
2016-12-26 09:36:00+05:30,563.25,565,563.05,565,8202,
2016-12-26 09:37:00+05:30,565,565.45,563.55,563.55,12022,
2016-12-26 09:38:00+05:30,564,564.45,563.7,563.9,5354,
2016-12-26 09:39:00+05:30,563.9,563.9,563,563.7,6024,
2016-12-26 09:40:00+05:30,563.9,564.8,563.9,564.55,4490,
2016-12-26 09:41:00+05:30,564.55,565.4,564.15,564.5,6872,
2016-12-26 09:42:00+05:30,564,565,564,564.7,3439,
2016-12-26 09:43:00+05:30,564.7,564.85,564.35,564.65,2440,
2016-12-26 09:44:00+05:30,564.65,564.95,564.3,564.7,5661,
2016-12-26 09:45:00+05:30,564.7,565.75,564.5,565.35,5757,
2016-12-26 09:46:00+05:30,565.4,566.25,565.35,565.85,2941,
2016-12-26 09:47:00+05:30,565.85,567,565.6,567,4497,
2016-12-26 09:48:00+05:30,567,567.7,566,567.15,7322,
2016-12-26 09:49:00+05:30,567.15,567.45,566.55,566.85,11590,
2016-12-26 09:50:00+05:30,566.85,566.9,566,566.1,3898,
2016-12-26 09:51:00+05:30,566.1,567,566.1,566.25,3848,
2016-12-26 09:52:00+05:30,566.25,567,566.25,566.7,3866,
2016-12-26 09:53:00+05:30,566.7,567.5,566.7,567.5,3392,
2016-12-26 09:54:00+05:30,567.5,567.8,567.3,567.3,2898,
2016-12-26 09:55:00+05:30,567.3,567.95,567,567.65,4974,
2016-12-26 09:56:00+05:30,567.65,567.65,567,567.5,2347,
2016-12-26 09:57:00+05:30,567.5,567.75,567.1,567.25,1979,
2016-12-26 09:58:00+05:30,567.25,567.8,567.25,567.7,2533,
2016-12-26 09:59:00+05:30,567.7,567.8,567.1,567.8,6071,
2016-12-26 10:00:00+05:30,567.75,567.75,566.5,566.7,2373,
2016-12-26 10:01:00+05:30,566.7,567,566.5,566.9,1274,
2016-12-26 10:02:00+05:30,566.9,567.8,566.5,566.55,4305,
2016-12-26 10:03:00+05:30,566.55,567.4,566.55,567.15,2061,
2016-12-26 10:04:00+05:30,567.15,567.45,566.5,566.5,1831,
2016-12-26 10:05:00+05:30,566.5,567.3,566.5,566.55,5928,
2016-12-26 10:06:00+05:30,566.55,566.85,566.35,566.5,1959,
2016-12-26 10:07:00+05:30,566.5,567.15,566.3,566.8,2321,
2016-12-26 10:08:00+05:30,566.8,567.5,566.8,567,4713,
2016-12-26 10:09:00+05:30,567,567.15,567,567.05,882,
2016-12-26 10:10:00+05:30,567.05,567.7,567.05,567.35,1407,
2016-12-26 10:11:00+05:30,567.35,567.85,567.35,567.85,1041,
2016-12-26 10:12:00+05:30,567.85,568.25,567.8,568.05,4654,
2016-12-26 10:13:00+05:30,568.05,568.25,567.7,568.25,2355,
2016-12-26 10:14:00+05:30,568.25,568.25,567.8,567.8,2476,
2016-12-26 10:15:00+05:30,568.2,569.55,568.1,568.75,12222,
2016-12-26 10:16:00+05:30,568.75,569.05,568.05,568.4,5380,
2016-12-26 10:17:00+05:30,568.4,568.45,568.05,568.05,1645,
2016-12-26 10:18:00+05:30,568.05,568.25,568.05,568.05,599,
2016-12-26 10:19:00+05:30,568.05,568.4,567.65,568.4,3071,
2016-12-26 10:20:00+05:30,568,568.15,567.6,568,1817,
2016-12-26 10:21:00+05:30,568,568,567.65,568,867,
2016-12-26 10:22:00+05:30,568,568,567.5,567.5,611,
2016-12-26 10:23:00+05:30,567.5,567.8,567.4,567.7,1248,
2016-12-26 10:24:00+05:30,567.7,568.45,567.3,568.45,2744,
2016-12-26 10:25:00+05:30,568.45,568.7,568.15,568.5,1678,
2016-12-26 10:26:00+05:30,568.5,568.5,568.05,568.05,1981,
2016-12-26 10:27:00+05:30,568.05,568.05,567.75,568,719,
2016-12-26 10:28:00+05:30,568,568,567.65,568,724,
2016-12-26 10:29:00+05:30,568,568,567.6,567.9,6247,
2016-12-26 10:30:00+05:30,567.35,568.05,567.1,567.75,3913,
2016-12-26 10:31:00+05:30,567.75,567.9,567.35,567.8,91,
2016-12-26 10:32:00+05:30,567.8,567.8,567.35,567.6,521,
2016-12-26 10:33:00+05:30,567.6,567.7,567,567.45,3041,
2016-12-26 10:34:00+05:30,567.45,567.7,567,567,1234,
2016-12-26 10:35:00+05:30,567,567,566.85,567,503,
2016-12-26 10:36:00+05:30,567,567,566.7,566.95,2677,
2016-12-26 10:37:00+05:30,566.95,566.95,566.7,566.75,875,
2016-12-26 10:38:00+05:30,566.75,566.8,566.7,566.7,780,
2016-12-26 10:39:00+05:30,566.7,566.85,566.7,566.85,515,
2016-12-26 10:40:00+05:30,566.85,567,566.75,567,725,
2016-12-26 10:41:00+05:30,566.75,567,566.75,566.75,1376,
2016-12-26 10:42:00+05:30,566.75,566.75,565.75,565.75,3746,
2016-12-26 10:43:00+05:30,565.75,565.75,565.05,565.3,1474,
2016-12-26 10:44:00+05:30,565.15,565.9,565,565.2,4969,
2016-12-26 10:45:00+05:30,565.2,565.3,565,565.15,3458,
2016-12-26 10:46:00+05:30,565.15,565.2,564.55,564.7,2334,
2016-12-26 10:47:00+05:30,564.7,564.7,564.4,564.5,2996,
2016-12-26 10:48:00+05:30,564.5,564.9,564.5,564.6,808,
2016-12-26 10:49:00+05:30,564.6,565,564.6,564.95,1520,
2016-12-26 10:50:00+05:30,564.95,565,564.7,564.75,945,
2016-12-26 10:51:00+05:30,564.75,565,564.75,564.8,489,
2016-12-26 10:52:00+05:30,565,565.3,564.85,564.85,1767,
2016-12-26 10:53:00+05:30,564.85,565.4,564.8,565.15,1587,
2016-12-26 10:54:00+05:30,565.1,565.45,565.1,565.25,1457,
2016-12-26 10:55:00+05:30,565.25,565.85,565.25,565.85,1400,
2016-12-26 10:56:00+05:30,565.7,565.9,565.4,565.9,1145,
2016-12-26 10:57:00+05:30,565.9,565.9,565.4,565.5,1328,
2016-12-26 10:58:00+05:30,565.5,565.75,565.5,565.75,895,
2016-12-26 10:59:00+05:30,565.75,565.75,565.5,565.65,1303,
2016-12-26 11:00:00+05:30,565.65,565.7,565.05,565.5,1692,
2016-12-26 11:01:00+05:30,565.5,565.5,565.05,565.3,945,
2016-12-26 11:02:00+05:30,565.3,565.4,564.6,564.6,2521,
2016-12-26 11:03:00+05:30,564.6,564.9,564.6,564.9,1026,
2016-12-26 11:04:00+05:30,564.9,565,564.9,565,147,
2016-12-26 11:05:00+05:30,565,565.45,564.9,565,2284,
2016-12-26 11:06:00+05:30,565,565.35,564.8,565,1564,
2016-12-26 11:07:00+05:30,565,565.4,564.8,565.2,2496,
2016-12-26 11:08:00+05:30,565.2,565.2,564.5,564.65,2934,
2016-12-26 11:09:00+05:30,564.65,564.65,564.5,564.65,179,
2016-12-26 11:10:00+05:30,564.45,564.9,564.3,564.6,1998,
2016-12-26 11:11:00+05:30,564.85,564.95,564.6,564.7,647,
2016-12-26 11:12:00+05:30,564.7,564.8,564.6,564.8,1175,
2016-12-26 11:13:00+05:30,564.8,564.8,564.3,564.4,1549,
2016-12-26 11:14:00+05:30,564.4,564.7,564.1,564.1,1629,
2016-12-26 11:15:00+05:30,564.1,564.4,563.25,563.25,3673,
2016-12-26 11:16:00+05:30,563.25,563.7,563.15,563.2,3535,
2016-12-26 11:17:00+05:30,563.2,563.45,563.1,563.45,1836,
2016-12-26 11:18:00+05:30,563.7,564.25,563.45,564.25,3335,
2016-12-26 11:19:00+05:30,564.05,564.2,563.55,563.55,1792,
2016-12-26 11:20:00+05:30,563.55,563.95,563.55,563.6,2088,
2016-12-26 11:21:00+05:30,563.6,563.85,563.5,563.7,3323,
2016-12-26 11:22:00+05:30,563.7,563.75,563.65,563.65,663,
2016-12-26 11:23:00+05:30,563.85,563.85,563.5,563.6,3776,
2016-12-26 11:24:00+05:30,563.6,563.7,563.15,563.15,1339,
2016-12-26 11:25:00+05:30,563.15,563.5,563.05,563.5,4779,
2016-12-26 11:26:00+05:30,563.5,563.75,563.5,563.75,1522,
2016-12-26 11:27:00+05:30,563.75,563.75,563.2,563.5,1428,
2016-12-26 11:28:00+05:30,563.5,563.6,563.3,563.3,856,
2016-12-26 11:29:00+05:30,563.65,564,563.4,563.8,1291,
2016-12-26 11:30:00+05:30,563.95,563.95,561.5,561.5,15437,
2016-12-26 11:31:00+05:30,561.5,561.5,558.55,559.6,32999,
2016-12-26 11:32:00+05:30,559.7,560.3,559.3,560,14017,
2016-12-26 11:33:00+05:30,560,560.85,559.85,560.85,11142,
2016-12-26 11:34:00+05:30,560.85,562,560.85,561.95,5985,
2016-12-26 11:35:00+05:30,561.95,561.95,561,561.55,3203,
2016-12-26 11:36:00+05:30,561.05,561.85,561.05,561.35,3028,
2016-12-26 11:37:00+05:30,561.6,562.7,561.4,562.3,4242,
2016-12-26 11:38:00+05:30,562.3,562.65,561.9,562,2208,
2016-12-26 11:39:00+05:30,562,562.45,562,562.4,1130,
2016-12-26 11:40:00+05:30,562.4,562.4,561.45,561.8,799,
2016-12-26 11:41:00+05:30,561.8,561.8,561.2,561.25,566,
2016-12-26 11:42:00+05:30,561.25,561.25,561.05,561.2,907,
2016-12-26 11:43:00+05:30,561.2,561.2,560.8,561.15,1532,
2016-12-26 11:44:00+05:30,561.15,561.25,560.8,561.25,1802,
2016-12-26 11:45:00+05:30,561.25,561.25,560.85,561,592,
2016-12-26 11:46:00+05:30,561,561.1,560.65,560.95,3525,
2016-12-26 11:47:00+05:30,560.95,561.5,560.95,561.5,588,
2016-12-26 11:48:00+05:30,561.5,561.5,561.15,561.4,489,
2016-12-26 11:49:00+05:30,561.4,561.4,561.1,561.4,253,
2016-12-26 11:50:00+05:30,561.3,561.5,561.1,561.5,1424,
2016-12-26 11:51:00+05:30,561.5,561.5,561.2,561.3,604,
2016-12-26 11:52:00+05:30,561.3,561.75,561.3,561.5,1012,
2016-12-26 11:53:00+05:30,561.5,561.85,561.5,561.85,1041,
2016-12-26 11:54:00+05:30,561.85,561.9,561.5,561.55,1231,
2016-12-26 11:55:00+05:30,561.55,561.85,561.15,561.15,4287,
2016-12-26 11:56:00+05:30,561.15,561.5,558.25,558.9,35178,
2016-12-26 11:57:00+05:30,558.9,559.45,558.7,559.3,2581,
2016-12-26 11:58:00+05:30,559.45,559.7,559,559.15,5400,
2016-12-26 11:59:00+05:30,559.15,559.4,558.9,559,7224,
2016-12-26 12:00:00+05:30,559,559,558.9,559,5001,
2016-12-26 12:01:00+05:30,559,559,558.6,558.85,1553,
2016-12-26 12:02:00+05:30,558.85,559,558.7,559,1212,
2016-12-26 12:03:00+05:30,559,559,558.85,558.95,1769,
2016-12-26 12:04:00+05:30,558.95,559,558.75,559,2197,
2016-12-26 12:05:00+05:30,559,559,559,559,1144,
2016-12-26 12:06:00+05:30,559,559,558.85,559,1777,
2016-12-26 12:07:00+05:30,559,559,558.8,559,1016,
2016-12-26 12:08:00+05:30,559,559,558.75,558.95,403,
2016-12-26 12:09:00+05:30,558.95,558.95,556.85,556.85,16604,
2016-12-26 12:10:00+05:30,557.2,557.2,552.85,553.65,52961,
2016-12-26 12:11:00+05:30,553.45,556,553.45,556,9075,
2016-12-26 12:12:00+05:30,556.2,556.8,555.7,556,9923,
2016-12-26 12:13:00+05:30,556,556,555.65,556,5050,
2016-12-26 12:14:00+05:30,555.95,556,555.45,555.85,7912,
2016-12-26 12:15:00+05:30,555.85,556,555.5,555.7,3199,
2016-12-26 12:16:00+05:30,555.7,555.7,554.25,554.45,7622,
2016-12-26 12:17:00+05:30,554.2,554.45,553.9,553.9,2721,
2016-12-26 12:18:00+05:30,553.9,554.95,553.9,554.9,2687,
2016-12-26 12:19:00+05:30,554.9,555,554.75,554.9,6393,
2016-12-26 12:20:00+05:30,555,555.65,555,555.1,3368,
2016-12-26 12:21:00+05:30,555.1,555.5,555,555,2108,
2016-12-26 12:22:00+05:30,555,555.4,554.8,555,2583,
2016-12-26 12:23:00+05:30,555,555,554.5,554.6,2115,
2016-12-26 12:24:00+05:30,554.6,554.95,554.5,554.95,2785,
2016-12-26 12:25:00+05:30,554.95,555,554.5,554.9,1956,
2016-12-26 12:26:00+05:30,554.9,555,554.75,555,1292,
2016-12-26 12:27:00+05:30,555,555,554.6,555,1996,
2016-12-26 12:28:00+05:30,555,555,554.75,555,1496,
2016-12-26 12:29:00+05:30,555,555,554.5,554.5,2749,
2016-12-26 12:30:00+05:30,554.6,554.7,554.45,554.7,843,
2016-12-26 12:31:00+05:30,554.5,555,554.5,555,1376,
2016-12-26 12:32:00+05:30,555,555,554.7,554.7,697,
2016-12-26 12:33:00+05:30,554.85,554.85,553.5,553.95,11467,
2016-12-26 12:34:00+05:30,553.95,553.95,553.5,553.65,1919,
2016-12-26 12:35:00+05:30,553.65,554,553.55,554,13993,
2016-12-26 12:36:00+05:30,554,554,553.9,554,11020,
2016-12-26 12:37:00+05:30,554,554.45,553.75,554.45,14307,
2016-12-26 12:38:00+05:30,554.25,555.25,554.1,555.25,4062,
2016-12-26 12:39:00+05:30,555.25,555.65,555.05,555.5,1464,
2016-12-26 12:40:00+05:30,555.35,555.6,555,555.4,7395,
2016-12-26 12:41:00+05:30,555.4,555.75,555.35,555.35,1877,
2016-12-26 12:42:00+05:30,555.35,555.65,555.35,555.35,3894,
2016-12-26 12:43:00+05:30,555.35,556.4,555.35,555.85,4214,
2016-12-26 12:44:00+05:30,555.85,556.6,555.8,556.3,3806,
2016-12-26 12:45:00+05:30,556.4,556.5,555.55,555.7,3139,
2016-12-26 12:46:00+05:30,555.7,555.95,554.7,554.75,10665,
2016-12-26 12:47:00+05:30,554.75,555.5,554.7,554.7,959,
2016-12-26 12:48:00+05:30,554.7,554.95,554.3,554.8,1281,
2016-12-26 12:49:00+05:30,554.8,555.4,554.6,554.95,991,
2016-12-26 12:50:00+05:30,554.95,555.25,554.65,554.65,486,
2016-12-26 12:51:00+05:30,554.65,555.1,554.65,554.95,3196,
2016-12-26 12:52:00+05:30,554.95,555.4,554.8,555.4,852,
2016-12-26 12:53:00+05:30,555.4,555.4,554.95,554.95,883,
2016-12-26 12:54:00+05:30,554.95,554.95,554.5,554.9,3178,
2016-12-26 12:55:00+05:30,554.9,555,554.75,554.85,541,
2016-12-26 12:56:00+05:30,554.85,555,554.75,555,2484,
2016-12-26 12:57:00+05:30,555,555.2,554.6,555,4441,
2016-12-26 12:58:00+05:30,555,555,554.55,554.9,677,
2016-12-26 12:59:00+05:30,554.9,554.9,554,554,1320,
2016-12-26 13:00:00+05:30,554,554.25,554,554.1,10391,
2016-12-26 13:01:00+05:30,554.1,554.2,554,554.2,551,
2016-12-26 13:02:00+05:30,554.2,554.2,554,554,1488,
2016-12-26 13:03:00+05:30,554.15,554.75,554,554.6,3244,
2016-12-26 13:04:00+05:30,554.6,554.95,554,554.7,1876,
2016-12-26 13:05:00+05:30,554.7,555.05,554.2,554.95,2496,
2016-12-26 13:06:00+05:30,554.7,555.2,554.7,554.95,3694,
2016-12-26 13:07:00+05:30,554.95,554.95,554.6,554.75,637,
2016-12-26 13:08:00+05:30,554.75,554.95,554.65,554.75,344,
2016-12-26 13:09:00+05:30,554.75,555,554.4,554.4,704,
2016-12-26 13:10:00+05:30,554.4,554.65,554.3,554.55,527,
2016-12-26 13:11:00+05:30,554.55,554.65,554.1,554.6,614,
2016-12-26 13:12:00+05:30,554.6,554.65,554.05,554.25,1495,
2016-12-26 13:13:00+05:30,554.25,554.75,554.25,554.35,1016,
2016-12-26 13:14:00+05:30,554.35,554.65,554.3,554.3,1010,
2016-12-26 13:15:00+05:30,554.3,554.85,554.3,554.45,3658,
2016-12-26 13:16:00+05:30,554.45,554.85,554.3,554.5,1138,
2016-12-26 13:17:00+05:30,554.5,555.25,554.35,555.25,1938,
2016-12-26 13:18:00+05:30,555,555.2,554.8,555.1,2055,
2016-12-26 13:19:00+05:30,555.2,555.2,554.8,554.8,2136,
2016-12-26 13:20:00+05:30,554.8,555.2,554.8,554.9,1102,
2016-12-26 13:21:00+05:30,554.9,555.2,554.9,555.1,404,
2016-12-26 13:22:00+05:30,555.1,555.95,554.8,555.4,3063,
2016-12-26 13:23:00+05:30,555.4,556.15,555.4,555.9,9390,
2016-12-26 13:24:00+05:30,555.9,556,555.55,555.9,1537,
2016-12-26 13:25:00+05:30,555.7,555.95,555.6,555.6,1809,
2016-12-26 13:26:00+05:30,555.95,556.2,555.55,555.85,2005,
2016-12-26 13:27:00+05:30,556.35,556.65,555.85,556.05,3269,
2016-12-26 13:28:00+05:30,556.55,557,556.2,556.9,5231,
2016-12-26 13:29:00+05:30,556.9,557,556.4,556.65,8924,
2016-12-26 13:30:00+05:30,557,557,556.6,556.6,3396,
2016-12-26 13:31:00+05:30,556.6,556.8,556.6,556.6,1740,
2016-12-26 13:32:00+05:30,556.8,556.8,556.35,556.7,2518,
2016-12-26 13:33:00+05:30,556.7,556.9,556.4,556.65,1383,
2016-12-26 13:34:00+05:30,556.8,556.8,555.85,555.85,3616,
2016-12-26 13:35:00+05:30,556.15,556.2,555,555,1559,
2016-12-26 13:36:00+05:30,555.05,555.3,554.4,554.6,2293,
2016-12-26 13:37:00+05:30,554.6,555.05,554.55,554.95,1207,
2016-12-26 13:38:00+05:30,554.95,555.1,554.55,554.8,2119,
2016-12-26 13:39:00+05:30,555.15,555.3,554.55,554.55,3734,
2016-12-26 13:40:00+05:30,554.8,555,554.5,554.5,1834,
2016-12-26 13:41:00+05:30,554.95,554.95,554.4,554.4,1916,
2016-12-26 13:42:00+05:30,554.4,555,554.4,554.6,1396,
2016-12-26 13:43:00+05:30,554.95,555.05,554.55,554.6,4510,
2016-12-26 13:44:00+05:30,555.1,555.1,554.65,554.75,1381,
2016-12-26 13:45:00+05:30,554.75,555.1,554.75,554.8,1874,
2016-12-26 13:46:00+05:30,555,555.15,554.75,554.8,958,
2016-12-26 13:47:00+05:30,554.8,555.45,554.8,554.9,1590,
2016-12-26 13:48:00+05:30,555.45,555.45,555.05,555.25,1846,
2016-12-26 13:49:00+05:30,555.4,555.45,555,555.05,1908,
2016-12-26 13:50:00+05:30,555.05,555.45,555.05,555.1,2064,
2016-12-26 13:51:00+05:30,555.1,555.5,554.6,554.8,3422,
2016-12-26 13:52:00+05:30,555,555,554.6,554.6,1596,
2016-12-26 13:53:00+05:30,554.6,555,554.6,554.8,1719,
2016-12-26 13:54:00+05:30,555,555,554.65,554.65,3309,
2016-12-26 13:55:00+05:30,554.95,555,554.65,555,2031,
2016-12-26 13:56:00+05:30,555,555,554.6,554.95,2102,
2016-12-26 13:57:00+05:30,554.95,555.4,554.65,555,1539,
2016-12-26 13:58:00+05:30,555,555.2,555,555.2,1263,
2016-12-26 13:59:00+05:30,555.2,555.5,555.15,555.3,1128,
2016-12-26 14:00:00+05:30,555.5,555.55,555.25,555.45,1017,
2016-12-26 14:01:00+05:30,555.45,555.55,554.7,555.2,4812,
2016-12-26 14:02:00+05:30,555.2,555.4,554.85,555.3,1105,
2016-12-26 14:03:00+05:30,555.3,555.4,555.05,555.35,2056,
2016-12-26 14:04:00+05:30,555.35,555.45,555,555.3,1119,
2016-12-26 14:05:00+05:30,555.3,555.4,554.7,554.85,1031,
2016-12-26 14:06:00+05:30,555,555.3,554.7,555.25,4670,
2016-12-26 14:07:00+05:30,555.25,555.25,554.8,555.15,1946,
2016-12-26 14:08:00+05:30,555.15,555.2,554.8,555,1383,
2016-12-26 14:09:00+05:30,555,555.15,554.8,555.15,1607,
2016-12-26 14:10:00+05:30,555.15,555.25,554.8,555.25,1605,
2016-12-26 14:11:00+05:30,555.25,555.3,554.7,554.7,1667,
2016-12-26 14:12:00+05:30,555,555,554.7,555,1486,
2016-12-26 14:13:00+05:30,555,555,554,554.35,9903,
2016-12-26 14:14:00+05:30,554.35,554.65,554,554.15,4195,
2016-12-26 14:15:00+05:30,554.6,554.6,554,554.15,1385,
2016-12-26 14:16:00+05:30,554.5,554.55,554.1,554.35,2459,
2016-12-26 14:17:00+05:30,554.4,554.4,554,554.2,5509,
2016-12-26 14:18:00+05:30,554.4,554.7,554.2,554.35,2572,
2016-12-26 14:19:00+05:30,554.6,554.95,554.4,554.8,1570,
2016-12-26 14:20:00+05:30,554.9,554.95,554.45,554.95,1279,
2016-12-26 14:21:00+05:30,554.95,555,554.6,554.9,1038,
2016-12-26 14:22:00+05:30,554.9,555.1,554.6,555.05,2179,
2016-12-26 14:23:00+05:30,555.2,555.8,554.8,555.6,9061,
2016-12-26 14:24:00+05:30,555.7,555.7,555.2,555.5,4319,
2016-12-26 14:25:00+05:30,555.5,555.7,555.2,555.2,2936,
2016-12-26 14:26:00+05:30,555.5,555.5,555.1,555.45,1551,
2016-12-26 14:27:00+05:30,555.45,555.6,555.05,555.45,2423,
2016-12-26 14:28:00+05:30,555.45,555.5,555,555.2,1483,
2016-12-26 14:29:00+05:30,555,555.25,554.6,555.25,1686,
2016-12-26 14:30:00+05:30,554.8,555.35,554.8,555,2068,
2016-12-26 14:31:00+05:30,555.2,555.2,554,554.35,1720,
2016-12-26 14:32:00+05:30,554.35,554.75,554,554.35,7008,
2016-12-26 14:33:00+05:30,554.4,554.7,554.05,554.35,4196,
2016-12-26 14:34:00+05:30,554.35,554.45,554.05,554.1,1515,
2016-12-26 14:35:00+05:30,554.3,554.55,554.05,554.2,2059,
2016-12-26 14:36:00+05:30,554.2,554.2,552,552.15,29183,
2016-12-26 14:37:00+05:30,552.35,553.5,552.05,552.75,5819,
2016-12-26 14:38:00+05:30,553,553,548.15,549.4,50176,
2016-12-26 14:39:00+05:30,549.5,552.05,549.5,551.9,13621,
2016-12-26 14:40:00+05:30,551.85,552.45,551.2,551.95,11331,
2016-12-26 14:41:00+05:30,552,552.55,551.4,551.7,7505,
2016-12-26 14:42:00+05:30,551.7,552.15,551.65,551.9,1272,
2016-12-26 14:43:00+05:30,551.8,552,550.25,550.6,11298,
2016-12-26 14:44:00+05:30,551.2,551.3,550.8,550.9,2336,
2016-12-26 14:45:00+05:30,550.9,551.65,550.9,551.15,8380,
2016-12-26 14:46:00+05:30,551.15,551.6,551,551.05,5518,
2016-12-26 14:47:00+05:30,551.4,551.5,551.1,551.3,2272,
2016-12-26 14:48:00+05:30,551.3,551.4,550.6,550.6,9964,
2016-12-26 14:49:00+05:30,551,552,550.65,551.55,19888,
2016-12-26 14:50:00+05:30,551.6,553,551.55,553,19572,
2016-12-26 14:51:00+05:30,553,553.95,552.5,553,33828,
2016-12-26 14:52:00+05:30,553,554,553,553.75,6366,
2016-12-26 14:53:00+05:30,553.6,554.4,553.6,554.05,8202,
2016-12-26 14:54:00+05:30,554.2,554.4,554,554,7255,
2016-12-26 14:55:00+05:30,554.15,555.5,554,554.75,26392,
2016-12-26 14:56:00+05:30,554.85,555.5,554.75,555,15172,
2016-12-26 14:57:00+05:30,555.3,555.35,555,555.3,3620,
2016-12-26 14:58:00+05:30,555,555.4,555,555,6560,
2016-12-26 14:59:00+05:30,555.2,556,555,555.85,16882,
2016-12-26 15:00:00+05:30,556,556,555.5,555.55,9524,
2016-12-26 15:01:00+05:30,555.75,556.2,555.75,556.15,8080,
2016-12-26 15:02:00+05:30,556.15,556.2,555.5,555.75,6750,
2016-12-26 15:03:00+05:30,555.55,555.95,555.5,555.7,7124,
2016-12-26 15:04:00+05:30,555.7,555.95,554.95,554.95,14609,
2016-12-26 15:05:00+05:30,554.95,555.4,554.75,555.1,7077,
2016-12-26 15:06:00+05:30,555.1,555.4,554.5,555.4,8427,
2016-12-26 15:07:00+05:30,555.35,555.35,554.75,554.8,6631,
2016-12-26 15:08:00+05:30,555.2,555.4,554.8,555.4,8662,
2016-12-26 15:09:00+05:30,555.5,555.7,555.05,555.25,10524,
2016-12-26 15:10:00+05:30,555.4,555.45,555,555.1,11684,
2016-12-26 15:11:00+05:30,555.4,555.45,554.7,554.85,13322,
2016-12-26 15:12:00+05:30,554.85,555,554.2,554.8,18606,
2016-12-26 15:13:00+05:30,554.1,554.8,554,554.5,15396,
2016-12-26 15:14:00+05:30,554.4,554.5,554.05,554.4,11364,
2016-12-26 15:15:00+05:30,554.25,554.5,553.2,554.5,22109,
2016-12-26 15:16:00+05:30,554.05,554.9,553.5,554.9,32533,
2016-12-26 15:17:00+05:30,554.9,555,554.15,554.8,7755,
2016-12-26 15:18:00+05:30,554.95,555.35,554.8,555.35,14963,
2016-12-26 15:19:00+05:30,555.35,555.85,555.25,555.5,12262,
2016-12-26 15:20:00+05:30,555.5,556,555.45,555.95,19701,
2016-12-26 15:21:00+05:30,555.95,556,553.1,555.2,69990,
2016-12-26 15:22:00+05:30,555.35,555.5,554.3,555.5,19422,
2016-12-26 15:23:00+05:30,555.5,555.95,554.75,554.95,10076,
2016-12-26 15:24:00+05:30,555,555.7,555,555.4,8741,
2016-12-26 15:25:00+05:30,555.45,555.5,554.75,555.2,11105,
2016-12-26 15:26:00+05:30,555.2,555.2,554.6,555,8780,
2016-12-26 15:27:00+05:30,555.1,555.35,555,555.35,11689,
2016-12-26 15:28:00+05:30,555.25,555.35,554.65,555.2,10096,
2016-12-26 15:29:00+05:30,555.2,555.3,555,555.3,10636,
2016-12-27 09:15:00+05:30,558.05,559.8,555.15,559.05,18045,
2016-12-27 09:16:00+05:30,559.05,562.25,559.05,562.25,15263,
2016-12-27 09:17:00+05:30,562.25,562.25,561,561.1,16655,
2016-12-27 09:18:00+05:30,561.1,561.65,561,561.4,7993,
2016-12-27 09:19:00+05:30,561.4,561.45,560.35,560.6,7393,
2016-12-27 09:20:00+05:30,560.55,561,560.25,560.55,8887,
2016-12-27 09:21:00+05:30,560.55,560.55,560,560,7959,
2016-12-27 09:22:00+05:30,560,560.4,559.4,559.4,9809,
2016-12-27 09:23:00+05:30,559.4,559.75,558.85,559.5,4094,
2016-12-27 09:24:00+05:30,559.5,560.45,559.5,559.85,7148,
2016-12-27 09:25:00+05:30,559.85,560.15,559.55,559.95,5618,
2016-12-27 09:26:00+05:30,559.7,559.95,559.65,559.95,1245,
2016-12-27 09:27:00+05:30,559.95,559.95,559.35,559.95,2309,
2016-12-27 09:28:00+05:30,559.95,560.35,559.6,560.35,2268,
2016-12-27 09:29:00+05:30,560.4,560.7,559.9,560.4,8101,
2016-12-27 09:30:00+05:30,560.4,560.7,560.4,560.4,2903,
2016-12-27 09:31:00+05:30,560.4,561.8,560.4,561.45,3254,
2016-12-27 09:32:00+05:30,561.7,561.95,561.25,561.65,4089,
2016-12-27 09:33:00+05:30,561.8,564.85,561.8,564.5,25086,
2016-12-27 09:34:00+05:30,564.6,564.6,564,564.15,9674,
2016-12-27 09:35:00+05:30,564.3,564.6,563.4,563.55,9429,
2016-12-27 09:36:00+05:30,563.55,563.55,562.15,563,4976,
2016-12-27 09:37:00+05:30,562.9,563,562.4,562.65,5081,
2016-12-27 09:38:00+05:30,562.65,562.65,561.55,561.55,6967,
2016-12-27 09:39:00+05:30,561.55,562.2,561.55,562.2,1955,
2016-12-27 09:40:00+05:30,562.2,562.75,562.2,562.35,2157,
2016-12-27 09:41:00+05:30,562.35,562.65,562,562,2368,
2016-12-27 09:42:00+05:30,562,562.55,561.7,562.2,3868,
2016-12-27 09:43:00+05:30,562.2,562.2,561.3,561.3,3249,
2016-12-27 09:44:00+05:30,561.3,561.3,560.4,561.2,3189,
2016-12-27 09:45:00+05:30,561.2,561.2,560.7,561,1734,
2016-12-27 09:46:00+05:30,561.1,561.8,561,561.8,2294,
2016-12-27 09:47:00+05:30,561.75,562.25,561.5,562.25,2988,
2016-12-27 09:48:00+05:30,562.25,563.4,562.25,563.4,5412,
2016-12-27 09:49:00+05:30,563.4,564.4,563,564,12190,
2016-12-27 09:50:00+05:30,564,564.8,563.9,564.8,10215,
2016-12-27 09:51:00+05:30,564.75,566,564.4,565.75,18076,
2016-12-27 09:52:00+05:30,565.5,566.05,565,565.45,16829,
2016-12-27 09:53:00+05:30,565.7,565.95,565.35,565.6,6590,
2016-12-27 09:54:00+05:30,565.9,566,565.7,565.7,5546,
2016-12-27 09:55:00+05:30,565.75,566,565.6,565.9,4921,
2016-12-27 09:56:00+05:30,565.95,565.95,565.5,565.5,4561,
2016-12-27 09:57:00+05:30,565.5,565.95,565,565.9,5084,
2016-12-27 09:58:00+05:30,565.55,566.2,565.4,565.8,12355,
2016-12-27 09:59:00+05:30,565.8,566,565.2,565.8,8022,
2016-12-27 10:00:00+05:30,565.4,565.9,565.3,565.8,4338,
2016-12-27 10:01:00+05:30,565.8,565.8,565.3,565.75,2287,
2016-12-27 10:02:00+05:30,565.75,565.75,565.3,565.5,1574,
2016-12-27 10:03:00+05:30,565.65,565.95,565.3,565.9,2003,
2016-12-27 10:04:00+05:30,565.9,565.95,565.3,565.7,1968,
2016-12-27 10:05:00+05:30,565.7,565.9,565.35,565.85,2057,
2016-12-27 10:06:00+05:30,565.85,565.85,565.35,565.7,2501,
2016-12-27 10:07:00+05:30,565.7,565.7,565.15,565.7,2724,
2016-12-27 10:08:00+05:30,565.7,565.9,565.45,565.7,2372,
2016-12-27 10:09:00+05:30,565.7,565.85,565.45,565.8,2862,
2016-12-27 10:10:00+05:30,565.8,565.8,565.35,565.65,1120,
2016-12-27 10:11:00+05:30,565.45,565.6,565.05,565.2,3166,
2016-12-27 10:12:00+05:30,565.2,565.35,564.5,565,8242,
2016-12-27 10:13:00+05:30,565,565,564.5,564.9,2889,
2016-12-27 10:14:00+05:30,564.9,564.9,564.65,564.85,2140,
2016-12-27 10:15:00+05:30,564.9,565,564.85,564.95,4020,
2016-12-27 10:16:00+05:30,565,565.6,564.95,565.6,6675,
2016-12-27 10:17:00+05:30,565.6,565.6,565,565.1,3180,
2016-12-27 10:18:00+05:30,565.2,565.45,565.2,565.3,670,
2016-12-27 10:19:00+05:30,565.2,565.7,565.2,565.45,2825,
2016-12-27 10:20:00+05:30,565.65,565.9,565.3,565.3,3627,
2016-12-27 10:21:00+05:30,565.7,565.9,565.35,565.45,2322,
2016-12-27 10:22:00+05:30,565.45,565.9,565.4,565.55,2191,
2016-12-27 10:23:00+05:30,565.55,565.9,565.45,565.9,545,
2016-12-27 10:24:00+05:30,565.9,565.9,565.55,565.8,778,
2016-12-27 10:25:00+05:30,565.8,565.85,565.55,565.85,249,
2016-12-27 10:26:00+05:30,565.85,565.85,565.5,565.85,1470,
2016-12-27 10:27:00+05:30,565.5,565.85,565.5,565.7,525,
2016-12-27 10:28:00+05:30,565.45,565.7,565.3,565.3,1747,
2016-12-27 10:29:00+05:30,565.3,565.4,565,565.3,4218,
2016-12-27 10:30:00+05:30,565.3,565.45,564.5,564.5,2740,
2016-12-27 10:31:00+05:30,564.7,565,564.7,565,2714,
2016-12-27 10:32:00+05:30,565,565,564.1,564.25,1372,
2016-12-27 10:33:00+05:30,564.45,564.85,564.25,564.85,3382,
2016-12-27 10:34:00+05:30,564.85,565.3,564.3,564.4,4392,
2016-12-27 10:35:00+05:30,564.4,564.4,563.6,563.6,8047,
2016-12-27 10:36:00+05:30,563.7,563.85,563.4,563.6,4955,
2016-12-27 10:37:00+05:30,563.6,564,563.5,564,4543,
2016-12-27 10:38:00+05:30,563.85,564.5,563.6,564.5,4833,
2016-12-27 10:39:00+05:30,564.5,564.65,564.25,564.65,1299,
2016-12-27 10:40:00+05:30,564.65,564.8,564.55,564.75,885,
2016-12-27 10:41:00+05:30,564.75,564.8,564.6,564.75,557,
2016-12-27 10:42:00+05:30,564.75,565.2,564.75,565.2,2555,
2016-12-27 10:43:00+05:30,565.2,565.2,564.55,564.85,1023,
2016-12-27 10:44:00+05:30,564.85,564.85,564.5,564.85,290,
2016-12-27 10:45:00+05:30,564.85,564.85,564.6,564.6,823,
2016-12-27 10:46:00+05:30,564.6,564.9,564.55,564.75,1364,
2016-12-27 10:47:00+05:30,564.75,564.75,564.5,564.75,731,
2016-12-27 10:48:00+05:30,564.75,564.9,564.75,564.9,1285,
2016-12-27 10:49:00+05:30,564.5,564.9,564.5,564.85,707,
2016-12-27 10:50:00+05:30,564.85,564.9,564.6,564.75,303,
2016-12-27 10:51:00+05:30,564.75,564.85,564.65,564.65,133,
2016-12-27 10:52:00+05:30,564.7,564.7,564.5,564.5,595,
2016-12-27 10:53:00+05:30,564.65,564.65,564.25,564.5,323,
2016-12-27 10:54:00+05:30,564.5,564.5,564,564.2,901,
2016-12-27 10:55:00+05:30,564.3,564.3,564,564.2,1025,
2016-12-27 10:56:00+05:30,564.2,564.2,564,564.2,1239,
2016-12-27 10:57:00+05:30,564.2,564.3,564,564.2,705,
2016-12-27 10:58:00+05:30,564.2,564.2,564,564.2,699,
2016-12-27 10:59:00+05:30,564.2,564.65,564.2,564.65,957,
2016-12-27 11:00:00+05:30,564.65,564.9,564,564.5,1406,
2016-12-27 11:01:00+05:30,564.5,564.7,564.5,564.65,7317,
2016-12-27 11:02:00+05:30,564.65,564.7,564.35,564.7,787,
2016-12-27 11:03:00+05:30,564.7,564.7,564.15,564.15,206,
2016-12-27 11:04:00+05:30,564.15,564.4,564.15,564.35,267,
2016-12-27 11:05:00+05:30,564.4,564.45,564.4,564.4,954,
2016-12-27 11:06:00+05:30,564.5,564.5,564.1,564.1,264,
2016-12-27 11:07:00+05:30,564.1,564.45,564.1,564.15,2158,
2016-12-27 11:08:00+05:30,564.15,564.4,563.65,564.4,2961,
2016-12-27 11:09:00+05:30,564.4,564.45,564,564.3,1841,
2016-12-27 11:10:00+05:30,564.3,564.3,564,564,1563,
2016-12-27 11:11:00+05:30,564,564.3,564,564.3,517,
2016-12-27 11:12:00+05:30,564.3,564.3,564,564,2400,
2016-12-27 11:13:00+05:30,564,564,563.9,564,261,
2016-12-27 11:14:00+05:30,564,564,563.65,563.65,997,
2016-12-27 11:15:00+05:30,563.8,564,563.65,563.8,821,
2016-12-27 11:16:00+05:30,563.8,564,563.8,564,2686,
2016-12-27 11:17:00+05:30,564,564.5,564,564.5,3537,
2016-12-27 11:18:00+05:30,564.5,564.5,564,564.05,1323,
2016-12-27 11:19:00+05:30,564.05,564.3,564,564,713,
2016-12-27 11:20:00+05:30,564,564,563.55,563.95,1661,
2016-12-27 11:21:00+05:30,563.95,563.95,563.2,563.2,1266,
2016-12-27 11:22:00+05:30,563.2,563.4,563,563.1,3153,
2016-12-27 11:23:00+05:30,563.1,563.2,562.65,562.8,3613,
2016-12-27 11:24:00+05:30,562.8,563.1,562.6,563,4651,
2016-12-27 11:25:00+05:30,563,563.2,563,563.2,829,
2016-12-27 11:26:00+05:30,563.2,563.2,562.6,562.6,1281,
2016-12-27 11:27:00+05:30,562.6,562.75,562.2,562.75,1470,
2016-12-27 11:28:00+05:30,562.75,563,562.7,562.8,2235,
2016-12-27 11:29:00+05:30,562.8,562.8,562.55,562.55,355,
2016-12-27 11:30:00+05:30,562.55,562.75,562.5,562.55,1422,
2016-12-27 11:31:00+05:30,562.5,562.55,562,562,1556,
2016-12-27 11:32:00+05:30,562.3,562.3,561.6,561.85,6994,
2016-12-27 11:33:00+05:30,561.85,562.45,561.65,562.3,824,
2016-12-27 11:34:00+05:30,562.4,562.45,562.05,562.05,1698,
2016-12-27 11:35:00+05:30,562.05,562.05,561.6,561.6,1080,
2016-12-27 11:36:00+05:30,561.5,561.6,561.3,561.4,1693,
2016-12-27 11:37:00+05:30,561.4,561.5,561.1,561.25,5070,
2016-12-27 11:38:00+05:30,561.25,562,561.25,561.9,1961,
2016-12-27 11:39:00+05:30,561.9,561.9,561.45,561.9,1260,
2016-12-27 11:40:00+05:30,561.9,561.9,561.5,561.8,2075,
2016-12-27 11:41:00+05:30,561.8,561.9,561.6,561.85,651,
2016-12-27 11:42:00+05:30,561.85,562,561.7,561.9,3091,
2016-12-27 11:43:00+05:30,561.9,562.3,561.85,562.25,2860,
2016-12-27 11:44:00+05:30,562.2,562.85,562.2,562.75,3675,
2016-12-27 11:45:00+05:30,562.7,562.85,561.9,562.6,3998,
2016-12-27 11:46:00+05:30,562.6,562.9,562.35,562.35,685,
2016-12-27 11:47:00+05:30,562.55,562.55,562.1,562.45,1295,
2016-12-27 11:48:00+05:30,562.45,562.5,562.15,562.2,527,
2016-12-27 11:49:00+05:30,562.3,562.35,562,562.35,1590,
2016-12-27 11:50:00+05:30,562.35,562.5,562.2,562.45,632,
2016-12-27 11:51:00+05:30,562.45,562.55,562.3,562.3,620,
2016-12-27 11:52:00+05:30,562.3,562.4,561.8,561.8,1748,
2016-12-27 11:53:00+05:30,561.8,562,561.3,561.3,4007,
2016-12-27 11:54:00+05:30,561.4,561.4,561,561.1,6245,
2016-12-27 11:55:00+05:30,561.05,561.1,560.5,560.75,3714,
2016-12-27 11:56:00+05:30,560.75,560.75,560.5,560.55,9724,
2016-12-27 11:57:00+05:30,560.45,561,560.45,561,6571,
2016-12-27 11:58:00+05:30,561,561.6,561,561.05,7522,
2016-12-27 11:59:00+05:30,561.05,561.2,561.05,561.05,466,
2016-12-27 12:00:00+05:30,561.05,561.5,561.05,561.5,2366,
2016-12-27 12:01:00+05:30,561.5,561.5,561.2,561.35,271,
2016-12-27 12:02:00+05:30,561.3,561.35,561,561,7167,
2016-12-27 12:03:00+05:30,561,561.05,561,561,2654,
2016-12-27 12:04:00+05:30,561,561.05,561,561,956,
2016-12-27 12:05:00+05:30,561.5,561.6,561.05,561.5,1087,
2016-12-27 12:06:00+05:30,561.5,561.75,561.5,561.75,1431,
2016-12-27 12:07:00+05:30,561.75,561.9,561.75,561.9,876,
2016-12-27 12:08:00+05:30,561.85,562.4,561.85,562.4,1676,
2016-12-27 12:09:00+05:30,562.4,562.45,562.1,562.1,962,
2016-12-27 12:10:00+05:30,562.1,562.45,562.1,562.35,291,
2016-12-27 12:11:00+05:30,562.35,562.6,562.3,562.5,1227,
2016-12-27 12:12:00+05:30,562.45,562.55,562.4,562.4,597,
2016-12-27 12:13:00+05:30,562.4,563.25,562.3,563.25,6625,
2016-12-27 12:14:00+05:30,563.25,563.25,562.55,562.9,3633,
2016-12-27 12:15:00+05:30,562.9,563,562.9,563,634,
2016-12-27 12:16:00+05:30,563,563,562.75,563,1631,
2016-12-27 12:17:00+05:30,563,563.6,563,563.1,1781,
2016-12-27 12:18:00+05:30,563.1,563.5,563,563.05,388,
2016-12-27 12:19:00+05:30,563.05,563.4,562.85,562.85,489,
2016-12-27 12:20:00+05:30,562.9,562.95,562.75,562.85,1806,
2016-12-27 12:21:00+05:30,562.85,562.9,562.25,562.25,690,
2016-12-27 12:22:00+05:30,562.25,562.6,562.25,562.4,282,
2016-12-27 12:23:00+05:30,562.5,562.55,562,562.4,3767,
2016-12-27 12:24:00+05:30,562.4,562.5,562.1,562.3,437,
2016-12-27 12:25:00+05:30,562.3,562.4,562,562.05,831,
2016-12-27 12:26:00+05:30,562.05,562.5,562.05,562.5,736,
2016-12-27 12:27:00+05:30,562.45,562.5,562.4,562.45,159,
2016-12-27 12:28:00+05:30,562.45,562.5,562.4,562.4,265,
2016-12-27 12:29:00+05:30,562.45,562.5,562.2,562.4,493,
2016-12-27 12:30:00+05:30,562.4,562.5,562.35,562.5,1580,
2016-12-27 12:31:00+05:30,562.5,562.9,562.3,562.7,1692,
2016-12-27 12:32:00+05:30,562.5,562.65,562.1,562.4,831,
2016-12-27 12:33:00+05:30,562.4,562.6,562.05,562.05,1343,
2016-12-27 12:34:00+05:30,562.05,562.45,562,562.2,925,
2016-12-27 12:35:00+05:30,562.2,562.75,561.8,562.4,888,
2016-12-27 12:36:00+05:30,562.4,562.4,562.05,562.25,286,
2016-12-27 12:37:00+05:30,562.25,562.3,561.75,562,767,
2016-12-27 12:38:00+05:30,561.95,562.1,561.55,561.75,638,
2016-12-27 12:39:00+05:30,561.75,561.85,561.35,561.7,1255,
2016-12-27 12:40:00+05:30,561.65,561.65,561.1,561.2,2086,
2016-12-27 12:41:00+05:30,561.15,561.5,561,561.5,2131,
2016-12-27 12:42:00+05:30,561.65,561.75,561,561.65,510,
2016-12-27 12:43:00+05:30,561.65,561.7,561.1,561.5,698,
2016-12-27 12:44:00+05:30,561.55,561.7,561.05,561.6,1398,
2016-12-27 12:45:00+05:30,561.6,561.6,561.05,561.25,1337,
2016-12-27 12:46:00+05:30,561.25,561.4,561.05,561.4,481,
2016-12-27 12:47:00+05:30,561.35,561.5,561,561.4,795,
2016-12-27 12:48:00+05:30,561,561.45,561,561.45,3819,
2016-12-27 12:49:00+05:30,561.45,561.45,561,561,5572,
2016-12-27 12:50:00+05:30,561.1,561.75,561.1,561.6,2701,
2016-12-27 12:51:00+05:30,561.7,561.7,561.15,561.6,1332,
2016-12-27 12:52:00+05:30,561.35,561.6,561.25,561.55,379,
2016-12-27 12:53:00+05:30,561.55,562,561.15,562,1611,
2016-12-27 12:54:00+05:30,562,562.35,561.8,562.2,669,
2016-12-27 12:55:00+05:30,562.2,562.3,561.85,562.3,526,
2016-12-27 12:56:00+05:30,562.3,562.3,561.8,562.15,1745,
2016-12-27 12:57:00+05:30,561.85,562.2,561.7,562.05,1622,
2016-12-27 12:58:00+05:30,562.1,562.1,561.55,561.95,1700,
2016-12-27 12:59:00+05:30,561.95,562,561.55,561.95,2233,
2016-12-27 13:00:00+05:30,561.95,561.95,561.55,561.75,365,
2016-12-27 13:01:00+05:30,561.75,563.15,561.15,561.7,19880,
2016-12-27 13:02:00+05:30,561.8,562.35,561.75,562.3,634,
2016-12-27 13:03:00+05:30,562.3,562.35,561.8,562.3,617,
2016-12-27 13:04:00+05:30,562.3,562.85,561.85,562.85,779,
2016-12-27 13:05:00+05:30,562.9,563,562.75,563,811,
2016-12-27 13:06:00+05:30,563,563.4,562.95,563.35,544,
2016-12-27 13:07:00+05:30,563.35,563.5,563.1,563.5,1315,
2016-12-27 13:08:00+05:30,563.5,563.5,563.15,563.35,1044,
2016-12-27 13:09:00+05:30,563.35,563.4,563.1,563.2,772,
2016-12-27 13:10:00+05:30,563.2,563.5,563,563.5,1906,
2016-12-27 13:11:00+05:30,563.5,563.5,563.05,563.45,2129,
2016-12-27 13:12:00+05:30,563.45,563.6,563.05,563.55,1364,
2016-12-27 13:13:00+05:30,563.55,563.55,563.05,563.3,884,
2016-12-27 13:14:00+05:30,563.3,563.35,563.05,563.3,454,
2016-12-27 13:15:00+05:30,563.3,563.45,563.25,563.45,2274,
2016-12-27 13:16:00+05:30,563.45,563.45,563.3,563.4,536,
2016-12-27 13:17:00+05:30,563.4,563.4,563.25,563.4,393,
2016-12-27 13:18:00+05:30,563.4,563.4,563.25,563.4,326,
2016-12-27 13:19:00+05:30,563.4,563.4,563.25,563.3,472,
2016-12-27 13:20:00+05:30,563.25,563.6,563,563.2,3613,
2016-12-27 13:21:00+05:30,563.2,563.2,562.7,563.2,1564,
2016-12-27 13:22:00+05:30,563.2,563.45,563.15,563.35,458,
2016-12-27 13:23:00+05:30,563.35,563.4,563.05,563.2,267,
2016-12-27 13:24:00+05:30,563.2,563.2,562.85,563,712,
2016-12-27 13:25:00+05:30,563,563.3,562.95,563,999,
2016-12-27 13:26:00+05:30,562.95,563.25,562.95,562.95,221,
2016-12-27 13:27:00+05:30,563,563,562.9,563,518,
2016-12-27 13:28:00+05:30,563,563.3,563,563.3,581,
2016-12-27 13:29:00+05:30,563.3,563.5,562.95,563.25,2920,
2016-12-27 13:30:00+05:30,563.25,564.15,563.05,564.15,6018,
2016-12-27 13:31:00+05:30,564.05,564.35,563.85,564.1,8134,
2016-12-27 13:32:00+05:30,564.1,564.4,564.05,564.4,435,
2016-12-27 13:33:00+05:30,564.35,564.4,563.75,564.05,1788,
2016-12-27 13:34:00+05:30,564.05,564.05,563.5,563.9,612,
2016-12-27 13:35:00+05:30,563.9,564.2,563.75,563.9,461,
2016-12-27 13:36:00+05:30,563.85,564.1,563.8,564,1437,
2016-12-27 13:37:00+05:30,564,564.4,563.95,564.4,679,
2016-12-27 13:38:00+05:30,564.4,564.4,563.95,564.3,2672,
2016-12-27 13:39:00+05:30,564.3,564.35,563.5,563.7,895,
2016-12-27 13:40:00+05:30,563.7,564.1,563.65,563.95,911,
2016-12-27 13:41:00+05:30,563.95,564.05,563.55,563.65,745,
2016-12-27 13:42:00+05:30,564.1,564.15,563.65,563.7,405,
2016-12-27 13:43:00+05:30,563.8,564,563.7,563.95,271,
2016-12-27 13:44:00+05:30,564,564.25,563.9,563.95,1568,
2016-12-27 13:45:00+05:30,563.85,564.45,563.85,564.4,1851,
2016-12-27 13:46:00+05:30,564.4,564.45,563.25,563.75,1816,
2016-12-27 13:47:00+05:30,563.85,564,563.75,564,585,
2016-12-27 13:48:00+05:30,564,564.3,563.65,564.15,654,
2016-12-27 13:49:00+05:30,564.15,564.35,563.7,564,1018,
2016-12-27 13:50:00+05:30,564,564.3,564,564.15,661,
2016-12-27 13:51:00+05:30,564.25,564.25,563.8,564.1,888,
2016-12-27 13:52:00+05:30,564.15,564.15,563.75,563.8,649,
2016-12-27 13:53:00+05:30,563.75,563.8,563.2,563.45,1557,
2016-12-27 13:54:00+05:30,563.45,563.9,563.4,563.9,1166,
2016-12-27 13:55:00+05:30,563.85,564,563.85,563.95,1612,
2016-12-27 13:56:00+05:30,563.95,564,563.65,563.7,773,
2016-12-27 13:57:00+05:30,564,564,563.55,563.95,2275,
2016-12-27 13:58:00+05:30,563.95,564.2,563.8,564.2,2001,
2016-12-27 13:59:00+05:30,564.2,564.25,564,564.05,744,
2016-12-27 14:00:00+05:30,564.15,564.2,563.9,563.9,2504,
2016-12-27 14:01:00+05:30,564,564.1,563.6,563.95,900,
2016-12-27 14:02:00+05:30,563.9,564,563.65,564,644,
2016-12-27 14:03:00+05:30,564,564.15,563.9,564,1506,
2016-12-27 14:04:00+05:30,564.05,564.45,564,564.45,1364,
2016-12-27 14:05:00+05:30,564.45,564.5,564.25,564.5,841,
2016-12-27 14:06:00+05:30,564.5,564.5,564.05,564.35,1680,
2016-12-27 14:07:00+05:30,564.35,564.4,563.65,563.65,1493,
2016-12-27 14:08:00+05:30,563.95,564.2,563.8,563.8,524,
2016-12-27 14:09:00+05:30,563.8,564.1,563.75,563.9,1433,
2016-12-27 14:10:00+05:30,564,564,562.3,562.5,2567,
2016-12-27 14:11:00+05:30,562.5,562.7,562,562.3,1471,
2016-12-27 14:12:00+05:30,562.3,562.95,562.25,562.95,4669,
2016-12-27 14:13:00+05:30,562.95,563,562.55,563,1076,
2016-12-27 14:14:00+05:30,563,563.15,562.1,562.6,2431,
2016-12-27 14:15:00+05:30,562.65,562.7,562.1,562.5,1146,
2016-12-27 14:16:00+05:30,562.2,562.55,562.15,562.5,1312,
2016-12-27 14:17:00+05:30,562.55,562.55,562.3,562.55,799,
2016-12-27 14:18:00+05:30,562.55,562.65,562.5,562.6,1378,
2016-12-27 14:19:00+05:30,562.6,562.6,562.1,562.3,1434,
2016-12-27 14:20:00+05:30,562.65,562.95,562.1,562.95,1595,
2016-12-27 14:21:00+05:30,562.95,562.95,562.5,562.55,764,
2016-12-27 14:22:00+05:30,562.6,562.6,562.4,562.5,560,
2016-12-27 14:23:00+05:30,562.5,562.5,562.25,562.5,568,
2016-12-27 14:24:00+05:30,562.5,562.65,562.5,562.6,1145,
2016-12-27 14:25:00+05:30,562.6,562.95,562.55,562.9,730,
2016-12-27 14:26:00+05:30,562.95,562.95,562.5,562.7,1876,
2016-12-27 14:27:00+05:30,562.65,562.7,562.3,562.3,1168,
2016-12-27 14:28:00+05:30,562,562.35,562,562.3,3792,
2016-12-27 14:29:00+05:30,562.35,562.5,562.1,562.4,1723,
2016-12-27 14:30:00+05:30,562.4,562.5,562,562.35,5285,
2016-12-27 14:31:00+05:30,562.35,562.55,562.3,562.45,1337,
2016-12-27 14:32:00+05:30,562.55,562.7,562.4,562.45,801,
2016-12-27 14:33:00+05:30,562.45,562.5,562.25,562.35,1051,
2016-12-27 14:34:00+05:30,562.35,563.2,562.25,563.2,2726,
2016-12-27 14:35:00+05:30,563.2,563.85,562.8,563.65,4694,
2016-12-27 14:36:00+05:30,563.45,563.55,563,563.45,2469,
2016-12-27 14:37:00+05:30,563.45,564.5,563.15,564,4280,
2016-12-27 14:38:00+05:30,564,565.2,564,565.1,8239,
2016-12-27 14:39:00+05:30,565.1,565.1,564.05,564.45,5975,
2016-12-27 14:40:00+05:30,564.75,565,564.7,565,1645,
2016-12-27 14:41:00+05:30,565,565,564.3,564.3,911,
2016-12-27 14:42:00+05:30,564.3,564.6,563.8,564.25,2023,
2016-12-27 14:43:00+05:30,564.25,564.45,563.8,563.8,992,
2016-12-27 14:44:00+05:30,563.8,563.95,563,563.35,5019,
2016-12-27 14:45:00+05:30,563.35,563.7,563.3,563.5,1397,
2016-12-27 14:46:00+05:30,563.5,563.75,562.9,563.35,3335,
2016-12-27 14:47:00+05:30,563.35,564.35,563.3,564,9107,
2016-12-27 14:48:00+05:30,564,564,563.9,563.9,1228,
2016-12-27 14:49:00+05:30,563.95,564.25,563.95,563.95,2554,
2016-12-27 14:50:00+05:30,563.95,564.2,563.85,564.2,925,
2016-12-27 14:51:00+05:30,564,564.2,563.95,564.1,2024,
2016-12-27 14:52:00+05:30,564.1,564.15,563.5,563.75,877,
2016-12-27 14:53:00+05:30,563.75,563.9,563.55,563.65,896,
2016-12-27 14:54:00+05:30,563.55,564,563.55,564,879,
2016-12-27 14:55:00+05:30,564,564.05,563.6,564.05,632,
2016-12-27 14:56:00+05:30,564.05,564.2,563.9,564.15,1016,
2016-12-27 14:57:00+05:30,564.15,564.2,563.8,564.2,1883,
2016-12-27 14:58:00+05:30,564.2,564.5,563.8,563.8,4086,
2016-12-27 14:59:00+05:30,563.8,564.5,563.8,564.2,3848,
2016-12-27 15:00:00+05:30,564.4,564.8,564.05,564.65,2831,
2016-12-27 15:01:00+05:30,564.65,564.7,563.9,564.2,1261,
2016-12-27 15:02:00+05:30,564.25,564.7,564.25,564.4,1682,
2016-12-27 15:03:00+05:30,564.4,564.4,563.75,564,2241,
2016-12-27 15:04:00+05:30,564,564,563.75,563.95,3710,
2016-12-27 15:05:00+05:30,563.95,564,563.6,564,2688,
2016-12-27 15:06:00+05:30,564,564,563.55,563.95,1149,
2016-12-27 15:07:00+05:30,563.95,564.55,563.85,564.45,7012,
2016-12-27 15:08:00+05:30,564.55,564.6,564.1,564.25,4115,
2016-12-27 15:09:00+05:30,564,564.25,563.65,563.65,2129,
2016-12-27 15:10:00+05:30,563.55,564.45,563.55,564,4049,
2016-12-27 15:11:00+05:30,563.9,564.5,563.6,564.4,4185,
2016-12-27 15:12:00+05:30,564.2,564.5,563.65,564.5,3604,
2016-12-27 15:13:00+05:30,564.2,564.75,564.2,564.6,2767,
2016-12-27 15:14:00+05:30,564.65,564.7,564.15,564.5,2185,
2016-12-27 15:15:00+05:30,564.5,564.75,563.8,564.15,12621,
2016-12-27 15:16:00+05:30,564.2,564.35,563.6,564.25,7597,
2016-12-27 15:17:00+05:30,564.25,564.25,563.5,563.9,2147,
2016-12-27 15:18:00+05:30,563.9,564,563.15,563.65,4899,
2016-12-27 15:19:00+05:30,563.7,563.8,563,563.6,2767,
2016-12-27 15:20:00+05:30,563.6,563.6,562.5,562.8,6801,
2016-12-27 15:21:00+05:30,562.8,563.15,562.1,562.1,20117,
2016-12-27 15:22:00+05:30,562.15,563.25,562.15,563.2,6516,
2016-12-27 15:23:00+05:30,563.35,563.35,563,563.05,3211,
2016-12-27 15:24:00+05:30,563.05,563.5,563.05,563.05,1917,
2016-12-27 15:25:00+05:30,563.25,563.5,563,563,3376,
2016-12-27 15:26:00+05:30,563,563.75,563,563.4,3889,
2016-12-27 15:27:00+05:30,563.4,563.55,563,563.5,5409,
2016-12-27 15:28:00+05:30,563.4,563.65,563.05,563.6,3326,
2016-12-27 15:29:00+05:30,564,564.5,563.05,563.05,20524,
2016-12-28 09:15:00+05:30,566.2,567.5,565.6,565.9,2280,
2016-12-28 09:16:00+05:30,565.9,567.15,565.9,566.8,5220,
2016-12-28 09:17:00+05:30,566.8,566.85,565,565,6182,
2016-12-28 09:18:00+05:30,565.1,565.65,564.8,564.8,4032,
2016-12-28 09:19:00+05:30,564.65,566.8,564.65,566.3,2561,
2016-12-28 09:20:00+05:30,566.3,567.05,566.3,567.05,1730,
2016-12-28 09:21:00+05:30,567.05,568,567,567.9,5854,
2016-12-28 09:22:00+05:30,567.9,568,566.6,567,6540,
2016-12-28 09:23:00+05:30,567,567.1,565.45,566.15,6053,
2016-12-28 09:24:00+05:30,566.15,566.15,565.2,565.6,2214,
2016-12-28 09:25:00+05:30,565.6,565.65,565,565,3339,
2016-12-28 09:26:00+05:30,565,565.3,564.2,564.95,3912,
2016-12-28 09:27:00+05:30,564.95,565,564,564.55,2332,
2016-12-28 09:28:00+05:30,564.55,565,564.55,564.9,2116,
2016-12-28 09:29:00+05:30,564.9,565.65,564.65,565.2,3703,
2016-12-28 09:30:00+05:30,565.2,565.95,565,565.2,1694,
2016-12-28 09:31:00+05:30,565.2,565.7,565.05,565.05,486,
2016-12-28 09:32:00+05:30,565.05,565.4,565.05,565.1,1466,
2016-12-28 09:33:00+05:30,565.1,565.7,565.1,565.6,1533,
2016-12-28 09:34:00+05:30,565.6,565.6,565.05,565.25,1037,
2016-12-28 09:35:00+05:30,565,565.5,564.8,565.45,3479,
2016-12-28 09:36:00+05:30,565.45,565.45,565.2,565.3,411,
2016-12-28 09:37:00+05:30,565.3,565.45,565.15,565.15,1170,
2016-12-28 09:38:00+05:30,565.15,565.45,565,565.3,1137,
2016-12-28 09:39:00+05:30,565.3,565.5,565.1,565.3,914,
2016-12-28 09:40:00+05:30,565.3,565.55,565.25,565.55,1566,
2016-12-28 09:41:00+05:30,565.55,565.6,565.3,565.55,1279,
2016-12-28 09:42:00+05:30,565.55,565.9,565.45,565.5,964,
2016-12-28 09:43:00+05:30,565.5,566,565.5,566,2267,
2016-12-28 09:44:00+05:30,566,566,565.85,565.85,2861,
2016-12-28 09:45:00+05:30,565.7,566.2,565.7,566.2,3277,
2016-12-28 09:46:00+05:30,566.15,566.5,566.05,566.4,1454,
2016-12-28 09:47:00+05:30,566.4,566.45,566.2,566.4,203,
2016-12-28 09:48:00+05:30,566.25,566.4,566.2,566.4,344,
2016-12-28 09:49:00+05:30,566.5,566.7,566.4,566.55,1860,
2016-12-28 09:50:00+05:30,566.55,567,566.45,567,2287,
2016-12-28 09:51:00+05:30,567,568.1,566.8,567.5,6144,
2016-12-28 09:52:00+05:30,567.5,568.15,567.5,567.65,2589,
2016-12-28 09:53:00+05:30,567.95,569,567.9,568.65,6071,
2016-12-28 09:54:00+05:30,568.65,569.5,568.65,569.5,4029,
2016-12-28 09:55:00+05:30,569.5,570,569.05,570,6938,
2016-12-28 09:56:00+05:30,570,570.7,569.65,570.5,13882,
2016-12-28 09:57:00+05:30,570.95,571,570.65,570.85,12452,
2016-12-28 09:58:00+05:30,570.85,571.9,570.85,571.8,5766,
2016-12-28 09:59:00+05:30,571.35,572,571.35,571.85,5411,
2016-12-28 10:00:00+05:30,571.85,572,571.55,571.6,7140,
2016-12-28 10:01:00+05:30,571.6,571.95,571.6,571.6,4195,
2016-12-28 10:02:00+05:30,571.6,571.6,571.1,571.4,2008,
2016-12-28 10:03:00+05:30,571.4,571.45,571.2,571.3,2639,
2016-12-28 10:04:00+05:30,571.3,571.3,570.15,570.4,3024,
2016-12-28 10:05:00+05:30,570.3,570.4,569.25,570,5046,
2016-12-28 10:06:00+05:30,570,570,569.6,569.8,235,
2016-12-28 10:07:00+05:30,569.65,569.65,569.35,569.5,1707,
2016-12-28 10:08:00+05:30,569.5,569.65,569.4,569.65,491,
2016-12-28 10:09:00+05:30,569.65,569.65,569.3,569.3,1582,
2016-12-28 10:10:00+05:30,569.3,569.35,568.8,568.95,2400,
2016-12-28 10:11:00+05:30,568.95,569.6,568.8,568.8,1401,
2016-12-28 10:12:00+05:30,568.8,568.9,568.55,568.8,735,
2016-12-28 10:13:00+05:30,568.8,568.8,568.55,568.8,1345,
2016-12-28 10:14:00+05:30,568.8,568.8,568.15,568.15,1188,
2016-12-28 10:15:00+05:30,568.15,568.8,568.05,568.8,1147,
2016-12-28 10:16:00+05:30,568.8,568.9,568.75,568.8,374,
2016-12-28 10:17:00+05:30,568.8,568.8,568.4,568.4,627,
2016-12-28 10:18:00+05:30,568.4,568.4,568.3,568.4,724,
2016-12-28 10:19:00+05:30,568.4,568.75,568.4,568.75,393,
2016-12-28 10:20:00+05:30,568.75,569,568.7,569,273,
2016-12-28 10:21:00+05:30,569.2,569.4,569.1,569.1,1793,
2016-12-28 10:22:00+05:30,569.1,569.4,569,569.1,507,
2016-12-28 10:23:00+05:30,569,569.75,569,569.4,1874,
2016-12-28 10:24:00+05:30,569.4,569.75,569.15,569.4,1553,
2016-12-28 10:25:00+05:30,569.75,569.75,569,569,394,
2016-12-28 10:26:00+05:30,568.95,569.75,568.95,569.65,1017,
2016-12-28 10:27:00+05:30,569.65,569.7,569.2,569.7,268,
2016-12-28 10:28:00+05:30,569.7,570.5,569.45,570.4,3209,
2016-12-28 10:29:00+05:30,570.45,570.6,569.1,569.1,4757,
2016-12-28 10:30:00+05:30,569.1,569.45,568.7,569.45,2368,
2016-12-28 10:31:00+05:30,569.45,569.8,569.1,569.15,1253,
2016-12-28 10:32:00+05:30,569.05,570.55,569.05,570.55,2024,
2016-12-28 10:33:00+05:30,570.65,570.75,569.6,569.6,3450,
2016-12-28 10:34:00+05:30,569.6,570.45,569.05,570.4,2109,
2016-12-28 10:35:00+05:30,570.4,570.4,569.05,569.35,1807,
2016-12-28 10:36:00+05:30,569.35,569.6,569.05,569.4,687,
2016-12-28 10:37:00+05:30,569.6,570.15,569.6,569.95,3170,
2016-12-28 10:38:00+05:30,569.95,570,569.35,569.5,841,
2016-12-28 10:39:00+05:30,569.75,570.1,569.75,569.85,892,
2016-12-28 10:40:00+05:30,569.85,569.95,569.45,569.6,923,
2016-12-28 10:41:00+05:30,569.6,570,569.6,569.7,2087,
2016-12-28 10:42:00+05:30,569.7,569.7,569.3,569.4,518,
2016-12-28 10:43:00+05:30,569.35,569.35,569,569,1874,
2016-12-28 10:44:00+05:30,569.1,569.1,568.85,568.9,532,
2016-12-28 10:45:00+05:30,569.1,569.1,568.4,568.5,1609,
2016-12-28 10:46:00+05:30,568.5,568.95,568.5,568.95,124,
2016-12-28 10:47:00+05:30,568.9,568.9,568.5,568.85,2358,
2016-12-28 10:48:00+05:30,568.85,568.85,568.25,568.25,1435,
2016-12-28 10:49:00+05:30,568.25,568.65,568.25,568.65,464,
2016-12-28 10:50:00+05:30,568.65,568.65,568.25,568.45,784,
2016-12-28 10:51:00+05:30,568.45,568.65,568.2,568.2,573,
2016-12-28 10:52:00+05:30,568.15,568.2,567.8,567.8,3805,
2016-12-28 10:53:00+05:30,567.4,567.75,567.4,567.6,904,
2016-12-28 10:54:00+05:30,567.6,568,567.6,567.7,905,
2016-12-28 10:55:00+05:30,567.7,567.8,567.5,567.8,1374,
2016-12-28 10:56:00+05:30,567.8,567.8,567.05,567.2,2691,
2016-12-28 10:57:00+05:30,567.15,567.4,567,567.2,1327,
2016-12-28 10:58:00+05:30,567.2,567.2,567,567.05,2736,
2016-12-28 10:59:00+05:30,567,567.2,566.2,566.85,1939,
2016-12-28 11:00:00+05:30,566.85,567,566.6,566.6,1617,
2016-12-28 11:01:00+05:30,566.6,567.05,566.6,566.9,723,
2016-12-28 11:02:00+05:30,567.1,567.1,566.3,566.55,965,
2016-12-28 11:03:00+05:30,566.55,566.55,566.2,566.25,733,
2016-12-28 11:04:00+05:30,566.25,566.55,566.25,566.55,301,
2016-12-28 11:05:00+05:30,566.55,566.85,566.5,566.8,357,
2016-12-28 11:06:00+05:30,566.8,566.95,566.7,566.8,848,
2016-12-28 11:07:00+05:30,566.8,567.4,566.8,567.1,1861,
2016-12-28 11:08:00+05:30,567.1,567.8,567.1,567.6,2038,
2016-12-28 11:09:00+05:30,567.6,567.95,567.6,567.7,892,
2016-12-28 11:10:00+05:30,567.7,567.8,567.45,567.55,650,
2016-12-28 11:11:00+05:30,567.55,567.7,567.5,567.5,1222,
2016-12-28 11:12:00+05:30,567.5,567.8,567.5,567.75,457,
2016-12-28 11:13:00+05:30,567.6,567.7,567.45,567.45,675,
2016-12-28 11:14:00+05:30,567.45,567.45,566.5,566.9,722,
2016-12-28 11:15:00+05:30,566.65,567.45,566.65,566.9,2763,
2016-12-28 11:16:00+05:30,566.9,567.1,566.9,567.1,209,
2016-12-28 11:17:00+05:30,567.1,567.15,567.1,567.1,327,
2016-12-28 11:18:00+05:30,567.1,567.8,567.1,567.8,1034,
2016-12-28 11:19:00+05:30,567.8,567.8,567.05,567.65,1077,
2016-12-28 11:20:00+05:30,567.65,567.65,567.45,567.65,110,
2016-12-28 11:21:00+05:30,567.65,567.95,567.6,567.9,964,
2016-12-28 11:22:00+05:30,567.9,568,567.5,567.6,999,
2016-12-28 11:23:00+05:30,567.7,567.7,567.6,567.6,147,
2016-12-28 11:24:00+05:30,567.7,567.7,567.3,567.35,749,
2016-12-28 11:25:00+05:30,567.25,567.35,567.25,567.35,985,
2016-12-28 11:26:00+05:30,567.35,567.35,566.8,567.15,517,
2016-12-28 11:27:00+05:30,567.15,567.15,567,567,295,
2016-12-28 11:28:00+05:30,567,567.1,567,567.05,191,
2016-12-28 11:29:00+05:30,567,567.45,567,567.2,1172,
2016-12-28 11:30:00+05:30,567.2,567.7,567.15,567.6,668,
2016-12-28 11:31:00+05:30,567.6,567.6,567.1,567.45,440,
2016-12-28 11:32:00+05:30,567.45,567.45,567.4,567.4,50,
2016-12-28 11:33:00+05:30,567.4,567.6,567.2,567.2,1052,
2016-12-28 11:34:00+05:30,567.2,567.4,567.2,567.4,119,
2016-12-28 11:35:00+05:30,567.4,567.4,567.35,567.35,291,
2016-12-28 11:36:00+05:30,567.35,567.4,567.2,567.2,1317,
2016-12-28 11:37:00+05:30,567.2,567.4,567.15,567.4,255,
2016-12-28 11:38:00+05:30,567.4,567.4,567,567,1051,
2016-12-28 11:39:00+05:30,567,567.6,567,567.6,471,
2016-12-28 11:40:00+05:30,567.6,567.7,567.4,567.7,560,
2016-12-28 11:41:00+05:30,567.7,567.7,567.45,567.65,395,
2016-12-28 11:42:00+05:30,567.65,567.85,567.65,567.85,257,
2016-12-28 11:43:00+05:30,567.85,567.9,567.8,567.9,487,
2016-12-28 11:44:00+05:30,567.85,567.95,567.85,567.9,550,
2016-12-28 11:45:00+05:30,567.9,568.25,567.9,568,1958,
2016-12-28 11:46:00+05:30,568.3,568.45,568.05,568.45,1546,
2016-12-28 11:47:00+05:30,568.45,568.5,568.4,568.45,450,
2016-12-28 11:48:00+05:30,568.45,568.65,568.45,568.65,370,
2016-12-28 11:49:00+05:30,568.65,569,568.6,569,1962,
2016-12-28 11:50:00+05:30,569,569,568.55,568.65,1383,
2016-12-28 11:51:00+05:30,568.85,568.95,568.55,568.95,627,
2016-12-28 11:52:00+05:30,568.95,569,568.85,568.85,1042,
2016-12-28 11:53:00+05:30,568.85,568.95,568.8,568.95,601,
2016-12-28 11:54:00+05:30,568.95,569.35,568.95,569.15,1878,
2016-12-28 11:55:00+05:30,569.15,569.35,569.05,569.3,1007,
2016-12-28 11:56:00+05:30,569.3,569.3,569.15,569.2,592,
2016-12-28 11:57:00+05:30,569.2,569.2,569,569,2106,
2016-12-28 11:58:00+05:30,569,569.45,568.5,568.9,2134,
2016-12-28 11:59:00+05:30,568.9,569.5,568.9,569.5,669,
2016-12-28 12:00:00+05:30,569.45,569.5,569,569.2,662,
2016-12-28 12:01:00+05:30,569.2,569.2,568.8,568.85,824,
2016-12-28 12:02:00+05:30,569.1,569.1,568.45,568.45,1228,
2016-12-28 12:03:00+05:30,568.45,568.45,568,568,1251,
2016-12-28 12:04:00+05:30,568,568.2,567.6,567.6,1172,
2016-12-28 12:05:00+05:30,567.7,568.1,567.65,568.1,408,
2016-12-28 12:06:00+05:30,568.1,568.1,567.55,567.9,582,
2016-12-28 12:07:00+05:30,567.55,567.85,567.55,567.85,1416,
2016-12-28 12:08:00+05:30,567.85,567.85,567.65,567.7,460,
2016-12-28 12:09:00+05:30,567.7,568.35,567.7,568.35,277,
2016-12-28 12:10:00+05:30,568.35,568.35,567.95,568,248,
2016-12-28 12:11:00+05:30,568.05,569,568,568.65,2362,
2016-12-28 12:12:00+05:30,568.65,568.65,568.05,568.1,682,
2016-12-28 12:13:00+05:30,568.05,568.2,568.05,568.2,159,
2016-12-28 12:14:00+05:30,568.2,568.35,568.15,568.35,304,
2016-12-28 12:15:00+05:30,568.35,568.65,568.2,568.65,158,
2016-12-28 12:16:00+05:30,568.65,568.65,568.4,568.6,183,
2016-12-28 12:17:00+05:30,568.6,568.6,568.55,568.6,93,
2016-12-28 12:18:00+05:30,568.6,568.6,568.2,568.2,2448,
2016-12-28 12:19:00+05:30,568.2,568.4,568.1,568.4,416,
2016-12-28 12:20:00+05:30,568.4,568.6,568.15,568.6,174,
2016-12-28 12:21:00+05:30,568.6,568.85,568.3,568.7,1190,
2016-12-28 12:22:00+05:30,568.7,568.85,568.7,568.85,28,
2016-12-28 12:23:00+05:30,568.85,568.85,568.75,568.8,212,
2016-12-28 12:24:00+05:30,568.85,568.85,568.55,568.55,157,
2016-12-28 12:25:00+05:30,568.55,568.8,568.4,568.4,257,
2016-12-28 12:26:00+05:30,568.4,568.4,567.85,567.85,2054,
2016-12-28 12:27:00+05:30,567.85,568.35,567.55,568.3,1775,
2016-12-28 12:28:00+05:30,568.3,568.9,568.1,568.9,3713,
2016-12-28 12:29:00+05:30,568.85,568.9,567.95,568.15,2860,
2016-12-28 12:30:00+05:30,568.45,568.45,567.4,567.65,6175,
2016-12-28 12:31:00+05:30,567.85,567.9,567.4,567.55,767,
2016-12-28 12:32:00+05:30,567.55,567.8,567.45,567.5,578,
2016-12-28 12:33:00+05:30,567.5,567.55,567.05,567.05,1231,
2016-12-28 12:34:00+05:30,567.1,567.2,566.9,566.95,2362,
2016-12-28 12:35:00+05:30,566.95,567,566.85,566.95,406,
2016-12-28 12:36:00+05:30,566.85,566.95,566.75,566.9,529,
2016-12-28 12:37:00+05:30,566.9,567,566.85,567,1553,
2016-12-28 12:38:00+05:30,567,567.2,567,567.15,53,
2016-12-28 12:39:00+05:30,567.15,567.55,567.1,567.55,246,
2016-12-28 12:40:00+05:30,567.55,567.65,567.2,567.65,423,
2016-12-28 12:41:00+05:30,567.65,567.95,567.45,567.8,395,
2016-12-28 12:42:00+05:30,567.8,567.95,567.65,567.85,217,
2016-12-28 12:43:00+05:30,567.85,567.85,567.25,567.75,723,
2016-12-28 12:44:00+05:30,567.75,567.75,567.6,567.65,223,
2016-12-28 12:45:00+05:30,567.6,567.7,567.2,567.6,309,
2016-12-28 12:46:00+05:30,567.6,568.65,567.6,568.55,630,
2016-12-28 12:47:00+05:30,568.55,568.6,568.15,568.45,527,
2016-12-28 12:48:00+05:30,568.15,568.45,568.15,568.15,117,
2016-12-28 12:49:00+05:30,568.15,568.4,568.05,568.25,145,
2016-12-28 12:50:00+05:30,568.25,568.4,568.25,568.3,236,
2016-12-28 12:51:00+05:30,568.3,568.4,568.25,568.4,232,
2016-12-28 12:52:00+05:30,568.4,568.4,568.3,568.3,176,
2016-12-28 12:53:00+05:30,568.3,568.4,568.3,568.35,217,
2016-12-28 12:54:00+05:30,568.35,568.4,568.3,568.35,225,
2016-12-28 12:55:00+05:30,568.4,568.4,568.2,568.4,388,
2016-12-28 12:56:00+05:30,568.4,568.4,568.2,568.4,220,
2016-12-28 12:57:00+05:30,568.4,568.4,568.3,568.3,418,
2016-12-28 12:58:00+05:30,568.3,568.8,568.3,568.8,1188,
2016-12-28 12:59:00+05:30,568.8,568.9,568.6,568.85,376,
2016-12-28 13:00:00+05:30,568.9,569.15,568.85,569.15,1428,
2016-12-28 13:01:00+05:30,569,569.1,568.75,568.8,327,
2016-12-28 13:02:00+05:30,568.9,568.9,568.65,568.7,716,
2016-12-28 13:03:00+05:30,568.7,568.95,568.7,568.95,205,
2016-12-28 13:04:00+05:30,568.95,569.05,568.85,568.95,868,
2016-12-28 13:05:00+05:30,568.95,569,568.85,568.95,410,
2016-12-28 13:06:00+05:30,568.95,569,568.9,568.9,870,
2016-12-28 13:07:00+05:30,568.9,569,568.9,568.9,251,
2016-12-28 13:08:00+05:30,568.95,568.95,568.45,568.45,722,
2016-12-28 13:09:00+05:30,568.45,569,568.45,568.9,867,
2016-12-28 13:10:00+05:30,568.95,568.95,568.9,568.95,208,
2016-12-28 13:11:00+05:30,569,569,568.85,569,510,
2016-12-28 13:12:00+05:30,569,569,568.5,568.9,327,
2016-12-28 13:13:00+05:30,568.9,568.95,568.65,568.95,360,
2016-12-28 13:14:00+05:30,568.95,568.95,568.25,568.7,1580,
2016-12-28 13:15:00+05:30,568.7,568.7,568.25,568.65,708,
2016-12-28 13:16:00+05:30,568.5,568.7,568.35,568.7,560,
2016-12-28 13:17:00+05:30,568.7,569,568.6,569,696,
2016-12-28 13:18:00+05:30,569,569,568.5,569,1156,
2016-12-28 13:19:00+05:30,569,569,568.45,569,1309,
2016-12-28 13:20:00+05:30,569,569,568.9,569,606,
2016-12-28 13:21:00+05:30,569,569,568.6,569,640,
2016-12-28 13:22:00+05:30,568.95,569,568.7,569,587,
2016-12-28 13:23:00+05:30,569,569,568.85,568.85,1676,
2016-12-28 13:24:00+05:30,568.85,569.3,568.85,569.25,617,
2016-12-28 13:25:00+05:30,569.3,569.3,569.25,569.3,723,
2016-12-28 13:26:00+05:30,569.3,569.3,569.2,569.3,652,
2016-12-28 13:27:00+05:30,569.55,570,569.4,569.95,5544,
2016-12-28 13:28:00+05:30,570,570.5,570,570.3,6023,
2016-12-28 13:29:00+05:30,570.3,570.8,569.85,570.15,3778,
2016-12-28 13:30:00+05:30,570.15,570.65,570.15,570.6,596,
2016-12-28 13:31:00+05:30,570.6,570.65,569.5,569.5,2891,
2016-12-28 13:32:00+05:30,569.5,570.15,568.6,570.15,3080,
2016-12-28 13:33:00+05:30,570.15,570.65,569.9,570.65,2109,
2016-12-28 13:34:00+05:30,570.25,570.6,570,570.4,2059,
2016-12-28 13:35:00+05:30,570.4,570.5,570,570.2,1535,
2016-12-28 13:36:00+05:30,570.2,570.2,569.55,569.85,534,
2016-12-28 13:37:00+05:30,569.85,570,569.05,569.55,1747,
2016-12-28 13:38:00+05:30,569.55,569.9,569.1,569.65,3363,
2016-12-28 13:39:00+05:30,569.65,570,569.65,569.95,695,
2016-12-28 13:40:00+05:30,569.95,569.95,569.2,569.4,911,
2016-12-28 13:41:00+05:30,569.4,569.8,569.2,569.8,1742,
2016-12-28 13:42:00+05:30,569.8,570.2,569.25,569.7,2603,
2016-12-28 13:43:00+05:30,569.7,569.9,569.35,569.85,720,
2016-12-28 13:44:00+05:30,569.95,569.95,569.8,569.85,1005,
2016-12-28 13:45:00+05:30,569.95,570.1,569.7,570.1,364,
2016-12-28 13:46:00+05:30,570.1,570.2,569.75,569.95,817,
2016-12-28 13:47:00+05:30,569.95,570,569.8,569.8,1038,
2016-12-28 13:48:00+05:30,569.8,569.8,569.75,569.8,381,
2016-12-28 13:49:00+05:30,569.8,570,569.6,570,727,
2016-12-28 13:50:00+05:30,570,570,569.9,569.9,700,
2016-12-28 13:51:00+05:30,569.9,570.1,569.9,569.95,585,
2016-12-28 13:52:00+05:30,569.8,570,569.6,569.9,631,
2016-12-28 13:53:00+05:30,570,570,569.55,569.85,852,
2016-12-28 13:54:00+05:30,569.85,569.95,569.55,569.55,785,
2016-12-28 13:55:00+05:30,569.55,569.55,569.5,569.55,571,
2016-12-28 13:56:00+05:30,569.6,569.75,569.55,569.6,769,
2016-12-28 13:57:00+05:30,569.85,569.85,569.7,569.85,366,
2016-12-28 13:58:00+05:30,569.95,570.1,569.8,570.1,1583,
2016-12-28 13:59:00+05:30,570.1,570.2,569.35,570,3879,
2016-12-28 14:00:00+05:30,570,570,569.85,570,438,
2016-12-28 14:01:00+05:30,570,570.15,569.7,569.75,799,
2016-12-28 14:02:00+05:30,569.75,570.1,569.75,570,538,
2016-12-28 14:03:00+05:30,570.05,570.4,569.85,570.4,2428,
2016-12-28 14:04:00+05:30,570.25,570.5,570,570.1,1739,
2016-12-28 14:05:00+05:30,570.1,570.1,569.4,570.1,1012,
2016-12-28 14:06:00+05:30,570.1,570.1,569.75,570,697,
2016-12-28 14:07:00+05:30,569.95,570,569.85,569.95,1306,
2016-12-28 14:08:00+05:30,569.95,569.95,569.35,569.5,3573,
2016-12-28 14:09:00+05:30,569.35,569.35,568.3,568.85,3920,
2016-12-28 14:10:00+05:30,568.7,568.7,568.2,568.3,2101,
2016-12-28 14:11:00+05:30,568.65,568.75,568.35,568.75,535,
2016-12-28 14:12:00+05:30,568.75,568.75,568.2,568.45,2635,
2016-12-28 14:13:00+05:30,568.45,568.55,567.6,567.7,5718,
2016-12-28 14:14:00+05:30,567.2,567.65,567,567.15,3967,
2016-12-28 14:15:00+05:30,567.1,567.2,566.25,566.45,3308,
2016-12-28 14:16:00+05:30,566.55,566.7,566.25,566.7,1159,
2016-12-28 14:17:00+05:30,566.65,567,566.25,566.6,3153,
2016-12-28 14:18:00+05:30,566.45,566.55,565.3,565.5,5587,
2016-12-28 14:19:00+05:30,565.5,565.5,565,565.1,3468,
2016-12-28 14:20:00+05:30,565.15,565.55,565,565.55,2882,
2016-12-28 14:21:00+05:30,565.6,565.65,564.5,564.95,4399,
2016-12-28 14:22:00+05:30,564.55,564.9,564.15,564.15,5956,
2016-12-28 14:23:00+05:30,564.8,565.4,564.35,565,2950,
2016-12-28 14:24:00+05:30,565,565.3,564.5,564.65,5958,
2016-12-28 14:25:00+05:30,564.7,564.7,564.15,564.5,2742,
2016-12-28 14:26:00+05:30,564.5,565.8,564.5,565.8,5420,
2016-12-28 14:27:00+05:30,565.8,565.8,565.35,565.65,1979,
2016-12-28 14:28:00+05:30,565.7,565.9,565.3,565.9,3032,
2016-12-28 14:29:00+05:30,565.85,566.45,565.85,566.45,2416,
2016-12-28 14:30:00+05:30,566.3,566.85,565.55,565.9,1669,
2016-12-28 14:31:00+05:30,566,566.5,565.5,566.3,1052,
2016-12-28 14:32:00+05:30,566.65,566.7,565.5,565.5,1056,
2016-12-28 14:33:00+05:30,565.5,565.5,565,565.3,2852,
2016-12-28 14:34:00+05:30,565.3,565.5,565,565.45,1942,
2016-12-28 14:35:00+05:30,565.1,565.95,565.05,565.95,909,
2016-12-28 14:36:00+05:30,565.95,565.95,564.9,564.9,3430,
2016-12-28 14:37:00+05:30,565,565,564.85,564.95,856,
2016-12-28 14:38:00+05:30,564.95,564.95,564.85,564.9,952,
2016-12-28 14:39:00+05:30,564.9,565.95,564.9,565.95,2668,
2016-12-28 14:40:00+05:30,565.95,566.2,565.5,565.9,2821,
2016-12-28 14:41:00+05:30,565.9,566.05,565.65,565.75,722,
2016-12-28 14:42:00+05:30,565.75,565.75,565.3,565.6,629,
2016-12-28 14:43:00+05:30,565.65,565.9,565.15,565.4,1480,
2016-12-28 14:44:00+05:30,565.4,566.15,565.4,565.8,1194,
2016-12-28 14:45:00+05:30,565.8,565.8,565.15,565.2,2682,
2016-12-28 14:46:00+05:30,565.2,565.3,565.15,565.15,1956,
2016-12-28 14:47:00+05:30,565.15,565.9,565.05,565.5,933,
2016-12-28 14:48:00+05:30,565.8,565.8,565.5,565.7,502,
2016-12-28 14:49:00+05:30,565.7,565.9,565.25,565.4,1154,
2016-12-28 14:50:00+05:30,565.4,565.4,565.05,565.2,966,
2016-12-28 14:51:00+05:30,565.2,565.65,565.2,565.45,760,
2016-12-28 14:52:00+05:30,565.45,565.45,564.55,564.55,3474,
2016-12-28 14:53:00+05:30,564.55,564.55,563.2,563.2,8214,
2016-12-28 14:54:00+05:30,563.2,564.7,563.1,564.65,8155,
2016-12-28 14:55:00+05:30,564.65,564.65,563.55,563.85,2289,
2016-12-28 14:56:00+05:30,563.85,563.9,563.85,563.85,1598,
2016-12-28 14:57:00+05:30,563.85,564.1,563.65,563.8,1458,
2016-12-28 14:58:00+05:30,563.55,564.4,563.55,564.4,3544,
2016-12-28 14:59:00+05:30,564.4,564.4,563.6,564.1,4893,
2016-12-28 15:00:00+05:30,564.1,564.15,563,563.05,6777,
2016-12-28 15:01:00+05:30,563,563.05,562.9,563,2214,
2016-12-28 15:02:00+05:30,563,563,562.5,562.5,4160,
2016-12-28 15:03:00+05:30,562.55,562.55,562.1,562.2,2517,
2016-12-28 15:04:00+05:30,562.1,562.1,561.75,561.8,7576,
2016-12-28 15:05:00+05:30,561.8,561.8,561.1,561.1,3117,
2016-12-28 15:06:00+05:30,561.1,561.1,560.8,561.05,14468,
2016-12-28 15:07:00+05:30,561.05,562.4,561,562.15,11789,
2016-12-28 15:08:00+05:30,562.15,562.8,561.55,562.35,3850,
2016-12-28 15:09:00+05:30,562.35,562.4,562.15,562.25,2361,
2016-12-28 15:10:00+05:30,562.4,562.4,562,562.05,3289,
2016-12-28 15:11:00+05:30,562.05,562.5,562,562.15,6119,
2016-12-28 15:12:00+05:30,562.15,562.45,562.15,562.4,2245,
2016-12-28 15:13:00+05:30,562.4,562.4,562.15,562.3,2884,
2016-12-28 15:14:00+05:30,562.3,562.4,562,562.05,3392,
2016-12-28 15:15:00+05:30,562,563.9,562,563.2,9425,
2016-12-28 15:16:00+05:30,563,563.6,562.35,563.6,9150,
2016-12-28 15:17:00+05:30,563.6,563.9,563.05,563.6,7835,
2016-12-28 15:18:00+05:30,563.45,563.6,562,562.6,9403,
2016-12-28 15:19:00+05:30,562.1,562.85,562.1,562.35,4355,
2016-12-28 15:20:00+05:30,562.4,562.4,561.5,561.55,3520,
2016-12-28 15:21:00+05:30,561.6,561.6,561.4,561.4,6031,
2016-12-28 15:22:00+05:30,561.55,562.6,561.5,562.5,8347,
2016-12-28 15:23:00+05:30,562.5,563.45,562.5,563,2808,
2016-12-28 15:24:00+05:30,563,563,562.8,562.95,3353,
2016-12-28 15:25:00+05:30,563,563.45,562.8,563.3,4498,
2016-12-28 15:26:00+05:30,563.35,563.35,563,563,5202,
2016-12-28 15:27:00+05:30,563,563.9,563,563.9,1978,
2016-12-28 15:28:00+05:30,563.9,563.9,563,563.25,2256,
2016-12-28 15:29:00+05:30,563.55,564,563,563,4170,
2016-12-29 09:15:00+05:30,563.5,564.95,563.15,564.6,7062,
2016-12-29 09:16:00+05:30,564.65,565.9,564.35,564.35,5240,
2016-12-29 09:17:00+05:30,563.95,565.5,563.35,565.5,1730,
2016-12-29 09:18:00+05:30,565.7,566.4,565.7,566.05,3166,
2016-12-29 09:19:00+05:30,566,566.5,565.6,566.4,2429,
2016-12-29 09:20:00+05:30,566.4,566.8,566.1,566.3,2632,
2016-12-29 09:21:00+05:30,566.05,566.6,564.8,566.6,4371,
2016-12-29 09:22:00+05:30,566.3,566.35,564.85,564.85,987,
2016-12-29 09:23:00+05:30,565,565.15,564.8,565.15,908,
2016-12-29 09:24:00+05:30,565.15,565.95,564.8,565.4,1621,
2016-12-29 09:25:00+05:30,565.4,565.85,565.1,565.1,1161,
2016-12-29 09:26:00+05:30,565.1,565.9,565.05,565.85,1450,
2016-12-29 09:27:00+05:30,565.85,566.2,565.75,566.05,717,
2016-12-29 09:28:00+05:30,566.05,566.8,566,566.8,1885,
2016-12-29 09:29:00+05:30,566.8,567,565.85,565.85,2625,
2016-12-29 09:30:00+05:30,566.15,566.4,566,566,1505,
2016-12-29 09:31:00+05:30,566.45,566.65,566.05,566.05,2702,
2016-12-29 09:32:00+05:30,566.05,566.6,565.6,565.6,1359,
2016-12-29 09:33:00+05:30,565.9,565.9,565.25,565.3,1695,
2016-12-29 09:34:00+05:30,565.45,565.45,564.9,564.9,1206,
2016-12-29 09:35:00+05:30,564.9,565.1,564.35,564.6,1404,
2016-12-29 09:36:00+05:30,564.65,564.9,564.4,564.8,1535,
2016-12-29 09:37:00+05:30,564.8,564.95,564.3,564.35,1068,
2016-12-29 09:38:00+05:30,564.45,564.65,564.15,564.6,972,
2016-12-29 09:39:00+05:30,564.6,564.8,564.25,564.8,1319,
2016-12-29 09:40:00+05:30,564.8,564.9,564.35,564.8,1282,
2016-12-29 09:41:00+05:30,564.8,565,564.55,564.85,757,
2016-12-29 09:42:00+05:30,564.9,565.45,564.8,565.3,1395,
2016-12-29 09:43:00+05:30,565.3,565.55,565.3,565.55,443,
2016-12-29 09:44:00+05:30,565.6,565.95,565.4,565.55,644,
2016-12-29 09:45:00+05:30,565.55,565.65,565.1,565.45,642,
2016-12-29 09:46:00+05:30,565.45,565.45,565.1,565.1,686,
2016-12-29 09:47:00+05:30,565.1,565.25,565,565.25,1125,
2016-12-29 09:48:00+05:30,565.25,565.5,565.05,565.5,1016,
2016-12-29 09:49:00+05:30,565.5,565.6,564.95,565.1,1666,
2016-12-29 09:50:00+05:30,565.4,565.4,565.05,565.15,298,
2016-12-29 09:51:00+05:30,564.95,565.2,564.55,564.9,1391,
2016-12-29 09:52:00+05:30,565.1,565.4,564.6,564.6,1329,
2016-12-29 09:53:00+05:30,564.6,565.25,564.55,565,850,
2016-12-29 09:54:00+05:30,565,565.25,564.6,564.8,1079,
2016-12-29 09:55:00+05:30,564.8,565,564.7,565,603,
2016-12-29 09:56:00+05:30,565,565,564.65,564.9,426,
2016-12-29 09:57:00+05:30,564.9,565,564.8,564.95,442,
2016-12-29 09:58:00+05:30,564.95,565,564.8,565,649,
2016-12-29 09:59:00+05:30,565,565,564.8,565,578,
2016-12-29 10:00:00+05:30,565,565,564.8,564.8,586,
2016-12-29 10:01:00+05:30,564.8,565,564.7,564.8,890,
2016-12-29 10:02:00+05:30,564.8,565,564.6,564.9,455,
2016-12-29 10:03:00+05:30,564.9,564.9,564.6,564.9,924,
2016-12-29 10:04:00+05:30,564.9,564.9,564.65,564.8,500,
2016-12-29 10:05:00+05:30,564.8,564.9,564.7,564.8,552,
2016-12-29 10:06:00+05:30,564.9,564.9,564.55,564.8,824,
2016-12-29 10:07:00+05:30,564.8,564.8,564.3,564.7,693,
2016-12-29 10:08:00+05:30,564.7,565.2,564.7,565.2,2936,
2016-12-29 10:09:00+05:30,565.2,565.65,565.2,565.45,2005,
2016-12-29 10:10:00+05:30,565.45,565.6,565.15,565.4,458,
2016-12-29 10:11:00+05:30,565.4,565.55,565.15,565.5,301,
2016-12-29 10:12:00+05:30,565.5,565.65,565.5,565.6,405,
2016-12-29 10:13:00+05:30,565.6,565.65,565.55,565.65,532,
2016-12-29 10:14:00+05:30,565.65,565.9,565.6,565.85,277,
2016-12-29 10:15:00+05:30,565.85,565.95,565.45,565.7,665,
2016-12-29 10:16:00+05:30,565.7,565.7,565.1,565.65,316,
2016-12-29 10:17:00+05:30,565.65,565.75,565.5,565.75,251,
2016-12-29 10:18:00+05:30,565.75,565.85,565.7,565.85,388,
2016-12-29 10:19:00+05:30,565.85,566,565.7,565.85,501,
2016-12-29 10:20:00+05:30,565.85,565.9,565.7,565.8,527,
2016-12-29 10:21:00+05:30,565.7,565.9,565.7,565.85,747,
2016-12-29 10:22:00+05:30,565.85,566.3,565.75,566.3,1110,
2016-12-29 10:23:00+05:30,566.2,566.7,566.2,566.7,908,
2016-12-29 10:24:00+05:30,566.7,566.7,566.3,566.55,1132,
2016-12-29 10:25:00+05:30,566.55,566.6,566.3,566.5,483,
2016-12-29 10:26:00+05:30,566.5,566.65,566.35,566.35,808,
2016-12-29 10:27:00+05:30,566.35,566.65,566.35,566.55,387,
2016-12-29 10:28:00+05:30,566.55,566.55,566.45,566.55,378,
2016-12-29 10:29:00+05:30,566.45,566.75,566.45,566.55,1673,
2016-12-29 10:30:00+05:30,566.65,566.75,566.5,566.5,478,
2016-12-29 10:31:00+05:30,566.5,566.8,566.5,566.6,1237,
2016-12-29 10:32:00+05:30,566.6,566.85,565.8,565.9,3092,
2016-12-29 10:33:00+05:30,565.9,566.05,565.65,566,447,
2016-12-29 10:34:00+05:30,566,566.25,565.95,566.2,316,
2016-12-29 10:35:00+05:30,566.2,566.35,565.6,566,669,
2016-12-29 10:36:00+05:30,566,566.5,566,566.1,811,
2016-12-29 10:37:00+05:30,566.1,566.5,566.1,566.45,304,
2016-12-29 10:38:00+05:30,566.45,566.9,566.45,566.9,636,
2016-12-29 10:39:00+05:30,566.9,567.95,566.9,567.55,7546,
2016-12-29 10:40:00+05:30,567.55,567.65,567.25,567.3,877,
2016-12-29 10:41:00+05:30,567.3,567.5,566.8,566.8,3248,
2016-12-29 10:42:00+05:30,566.8,567.45,566.8,567.45,992,
2016-12-29 10:43:00+05:30,567.45,567.6,567.3,567.55,1430,
2016-12-29 10:44:00+05:30,567.55,567.7,567.15,567.5,895,
2016-12-29 10:45:00+05:30,567.5,567.5,567.05,567.05,364,
2016-12-29 10:46:00+05:30,567.05,567.4,567.05,567.4,182,
2016-12-29 10:47:00+05:30,567.4,567.4,567.05,567.35,246,
2016-12-29 10:48:00+05:30,567.35,567.4,566.9,567.15,1193,
2016-12-29 10:49:00+05:30,567.15,567.2,566.95,567.2,370,
2016-12-29 10:50:00+05:30,567.2,567.3,567,567.15,1323,
2016-12-29 10:51:00+05:30,567.15,567.3,566.95,567.25,1127,
2016-12-29 10:52:00+05:30,567.25,567.5,566.9,567.45,3722,
2016-12-29 10:53:00+05:30,567.45,567.5,566.25,566.75,1485,
2016-12-29 10:54:00+05:30,566.75,566.9,566.5,566.7,251,
2016-12-29 10:55:00+05:30,566.7,566.7,566.4,566.7,1766,
2016-12-29 10:56:00+05:30,566.7,566.85,566.6,566.75,562,
2016-12-29 10:57:00+05:30,566.75,566.85,565.8,565.8,1950,
2016-12-29 10:58:00+05:30,565.8,565.8,565,565,2406,
2016-12-29 10:59:00+05:30,565,565.25,565,565.2,1499,
2016-12-29 11:00:00+05:30,565.2,565.4,565,565,1543,
2016-12-29 11:01:00+05:30,565,565.3,565,565.15,853,
2016-12-29 11:02:00+05:30,565.2,565.2,564.9,564.9,178,
2016-12-29 11:03:00+05:30,564.9,565.2,564.9,565.2,201,
2016-12-29 11:04:00+05:30,565.2,565.5,565.15,565.5,2222,
2016-12-29 11:05:00+05:30,565.5,565.7,565.35,565.4,773,
2016-12-29 11:06:00+05:30,565.4,565.8,565.3,565.7,606,
2016-12-29 11:07:00+05:30,565.5,565.75,565.5,565.75,249,
2016-12-29 11:08:00+05:30,565.75,565.85,565.4,565.65,393,
2016-12-29 11:09:00+05:30,565.65,565.9,565.4,565.65,677,
2016-12-29 11:10:00+05:30,565.75,565.75,565.4,565.5,288,
2016-12-29 11:11:00+05:30,565.5,565.65,565.35,565.35,339,
2016-12-29 11:12:00+05:30,565.35,565.5,565.3,565.45,579,
2016-12-29 11:13:00+05:30,565.45,565.5,565,565.15,1811,
2016-12-29 11:14:00+05:30,565.15,565.45,565.15,565.35,161,
2016-12-29 11:15:00+05:30,565.35,565.75,565.35,565.65,883,
2016-12-29 11:16:00+05:30,565.8,565.8,565.35,565.5,625,
2016-12-29 11:17:00+05:30,565.5,565.75,565.4,565.5,640,
2016-12-29 11:18:00+05:30,565.5,565.9,565.5,565.85,208,
2016-12-29 11:19:00+05:30,565.85,565.95,565.6,565.85,346,
2016-12-29 11:20:00+05:30,565.85,565.95,565.4,565.4,880,
2016-12-29 11:21:00+05:30,565.4,565.75,565.4,565.75,453,
2016-12-29 11:22:00+05:30,565.75,566,565.6,565.75,206,
2016-12-29 11:23:00+05:30,565.75,566.1,565.75,566.1,251,
2016-12-29 11:24:00+05:30,566.1,566.1,565.9,566.1,233,
2016-12-29 11:25:00+05:30,566.1,566.1,565.9,566.1,259,
2016-12-29 11:26:00+05:30,566.1,566.2,566,566.1,396,
2016-12-29 11:27:00+05:30,566.1,566.2,566,566.2,328,
2016-12-29 11:28:00+05:30,566.2,566.2,565.6,565.75,727,
2016-12-29 11:29:00+05:30,565.75,565.75,565.6,565.75,481,
2016-12-29 11:30:00+05:30,565.75,565.75,565.6,565.7,209,
2016-12-29 11:31:00+05:30,565.7,565.7,565.1,565.4,2024,
2016-12-29 11:32:00+05:30,565.4,565.4,565.1,565.25,339,
2016-12-29 11:33:00+05:30,565.25,565.35,564.95,565.25,1314,
2016-12-29 11:34:00+05:30,565.2,565.2,564.8,564.8,2081,
2016-12-29 11:35:00+05:30,564.8,564.8,563.55,563.6,5672,
2016-12-29 11:36:00+05:30,563.6,563.6,563,563.2,6892,
2016-12-29 11:37:00+05:30,563.3,563.75,563.2,563.7,3713,
2016-12-29 11:38:00+05:30,563.7,563.7,563.25,563.35,2069,
2016-12-29 11:39:00+05:30,563.35,563.5,563.2,563.4,6916,
2016-12-29 11:40:00+05:30,563.4,564.2,563.4,564.1,4224,
2016-12-29 11:41:00+05:30,564.1,564.55,564.1,564.55,1776,
2016-12-29 11:42:00+05:30,564.65,565.4,564.5,565.3,9324,
2016-12-29 11:43:00+05:30,565.3,565.45,564.85,565.4,1708,
2016-12-29 11:44:00+05:30,565.4,565.45,565,565.2,315,
2016-12-29 11:45:00+05:30,565.2,565.3,565,565,916,
2016-12-29 11:46:00+05:30,565,565,564.5,564.7,240,
2016-12-29 11:47:00+05:30,564.7,564.7,564.55,564.7,629,
2016-12-29 11:48:00+05:30,564.5,564.75,564.4,564.4,1012,
2016-12-29 11:49:00+05:30,564.4,564.5,564.4,564.45,3144,
2016-12-29 11:50:00+05:30,564.45,564.45,564.35,564.4,2372,
2016-12-29 11:51:00+05:30,564.3,564.4,564.05,564.4,574,
2016-12-29 11:52:00+05:30,564.4,564.4,564,564,1346,
2016-12-29 11:53:00+05:30,564,564,563.95,563.95,1455,
2016-12-29 11:54:00+05:30,563.95,564,563.75,563.8,613,
2016-12-29 11:55:00+05:30,563.8,564.2,563.8,564.2,1389,
2016-12-29 11:56:00+05:30,564.2,564.25,563.85,564.05,322,
2016-12-29 11:57:00+05:30,564.05,564.1,564,564,268,
2016-12-29 11:58:00+05:30,564,564.1,564,564.1,246,
2016-12-29 11:59:00+05:30,564.1,564.1,563.95,563.95,863,
2016-12-29 12:00:00+05:30,563.95,564.1,563.7,564.1,1096,
2016-12-29 12:01:00+05:30,564.1,564.15,563.8,564.15,376,
2016-12-29 12:02:00+05:30,564.15,564.25,564.15,564.25,402,
2016-12-29 12:03:00+05:30,564.25,564.25,564.15,564.25,7028,
2016-12-29 12:04:00+05:30,564.25,564.35,564.2,564.35,1342,
2016-12-29 12:05:00+05:30,564.35,564.35,564.2,564.3,402,
2016-12-29 12:06:00+05:30,564.3,564.3,564.1,564.2,5026,
2016-12-29 12:07:00+05:30,564.2,564.2,564.05,564.1,209,
2016-12-29 12:08:00+05:30,564.1,564.1,564.05,564.1,275,
2016-12-29 12:09:00+05:30,564.1,564.1,564,564.1,907,
2016-12-29 12:10:00+05:30,564.1,564.15,564.05,564.1,1480,
2016-12-29 12:11:00+05:30,564.1,564.15,564.05,564.15,1008,
2016-12-29 12:12:00+05:30,564.15,564.15,563.7,563.9,665,
2016-12-29 12:13:00+05:30,563.9,563.9,563.8,563.9,236,
2016-12-29 12:14:00+05:30,563.9,563.9,563.8,563.8,3065,
2016-12-29 12:15:00+05:30,563.8,563.9,563.8,563.9,2134,
2016-12-29 12:16:00+05:30,563.9,563.9,563.7,563.75,647,
2016-12-29 12:17:00+05:30,563.75,563.75,563.7,563.75,584,
2016-12-29 12:18:00+05:30,563.75,563.75,563.65,563.65,1834,
2016-12-29 12:19:00+05:30,563.65,563.7,563.4,563.4,2007,
2016-12-29 12:20:00+05:30,563.25,563.25,562.75,562.75,3665,
2016-12-29 12:21:00+05:30,562.75,563.35,562.75,563.05,2661,
2016-12-29 12:22:00+05:30,563.05,563.35,563,563.3,931,
2016-12-29 12:23:00+05:30,563.3,563.3,563,563,12246,
2016-12-29 12:24:00+05:30,563,563.75,563,563.7,5549,
2016-12-29 12:25:00+05:30,563.7,563.75,562.95,563.2,1546,
2016-12-29 12:26:00+05:30,563.2,563.45,563,563.35,800,
2016-12-29 12:27:00+05:30,563.35,563.7,563,563.4,2790,
2016-12-29 12:28:00+05:30,563.4,563.7,563.3,563.7,132,
2016-12-29 12:29:00+05:30,563.7,563.75,563.55,563.75,1485,
2016-12-29 12:30:00+05:30,563.75,564.45,563.3,563.45,4649,
2016-12-29 12:31:00+05:30,563.5,564.1,563.5,564.05,4390,
2016-12-29 12:32:00+05:30,563.95,564.2,563.6,563.7,1788,
2016-12-29 12:33:00+05:30,563.7,564.15,563.7,564.15,1191,
2016-12-29 12:34:00+05:30,564.15,564.15,563.9,563.9,782,
2016-12-29 12:35:00+05:30,564.15,564.15,563.85,563.85,155,
2016-12-29 12:36:00+05:30,563.85,564.1,563.65,563.85,1612,
2016-12-29 12:37:00+05:30,563.95,564.1,563.6,564,531,
2016-12-29 12:38:00+05:30,564,564.05,563.95,564.05,846,
2016-12-29 12:39:00+05:30,564.05,564.05,563.3,563.7,1429,
2016-12-29 12:40:00+05:30,563.45,564,563.45,563.95,1044,
2016-12-29 12:41:00+05:30,563.95,564,563.8,564,2501,
2016-12-29 12:42:00+05:30,564,564.2,564,564.2,1215,
2016-12-29 12:43:00+05:30,564.2,564.4,564.05,564.3,857,
2016-12-29 12:44:00+05:30,564.3,564.3,564,564.15,1044,
2016-12-29 12:45:00+05:30,564.15,564.3,564.1,564.15,296,
2016-12-29 12:46:00+05:30,564.15,564.2,563.9,564.05,141,
2016-12-29 12:47:00+05:30,564.05,564.1,563.75,563.95,646,
2016-12-29 12:48:00+05:30,563.95,564,563.7,563.95,1117,
2016-12-29 12:49:00+05:30,563.9,564.05,563.85,564.05,865,
2016-12-29 12:50:00+05:30,564.05,564.05,564,564.05,126,
2016-12-29 12:51:00+05:30,564.05,564.05,564,564.05,617,
2016-12-29 12:52:00+05:30,564.05,564.05,564,564,527,
2016-12-29 12:53:00+05:30,564,564.05,563.7,563.95,1691,
2016-12-29 12:54:00+05:30,563.95,564.2,563.7,563.9,3223,
2016-12-29 12:55:00+05:30,563.95,564.25,563.95,564.1,388,
2016-12-29 12:56:00+05:30,564.1,564.15,563.75,564,1883,
2016-12-29 12:57:00+05:30,564,564.3,564,564.25,191,
2016-12-29 12:58:00+05:30,564.25,564.25,563.8,564.1,328,
2016-12-29 12:59:00+05:30,564.1,564.1,564,564.05,178,
2016-12-29 13:00:00+05:30,564.05,564.05,563.8,564,279,
2016-12-29 13:01:00+05:30,564,564,563.8,564,140,
2016-12-29 13:02:00+05:30,564,564.15,564,564,1498,
2016-12-29 13:03:00+05:30,564,564,563.9,563.95,132,
2016-12-29 13:04:00+05:30,563.95,563.95,563.8,563.8,1488,
2016-12-29 13:05:00+05:30,563.8,564.15,563.8,564.15,582,
2016-12-29 13:06:00+05:30,564.15,564.2,563.95,563.95,2799,
2016-12-29 13:07:00+05:30,563.95,564.2,563.7,563.7,1034,
2016-12-29 13:08:00+05:30,563.7,564.2,563.7,564.2,1969,
2016-12-29 13:09:00+05:30,564.2,564.2,564,564.05,282,
2016-12-29 13:10:00+05:30,564.15,564.25,564.15,564.2,146,
2016-12-29 13:11:00+05:30,564.2,564.25,563.9,564.2,329,
2016-12-29 13:12:00+05:30,564.2,564.2,564.15,564.2,157,
2016-12-29 13:13:00+05:30,564.2,564.2,564,564,534,
2016-12-29 13:14:00+05:30,563.85,564.2,563.55,563.95,3987,
2016-12-29 13:15:00+05:30,563.95,564,563.9,564,452,
2016-12-29 13:16:00+05:30,564,564,563.9,564,892,
2016-12-29 13:17:00+05:30,564,564.2,564,564.2,725,
2016-12-29 13:18:00+05:30,564.2,564.2,563.75,564,352,
2016-12-29 13:19:00+05:30,564,564.2,564,564.2,1795,
2016-12-29 13:20:00+05:30,564.2,564.25,564.1,564.2,576,
2016-12-29 13:21:00+05:30,564.2,564.2,563.7,564,1307,
2016-12-29 13:22:00+05:30,564,564.15,564,564.15,201,
2016-12-29 13:23:00+05:30,564.15,564.15,563.8,564,601,
2016-12-29 13:24:00+05:30,564,564.15,563.95,563.95,1124,
2016-12-29 13:25:00+05:30,563.95,564.25,563.95,564.25,1889,
2016-12-29 13:26:00+05:30,564.25,564.5,564.1,564.4,951,
2016-12-29 13:27:00+05:30,564.4,564.5,564.4,564.5,581,
2016-12-29 13:28:00+05:30,564.5,564.6,564.45,564.45,1341,
2016-12-29 13:29:00+05:30,564.45,565.8,564.45,565.3,7957,
2016-12-29 13:30:00+05:30,565.5,565.8,565.25,565.45,9850,
2016-12-29 13:31:00+05:30,565.5,565.65,565.45,565.45,3087,
2016-12-29 13:32:00+05:30,565.45,565.95,565.45,565.9,5481,
2016-12-29 13:33:00+05:30,565.95,566.1,565.85,565.9,1502,
2016-12-29 13:34:00+05:30,565.9,566.05,565.8,565.9,1585,
2016-12-29 13:35:00+05:30,565.9,566.15,565.85,566.15,236,
2016-12-29 13:36:00+05:30,566.2,566.35,566.1,566.1,846,
2016-12-29 13:37:00+05:30,566.1,566.2,565.95,566.1,269,
2016-12-29 13:38:00+05:30,566.1,566.35,566.05,566.35,1058,
2016-12-29 13:39:00+05:30,566.35,567,566.25,566.85,4298,
2016-12-29 13:40:00+05:30,566.9,567,566.6,566.65,3287,
2016-12-29 13:41:00+05:30,566.95,567.4,566.6,567.4,3066,
2016-12-29 13:42:00+05:30,567.35,567.6,567.2,567.55,2477,
2016-12-29 13:43:00+05:30,567.55,567.55,567.1,567.3,625,
2016-12-29 13:44:00+05:30,567.2,567.45,566.5,566.5,5062,
2016-12-29 13:45:00+05:30,566.95,566.95,566.35,566.35,721,
2016-12-29 13:46:00+05:30,566.35,566.45,566,566,565,
2016-12-29 13:47:00+05:30,566.2,566.5,566,566.25,1236,
2016-12-29 13:48:00+05:30,566.25,566.5,566.25,566.4,892,
2016-12-29 13:49:00+05:30,566.4,566.5,566.2,566.35,612,
2016-12-29 13:50:00+05:30,566.4,566.95,565.9,566.5,4748,
2016-12-29 13:51:00+05:30,566.5,566.95,565.6,565.6,5670,
2016-12-29 13:52:00+05:30,566.1,566.1,565.9,566,1711,
2016-12-29 13:53:00+05:30,566.4,566.4,565.95,566.1,976,
2016-12-29 13:54:00+05:30,566.25,566.25,565.8,566.15,673,
2016-12-29 13:55:00+05:30,566.15,566.15,565.9,565.9,1609,
2016-12-29 13:56:00+05:30,566,566.1,565.9,565.9,1493,
2016-12-29 13:57:00+05:30,565.9,565.9,565.1,565.1,5877,
2016-12-29 13:58:00+05:30,565.75,565.75,565,565.15,1673,
2016-12-29 13:59:00+05:30,565.15,565.8,565.1,565.8,1616,
2016-12-29 14:00:00+05:30,566,566,565.55,565.85,805,
2016-12-29 14:01:00+05:30,565.85,566,565.85,566,1674,
2016-12-29 14:02:00+05:30,566,566.2,565.7,565.75,1315,
2016-12-29 14:03:00+05:30,565.7,565.8,565.65,565.8,748,
2016-12-29 14:04:00+05:30,565.75,566.2,565.55,566.15,3346,
2016-12-29 14:05:00+05:30,566.15,566.2,565.7,565.7,1211,
2016-12-29 14:06:00+05:30,565.7,566,565.6,565.6,525,
2016-12-29 14:07:00+05:30,565.6,565.8,565.5,565.6,781,
2016-12-29 14:08:00+05:30,565.6,565.7,565.55,565.6,347,
2016-12-29 14:09:00+05:30,565.6,565.7,565.15,565.4,1550,
2016-12-29 14:10:00+05:30,565.5,565.5,565.2,565.45,789,
2016-12-29 14:11:00+05:30,565.45,565.55,565.25,565.5,312,
2016-12-29 14:12:00+05:30,565.5,565.65,565.3,565.3,793,
2016-12-29 14:13:00+05:30,565.55,565.55,565.3,565.5,1225,
2016-12-29 14:14:00+05:30,565.5,565.5,565.25,565.25,1583,
2016-12-29 14:15:00+05:30,565.25,565.25,565.05,565.05,870,
2016-12-29 14:16:00+05:30,565.15,565.15,563.8,563.9,4358,
2016-12-29 14:17:00+05:30,563.9,563.9,563.8,563.9,506,
2016-12-29 14:18:00+05:30,563.95,563.95,563.45,563.85,2329,
2016-12-29 14:19:00+05:30,563.85,564,563.8,564,2488,
2016-12-29 14:20:00+05:30,564,564.5,564,564.2,1734,
2016-12-29 14:21:00+05:30,564.25,564.35,564.1,564.35,856,
2016-12-29 14:22:00+05:30,564.35,565.3,564.35,565.3,2845,
2016-12-29 14:23:00+05:30,565.5,565.9,565.3,565.8,2658,
2016-12-29 14:24:00+05:30,565.95,565.95,565.6,565.6,912,
2016-12-29 14:25:00+05:30,565.7,565.7,565.05,565.5,2273,
2016-12-29 14:26:00+05:30,565.5,565.6,565,565.35,607,
2016-12-29 14:27:00+05:30,565.45,565.45,565.1,565.1,513,
2016-12-29 14:28:00+05:30,565,565.5,564.85,565.4,1324,
2016-12-29 14:29:00+05:30,565.4,565.7,564.15,564.75,3222,
2016-12-29 14:30:00+05:30,564.7,565.05,564.5,564.75,1073,
2016-12-29 14:31:00+05:30,564.65,565.25,564.65,565,1711,
2016-12-29 14:32:00+05:30,565.05,565.25,564.55,564.9,685,
2016-12-29 14:33:00+05:30,564.9,565,564.65,564.95,1114,
2016-12-29 14:34:00+05:30,565.05,566,564.95,565.4,1978,
2016-12-29 14:35:00+05:30,565.45,565.7,565.35,565.6,1234,
2016-12-29 14:36:00+05:30,565.6,566.3,565.55,566.3,2331,
2016-12-29 14:37:00+05:30,566.4,566.4,566.15,566.2,593,
2016-12-29 14:38:00+05:30,566.2,566.4,565.7,565.95,945,
2016-12-29 14:39:00+05:30,565.95,566.15,565.6,566.15,11939,
2016-12-29 14:40:00+05:30,566.15,566.2,565.85,565.95,900,
2016-12-29 14:41:00+05:30,565.95,566.3,565.5,565.65,1776,
2016-12-29 14:42:00+05:30,565.9,566.15,565.55,565.55,4470,
2016-12-29 14:43:00+05:30,565.5,566.1,564.9,564.9,1882,
2016-12-29 14:44:00+05:30,564.9,565.2,564.85,565.2,1023,
2016-12-29 14:45:00+05:30,565.2,565.9,565,565,1756,
2016-12-29 14:46:00+05:30,565,565.4,565,565.35,782,
2016-12-29 14:47:00+05:30,565.45,566.1,565.35,566.1,2046,
2016-12-29 14:48:00+05:30,566.1,566.3,566,566.3,632,
2016-12-29 14:49:00+05:30,566.4,566.4,566.35,566.4,601,
2016-12-29 14:50:00+05:30,566.4,566.4,565.65,565.85,1419,
2016-12-29 14:51:00+05:30,565.85,566.15,564.95,564.95,3801,
2016-12-29 14:52:00+05:30,564.95,565.1,564.6,564.9,9359,
2016-12-29 14:53:00+05:30,564.9,565.1,564.7,564.85,3819,
2016-12-29 14:54:00+05:30,564.85,564.95,564.8,564.9,1185,
2016-12-29 14:55:00+05:30,564.9,564.9,564.65,564.65,2126,
2016-12-29 14:56:00+05:30,564.65,564.65,563.5,563.7,1335,
2016-12-29 14:57:00+05:30,563.7,563.8,563.5,563.7,2097,
2016-12-29 14:58:00+05:30,563.75,564.85,563.7,564.7,2937,
2016-12-29 14:59:00+05:30,564.7,565,564.65,564.8,2112,
2016-12-29 15:00:00+05:30,564.8,565,564.05,564.05,8971,
2016-12-29 15:01:00+05:30,564.05,564.7,563.95,564.7,4886,
2016-12-29 15:02:00+05:30,564.7,564.75,564.15,564.55,13885,
2016-12-29 15:03:00+05:30,564.55,564.6,563.85,564.15,13554,
2016-12-29 15:04:00+05:30,564.5,564.9,564.15,564.9,16746,
2016-12-29 15:05:00+05:30,564.9,565,564.75,564.8,5330,
2016-12-29 15:06:00+05:30,564.85,564.9,564.65,564.9,4048,
2016-12-29 15:07:00+05:30,564.9,565,564.85,564.95,5360,
2016-12-29 15:08:00+05:30,565,565,564.7,564.7,4769,
2016-12-29 15:09:00+05:30,564.7,564.8,564.55,564.65,5187,
2016-12-29 15:10:00+05:30,564.65,564.75,564.3,564.4,11515,
2016-12-29 15:11:00+05:30,564.55,564.9,564.05,564.5,11826,
2016-12-29 15:12:00+05:30,564.5,564.65,563.75,564.15,108075,
2016-12-29 15:13:00+05:30,564.15,564.2,563.7,564.15,9783,
2016-12-29 15:14:00+05:30,564.2,564.2,564,564.05,19529,
2016-12-29 15:15:00+05:30,564,564.2,564,564.05,5014,
2016-12-29 15:16:00+05:30,564.15,564.35,564,564.15,8810,
2016-12-29 15:17:00+05:30,564.2,564.7,564.05,564.05,8893,
2016-12-29 15:18:00+05:30,564.15,564.6,564,564.05,15201,
2016-12-29 15:19:00+05:30,564.05,564.05,563.9,564.05,6282,
2016-12-29 15:20:00+05:30,564.05,564.7,563.9,564.3,10934,
2016-12-29 15:21:00+05:30,564.45,564.8,564,564.2,7021,
2016-12-29 15:22:00+05:30,564.25,564.25,564,564,5231,
2016-12-29 15:23:00+05:30,564.05,564.2,564,564.1,4712,
2016-12-29 15:24:00+05:30,564.1,564.15,564,564.05,5333,
2016-12-29 15:25:00+05:30,564,565.85,564,565.85,27902,
2016-12-29 15:26:00+05:30,565.8,566.7,565.05,566.6,31999,
2016-12-29 15:27:00+05:30,566.6,567.65,565.4,566.95,43972,
2016-12-29 15:28:00+05:30,566.95,567.7,566.4,567.4,14223,
2016-12-29 15:29:00+05:30,567.4,569,565.5,568.9,7442,
2016-12-30 09:15:00+05:30,565.85,568.95,565.85,567.2,3899,
2016-12-30 09:16:00+05:30,567.2,568.45,566.55,567.85,2454,
2016-12-30 09:17:00+05:30,567.85,569,567.85,568.4,2987,
2016-12-30 09:18:00+05:30,568.85,569.05,568.2,568.5,6372,
2016-12-30 09:19:00+05:30,568.5,568.5,567.6,567.6,1114,
2016-12-30 09:20:00+05:30,567.6,568.65,567.6,568.1,2418,
2016-12-30 09:21:00+05:30,568.1,568.85,567.65,568.3,2905,
2016-12-30 09:22:00+05:30,568.3,569.7,568.15,569.35,1907,
2016-12-30 09:23:00+05:30,569.35,569.35,568.55,569.2,2582,
2016-12-30 09:24:00+05:30,569.05,569.05,568.35,568.95,6419,
2016-12-30 09:25:00+05:30,568.95,568.95,568.5,568.75,2750,
2016-12-30 09:26:00+05:30,568.75,568.9,568.6,568.75,681,
2016-12-30 09:27:00+05:30,568.9,568.9,568.3,568.3,3029,
2016-12-30 09:28:00+05:30,568.3,569,568.3,568.45,3084,
2016-12-30 09:29:00+05:30,568.45,568.95,568.35,568.85,1546,
2016-12-30 09:30:00+05:30,568.85,568.95,568.4,568.85,1815,
2016-12-30 09:31:00+05:30,568.85,568.85,568.6,568.85,789,
2016-12-30 09:32:00+05:30,568.85,568.9,568.55,568.55,2767,
2016-12-30 09:33:00+05:30,568.55,568.95,568.55,568.6,756,
2016-12-30 09:34:00+05:30,568.6,569,568.6,568.65,1546,
2016-12-30 09:35:00+05:30,568.65,568.95,568.65,568.75,221,
2016-12-30 09:36:00+05:30,568.75,569,568.6,568.95,1039,
2016-12-30 09:37:00+05:30,568.95,569,568.6,568.65,458,
2016-12-30 09:38:00+05:30,568.65,569,568.65,568.95,410,
2016-12-30 09:39:00+05:30,568.5,568.85,568.3,568.65,512,
2016-12-30 09:40:00+05:30,568.65,568.9,568.3,568.9,557,
2016-12-30 09:41:00+05:30,568.95,569,568.65,568.95,966,
2016-12-30 09:42:00+05:30,568.95,568.95,568.6,568.6,1248,
2016-12-30 09:43:00+05:30,568.6,569.35,568.5,569.35,1260,
2016-12-30 09:44:00+05:30,569.35,569.45,568.4,568.95,1690,
2016-12-30 09:45:00+05:30,568.95,569,568.85,568.95,654,
2016-12-30 09:46:00+05:30,568.9,569,568.9,569,419,
2016-12-30 09:47:00+05:30,569,569,568.65,569,213,
2016-12-30 09:48:00+05:30,569,570.45,569,569.95,5911,
2016-12-30 09:49:00+05:30,569.95,570.75,569.8,570.6,6403,
2016-12-30 09:50:00+05:30,570.6,570.9,570.5,570.65,2508,
2016-12-30 09:51:00+05:30,570.65,570.8,570.5,570.6,882,
2016-12-30 09:52:00+05:30,570.6,570.6,570.5,570.5,1159,
2016-12-30 09:53:00+05:30,570.55,570.6,570.4,570.4,759,
2016-12-30 09:54:00+05:30,570.45,570.45,570,570,1564,
2016-12-30 09:55:00+05:30,569.7,570.3,569.5,569.95,2963,
2016-12-30 09:56:00+05:30,569.55,570,569.55,570,615,
2016-12-30 09:57:00+05:30,570,570,569.8,569.95,145,
2016-12-30 09:58:00+05:30,569.95,570,569.85,569.95,729,
2016-12-30 09:59:00+05:30,569.9,569.9,569.8,569.85,93,
2016-12-30 10:00:00+05:30,569.85,570.25,569.8,570.25,1695,
2016-12-30 10:01:00+05:30,570.25,570.45,570.1,570.4,1525,
2016-12-30 10:02:00+05:30,570.4,571.2,570.35,570.6,7124,
2016-12-30 10:03:00+05:30,570.6,571.05,570.6,570.75,749,
2016-12-30 10:04:00+05:30,570.75,570.9,570.3,570.9,1726,
2016-12-30 10:05:00+05:30,570.9,570.9,570.45,570.8,510,
2016-12-30 10:06:00+05:30,570.55,570.65,570.1,570.4,781,
2016-12-30 10:07:00+05:30,570.4,570.4,570.25,570.4,366,
2016-12-30 10:08:00+05:30,570.4,570.8,570.35,570.8,564,
2016-12-30 10:09:00+05:30,570.8,570.8,570.4,570.8,322,
2016-12-30 10:10:00+05:30,570.8,570.8,570.55,570.65,203,
2016-12-30 10:11:00+05:30,570.65,570.75,570.3,570.6,271,
2016-12-30 10:12:00+05:30,570.5,570.6,570.2,570.6,320,
2016-12-30 10:13:00+05:30,570.55,571.4,570.55,571.3,4434,
2016-12-30 10:14:00+05:30,571.3,571.4,570.9,571.3,3296,
2016-12-30 10:15:00+05:30,571.3,571.3,571,571.2,919,
2016-12-30 10:16:00+05:30,570.85,571.3,570.85,571.25,150,
2016-12-30 10:17:00+05:30,571.25,571.4,570.75,570.9,964,
2016-12-30 10:18:00+05:30,570.9,570.9,569.65,569.65,2390,
2016-12-30 10:19:00+05:30,569.6,570,569.35,569.6,1293,
2016-12-30 10:20:00+05:30,569.6,569.75,569.35,569.55,210,
2016-12-30 10:21:00+05:30,569.55,569.8,569.3,569.8,448,
2016-12-30 10:22:00+05:30,569.75,569.75,569.1,569.15,671,
2016-12-30 10:23:00+05:30,569.35,569.35,569.05,569.2,935,
2016-12-30 10:24:00+05:30,569.2,569.2,568.9,569.15,1746,
2016-12-30 10:25:00+05:30,569.15,569.15,568.55,568.8,589,
2016-12-30 10:26:00+05:30,568.8,568.9,568.65,568.65,262,
2016-12-30 10:27:00+05:30,568.5,568.65,567.5,568.35,4827,
2016-12-30 10:28:00+05:30,568.35,568.35,567.9,568.25,1589,
2016-12-30 10:29:00+05:30,568.25,568.75,568.2,568.75,1323,
2016-12-30 10:30:00+05:30,568.75,568.8,568.3,568.55,498,
2016-12-30 10:31:00+05:30,568.55,569,568.3,568.95,1583,
2016-12-30 10:32:00+05:30,568.95,569.7,568.95,569.45,873,
2016-12-30 10:33:00+05:30,569.45,569.5,569.35,569.5,230,
2016-12-30 10:34:00+05:30,569.5,569.75,569.4,569.75,197,
2016-12-30 10:35:00+05:30,569.75,569.9,569.55,569.75,550,
2016-12-30 10:36:00+05:30,569.75,569.75,569.5,569.75,37,
2016-12-30 10:37:00+05:30,570,570.15,570,570.15,7914,
2016-12-30 10:38:00+05:30,570.1,570.6,570.1,570.6,5836,
2016-12-30 10:39:00+05:30,570.55,571.05,570.5,571,3167,
2016-12-30 10:40:00+05:30,571,571,570.8,570.9,498,
2016-12-30 10:41:00+05:30,570.9,571.55,570.8,571.5,4239,
2016-12-30 10:42:00+05:30,571.5,571.5,570.8,571.45,1912,
2016-12-30 10:43:00+05:30,571.45,571.45,571.1,571.4,219,
2016-12-30 10:44:00+05:30,571.4,571.55,571.05,571.4,1779,
2016-12-30 10:45:00+05:30,571.4,571.4,571,571,442,
2016-12-30 10:46:00+05:30,571,571.3,571,571.2,529,
2016-12-30 10:47:00+05:30,571.2,571.2,570.8,570.9,2645,
2016-12-30 10:48:00+05:30,570.85,571,570.85,570.9,181,
2016-12-30 10:49:00+05:30,570.9,570.9,570.7,570.85,678,
2016-12-30 10:50:00+05:30,570.85,570.9,570.7,570.85,491,
2016-12-30 10:51:00+05:30,570.85,570.85,570.7,570.7,468,
2016-12-30 10:52:00+05:30,570.8,570.85,570.7,570.85,1794,
2016-12-30 10:53:00+05:30,570.8,570.85,570.6,570.8,3607,
2016-12-30 10:54:00+05:30,570.75,570.75,570.2,570.5,1435,
2016-12-30 10:55:00+05:30,570.5,570.5,570.25,570.5,12790,
2016-12-30 10:56:00+05:30,570.5,570.5,570.25,570.25,2212,
2016-12-30 10:57:00+05:30,570.25,570.8,570.25,570.35,2508,
2016-12-30 10:58:00+05:30,570.8,570.85,570.55,570.85,1353,
2016-12-30 10:59:00+05:30,570.85,570.9,570.65,570.9,937,
2016-12-30 11:00:00+05:30,570.9,570.9,570.55,570.9,2370,
2016-12-30 11:01:00+05:30,570.9,570.9,570.6,570.85,2136,
2016-12-30 11:02:00+05:30,570.85,570.85,570.6,570.65,249,
2016-12-30 11:03:00+05:30,570.65,570.9,570.6,570.9,1898,
2016-12-30 11:04:00+05:30,570.9,570.9,570.65,570.9,367,
2016-12-30 11:05:00+05:30,570.9,571.5,570.85,571.5,5790,
2016-12-30 11:06:00+05:30,571.55,572.45,571.35,572,7573,
2016-12-30 11:07:00+05:30,572,572.5,571.55,571.7,1328,
2016-12-30 11:08:00+05:30,572,572.2,571.95,572,3138,
2016-12-30 11:09:00+05:30,572,572.2,571.8,571.8,418,
2016-12-30 11:10:00+05:30,571.8,571.8,571.1,571.4,219,
2016-12-30 11:11:00+05:30,571.4,571.4,571.1,571.2,185,
2016-12-30 11:12:00+05:30,571.15,571.2,571,571,531,
2016-12-30 11:13:00+05:30,571,571.65,571,571.5,1696,
2016-12-30 11:14:00+05:30,571.5,571.5,571.2,571.35,48,
2016-12-30 11:15:00+05:30,571.35,571.5,571.15,571.4,105,
2016-12-30 11:16:00+05:30,571.4,571.5,571.3,571.5,67,
2016-12-30 11:17:00+05:30,571.45,571.8,571.45,571.75,169,
2016-12-30 11:18:00+05:30,571.75,572.2,571.7,572.05,1447,
2016-12-30 11:19:00+05:30,572.05,572.2,572,572,974,
2016-12-30 11:20:00+05:30,572,572.1,571.7,571.9,2113,
2016-12-30 11:21:00+05:30,571.9,572,571.9,572,529,
2016-12-30 11:22:00+05:30,572,572,571.75,571.9,534,
2016-12-30 11:23:00+05:30,571.9,571.95,571.75,571.8,494,
2016-12-30 11:24:00+05:30,571.8,571.8,571,571.25,2217,
2016-12-30 11:25:00+05:30,571.25,571.25,571.2,571.25,321,
2016-12-30 11:26:00+05:30,571.25,571.25,570.6,570.8,1647,
2016-12-30 11:27:00+05:30,570.8,571.55,570.65,571.55,2514,
2016-12-30 11:28:00+05:30,571.55,571.55,570.8,571.1,327,
2016-12-30 11:29:00+05:30,571.1,571.6,571.05,571.45,377,
2016-12-30 11:30:00+05:30,571.45,571.8,571.05,571.7,1099,
2016-12-30 11:31:00+05:30,571.7,571.8,571.45,571.7,641,
2016-12-30 11:32:00+05:30,571.7,571.8,571.6,571.6,125,
2016-12-30 11:33:00+05:30,571.6,571.8,571.4,571.4,316,
2016-12-30 11:34:00+05:30,571.4,571.8,571.4,571.75,240,
2016-12-30 11:35:00+05:30,571.75,572.2,571.25,572.2,1849,
2016-12-30 11:36:00+05:30,572.2,573.25,572,573.25,6687,
2016-12-30 11:37:00+05:30,573.25,573.25,572.7,572.8,2955,
2016-12-30 11:38:00+05:30,572.7,573,572.55,572.6,672,
2016-12-30 11:39:00+05:30,572.6,572.6,572.45,572.5,435,
2016-12-30 11:40:00+05:30,572.5,572.55,572.2,572.2,495,
2016-12-30 11:41:00+05:30,572.2,572.6,571.4,572.6,652,
2016-12-30 11:42:00+05:30,572.6,572.6,572.05,572.55,687,
2016-12-30 11:43:00+05:30,572.55,572.55,572.05,572.35,435,
2016-12-30 11:44:00+05:30,572.15,572.4,572.15,572.4,161,
2016-12-30 11:45:00+05:30,572.4,572.9,572.4,572.85,1643,
2016-12-30 11:46:00+05:30,572.85,573,572.5,572.7,557,
2016-12-30 11:47:00+05:30,572.7,572.95,572.5,572.6,275,
2016-12-30 11:48:00+05:30,572.6,572.8,572.2,572.55,466,
2016-12-30 11:49:00+05:30,572.55,572.55,572.2,572.2,309,
2016-12-30 11:50:00+05:30,572.2,572.3,572.05,572.05,315,
2016-12-30 11:51:00+05:30,572.05,572.05,571.7,572,1460,
2016-12-30 11:52:00+05:30,572,572,571.2,571.75,602,
2016-12-30 11:53:00+05:30,571.75,572.15,571.7,572.15,662,
2016-12-30 11:54:00+05:30,572.15,572.15,571.95,572,172,
2016-12-30 11:55:00+05:30,572,572.3,572,572.3,511,
2016-12-30 11:56:00+05:30,572.3,572.55,571.7,572.55,717,
2016-12-30 11:57:00+05:30,572.6,572.6,572.2,572.2,236,
2016-12-30 11:58:00+05:30,572.2,572.2,572,572.2,198,
2016-12-30 11:59:00+05:30,572.2,572.2,571.75,572.15,556,
2016-12-30 12:00:00+05:30,572.15,572.25,571.85,572.25,635,
2016-12-30 12:01:00+05:30,572.25,572.25,571.7,572,243,
2016-12-30 12:02:00+05:30,572,572,571.6,572,507,
2016-12-30 12:03:00+05:30,572,572,571.8,572,136,
2016-12-30 12:04:00+05:30,572,572,571.6,571.75,323,
2016-12-30 12:05:00+05:30,571.75,571.95,571.75,571.9,302,
2016-12-30 12:06:00+05:30,571.9,572,571.75,571.95,209,
2016-12-30 12:07:00+05:30,571.95,571.95,571.3,571.4,1629,
2016-12-30 12:08:00+05:30,571.4,571.6,571.4,571.45,1186,
2016-12-30 12:09:00+05:30,571.4,571.5,571.4,571.45,415,
2016-12-30 12:10:00+05:30,571.45,571.6,571.3,571.6,313,
2016-12-30 12:11:00+05:30,571.6,571.9,571.6,571.8,201,
2016-12-30 12:12:00+05:30,571.8,571.9,571.6,571.6,345,
2016-12-30 12:13:00+05:30,571.6,571.65,571.3,571.65,340,
2016-12-30 12:14:00+05:30,571.65,571.85,571.6,571.65,90,
2016-12-30 12:15:00+05:30,571.65,571.85,571.65,571.8,68,
2016-12-30 12:16:00+05:30,571.8,571.9,571.35,571.9,100,
2016-12-30 12:17:00+05:30,571.9,571.9,571.4,571.9,132,
2016-12-30 12:18:00+05:30,571.85,571.9,571.55,571.85,193,
2016-12-30 12:19:00+05:30,571.85,571.9,571.6,571.9,446,
2016-12-30 12:20:00+05:30,571.9,571.95,571.8,571.8,233,
2016-12-30 12:21:00+05:30,571.75,571.75,571.65,571.7,219,
2016-12-30 12:22:00+05:30,571.7,571.9,571.7,571.9,26,
2016-12-30 12:23:00+05:30,571.9,572,571.6,571.75,519,
2016-12-30 12:24:00+05:30,571.75,571.95,571.45,571.55,261,
2016-12-30 12:25:00+05:30,571.55,571.75,571.4,571.4,807,
2016-12-30 12:26:00+05:30,571.4,571.45,571.15,571.4,316,
2016-12-30 12:27:00+05:30,571.4,571.4,571,571.2,701,
2016-12-30 12:28:00+05:30,571.2,571.25,570.6,570.9,1234,
2016-12-30 12:29:00+05:30,571.25,571.25,570.5,571.2,1442,
2016-12-30 12:30:00+05:30,571.2,571.35,570.9,571.3,536,
2016-12-30 12:31:00+05:30,571.4,571.65,571.2,571.6,597,
2016-12-30 12:32:00+05:30,571.6,571.8,571.6,571.8,346,
2016-12-30 12:33:00+05:30,571.8,571.85,571.5,571.75,101,
2016-12-30 12:34:00+05:30,571.7,571.75,571.15,571.3,1091,
2016-12-30 12:35:00+05:30,571.3,571.55,571.3,571.4,57,
2016-12-30 12:36:00+05:30,571.4,571.4,571.3,571.4,26,
2016-12-30 12:37:00+05:30,571.4,571.4,571.05,571.15,165,
2016-12-30 12:38:00+05:30,571.15,571.2,571.05,571.05,140,
2016-12-30 12:39:00+05:30,571.05,571.4,571.05,571.35,300,
2016-12-30 12:40:00+05:30,571.35,571.55,571.35,571.4,40,
2016-12-30 12:41:00+05:30,571.4,571.65,571.3,571.65,169,
2016-12-30 12:42:00+05:30,571.65,571.65,571.45,571.6,74,
2016-12-30 12:43:00+05:30,571.6,571.6,571.25,571.3,1297,
2016-12-30 12:44:00+05:30,571.3,571.6,571.25,571.6,187,
2016-12-30 12:45:00+05:30,571.45,571.45,571.25,571.35,211,
2016-12-30 12:46:00+05:30,571.35,571.5,571.35,571.5,242,
2016-12-30 12:47:00+05:30,571.5,571.5,571.45,571.45,141,
2016-12-30 12:48:00+05:30,571.45,571.45,571.15,571.15,595,
2016-12-30 12:49:00+05:30,571.15,571.5,571.15,571.3,59,
2016-12-30 12:50:00+05:30,571.3,571.3,571.15,571.3,214,
2016-12-30 12:51:00+05:30,571.3,571.3,571.15,571.25,162,
2016-12-30 12:52:00+05:30,571.2,571.2,570.65,570.65,1205,
2016-12-30 12:53:00+05:30,570.65,571,570.5,570.7,669,
2016-12-30 12:54:00+05:30,570.7,570.95,570.5,570.75,560,
2016-12-30 12:55:00+05:30,570.75,571,570.75,570.85,91,
2016-12-30 12:56:00+05:30,570.85,570.9,570.55,570.8,325,
2016-12-30 12:57:00+05:30,570.8,570.85,570.45,570.45,1044,
2016-12-30 12:58:00+05:30,570.65,570.85,570.5,570.85,242,
2016-12-30 12:59:00+05:30,570.85,570.85,570.5,570.65,113,
2016-12-30 13:00:00+05:30,570.55,570.55,570.45,570.55,450,
2016-12-30 13:01:00+05:30,570.55,570.85,570.5,570.85,116,
2016-12-30 13:02:00+05:30,570.85,570.85,570.45,570.5,1110,
2016-12-30 13:03:00+05:30,570.5,570.55,570.1,570.1,2390,
2016-12-30 13:04:00+05:30,570.15,570.15,569.6,569.85,1948,
2016-12-30 13:05:00+05:30,569.85,571,569.85,571,1449,
2016-12-30 13:06:00+05:30,571,571.2,571,571.2,1042,
2016-12-30 13:07:00+05:30,571.2,571.5,571.2,571.5,97,
2016-12-30 13:08:00+05:30,571.5,571.85,571.45,571.8,1983,
2016-12-30 13:09:00+05:30,571.7,571.8,571.7,571.8,94,
2016-12-30 13:10:00+05:30,571.8,571.85,571.75,571.85,309,
2016-12-30 13:11:00+05:30,571.85,572.8,571.8,572.15,5058,
2016-12-30 13:12:00+05:30,572.45,572.45,572.1,572.2,562,
2016-12-30 13:13:00+05:30,572.2,572.3,572,572,733,
2016-12-30 13:14:00+05:30,572,572.1,572,572.05,134,
2016-12-30 13:15:00+05:30,572,572.1,571.1,571.1,564,
2016-12-30 13:16:00+05:30,571.1,571.9,571.1,571.65,349,
2016-12-30 13:17:00+05:30,571.85,571.95,571.85,571.9,325,
2016-12-30 13:18:00+05:30,571.95,572,571.7,571.9,351,
2016-12-30 13:19:00+05:30,572,572,571.95,571.95,430,
2016-12-30 13:20:00+05:30,571.95,571.95,571.65,571.85,328,
2016-12-30 13:21:00+05:30,571.85,572,571.55,571.6,508,
2016-12-30 13:22:00+05:30,571.6,571.95,571.6,571.6,1407,
2016-12-30 13:23:00+05:30,571.8,571.8,570,570,9275,
2016-12-30 13:24:00+05:30,570,570.7,570,570.65,3091,
2016-12-30 13:25:00+05:30,570.65,570.65,569.1,569.1,9526,
2016-12-30 13:26:00+05:30,569.4,569.5,569.15,569.5,2694,
2016-12-30 13:27:00+05:30,569.75,570.4,569.6,569.6,11736,
2016-12-30 13:28:00+05:30,569.6,570.35,569.6,570.35,1485,
2016-12-30 13:29:00+05:30,570.35,570.65,569.9,569.9,7593,
2016-12-30 13:30:00+05:30,569.95,570,569.7,569.95,3305,
2016-12-30 13:31:00+05:30,569.95,570.05,569.9,569.9,557,
2016-12-30 13:32:00+05:30,570,570.1,569.95,570.1,1904,
2016-12-30 13:33:00+05:30,570.1,570.1,569.5,569.85,5089,
2016-12-30 13:34:00+05:30,569.9,569.95,569.9,569.95,377,
2016-12-30 13:35:00+05:30,569.95,570.05,569.85,570,579,
2016-12-30 13:36:00+05:30,570,570.05,569.95,570.05,2111,
2016-12-30 13:37:00+05:30,570.05,570.1,569.55,569.9,3529,
2016-12-30 13:38:00+05:30,569.9,569.9,569.85,569.9,1023,
2016-12-30 13:39:00+05:30,569.9,570.05,569.85,570,792,
2016-12-30 13:40:00+05:30,570,570.05,570,570.05,464,
2016-12-30 13:41:00+05:30,570.05,570.05,569.8,569.8,1592,
2016-12-30 13:42:00+05:30,569.8,570,569.55,569.6,553,
2016-12-30 13:43:00+05:30,569.6,570,569.6,569.9,475,
2016-12-30 13:44:00+05:30,569.9,570.05,569.9,570,262,
2016-12-30 13:45:00+05:30,569.95,570.75,569.6,570.5,1508,
2016-12-30 13:46:00+05:30,570.5,570.75,570.45,570.75,685,
2016-12-30 13:47:00+05:30,570.8,571,570.65,570.8,622,
2016-12-30 13:48:00+05:30,570.8,570.95,570.75,570.9,135,
2016-12-30 13:49:00+05:30,570.9,571.5,570.9,571.2,1718,
2016-12-30 13:50:00+05:30,571.15,571.3,571.15,571.25,625,
2016-12-30 13:51:00+05:30,571.25,572,571.25,571.8,1531,
2016-12-30 13:52:00+05:30,571.8,572,571.45,571.55,549,
2016-12-30 13:53:00+05:30,571.9,571.9,571.75,571.8,418,
2016-12-30 13:54:00+05:30,571.8,571.8,571.45,571.75,368,
2016-12-30 13:55:00+05:30,571.75,571.75,571.65,571.75,376,
2016-12-30 13:56:00+05:30,571.8,571.9,571.65,571.8,1603,
2016-12-30 13:57:00+05:30,571.9,572.2,571.9,572.1,1869,
2016-12-30 13:58:00+05:30,572.1,572.1,572,572.05,442,
2016-12-30 13:59:00+05:30,572.05,572.2,572.05,572.2,1431,
2016-12-30 14:00:00+05:30,572.2,572.3,572.1,572.1,352,
2016-12-30 14:01:00+05:30,572.15,572.15,571.85,572,854,
2016-12-30 14:02:00+05:30,572,572.2,571.8,572.2,1508,
2016-12-30 14:03:00+05:30,572,572.4,572,572.35,499,
2016-12-30 14:04:00+05:30,572.4,572.5,572.35,572.45,333,
2016-12-30 14:05:00+05:30,572.45,572.9,572.4,572.9,1547,
2016-12-30 14:06:00+05:30,572.9,572.9,572.55,572.75,242,
2016-12-30 14:07:00+05:30,572.9,572.9,572.85,572.9,270,
2016-12-30 14:08:00+05:30,572.9,572.9,572.8,572.9,584,
2016-12-30 14:09:00+05:30,572.9,572.9,572.5,572.65,409,
2016-12-30 14:10:00+05:30,572.7,572.7,572.55,572.7,471,
2016-12-30 14:11:00+05:30,572.7,572.7,572.35,572.35,622,
2016-12-30 14:12:00+05:30,572.65,572.7,572.25,572.25,326,
2016-12-30 14:13:00+05:30,572.25,572.7,572.25,572.65,788,
2016-12-30 14:14:00+05:30,572.65,572.7,572,572.1,886,
2016-12-30 14:15:00+05:30,572.4,572.4,572.1,572.4,577,
2016-12-30 14:16:00+05:30,572.4,572.4,571.55,571.55,597,
2016-12-30 14:17:00+05:30,571.55,572,571.55,571.7,451,
2016-12-30 14:18:00+05:30,571.7,572,570.85,570.85,2322,
2016-12-30 14:19:00+05:30,570.85,570.85,569.65,569.7,6993,
2016-12-30 14:20:00+05:30,569.8,570.55,569.6,570.2,2450,
2016-12-30 14:21:00+05:30,570.2,570.55,570.05,570.45,884,
2016-12-30 14:22:00+05:30,570.45,570.55,570.1,570.15,882,
2016-12-30 14:23:00+05:30,570.5,570.55,569.05,569.65,3940,
2016-12-30 14:24:00+05:30,569.6,571.2,569.3,570.85,1144,
2016-12-30 14:25:00+05:30,570.85,570.9,569.35,569.5,1838,
2016-12-30 14:26:00+05:30,569.9,570.95,569.35,570.95,627,
2016-12-30 14:27:00+05:30,570.95,571.2,570.65,571,2262,
2016-12-30 14:28:00+05:30,571,571.25,570.9,571.1,504,
2016-12-30 14:29:00+05:30,571.1,571.25,570.65,570.85,310,
2016-12-30 14:30:00+05:30,570.85,571.15,570.85,570.85,1704,
2016-12-30 14:31:00+05:30,570.85,571.25,570.85,571,183,
2016-12-30 14:32:00+05:30,571.2,571.9,571.2,571.9,3017,
2016-12-30 14:33:00+05:30,571.9,571.9,571.45,571.45,1027,
2016-12-30 14:34:00+05:30,571.45,572,571.35,571.8,3602,
2016-12-30 14:35:00+05:30,572,572.25,571.85,572,326,
2016-12-30 14:36:00+05:30,572,572.2,571.65,572.05,2435,
2016-12-30 14:37:00+05:30,572.3,572.5,572.1,572.35,929,
2016-12-30 14:38:00+05:30,572.35,572.5,572.2,572.5,283,
2016-12-30 14:39:00+05:30,572.5,572.6,572.35,572.45,564,
2016-12-30 14:40:00+05:30,572.5,572.7,571.7,571.7,1740,
2016-12-30 14:41:00+05:30,572.3,572.45,572.1,572.25,468,
2016-12-30 14:42:00+05:30,572.25,572.4,572.25,572.25,821,
2016-12-30 14:43:00+05:30,572.4,572.4,572.25,572.35,333,
2016-12-30 14:44:00+05:30,572.35,572.35,571.6,571.9,744,
2016-12-30 14:45:00+05:30,571.6,572.1,571.6,571.6,396,
2016-12-30 14:46:00+05:30,571.6,572,570.7,571.5,2255,
2016-12-30 14:47:00+05:30,571.5,571.5,570.85,571.15,523,
2016-12-30 14:48:00+05:30,571.25,571.5,571.25,571.4,346,
2016-12-30 14:49:00+05:30,571.4,571.8,571.4,571.8,284,
2016-12-30 14:50:00+05:30,571.8,571.95,571.75,571.95,544,
2016-12-30 14:51:00+05:30,571.95,572,571.65,571.85,560,
2016-12-30 14:52:00+05:30,571.85,571.95,571.4,571.45,3397,
2016-12-30 14:53:00+05:30,571.45,571.95,571.45,571.75,520,
2016-12-30 14:54:00+05:30,571.75,571.9,571.25,571.7,660,
2016-12-30 14:55:00+05:30,571.7,571.95,571.7,571.9,362,
2016-12-30 14:56:00+05:30,571.9,571.95,571,571.8,1104,
2016-12-30 14:57:00+05:30,571.8,571.8,571.45,571.6,393,
2016-12-30 14:58:00+05:30,571.6,571.8,571.4,571.75,367,
2016-12-30 14:59:00+05:30,571.75,571.75,571.05,571.15,582,
2016-12-30 15:00:00+05:30,571.5,571.6,571.05,571.4,3626,
2016-12-30 15:01:00+05:30,571.35,571.4,571,571.15,4833,
2016-12-30 15:02:00+05:30,571.1,571.15,570.9,570.9,3117,
2016-12-30 15:03:00+05:30,570.8,570.9,569.95,570.35,6431,
2016-12-30 15:04:00+05:30,570.2,570.35,569.8,569.9,6504,
2016-12-30 15:05:00+05:30,569.9,569.9,569.85,569.85,2868,
2016-12-30 15:06:00+05:30,570.75,570.95,570,570.35,7953,
2016-12-30 15:07:00+05:30,570.35,570.35,569.4,569.55,5512,
2016-12-30 15:08:00+05:30,569.5,569.55,569.1,569.3,3589,
2016-12-30 15:09:00+05:30,569.05,569.7,569,569.35,8013,
2016-12-30 15:10:00+05:30,569.05,569.4,568.5,568.6,5864,
2016-12-30 15:11:00+05:30,568.55,568.6,568.3,568.5,4333,
2016-12-30 15:12:00+05:30,568.45,568.45,568.2,568.35,4475,
2016-12-30 15:13:00+05:30,568.35,568.45,568.2,568.3,3142,
2016-12-30 15:14:00+05:30,568.25,568.35,568.25,568.3,2311,
2016-12-30 15:15:00+05:30,568.25,568.3,568.2,568.25,2909,
2016-12-30 15:16:00+05:30,568.2,568.3,568.1,568.25,5794,
2016-12-30 15:17:00+05:30,568.25,568.25,567.7,567.75,4879,
2016-12-30 15:18:00+05:30,567.65,567.8,566.6,567.15,7319,
2016-12-30 15:19:00+05:30,567,567.8,566.9,567.15,4330,
2016-12-30 15:20:00+05:30,567.05,567.25,566.6,567.15,8778,
2016-12-30 15:21:00+05:30,567.15,567.35,566.85,567.35,8483,
2016-12-30 15:22:00+05:30,567,567.35,566.85,566.85,3546,
2016-12-30 15:23:00+05:30,566.85,567,566.85,566.95,6737,
2016-12-30 15:24:00+05:30,566.95,567.55,566.5,567.45,12400,
2016-12-30 15:25:00+05:30,567.2,567.7,567.2,567.45,7420,
2016-12-30 15:26:00+05:30,567.45,568.75,567.35,568.5,18315,
2016-12-30 15:27:00+05:30,569,571.4,569,571,27657,
2016-12-30 15:28:00+05:30,571.05,572,570,570,13197,
2016-12-30 15:29:00+05:30,570,570,567,567,17649,
