date,open,high,low,close,volume,oi
2017-11-17 09:44:00+05:30,310,310,310,310,35293162,
2017-11-17 09:45:00+05:30,310,310,310,310,0,
2017-11-17 09:46:00+05:30,310,310,310,310,0,
2017-11-17 09:47:00+05:30,310,310,310,310,0,
2017-11-17 09:48:00+05:30,310,310,310,310,0,
2017-11-17 09:49:00+05:30,310,310,310,310,0,
2017-11-17 09:50:00+05:30,310,310,310,310,0,
2017-11-17 09:51:00+05:30,310,310,310,310,0,
2017-11-17 09:52:00+05:30,310,310,310,310,0,
2017-11-17 09:53:00+05:30,310,310,310,310,0,
2017-11-17 09:54:00+05:30,310,310,310,310,0,
2017-11-17 09:55:00+05:30,310,310,310,310,0,
2017-11-17 09:56:00+05:30,310,310,310,310,0,
2017-11-17 09:57:00+05:30,310,310,310,310,0,
2017-11-17 09:58:00+05:30,310,310,310,310,0,
2017-11-17 09:59:00+05:30,310,310,310,310,0,
2017-11-17 10:00:00+05:30,311.05,313.05,311.05,312.5,9003223,
2017-11-17 10:01:00+05:30,312.5,313.65,312.5,312.85,4394573,
2017-11-17 10:02:00+05:30,312.55,312.9,308.45,308.75,4314347,
2017-11-17 10:03:00+05:30,309.25,312.5,309.25,312.5,3423273,
2017-11-17 10:04:00+05:30,312.15,315,312.15,314.3,4469888,
2017-11-17 10:05:00+05:30,314.3,314.6,312.6,313.3,1245382,
2017-11-17 10:06:00+05:30,313.35,314.05,312.7,314.05,1686377,
2017-11-17 10:07:00+05:30,314.05,316.7,314.05,315.45,4240008,
2017-11-17 10:08:00+05:30,315.45,317.1,315,316.6,2548533,
2017-11-17 10:09:00+05:30,316.7,317.25,314.05,314.75,2006052,
2017-11-17 10:10:00+05:30,314.8,315.9,314.8,315.3,1489714,
2017-11-17 10:11:00+05:30,315.4,318.65,315.4,318.55,2296946,
2017-11-17 10:12:00+05:30,318.75,320.6,317.65,320.05,5759556,
2017-11-17 10:13:00+05:30,320,324.6,320,324.45,3163692,
2017-11-17 10:14:00+05:30,324.55,327.35,322.55,326.6,1996584,
2017-11-17 10:15:00+05:30,326.15,326.65,325,325.05,2056091,
2017-11-17 10:16:00+05:30,325.25,328.9,325.1,328.45,2121188,
2017-11-17 10:17:00+05:30,328.5,329.85,327.2,329.85,1792436,
2017-11-17 10:18:00+05:30,329.8,329.8,325.8,327.7,1107742,
2017-11-17 10:19:00+05:30,327.5,328,325.2,326.3,876482,
2017-11-17 10:20:00+05:30,326.3,326.65,325,325.2,749610,
2017-11-17 10:21:00+05:30,325.2,326.45,325.2,325.7,778023,
2017-11-17 10:22:00+05:30,325.9,326.7,325.1,326.7,980593,
2017-11-17 10:23:00+05:30,326.85,327.35,325.15,326.35,577075,
2017-11-17 10:24:00+05:30,326.25,326.5,325.6,326.1,548378,
2017-11-17 10:25:00+05:30,326.1,327.85,325.7,326.3,835494,
2017-11-17 10:26:00+05:30,326.5,326.55,325.3,325.75,360497,
2017-11-17 10:27:00+05:30,325.7,326.9,325.4,326.35,338807,
2017-11-17 10:28:00+05:30,326.5,326.7,325.65,326.4,467610,
2017-11-17 10:29:00+05:30,326.55,328,326.55,327.4,907281,
2017-11-17 10:30:00+05:30,327.4,329.6,327.4,329,1167190,
2017-11-17 10:31:00+05:30,329.1,330.5,328.2,330.45,1718750,
2017-11-17 10:32:00+05:30,330.65,331.65,330,330.7,1543754,
2017-11-17 10:33:00+05:30,330.75,331.65,330.25,331.5,507474,
2017-11-17 10:34:00+05:30,331.6,331.7,330,330.55,485187,
2017-11-17 10:35:00+05:30,330.65,332.9,330.55,332.35,781223,
2017-11-17 10:36:00+05:30,332.45,334.7,331.85,333.35,1219298,
2017-11-17 10:37:00+05:30,333.8,338,333.75,337.8,1429711,
2017-11-17 10:38:00+05:30,337.55,338.4,336.2,336.45,849611,
2017-11-17 10:39:00+05:30,336.3,339.7,336.3,339.4,1129660,
2017-11-17 10:40:00+05:30,339.5,344.95,338.35,344.95,2372493,
2017-11-17 10:41:00+05:30,345.4,348.25,345.2,348.25,2195003,
2017-11-17 10:42:00+05:30,348.4,349.4,346.35,346.7,1713759,
2017-11-17 10:43:00+05:30,346.8,349.4,345.35,348.65,1420222,
2017-11-17 10:44:00+05:30,348.95,352.6,347.2,352.6,1734097,
2017-11-17 10:45:00+05:30,352.65,359,352.65,359,2694328,
2017-11-17 10:46:00+05:30,359.25,368.55,356.9,356.9,2587624,
2017-11-17 10:47:00+05:30,356.55,357.55,352.7,352.95,1727851,
2017-11-17 10:48:00+05:30,353.85,354,350.35,350.35,921836,
2017-11-17 10:49:00+05:30,350.15,350.15,346.15,346.6,1099801,
2017-11-17 10:50:00+05:30,346.7,348.55,342.55,342.55,755726,
2017-11-17 10:51:00+05:30,342.65,344.25,341,343.4,723872,
2017-11-17 10:52:00+05:30,343.1,344.8,341.55,342.3,561859,
2017-11-17 10:53:00+05:30,342.5,343.6,341.5,343.25,434128,
2017-11-17 10:54:00+05:30,343.35,349.8,343.35,348.75,785769,
2017-11-17 10:55:00+05:30,348.6,353.95,348.5,353.95,1056758,
2017-11-17 10:56:00+05:30,354.4,354.4,348.6,348.8,435453,
2017-11-17 10:57:00+05:30,348.65,348.65,345.65,345.8,278956,
2017-11-17 10:58:00+05:30,345.9,348,345.65,346.4,280049,
2017-11-17 10:59:00+05:30,346.45,347.7,346.15,347.05,145813,
2017-11-17 11:00:00+05:30,347.2,347.25,344,345.55,337879,
2017-11-17 11:01:00+05:30,345.8,346.2,343.2,343.2,271393,
2017-11-17 11:02:00+05:30,343.2,344.4,342.2,342.4,229350,
2017-11-17 11:03:00+05:30,342.3,342.8,341.25,342.15,239035,
2017-11-17 11:04:00+05:30,342.1,342.1,339.35,340.85,690309,
2017-11-17 11:05:00+05:30,341,342.75,341,341.25,507938,
2017-11-17 11:06:00+05:30,341.5,342,340,341.9,248258,
2017-11-17 11:07:00+05:30,341.9,342,340.75,341.65,164653,
2017-11-17 11:08:00+05:30,341.75,344.7,341.75,343.1,290633,
2017-11-17 11:09:00+05:30,343.05,344.65,342.65,344.3,185528,
2017-11-17 11:10:00+05:30,344.35,344.45,343.2,343.6,122878,
2017-11-17 11:11:00+05:30,343.55,344.95,343,344.9,167352,
2017-11-17 11:12:00+05:30,344.75,345.7,343.25,343.35,229163,
2017-11-17 11:13:00+05:30,343.35,344.6,343.35,343.65,80695,
2017-11-17 11:14:00+05:30,343.65,344.8,343.65,344.65,104769,
2017-11-17 11:15:00+05:30,344.65,344.65,343.75,344.15,98933,
2017-11-17 11:16:00+05:30,344.2,344.8,343.7,343.75,99433,
2017-11-17 11:17:00+05:30,343.55,344.5,342.95,343.8,167897,
2017-11-17 11:18:00+05:30,344,344.1,343.15,343.55,63878,
2017-11-17 11:19:00+05:30,343.55,344,343.15,343.3,75934,
2017-11-17 11:20:00+05:30,343.2,343.9,342.5,343.55,122307,
2017-11-17 11:21:00+05:30,343.45,343.7,343.15,343.15,78567,
2017-11-17 11:22:00+05:30,342.6,343.35,342.55,343,76518,
2017-11-17 11:23:00+05:30,343,343.25,342.1,342.55,73142,
2017-11-17 11:24:00+05:30,342.55,342.6,341.7,341.85,152113,
2017-11-17 11:25:00+05:30,341.95,342.45,341.7,342.1,84233,
2017-11-17 11:26:00+05:30,341.8,342.15,341.4,341.5,106162,
2017-11-17 11:27:00+05:30,341.25,341.7,340.6,340.7,93250,
2017-11-17 11:28:00+05:30,340.6,342,340.3,341.65,107244,
2017-11-17 11:29:00+05:30,341.65,341.65,341,341.2,72185,
2017-11-17 11:30:00+05:30,341.2,341.9,340.8,341.4,79982,
2017-11-17 11:31:00+05:30,341.5,341.6,341.1,341.5,76089,
2017-11-17 11:32:00+05:30,341.45,341.55,341.15,341.4,81872,
2017-11-17 11:33:00+05:30,341.4,341.55,341,341,84597,
2017-11-17 11:34:00+05:30,340.95,341.35,338.7,340.6,405768,
2017-11-17 11:35:00+05:30,340.55,341.15,339.5,340.5,200465,
2017-11-17 11:36:00+05:30,340.25,340.7,340.15,340.4,131740,
2017-11-17 11:37:00+05:30,340.3,340.5,340,340.25,94574,
2017-11-17 11:38:00+05:30,340.3,340.45,340,340.15,133474,
2017-11-17 11:39:00+05:30,340.2,341.65,340,341,135631,
2017-11-17 11:40:00+05:30,340.7,341.35,340.1,340.15,80462,
2017-11-17 11:41:00+05:30,340.1,340.55,339.65,340.05,194525,
2017-11-17 11:42:00+05:30,340.05,340.4,340,340.1,83016,
2017-11-17 11:43:00+05:30,340.05,340.4,339.7,340.2,115941,
2017-11-17 11:44:00+05:30,340.2,342.45,340.1,342.45,139483,
2017-11-17 11:45:00+05:30,342.25,342.7,342,342,97329,
2017-11-17 11:46:00+05:30,341.75,341.85,340.5,341.2,80289,
2017-11-17 11:47:00+05:30,341.2,342,341.1,342,55025,
2017-11-17 11:48:00+05:30,341.95,342.9,341.7,342.9,146248,
2017-11-17 11:49:00+05:30,342.9,343.75,342.05,342.55,277435,
2017-11-17 11:50:00+05:30,342.55,343,341.3,342.5,192115,
2017-11-17 11:51:00+05:30,342.35,343.2,342.05,343.2,103780,
2017-11-17 11:52:00+05:30,343.05,344,343.05,343.5,138152,
2017-11-17 11:53:00+05:30,343.5,343.9,343.1,343.9,89142,
2017-11-17 11:54:00+05:30,344,344.2,343.45,344.2,210203,
2017-11-17 11:55:00+05:30,344.25,345.55,344.15,344.85,291756,
2017-11-17 11:56:00+05:30,344.9,344.95,342.65,343.65,181131,
2017-11-17 11:57:00+05:30,343.55,343.85,343,343.6,87732,
2017-11-17 11:58:00+05:30,343.65,343.8,342.65,342.7,90025,
2017-11-17 11:59:00+05:30,342.7,342.9,342.5,342.8,107016,
2017-11-17 12:00:00+05:30,342.6,342.9,342.55,342.7,36922,
2017-11-17 12:01:00+05:30,342.7,342.85,342.55,342.8,50003,
2017-11-17 12:02:00+05:30,342.6,342.8,342.55,342.6,30594,
2017-11-17 12:03:00+05:30,342.6,342.8,342.25,342.25,36265,
2017-11-17 12:04:00+05:30,342.3,342.65,342.25,342.55,34180,
2017-11-17 12:05:00+05:30,342.7,342.7,341.75,341.75,51794,
2017-11-17 12:06:00+05:30,341.9,342.2,341.55,342,50106,
2017-11-17 12:07:00+05:30,341.95,342,341.55,341.8,41353,
2017-11-17 12:08:00+05:30,341.8,342.5,341.8,342.2,46738,
2017-11-17 12:09:00+05:30,342.2,342.85,341.95,342.85,79028,
2017-11-17 12:10:00+05:30,342.9,344,342.85,343.45,230377,
2017-11-17 12:11:00+05:30,343.45,344.45,343.35,344.1,81518,
2017-11-17 12:12:00+05:30,344.25,344.25,343.2,343.25,41069,
2017-11-17 12:13:00+05:30,343.2,343.35,342.25,342.25,75216,
2017-11-17 12:14:00+05:30,342.35,342.5,342.15,342.5,42981,
2017-11-17 12:15:00+05:30,342.3,342.5,342.2,342.3,25679,
2017-11-17 12:16:00+05:30,342.45,342.85,342.3,342.65,34937,
2017-11-17 12:17:00+05:30,342.65,342.8,342.35,342.7,25313,
2017-11-17 12:18:00+05:30,342.7,342.95,342.55,342.6,32863,
2017-11-17 12:19:00+05:30,342.55,343.45,342.55,343.1,30625,
2017-11-17 12:20:00+05:30,343.05,343.1,342.6,342.6,32373,
2017-11-17 12:21:00+05:30,342.7,342.8,342.25,342.25,78016,
2017-11-17 12:22:00+05:30,342.25,342.7,342.2,342.5,28544,
2017-11-17 12:23:00+05:30,342.4,342.55,342.15,342.25,28177,
2017-11-17 12:24:00+05:30,342.15,342.3,341.75,341.95,59650,
2017-11-17 12:25:00+05:30,341.85,342,341.75,341.85,41558,
2017-11-17 12:26:00+05:30,341.85,341.95,341.25,341.3,69297,
2017-11-17 12:27:00+05:30,341.3,341.85,341.25,341.8,31195,
2017-11-17 12:28:00+05:30,341.7,342.5,341.65,342.25,37455,
2017-11-17 12:29:00+05:30,342.6,342.85,342.3,342.8,32251,
2017-11-17 12:30:00+05:30,342.9,343.95,342.8,343.7,77194,
2017-11-17 12:31:00+05:30,343.5,344.35,343.5,343.95,122772,
2017-11-17 12:32:00+05:30,343.65,344.1,343.5,344,47819,
2017-11-17 12:33:00+05:30,344,346.65,344,345.5,325457,
2017-11-17 12:34:00+05:30,345.5,346.5,345.2,346.5,154375,
2017-11-17 12:35:00+05:30,346.5,347.55,346.2,347.55,191820,
2017-11-17 12:36:00+05:30,347.5,347.85,345.55,345.55,112187,
2017-11-17 12:37:00+05:30,345.75,346.95,345.65,346.9,87782,
2017-11-17 12:38:00+05:30,347,347.9,346.55,347,160303,
2017-11-17 12:39:00+05:30,346.9,347.2,346.2,346.45,55466,
2017-11-17 12:40:00+05:30,346.2,347,346.2,347,70270,
2017-11-17 12:41:00+05:30,347.05,347.7,346.5,347,136549,
2017-11-17 12:42:00+05:30,347.4,350.45,347.35,349.2,879650,
2017-11-17 12:43:00+05:30,349.3,350.5,348.65,350.45,277431,
2017-11-17 12:44:00+05:30,350.45,351.6,350.35,351.2,293035,
2017-11-17 12:45:00+05:30,351.3,351.75,351,351.25,268333,
2017-11-17 12:46:00+05:30,351.2,352.5,350.1,352.25,289371,
2017-11-17 12:47:00+05:30,352.35,352.4,351.2,351.7,154233,
2017-11-17 12:48:00+05:30,351.7,353.3,351,353.2,197022,
2017-11-17 12:49:00+05:30,353.25,353.25,352.1,352.2,130333,
2017-11-17 12:50:00+05:30,352.3,352.7,352,352.1,100825,
2017-11-17 12:51:00+05:30,351.95,353.7,351.8,353.4,169839,
2017-11-17 12:52:00+05:30,353.3,353.8,352.95,353.7,95998,
2017-11-17 12:53:00+05:30,353.5,354.8,353.25,354.8,236200,
2017-11-17 12:54:00+05:30,354.75,354.9,354.2,354.2,162598,
2017-11-17 12:55:00+05:30,353.75,354.35,353.6,353.75,124089,
2017-11-17 12:56:00+05:30,353.7,355.65,353.7,354.75,842694,
2017-11-17 12:57:00+05:30,354.6,355.8,354.6,355.2,187929,
2017-11-17 12:58:00+05:30,355.25,356.5,355.1,355.5,235472,
2017-11-17 12:59:00+05:30,355.4,355.55,353.8,353.95,177720,
2017-11-17 13:00:00+05:30,353.85,353.95,352.7,353.9,194812,
2017-11-17 13:01:00+05:30,353.95,353.95,352.6,353.25,131437,
2017-11-17 13:02:00+05:30,353.3,353.4,352.5,352.5,64088,
2017-11-17 13:03:00+05:30,352.55,354,352.55,353.85,87946,
2017-11-17 13:04:00+05:30,354,354,353.45,353.6,139474,
2017-11-17 13:05:00+05:30,353.6,353.95,353.1,353.65,88649,
2017-11-17 13:06:00+05:30,353.65,353.7,352.7,352.75,57774,
2017-11-17 13:07:00+05:30,352.8,352.95,352.7,352.9,119431,
2017-11-17 13:08:00+05:30,352.95,353.8,352.95,353.5,123516,
2017-11-17 13:09:00+05:30,353.3,353.55,353.25,353.3,71122,
2017-11-17 13:10:00+05:30,353.3,353.3,352.15,352.15,58313,
2017-11-17 13:11:00+05:30,352.15,352.65,352.15,352.35,43914,
2017-11-17 13:12:00+05:30,352.35,352.35,351.3,351.7,92670,
2017-11-17 13:13:00+05:30,351.7,352,350.65,350.9,83630,
2017-11-17 13:14:00+05:30,350.7,350.95,348.4,348.75,270818,
2017-11-17 13:15:00+05:30,348.75,348.95,347.55,348.35,106045,
2017-11-17 13:16:00+05:30,348.45,348.95,348.4,348.5,69535,
2017-11-17 13:17:00+05:30,348.6,348.6,347.3,347.35,62443,
2017-11-17 13:18:00+05:30,347.4,348.85,347.4,348.85,62401,
2017-11-17 13:19:00+05:30,348.8,349.95,348.65,349.7,83902,
2017-11-17 13:20:00+05:30,349.6,351.4,349.05,351.25,217914,
2017-11-17 13:21:00+05:30,351.3,352,351.3,351.4,122254,
2017-11-17 13:22:00+05:30,351.35,351.65,350.6,350.75,54507,
2017-11-17 13:23:00+05:30,350.65,352,350.6,351.7,131409,
2017-11-17 13:24:00+05:30,351.65,351.95,351.55,351.7,41673,
2017-11-17 13:25:00+05:30,351.7,351.9,350.3,350.85,51964,
2017-11-17 13:26:00+05:30,350.9,351.5,350.85,351.4,40043,
2017-11-17 13:27:00+05:30,351.45,351.8,351.4,351.7,39337,
2017-11-17 13:28:00+05:30,351.7,351.8,351,351.5,40750,
2017-11-17 13:29:00+05:30,351.7,351.8,351.2,351.25,31730,
2017-11-17 13:30:00+05:30,351.25,351.5,349.8,349.8,56903,
2017-11-17 13:31:00+05:30,349.8,349.8,348.45,348.85,69846,
2017-11-17 13:32:00+05:30,348.95,348.95,348.35,348.6,43370,
2017-11-17 13:33:00+05:30,348.7,350.95,348.7,350.65,76676,
2017-11-17 13:34:00+05:30,350.8,350.9,350.3,350.55,41324,
2017-11-17 13:35:00+05:30,350.55,350.8,350,350.25,53945,
2017-11-17 13:36:00+05:30,350.25,350.25,349.35,349.45,53358,
2017-11-17 13:37:00+05:30,349.45,350,349.45,350,34902,
2017-11-17 13:38:00+05:30,350,351.5,350,351.2,83210,
2017-11-17 13:39:00+05:30,351.1,351.3,350.2,350.4,43091,
2017-11-17 13:40:00+05:30,350.4,350.4,349.6,349.6,38982,
2017-11-17 13:41:00+05:30,349.85,350,349.45,349.45,54095,
2017-11-17 13:42:00+05:30,349.45,349.5,349.2,349.35,57801,
2017-11-17 13:43:00+05:30,349.35,349.95,349.3,349.65,65962,
2017-11-17 13:44:00+05:30,349.55,350,349.35,349.5,21801,
2017-11-17 13:45:00+05:30,349.5,349.7,349.15,349.55,30255,
2017-11-17 13:46:00+05:30,349.6,350.9,349.55,350.9,43837,
2017-11-17 13:47:00+05:30,350.9,351.45,350.8,351.25,70549,
2017-11-17 13:48:00+05:30,351.3,351.75,351.15,351.55,49212,
2017-11-17 13:49:00+05:30,351.5,352.65,351.5,351.6,159708,
2017-11-17 13:50:00+05:30,351.65,352.5,351.65,352.25,55819,
2017-11-17 13:51:00+05:30,352.25,352.8,352.25,352.35,106805,
2017-11-17 13:52:00+05:30,352.4,352.5,351.8,352.5,59892,
2017-11-17 13:53:00+05:30,352.5,353.25,352.4,353.15,119124,
2017-11-17 13:54:00+05:30,353.15,353.8,352.55,352.7,116400,
2017-11-17 13:55:00+05:30,352.7,352.95,352.05,352.1,41072,
2017-11-17 13:56:00+05:30,352.05,352.3,351.9,352.1,43246,
2017-11-17 13:57:00+05:30,352.05,352.3,351.55,351.6,31902,
2017-11-17 13:58:00+05:30,351.6,352.3,351.55,352.3,46307,
2017-11-17 13:59:00+05:30,352.25,352.3,351.7,351.8,27457,
2017-11-17 14:00:00+05:30,351.9,352.1,351.7,351.85,33685,
2017-11-17 14:01:00+05:30,351.85,352.15,351.75,351.9,44195,
2017-11-17 14:02:00+05:30,351.9,351.9,351.25,351.25,35730,
2017-11-17 14:03:00+05:30,351.25,351.65,351.1,351.6,56368,
2017-11-17 14:04:00+05:30,351.8,352.15,351.45,352.15,36502,
2017-11-17 14:05:00+05:30,352.15,353.85,352.15,353.6,124961,
2017-11-17 14:06:00+05:30,353.5,354,353.1,353.15,204317,
2017-11-17 14:07:00+05:30,353.15,353.4,352.7,353.3,49307,
2017-11-17 14:08:00+05:30,353.3,353.35,351.35,351.85,74326,
2017-11-17 14:09:00+05:30,351.7,352.45,351.7,352.15,48630,
2017-11-17 14:10:00+05:30,352.15,352.85,352.15,352.7,32526,
2017-11-17 14:11:00+05:30,352.7,353.25,352.45,352.85,45072,
2017-11-17 14:12:00+05:30,352.65,352.8,352.1,352.25,31796,
2017-11-17 14:13:00+05:30,352.25,352.35,351.1,351.25,61765,
2017-11-17 14:14:00+05:30,351.45,351.6,351,351.3,39373,
2017-11-17 14:15:00+05:30,351.5,352.35,351.35,352.1,42071,
2017-11-17 14:16:00+05:30,352.2,352.65,352,352.65,30930,
2017-11-17 14:17:00+05:30,352.6,352.65,351.75,351.85,39413,
2017-11-17 14:18:00+05:30,351.95,351.95,351,351.2,52617,
2017-11-17 14:19:00+05:30,351.2,351.2,350.05,350.9,65394,
2017-11-17 14:20:00+05:30,351.1,351.95,350.9,351.85,38206,
2017-11-17 14:21:00+05:30,351.55,352.35,351.55,352.05,61520,
2017-11-17 14:22:00+05:30,352,352,350.6,350.7,62921,
2017-11-17 14:23:00+05:30,350.75,350.8,348.4,349.35,166191,
2017-11-17 14:24:00+05:30,349.4,350.45,348.8,350.45,95775,
2017-11-17 14:25:00+05:30,350.45,350.5,349.45,349.45,38324,
2017-11-17 14:26:00+05:30,349.65,349.8,349.1,349.15,39808,
2017-11-17 14:27:00+05:30,349.15,349.15,348.25,348.3,100539,
2017-11-17 14:28:00+05:30,347.95,347.95,346.5,347,166216,
2017-11-17 14:29:00+05:30,347,347.5,346.05,346.8,100909,
2017-11-17 14:30:00+05:30,346.8,347.35,345.65,345.95,106348,
2017-11-17 14:31:00+05:30,345.7,347.65,345.5,347.6,114680,
2017-11-17 14:32:00+05:30,347.65,348.55,347.15,347.8,77096,
2017-11-17 14:33:00+05:30,347.75,347.75,346.75,347,84047,
2017-11-17 14:34:00+05:30,346.85,347.45,346.05,347.3,137746,
2017-11-17 14:35:00+05:30,347.4,347.8,346.55,346.8,80519,
2017-11-17 14:36:00+05:30,346.85,347.5,346.65,347.45,61227,
2017-11-17 14:37:00+05:30,347.35,347.8,347.05,347.8,49299,
2017-11-17 14:38:00+05:30,347.8,347.85,345.7,345.95,124242,
2017-11-17 14:39:00+05:30,346,346.85,345.7,346,60195,
2017-11-17 14:40:00+05:30,346,346.4,343.35,343.9,263319,
2017-11-17 14:41:00+05:30,343.85,344.7,343.65,343.7,102057,
2017-11-17 14:42:00+05:30,343.7,344.25,343.25,343.65,106888,
2017-11-17 14:43:00+05:30,343.7,344.7,343.65,344.7,57760,
2017-11-17 14:44:00+05:30,344.7,345,344.25,344.25,72659,
2017-11-17 14:45:00+05:30,344.25,344.55,344.1,344.55,38707,
2017-11-17 14:46:00+05:30,344.65,344.95,344.4,344.75,97509,
2017-11-17 14:47:00+05:30,345,345,344.3,344.55,148604,
2017-11-17 14:48:00+05:30,344.7,344.7,343.4,343.4,73647,
2017-11-17 14:49:00+05:30,343.5,344.5,343.2,344.5,108831,
2017-11-17 14:50:00+05:30,344.45,346.35,344.3,346.35,203405,
2017-11-17 14:51:00+05:30,346.5,348.3,346.5,348.3,190651,
2017-11-17 14:52:00+05:30,348.1,348.5,347.35,348.3,156140,
2017-11-17 14:53:00+05:30,348.3,348.3,343.7,346.65,258682,
2017-11-17 14:54:00+05:30,346.85,347.1,345.85,347.05,127807,
2017-11-17 14:55:00+05:30,347.1,347.8,347.05,347.6,66763,
2017-11-17 14:56:00+05:30,347.5,348.5,347.5,348.45,78968,
2017-11-17 14:57:00+05:30,348.3,350.55,348.1,350.35,407085,
2017-11-17 14:58:00+05:30,350.1,351,349,350.9,235059,
2017-11-17 14:59:00+05:30,350.8,350.8,349.55,349.7,105939,
2017-11-17 15:00:00+05:30,349.95,349.95,348,348.3,85179,
2017-11-17 15:01:00+05:30,348.25,349.45,348.15,349.3,66420,
2017-11-17 15:02:00+05:30,349.3,349.35,348.6,348.65,52641,
2017-11-17 15:03:00+05:30,348.7,348.9,348.2,348.3,27478,
2017-11-17 15:04:00+05:30,348.15,348.35,347,347,101741,
2017-11-17 15:05:00+05:30,347.1,347.15,344.5,344.7,134944,
2017-11-17 15:06:00+05:30,344.75,346.7,344.25,346.6,141732,
2017-11-17 15:07:00+05:30,347.1,348.75,347.1,347.25,128560,
2017-11-17 15:08:00+05:30,347.2,347.2,345.5,345.85,65588,
2017-11-17 15:09:00+05:30,345.95,345.95,345.15,345.55,58554,
2017-11-17 15:10:00+05:30,345.45,347,345.4,346.7,94475,
2017-11-17 15:11:00+05:30,346.6,346.6,345.35,345.35,63753,
2017-11-17 15:12:00+05:30,345.4,345.5,344.3,344.75,136045,
2017-11-17 15:13:00+05:30,344.55,344.55,343.15,343.35,127182,
2017-11-17 15:14:00+05:30,343.05,344.65,343,344.6,256752,
2017-11-17 15:15:00+05:30,344.75,345.55,343.5,343.5,180025,
2017-11-17 15:16:00+05:30,343.35,344,343.3,343.4,284656,
2017-11-17 15:17:00+05:30,343.5,343.5,342.8,342.95,190949,
2017-11-17 15:18:00+05:30,342.9,344.4,342.7,344,174799,
2017-11-17 15:19:00+05:30,344,344.5,343.4,343.9,181971,
2017-11-17 15:20:00+05:30,343.75,343.85,343.3,343.5,192201,
2017-11-17 15:21:00+05:30,343.6,344,343.3,343.85,116856,
2017-11-17 15:22:00+05:30,343.8,344.75,343.8,344.65,133145,
2017-11-17 15:23:00+05:30,344.75,345.5,344.55,344.7,265591,
2017-11-17 15:24:00+05:30,344.35,344.6,343.55,343.75,128863,
2017-11-17 15:25:00+05:30,343.55,344.35,343.45,344.05,156513,
2017-11-17 15:26:00+05:30,344.3,344.8,344,344.8,150439,
2017-11-17 15:27:00+05:30,344.75,344.9,344.15,344.55,196670,
2017-11-17 15:28:00+05:30,344.55,344.9,343.45,343.55,256104,
2017-11-17 15:29:00+05:30,343.5,343.9,343,343.9,272379,
2017-11-20 09:15:00+05:30,344.8,354,344.8,351.5,682350,
2017-11-20 09:16:00+05:30,351.75,358.7,351.75,354.5,426130,
2017-11-20 09:17:00+05:30,354,354,348.5,349,284396,
2017-11-20 09:18:00+05:30,348.8,352.3,348.6,351.9,158793,
2017-11-20 09:19:00+05:30,352.05,356.8,352.05,353.45,316299,
2017-11-20 09:20:00+05:30,354.05,356.4,354.05,354.9,203542,
2017-11-20 09:21:00+05:30,354.4,356.4,352.5,355.35,236433,
2017-11-20 09:22:00+05:30,355.35,358,354.65,356.3,204507,
2017-11-20 09:23:00+05:30,356.05,357.05,353.2,354.3,167865,
2017-11-20 09:24:00+05:30,354.5,354.6,353,353.55,83426,
2017-11-20 09:25:00+05:30,353.55,353.65,351.6,352,91074,
2017-11-20 09:26:00+05:30,352,352.2,349.35,349.35,162383,
2017-11-20 09:27:00+05:30,349.35,352.4,349.05,352.3,104699,
2017-11-20 09:28:00+05:30,352,352.35,350.1,350.1,49494,
2017-11-20 09:29:00+05:30,350.7,351.4,349.75,350,71357,
2017-11-20 09:30:00+05:30,350,350,349.15,349.4,79356,
2017-11-20 09:31:00+05:30,349.15,349.95,349.15,349.95,44057,
2017-11-20 09:32:00+05:30,349.8,350.9,349.6,350.65,62607,
2017-11-20 09:33:00+05:30,350.85,350.85,349.4,350,44150,
2017-11-20 09:34:00+05:30,350,350.3,349.6,350.3,38236,
2017-11-20 09:35:00+05:30,350.05,351.8,350.05,351.75,45162,
2017-11-20 09:36:00+05:30,351.6,351.6,350.5,350.5,31632,
2017-11-20 09:37:00+05:30,350.5,350.7,349.65,350.45,39985,
2017-11-20 09:38:00+05:30,350.5,350.55,349.7,349.95,20255,
2017-11-20 09:39:00+05:30,349.95,350,349.8,349.9,22468,
2017-11-20 09:40:00+05:30,349.9,350,349.8,349.8,20355,
2017-11-20 09:41:00+05:30,349.8,349.8,349.3,349.7,29726,
2017-11-20 09:42:00+05:30,349.8,349.95,349.6,349.6,26542,
2017-11-20 09:43:00+05:30,349.6,349.9,349.55,349.7,21937,
2017-11-20 09:44:00+05:30,349.6,349.8,348.65,348.75,64312,
2017-11-20 09:45:00+05:30,348.65,349.9,348.65,349.85,48628,
2017-11-20 09:46:00+05:30,349.85,349.9,349.55,349.8,25908,
2017-11-20 09:47:00+05:30,349.9,350.9,349.8,349.8,70244,
2017-11-20 09:48:00+05:30,349.8,350.35,349.6,349.95,28283,
2017-11-20 09:49:00+05:30,349.8,350,349.7,349.95,16048,
2017-11-20 09:50:00+05:30,349.9,350.5,349.6,350.15,81823,
2017-11-20 09:51:00+05:30,350.15,350.35,349.95,349.95,64671,
2017-11-20 09:52:00+05:30,349.95,350,349.85,349.9,24815,
2017-11-20 09:53:00+05:30,350,350.55,349.9,350.45,19947,
2017-11-20 09:54:00+05:30,350.2,350.5,350,350,20725,
2017-11-20 09:55:00+05:30,350.05,350.25,350,350.05,28892,
2017-11-20 09:56:00+05:30,350.05,350.3,349.95,350,30245,
2017-11-20 09:57:00+05:30,350,350,349.85,349.85,29735,
2017-11-20 09:58:00+05:30,349.85,350,349.85,350,11572,
2017-11-20 09:59:00+05:30,350,350.6,349.9,350.4,65720,
2017-11-20 10:00:00+05:30,350.25,352.65,350.05,352.65,101366,
2017-11-20 10:01:00+05:30,352.7,353,351.75,351.8,131290,
2017-11-20 10:02:00+05:30,351.3,352.4,351.3,351.8,49427,
2017-11-20 10:03:00+05:30,351.75,351.8,351.3,351.6,29949,
2017-11-20 10:04:00+05:30,351.6,351.8,351.2,351.2,26495,
2017-11-20 10:05:00+05:30,351.2,351.3,350.25,350.6,17335,
2017-11-20 10:06:00+05:30,350.5,350.9,350.05,350.5,46015,
2017-11-20 10:07:00+05:30,350.5,350.95,350.3,350.3,48014,
2017-11-20 10:08:00+05:30,350.6,351.5,350.55,351.35,21462,
2017-11-20 10:09:00+05:30,351.45,351.9,351.3,351.65,39103,
2017-11-20 10:10:00+05:30,351.7,352.85,351.5,352.85,104484,
2017-11-20 10:11:00+05:30,352.85,355,351.7,351.7,427369,
2017-11-20 10:12:00+05:30,352,354,352,352.5,102673,
2017-11-20 10:13:00+05:30,352.55,352.75,352,352.15,20663,
2017-11-20 10:14:00+05:30,352.15,352.45,351.7,351.9,21906,
2017-11-20 10:15:00+05:30,351.9,352.25,351.05,352.25,55895,
2017-11-20 10:16:00+05:30,352.1,352.5,351.35,352.2,35369,
2017-11-20 10:17:00+05:30,352.2,352.4,351.75,351.75,31045,
2017-11-20 10:18:00+05:30,351.6,352.25,351.2,352.2,34667,
2017-11-20 10:19:00+05:30,352,352.3,352,352.15,13583,
2017-11-20 10:20:00+05:30,352.2,352.2,352,352,27147,
2017-11-20 10:21:00+05:30,352,352.1,351.95,352.05,49995,
2017-11-20 10:22:00+05:30,352.05,352.1,351.3,351.3,25260,
2017-11-20 10:23:00+05:30,351.25,351.5,351.15,351.2,20798,
2017-11-20 10:24:00+05:30,351.25,351.5,351.1,351.2,19146,
2017-11-20 10:25:00+05:30,351.2,351.25,350.45,350.45,77955,
2017-11-20 10:26:00+05:30,350.45,350.75,350.35,350.5,29086,
2017-11-20 10:27:00+05:30,350.4,350.5,349.75,349.85,42266,
2017-11-20 10:28:00+05:30,349.8,350.5,349.8,350.3,17656,
2017-11-20 10:29:00+05:30,350.3,350.8,350.3,350.45,31546,
2017-11-20 10:30:00+05:30,350.45,350.8,350.45,350.75,12510,
2017-11-20 10:31:00+05:30,350.8,350.8,350.75,350.75,11893,
2017-11-20 10:32:00+05:30,350.75,350.9,350.7,350.8,11104,
2017-11-20 10:33:00+05:30,350.75,350.85,350.5,350.8,12529,
2017-11-20 10:34:00+05:30,350.8,350.8,350.6,350.65,11049,
2017-11-20 10:35:00+05:30,350.6,350.7,350.35,350.5,11595,
2017-11-20 10:36:00+05:30,350.7,350.7,350.25,350.4,10812,
2017-11-20 10:37:00+05:30,350.45,350.45,350.1,350.25,15966,
2017-11-20 10:38:00+05:30,350.35,350.35,349.85,349.85,46443,
2017-11-20 10:39:00+05:30,349.9,350.3,349.8,350.05,22627,
2017-11-20 10:40:00+05:30,350.05,350.7,349.95,350,25365,
2017-11-20 10:41:00+05:30,350,350.1,349.95,350.05,27573,
2017-11-20 10:42:00+05:30,350.05,351.15,350.05,350.8,30587,
2017-11-20 10:43:00+05:30,350.85,351.4,350.8,351.1,24556,
2017-11-20 10:44:00+05:30,351.1,351.2,350.4,350.5,19019,
2017-11-20 10:45:00+05:30,350.4,350.5,349.8,350,30808,
2017-11-20 10:46:00+05:30,350,351.45,349.95,351.15,25588,
2017-11-20 10:47:00+05:30,351.15,351.45,350.4,350.6,11700,
2017-11-20 10:48:00+05:30,350.65,351,350.5,350.8,9636,
2017-11-20 10:49:00+05:30,350.8,351,350.75,350.95,13717,
2017-11-20 10:50:00+05:30,350.95,351,350.85,350.85,10450,
2017-11-20 10:51:00+05:30,350.85,350.95,350.8,350.8,8408,
2017-11-20 10:52:00+05:30,350.85,350.95,350.8,350.9,8660,
2017-11-20 10:53:00+05:30,350.8,350.95,350.55,350.65,15064,
2017-11-20 10:54:00+05:30,350.95,351,350.55,351,13986,
2017-11-20 10:55:00+05:30,351,351,350.9,350.95,9468,
2017-11-20 10:56:00+05:30,350.95,351.45,350.95,351.45,41314,
2017-11-20 10:57:00+05:30,351.45,352.8,351.4,352.65,132124,
2017-11-20 10:58:00+05:30,352.7,352.7,351.5,351.55,23339,
2017-11-20 10:59:00+05:30,351.55,351.85,350.3,351,44886,
2017-11-20 11:00:00+05:30,351,351.3,350.65,351.25,30840,
2017-11-20 11:01:00+05:30,351.25,351.5,351.1,351.5,19089,
2017-11-20 11:02:00+05:30,351.5,351.75,351.2,351.35,24733,
2017-11-20 11:03:00+05:30,351.35,351.5,351.15,351.15,23919,
2017-11-20 11:04:00+05:30,351.15,351.5,350.95,351.2,39489,
2017-11-20 11:05:00+05:30,351.2,351.45,351.2,351.25,20887,
2017-11-20 11:06:00+05:30,351.25,351.4,351.25,351.4,17624,
2017-11-20 11:07:00+05:30,351.35,351.6,351.35,351.55,20637,
2017-11-20 11:08:00+05:30,351.55,351.65,351.45,351.45,23199,
2017-11-20 11:09:00+05:30,351.45,351.5,351.15,351.15,14246,
2017-11-20 11:10:00+05:30,351.15,351.5,351.15,351.45,9235,
2017-11-20 11:11:00+05:30,351.4,351.75,351.4,351.65,12611,
2017-11-20 11:12:00+05:30,351.65,351.8,351.65,351.8,21451,
2017-11-20 11:13:00+05:30,351.85,352.25,351.8,352.2,51502,
2017-11-20 11:14:00+05:30,352.2,352.5,352.2,352.45,38152,
2017-11-20 11:15:00+05:30,352.45,352.5,351.85,352,30158,
2017-11-20 11:16:00+05:30,352,352.1,351.75,352,23422,
2017-11-20 11:17:00+05:30,351.85,353,351.85,353,132525,
2017-11-20 11:18:00+05:30,352.7,353.7,352.7,353.55,130807,
2017-11-20 11:19:00+05:30,353.6,353.6,353,353.2,51655,
2017-11-20 11:20:00+05:30,353.2,353.2,353,353,19470,
2017-11-20 11:21:00+05:30,353.1,353.3,353,353.15,22877,
2017-11-20 11:22:00+05:30,353.2,353.75,353,353.5,25862,
2017-11-20 11:23:00+05:30,353.45,353.8,352.6,353.65,32311,
2017-11-20 11:24:00+05:30,353.75,353.75,353.2,353.3,18517,
2017-11-20 11:25:00+05:30,353.25,353.25,352.5,353,26298,
2017-11-20 11:26:00+05:30,353,353.4,353,353.2,12851,
2017-11-20 11:27:00+05:30,353.3,353.9,353.25,353.7,32026,
2017-11-20 11:28:00+05:30,353.65,353.95,353.65,353.7,22512,
2017-11-20 11:29:00+05:30,353.7,353.9,353.6,353.75,23635,
2017-11-20 11:30:00+05:30,353.8,353.9,353.1,353.2,18759,
2017-11-20 11:31:00+05:30,353.3,353.7,353.2,353.35,8628,
2017-11-20 11:32:00+05:30,353.35,353.4,353.25,353.3,15078,
2017-11-20 11:33:00+05:30,353.3,353.35,353,353.05,20494,
2017-11-20 11:34:00+05:30,353.05,353.65,353.05,353.4,24849,
2017-11-20 11:35:00+05:30,353.4,353.5,353.2,353.35,15370,
2017-11-20 11:36:00+05:30,353.4,353.85,353.4,353.65,16401,
2017-11-20 11:37:00+05:30,353.65,354.85,353.65,354.75,86371,
2017-11-20 11:38:00+05:30,354.75,355,354.05,355,151680,
2017-11-20 11:39:00+05:30,355.7,356,353.3,353.5,148874,
2017-11-20 11:40:00+05:30,353.3,353.55,353,353.5,33157,
2017-11-20 11:41:00+05:30,353.5,353.8,353.3,353.3,16563,
2017-11-20 11:42:00+05:30,353.3,353.45,353.2,353.3,11239,
2017-11-20 11:43:00+05:30,353.3,353.5,352.7,353.05,45649,
2017-11-20 11:44:00+05:30,353.2,353.4,353.05,353.25,18124,
2017-11-20 11:45:00+05:30,353.2,353.4,352.6,353,17684,
2017-11-20 11:46:00+05:30,352.55,353.3,352.55,353.3,11556,
2017-11-20 11:47:00+05:30,353.3,354.45,353.3,354.4,36919,
2017-11-20 11:48:00+05:30,354.15,355,354.15,354.6,55376,
2017-11-20 11:49:00+05:30,354.5,354.65,354.15,354.6,19189,
2017-11-20 11:50:00+05:30,354.65,354.8,354.5,354.65,25802,
2017-11-20 11:51:00+05:30,354.65,354.95,354.5,354.65,61690,
2017-11-20 11:52:00+05:30,354.7,355.45,354.6,354.75,39135,
2017-11-20 11:53:00+05:30,354.7,354.7,353.4,353.8,26917,
2017-11-20 11:54:00+05:30,354,354,353.35,353.9,17635,
2017-11-20 11:55:00+05:30,353.9,353.9,353.4,353.9,17715,
2017-11-20 11:56:00+05:30,353.9,354.45,353.85,354.35,14761,
2017-11-20 11:57:00+05:30,354.45,354.45,353.8,353.8,22588,
2017-11-20 11:58:00+05:30,353.8,353.95,353.55,353.6,9491,
2017-11-20 11:59:00+05:30,353.6,353.65,353.35,353.35,16246,
2017-11-20 12:00:00+05:30,353.5,353.6,353.1,353.1,9683,
2017-11-20 12:01:00+05:30,353.1,354.75,352.3,354.7,53970,
2017-11-20 12:02:00+05:30,354.5,355.5,354.5,355.45,72828,
2017-11-20 12:03:00+05:30,355.45,357.6,355.35,355.7,307831,
2017-11-20 12:04:00+05:30,355.7,355.9,353.7,353.95,61013,
2017-11-20 12:05:00+05:30,353.65,354.75,353.65,354.45,29689,
2017-11-20 12:06:00+05:30,354.45,355,354.25,354.45,23743,
2017-11-20 12:07:00+05:30,354.35,354.75,354.25,354.55,13799,
2017-11-20 12:08:00+05:30,354.5,354.5,353.35,353.55,30243,
2017-11-20 12:09:00+05:30,353.5,353.85,353.25,353.3,18900,
2017-11-20 12:10:00+05:30,353.4,353.65,353.2,353.3,16564,
2017-11-20 12:11:00+05:30,353,353.75,352.5,353.4,39982,
2017-11-20 12:12:00+05:30,353.4,353.75,353.35,353.75,9948,
2017-11-20 12:13:00+05:30,353.55,354,353.55,353.95,20066,
2017-11-20 12:14:00+05:30,353.85,354,353.75,354,14047,
2017-11-20 12:15:00+05:30,353.8,353.85,353.3,353.5,15566,
2017-11-20 12:16:00+05:30,353.5,353.8,353.4,353.45,13021,
2017-11-20 12:17:00+05:30,353.45,353.7,353.35,353.35,10090,
2017-11-20 12:18:00+05:30,353.35,353.5,353.1,353.1,15548,
2017-11-20 12:19:00+05:30,353.1,353.5,353,353.35,25650,
2017-11-20 12:20:00+05:30,353.1,353.4,353.1,353.3,11482,
2017-11-20 12:21:00+05:30,353.2,353.4,353.15,353.25,7730,
2017-11-20 12:22:00+05:30,353.25,353.4,353.2,353.4,8582,
2017-11-20 12:23:00+05:30,353.3,353.4,353.25,353.3,9588,
2017-11-20 12:24:00+05:30,353.3,353.5,353.25,353.4,10559,
2017-11-20 12:25:00+05:30,353.4,353.4,353.2,353.2,9643,
2017-11-20 12:26:00+05:30,353.2,353.4,353.2,353.35,5753,
2017-11-20 12:27:00+05:30,353.4,353.4,353.15,353.15,10348,
2017-11-20 12:28:00+05:30,353.25,353.4,353.15,353.35,9575,
2017-11-20 12:29:00+05:30,353.35,353.4,353.15,353.15,22664,
2017-11-20 12:30:00+05:30,353.15,353.15,352.85,353,62476,
2017-11-20 12:31:00+05:30,353,353.2,352.95,353.1,37246,
2017-11-20 12:32:00+05:30,353.15,353.25,353.1,353.15,11516,
2017-11-20 12:33:00+05:30,353.15,353.4,353.15,353.3,18672,
2017-11-20 12:34:00+05:30,353.3,353.4,353.15,353.15,12449,
2017-11-20 12:35:00+05:30,353.15,353.4,353.15,353.25,8802,
2017-11-20 12:36:00+05:30,353.25,353.4,353.2,353.35,8745,
2017-11-20 12:37:00+05:30,353.35,353.55,353.2,353.2,8220,
2017-11-20 12:38:00+05:30,353.2,353.25,353.15,353.2,11249,
2017-11-20 12:39:00+05:30,353.3,353.6,353.15,353.5,10514,
2017-11-20 12:40:00+05:30,353.5,353.75,353.45,353.5,16285,
2017-11-20 12:41:00+05:30,353.45,353.8,353.45,353.7,11704,
2017-11-20 12:42:00+05:30,353.7,353.8,352.85,352.85,70834,
2017-11-20 12:43:00+05:30,352.85,353,352.15,352.15,19668,
2017-11-20 12:44:00+05:30,352.45,352.45,350.8,351.9,82287,
2017-11-20 12:45:00+05:30,351.9,352.3,351.35,351.95,57421,
2017-11-20 12:46:00+05:30,351.95,352.2,351.45,351.75,58149,
2017-11-20 12:47:00+05:30,352,352.7,351.9,352.35,28262,
2017-11-20 12:48:00+05:30,352.35,352.8,352.1,352.35,14366,
2017-11-20 12:49:00+05:30,352.4,352.8,352.35,352.5,17609,
2017-11-20 12:50:00+05:30,352.55,352.85,352.5,352.8,9608,
2017-11-20 12:51:00+05:30,352.6,353,352.6,352.85,10367,
2017-11-20 12:52:00+05:30,352.9,353.15,352.85,352.9,14165,
2017-11-20 12:53:00+05:30,352.85,353.2,352.85,352.9,17104,
2017-11-20 12:54:00+05:30,352.9,353.05,352.85,352.95,9262,
2017-11-20 12:55:00+05:30,353.05,353.1,352.9,352.95,9264,
2017-11-20 12:56:00+05:30,352.95,353.15,352.95,353,8762,
2017-11-20 12:57:00+05:30,353,353.15,353,353.15,12480,
2017-11-20 12:58:00+05:30,353.15,353.4,353.05,353.2,14351,
2017-11-20 12:59:00+05:30,353.4,353.4,353.2,353.35,8639,
2017-11-20 13:00:00+05:30,353.35,353.4,353.25,353.3,11047,
2017-11-20 13:01:00+05:30,353.3,353.45,353.25,353.3,8995,
2017-11-20 13:02:00+05:30,353.3,353.5,353.2,353.35,6201,
2017-11-20 13:03:00+05:30,353.35,353.4,353.3,353.3,9722,
2017-11-20 13:04:00+05:30,353.3,353.4,353.3,353.3,9162,
2017-11-20 13:05:00+05:30,353.3,353.4,353.25,353.3,11090,
2017-11-20 13:06:00+05:30,353.25,353.4,353.25,353.25,7189,
2017-11-20 13:07:00+05:30,353.25,353.4,353.2,353.4,6416,
2017-11-20 13:08:00+05:30,353.4,353.45,353.25,353.25,7450,
2017-11-20 13:09:00+05:30,353.4,353.5,353.25,353.4,15182,
2017-11-20 13:10:00+05:30,353.4,353.45,353.3,353.3,9530,
2017-11-20 13:11:00+05:30,353.3,354,353.3,354,47842,
2017-11-20 13:12:00+05:30,353.7,354.65,353.4,354,97228,
2017-11-20 13:13:00+05:30,354,354.25,354,354,29826,
2017-11-20 13:14:00+05:30,354.5,354.5,354,354,9893,
2017-11-20 13:15:00+05:30,354,354.2,354,354,9724,
2017-11-20 13:16:00+05:30,354,354.1,354,354.05,10795,
2017-11-20 13:17:00+05:30,354,354.1,354,354.05,7639,
2017-11-20 13:18:00+05:30,354.05,354.2,354,354.15,6255,
2017-11-20 13:19:00+05:30,354.2,354.95,354.15,354.85,28863,
2017-11-20 13:20:00+05:30,354.8,355,354.4,355,53980,
2017-11-20 13:21:00+05:30,354.45,355.4,354.45,354.7,94265,
2017-11-20 13:22:00+05:30,354.75,355,354,354,24657,
2017-11-20 13:23:00+05:30,354,354,353.6,353.8,12327,
2017-11-20 13:24:00+05:30,353.85,353.9,353.65,353.75,6981,
2017-11-20 13:25:00+05:30,353.75,354,353.55,353.8,9609,
2017-11-20 13:26:00+05:30,353.8,353.8,353,353.35,26691,
2017-11-20 13:27:00+05:30,353.1,353.3,353,353.25,8511,
2017-11-20 13:28:00+05:30,353.15,353.35,353,353.15,6814,
2017-11-20 13:29:00+05:30,353.15,353.35,353.05,353.3,7013,
2017-11-20 13:30:00+05:30,353.3,353.35,353,353.2,9680,
2017-11-20 13:31:00+05:30,353.25,353.3,353.15,353.2,5343,
2017-11-20 13:32:00+05:30,353.2,353.9,353.15,353.65,16343,
2017-11-20 13:33:00+05:30,353.65,353.65,353.3,353.35,10227,
2017-11-20 13:34:00+05:30,353.35,353.35,353.05,353.15,8870,
2017-11-20 13:35:00+05:30,353.15,353.25,353,353.05,20829,
2017-11-20 13:36:00+05:30,353.05,353.25,353,353.25,8729,
2017-11-20 13:37:00+05:30,353.25,353.3,353,353.05,8866,
2017-11-20 13:38:00+05:30,353.2,353.45,353.05,353.3,8090,
2017-11-20 13:39:00+05:30,353.3,354.05,353,354,32124,
2017-11-20 13:40:00+05:30,354,354.2,353.6,354,12150,
2017-11-20 13:41:00+05:30,354,354.1,353.75,354,17866,
2017-11-20 13:42:00+05:30,354,354.2,354,354,16684,
2017-11-20 13:43:00+05:30,354.05,354.25,353.7,354.1,162373,
2017-11-20 13:44:00+05:30,354.15,354.2,353.7,353.75,74709,
2017-11-20 13:45:00+05:30,353.75,353.75,353.3,353.6,5463,
2017-11-20 13:46:00+05:30,353.6,353.8,353.5,353.5,7373,
2017-11-20 13:47:00+05:30,353.4,353.7,353.05,353.05,10731,
2017-11-20 13:48:00+05:30,353.1,353.25,353,353.1,8661,
2017-11-20 13:49:00+05:30,353.1,353.3,353,353.2,18087,
2017-11-20 13:50:00+05:30,353.2,353.35,353.05,353.15,5825,
2017-11-20 13:51:00+05:30,353.15,353.4,353.15,353.35,7481,
2017-11-20 13:52:00+05:30,353.5,353.5,353.2,353.35,6556,
2017-11-20 13:53:00+05:30,353.35,353.4,353,353.15,12147,
2017-11-20 13:54:00+05:30,353.15,353.35,353,353,5420,
2017-11-20 13:55:00+05:30,353,353.2,353,353.1,6834,
2017-11-20 13:56:00+05:30,353.1,353.2,352.5,353.05,29199,
2017-11-20 13:57:00+05:30,353.1,353.35,353,353,15263,
2017-11-20 13:58:00+05:30,353.05,353.3,353,353.25,8033,
2017-11-20 13:59:00+05:30,353.25,353.3,353,353.1,14114,
2017-11-20 14:00:00+05:30,353.1,353.3,353,353,8206,
2017-11-20 14:01:00+05:30,353,353.2,353,353,12332,
2017-11-20 14:02:00+05:30,353.05,353.3,353,353.05,11486,
2017-11-20 14:03:00+05:30,353.05,353.25,353,353.1,8537,
2017-11-20 14:04:00+05:30,353.1,353.3,353,353.25,7809,
2017-11-20 14:05:00+05:30,353.2,353.35,353,353,11255,
2017-11-20 14:06:00+05:30,353,353.1,353,353,11127,
2017-11-20 14:07:00+05:30,353,353.1,352.5,352.5,27419,
2017-11-20 14:08:00+05:30,353,353.25,353,353.05,22819,
2017-11-20 14:09:00+05:30,353.05,353.2,353,353,7947,
2017-11-20 14:10:00+05:30,353,353.5,353,353.05,8303,
2017-11-20 14:11:00+05:30,353.05,353.4,353,353.15,6188,
2017-11-20 14:12:00+05:30,353.15,353.35,353,353,10755,
2017-11-20 14:13:00+05:30,353.05,353.5,353,353.1,9044,
2017-11-20 14:14:00+05:30,353.1,353.45,353,353.35,6383,
2017-11-20 14:15:00+05:30,353.35,353.55,353,353,15371,
2017-11-20 14:16:00+05:30,353,353.15,353,353.1,9440,
2017-11-20 14:17:00+05:30,353.35,353.45,353,353.2,7932,
2017-11-20 14:18:00+05:30,353.2,353.45,353,353.05,7174,
2017-11-20 14:19:00+05:30,353.05,353.35,353,353.05,5826,
2017-11-20 14:20:00+05:30,353.05,353.2,353,353,18695,
2017-11-20 14:21:00+05:30,353.05,353.25,353,353.2,7582,
2017-11-20 14:22:00+05:30,353.2,353.35,353,353.05,6408,
2017-11-20 14:23:00+05:30,353.05,353.45,353,353.3,9298,
2017-11-20 14:24:00+05:30,353.2,353.35,353,353.2,6788,
2017-11-20 14:25:00+05:30,353.05,353.25,353,353.15,8770,
2017-11-20 14:26:00+05:30,353.05,353.3,353,353.05,13713,
2017-11-20 14:27:00+05:30,353.05,353.3,353,353.1,7653,
2017-11-20 14:28:00+05:30,353.15,353.25,353,353.1,9725,
2017-11-20 14:29:00+05:30,353.1,353.4,353,353,12462,
2017-11-20 14:30:00+05:30,353,353.15,353,353.05,5932,
2017-11-20 14:31:00+05:30,353.05,353.25,353,353.25,7843,
2017-11-20 14:32:00+05:30,353.25,353.55,353.25,353.45,15088,
2017-11-20 14:33:00+05:30,353.45,353.8,353.15,353.55,13798,
2017-11-20 14:34:00+05:30,353.55,353.8,353.5,353.75,13143,
2017-11-20 14:35:00+05:30,353.8,354.05,353.7,353.75,56576,
2017-11-20 14:36:00+05:30,353.75,353.95,353.2,353.25,14111,
2017-11-20 14:37:00+05:30,353.25,353.3,352.8,353,18631,
2017-11-20 14:38:00+05:30,353,353.3,352.85,353.1,12640,
2017-11-20 14:39:00+05:30,353.1,353.35,353,353.15,8287,
2017-11-20 14:40:00+05:30,353.15,353.25,353.15,353.2,6958,
2017-11-20 14:41:00+05:30,353.2,353.6,353.15,353.5,17272,
2017-11-20 14:42:00+05:30,353.5,353.65,353.5,353.5,14627,
2017-11-20 14:43:00+05:30,353.5,353.7,353.5,353.7,11553,
2017-11-20 14:44:00+05:30,353.6,353.75,353.4,353.5,18819,
2017-11-20 14:45:00+05:30,353.5,353.7,353.45,353.55,7702,
2017-11-20 14:46:00+05:30,353.55,353.65,353.3,353.65,18454,
2017-11-20 14:47:00+05:30,353.65,353.7,353.45,353.5,24750,
2017-11-20 14:48:00+05:30,353.5,353.7,353.4,353.55,15335,
2017-11-20 14:49:00+05:30,353.55,353.65,353.5,353.5,12921,
2017-11-20 14:50:00+05:30,353.5,353.6,353.45,353.55,25398,
2017-11-20 14:51:00+05:30,353.55,353.6,353.35,353.55,28475,
2017-11-20 14:52:00+05:30,353.55,353.6,353.5,353.5,22848,
2017-11-20 14:53:00+05:30,353.55,353.6,353.45,353.55,16829,
2017-11-20 14:54:00+05:30,353.6,353.6,353.5,353.5,12740,
2017-11-20 14:55:00+05:30,353.5,353.65,353.4,353.4,36380,
2017-11-20 14:56:00+05:30,353.6,353.7,353.5,353.65,24783,
2017-11-20 14:57:00+05:30,353.65,354.45,353.6,354.25,51366,
2017-11-20 14:58:00+05:30,354.15,354.3,354,354.05,24874,
2017-11-20 14:59:00+05:30,354.2,354.65,353.95,354.4,35032,
2017-11-20 15:00:00+05:30,354.1,355.4,353.8,354,233219,
2017-11-20 15:01:00+05:30,354.05,354.4,353.8,354,60394,
2017-11-20 15:02:00+05:30,354,354.15,353.75,353.95,34109,
2017-11-20 15:03:00+05:30,354.05,354.1,353.65,354.1,72826,
2017-11-20 15:04:00+05:30,354.1,354.5,354.1,354.2,23234,
2017-11-20 15:05:00+05:30,354.15,355,354.15,355,34741,
2017-11-20 15:06:00+05:30,354.95,355.35,354,354.35,55597,
2017-11-20 15:07:00+05:30,354.15,355,354.15,354.95,31448,
2017-11-20 15:08:00+05:30,354.9,354.9,354.1,354.1,21056,
2017-11-20 15:09:00+05:30,354.3,354.35,354,354.15,41372,
2017-11-20 15:10:00+05:30,354.15,354.4,354,354.3,21226,
2017-11-20 15:11:00+05:30,354.15,354.65,354.15,354.6,31220,
2017-11-20 15:12:00+05:30,354.65,354.7,354.1,354.15,42431,
2017-11-20 15:13:00+05:30,354.1,354.4,354,354.2,23478,
2017-11-20 15:14:00+05:30,354.2,354.4,354.05,354.25,29702,
2017-11-20 15:15:00+05:30,354.45,354.5,354.15,354.25,31636,
2017-11-20 15:16:00+05:30,354.3,354.5,354,354,57642,
2017-11-20 15:17:00+05:30,354.05,354.3,354,354.1,28406,
2017-11-20 15:18:00+05:30,354.15,354.45,354.15,354.45,36061,
2017-11-20 15:19:00+05:30,354.45,356.8,354.4,356.6,187061,
2017-11-20 15:20:00+05:30,356.65,358.75,356.2,356.35,319750,
2017-11-20 15:21:00+05:30,356.25,356.35,355.1,355.7,85817,
2017-11-20 15:22:00+05:30,355.75,356.2,355.55,355.7,45957,
2017-11-20 15:23:00+05:30,355.7,356,355.5,355.6,27829,
2017-11-20 15:24:00+05:30,355.75,356.75,355.6,356.7,50438,
2017-11-20 15:25:00+05:30,356.7,357.45,355.6,355.65,119799,
2017-11-20 15:26:00+05:30,355.7,355.9,355.3,355.3,105194,
2017-11-20 15:27:00+05:30,355.5,355.75,355.15,355.25,65204,
2017-11-20 15:28:00+05:30,355.15,355.3,354.7,354.9,113735,
2017-11-20 15:29:00+05:30,355,355.35,354.55,355,75049,
2017-11-21 09:15:00+05:30,356.5,357.4,356.5,356.85,97951,
2017-11-21 09:16:00+05:30,356.6,356.6,355,355.6,100844,
2017-11-21 09:17:00+05:30,355.6,356,354.85,354.9,82859,
2017-11-21 09:18:00+05:30,354.95,356.2,354.55,355.45,85092,
2017-11-21 09:19:00+05:30,355.45,356.35,355,355.3,45932,
2017-11-21 09:20:00+05:30,355.65,355.7,354.6,354.95,54861,
2017-11-21 09:21:00+05:30,354.95,355,354.75,354.85,21432,
2017-11-21 09:22:00+05:30,354.85,355.5,354.55,355.45,55892,
2017-11-21 09:23:00+05:30,355.25,355.9,355,355.05,25338,
2017-11-21 09:24:00+05:30,355.05,355.35,354.9,354.9,22467,
2017-11-21 09:25:00+05:30,354.95,355,354.75,354.75,17790,
2017-11-21 09:26:00+05:30,354.75,354.85,354.4,354.4,16087,
2017-11-21 09:27:00+05:30,354.25,354.5,353.95,354,38141,
2017-11-21 09:28:00+05:30,354,354.6,353.85,353.85,36884,
2017-11-21 09:29:00+05:30,353.65,353.65,352.95,353.05,63101,
2017-11-21 09:30:00+05:30,353.05,353.5,353,353,66798,
2017-11-21 09:31:00+05:30,353.05,353.05,353,353,166652,
2017-11-21 09:32:00+05:30,353,353.7,352.9,353,74026,
2017-11-21 09:33:00+05:30,353,353.5,352.65,353.1,19605,
2017-11-21 09:34:00+05:30,353,353.35,352.6,353,22226,
2017-11-21 09:35:00+05:30,352.95,354,352.85,353.15,71791,
2017-11-21 09:36:00+05:30,353.3,354.65,353.3,354.6,23820,
2017-11-21 09:37:00+05:30,354.6,354.95,354.05,354.45,29013,
2017-11-21 09:38:00+05:30,354.35,355,354.35,354.8,22944,
2017-11-21 09:39:00+05:30,354.35,355,354.25,354.8,46930,
2017-11-21 09:40:00+05:30,354.75,356,354.45,356,31003,
2017-11-21 09:41:00+05:30,355.9,361.9,355.9,360.4,448671,
2017-11-21 09:42:00+05:30,360.25,363.7,359.85,362.85,267098,
2017-11-21 09:43:00+05:30,362.8,364.35,362.55,363.3,260825,
2017-11-21 09:44:00+05:30,363.4,367.3,363.4,365.3,484113,
2017-11-21 09:45:00+05:30,364.9,365.55,362.5,362.5,180871,
2017-11-21 09:46:00+05:30,362.45,364.5,362.45,364.5,113409,
2017-11-21 09:47:00+05:30,364.55,368.25,364.55,366.95,291343,
2017-11-21 09:48:00+05:30,367,368.1,365.65,365.7,202006,
2017-11-21 09:49:00+05:30,365.7,367.9,365.15,366.9,141859,
2017-11-21 09:50:00+05:30,366.85,368.8,366.55,367.3,183162,
2017-11-21 09:51:00+05:30,367.25,369.5,366.75,369.5,326553,
2017-11-21 09:52:00+05:30,370.3,371,367.65,367.95,282835,
2017-11-21 09:53:00+05:30,367.8,369,367.5,367.5,89091,
2017-11-21 09:54:00+05:30,367.8,367.95,366.05,366.85,96709,
2017-11-21 09:55:00+05:30,366.85,367.95,366.7,367.7,47489,
2017-11-21 09:56:00+05:30,367.6,368.4,367.45,368,80590,
2017-11-21 09:57:00+05:30,367.9,368.7,367.9,368,51984,
2017-11-21 09:58:00+05:30,368.2,368.45,367.85,368.1,73771,
2017-11-21 09:59:00+05:30,368.1,368.35,367.8,368,28929,
2017-11-21 10:00:00+05:30,368,369.8,367.85,369.35,130728,
2017-11-21 10:01:00+05:30,369.4,369.7,368.35,369.6,62359,
2017-11-21 10:02:00+05:30,369.65,370.2,368.05,368.3,156770,
2017-11-21 10:03:00+05:30,368.4,368.85,367.85,368.25,41997,
2017-11-21 10:04:00+05:30,368.15,369.4,368.1,369,39890,
2017-11-21 10:05:00+05:30,369.1,369.75,368.55,369.4,45252,
2017-11-21 10:06:00+05:30,369.25,370.7,368.35,368.8,173618,
2017-11-21 10:07:00+05:30,368.8,368.95,368.3,368.6,64833,
2017-11-21 10:08:00+05:30,368.7,369,368.55,368.65,36352,
2017-11-21 10:09:00+05:30,368.65,368.7,368,368.05,26798,
2017-11-21 10:10:00+05:30,368,368.05,367.8,367.95,35240,
2017-11-21 10:11:00+05:30,367.95,368.15,367.55,368.15,67818,
2017-11-21 10:12:00+05:30,368.25,368.35,368,368,27294,
2017-11-21 10:13:00+05:30,368,368.35,367.75,367.75,31095,
2017-11-21 10:14:00+05:30,367.75,367.75,367.2,367.5,29994,
2017-11-21 10:15:00+05:30,367.4,367.9,367.2,367.7,28523,
2017-11-21 10:16:00+05:30,367.7,368.45,367.55,368.1,36470,
2017-11-21 10:17:00+05:30,368.4,369,368.2,368.85,43700,
2017-11-21 10:18:00+05:30,369,369.4,368.9,369.2,27404,
2017-11-21 10:19:00+05:30,369.3,369.3,368.55,368.8,42203,
2017-11-21 10:20:00+05:30,368.65,369,368.65,368.85,15871,
2017-11-21 10:21:00+05:30,368.8,368.85,368.5,368.85,16278,
2017-11-21 10:22:00+05:30,368.95,369,368.7,368.8,26734,
2017-11-21 10:23:00+05:30,368.95,369.25,368.8,369.05,22720,
2017-11-21 10:24:00+05:30,369.05,369.3,369,369.2,22800,
2017-11-21 10:25:00+05:30,369.05,369.3,369.05,369.2,17702,
2017-11-21 10:26:00+05:30,369.2,369.3,369.05,369.1,17888,
2017-11-21 10:27:00+05:30,369.1,369.4,369,369.05,28046,
2017-11-21 10:28:00+05:30,369.2,369.45,368.5,368.5,21343,
2017-11-21 10:29:00+05:30,368.5,369.2,368.5,369,19729,
2017-11-21 10:30:00+05:30,369,369.3,369,369,23885,
2017-11-21 10:31:00+05:30,369,369.55,368.9,369.55,33559,
2017-11-21 10:32:00+05:30,369.45,369.9,369.3,369.9,23778,
2017-11-21 10:33:00+05:30,369.8,370,368.55,369.1,60765,
2017-11-21 10:34:00+05:30,369.5,370,369.15,370,36083,
2017-11-21 10:35:00+05:30,370,370,368.2,368.2,87297,
2017-11-21 10:36:00+05:30,368.2,369.45,368.15,369,25871,
2017-11-21 10:37:00+05:30,369,369.7,368.9,369.35,21170,
2017-11-21 10:38:00+05:30,369.35,369.4,368.6,368.6,26625,
2017-11-21 10:39:00+05:30,368.7,368.7,368,368.35,53985,
2017-11-21 10:40:00+05:30,368.35,368.5,368,368.3,60651,
2017-11-21 10:41:00+05:30,368.1,368.5,368.05,368.3,20810,
2017-11-21 10:42:00+05:30,368.3,368.85,368.25,368.8,16272,
2017-11-21 10:43:00+05:30,368.75,369.3,368.6,369.05,22517,
2017-11-21 10:44:00+05:30,369,369.4,368.5,368.5,20282,
2017-11-21 10:45:00+05:30,368.9,369.4,368.5,369.05,17932,
2017-11-21 10:46:00+05:30,368.95,369.4,368.95,369.05,19383,
2017-11-21 10:47:00+05:30,369.35,369.35,368.6,368.8,29732,
2017-11-21 10:48:00+05:30,368.8,369,368.6,368.8,20777,
2017-11-21 10:49:00+05:30,368.8,369,368.6,368.65,17484,
2017-11-21 10:50:00+05:30,368.75,369,368.75,368.8,19514,
2017-11-21 10:51:00+05:30,369,369.4,368.8,368.8,32095,
2017-11-21 10:52:00+05:30,369,369.45,368.8,369.3,25380,
2017-11-21 10:53:00+05:30,369.1,369.7,369.05,369.5,26695,
2017-11-21 10:54:00+05:30,369.45,369.5,368.8,368.85,25780,
2017-11-21 10:55:00+05:30,368.8,369.5,368.8,369.15,40582,
2017-11-21 10:56:00+05:30,369.25,369.55,369.1,369.55,34683,
2017-11-21 10:57:00+05:30,369.6,369.85,368.8,368.85,50795,
2017-11-21 10:58:00+05:30,368.8,369.05,368.75,368.95,18809,
2017-11-21 10:59:00+05:30,368.8,369.75,368.8,369.15,19442,
2017-11-21 11:00:00+05:30,369.3,369.9,369.3,369.35,19764,
2017-11-21 11:01:00+05:30,369.55,369.75,369.2,369.55,23799,
2017-11-21 11:02:00+05:30,369.5,370,369.5,370,63177,
2017-11-21 11:03:00+05:30,369.7,370,368.85,370,104310,
2017-11-21 11:04:00+05:30,370.3,373.7,370.3,373.4,446836,
2017-11-21 11:05:00+05:30,373.6,374.4,372.9,374,197998,
2017-11-21 11:06:00+05:30,374,375.7,374,375.3,388285,
2017-11-21 11:07:00+05:30,375.6,378.95,375.3,378.8,581113,
2017-11-21 11:08:00+05:30,378.55,382.8,378.35,380.9,729973,
2017-11-21 11:09:00+05:30,379.95,380,377.5,377.5,358734,
2017-11-21 11:10:00+05:30,377.6,378.6,377.45,378.6,165206,
2017-11-21 11:11:00+05:30,378.65,378.85,377.6,378.85,116157,
2017-11-21 11:12:00+05:30,378.8,380.5,378.3,380.5,187798,
2017-11-21 11:13:00+05:30,380.5,381.7,379.85,380.9,325725,
2017-11-21 11:14:00+05:30,380.4,382.35,380.4,380.85,228552,
2017-11-21 11:15:00+05:30,381.05,382.1,380.35,381.9,170799,
2017-11-21 11:16:00+05:30,381.9,382.45,381.35,381.65,179256,
2017-11-21 11:17:00+05:30,381.75,383.45,380.75,383.45,210071,
2017-11-21 11:18:00+05:30,383.55,388.9,383.55,387.5,768729,
2017-11-21 11:19:00+05:30,387.5,390.9,386.25,388.15,582850,
2017-11-21 11:20:00+05:30,387.9,388.2,385.65,387.65,411931,
2017-11-21 11:21:00+05:30,387.5,388.5,386,386.25,213462,
2017-11-21 11:22:00+05:30,386.2,386.25,385.65,385.7,166182,
2017-11-21 11:23:00+05:30,385.75,387.45,385.45,386.85,149706,
2017-11-21 11:24:00+05:30,386.9,387.4,386.5,387.25,119200,
2017-11-21 11:25:00+05:30,387.05,387.1,386.2,386.2,102095,
2017-11-21 11:26:00+05:30,386.2,386.5,385.65,385.75,70876,
2017-11-21 11:27:00+05:30,385.4,386.9,385.4,386.15,134651,
2017-11-21 11:28:00+05:30,386.15,387.4,386.1,386.2,86189,
2017-11-21 11:29:00+05:30,386.15,386.8,386.15,386.3,67368,
2017-11-21 11:30:00+05:30,386.15,386.8,386.15,386.4,53856,
2017-11-21 11:31:00+05:30,386.4,386.75,386.3,386.45,35945,
2017-11-21 11:32:00+05:30,386.5,386.7,386.35,386.6,29092,
2017-11-21 11:33:00+05:30,386.6,388.6,386.6,387.7,128338,
2017-11-21 11:34:00+05:30,387.85,389,387.75,387.9,163945,
2017-11-21 11:35:00+05:30,387.85,388.5,387.55,388.2,82395,
2017-11-21 11:36:00+05:30,388.2,390,388.2,389.7,222980,
2017-11-21 11:37:00+05:30,389.6,389.65,388.3,388.3,151951,
2017-11-21 11:38:00+05:30,388.6,388.6,387.6,387.7,76551,
2017-11-21 11:39:00+05:30,387.7,391.65,387.55,391.35,559224,
2017-11-21 11:40:00+05:30,391.3,393.25,391.2,391.85,426393,
2017-11-21 11:41:00+05:30,392.15,393.55,392.15,393.55,342354,
2017-11-21 11:42:00+05:30,393.6,396.75,393.1,395.75,534869,
2017-11-21 11:43:00+05:30,395.5,396.25,391.4,393.7,476335,
2017-11-21 11:44:00+05:30,393.55,393.55,390.65,390.75,255446,
2017-11-21 11:45:00+05:30,390.85,392.3,390.65,390.9,315389,
2017-11-21 11:46:00+05:30,390.95,392.7,390,392.55,181553,
2017-11-21 11:47:00+05:30,392.45,392.75,391.3,392.45,89032,
2017-11-21 11:48:00+05:30,392.2,392.7,391.9,392.35,59958,
2017-11-21 11:49:00+05:30,392.25,396.4,392.05,396.4,223756,
2017-11-21 11:50:00+05:30,396.3,398.4,395.55,397.2,428234,
2017-11-21 11:51:00+05:30,397.4,398.5,396.45,397.75,182201,
2017-11-21 11:52:00+05:30,397.75,397.9,394.9,397.5,202579,
2017-11-21 11:53:00+05:30,397.55,398.55,397,398.55,192352,
2017-11-21 11:54:00+05:30,398.7,398.7,396.8,397.55,123985,
2017-11-21 11:55:00+05:30,397.7,398.85,397.05,398.8,197780,
2017-11-21 11:56:00+05:30,398.7,398.85,395.65,396.2,217586,
2017-11-21 11:57:00+05:30,396.3,398.5,396.3,397.7,127132,
2017-11-21 11:58:00+05:30,397.7,397.7,396.1,397.65,89372,
2017-11-21 11:59:00+05:30,397.6,399,397.1,397.3,173982,
2017-11-21 12:00:00+05:30,397.55,398.8,397.1,398.3,132788,
2017-11-21 12:01:00+05:30,398.3,398.3,396.5,396.65,88039,
2017-11-21 12:02:00+05:30,396.5,396.95,393.45,394.1,201874,
2017-11-21 12:03:00+05:30,394.5,394.65,393,393,144287,
2017-11-21 12:04:00+05:30,392.9,395.25,392.9,394.4,83570,
2017-11-21 12:05:00+05:30,394.35,396.1,394.3,396.1,63134,
2017-11-21 12:06:00+05:30,396.1,396.5,395.6,395.9,54902,
2017-11-21 12:07:00+05:30,395.85,396.5,395.65,396.3,49707,
2017-11-21 12:08:00+05:30,396.15,396.55,395.55,396.2,50604,
2017-11-21 12:09:00+05:30,396.2,396.4,395.75,395.9,24991,
2017-11-21 12:10:00+05:30,395.9,397.55,395.9,397.55,82232,
2017-11-21 12:11:00+05:30,397.5,398.05,396.5,396.9,127099,
2017-11-21 12:12:00+05:30,397,397.25,395.7,396.45,50178,
2017-11-21 12:13:00+05:30,396.55,397,396.15,396.15,22717,
2017-11-21 12:14:00+05:30,396.1,396.25,395.6,396.05,55717,
2017-11-21 12:15:00+05:30,396.15,396.2,395.05,395.8,59890,
2017-11-21 12:16:00+05:30,395.55,396,395.05,395.75,29204,
2017-11-21 12:17:00+05:30,395.75,396.8,395.7,396.15,32090,
2017-11-21 12:18:00+05:30,396,396,395.2,395.4,30128,
2017-11-21 12:19:00+05:30,395.45,395.75,395.25,395.5,25295,
2017-11-21 12:20:00+05:30,395.6,395.85,393.05,394.2,117769,
2017-11-21 12:21:00+05:30,394.15,395.15,394,394,39712,
2017-11-21 12:22:00+05:30,394,394.5,393.1,394.3,54219,
2017-11-21 12:23:00+05:30,394.1,394.5,394,394.25,26722,
2017-11-21 12:24:00+05:30,394.25,395.8,394,395.15,35889,
2017-11-21 12:25:00+05:30,395.15,396.5,395.15,396,53488,
2017-11-21 12:26:00+05:30,396,396,394.5,395.55,23525,
2017-11-21 12:27:00+05:30,395.55,397.35,395.5,397.35,78125,
2017-11-21 12:28:00+05:30,397.15,397.15,395.6,396,38886,
2017-11-21 12:29:00+05:30,396,396.95,395.95,396.7,30378,
2017-11-21 12:30:00+05:30,396.8,396.95,396.25,396.85,37690,
2017-11-21 12:31:00+05:30,396.85,397.9,396.7,397.25,79656,
2017-11-21 12:32:00+05:30,397.8,403,397.6,403,1020334,
2017-11-21 12:33:00+05:30,403.3,404.4,402.85,404,526103,
2017-11-21 12:34:00+05:30,404,408.35,404,407.7,683808,
2017-11-21 12:35:00+05:30,407.8,409,406.75,407.5,523168,
2017-11-21 12:36:00+05:30,407.5,411,406.8,410.9,502061,
2017-11-21 12:37:00+05:30,410.7,416.95,410.7,413,1163306,
2017-11-21 12:38:00+05:30,413.3,416.65,413.1,415.75,410652,
2017-11-21 12:39:00+05:30,415.4,418.9,415.4,418.5,513459,
2017-11-21 12:40:00+05:30,418.5,418.5,413.75,414.85,355819,
2017-11-21 12:41:00+05:30,414.7,415.8,413.7,414.5,193477,
2017-11-21 12:42:00+05:30,415.4,416.4,412.15,412.5,316736,
2017-11-21 12:43:00+05:30,412.7,414.4,412.5,412.75,143515,
2017-11-21 12:44:00+05:30,412.5,412.75,411.4,412.6,147567,
2017-11-21 12:45:00+05:30,412.8,413,408.4,409,226861,
2017-11-21 12:46:00+05:30,409,409.75,408.1,409.7,191463,
2017-11-21 12:47:00+05:30,409.9,411.65,409.3,411.55,119455,
2017-11-21 12:48:00+05:30,411.55,412.3,409.55,409.6,152298,
2017-11-21 12:49:00+05:30,409.55,412.5,409.55,410.45,134467,
2017-11-21 12:50:00+05:30,410.4,410.6,408.6,409.2,92020,
2017-11-21 12:51:00+05:30,409.15,409.5,407.2,407.2,150658,
2017-11-21 12:52:00+05:30,407.9,407.9,405.9,405.95,160553,
2017-11-21 12:53:00+05:30,406,406.15,403.65,404.65,255644,
2017-11-21 12:54:00+05:30,404.7,405.65,404.3,404.6,122099,
2017-11-21 12:55:00+05:30,404.4,404.45,402.55,404,153710,
2017-11-21 12:56:00+05:30,403.85,403.9,402.55,403.2,129711,
2017-11-21 12:57:00+05:30,403.25,403.95,402.3,402.9,129586,
2017-11-21 12:58:00+05:30,402.8,403.7,401.6,401.6,121457,
2017-11-21 12:59:00+05:30,401.6,402.4,400.8,402.15,159039,
2017-11-21 13:00:00+05:30,402.2,403.3,401.2,402.9,86544,
2017-11-21 13:01:00+05:30,402.95,403.4,398.7,399.5,180364,
2017-11-21 13:02:00+05:30,399.4,401.15,399.15,400.95,149538,
2017-11-21 13:03:00+05:30,400.9,401.4,400.5,400.6,94580,
2017-11-21 13:04:00+05:30,400.55,400.8,399.5,400.1,136910,
2017-11-21 13:05:00+05:30,400.3,401.7,398.7,400.4,162422,
2017-11-21 13:06:00+05:30,400.75,402.6,400.6,402.4,118501,
2017-11-21 13:07:00+05:30,402.4,402.9,401.6,402.25,88366,
2017-11-21 13:08:00+05:30,402.2,403.35,401.85,401.85,92648,
2017-11-21 13:09:00+05:30,401.8,402,401.05,401.35,63868,
2017-11-21 13:10:00+05:30,401.35,401.8,401.25,401.5,28732,
2017-11-21 13:11:00+05:30,401.7,401.95,400.55,400.95,40166,
2017-11-21 13:12:00+05:30,400.75,401.5,400,401.5,95000,
2017-11-21 13:13:00+05:30,401.55,401.85,399.9,400.5,112959,
2017-11-21 13:14:00+05:30,400.35,400.5,399.45,399.45,55446,
2017-11-21 13:15:00+05:30,399.8,399.95,398.2,398.45,79982,
2017-11-21 13:16:00+05:30,398.25,398.8,397.2,398.55,121821,
2017-11-21 13:17:00+05:30,398.5,399.2,398.5,399.15,51792,
2017-11-21 13:18:00+05:30,399.2,399.5,397.5,398,61616,
2017-11-21 13:19:00+05:30,397.8,398.55,397.35,397.65,60355,
2017-11-21 13:20:00+05:30,397.7,398.9,397.5,398.6,48155,
2017-11-21 13:21:00+05:30,398.75,399.7,398.75,399.35,51710,
2017-11-21 13:22:00+05:30,399.3,399.3,398.3,398.85,24569,
2017-11-21 13:23:00+05:30,398.85,399.65,398.55,399.55,24800,
2017-11-21 13:24:00+05:30,399.55,400,398.75,398.75,90275,
2017-11-21 13:25:00+05:30,398.7,398.7,397.05,397.05,67311,
2017-11-21 13:26:00+05:30,397.15,397.15,395.2,395.2,157114,
2017-11-21 13:27:00+05:30,395.1,395.95,393.5,394.4,251626,
2017-11-21 13:28:00+05:30,394.5,394.65,392,392.25,173535,
2017-11-21 13:29:00+05:30,392.25,392.65,390.55,392.35,284509,
2017-11-21 13:30:00+05:30,392.3,392.6,388.8,388.9,342483,
2017-11-21 13:31:00+05:30,388.75,391.7,388.75,391.65,204980,
2017-11-21 13:32:00+05:30,391.85,392.25,389.65,390.65,170587,
2017-11-21 13:33:00+05:30,390.55,393.05,390.55,392.75,104017,
2017-11-21 13:34:00+05:30,392.75,393,391.75,393,81005,
2017-11-21 13:35:00+05:30,392.95,393,391.6,391.75,57476,
2017-11-21 13:36:00+05:30,391.9,391.95,390.7,391.8,56461,
2017-11-21 13:37:00+05:30,391.8,392.3,390.65,391,60342,
2017-11-21 13:38:00+05:30,391,391.2,390,391.2,97682,
2017-11-21 13:39:00+05:30,391.4,393,391.4,393,47947,
2017-11-21 13:40:00+05:30,393,393.35,392.7,393.3,59090,
2017-11-21 13:41:00+05:30,393.3,395.55,393.25,394.25,177172,
2017-11-21 13:42:00+05:30,394.55,395,393.3,393.3,51116,
2017-11-21 13:43:00+05:30,393.45,394.7,393.25,394.45,32853,
2017-11-21 13:44:00+05:30,394.3,395,393.65,393.8,45562,
2017-11-21 13:45:00+05:30,393.85,394,392.55,393.25,37711,
2017-11-21 13:46:00+05:30,393.15,393.9,393.1,393.6,24398,
2017-11-21 13:47:00+05:30,393.7,393.9,393.1,393.15,24619,
2017-11-21 13:48:00+05:30,393.05,393.3,392.15,392.15,34285,
2017-11-21 13:49:00+05:30,392.45,393,392.1,393,28696,
2017-11-21 13:50:00+05:30,392.75,393.9,392.75,393.4,25398,
2017-11-21 13:51:00+05:30,393.3,394.35,393.3,394.2,34521,
2017-11-21 13:52:00+05:30,394.2,394.35,393.75,394.3,24757,
2017-11-21 13:53:00+05:30,394.2,395.5,394.05,394.25,65599,
2017-11-21 13:54:00+05:30,394.2,394.2,392.55,393.05,51505,
2017-11-21 13:55:00+05:30,393.1,393.85,393.1,393.3,28453,
2017-11-21 13:56:00+05:30,393.35,393.6,393,393.1,18632,
2017-11-21 13:57:00+05:30,393.2,393.55,393.1,393.2,21266,
2017-11-21 13:58:00+05:30,393.15,393.45,392.15,392.15,37140,
2017-11-21 13:59:00+05:30,392.15,392.15,389.65,389.65,154304,
2017-11-21 14:00:00+05:30,389.9,390.55,389.7,390.05,113409,
2017-11-21 14:01:00+05:30,390,390.6,389.7,390.25,117917,
2017-11-21 14:02:00+05:30,390.25,390.5,389.3,389.3,84077,
2017-11-21 14:03:00+05:30,389.35,390,388.9,390,127717,
2017-11-21 14:04:00+05:30,390,390.1,389.5,389.9,35588,
2017-11-21 14:05:00+05:30,389.9,390.65,389.85,390.5,105727,
2017-11-21 14:06:00+05:30,390.5,390.5,389.85,390.35,56892,
2017-11-21 14:07:00+05:30,390.35,392.75,390.35,392.35,76487,
2017-11-21 14:08:00+05:30,392.45,392.65,391.35,391.4,27796,
2017-11-21 14:09:00+05:30,391.4,391.4,390.5,390.95,25663,
2017-11-21 14:10:00+05:30,390.65,391.55,390.65,390.75,16980,
2017-11-21 14:11:00+05:30,390.85,392.05,390.85,392,24556,
2017-11-21 14:12:00+05:30,392.2,392.6,392,392,26579,
2017-11-21 14:13:00+05:30,392,392.2,391.5,391.5,20824,
2017-11-21 14:14:00+05:30,391,391.85,391,391.7,32456,
2017-11-21 14:15:00+05:30,391.7,392.45,391.6,391.9,27202,
2017-11-21 14:16:00+05:30,391.8,392,391.15,391.35,26710,
2017-11-21 14:17:00+05:30,391.5,391.75,389.8,389.9,90770,
2017-11-21 14:18:00+05:30,389.8,390.2,389.5,389.85,142414,
2017-11-21 14:19:00+05:30,389.85,390.85,389.5,390.85,82205,
2017-11-21 14:20:00+05:30,390.65,391.65,390.6,391.3,56708,
2017-11-21 14:21:00+05:30,391.1,391.9,391.1,391.6,30662,
2017-11-21 14:22:00+05:30,391.55,391.75,390.5,390.5,21689,
2017-11-21 14:23:00+05:30,390.5,391.3,390.5,391,23859,
2017-11-21 14:24:00+05:30,391,391.15,390.5,390.65,39570,
2017-11-21 14:25:00+05:30,390.65,391.3,390.65,391.05,30161,
2017-11-21 14:26:00+05:30,391.05,391.7,391.05,391.55,29989,
2017-11-21 14:27:00+05:30,391.7,392,391.35,391.45,35673,
2017-11-21 14:28:00+05:30,391.45,391.7,390.1,390.1,56342,
2017-11-21 14:29:00+05:30,390.05,390.25,389,389.3,102921,
2017-11-21 14:30:00+05:30,388.1,389.5,387.25,388.4,216229,
2017-11-21 14:31:00+05:30,388.2,388.75,386.35,387.95,114997,
2017-11-21 14:32:00+05:30,387.8,388.85,387.8,388.45,61182,
2017-11-21 14:33:00+05:30,388.45,388.9,388.25,388.5,39731,
2017-11-21 14:34:00+05:30,388.45,388.45,387,387.2,65713,
2017-11-21 14:35:00+05:30,387.25,388.45,387.25,388.3,97206,
2017-11-21 14:36:00+05:30,388.3,389,388.3,388.75,44703,
2017-11-21 14:37:00+05:30,388.75,389,388.1,388.5,42385,
2017-11-21 14:38:00+05:30,388.25,389.25,388.25,389.25,87389,
2017-11-21 14:39:00+05:30,389,389.2,388.7,388.85,48484,
2017-11-21 14:40:00+05:30,388.85,389.95,388.65,388.85,77993,
2017-11-21 14:41:00+05:30,388.9,389.25,388.65,389.15,25455,
2017-11-21 14:42:00+05:30,389.15,389.7,389,389.4,36627,
2017-11-21 14:43:00+05:30,389.65,390.15,389.4,389.9,69266,
2017-11-21 14:44:00+05:30,389.8,390.15,389.25,389.4,65547,
2017-11-21 14:45:00+05:30,389.5,390.2,389,389.95,78659,
2017-11-21 14:46:00+05:30,389.85,389.9,388.2,388.2,48225,
2017-11-21 14:47:00+05:30,388.05,389,388.05,388.85,52015,
2017-11-21 14:48:00+05:30,388.9,389,386.7,386.7,48444,
2017-11-21 14:49:00+05:30,386.7,387.05,383.6,384.45,204079,
2017-11-21 14:50:00+05:30,384.6,384.9,382.85,383.05,116263,
2017-11-21 14:51:00+05:30,383,384.8,382.8,384.7,106296,
2017-11-21 14:52:00+05:30,385,385.6,384.3,384.4,93524,
2017-11-21 14:53:00+05:30,384.5,384.95,384.5,384.8,31505,
2017-11-21 14:54:00+05:30,384.5,384.7,383.95,383.95,37988,
2017-11-21 14:55:00+05:30,383.8,384.3,383.6,383.6,33713,
2017-11-21 14:56:00+05:30,383.8,383.9,382.2,382.2,72503,
2017-11-21 14:57:00+05:30,382.35,383.5,381.8,383.3,73604,
2017-11-21 14:58:00+05:30,383.3,384.3,383.2,384.3,49266,
2017-11-21 14:59:00+05:30,384.1,384.5,383.6,384.5,58566,
2017-11-21 15:00:00+05:30,384.6,385.3,384.5,384.75,49677,
2017-11-21 15:01:00+05:30,384.95,386.15,384.7,384.7,100172,
2017-11-21 15:02:00+05:30,384.7,385.35,384.55,384.6,35522,
2017-11-21 15:03:00+05:30,384.6,385,384.55,384.95,34050,
2017-11-21 15:04:00+05:30,385,385.3,384.7,385,35097,
2017-11-21 15:05:00+05:30,385,385.6,384.7,384.7,51489,
2017-11-21 15:06:00+05:30,384.5,385.05,384.5,384.9,35108,
2017-11-21 15:07:00+05:30,384.9,384.95,384.6,384.8,19251,
2017-11-21 15:08:00+05:30,384.6,384.8,383.65,384.1,63899,
2017-11-21 15:09:00+05:30,384.25,385.3,384.1,384.9,45490,
2017-11-21 15:10:00+05:30,384.9,385,384.8,384.9,23083,
2017-11-21 15:11:00+05:30,385.1,385.1,384.25,384.55,30245,
2017-11-21 15:12:00+05:30,384.55,384.8,384,384.25,66895,
2017-11-21 15:13:00+05:30,384.2,384.45,383.65,383.85,45261,
2017-11-21 15:14:00+05:30,384,384.55,383.85,384.4,56452,
2017-11-21 15:15:00+05:30,384.4,385,384.4,384.9,53232,
2017-11-21 15:16:00+05:30,384.95,385.05,384.15,384.15,57850,
2017-11-21 15:17:00+05:30,384.3,384.85,384.05,384.5,78929,
2017-11-21 15:18:00+05:30,384.7,385,384.6,384.9,54679,
2017-11-21 15:19:00+05:30,384.95,385.25,384.65,384.95,49678,
2017-11-21 15:20:00+05:30,385,385,384.55,384.95,72502,
2017-11-21 15:21:00+05:30,384.95,384.95,384.5,384.95,61854,
2017-11-21 15:22:00+05:30,385,385.5,384.65,384.75,159742,
2017-11-21 15:23:00+05:30,384.75,385,384.7,384.7,69801,
2017-11-21 15:24:00+05:30,384.75,386.5,384.75,385.85,147620,
2017-11-21 15:25:00+05:30,385.95,386.3,385.65,385.75,58592,
2017-11-21 15:26:00+05:30,385.75,386.9,385.75,386.9,68130,
2017-11-21 15:27:00+05:30,386.6,387.6,386.6,387.6,105874,
2017-11-21 15:28:00+05:30,387.65,387.7,386.6,386.8,130258,
2017-11-21 15:29:00+05:30,386.7,387,386.2,386.9,105022,
2017-11-22 09:15:00+05:30,388,392.55,387.9,392.55,377629,
2017-11-22 09:16:00+05:30,392.7,393.6,390.7,392.95,247539,
2017-11-22 09:17:00+05:30,392.9,394.5,391.8,394.5,221940,
2017-11-22 09:18:00+05:30,394.5,398.4,394.5,397.7,345096,
2017-11-22 09:19:00+05:30,397.4,400,397,398.45,366780,
2017-11-22 09:20:00+05:30,398,398,395.15,397.8,187947,
2017-11-22 09:21:00+05:30,397.25,399.85,397.25,397.55,162189,
2017-11-22 09:22:00+05:30,397.45,397.7,396.4,397.55,94575,
2017-11-22 09:23:00+05:30,397.25,400,397.25,398.4,235996,
2017-11-22 09:24:00+05:30,398,398,395.1,396.8,159449,
2017-11-22 09:25:00+05:30,396.75,399,396.5,398.85,91029,
2017-11-22 09:26:00+05:30,399,406.6,397.95,404.65,789248,
2017-11-22 09:27:00+05:30,404.7,405.85,403.45,405.5,304186,
2017-11-22 09:28:00+05:30,405.5,406.45,403.25,403.4,307247,
2017-11-22 09:29:00+05:30,403.3,405.6,402.8,405,189586,
2017-11-22 09:30:00+05:30,404.9,408,403.4,407.2,297343,
2017-11-22 09:31:00+05:30,407,407.5,405.35,406.5,191108,
2017-11-22 09:32:00+05:30,406.7,406.7,405.15,405.65,115924,
2017-11-22 09:33:00+05:30,405.75,406.1,404.35,405.8,154000,
2017-11-22 09:34:00+05:30,406.05,406.7,405.6,406.2,102354,
2017-11-22 09:35:00+05:30,406.25,406.8,405,405,144487,
2017-11-22 09:36:00+05:30,404.75,405.05,403.65,403.8,98335,
2017-11-22 09:37:00+05:30,403.95,404,398.95,399,377529,
2017-11-22 09:38:00+05:30,398.7,399.45,398.2,398.3,197364,
2017-11-22 09:39:00+05:30,398.4,398.45,395.25,397,231787,
2017-11-22 09:40:00+05:30,397,397.85,396.7,397.45,98405,
2017-11-22 09:41:00+05:30,397.45,398.6,397.4,398.4,81003,
2017-11-22 09:42:00+05:30,398.35,399.8,398.1,399.65,51559,
2017-11-22 09:43:00+05:30,399.6,399.8,399.05,399.75,63493,
2017-11-22 09:44:00+05:30,399.7,401.75,399.15,400.65,88784,
2017-11-22 09:45:00+05:30,400.4,402.15,400.15,400.9,156118,
2017-11-22 09:46:00+05:30,400.55,400.8,399.25,399.65,72187,
2017-11-22 09:47:00+05:30,399.9,399.9,399.15,399.6,32624,
2017-11-22 09:48:00+05:30,399.8,400.95,399.3,399.45,45872,
2017-11-22 09:49:00+05:30,399.4,399.65,397.65,397.7,61062,
2017-11-22 09:50:00+05:30,397.85,398.5,397,397.2,113045,
2017-11-22 09:51:00+05:30,397,397.8,396.5,397.25,41629,
2017-11-22 09:52:00+05:30,397.05,398.65,397,398.15,36087,
2017-11-22 09:53:00+05:30,398.5,399,398.1,398.25,35850,
2017-11-22 09:54:00+05:30,397.85,398,397.15,397.8,20978,
2017-11-22 09:55:00+05:30,397.8,398,397.4,398,24601,
2017-11-22 09:56:00+05:30,397.9,398.45,397.45,398.45,17465,
2017-11-22 09:57:00+05:30,398.55,399,397.55,398,39960,
2017-11-22 09:58:00+05:30,398,398.25,397,398.25,85032,
2017-11-22 09:59:00+05:30,398.25,398.45,397.3,397.8,20491,
2017-11-22 10:00:00+05:30,397.8,398.3,397.25,398.1,17544,
2017-11-22 10:01:00+05:30,398.3,398.45,397.8,398.25,13784,
2017-11-22 10:02:00+05:30,398.25,398.3,397.35,397.6,17234,
2017-11-22 10:03:00+05:30,397.3,398.25,397.2,397.95,18971,
2017-11-22 10:04:00+05:30,398,399,397.65,398.55,33057,
2017-11-22 10:05:00+05:30,398.55,398.65,398.25,398.55,13501,
2017-11-22 10:06:00+05:30,398.55,398.95,398.25,398.45,14697,
2017-11-22 10:07:00+05:30,398.45,398.45,396.6,396.6,48982,
2017-11-22 10:08:00+05:30,396.6,397.85,396.3,397.75,30114,
2017-11-22 10:09:00+05:30,397.6,397.9,397.5,397.55,13785,
2017-11-22 10:10:00+05:30,397.55,397.6,396.5,396.5,23047,
2017-11-22 10:11:00+05:30,396.55,396.65,395.65,395.75,52438,
2017-11-22 10:12:00+05:30,395.9,395.9,395,395,60245,
2017-11-22 10:13:00+05:30,395,395.3,394.1,394.3,124557,
2017-11-22 10:14:00+05:30,394.15,394.45,393.25,393.5,77960,
2017-11-22 10:15:00+05:30,393.25,395,393.25,394.2,68556,
2017-11-22 10:16:00+05:30,394,395,393.6,394.9,46488,
2017-11-22 10:17:00+05:30,394.65,394.85,394,394.8,28612,
2017-11-22 10:18:00+05:30,394.9,395,394.5,395,56744,
2017-11-22 10:19:00+05:30,395,395.15,393.45,393.45,62498,
2017-11-22 10:20:00+05:30,393.35,393.45,391.7,393.4,90270,
2017-11-22 10:21:00+05:30,393.35,394.5,393.1,394.5,32674,
2017-11-22 10:22:00+05:30,394.4,394.75,393.9,393.9,18386,
2017-11-22 10:23:00+05:30,394,394,392.6,392.75,26611,
2017-11-22 10:24:00+05:30,392.75,393.9,392.7,393.8,13149,
2017-11-22 10:25:00+05:30,393.8,394.6,393.8,394.6,15378,
2017-11-22 10:26:00+05:30,394.75,395.4,394.6,394.7,34995,
2017-11-22 10:27:00+05:30,394.9,395,394.75,395,16125,
2017-11-22 10:28:00+05:30,394.95,395.25,394.3,394.7,29093,
2017-11-22 10:29:00+05:30,395,395,394.55,394.8,16868,
2017-11-22 10:30:00+05:30,394.9,395,394.55,394.75,15276,
2017-11-22 10:31:00+05:30,394.95,396.8,394.75,395.85,56994,
2017-11-22 10:32:00+05:30,395.4,397.5,395,397.4,52225,
2017-11-22 10:33:00+05:30,397.5,398.2,397.1,397.4,72739,
2017-11-22 10:34:00+05:30,397.6,399,397.5,398.35,81055,
2017-11-22 10:35:00+05:30,398.3,400.4,398.3,399.7,254351,
2017-11-22 10:36:00+05:30,399.5,400.3,398.9,399.55,122500,
2017-11-22 10:37:00+05:30,399.3,399.45,398.3,398.35,28639,
2017-11-22 10:38:00+05:30,398.4,398.5,396.55,397.45,66938,
2017-11-22 10:39:00+05:30,397.45,397.5,397.05,397.5,10417,
2017-11-22 10:40:00+05:30,397.4,397.5,397.1,397.1,13268,
2017-11-22 10:41:00+05:30,397,397.5,396.65,397.3,22948,
2017-11-22 10:42:00+05:30,397.3,397.45,396.9,396.95,9039,
2017-11-22 10:43:00+05:30,396.95,397.15,396.8,397.1,14683,
2017-11-22 10:44:00+05:30,396.9,397,396.7,396.9,12089,
2017-11-22 10:45:00+05:30,396.9,396.95,396.05,396.5,24718,
2017-11-22 10:46:00+05:30,396.5,396.7,395.2,395.9,87673,
2017-11-22 10:47:00+05:30,395.85,395.85,394.05,394.1,91553,
2017-11-22 10:48:00+05:30,394.3,394.9,394,394.65,35666,
2017-11-22 10:49:00+05:30,394.7,395.5,394.65,394.65,33273,
2017-11-22 10:50:00+05:30,394.7,395,394.6,394.8,22752,
2017-11-22 10:51:00+05:30,394.7,395.95,394.7,395.95,29129,
2017-11-22 10:52:00+05:30,395.85,396.8,395.85,396.45,27433,
2017-11-22 10:53:00+05:30,396.55,396.8,396.45,396.7,15368,
2017-11-22 10:54:00+05:30,396.7,396.7,395.4,395.75,12796,
2017-11-22 10:55:00+05:30,396,396.25,395.8,395.8,5909,
2017-11-22 10:56:00+05:30,395.8,396,395.35,395.95,10790,
2017-11-22 10:57:00+05:30,395.95,396,395.7,395.9,6798,
2017-11-22 10:58:00+05:30,396,396,395.4,395.9,6217,
2017-11-22 10:59:00+05:30,395.9,395.9,395.7,395.7,3267,
2017-11-22 11:00:00+05:30,395.55,395.9,395.5,395.7,5570,
2017-11-22 11:01:00+05:30,395.7,395.7,395,395.3,17083,
2017-11-22 11:02:00+05:30,395.3,395.4,394.5,394.65,15912,
2017-11-22 11:03:00+05:30,394.5,394.7,394.2,394.25,22348,
2017-11-22 11:04:00+05:30,394.3,394.9,394.25,394.8,13610,
2017-11-22 11:05:00+05:30,394.8,394.8,394.6,394.75,4684,
2017-11-22 11:06:00+05:30,394.75,395.4,394.6,395.1,15053,
2017-11-22 11:07:00+05:30,395.1,395.9,395.05,395.9,12082,
2017-11-22 11:08:00+05:30,395.9,395.9,395.1,395.45,8320,
2017-11-22 11:09:00+05:30,395.45,395.45,395,395.4,9213,
2017-11-22 11:10:00+05:30,395.3,395.9,395,395.6,8934,
2017-11-22 11:11:00+05:30,395.6,395.9,395,395.8,9344,
2017-11-22 11:12:00+05:30,395.8,395.8,395.3,395.4,3860,
2017-11-22 11:13:00+05:30,395.4,395.65,395,395.2,5982,
2017-11-22 11:14:00+05:30,395.2,395.55,395.15,395.45,4438,
2017-11-22 11:15:00+05:30,395.4,395.4,395.1,395.1,3505,
2017-11-22 11:16:00+05:30,395.1,395.4,394.55,394.75,12023,
2017-11-22 11:17:00+05:30,394.75,394.85,394,394.4,18693,
2017-11-22 11:18:00+05:30,394.4,394.5,394.05,394.15,9806,
2017-11-22 11:19:00+05:30,394.15,394.4,394,394.1,11658,
2017-11-22 11:20:00+05:30,394.15,394.2,393.1,393.3,54300,
2017-11-22 11:21:00+05:30,393.45,393.45,392.2,392.7,77284,
2017-11-22 11:22:00+05:30,392.95,393.8,392.75,393.15,31109,
2017-11-22 11:23:00+05:30,393.25,394,393.25,393.7,13865,
2017-11-22 11:24:00+05:30,393.6,394.35,393.55,394.25,18131,
2017-11-22 11:25:00+05:30,394.1,394.4,394.1,394.3,13749,
2017-11-22 11:26:00+05:30,394.3,394.9,394.3,394.9,16155,
2017-11-22 11:27:00+05:30,394.75,394.95,394.5,394.7,8881,
2017-11-22 11:28:00+05:30,394.5,394.7,394.35,394.5,7236,
2017-11-22 11:29:00+05:30,394.6,394.7,394.15,394.2,10501,
2017-11-22 11:30:00+05:30,394.5,394.7,393.25,393.45,23351,
2017-11-22 11:31:00+05:30,393.2,395.25,393.2,394.25,45247,
2017-11-22 11:32:00+05:30,394.3,394.5,394,394,9092,
2017-11-22 11:33:00+05:30,394,394.25,393.75,393.9,9133,
2017-11-22 11:34:00+05:30,393.9,394.3,393.6,394.2,33372,
2017-11-22 11:35:00+05:30,394.2,394.3,393.75,394,13035,
2017-11-22 11:36:00+05:30,394,394.3,393.65,393.9,8749,
2017-11-22 11:37:00+05:30,393.9,394,393.6,393.95,19079,
2017-11-22 11:38:00+05:30,393.95,393.95,392.75,392.8,38404,
2017-11-22 11:39:00+05:30,393.15,393.65,392.6,392.75,41241,
2017-11-22 11:40:00+05:30,392.75,393.65,392.65,392.95,22747,
2017-11-22 11:41:00+05:30,393,393,392.25,392.95,43377,
2017-11-22 11:42:00+05:30,392.65,393.45,392.5,393,23002,
2017-11-22 11:43:00+05:30,392.85,393.5,392.85,393.25,12261,
2017-11-22 11:44:00+05:30,393.3,393.8,393.25,393.5,10845,
2017-11-22 11:45:00+05:30,393.5,393.65,393.25,393.5,6538,
2017-11-22 11:46:00+05:30,393.6,393.9,393.4,393.7,7775,
2017-11-22 11:47:00+05:30,393.65,393.95,393.45,393.55,8922,
2017-11-22 11:48:00+05:30,393.7,394,393.55,394,14329,
2017-11-22 11:49:00+05:30,393.75,394,393.6,393.8,9684,
2017-11-22 11:50:00+05:30,393.8,394,393.75,394,6449,
2017-11-22 11:51:00+05:30,393.9,394,393.7,393.85,21935,
2017-11-22 11:52:00+05:30,393.85,394.4,393.85,394.2,8839,
2017-11-22 11:53:00+05:30,394.2,394.4,394.05,394.2,6849,
2017-11-22 11:54:00+05:30,394.2,394.7,394.05,394.1,13905,
2017-11-22 11:55:00+05:30,394.1,394.55,393.7,394,9832,
2017-11-22 11:56:00+05:30,394,394.05,393.65,393.65,4374,
2017-11-22 11:57:00+05:30,393.65,394.2,393.65,394,7083,
2017-11-22 11:58:00+05:30,394.1,394.2,394,394,10985,
2017-11-22 11:59:00+05:30,394,394.5,394,394.25,8979,
2017-11-22 12:00:00+05:30,394.25,394.6,394.25,394.45,4024,
2017-11-22 12:01:00+05:30,394.6,394.65,394.2,394.6,8813,
2017-11-22 12:02:00+05:30,394.6,394.6,394,394,6867,
2017-11-22 12:03:00+05:30,394,394.4,394,394.1,19938,
2017-11-22 12:04:00+05:30,394.1,394.5,394,394.5,7894,
2017-11-22 12:05:00+05:30,394.5,394.6,393.4,393.5,35943,
2017-11-22 12:06:00+05:30,393.5,393.75,393.3,393.5,5926,
2017-11-22 12:07:00+05:30,393.5,393.5,392.7,393.4,16224,
2017-11-22 12:08:00+05:30,393.2,393.4,393.1,393.3,11063,
2017-11-22 12:09:00+05:30,393.3,393.8,393.25,393.75,9647,
2017-11-22 12:10:00+05:30,393.75,393.8,393.35,393.55,7516,
2017-11-22 12:11:00+05:30,393.55,393.95,393.55,393.8,7907,
2017-11-22 12:12:00+05:30,393.8,394.05,393.65,393.7,9175,
2017-11-22 12:13:00+05:30,393.7,394,393.7,393.8,5116,
2017-11-22 12:14:00+05:30,393.95,394.2,393.75,394.05,5767,
2017-11-22 12:15:00+05:30,394.25,394.3,394,394,8185,
2017-11-22 12:16:00+05:30,394.05,394.5,394,394.45,13954,
2017-11-22 12:17:00+05:30,394.4,394.55,394,394.05,12478,
2017-11-22 12:18:00+05:30,394.05,394.55,393.85,393.85,13533,
2017-11-22 12:19:00+05:30,393.85,393.95,393.3,393.5,8782,
2017-11-22 12:20:00+05:30,393.35,393.75,393.3,393.4,8358,
2017-11-22 12:21:00+05:30,393.4,393.5,393.25,393.4,12697,
2017-11-22 12:22:00+05:30,393.4,393.4,392.8,392.8,17724,
2017-11-22 12:23:00+05:30,392.85,393.05,392.8,392.85,10802,
2017-11-22 12:24:00+05:30,392.85,393,392.65,392.8,9073,
2017-11-22 12:25:00+05:30,392.65,392.65,390,390.7,198492,
2017-11-22 12:26:00+05:30,390.5,390.6,389,389.95,147301,
2017-11-22 12:27:00+05:30,389.3,390.5,388.7,390.4,69690,
2017-11-22 12:28:00+05:30,390.4,392,390.05,392,43409,
2017-11-22 12:29:00+05:30,391.65,392.4,391.5,391.75,69506,
2017-11-22 12:30:00+05:30,391.9,391.95,391.05,391.8,11483,
2017-11-22 12:31:00+05:30,391,391.85,391,391.85,10805,
2017-11-22 12:32:00+05:30,391.85,391.9,391.5,391.7,10342,
2017-11-22 12:33:00+05:30,391.7,391.7,391.25,391.65,14647,
2017-11-22 12:34:00+05:30,391.35,391.7,391.1,391.5,9139,
2017-11-22 12:35:00+05:30,391.5,391.7,391.3,391.65,8931,
2017-11-22 12:36:00+05:30,391.65,391.7,390.7,391,16981,
2017-11-22 12:37:00+05:30,391,391.3,390.6,391.2,11280,
2017-11-22 12:38:00+05:30,391.25,392,391.1,392,30491,
2017-11-22 12:39:00+05:30,392,392,391.6,391.95,15293,
2017-11-22 12:40:00+05:30,391.8,392.4,391.7,392.2,22753,
2017-11-22 12:41:00+05:30,392.2,392.5,392.05,392.05,12644,
2017-11-22 12:42:00+05:30,392.05,392.5,392.05,392.35,19959,
2017-11-22 12:43:00+05:30,392.4,392.9,392.35,392.9,10111,
2017-11-22 12:44:00+05:30,392.9,393,392.7,392.8,17975,
2017-11-22 12:45:00+05:30,392.8,393.4,392.6,393,21002,
2017-11-22 12:46:00+05:30,393,393.65,392.9,393.4,13338,
2017-11-22 12:47:00+05:30,393.4,393.75,393.3,393.7,10265,
2017-11-22 12:48:00+05:30,393.7,393.75,393.3,393.5,9090,
2017-11-22 12:49:00+05:30,393.5,393.5,393.1,393.45,8026,
2017-11-22 12:50:00+05:30,393.5,393.5,393.15,393.45,8947,
2017-11-22 12:51:00+05:30,393.1,393.5,393.1,393.3,9147,
2017-11-22 12:52:00+05:30,393.3,393.45,393.1,393.45,5989,
2017-11-22 12:53:00+05:30,393.45,393.45,393.15,393.25,3639,
2017-11-22 12:54:00+05:30,393.25,393.4,393.05,393.3,8014,
2017-11-22 12:55:00+05:30,393.3,393.3,392.35,392.35,11462,
2017-11-22 12:56:00+05:30,392.3,392.9,392.3,392.65,13172,
2017-11-22 12:57:00+05:30,392.5,392.8,392.4,392.45,7068,
2017-11-22 12:58:00+05:30,392.45,393,392.45,393,12550,
2017-11-22 12:59:00+05:30,393.05,393.3,392.3,393.05,6453,
2017-11-22 13:00:00+05:30,393,393.2,392.65,392.7,5061,
2017-11-22 13:01:00+05:30,393.1,393.25,392.2,392.95,5929,
2017-11-22 13:02:00+05:30,392.75,393.15,392.55,392.9,4213,
2017-11-22 13:03:00+05:30,393,393.2,392.9,393.2,4918,
2017-11-22 13:04:00+05:30,393.2,393.4,392.9,393.25,5351,
2017-11-22 13:05:00+05:30,393.25,393.4,393,393.3,5901,
2017-11-22 13:06:00+05:30,393.3,393.3,393.05,393.25,4135,
2017-11-22 13:07:00+05:30,393.25,393.3,393,393.3,7657,
2017-11-22 13:08:00+05:30,393.3,393.3,393,393.25,7307,
2017-11-22 13:09:00+05:30,393,393.3,393,393,4474,
2017-11-22 13:10:00+05:30,393.3,393.3,392.8,392.95,4599,
2017-11-22 13:11:00+05:30,393.2,393.25,392.65,392.95,7435,
2017-11-22 13:12:00+05:30,392.95,393,392.55,392.9,6573,
2017-11-22 13:13:00+05:30,392.95,393,392.55,392.9,4891,
2017-11-22 13:14:00+05:30,392.95,392.95,392.5,392.9,3920,
2017-11-22 13:15:00+05:30,392.85,392.95,392.55,392.9,3260,
2017-11-22 13:16:00+05:30,392.9,392.95,392.5,392.5,6477,
2017-11-22 13:17:00+05:30,392.5,392.5,392.3,392.5,6395,
2017-11-22 13:18:00+05:30,392.5,392.5,392.15,392.35,6928,
2017-11-22 13:19:00+05:30,392.35,392.45,391.95,392,11816,
2017-11-22 13:20:00+05:30,391.95,392.1,391.5,391.6,7977,
2017-11-22 13:21:00+05:30,391.6,392.35,391.4,392.1,16259,
2017-11-22 13:22:00+05:30,392.3,393,392.1,392.8,7733,
2017-11-22 13:23:00+05:30,392.8,393,392.55,393,8758,
2017-11-22 13:24:00+05:30,392.9,393,392.6,392.85,4770,
2017-11-22 13:25:00+05:30,392.85,392.9,392.25,392.5,6311,
2017-11-22 13:26:00+05:30,392.5,392.7,391.95,392,7722,
2017-11-22 13:27:00+05:30,392,392.7,392,392.45,5237,
2017-11-22 13:28:00+05:30,392.45,392.95,392.25,392.6,4951,
2017-11-22 13:29:00+05:30,392.6,392.95,391.8,392.45,10307,
2017-11-22 13:30:00+05:30,392.2,392.45,392,392.45,5045,
2017-11-22 13:31:00+05:30,392.45,392.95,392.25,392.9,6279,
2017-11-22 13:32:00+05:30,392.9,393.05,392.5,393.05,16593,
2017-11-22 13:33:00+05:30,393.05,393.45,392.8,393,9488,
2017-11-22 13:34:00+05:30,393.05,393.45,392.95,393,7757,
2017-11-22 13:35:00+05:30,393.2,393.45,393.15,393.45,10868,
2017-11-22 13:36:00+05:30,393.5,394.5,393.5,394.3,40199,
2017-11-22 13:37:00+05:30,394.3,396.7,394.3,395.65,167431,
2017-11-22 13:38:00+05:30,395.75,396,395.25,395.4,35981,
2017-11-22 13:39:00+05:30,395.5,395.5,394.25,394.35,20308,
2017-11-22 13:40:00+05:30,394.35,394.45,394.1,394.15,14490,
2017-11-22 13:41:00+05:30,394.3,395.1,394.2,395.1,16660,
2017-11-22 13:42:00+05:30,395.1,395.5,395,395.45,12896,
2017-11-22 13:43:00+05:30,395.45,395.45,394.55,394.95,7764,
2017-11-22 13:44:00+05:30,394.95,395.25,394.65,395.2,8448,
2017-11-22 13:45:00+05:30,395,395.15,394.75,394.9,8705,
2017-11-22 13:46:00+05:30,395,395.15,394.8,395.1,11253,
2017-11-22 13:47:00+05:30,395,395.5,395,395,11658,
2017-11-22 13:48:00+05:30,395,395.4,395,395.35,7052,
2017-11-22 13:49:00+05:30,395,395.4,395,395.35,7828,
2017-11-22 13:50:00+05:30,395.15,395.35,395,395.35,9400,
2017-11-22 13:51:00+05:30,395.35,395.4,395,395,6383,
2017-11-22 13:52:00+05:30,395,395.15,394.5,394.75,10777,
2017-11-22 13:53:00+05:30,394.45,394.55,394.1,394.55,6615,
2017-11-22 13:54:00+05:30,394.55,394.6,394,394.2,9939,
2017-11-22 13:55:00+05:30,394.25,394.4,393.8,393.8,6525,
2017-11-22 13:56:00+05:30,393.95,393.95,393.5,393.85,10536,
2017-11-22 13:57:00+05:30,393.95,394,393.7,393.95,5756,
2017-11-22 13:58:00+05:30,393.95,393.95,393.5,393.5,6277,
2017-11-22 13:59:00+05:30,393.5,393.85,393.5,393.55,7652,
2017-11-22 14:00:00+05:30,393.5,393.8,393.5,393.6,4269,
2017-11-22 14:01:00+05:30,393.6,394.1,393.6,393.85,10235,
2017-11-22 14:02:00+05:30,394.15,394.15,393.6,393.6,5473,
2017-11-22 14:03:00+05:30,393.55,393.7,393.55,393.6,7929,
2017-11-22 14:04:00+05:30,393.55,393.75,393.5,393.75,3861,
2017-11-22 14:05:00+05:30,393.75,393.8,393.5,393.5,4875,
2017-11-22 14:06:00+05:30,393.5,393.75,393.5,393.55,3987,
2017-11-22 14:07:00+05:30,393.55,393.75,393.3,393.3,5969,
2017-11-22 14:08:00+05:30,393.3,393.5,392.6,392.7,17955,
2017-11-22 14:09:00+05:30,392.7,392.9,392.15,392.85,18491,
2017-11-22 14:10:00+05:30,392.85,392.85,392.15,392.7,12917,
2017-11-22 14:11:00+05:30,392.7,392.7,392.1,392.4,9889,
2017-11-22 14:12:00+05:30,392.45,393,392.4,393,6953,
2017-11-22 14:13:00+05:30,393.2,393.3,392.7,392.75,4466,
2017-11-22 14:14:00+05:30,392.75,392.95,392.6,392.8,4327,
2017-11-22 14:15:00+05:30,392.8,392.8,392.1,392.8,9512,
2017-11-22 14:16:00+05:30,392.8,392.8,392.65,392.65,6551,
2017-11-22 14:17:00+05:30,392.65,393.4,392.6,393.3,19171,
2017-11-22 14:18:00+05:30,393.3,393.3,392.65,393.1,7492,
2017-11-22 14:19:00+05:30,393.1,393.15,392.7,393,8379,
2017-11-22 14:20:00+05:30,393,393.85,393,393.85,18901,
2017-11-22 14:21:00+05:30,393.3,395,393.3,394.8,42860,
2017-11-22 14:22:00+05:30,394.7,396,394.7,395.55,80137,
2017-11-22 14:23:00+05:30,395.65,395.65,394,394.45,25413,
2017-11-22 14:24:00+05:30,394.5,395.5,394.4,395.45,16545,
2017-11-22 14:25:00+05:30,395.35,395.4,395,395.1,16127,
2017-11-22 14:26:00+05:30,395.1,395.3,394.4,394.4,8989,
2017-11-22 14:27:00+05:30,394.9,394.95,394.45,394.45,5698,
2017-11-22 14:28:00+05:30,394.45,394.85,394.25,394.75,8920,
2017-11-22 14:29:00+05:30,394.8,394.8,394.6,394.8,4007,
2017-11-22 14:30:00+05:30,394.75,394.95,394.6,394.9,12288,
2017-11-22 14:31:00+05:30,395,395,394.7,394.8,7056,
2017-11-22 14:32:00+05:30,394.8,394.95,394.1,394.3,10201,
2017-11-22 14:33:00+05:30,394.3,394.8,394.2,394.5,9838,
2017-11-22 14:34:00+05:30,394.5,394.85,394.3,394.7,5541,
2017-11-22 14:35:00+05:30,394.75,394.8,394.35,394.75,5378,
2017-11-22 14:36:00+05:30,394.75,394.8,394.5,394.7,5571,
2017-11-22 14:37:00+05:30,394.7,394.9,394.5,394.8,6032,
2017-11-22 14:38:00+05:30,394.8,394.95,394.6,394.75,5264,
2017-11-22 14:39:00+05:30,394.9,395,394.6,395,12612,
2017-11-22 14:40:00+05:30,395.05,396.3,395.05,396.3,53267,
2017-11-22 14:41:00+05:30,396.45,399.85,396.45,398.1,279183,
2017-11-22 14:42:00+05:30,398.25,398.8,397.25,398.25,73837,
2017-11-22 14:43:00+05:30,398.2,399.4,398.05,399,81878,
2017-11-22 14:44:00+05:30,399,399,396.95,396.95,41573,
2017-11-22 14:45:00+05:30,396.9,397.7,396.4,397.7,31538,
2017-11-22 14:46:00+05:30,397.55,397.9,396.7,397,19214,
2017-11-22 14:47:00+05:30,396.8,397.6,396.7,397.5,18410,
2017-11-22 14:48:00+05:30,397.45,397.5,396.8,396.8,16147,
2017-11-22 14:49:00+05:30,396.8,397,396.65,396.75,9575,
2017-11-22 14:50:00+05:30,396.8,396.8,395.75,396,29758,
2017-11-22 14:51:00+05:30,396.2,396.4,395.6,396,20107,
2017-11-22 14:52:00+05:30,396,396.4,396,396.1,8694,
2017-11-22 14:53:00+05:30,396.1,396.4,396.05,396.35,8202,
2017-11-22 14:54:00+05:30,396.05,396.35,396,396.05,28723,
2017-11-22 14:55:00+05:30,396,396.3,395.2,395.75,46605,
2017-11-22 14:56:00+05:30,395.6,396.8,395.4,396.8,14956,
2017-11-22 14:57:00+05:30,396.6,396.95,396.35,396.6,20515,
2017-11-22 14:58:00+05:30,396.6,397.75,396.6,397.05,45606,
2017-11-22 14:59:00+05:30,397.1,398.75,397.05,398.75,60257,
2017-11-22 15:00:00+05:30,398.75,398.8,397.2,398,40681,
2017-11-22 15:01:00+05:30,398,398.2,397.35,397.7,15851,
2017-11-22 15:02:00+05:30,397.8,397.95,396.45,396.7,26912,
2017-11-22 15:03:00+05:30,396.7,397.4,396.2,397.4,20968,
2017-11-22 15:04:00+05:30,397.45,397.85,397.15,397.3,14663,
2017-11-22 15:05:00+05:30,397.55,397.7,396.55,396.75,27969,
2017-11-22 15:06:00+05:30,396.75,396.85,396.4,396.75,14237,
2017-11-22 15:07:00+05:30,396.75,396.95,396.45,396.7,14216,
2017-11-22 15:08:00+05:30,396.7,396.75,396.25,396.4,12103,
2017-11-22 15:09:00+05:30,396.55,396.55,395.85,395.9,29232,
2017-11-22 15:10:00+05:30,395.9,396,395.65,395.95,33261,
2017-11-22 15:11:00+05:30,395.65,395.9,395.4,395.65,36997,
2017-11-22 15:12:00+05:30,395.85,395.9,394.5,394.5,71665,
2017-11-22 15:13:00+05:30,394.7,394.9,394.1,394.6,47016,
2017-11-22 15:14:00+05:30,394.35,394.7,394.2,394.7,19507,
2017-11-22 15:15:00+05:30,394.5,395,394.25,394.95,60737,
2017-11-22 15:16:00+05:30,394.95,395,394.25,394.75,49314,
2017-11-22 15:17:00+05:30,394.8,395,394.4,394.75,36236,
2017-11-22 15:18:00+05:30,395,395,394.65,394.8,25016,
2017-11-22 15:19:00+05:30,394.65,395,394.5,394.8,38113,
2017-11-22 15:20:00+05:30,394.8,394.95,394.5,394.85,33819,
2017-11-22 15:21:00+05:30,394.9,394.95,394.5,394.8,37437,
2017-11-22 15:22:00+05:30,394.8,394.8,394.35,394.55,53381,
2017-11-22 15:23:00+05:30,394.85,395,394.6,394.95,52333,
2017-11-22 15:24:00+05:30,394.75,394.95,394.65,394.7,42258,
2017-11-22 15:25:00+05:30,394.9,395,394.7,394.8,107255,
2017-11-22 15:26:00+05:30,395,395,394.8,395,92480,
2017-11-22 15:27:00+05:30,394.85,395,394.8,394.95,96091,
2017-11-22 15:28:00+05:30,394.95,395,394.8,394.9,128428,
2017-11-22 15:29:00+05:30,394.9,395,394,394,101372,
2017-11-23 09:15:00+05:30,386.5,391.8,385.65,385.65,382196,
2017-11-23 09:16:00+05:30,386,389.5,384.65,389.2,196790,
2017-11-23 09:17:00+05:30,389.3,390.65,388.15,389.7,248473,
2017-11-23 09:18:00+05:30,389.5,389.5,388.2,388.65,82238,
2017-11-23 09:19:00+05:30,388.7,389.25,387.65,388,68202,
2017-11-23 09:20:00+05:30,387.8,388.35,386.25,386.9,85298,
2017-11-23 09:21:00+05:30,386.95,387.85,386.9,387.6,45661,
2017-11-23 09:22:00+05:30,387.5,387.7,386.55,386.55,58288,
2017-11-23 09:23:00+05:30,386.9,386.9,383.1,384.05,199163,
2017-11-23 09:24:00+05:30,384.15,384.8,382.35,382.55,118411,
2017-11-23 09:25:00+05:30,382.8,384.6,382.8,383.9,79104,
2017-11-23 09:26:00+05:30,383.9,385,383.5,384.95,56816,
2017-11-23 09:27:00+05:30,384.95,385.75,384.95,385.65,62018,
2017-11-23 09:28:00+05:30,385.65,386.7,385.55,386.5,78789,
2017-11-23 09:29:00+05:30,386.25,386.65,385.2,385.8,83823,
2017-11-23 09:30:00+05:30,385.7,386.1,384.35,385.2,145859,
2017-11-23 09:31:00+05:30,385.25,385.6,384.65,385,29149,
2017-11-23 09:32:00+05:30,384.85,386.25,384.85,386.25,25298,
2017-11-23 09:33:00+05:30,386.3,386.8,386,386.5,28725,
2017-11-23 09:34:00+05:30,386.55,386.55,385,385.15,327147,
2017-11-23 09:35:00+05:30,385.45,386.35,385.05,386.3,21321,
2017-11-23 09:36:00+05:30,386.3,388.8,385.65,388.25,67640,
2017-11-23 09:37:00+05:30,388.8,390,388.05,388.6,110513,
2017-11-23 09:38:00+05:30,388.65,389.9,388.65,389.5,70523,
2017-11-23 09:39:00+05:30,389.5,389.5,387.05,387.1,36389,
2017-11-23 09:40:00+05:30,387.4,387.95,386.5,387.5,23534,
2017-11-23 09:41:00+05:30,387.85,388.7,387.5,388.4,13061,
2017-11-23 09:42:00+05:30,388.4,388.85,388.25,388.75,18739,
2017-11-23 09:43:00+05:30,388.75,389.2,388.75,389.15,21313,
2017-11-23 09:44:00+05:30,389,389.2,388.15,388.3,21005,
2017-11-23 09:45:00+05:30,388.3,388.5,388,388.4,21286,
2017-11-23 09:46:00+05:30,388.15,388.4,387.3,387.75,18856,
2017-11-23 09:47:00+05:30,387.75,387.75,387.1,387.1,11441,
2017-11-23 09:48:00+05:30,387.1,387.1,386.5,386.8,32784,
2017-11-23 09:49:00+05:30,386.8,387.1,386.65,386.95,184005,
2017-11-23 09:50:00+05:30,386.9,387.5,386.9,387.1,9202,
2017-11-23 09:51:00+05:30,387.3,387.45,387,387.4,9328,
2017-11-23 09:52:00+05:30,387.4,387.45,387,387.15,7215,
2017-11-23 09:53:00+05:30,387.15,387.25,386.6,386.7,16494,
2017-11-23 09:54:00+05:30,386.7,386.7,386.05,386.2,15283,
2017-11-23 09:55:00+05:30,386.3,386.3,386.05,386.25,9962,
2017-11-23 09:56:00+05:30,386.25,387.2,386.2,387.2,18681,
2017-11-23 09:57:00+05:30,387,387.2,386.65,387,8216,
2017-11-23 09:58:00+05:30,387,387.15,386.7,386.7,10006,
2017-11-23 09:59:00+05:30,386.7,387.15,386.7,386.75,5082,
2017-11-23 10:00:00+05:30,386.55,386.9,386.05,386.5,32142,
2017-11-23 10:01:00+05:30,386.5,386.6,386.25,386.5,7292,
2017-11-23 10:02:00+05:30,386.3,386.6,386.05,386.4,149233,
2017-11-23 10:03:00+05:30,386.4,386.5,385.6,385.65,24269,
2017-11-23 10:04:00+05:30,385.6,386.2,385.55,385.95,14565,
2017-11-23 10:05:00+05:30,385.95,386,385.5,385.6,13129,
2017-11-23 10:06:00+05:30,385.5,385.95,385,385,58939,
2017-11-23 10:07:00+05:30,385,385.15,384.5,384.7,27043,
2017-11-23 10:08:00+05:30,384.55,385.45,384.55,385.35,29062,
2017-11-23 10:09:00+05:30,385.35,385.35,384.7,384.8,14771,
2017-11-23 10:10:00+05:30,384.6,385.35,384.6,385.35,13591,
2017-11-23 10:11:00+05:30,385.35,385.95,385.3,385.8,13865,
2017-11-23 10:12:00+05:30,385.8,385.9,385.05,385.15,10782,
2017-11-23 10:13:00+05:30,385.15,385.45,385,385.05,11553,
2017-11-23 10:14:00+05:30,385.05,385.7,385,385.45,7156,
2017-11-23 10:15:00+05:30,385.05,385.45,384.75,384.75,14231,
2017-11-23 10:16:00+05:30,384.75,385,384.75,384.95,11684,
2017-11-23 10:17:00+05:30,385,385.45,384.9,385.3,11887,
2017-11-23 10:18:00+05:30,385.45,385.45,384.95,385.05,8560,
2017-11-23 10:19:00+05:30,385.05,385.1,384.75,385,5833,
2017-11-23 10:20:00+05:30,385,385,384.5,384.95,7848,
2017-11-23 10:21:00+05:30,384.95,385,384.25,384.65,15749,
2017-11-23 10:22:00+05:30,384.7,384.8,384,384,52013,
2017-11-23 10:23:00+05:30,383.8,383.8,382.7,382.7,63451,
2017-11-23 10:24:00+05:30,382.8,384.35,382.5,384.3,34579,
2017-11-23 10:25:00+05:30,384.3,384.35,383.6,383.8,19758,
2017-11-23 10:26:00+05:30,383.8,383.8,383.05,383.05,12848,
2017-11-23 10:27:00+05:30,383.3,383.7,383,383.4,30307,
2017-11-23 10:28:00+05:30,383.4,383.5,383.2,383.2,23604,
2017-11-23 10:29:00+05:30,383.2,383.5,382.3,383.5,52521,
2017-11-23 10:30:00+05:30,383.5,383.5,382.9,383,22598,
2017-11-23 10:31:00+05:30,382.9,383,382.55,382.9,32589,
2017-11-23 10:32:00+05:30,382.6,383.9,382.45,383.5,63517,
2017-11-23 10:33:00+05:30,383,383.3,382.6,382.75,28339,
2017-11-23 10:34:00+05:30,382.75,383,382.55,383,13739,
2017-11-23 10:35:00+05:30,382.7,382.95,381.45,381.7,101534,
2017-11-23 10:36:00+05:30,381.7,383.2,381.2,382.75,97940,
2017-11-23 10:37:00+05:30,382.9,383,382.35,382.5,35511,
2017-11-23 10:38:00+05:30,382.5,382.5,381.7,382.35,29101,
2017-11-23 10:39:00+05:30,382.45,382.5,382,382.2,14559,
2017-11-23 10:40:00+05:30,382.5,382.7,382.15,382.5,11425,
2017-11-23 10:41:00+05:30,382.5,382.5,382.15,382.15,12037,
2017-11-23 10:42:00+05:30,382.45,382.8,382.15,382.3,12716,
2017-11-23 10:43:00+05:30,382.45,382.75,382.25,382.45,109656,
2017-11-23 10:44:00+05:30,382.4,382.5,382.35,382.35,7500,
2017-11-23 10:45:00+05:30,382.4,382.6,382.3,382.45,15373,
2017-11-23 10:46:00+05:30,382.5,382.5,382.05,382.1,10688,
2017-11-23 10:47:00+05:30,382.05,382.25,382,382,20073,
2017-11-23 10:48:00+05:30,381.95,382,381.6,381.6,17051,
2017-11-23 10:49:00+05:30,381.6,381.65,381.25,381.5,16127,
2017-11-23 10:50:00+05:30,381.4,381.5,380.5,380.5,38995,
2017-11-23 10:51:00+05:30,380.5,380.9,380,380.45,100195,
2017-11-23 10:52:00+05:30,380.25,380.3,379.1,379.8,127051,
2017-11-23 10:53:00+05:30,379.85,380.85,379.1,380,62591,
2017-11-23 10:54:00+05:30,380,380,378.65,378.85,56974,
2017-11-23 10:55:00+05:30,378.85,380.55,378.3,380.55,71328,
2017-11-23 10:56:00+05:30,380.4,380.6,379.05,379.75,61792,
2017-11-23 10:57:00+05:30,379.75,380,379.2,379.55,28063,
2017-11-23 10:58:00+05:30,379.65,379.95,379.3,379.85,17702,
2017-11-23 10:59:00+05:30,380,381.5,379.55,380.9,63720,
2017-11-23 11:00:00+05:30,380.9,381.45,380.55,380.9,44036,
2017-11-23 11:01:00+05:30,380.8,381.25,380.4,380.65,44211,
2017-11-23 11:02:00+05:30,380.65,381,380,380.7,26510,
2017-11-23 11:03:00+05:30,380.7,381,380,380.35,21542,
2017-11-23 11:04:00+05:30,380.05,380.4,379.6,380.2,31632,
2017-11-23 11:05:00+05:30,380.25,381.15,380,380.15,40371,
2017-11-23 11:06:00+05:30,380.6,380.6,380,380.05,10547,
2017-11-23 11:07:00+05:30,380.1,380.15,379.9,380.05,16406,
2017-11-23 11:08:00+05:30,380.05,380.2,379.9,380.1,12352,
2017-11-23 11:09:00+05:30,380.1,380.15,379.9,380,14147,
2017-11-23 11:10:00+05:30,380.05,380.1,379.8,380.05,16495,
2017-11-23 11:11:00+05:30,380.05,380.3,380,380.05,14801,
2017-11-23 11:12:00+05:30,380.05,380.15,379.85,380,13294,
2017-11-23 11:13:00+05:30,380,380.05,379.65,379.9,14308,
2017-11-23 11:14:00+05:30,379.9,379.9,379.3,379.6,18311,
2017-11-23 11:15:00+05:30,379.55,379.6,379.2,379.3,14042,
2017-11-23 11:16:00+05:30,379.3,379.3,378.3,378.95,35832,
2017-11-23 11:17:00+05:30,378.75,378.9,378.35,378.6,20061,
2017-11-23 11:18:00+05:30,378.6,378.95,378.55,378.8,20077,
2017-11-23 11:19:00+05:30,378.8,378.95,378.55,378.85,18421,
2017-11-23 11:20:00+05:30,378.75,379.4,378.55,379.2,39367,
2017-11-23 11:21:00+05:30,379.2,380,379.2,379.95,18848,
2017-11-23 11:22:00+05:30,379.95,380,379.7,379.8,13275,
2017-11-23 11:23:00+05:30,379.8,379.85,379.4,379.65,13263,
2017-11-23 11:24:00+05:30,379.65,379.7,379.25,379.4,12697,
2017-11-23 11:25:00+05:30,379.4,379.4,379.1,379.2,8160,
2017-11-23 11:26:00+05:30,379.2,379.25,378.5,378.6,17565,
2017-11-23 11:27:00+05:30,378.6,379.25,378.5,379.1,18547,
2017-11-23 11:28:00+05:30,379.1,379.2,379,379.1,9217,
2017-11-23 11:29:00+05:30,379.1,379.1,378.6,379.05,14157,
2017-11-23 11:30:00+05:30,379.05,379.05,378.6,378.75,11871,
2017-11-23 11:31:00+05:30,378.6,378.9,378.4,378.7,26361,
2017-11-23 11:32:00+05:30,378.7,378.8,378,378.75,57794,
2017-11-23 11:33:00+05:30,378.75,378.9,378,378.8,76280,
2017-11-23 11:34:00+05:30,378.85,379.45,378.85,379.1,17787,
2017-11-23 11:35:00+05:30,379.25,379.35,379,379.35,10182,
2017-11-23 11:36:00+05:30,379.35,379.5,379.15,379.5,16005,
2017-11-23 11:37:00+05:30,379.4,379.5,379.2,379.25,8972,
2017-11-23 11:38:00+05:30,379.2,379.4,379,379.2,10202,
2017-11-23 11:39:00+05:30,379.2,379.2,378.6,378.85,19532,
2017-11-23 11:40:00+05:30,378.85,378.85,378.35,378.4,11241,
2017-11-23 11:41:00+05:30,378.5,378.9,378.4,378.8,9896,
2017-11-23 11:42:00+05:30,378.75,378.95,378.55,378.55,7008,
2017-11-23 11:43:00+05:30,378.55,378.75,378.3,378.5,10303,
2017-11-23 11:44:00+05:30,378.55,378.55,377.3,377.55,47675,
2017-11-23 11:45:00+05:30,377.65,378.4,377.45,378,59093,
2017-11-23 11:46:00+05:30,377.7,378,377.5,377.55,16827,
2017-11-23 11:47:00+05:30,377.6,377.65,376.6,376.75,72413,
2017-11-23 11:48:00+05:30,376.65,377,376.6,376.85,27061,
2017-11-23 11:49:00+05:30,376.85,376.85,376.3,376.5,33977,
2017-11-23 11:50:00+05:30,376.55,376.9,376.4,376.8,29999,
2017-11-23 11:51:00+05:30,376.9,377,376.5,376.9,62469,
2017-11-23 11:52:00+05:30,376.9,377,376.6,376.8,34479,
2017-11-23 11:53:00+05:30,376.8,377,376.75,376.9,23121,
2017-11-23 11:54:00+05:30,376.9,377,376.8,376.95,16313,
2017-11-23 11:55:00+05:30,376.95,376.95,376.7,376.7,15460,
2017-11-23 11:56:00+05:30,376.65,376.9,376.6,376.75,12020,
2017-11-23 11:57:00+05:30,376.9,377,376.65,376.7,19291,
2017-11-23 11:58:00+05:30,376.75,376.95,376.65,376.8,15090,
2017-11-23 11:59:00+05:30,376.85,378.6,376.8,378.4,30103,
2017-11-23 12:00:00+05:30,378.5,378.5,378,378.2,27230,
2017-11-23 12:01:00+05:30,378.35,378.95,378.25,378.65,29710,
2017-11-23 12:02:00+05:30,378.65,379,378.4,378.4,27408,
2017-11-23 12:03:00+05:30,378.4,378.6,377.55,378.4,26832,
2017-11-23 12:04:00+05:30,378.3,378.7,378.2,378.55,25390,
2017-11-23 12:05:00+05:30,378.3,378.3,377.4,377.45,9997,
2017-11-23 12:06:00+05:30,377.35,377.5,377.05,377.3,11115,
2017-11-23 12:07:00+05:30,377.3,377.45,376.85,377,17466,
2017-11-23 12:08:00+05:30,377,377.15,376.25,376.4,37236,
2017-11-23 12:09:00+05:30,376.4,376.75,376.2,376.75,15329,
2017-11-23 12:10:00+05:30,376.55,376.8,376.4,376.6,12078,
2017-11-23 12:11:00+05:30,376.6,376.75,376.45,376.5,5377,
2017-11-23 12:12:00+05:30,376.5,376.9,376.05,376.05,21420,
2017-11-23 12:13:00+05:30,376.65,376.65,375.55,375.65,43472,
2017-11-23 12:14:00+05:30,375.55,375.8,375,375,126721,
2017-11-23 12:15:00+05:30,375,375.2,374.1,374.1,60429,
2017-11-23 12:16:00+05:30,374.25,374.7,374.2,374.7,34233,
2017-11-23 12:17:00+05:30,374.55,375.15,374.4,375.05,46872,
2017-11-23 12:18:00+05:30,375.05,375.15,374.8,374.8,36008,
2017-11-23 12:19:00+05:30,375,375.05,374.1,375.05,112296,
2017-11-23 12:20:00+05:30,375.05,375.95,374.65,375.75,38723,
2017-11-23 12:21:00+05:30,375.75,375.75,375.35,375.55,11172,
2017-11-23 12:22:00+05:30,375.55,375.95,375.15,375.65,19390,
2017-11-23 12:23:00+05:30,375.75,375.95,375.3,375.55,23861,
2017-11-23 12:24:00+05:30,375.65,376,375.55,375.95,13772,
2017-11-23 12:25:00+05:30,375.95,376.4,375.6,375.9,65574,
2017-11-23 12:26:00+05:30,375.85,376.5,375.85,376.45,15358,
2017-11-23 12:27:00+05:30,376.85,377.3,376,377,76692,
2017-11-23 12:28:00+05:30,377,377.05,376.55,376.7,11722,
2017-11-23 12:29:00+05:30,376.75,376.75,376.4,376.75,11541,
2017-11-23 12:30:00+05:30,376.65,376.8,376.5,376.55,8230,
2017-11-23 12:31:00+05:30,376.5,376.9,376.5,376.65,258175,
2017-11-23 12:32:00+05:30,376.65,376.7,376.1,376.1,5568,
2017-11-23 12:33:00+05:30,376.15,376.25,376.1,376.25,8475,
2017-11-23 12:34:00+05:30,376.3,376.65,376.25,376.65,5852,
2017-11-23 12:35:00+05:30,376.6,376.8,376.45,376.65,4609,
2017-11-23 12:36:00+05:30,376.65,376.85,376.6,376.65,6731,
2017-11-23 12:37:00+05:30,376.65,376.9,376.25,376.65,17444,
2017-11-23 12:38:00+05:30,376.95,376.95,376.6,376.7,4083,
2017-11-23 12:39:00+05:30,376.75,376.85,376.65,376.75,11593,
2017-11-23 12:40:00+05:30,376.75,376.75,375.95,376.6,52214,
2017-11-23 12:41:00+05:30,376.6,376.7,376.1,376.2,14477,
2017-11-23 12:42:00+05:30,376.6,376.75,376.6,376.6,16686,
2017-11-23 12:43:00+05:30,376.6,376.8,376.2,376.7,8931,
2017-11-23 12:44:00+05:30,376.75,376.75,376.2,376.2,446036,
2017-11-23 12:45:00+05:30,376.25,376.25,375.85,376.05,6844,
2017-11-23 12:46:00+05:30,376,376.1,375.9,376.05,11480,
2017-11-23 12:47:00+05:30,375.95,376.25,375.8,375.9,9896,
2017-11-23 12:48:00+05:30,376,376,375.6,375.75,10164,
2017-11-23 12:49:00+05:30,375.55,375.75,375.15,375.45,16365,
2017-11-23 12:50:00+05:30,375.45,375.5,375.15,375.2,7024,
2017-11-23 12:51:00+05:30,375.2,375.5,375.15,375.15,10277,
2017-11-23 12:52:00+05:30,375.4,375.4,375,375,17641,
2017-11-23 12:53:00+05:30,375.05,375.05,374.6,374.75,39802,
2017-11-23 12:54:00+05:30,374.75,374.9,374.6,374.65,12715,
2017-11-23 12:55:00+05:30,374.65,374.9,374.6,374.75,16251,
2017-11-23 12:56:00+05:30,374.75,375,374.6,374.75,9174,
2017-11-23 12:57:00+05:30,374.75,374.8,374.4,374.5,16927,
2017-11-23 12:58:00+05:30,374.45,375.05,374.4,375,26313,
2017-11-23 12:59:00+05:30,374.65,375.05,374.65,375.05,30546,
2017-11-23 13:00:00+05:30,375,375.5,374.7,375.4,25697,
2017-11-23 13:01:00+05:30,375.5,375.95,375.3,375.45,14816,
2017-11-23 13:02:00+05:30,375.45,376,375.45,375.75,12511,
2017-11-23 13:03:00+05:30,375.8,375.8,375.05,375.05,7707,
2017-11-23 13:04:00+05:30,375.1,375.1,374.55,374.6,23460,
2017-11-23 13:05:00+05:30,374.7,374.7,374.05,374.05,15245,
2017-11-23 13:06:00+05:30,374.2,374.3,374.05,374.05,24658,
2017-11-23 13:07:00+05:30,374.05,374.2,373.5,373.55,38638,
2017-11-23 13:08:00+05:30,373.55,373.6,373.05,373.05,30216,
2017-11-23 13:09:00+05:30,373.05,373.8,372.65,373.55,40891,
2017-11-23 13:10:00+05:30,373.75,373.8,373.15,373.45,16411,
2017-11-23 13:11:00+05:30,373.45,373.5,373,373.4,19319,
2017-11-23 13:12:00+05:30,373.2,373.35,372.8,372.8,14124,
2017-11-23 13:13:00+05:30,372.9,372.95,372.5,372.7,19315,
2017-11-23 13:14:00+05:30,372.5,372.8,372,372.25,52193,
2017-11-23 13:15:00+05:30,372.25,372.25,371.75,371.95,29958,
2017-11-23 13:16:00+05:30,371.9,372,371.15,371.35,25823,
2017-11-23 13:17:00+05:30,371.45,371.65,371.1,371.25,27909,
2017-11-23 13:18:00+05:30,372,372.6,371.25,372.6,33181,
2017-11-23 13:19:00+05:30,372.85,373.95,372.85,373.8,32279,
2017-11-23 13:20:00+05:30,373.8,374.85,373.6,374.7,32455,
2017-11-23 13:21:00+05:30,374.7,375.85,374.7,374.8,60422,
2017-11-23 13:22:00+05:30,374.75,374.9,374.5,374.6,12711,
2017-11-23 13:23:00+05:30,374.5,374.55,373.1,373.15,13559,
2017-11-23 13:24:00+05:30,373.1,373.65,373.05,373.65,12553,
2017-11-23 13:25:00+05:30,373.65,373.8,373.25,373.7,10027,
2017-11-23 13:26:00+05:30,373.8,374.45,373.7,374.35,11167,
2017-11-23 13:27:00+05:30,374.4,374.8,374.15,374.15,9078,
2017-11-23 13:28:00+05:30,374.1,374.25,373.8,373.8,7457,
2017-11-23 13:29:00+05:30,373.65,373.85,373.35,373.7,9295,
2017-11-23 13:30:00+05:30,373.65,374.3,373.5,374.25,9120,
2017-11-23 13:31:00+05:30,374.25,374.3,373.95,373.95,6648,
2017-11-23 13:32:00+05:30,373.95,374.05,373.75,373.85,4640,
2017-11-23 13:33:00+05:30,373.85,373.9,373.5,373.6,7760,
2017-11-23 13:34:00+05:30,373.55,373.9,373.5,373.9,9125,
2017-11-23 13:35:00+05:30,374,374,373,373.05,29415,
2017-11-23 13:36:00+05:30,373.05,373.15,372.2,372.5,10030,
2017-11-23 13:37:00+05:30,372.65,372.65,372.1,372.45,16901,
2017-11-23 13:38:00+05:30,372.45,372.95,372.25,372.95,14725,
2017-11-23 13:39:00+05:30,372.95,373.45,372.9,373.2,10066,
2017-11-23 13:40:00+05:30,373.2,373.3,373,373.25,7874,
2017-11-23 13:41:00+05:30,373.2,373.5,373.15,373.5,8727,
2017-11-23 13:42:00+05:30,373.6,373.8,373.45,373.75,7489,
2017-11-23 13:43:00+05:30,373.8,374.45,373.7,374.2,16162,
2017-11-23 13:44:00+05:30,374.3,374.9,374.3,374.8,20195,
2017-11-23 13:45:00+05:30,374.75,374.9,374.5,374.8,9072,
2017-11-23 13:46:00+05:30,374.8,375,374.75,374.9,20643,
2017-11-23 13:47:00+05:30,374.9,374.9,374.3,374.6,8234,
2017-11-23 13:48:00+05:30,374.8,374.8,374.1,374.2,7144,
2017-11-23 13:49:00+05:30,374.25,374.5,374.15,374.5,9059,
2017-11-23 13:50:00+05:30,374.5,374.5,374.3,374.3,4580,
2017-11-23 13:51:00+05:30,374.3,374.6,374.25,374.45,7806,
2017-11-23 13:52:00+05:30,374.45,374.9,374.4,374.9,15245,
2017-11-23 13:53:00+05:30,374.85,374.9,374.5,374.5,6468,
2017-11-23 13:54:00+05:30,374.55,374.9,374.55,374.7,6583,
2017-11-23 13:55:00+05:30,374.75,375.6,374.4,375.25,45437,
2017-11-23 13:56:00+05:30,375.25,375.65,374.85,374.9,8835,
2017-11-23 13:57:00+05:30,375,375,374.65,374.9,12285,
2017-11-23 13:58:00+05:30,374.9,375.8,374.7,375.75,24984,
2017-11-23 13:59:00+05:30,375.8,376.5,375.75,376.35,48329,
2017-11-23 14:00:00+05:30,376.2,376.5,376,376.35,21371,
2017-11-23 14:01:00+05:30,376.4,376.4,375.3,375.35,14256,
2017-11-23 14:02:00+05:30,375.35,375.65,375,375.05,18562,
2017-11-23 14:03:00+05:30,375,375.05,374.5,374.55,12911,
2017-11-23 14:04:00+05:30,374.5,375,374.35,375,19691,
2017-11-23 14:05:00+05:30,375.05,375.95,375.05,375.7,14966,
2017-11-23 14:06:00+05:30,375.7,376.7,375.5,376.5,52603,
2017-11-23 14:07:00+05:30,376.35,376.85,376.35,376.65,28249,
2017-11-23 14:08:00+05:30,376.4,376.5,376.1,376.15,18931,
2017-11-23 14:09:00+05:30,376.1,376.2,375.6,375.8,14313,
2017-11-23 14:10:00+05:30,375.8,376.2,375.7,376,13456,
2017-11-23 14:11:00+05:30,376.05,376.05,375.45,375.65,6038,
2017-11-23 14:12:00+05:30,375.55,375.6,375.05,375.45,12478,
2017-11-23 14:13:00+05:30,375.45,375.45,375,375.1,9795,
2017-11-23 14:14:00+05:30,375.05,375.1,374.6,374.75,14663,
2017-11-23 14:15:00+05:30,374.75,374.8,374.5,374.6,8747,
2017-11-23 14:16:00+05:30,374.65,374.95,374.4,374.7,11477,
2017-11-23 14:17:00+05:30,374.75,374.9,374.7,374.75,4730,
2017-11-23 14:18:00+05:30,374.75,374.85,374.5,374.5,6459,
2017-11-23 14:19:00+05:30,374.55,374.65,374.5,374.6,8114,
2017-11-23 14:20:00+05:30,374.6,374.6,374.25,374.35,9151,
2017-11-23 14:21:00+05:30,374.35,374.45,374.15,374.25,11146,
2017-11-23 14:22:00+05:30,374.25,374.25,373.05,373.2,25602,
2017-11-23 14:23:00+05:30,373.15,373.85,372.8,373.85,26733,
2017-11-23 14:24:00+05:30,373.85,373.85,373.55,373.55,9963,
2017-11-23 14:25:00+05:30,373.55,373.9,373.5,373.6,14634,
2017-11-23 14:26:00+05:30,373.65,373.8,373.55,373.65,12474,
2017-11-23 14:27:00+05:30,373.65,374.5,373.65,374.5,18455,
2017-11-23 14:28:00+05:30,374.5,375,374.5,374.65,15538,
2017-11-23 14:29:00+05:30,374.5,374.65,373.55,373.6,11320,
2017-11-23 14:30:00+05:30,373.6,373.85,373.5,373.65,14043,
2017-11-23 14:31:00+05:30,373.6,373.8,373.3,373.55,9325,
2017-11-23 14:32:00+05:30,373.6,373.85,373.25,373.6,11994,
2017-11-23 14:33:00+05:30,373.5,375.15,373.5,375.05,29600,
2017-11-23 14:34:00+05:30,375.05,375.05,375,375,32263,
2017-11-23 14:35:00+05:30,375.05,376.4,375,375.05,39359,
2017-11-23 14:36:00+05:30,375.2,375.2,375,375.05,37586,
2017-11-23 14:37:00+05:30,375.05,375.1,375,375.1,11708,
2017-11-23 14:38:00+05:30,375.1,375.1,375,375.05,10592,
2017-11-23 14:39:00+05:30,375.05,375.2,375,375,9155,
2017-11-23 14:40:00+05:30,375.05,375.5,375,375.45,11431,
2017-11-23 14:41:00+05:30,375.5,376.2,375.5,376.05,26524,
2017-11-23 14:42:00+05:30,376.3,376.75,376.05,376.55,35238,
2017-11-23 14:43:00+05:30,376.55,376.55,376.2,376.25,28099,
2017-11-23 14:44:00+05:30,376.4,376.7,376.15,376.45,35551,
2017-11-23 14:45:00+05:30,376.45,376.65,376,376,10881,
2017-11-23 14:46:00+05:30,376,376.05,375.4,375.4,15417,
2017-11-23 14:47:00+05:30,375.4,375.45,374.3,374.7,43708,
2017-11-23 14:48:00+05:30,375,375.05,374.45,374.5,25790,
2017-11-23 14:49:00+05:30,374.5,374.75,374.3,374.45,10127,
2017-11-23 14:50:00+05:30,374.25,374.6,374.25,374.5,7123,
2017-11-23 14:51:00+05:30,374.5,374.75,374.25,374.4,10614,
2017-11-23 14:52:00+05:30,374.4,374.75,374.4,374.5,6632,
2017-11-23 14:53:00+05:30,374.55,374.75,374.1,374.1,10749,
2017-11-23 14:54:00+05:30,374.1,374.4,374.1,374.15,7519,
2017-11-23 14:55:00+05:30,374.15,374.15,374,374.15,9724,
2017-11-23 14:56:00+05:30,374,374.3,373.85,373.85,13383,
2017-11-23 14:57:00+05:30,373.85,374,373.8,373.95,11399,
2017-11-23 14:58:00+05:30,373.8,374.25,373.8,374.25,10325,
2017-11-23 14:59:00+05:30,374.25,374.35,374.1,374.25,7859,
2017-11-23 15:00:00+05:30,374.25,375.35,374.15,375.05,27292,
2017-11-23 15:01:00+05:30,375.25,375.6,375,375.25,15609,
2017-11-23 15:02:00+05:30,375.25,375.85,375,375.65,31436,
2017-11-23 15:03:00+05:30,375.65,376,375.6,375.75,20311,
2017-11-23 15:04:00+05:30,375.75,375.85,374.7,374.75,18384,
2017-11-23 15:05:00+05:30,374.5,374.7,374.1,374.4,12853,
2017-11-23 15:06:00+05:30,374.4,374.4,374.1,374.15,17664,
2017-11-23 15:07:00+05:30,374.15,374.15,373.35,373.6,40224,
2017-11-23 15:08:00+05:30,373.35,373.65,371.9,371.95,95273,
2017-11-23 15:09:00+05:30,371.8,372,371.65,372,39387,
2017-11-23 15:10:00+05:30,371.9,373,371.75,372.7,21573,
2017-11-23 15:11:00+05:30,372.7,373.5,372.7,373.2,25964,
2017-11-23 15:12:00+05:30,373.4,373.8,373.05,373.5,25819,
2017-11-23 15:13:00+05:30,373.45,373.6,372.5,372.55,33744,
2017-11-23 15:14:00+05:30,372.6,373.7,372.55,373.7,23000,
2017-11-23 15:15:00+05:30,373.6,375.2,373.6,375,94129,
2017-11-23 15:16:00+05:30,374.3,375,373.55,374.85,47815,
2017-11-23 15:17:00+05:30,374.8,375.8,374.8,375.6,41395,
2017-11-23 15:18:00+05:30,375.4,375.85,375.2,375.7,33962,
2017-11-23 15:19:00+05:30,375.75,375.75,375.05,375.15,26501,
2017-11-23 15:20:00+05:30,375.1,375.25,374.15,374.6,43130,
2017-11-23 15:21:00+05:30,374.65,376.3,374,375.8,107903,
2017-11-23 15:22:00+05:30,375.7,376.2,375.5,375.75,32800,
2017-11-23 15:23:00+05:30,375.7,376,375.45,375.65,51217,
2017-11-23 15:24:00+05:30,375.5,375.8,375.4,375.6,38988,
2017-11-23 15:25:00+05:30,375.75,376,375.55,375.75,46109,
2017-11-23 15:26:00+05:30,375.7,376.5,375.6,376.15,90252,
2017-11-23 15:27:00+05:30,376.35,376.95,376.05,376.25,78162,
2017-11-23 15:28:00+05:30,376.5,376.55,375.55,376,54585,
2017-11-23 15:29:00+05:30,376,376,375,375.2,41233,
2017-11-24 09:15:00+05:30,376.05,376.7,373.35,374,79166,
2017-11-24 09:16:00+05:30,373.85,375,373.8,374.55,83846,
2017-11-24 09:17:00+05:30,375,375,372.2,372.65,71689,
2017-11-24 09:18:00+05:30,373,373.85,372.5,373.55,52330,
2017-11-24 09:19:00+05:30,373.45,373.75,371,371.4,78202,
2017-11-24 09:20:00+05:30,371.1,371.55,370.25,370.85,55091,
2017-11-24 09:21:00+05:30,370.55,371.5,370.3,371.15,63580,
2017-11-24 09:22:00+05:30,370.95,371.65,370.55,370.7,32191,
2017-11-24 09:23:00+05:30,370.7,370.7,368,368,91107,
2017-11-24 09:24:00+05:30,367.5,367.85,366.6,366.6,103882,
2017-11-24 09:25:00+05:30,366.5,367,366.1,366.8,70071,
2017-11-24 09:26:00+05:30,367,368.4,366.85,368,54917,
2017-11-24 09:27:00+05:30,367.7,369.8,367.7,369.6,44060,
2017-11-24 09:28:00+05:30,369.35,369.8,369,369.8,39111,
2017-11-24 09:29:00+05:30,369.9,372.7,369.8,372.35,113352,
2017-11-24 09:30:00+05:30,372.05,372.55,368.45,370.8,238336,
2017-11-24 09:31:00+05:30,370.95,371,370.5,370.95,38728,
2017-11-24 09:32:00+05:30,370.95,372.45,369.65,372.45,58340,
2017-11-24 09:33:00+05:30,372.45,373.7,372.4,372.7,91694,
2017-11-24 09:34:00+05:30,373,373.2,372.2,372.65,61369,
2017-11-24 09:35:00+05:30,372.55,373.75,372.45,373.3,36874,
2017-11-24 09:36:00+05:30,373.25,373.4,372.1,372.15,37762,
2017-11-24 09:37:00+05:30,372.05,373.35,372,372.6,33590,
2017-11-24 09:38:00+05:30,372.6,372.7,371.4,372,15464,
2017-11-24 09:39:00+05:30,372,373.4,371.6,373.3,32983,
2017-11-24 09:40:00+05:30,373.3,374.75,373.3,374.75,36593,
2017-11-24 09:41:00+05:30,374.5,374.75,373.5,373.5,35486,
2017-11-24 09:42:00+05:30,373.5,373.5,372.45,373.45,17798,
2017-11-24 09:43:00+05:30,373.45,373.65,373.3,373.45,11087,
2017-11-24 09:44:00+05:30,373.45,373.85,373.4,373.55,14858,
2017-11-24 09:45:00+05:30,373.7,373.8,373.25,373.25,9778,
2017-11-24 09:46:00+05:30,373.25,373.3,372.85,373.1,10681,
2017-11-24 09:47:00+05:30,373.05,373.8,372.85,373.45,11522,
2017-11-24 09:48:00+05:30,374,374,373.5,373.75,13489,
2017-11-24 09:49:00+05:30,373.6,373.75,373.1,373.1,5968,
2017-11-24 09:50:00+05:30,373.4,373.4,372.6,372.8,11385,
2017-11-24 09:51:00+05:30,372.8,372.95,372.6,372.8,4406,
2017-11-24 09:52:00+05:30,372.8,372.9,372.65,372.75,3735,
2017-11-24 09:53:00+05:30,372.75,373.35,372.65,373.15,8462,
2017-11-24 09:54:00+05:30,373.35,373.95,373.25,373.4,14426,
2017-11-24 09:55:00+05:30,373.4,375.9,373.25,375.45,130125,
2017-11-24 09:56:00+05:30,375.7,376,373.85,373.9,128619,
2017-11-24 09:57:00+05:30,373.85,373.85,372.7,373.65,35972,
2017-11-24 09:58:00+05:30,373.7,373.8,373.25,373.8,11365,
2017-11-24 09:59:00+05:30,373.55,373.85,373.25,373.65,15986,
2017-11-24 10:00:00+05:30,373.65,374.75,373.35,374.75,23092,
2017-11-24 10:01:00+05:30,374.75,376,374.6,374.6,74368,
2017-11-24 10:02:00+05:30,375,376,374.95,375.55,52658,
2017-11-24 10:03:00+05:30,375.9,377,375.2,377,161599,
2017-11-24 10:04:00+05:30,376.95,377,375.4,376.15,79529,
2017-11-24 10:05:00+05:30,376.15,376.8,376.15,376.75,38047,
2017-11-24 10:06:00+05:30,376.7,377,376.1,376.7,93732,
2017-11-24 10:07:00+05:30,376.65,376.7,376.15,376.4,17387,
2017-11-24 10:08:00+05:30,376.35,376.5,375.65,375.7,28565,
2017-11-24 10:09:00+05:30,375.65,375.7,375.3,375.4,14436,
2017-11-24 10:10:00+05:30,375.35,376.4,375.35,376.35,24947,
2017-11-24 10:11:00+05:30,376.35,376.85,376.3,376.75,16327,
2017-11-24 10:12:00+05:30,376.75,378,376.7,377.6,163067,
2017-11-24 10:13:00+05:30,377.75,377.8,377.3,377.8,43945,
2017-11-24 10:14:00+05:30,377.95,379,377.75,379,261858,
2017-11-24 10:15:00+05:30,379,379,378.15,378.95,45874,
2017-11-24 10:16:00+05:30,379,379,378.55,378.7,49468,
2017-11-24 10:17:00+05:30,378.7,379.8,378.5,379.8,54382,
2017-11-24 10:18:00+05:30,379.7,381,379.2,380.6,265245,
2017-11-24 10:19:00+05:30,380.55,381,380.15,380.4,109904,
2017-11-24 10:20:00+05:30,380.45,382,380.4,381.9,163925,
2017-11-24 10:21:00+05:30,381.9,382,381,381,110660,
2017-11-24 10:22:00+05:30,380.9,382,380.7,381.45,108593,
2017-11-24 10:23:00+05:30,381.65,381.7,380.3,380.3,49228,
2017-11-24 10:24:00+05:30,380,380,378,378,93375,
2017-11-24 10:25:00+05:30,377.65,379,377.65,378.65,37126,
2017-11-24 10:26:00+05:30,378.8,379.65,378.2,379.2,26481,
2017-11-24 10:27:00+05:30,379.4,379.8,379,379.6,28408,
2017-11-24 10:28:00+05:30,379.7,380.75,379.6,380.75,31657,
2017-11-24 10:29:00+05:30,380.65,383,380.25,382.65,125163,
2017-11-24 10:30:00+05:30,382.5,382.8,382.4,382.8,80803,
2017-11-24 10:31:00+05:30,382.55,382.65,381.55,381.65,30404,
2017-11-24 10:32:00+05:30,381.8,381.9,381.55,381.55,19024,
2017-11-24 10:33:00+05:30,381.55,381.8,381.35,381.65,19930,
2017-11-24 10:34:00+05:30,381.5,381.75,380.25,380.25,28585,
2017-11-24 10:35:00+05:30,380.5,380.5,378.55,379,86526,
2017-11-24 10:36:00+05:30,378.95,380,378.95,379.8,25221,
2017-11-24 10:37:00+05:30,380,380.25,379.6,380.25,34792,
2017-11-24 10:38:00+05:30,380.1,380.35,379.8,379.9,28085,
2017-11-24 10:39:00+05:30,379.9,379.9,379.5,379.5,29095,
2017-11-24 10:40:00+05:30,379.5,379.9,378.8,379.65,29047,
2017-11-24 10:41:00+05:30,379.65,379.85,378.55,378.9,12028,
2017-11-24 10:42:00+05:30,378.9,379,378.4,378.5,14466,
2017-11-24 10:43:00+05:30,378.5,378.7,378.1,378.4,26191,
2017-11-24 10:44:00+05:30,378.2,378.4,377.9,377.9,15589,
2017-11-24 10:45:00+05:30,377.95,377.95,377.2,377.8,23801,
2017-11-24 10:46:00+05:30,377.9,379.1,377.75,378.95,24918,
2017-11-24 10:47:00+05:30,378.8,379.35,378.35,379.3,20389,
2017-11-24 10:48:00+05:30,379.4,379.95,379,379.9,20046,
2017-11-24 10:49:00+05:30,379.9,380,379.25,380,13602,
2017-11-24 10:50:00+05:30,379.95,380,379.6,379.65,6520,
2017-11-24 10:51:00+05:30,379.9,380.6,379.6,380.4,42118,
2017-11-24 10:52:00+05:30,380.4,380.45,380,380.35,16737,
2017-11-24 10:53:00+05:30,380.45,380.45,379.35,380.35,18031,
2017-11-24 10:54:00+05:30,380.35,380.4,380,380.15,20321,
2017-11-24 10:55:00+05:30,380.15,380.15,380,380,21478,
2017-11-24 10:56:00+05:30,380.05,380.2,380,380.2,23144,
2017-11-24 10:57:00+05:30,380.05,380.2,380,380,7400,
2017-11-24 10:58:00+05:30,380,380.2,380,380.1,10508,
2017-11-24 10:59:00+05:30,380,380.2,380,380.2,11695,
2017-11-24 11:00:00+05:30,380.2,380.2,380.05,380.2,7212,
2017-11-24 11:01:00+05:30,380.2,380.2,379.3,379.5,21385,
2017-11-24 11:02:00+05:30,379.6,379.8,379.4,379.5,7979,
2017-11-24 11:03:00+05:30,379,379.5,378.5,378.75,12353,
2017-11-24 11:04:00+05:30,378.75,379.4,378.75,379.2,10281,
2017-11-24 11:05:00+05:30,379.15,379.5,379.15,379.4,6494,
2017-11-24 11:06:00+05:30,379.4,379.5,379.15,379.4,2076,
2017-11-24 11:07:00+05:30,379.4,379.4,379.05,379.1,4624,
2017-11-24 11:08:00+05:30,379.1,379.5,379.05,379.4,4341,
2017-11-24 11:09:00+05:30,379.2,379.65,379.2,379.55,9349,
2017-11-24 11:10:00+05:30,379.55,379.6,379.3,379.45,4421,
2017-11-24 11:11:00+05:30,379.3,379.8,379.2,379.75,5180,
2017-11-24 11:12:00+05:30,379.75,380,379.5,379.5,5955,
2017-11-24 11:13:00+05:30,379.5,380,379.5,379.6,9872,
2017-11-24 11:14:00+05:30,379.55,380.1,379.55,380.05,8822,
2017-11-24 11:15:00+05:30,380.05,380.2,379.75,380.2,6668,
2017-11-24 11:16:00+05:30,379.8,380,379.7,380,2575,
2017-11-24 11:17:00+05:30,380,380.05,379.7,379.75,7405,
2017-11-24 11:18:00+05:30,379.9,379.9,379.7,379.85,3905,
2017-11-24 11:19:00+05:30,379.85,379.95,379.7,379.95,3069,
2017-11-24 11:20:00+05:30,379.95,380,379.9,380,3983,
2017-11-24 11:21:00+05:30,380.15,380.15,379.8,380,9563,
2017-11-24 11:22:00+05:30,379.7,381.5,379.7,381.3,29443,
2017-11-24 11:23:00+05:30,381.45,381.5,380.65,381.35,26710,
2017-11-24 11:24:00+05:30,381.35,381.5,381.05,381.15,25998,
2017-11-24 11:25:00+05:30,381.15,381.35,381.05,381.3,6120,
2017-11-24 11:26:00+05:30,381.35,381.4,381.1,381.2,5328,
2017-11-24 11:27:00+05:30,381.2,381.35,381,381.3,9619,
2017-11-24 11:28:00+05:30,381.25,381.5,381.25,381.25,24229,
2017-11-24 11:29:00+05:30,381.3,381.5,381,381.1,34327,
2017-11-24 11:30:00+05:30,381.1,381.25,380.5,380.65,10271,
2017-11-24 11:31:00+05:30,380.65,380.85,380.5,380.65,4495,
2017-11-24 11:32:00+05:30,380.65,380.7,380.55,380.6,3840,
2017-11-24 11:33:00+05:30,380.6,381.2,380.5,381,14610,
2017-11-24 11:34:00+05:30,381,381.35,381,381,11191,
2017-11-24 11:35:00+05:30,381,382.45,380.8,382.05,94720,
2017-11-24 11:36:00+05:30,382.05,382.5,381.45,382.4,22306,
2017-11-24 11:37:00+05:30,382.4,382.45,381.95,382.05,13266,
2017-11-24 11:38:00+05:30,382.05,382.4,381.95,382.35,7325,
2017-11-24 11:39:00+05:30,382.35,382.35,381.7,381.8,15445,
2017-11-24 11:40:00+05:30,381.6,381.85,381.1,381.2,7747,
2017-11-24 11:41:00+05:30,381.4,381.65,381.15,381.2,5803,
2017-11-24 11:42:00+05:30,381.2,381.4,381.2,381.25,3160,
2017-11-24 11:43:00+05:30,381.25,381.85,381.15,381.8,11155,
2017-11-24 11:44:00+05:30,381.8,382.15,381.5,381.55,11913,
2017-11-24 11:45:00+05:30,381.55,381.75,381.3,381.35,6644,
2017-11-24 11:46:00+05:30,381.35,381.75,381.05,381.25,5723,
2017-11-24 11:47:00+05:30,381.25,381.45,381,381.2,9382,
2017-11-24 11:48:00+05:30,381.2,381.45,381,381.05,2969,
2017-11-24 11:49:00+05:30,381.05,381.45,381,381.1,5062,
2017-11-24 11:50:00+05:30,381.1,381.45,381,381.05,4767,
2017-11-24 11:51:00+05:30,381.05,381.35,381,381.35,3491,
2017-11-24 11:52:00+05:30,381.35,381.35,381,381,6404,
2017-11-24 11:53:00+05:30,381,381.05,380.7,380.8,3088,
2017-11-24 11:54:00+05:30,380.8,380.8,380,380.5,12548,
2017-11-24 11:55:00+05:30,380.5,380.5,380.05,380.3,4884,
2017-11-24 11:56:00+05:30,380.3,380.6,380,380.05,4707,
2017-11-24 11:57:00+05:30,380.05,380.4,380,380.15,5268,
2017-11-24 11:58:00+05:30,380,380.35,380,380.3,3880,
2017-11-24 11:59:00+05:30,380.3,380.5,380,380.1,2782,
2017-11-24 12:00:00+05:30,380.1,380.45,380.1,380.15,2010,
2017-11-24 12:01:00+05:30,380.15,380.85,380.15,380.5,6760,
2017-11-24 12:02:00+05:30,380.5,380.75,380.5,380.75,7832,
2017-11-24 12:03:00+05:30,380.75,380.85,380.5,380.85,2336,
2017-11-24 12:04:00+05:30,380.85,380.85,380.15,380.8,2531,
2017-11-24 12:05:00+05:30,380.5,380.9,380.5,380.9,3065,
2017-11-24 12:06:00+05:30,380.9,380.9,380.5,380.6,2296,
2017-11-24 12:07:00+05:30,380.6,380.9,380.5,380.9,3181,
2017-11-24 12:08:00+05:30,380.5,380.6,380.3,380.5,8621,
2017-11-24 12:09:00+05:30,380.5,380.6,380.3,380.5,8688,
2017-11-24 12:10:00+05:30,380.5,380.6,380.3,380.55,13295,
2017-11-24 12:11:00+05:30,380,380.55,380,380.5,11166,
2017-11-24 12:12:00+05:30,380.5,380.8,380.5,380.8,9965,
2017-11-24 12:13:00+05:30,380.5,380.85,380.35,380.7,7954,
2017-11-24 12:14:00+05:30,380.5,380.7,380.5,380.55,8361,
2017-11-24 12:15:00+05:30,380.55,380.55,380.3,380.35,3103,
2017-11-24 12:16:00+05:30,380.35,380.35,379.7,379.7,11194,
2017-11-24 12:17:00+05:30,379.7,379.95,379.15,379.5,12185,
2017-11-24 12:18:00+05:30,379.5,379.7,379.4,379.5,11988,
2017-11-24 12:19:00+05:30,379.5,379.6,379.5,379.5,4205,
2017-11-24 12:20:00+05:30,379.5,379.7,379.5,379.65,9178,
2017-11-24 12:21:00+05:30,379.5,379.6,379.4,379.5,17305,
2017-11-24 12:22:00+05:30,379.5,379.7,379.3,379.6,15781,
2017-11-24 12:23:00+05:30,379.5,379.7,379.5,379.5,15917,
2017-11-24 12:24:00+05:30,379.5,379.6,379.35,379.35,6037,
2017-11-24 12:25:00+05:30,379.35,379.5,379,379,18060,
2017-11-24 12:26:00+05:30,379.05,379.05,378.35,378.5,16494,
2017-11-24 12:27:00+05:30,378.3,378.45,378.25,378.35,15923,
2017-11-24 12:28:00+05:30,378.35,378.35,378,378.1,16898,
2017-11-24 12:29:00+05:30,378.1,378.25,378,378.05,17561,
2017-11-24 12:30:00+05:30,378.05,378.1,377.9,378,18599,
2017-11-24 12:31:00+05:30,377.9,378,377.9,377.9,14308,
2017-11-24 12:32:00+05:30,377.95,378,377.85,377.85,5928,
2017-11-24 12:33:00+05:30,377.85,377.9,377.65,377.7,6598,
2017-11-24 12:34:00+05:30,377.8,378,377.7,378,13995,
2017-11-24 12:35:00+05:30,378,378,377.9,378,8127,
2017-11-24 12:36:00+05:30,378,378,377.7,377.7,10844,
2017-11-24 12:37:00+05:30,377.95,378,377.7,377.75,2366,
2017-11-24 12:38:00+05:30,377.75,377.9,377.6,377.6,6714,
2017-11-24 12:39:00+05:30,377.6,378,377.6,378,5141,
2017-11-24 12:40:00+05:30,378,378.05,377.75,378,14985,
2017-11-24 12:41:00+05:30,377.75,378,377.75,377.95,2962,
2017-11-24 12:42:00+05:30,378,378,377.75,377.8,6510,
2017-11-24 12:43:00+05:30,377.8,378,377.75,377.95,2301,
2017-11-24 12:44:00+05:30,377.95,378,377.8,377.95,5112,
2017-11-24 12:45:00+05:30,378,378,377.9,378,7163,
2017-11-24 12:46:00+05:30,378,378,377.95,377.95,3552,
2017-11-24 12:47:00+05:30,377.95,378,377.9,377.95,2753,
2017-11-24 12:48:00+05:30,377.95,378,377.9,377.95,1761,
2017-11-24 12:49:00+05:30,377.95,378,377.9,377.95,2816,
2017-11-24 12:50:00+05:30,377.95,378,377.85,377.85,3658,
2017-11-24 12:51:00+05:30,377.85,378,377.7,377.9,4558,
2017-11-24 12:52:00+05:30,377.9,378,377.7,378,1875,
2017-11-24 12:53:00+05:30,378,378,377.9,378,4581,
2017-11-24 12:54:00+05:30,378,378,377.9,377.95,3109,
2017-11-24 12:55:00+05:30,377.95,378,377.7,377.75,6320,
2017-11-24 12:56:00+05:30,377.75,378,377.55,377.8,13229,
2017-11-24 12:57:00+05:30,377.8,377.95,377.45,377.45,14435,
2017-11-24 12:58:00+05:30,377.45,377.45,377,377,16416,
2017-11-24 12:59:00+05:30,377,377.15,376.5,376.9,26265,
2017-11-24 13:00:00+05:30,376.9,376.9,376.1,376.45,24124,
2017-11-24 13:01:00+05:30,376.4,376.45,376.05,376.3,17593,
2017-11-24 13:02:00+05:30,376.3,376.3,375.5,375.5,27342,
2017-11-24 13:03:00+05:30,375.5,375.7,375.2,375.4,19013,
2017-11-24 13:04:00+05:30,375.7,376,375.5,376,26013,
2017-11-24 13:05:00+05:30,375.15,376,375.15,375.75,22526,
2017-11-24 13:06:00+05:30,375.75,376,375.5,375.85,19278,
2017-11-24 13:07:00+05:30,375.85,375.85,375.55,375.55,60123,
2017-11-24 13:08:00+05:30,375.55,375.55,374,374.45,59002,
2017-11-24 13:09:00+05:30,374.45,374.6,374,374.5,22167,
2017-11-24 13:10:00+05:30,374.5,375,374.45,374.75,23878,
2017-11-24 13:11:00+05:30,374.8,375,374.7,374.9,11195,
2017-11-24 13:12:00+05:30,374.9,376.05,374.9,375.25,23693,
2017-11-24 13:13:00+05:30,375.25,375.3,375.1,375.3,7060,
2017-11-24 13:14:00+05:30,375.3,375.3,375.1,375.1,6375,
2017-11-24 13:15:00+05:30,375.25,375.3,375.15,375.2,9857,
2017-11-24 13:16:00+05:30,375.15,375.25,375,375.2,10129,
2017-11-24 13:17:00+05:30,375.2,375.2,375,375.15,6811,
2017-11-24 13:18:00+05:30,375.15,375.15,374.95,374.95,3789,
2017-11-24 13:19:00+05:30,374.95,375,374.8,375,3487,
2017-11-24 13:20:00+05:30,375,375,374.65,375,4127,
2017-11-24 13:21:00+05:30,375,375,374.55,374.95,7168,
2017-11-24 13:22:00+05:30,375,375,374.55,374.9,6873,
2017-11-24 13:23:00+05:30,374.6,374.95,374.6,374.9,4376,
2017-11-24 13:24:00+05:30,374.9,375,374.7,374.95,10512,
2017-11-24 13:25:00+05:30,374.95,374.95,374.75,374.95,1617,
2017-11-24 13:26:00+05:30,374.75,375,374.7,375,6445,
2017-11-24 13:27:00+05:30,375,375,374.7,374.95,1858,
2017-11-24 13:28:00+05:30,374.95,374.95,374.7,374.7,2462,
2017-11-24 13:29:00+05:30,374.7,374.95,374.7,374.95,2704,
2017-11-24 13:30:00+05:30,375,375,374.75,375,10990,
2017-11-24 13:31:00+05:30,375,375,374.9,375,5401,
2017-11-24 13:32:00+05:30,375,375,374.9,375,9174,
2017-11-24 13:33:00+05:30,375,375,374.95,374.95,10080,
2017-11-24 13:34:00+05:30,375,375.5,374.8,375,9735,
2017-11-24 13:35:00+05:30,375,375,374.95,375,4730,
2017-11-24 13:36:00+05:30,375,375,374.95,375,10044,
2017-11-24 13:37:00+05:30,375,375,374.95,375,10660,
2017-11-24 13:38:00+05:30,375,375,374.95,375,6047,
2017-11-24 13:39:00+05:30,375,375,374.9,374.9,8206,
2017-11-24 13:40:00+05:30,375,375,374.85,374.95,2641,
2017-11-24 13:41:00+05:30,374.95,375,374.85,374.95,4502,
2017-11-24 13:42:00+05:30,374.95,375,374.85,374.95,2698,
2017-11-24 13:43:00+05:30,375,375,374.95,375,9425,
2017-11-24 13:44:00+05:30,375,375,374.95,374.95,13579,
2017-11-24 13:45:00+05:30,374.95,375,374.9,374.9,12247,
2017-11-24 13:46:00+05:30,374.9,375,374.9,374.9,4653,
2017-11-24 13:47:00+05:30,374.9,375,374.9,375,3857,
2017-11-24 13:48:00+05:30,375,375,374.9,374.95,3905,
2017-11-24 13:49:00+05:30,374.95,375,374.9,374.9,4467,
2017-11-24 13:50:00+05:30,374.9,374.95,374.9,374.95,6181,
2017-11-24 13:51:00+05:30,374.9,375,374.9,374.95,5945,
2017-11-24 13:52:00+05:30,374.95,374.95,374.9,374.9,3255,
2017-11-24 13:53:00+05:30,374.9,374.95,374.9,374.9,7262,
2017-11-24 13:54:00+05:30,374.9,374.95,374.9,374.9,4717,
2017-11-24 13:55:00+05:30,374.9,374.95,374.85,374.95,2525,
2017-11-24 13:56:00+05:30,374.95,374.95,373.75,373.8,18619,
2017-11-24 13:57:00+05:30,373.8,374,373.6,373.7,7390,
2017-11-24 13:58:00+05:30,373.6,373.7,373.3,373.5,17170,
2017-11-24 13:59:00+05:30,373.5,373.5,372.9,373,47644,
2017-11-24 14:00:00+05:30,372.95,373,372.85,373,13941,
2017-11-24 14:01:00+05:30,373,373,372.85,372.9,5104,
2017-11-24 14:02:00+05:30,372.9,373,372.55,372.65,9620,
2017-11-24 14:03:00+05:30,372.6,372.6,372.15,372.4,18418,
2017-11-24 14:04:00+05:30,372.4,372.4,371.6,371.9,35600,
2017-11-24 14:05:00+05:30,371.8,371.95,371.55,371.65,9791,
2017-11-24 14:06:00+05:30,371.65,371.75,370.9,370.9,52471,
2017-11-24 14:07:00+05:30,370.9,371,370.7,370.95,23853,
2017-11-24 14:08:00+05:30,370.95,371,370.1,370.5,46662,
2017-11-24 14:09:00+05:30,370.5,370.5,368.45,369.45,92511,
2017-11-24 14:10:00+05:30,369.5,369.95,369.3,369.9,35574,
2017-11-24 14:11:00+05:30,369.95,371,369.9,370.9,40973,
2017-11-24 14:12:00+05:30,370.95,372.2,370.95,371.75,36272,
2017-11-24 14:13:00+05:30,371.75,371.95,370.9,370.9,14652,
2017-11-24 14:14:00+05:30,370.9,371.05,370.85,370.95,23775,
2017-11-24 14:15:00+05:30,370.95,371,370.6,370.6,9992,
2017-11-24 14:16:00+05:30,370.6,370.7,369.8,370.1,17301,
2017-11-24 14:17:00+05:30,370.1,370.75,369.9,369.95,20594,
2017-11-24 14:18:00+05:30,369.95,370,368.35,368.8,41100,
2017-11-24 14:19:00+05:30,368.8,369,368.45,369,17168,
2017-11-24 14:20:00+05:30,369,370.6,369,370.45,19107,
2017-11-24 14:21:00+05:30,370.45,370.6,370.05,370.15,9358,
2017-11-24 14:22:00+05:30,370.05,370.45,370,370.4,5585,
2017-11-24 14:23:00+05:30,370.4,370.4,370.05,370.2,6659,
2017-11-24 14:24:00+05:30,370.2,370.9,370.05,370.9,10781,
2017-11-24 14:25:00+05:30,370.95,370.95,370.5,370.75,26992,
2017-11-24 14:26:00+05:30,370.75,370.75,370,370.25,14679,
2017-11-24 14:27:00+05:30,370.05,370.25,370,370.1,7974,
2017-11-24 14:28:00+05:30,370.1,370.25,369.55,369.55,7963,
2017-11-24 14:29:00+05:30,369.55,369.6,368.5,368.8,33031,
2017-11-24 14:30:00+05:30,368.75,369,367.95,369,54409,
2017-11-24 14:31:00+05:30,369,369,367.95,367.95,55657,
2017-11-24 14:32:00+05:30,367.95,368.9,367.95,368.4,11821,
2017-11-24 14:33:00+05:30,368.4,369.45,368.3,369.25,13461,
2017-11-24 14:34:00+05:30,369.4,370.45,369.2,370.45,26905,
2017-11-24 14:35:00+05:30,370.2,370.5,369.9,370,26514,
2017-11-24 14:36:00+05:30,370,370.45,369.3,370.25,21674,
2017-11-24 14:37:00+05:30,370.25,370.3,369.75,370.2,18905,
2017-11-24 14:38:00+05:30,370,370.3,369.45,370,21283,
2017-11-24 14:39:00+05:30,370,370.2,369.05,369.9,19917,
2017-11-24 14:40:00+05:30,369.05,369.9,369.05,369.9,15502,
2017-11-24 14:41:00+05:30,369.9,370.1,369.5,370.1,20424,
2017-11-24 14:42:00+05:30,370,370.3,369.9,370.15,33524,
2017-11-24 14:43:00+05:30,370.15,370.15,369.9,370,25429,
2017-11-24 14:44:00+05:30,370,370.3,369.75,370.3,16443,
2017-11-24 14:45:00+05:30,370,370.35,369.6,370,12528,
2017-11-24 14:46:00+05:30,370.2,370.25,369.65,370,12741,
2017-11-24 14:47:00+05:30,370,370.25,369.8,370.25,15640,
2017-11-24 14:48:00+05:30,370.2,370.3,370,370.25,13495,
2017-11-24 14:49:00+05:30,370.25,370.25,369.85,369.9,18409,
2017-11-24 14:50:00+05:30,369.85,370.15,369.7,370.15,22954,
2017-11-24 14:51:00+05:30,370.05,370.2,369.75,370.2,13201,
2017-11-24 14:52:00+05:30,370.2,370.2,369.85,370.15,13099,
2017-11-24 14:53:00+05:30,370,370.2,369.95,370,13691,
2017-11-24 14:54:00+05:30,370,370.2,369.9,370.2,16014,
2017-11-24 14:55:00+05:30,370.2,370.3,370,370.25,14888,
2017-11-24 14:56:00+05:30,370.2,370.4,370,370.4,17857,
2017-11-24 14:57:00+05:30,370.1,370.45,370,370.2,12901,
2017-11-24 14:58:00+05:30,370,370.3,370,370,13600,
2017-11-24 14:59:00+05:30,370.2,370.25,369.95,370.2,16245,
2017-11-24 15:00:00+05:30,370.05,370.2,369.95,370,19608,
2017-11-24 15:01:00+05:30,370.2,370.35,370,370.3,28534,
2017-11-24 15:02:00+05:30,370.3,370.3,369.9,370.25,15494,
2017-11-24 15:03:00+05:30,370,370.25,370,370.05,11889,
2017-11-24 15:04:00+05:30,370,370.3,369.95,370.15,14638,
2017-11-24 15:05:00+05:30,370.1,371.05,370.05,371.05,37947,
2017-11-24 15:06:00+05:30,371.05,372.05,371.05,371.65,48489,
2017-11-24 15:07:00+05:30,371.65,371.85,371,371.4,42466,
2017-11-24 15:08:00+05:30,371.4,371.5,370.45,371,17073,
2017-11-24 15:09:00+05:30,370.3,370.8,370.05,370.5,21001,
2017-11-24 15:10:00+05:30,370.5,370.5,370.05,370.5,13521,
2017-11-24 15:11:00+05:30,370.5,370.6,370,370.5,17631,
2017-11-24 15:12:00+05:30,370.05,370.7,370,370.05,24691,
2017-11-24 15:13:00+05:30,370.3,370.4,370,370.05,16195,
2017-11-24 15:14:00+05:30,370.2,370.25,370,370.2,27610,
2017-11-24 15:15:00+05:30,370,370.25,369.95,370.2,20292,
2017-11-24 15:16:00+05:30,370.05,370.2,369.8,370,24531,
2017-11-24 15:17:00+05:30,370,370.3,369.95,370.3,53261,
2017-11-24 15:18:00+05:30,370.25,370.25,369.5,370.1,23846,
2017-11-24 15:19:00+05:30,370,370.65,370,370.5,24967,
2017-11-24 15:20:00+05:30,370.5,371.1,370.5,370.9,43569,
2017-11-24 15:21:00+05:30,370.8,371.65,370.7,371.4,44462,
2017-11-24 15:22:00+05:30,371.15,371.55,371.15,371.4,19044,
2017-11-24 15:23:00+05:30,371.15,371.4,371,371,31875,
2017-11-24 15:24:00+05:30,371,371.25,370.8,371,25930,
2017-11-24 15:25:00+05:30,371,371.3,371,371.3,29350,
2017-11-24 15:26:00+05:30,371.05,371.3,371.05,371.1,30533,
2017-11-24 15:27:00+05:30,371.05,371.4,371,371.05,52317,
2017-11-24 15:28:00+05:30,371.05,371.2,370.95,371,51976,
2017-11-24 15:29:00+05:30,371.05,371.35,370.55,370.55,35110,
2017-11-27 09:15:00+05:30,371.8,374.25,371.5,374.05,39947,
2017-11-27 09:16:00+05:30,374.3,374.5,373.9,374.3,42430,
2017-11-27 09:17:00+05:30,374,374.3,372.9,373,32579,
2017-11-27 09:18:00+05:30,373,373.3,372.3,372.55,14646,
2017-11-27 09:19:00+05:30,372.55,372.75,372.15,372.3,15895,
2017-11-27 09:20:00+05:30,372.3,373,372.25,372.9,16708,
2017-11-27 09:21:00+05:30,372.9,373.9,372.6,373.65,23152,
2017-11-27 09:22:00+05:30,373.65,374.8,373.45,374.8,24496,
2017-11-27 09:23:00+05:30,374.6,376.4,374.6,376.4,70214,
2017-11-27 09:24:00+05:30,376.35,376.45,376,376.15,37160,
2017-11-27 09:25:00+05:30,376.15,376.2,375,375.05,20511,
2017-11-27 09:26:00+05:30,375.25,375.5,374.25,374.9,22009,
2017-11-27 09:27:00+05:30,374.85,374.85,373.8,374,14028,
2017-11-27 09:28:00+05:30,374,374,373.5,373.85,6646,
2017-11-27 09:29:00+05:30,373.8,373.8,373.4,373.55,13701,
2017-11-27 09:30:00+05:30,373.5,373.6,373.2,373.5,13595,
2017-11-27 09:31:00+05:30,373.4,373.5,372.25,372.25,25451,
2017-11-27 09:32:00+05:30,372.25,372.65,372.15,372.65,14247,
2017-11-27 09:33:00+05:30,372.55,373.5,372.5,372.85,24536,
2017-11-27 09:34:00+05:30,372.8,373,372.5,373,14951,
2017-11-27 09:35:00+05:30,373,373.5,372.65,373,11744,
2017-11-27 09:36:00+05:30,372.95,373,372.85,373,14395,
2017-11-27 09:37:00+05:30,373,374.3,373,374.3,16978,
2017-11-27 09:38:00+05:30,374.6,375,373.85,374.7,26350,
2017-11-27 09:39:00+05:30,374.7,374.85,374,374.3,5629,
2017-11-27 09:40:00+05:30,374.35,374.45,373.8,373.8,9814,
2017-11-27 09:41:00+05:30,373.8,374,373.45,374,5740,
2017-11-27 09:42:00+05:30,374,374,373.05,373.5,4085,
2017-11-27 09:43:00+05:30,373.5,374,373.3,373.8,4844,
2017-11-27 09:44:00+05:30,373.8,374,373.65,374,11285,
2017-11-27 09:45:00+05:30,374,374,373.65,373.95,9965,
2017-11-27 09:46:00+05:30,373.95,374,373.5,373.55,4872,
2017-11-27 09:47:00+05:30,373.9,374,373.6,373.95,5558,
2017-11-27 09:48:00+05:30,374,374,373.9,373.9,8555,
2017-11-27 09:49:00+05:30,373.9,373.9,373.15,373.15,7429,
2017-11-27 09:50:00+05:30,373.5,373.5,373,373.4,6377,
2017-11-27 09:51:00+05:30,373.2,373.45,373.15,373.4,2844,
2017-11-27 09:52:00+05:30,373.45,373.45,373.25,373.4,6622,
2017-11-27 09:53:00+05:30,373.4,373.45,373.2,373.45,5805,
2017-11-27 09:54:00+05:30,373.45,374.9,373.45,374.55,9469,
2017-11-27 09:55:00+05:30,374.75,376,374.55,375.95,43994,
2017-11-27 09:56:00+05:30,375.8,376.4,375.75,375.95,35443,
2017-11-27 09:57:00+05:30,375.85,375.95,374.35,374.35,14680,
2017-11-27 09:58:00+05:30,374.35,374.5,373.5,374.2,11399,
2017-11-27 09:59:00+05:30,374.2,374.2,373.6,373.7,11163,
2017-11-27 10:00:00+05:30,373.9,374,373.6,373.6,3802,
2017-11-27 10:01:00+05:30,373.6,373.9,373.5,373.9,6245,
2017-11-27 10:02:00+05:30,373.9,374.6,373.8,374.5,5910,
2017-11-27 10:03:00+05:30,374.5,375,374.15,375,5329,
2017-11-27 10:04:00+05:30,374.85,375.5,374.85,375.25,11820,
2017-11-27 10:05:00+05:30,375.3,375.95,375.3,375.55,17747,
2017-11-27 10:06:00+05:30,375.55,375.7,374.5,374.5,12993,
2017-11-27 10:07:00+05:30,374.6,374.95,374.1,374.35,6031,
2017-11-27 10:08:00+05:30,374.35,374.5,374.1,374.2,6575,
2017-11-27 10:09:00+05:30,374.4,374.5,374.2,374.3,3607,
2017-11-27 10:10:00+05:30,374.3,374.65,374.2,374.4,2904,
2017-11-27 10:11:00+05:30,374.3,374.4,374.25,374.4,3064,
2017-11-27 10:12:00+05:30,374.4,375.9,374.3,375.25,21004,
2017-11-27 10:13:00+05:30,375.25,375.8,375.25,375.7,9906,
2017-11-27 10:14:00+05:30,375.7,377.55,375.55,377.5,51683,
2017-11-27 10:15:00+05:30,377.75,379.15,377.25,378.6,153005,
2017-11-27 10:16:00+05:30,378.65,378.65,377.5,377.6,40399,
2017-11-27 10:17:00+05:30,377.55,377.75,377,377,23873,
2017-11-27 10:18:00+05:30,377.1,377.15,376.3,376.75,12606,
2017-11-27 10:19:00+05:30,376.6,376.9,376.2,376.7,12497,
2017-11-27 10:20:00+05:30,376.7,376.95,376.7,376.9,6970,
2017-11-27 10:21:00+05:30,376.9,377,376.85,376.85,6427,
2017-11-27 10:22:00+05:30,376.85,377,376.85,376.9,7389,
2017-11-27 10:23:00+05:30,376.85,377.5,376.85,377.5,16961,
2017-11-27 10:24:00+05:30,377.5,377.8,377.4,377.65,6843,
2017-11-27 10:25:00+05:30,377.65,378,377.6,377.85,7778,
2017-11-27 10:26:00+05:30,377.85,378.35,377.85,378.35,10978,
2017-11-27 10:27:00+05:30,378.35,378.35,377.55,377.55,9407,
2017-11-27 10:28:00+05:30,377.7,377.9,377.5,377.75,6067,
2017-11-27 10:29:00+05:30,377.75,377.8,377.35,377.55,4658,
2017-11-27 10:30:00+05:30,377.55,377.65,377.05,377.05,6186,
2017-11-27 10:31:00+05:30,377.1,377.45,377.05,377.35,5535,
2017-11-27 10:32:00+05:30,377.35,377.35,377,377.2,6127,
2017-11-27 10:33:00+05:30,377.25,377.5,377,377.5,3053,
2017-11-27 10:34:00+05:30,377.45,377.5,377.25,377.5,1476,
2017-11-27 10:35:00+05:30,377.5,377.5,376.65,377,9128,
2017-11-27 10:36:00+05:30,377,377,376.7,376.9,4396,
2017-11-27 10:37:00+05:30,376.9,376.95,376.6,376.6,2514,
2017-11-27 10:38:00+05:30,376.85,376.9,376.55,376.65,2783,
2017-11-27 10:39:00+05:30,376.65,376.9,376.5,376.8,3416,
2017-11-27 10:40:00+05:30,376.8,376.9,376.1,376.25,4938,
2017-11-27 10:41:00+05:30,376.25,376.4,375.8,375.95,18200,
2017-11-27 10:42:00+05:30,375.95,375.95,375.55,375.9,4825,
2017-11-27 10:43:00+05:30,375.9,375.9,375.6,375.85,3165,
2017-11-27 10:44:00+05:30,375.85,375.9,375.6,375.8,3206,
2017-11-27 10:45:00+05:30,375.6,375.9,375.6,375.9,5458,
2017-11-27 10:46:00+05:30,375.9,375.9,375.8,375.9,3222,
2017-11-27 10:47:00+05:30,375.9,375.9,375.6,375.9,3641,
2017-11-27 10:48:00+05:30,375.9,375.9,375.6,375.9,3314,
2017-11-27 10:49:00+05:30,375.9,375.9,375.7,375.9,3092,
2017-11-27 10:50:00+05:30,375.75,375.9,375.65,375.8,3328,
2017-11-27 10:51:00+05:30,375.8,375.9,375.75,375.9,2417,
2017-11-27 10:52:00+05:30,375.9,375.9,375.65,375.9,3101,
2017-11-27 10:53:00+05:30,375.9,375.9,375.55,375.85,3465,
2017-11-27 10:54:00+05:30,375.85,375.9,375.6,375.85,1495,
2017-11-27 10:55:00+05:30,375.85,375.9,375.65,375.8,2037,
2017-11-27 10:56:00+05:30,375.8,375.95,375.6,375.95,2802,
2017-11-27 10:57:00+05:30,375.95,376,375.65,375.7,2242,
2017-11-27 10:58:00+05:30,375.7,376,375.65,376,3558,
2017-11-27 10:59:00+05:30,376,376.9,375.95,376.9,5150,
2017-11-27 11:00:00+05:30,376.9,377,376.6,376.95,7088,
2017-11-27 11:01:00+05:30,376.95,377,376.5,376.9,1711,
2017-11-27 11:02:00+05:30,376.9,376.95,376.25,376.9,3463,
2017-11-27 11:03:00+05:30,376.9,376.9,376.65,376.9,1834,
2017-11-27 11:04:00+05:30,376.75,376.85,376.4,376.45,1256,
2017-11-27 11:05:00+05:30,376.45,376.5,376.05,376.45,2427,
2017-11-27 11:06:00+05:30,376.45,376.5,376.05,376.5,3623,
2017-11-27 11:07:00+05:30,376.5,376.5,376.05,376.1,3192,
2017-11-27 11:08:00+05:30,376.1,376.35,376,376.35,3865,
2017-11-27 11:09:00+05:30,376.35,376.35,376,376.3,2172,
2017-11-27 11:10:00+05:30,376.3,376.45,375.75,376.45,5954,
2017-11-27 11:11:00+05:30,376.25,376.6,376.25,376.6,3698,
2017-11-27 11:12:00+05:30,376.8,377,376.6,376.95,6627,
2017-11-27 11:13:00+05:30,376.8,376.9,376.4,376.85,3252,
2017-11-27 11:14:00+05:30,376.85,376.9,376.45,376.9,4001,
2017-11-27 11:15:00+05:30,376.9,376.95,376.4,376.7,3560,
2017-11-27 11:16:00+05:30,376.7,376.9,376.4,376.85,2211,
2017-11-27 11:17:00+05:30,376.85,376.85,376.55,376.85,1115,
2017-11-27 11:18:00+05:30,376.85,376.85,376.5,376.8,1365,
2017-11-27 11:19:00+05:30,376.8,376.8,376.45,376.8,1844,
2017-11-27 11:20:00+05:30,376.5,376.8,376.5,376.8,1896,
2017-11-27 11:21:00+05:30,376.8,376.9,376.55,376.55,3957,
2017-11-27 11:22:00+05:30,376.85,376.9,376.55,376.85,1364,
2017-11-27 11:23:00+05:30,376.85,376.9,376.5,376.8,1357,
2017-11-27 11:24:00+05:30,376.8,376.9,376.45,376.9,2355,
2017-11-27 11:25:00+05:30,376.9,376.9,376.4,376.6,2841,
2017-11-27 11:26:00+05:30,376.6,376.6,376.25,376.45,3535,
2017-11-27 11:27:00+05:30,376.25,376.5,376.1,376.45,1490,
2017-11-27 11:28:00+05:30,376.45,376.6,376.15,376.6,3697,
2017-11-27 11:29:00+05:30,376.4,376.55,376.2,376.55,1136,
2017-11-27 11:30:00+05:30,376.55,376.55,376.1,376.1,3209,
2017-11-27 11:31:00+05:30,376.1,376.5,376.1,376.2,2374,
2017-11-27 11:32:00+05:30,376.2,376.45,376.2,376.4,3046,
2017-11-27 11:33:00+05:30,376.4,376.55,376.15,376.35,4409,
2017-11-27 11:34:00+05:30,376.35,376.9,376.2,376.75,2323,
2017-11-27 11:35:00+05:30,376.3,376.9,376.2,376.45,2389,
2017-11-27 11:36:00+05:30,376.45,376.85,376.45,376.65,1288,
2017-11-27 11:37:00+05:30,376.65,376.85,376.45,376.8,1030,
2017-11-27 11:38:00+05:30,376.5,376.8,376.45,376.75,3280,
2017-11-27 11:39:00+05:30,376.75,376.8,376.4,376.6,2483,
2017-11-27 11:40:00+05:30,376.6,376.75,376.4,376.75,4098,
2017-11-27 11:41:00+05:30,376.75,376.8,376.55,376.55,2790,
2017-11-27 11:42:00+05:30,376.55,376.8,376.55,376.75,2014,
2017-11-27 11:43:00+05:30,376.55,376.8,376.45,376.75,1150,
2017-11-27 11:44:00+05:30,376.7,376.8,376.45,376.75,1326,
2017-11-27 11:45:00+05:30,376.5,376.75,376.4,376.75,1752,
2017-11-27 11:46:00+05:30,376.45,376.75,376.3,376.3,4818,
2017-11-27 11:47:00+05:30,376.55,376.8,376.25,376.8,2915,
2017-11-27 11:48:00+05:30,376.8,377,376.7,377,3322,
2017-11-27 11:49:00+05:30,377,377.45,376.9,377.15,6730,
2017-11-27 11:50:00+05:30,377.15,377.5,377,377.4,3204,
2017-11-27 11:51:00+05:30,377.4,377.5,377.1,377.3,8215,
2017-11-27 11:52:00+05:30,377.3,377.6,377.1,377.1,3732,
2017-11-27 11:53:00+05:30,377.1,377.65,377.05,377.65,2417,
2017-11-27 11:54:00+05:30,377.3,377.6,377.25,377.55,1665,
2017-11-27 11:55:00+05:30,377.5,377.6,377.2,377.4,2130,
2017-11-27 11:56:00+05:30,377.2,377.4,376.65,376.95,4460,
2017-11-27 11:57:00+05:30,376.95,377.05,376.8,377.05,1915,
2017-11-27 11:58:00+05:30,377.05,377.35,376.65,377.35,4000,
2017-11-27 11:59:00+05:30,377.35,377.45,377.1,377.2,1710,
2017-11-27 12:00:00+05:30,377.3,377.35,377.05,377.25,1683,
2017-11-27 12:01:00+05:30,377.25,377.3,376.95,377.25,3803,
2017-11-27 12:02:00+05:30,377.25,377.25,376.8,377,4017,
2017-11-27 12:03:00+05:30,377,377.1,376.85,377,3178,
2017-11-27 12:04:00+05:30,377,377.1,376.85,376.95,2331,
2017-11-27 12:05:00+05:30,377,377.1,376.8,377,1578,
2017-11-27 12:06:00+05:30,377,377.15,376.55,377.1,4765,
2017-11-27 12:07:00+05:30,377.15,377.5,376.8,377.4,5653,
2017-11-27 12:08:00+05:30,377.4,377.4,376.9,377.35,1411,
2017-11-27 12:09:00+05:30,377.4,377.4,376.75,377.15,3176,
2017-11-27 12:10:00+05:30,377.15,377.35,377,377.25,2540,
2017-11-27 12:11:00+05:30,377,377.3,377,377.25,2584,
2017-11-27 12:12:00+05:30,377.25,377.3,377,377.3,2497,
2017-11-27 12:13:00+05:30,377.05,377.3,376.9,376.9,3641,
2017-11-27 12:14:00+05:30,376.9,377.3,376.85,377,1413,
2017-11-27 12:15:00+05:30,376.95,377,376.75,376.75,2346,
2017-11-27 12:16:00+05:30,376.75,376.9,376.5,376.6,4253,
2017-11-27 12:17:00+05:30,376.85,377,376.6,376.85,2147,
2017-11-27 12:18:00+05:30,376.55,377,376.55,376.95,4385,
2017-11-27 12:19:00+05:30,376.95,376.95,376.5,376.85,4551,
2017-11-27 12:20:00+05:30,376.65,376.95,376.6,376.8,2785,
2017-11-27 12:21:00+05:30,376.8,376.95,376.5,376.9,4040,
2017-11-27 12:22:00+05:30,376.6,376.95,376.55,376.95,2142,
2017-11-27 12:23:00+05:30,376.95,376.95,376.55,376.6,1668,
2017-11-27 12:24:00+05:30,376.95,377,376.65,377,1632,
2017-11-27 12:25:00+05:30,376.65,376.95,376.6,376.6,1713,
2017-11-27 12:26:00+05:30,376.6,377,376.5,376.65,3163,
2017-11-27 12:27:00+05:30,376.65,376.95,376.55,376.55,2991,
2017-11-27 12:28:00+05:30,376.8,376.8,376.5,376.8,2700,
2017-11-27 12:29:00+05:30,376.55,376.9,376.55,376.85,2014,
2017-11-27 12:30:00+05:30,376.85,376.9,376.5,376.85,3387,
2017-11-27 12:31:00+05:30,376.85,377,376.55,377,9947,
2017-11-27 12:32:00+05:30,377,377,376.65,377,2538,
2017-11-27 12:33:00+05:30,377,377,376.7,377,1285,
2017-11-27 12:34:00+05:30,377,377.1,376.75,376.75,1601,
2017-11-27 12:35:00+05:30,376.75,376.95,376.7,376.95,1726,
2017-11-27 12:36:00+05:30,376.95,376.95,376.7,376.75,1048,
2017-11-27 12:37:00+05:30,376.75,376.95,376.7,376.9,975,
2017-11-27 12:38:00+05:30,376.9,376.95,376.65,376.7,5111,
2017-11-27 12:39:00+05:30,376.7,376.95,376.65,376.85,1779,
2017-11-27 12:40:00+05:30,376.85,377,376.7,376.95,1262,
2017-11-27 12:41:00+05:30,376.95,377,376.7,377,1642,
2017-11-27 12:42:00+05:30,377,377.1,376.75,377,3872,
2017-11-27 12:43:00+05:30,377,377.15,376.8,377.15,1138,
2017-11-27 12:44:00+05:30,377.1,377.35,376.85,377.35,2675,
2017-11-27 12:45:00+05:30,377.35,377.7,377.2,377.7,12879,
2017-11-27 12:46:00+05:30,377.6,377.7,377.4,377.5,2352,
2017-11-27 12:47:00+05:30,377.5,377.5,377.1,377.5,2467,
2017-11-27 12:48:00+05:30,377.5,377.5,377.15,377.4,2522,
2017-11-27 12:49:00+05:30,377.3,377.5,377,377.35,2708,
2017-11-27 12:50:00+05:30,377.35,377.35,376.75,376.95,3762,
2017-11-27 12:51:00+05:30,376.95,378,376.95,378,17627,
2017-11-27 12:52:00+05:30,378,378.8,377.7,378.5,47821,
2017-11-27 12:53:00+05:30,377.85,378.5,377.85,378.2,5826,
2017-11-27 12:54:00+05:30,378.2,378.3,377.75,378,6301,
2017-11-27 12:55:00+05:30,378,378.05,377.6,378.05,5896,
2017-11-27 12:56:00+05:30,378.2,378.2,377.85,377.9,3534,
2017-11-27 12:57:00+05:30,377.9,377.9,377.6,377.8,2198,
2017-11-27 12:58:00+05:30,377.8,377.9,377.6,377.7,2841,
2017-11-27 12:59:00+05:30,377.65,377.9,377.65,377.9,1641,
2017-11-27 13:00:00+05:30,377.65,377.9,377.65,377.9,1619,
2017-11-27 13:01:00+05:30,377.9,377.9,377.55,377.7,1931,
2017-11-27 13:02:00+05:30,377.7,377.7,377.55,377.55,1452,
2017-11-27 13:03:00+05:30,377.55,377.7,377.45,377.7,3088,
2017-11-27 13:04:00+05:30,377.7,377.7,377.45,377.65,2827,
2017-11-27 13:05:00+05:30,377.65,377.7,377.4,377.6,1754,
2017-11-27 13:06:00+05:30,377.6,377.7,377.1,377.45,3438,
2017-11-27 13:07:00+05:30,377.25,377.7,377,377.7,6374,
2017-11-27 13:08:00+05:30,377.7,377.7,377.35,377.5,1652,
2017-11-27 13:09:00+05:30,377.5,377.5,377.2,377.5,1633,
2017-11-27 13:10:00+05:30,377.05,377.5,377.05,377.4,4561,
2017-11-27 13:11:00+05:30,377.4,377.5,377.15,377.5,2461,
2017-11-27 13:12:00+05:30,377.5,377.5,377.2,377.3,2190,
2017-11-27 13:13:00+05:30,377.3,377.5,377.25,377.5,1687,
2017-11-27 13:14:00+05:30,377.5,377.5,377.25,377.4,1569,
2017-11-27 13:15:00+05:30,377.4,377.5,377.2,377.45,3194,
2017-11-27 13:16:00+05:30,377.45,377.5,377.15,377.4,1271,
2017-11-27 13:17:00+05:30,377.4,377.5,377.15,377.5,1269,
2017-11-27 13:18:00+05:30,377.2,377.5,377.15,377.45,913,
2017-11-27 13:19:00+05:30,377.45,377.5,377.3,377.45,977,
2017-11-27 13:20:00+05:30,377.45,377.5,377.2,377.35,1031,
2017-11-27 13:21:00+05:30,377.35,377.55,377.2,377.55,1297,
2017-11-27 13:22:00+05:30,377.55,377.6,377.25,377.6,1711,
2017-11-27 13:23:00+05:30,377.6,377.65,377.35,377.35,2133,
2017-11-27 13:24:00+05:30,377.35,377.65,377.35,377.55,1512,
2017-11-27 13:25:00+05:30,377.35,377.65,377.35,377.65,4610,
2017-11-27 13:26:00+05:30,377.65,377.7,377.4,377.7,1680,
2017-11-27 13:27:00+05:30,377.7,377.7,377.5,377.7,1754,
2017-11-27 13:28:00+05:30,377.7,377.7,377.45,377.45,1882,
2017-11-27 13:29:00+05:30,377.45,377.9,377.4,377.5,5514,
2017-11-27 13:30:00+05:30,377.5,377.75,377.4,377.75,2862,
2017-11-27 13:31:00+05:30,377.75,377.8,377.55,377.8,3060,
2017-11-27 13:32:00+05:30,377.8,377.8,377.55,377.75,2766,
2017-11-27 13:33:00+05:30,377.75,377.8,377.55,377.75,1363,
2017-11-27 13:34:00+05:30,377.75,377.8,377.5,377.75,1088,
2017-11-27 13:35:00+05:30,377.75,378,377.75,378,7757,
2017-11-27 13:36:00+05:30,378,378.4,377.85,378.35,8171,
2017-11-27 13:37:00+05:30,378.4,378.4,378.05,378.4,5284,
2017-11-27 13:38:00+05:30,378.4,379.9,378.2,379.9,56494,
2017-11-27 13:39:00+05:30,379.8,381.2,379.8,380.85,172768,
2017-11-27 13:40:00+05:30,380.65,381.25,380.4,380.9,62839,
2017-11-27 13:41:00+05:30,380.9,381.6,380.75,381.5,50351,
2017-11-27 13:42:00+05:30,381.55,381.85,381.5,381.6,39914,
2017-11-27 13:43:00+05:30,381.6,381.65,380.4,380.75,30521,
2017-11-27 13:44:00+05:30,380.55,380.8,380.5,380.7,9133,
2017-11-27 13:45:00+05:30,380.7,380.95,380.65,380.8,10252,
2017-11-27 13:46:00+05:30,380.6,380.8,380.1,380.15,18257,
2017-11-27 13:47:00+05:30,380.15,380.3,379.8,380,13650,
2017-11-27 13:48:00+05:30,380,380.15,379.75,379.8,18091,
2017-11-27 13:49:00+05:30,379.8,380.1,379.6,380,11397,
2017-11-27 13:50:00+05:30,380,380.3,380,380.15,4921,
2017-11-27 13:51:00+05:30,380.1,380.3,379.95,379.95,3101,
2017-11-27 13:52:00+05:30,379.95,379.95,379.7,379.85,4526,
2017-11-27 13:53:00+05:30,379.85,379.85,379.5,379.8,6178,
2017-11-27 13:54:00+05:30,379.8,379.8,379.55,379.6,1902,
2017-11-27 13:55:00+05:30,379.55,379.85,379.45,379.6,5558,
2017-11-27 13:56:00+05:30,379.6,379.9,379.6,379.7,1977,
2017-11-27 13:57:00+05:30,379.7,379.95,379.6,379.65,4793,
2017-11-27 13:58:00+05:30,379.65,379.8,379.5,379.65,5788,
2017-11-27 13:59:00+05:30,379.65,379.7,379.5,379.65,2641,
2017-11-27 14:00:00+05:30,379.65,379.65,379.2,379.2,4374,
2017-11-27 14:01:00+05:30,379.2,379.4,379.1,379.15,4059,
2017-11-27 14:02:00+05:30,379.3,379.3,379.1,379.2,5234,
2017-11-27 14:03:00+05:30,379.25,379.3,379.05,379.3,4548,
2017-11-27 14:04:00+05:30,379.2,379.45,379,379.25,6179,
2017-11-27 14:05:00+05:30,379.25,379.25,378.7,378.9,6091,
2017-11-27 14:06:00+05:30,378.7,378.8,378.6,378.8,3765,
2017-11-27 14:07:00+05:30,378.8,378.8,378.45,378.75,5711,
2017-11-27 14:08:00+05:30,378.8,378.8,378.5,378.8,2711,
2017-11-27 14:09:00+05:30,378.7,379.2,378.7,379.2,3048,
2017-11-27 14:10:00+05:30,379.2,379.2,378.95,378.95,2846,
2017-11-27 14:11:00+05:30,378.95,378.95,378.7,378.75,2338,
2017-11-27 14:12:00+05:30,378.75,378.9,378.45,378.5,3643,
2017-11-27 14:13:00+05:30,378.65,378.8,378.5,378.8,1666,
2017-11-27 14:14:00+05:30,378.8,378.85,378.55,378.85,2542,
2017-11-27 14:15:00+05:30,378.65,378.95,378.5,378.8,4096,
2017-11-27 14:16:00+05:30,378.8,379,378.65,378.95,3413,
2017-11-27 14:17:00+05:30,378.95,379.4,378.7,379.2,4782,
2017-11-27 14:18:00+05:30,379.2,379.4,379,379.3,2431,
2017-11-27 14:19:00+05:30,379.3,379.5,378.95,379.5,2882,
2017-11-27 14:20:00+05:30,379.5,379.95,379.5,379.75,4743,
2017-11-27 14:21:00+05:30,379.85,379.95,379.65,379.7,3694,
2017-11-27 14:22:00+05:30,379.7,379.8,379.3,379.8,5862,
2017-11-27 14:23:00+05:30,379.8,380.3,379.7,380,15586,
2017-11-27 14:24:00+05:30,380,380,379.6,379.9,6901,
2017-11-27 14:25:00+05:30,379.9,379.95,379.75,379.95,1835,
2017-11-27 14:26:00+05:30,379.95,379.95,379.4,379.8,6604,
2017-11-27 14:27:00+05:30,379.55,379.55,379.4,379.4,3055,
2017-11-27 14:28:00+05:30,379.45,379.45,378.95,379,5628,
2017-11-27 14:29:00+05:30,378.95,379.3,378.95,379.2,3117,
2017-11-27 14:30:00+05:30,379.05,379.8,379.05,379.35,2856,
2017-11-27 14:31:00+05:30,379.35,379.5,379.2,379.45,2965,
2017-11-27 14:32:00+05:30,379.45,379.45,379.1,379.1,2960,
2017-11-27 14:33:00+05:30,379.1,379.4,379,379.4,2320,
2017-11-27 14:34:00+05:30,379.35,380.15,379.25,380.05,11810,
2017-11-27 14:35:00+05:30,380.3,380.8,380.15,380.7,11391,
2017-11-27 14:36:00+05:30,380.55,380.8,380.55,380.8,8561,
2017-11-27 14:37:00+05:30,380.8,382.5,380.75,382.25,60605,
2017-11-27 14:38:00+05:30,382.5,384.5,382.35,384,177450,
2017-11-27 14:39:00+05:30,383.8,383.95,382.4,382.8,54496,
2017-11-27 14:40:00+05:30,382.9,383.3,382.5,383.15,23948,
2017-11-27 14:41:00+05:30,383.1,384.25,383.1,383.9,28588,
2017-11-27 14:42:00+05:30,383.9,384.35,382.85,382.85,24165,
2017-11-27 14:43:00+05:30,382.85,382.9,382,382.5,16512,
2017-11-27 14:44:00+05:30,382.5,382.7,382.2,382.3,9057,
2017-11-27 14:45:00+05:30,382.4,382.45,381.5,381.55,10506,
2017-11-27 14:46:00+05:30,381.55,381.75,381.25,381.5,21339,
2017-11-27 14:47:00+05:30,381.75,381.75,381.1,381.2,13381,
2017-11-27 14:48:00+05:30,381.2,381.65,380.55,381.35,22536,
2017-11-27 14:49:00+05:30,381.45,381.55,381.05,381.05,13535,
2017-11-27 14:50:00+05:30,381.05,381.1,380.2,380.45,22972,
2017-11-27 14:51:00+05:30,380.5,381,380.5,380.95,11010,
2017-11-27 14:52:00+05:30,380.95,380.95,380.1,380.7,20146,
2017-11-27 14:53:00+05:30,380.9,380.95,380.1,380.2,13295,
2017-11-27 14:54:00+05:30,380.5,380.6,380.05,380.35,12820,
2017-11-27 14:55:00+05:30,380.1,380.45,379.75,379.75,18889,
2017-11-27 14:56:00+05:30,379.75,379.85,379.6,379.75,5050,
2017-11-27 14:57:00+05:30,379.75,380.25,379.6,380.25,28201,
2017-11-27 14:58:00+05:30,380.1,380.25,379.95,380.05,12093,
2017-11-27 14:59:00+05:30,380.05,380.85,380.05,380.65,14205,
2017-11-27 15:00:00+05:30,380.6,380.9,380.3,380.55,10233,
2017-11-27 15:01:00+05:30,380.3,380.95,380.05,380.9,16476,
2017-11-27 15:02:00+05:30,380.5,380.7,380.15,380.6,21139,
2017-11-27 15:03:00+05:30,380.6,380.6,380.1,380.4,7028,
2017-11-27 15:04:00+05:30,380.4,380.45,379.75,380.3,18397,
2017-11-27 15:05:00+05:30,380.35,380.45,379.75,380,8498,
2017-11-27 15:06:00+05:30,379.8,380,379.8,379.95,9984,
2017-11-27 15:07:00+05:30,379.9,379.95,379.35,379.5,9500,
2017-11-27 15:08:00+05:30,379.75,379.75,379.3,379.45,7628,
2017-11-27 15:09:00+05:30,379.45,379.7,379.4,379.5,8739,
2017-11-27 15:10:00+05:30,379.55,379.75,379.4,379.55,12054,
2017-11-27 15:11:00+05:30,379.95,380,379.5,379.85,7199,
2017-11-27 15:12:00+05:30,379.85,380,379.7,380,17904,
2017-11-27 15:13:00+05:30,380,380.25,379.9,379.95,11943,
2017-11-27 15:14:00+05:30,380,380.25,379.85,380.25,25852,
2017-11-27 15:15:00+05:30,380,380.25,379.8,379.8,23195,
2017-11-27 15:16:00+05:30,380,380.2,379.7,380,11689,
2017-11-27 15:17:00+05:30,380,380,379.75,380,9845,
2017-11-27 15:18:00+05:30,380,380.05,379.9,380,18888,
2017-11-27 15:19:00+05:30,380.05,380.5,380,380.5,17600,
2017-11-27 15:20:00+05:30,380.45,380.5,380.05,380.1,10798,
2017-11-27 15:21:00+05:30,380.05,380.4,380.05,380.35,21086,
2017-11-27 15:22:00+05:30,380,380.35,380,380.35,18137,
2017-11-27 15:23:00+05:30,380.4,380.45,380.1,380.25,15892,
2017-11-27 15:24:00+05:30,380.45,380.7,380.2,380.45,34987,
2017-11-27 15:25:00+05:30,380.45,380.55,380.15,380.55,23184,
2017-11-27 15:26:00+05:30,380.65,380.85,380.5,380.7,20847,
2017-11-27 15:27:00+05:30,380.65,381,380.6,380.9,26573,
2017-11-27 15:28:00+05:30,381,381.25,380.9,381,51335,
2017-11-27 15:29:00+05:30,381,381.25,381,381,47081,
2017-11-28 09:15:00+05:30,383,383.35,382,382.3,35766,
2017-11-28 09:16:00+05:30,382.55,383.25,382.55,382.7,24447,
2017-11-28 09:17:00+05:30,382.6,383.25,381.8,381.95,37317,
2017-11-28 09:18:00+05:30,381.8,381.8,381.1,381.4,23098,
2017-11-28 09:19:00+05:30,381.45,382.8,381.45,382.7,20474,
2017-11-28 09:20:00+05:30,382.7,382.8,381.8,381.95,15059,
2017-11-28 09:21:00+05:30,382,382,381.3,381.6,9544,
2017-11-28 09:22:00+05:30,381.75,382.55,381.75,382.1,15336,
2017-11-28 09:23:00+05:30,382.4,382.85,382.35,382.75,18102,
2017-11-28 09:24:00+05:30,382.7,382.7,382,382.05,9933,
2017-11-28 09:25:00+05:30,382.25,382.35,381.8,381.8,11089,
2017-11-28 09:26:00+05:30,381.95,382,381.5,381.55,7136,
2017-11-28 09:27:00+05:30,381.5,381.55,381.25,381.25,4942,
2017-11-28 09:28:00+05:30,381.35,381.65,381.25,381.4,7628,
2017-11-28 09:29:00+05:30,381.4,381.6,381.15,381.15,4207,
2017-11-28 09:30:00+05:30,381.35,381.45,381.25,381.3,3438,
2017-11-28 09:31:00+05:30,381.35,381.45,381.1,381.1,7977,
2017-11-28 09:32:00+05:30,381.4,381.45,381.15,381.3,3083,
2017-11-28 09:33:00+05:30,381.45,381.45,381.05,381.25,14592,
2017-11-28 09:34:00+05:30,381.25,381.5,381.25,381.5,8579,
2017-11-28 09:35:00+05:30,381.5,381.55,381,381.15,9827,
2017-11-28 09:36:00+05:30,381.3,381.45,381,381.15,15401,
2017-11-28 09:37:00+05:30,381.05,381.3,381,381.05,5207,
2017-11-28 09:38:00+05:30,381,381,380.05,380.05,15023,
2017-11-28 09:39:00+05:30,380.05,380.5,380.05,380.25,7533,
2017-11-28 09:40:00+05:30,380.2,380.2,380,380.05,16926,
2017-11-28 09:41:00+05:30,380.05,380.15,379.45,379.6,10782,
2017-11-28 09:42:00+05:30,379.6,379.6,379,379,15382,
2017-11-28 09:43:00+05:30,379,379.2,378.6,378.9,11266,
2017-11-28 09:44:00+05:30,378.95,379,378.8,378.9,8504,
2017-11-28 09:45:00+05:30,378.9,379.35,378.9,379.35,8703,
2017-11-28 09:46:00+05:30,379.35,379.75,379.3,379.7,3649,
2017-11-28 09:47:00+05:30,379.7,380,379.55,379.85,4104,
2017-11-28 09:48:00+05:30,379.85,379.95,379.55,379.55,7315,
2017-11-28 09:49:00+05:30,379.55,379.85,378.35,378.5,9420,
2017-11-28 09:50:00+05:30,378.45,378.85,378.45,378.85,5639,
2017-11-28 09:51:00+05:30,378.9,378.9,378.55,378.55,3551,
2017-11-28 09:52:00+05:30,378.55,378.8,378.4,378.75,6870,
2017-11-28 09:53:00+05:30,378.6,379,378.55,378.6,2357,
2017-11-28 09:54:00+05:30,378.6,378.9,378.5,378.7,1820,
2017-11-28 09:55:00+05:30,378.8,378.95,378.6,378.75,2110,
2017-11-28 09:56:00+05:30,378.75,378.95,378.6,378.9,2628,
2017-11-28 09:57:00+05:30,378.9,379,378.85,378.95,2290,
2017-11-28 09:58:00+05:30,378.9,378.95,378.6,378.9,3588,
2017-11-28 09:59:00+05:30,378.9,378.9,378.6,378.6,711,
2017-11-28 10:00:00+05:30,378.6,378.8,378.25,378.45,8459,
2017-11-28 10:01:00+05:30,378.45,378.45,378.1,378.1,6194,
2017-11-28 10:02:00+05:30,378.1,378.35,378.1,378.2,13481,
2017-11-28 10:03:00+05:30,378.25,378.45,378.15,378.3,3338,
2017-11-28 10:04:00+05:30,378.3,378.9,378.3,378.9,12527,
2017-11-28 10:05:00+05:30,378.9,380,378.9,380,15941,
2017-11-28 10:06:00+05:30,379.85,381.45,379.85,381.45,23823,
2017-11-28 10:07:00+05:30,381.45,381.8,381.25,381.7,13441,
2017-11-28 10:08:00+05:30,381.9,381.9,380.95,381.5,14421,
2017-11-28 10:09:00+05:30,381.6,382.7,381.6,382.7,20158,
2017-11-28 10:10:00+05:30,382.5,383.7,382.5,383.65,38631,
2017-11-28 10:11:00+05:30,383.7,383.75,382.8,383.05,43518,
2017-11-28 10:12:00+05:30,383.05,383.15,382.5,382.5,7482,
2017-11-28 10:13:00+05:30,382.5,382.6,382.05,382.3,7636,
2017-11-28 10:14:00+05:30,382.3,382.5,381.8,381.9,7686,
2017-11-28 10:15:00+05:30,381.9,382,381.9,382,5642,
2017-11-28 10:16:00+05:30,381.9,382,381.75,381.85,3666,
2017-11-28 10:17:00+05:30,381.9,381.9,381.7,381.7,2926,
2017-11-28 10:18:00+05:30,381.7,381.85,381.7,381.75,3538,
2017-11-28 10:19:00+05:30,381.75,381.85,381.7,381.75,2176,
2017-11-28 10:20:00+05:30,381.85,381.9,381.65,381.75,1991,
2017-11-28 10:21:00+05:30,381.75,382.3,381.65,382.3,17334,
2017-11-28 10:22:00+05:30,382.3,383.4,382.3,383.35,13312,
2017-11-28 10:23:00+05:30,383,383.6,383,383.3,11279,
2017-11-28 10:24:00+05:30,383.3,383.5,382.95,382.95,4105,
2017-11-28 10:25:00+05:30,382.95,383,382.6,383,7541,
2017-11-28 10:26:00+05:30,383,383,382.1,382.85,4348,
2017-11-28 10:27:00+05:30,382.85,382.85,382.5,382.75,1034,
2017-11-28 10:28:00+05:30,382.75,382.75,382.35,382.45,2818,
2017-11-28 10:29:00+05:30,382.45,382.7,382.1,382.1,5059,
2017-11-28 10:30:00+05:30,382.15,382.3,381.95,382.05,7038,
2017-11-28 10:31:00+05:30,382.05,382.3,382.05,382.1,1008,
2017-11-28 10:32:00+05:30,382.1,382.2,381.75,381.8,2566,
2017-11-28 10:33:00+05:30,381.85,382.3,381.8,382.2,2212,
2017-11-28 10:34:00+05:30,382.2,382.45,382.2,382.2,2785,
2017-11-28 10:35:00+05:30,382.2,382.45,382.2,382.2,745,
2017-11-28 10:36:00+05:30,382.2,382.7,382,382.45,2454,
2017-11-28 10:37:00+05:30,382.1,382.45,382.05,382.05,1535,
2017-11-28 10:38:00+05:30,382.05,382.5,382.05,382.2,961,
2017-11-28 10:39:00+05:30,382.2,382.45,382.05,382.3,1802,
2017-11-28 10:40:00+05:30,382.05,382.1,381.85,381.85,3606,
2017-11-28 10:41:00+05:30,381.85,382.3,381.85,381.95,1936,
2017-11-28 10:42:00+05:30,381.95,382.25,381.9,382,1303,
2017-11-28 10:43:00+05:30,382,382.3,381.9,382,2378,
2017-11-28 10:44:00+05:30,382,382.1,381.85,381.9,3315,
2017-11-28 10:45:00+05:30,381.9,382,381.9,381.95,1994,
2017-11-28 10:46:00+05:30,381.95,382,381.8,381.8,1583,
2017-11-28 10:47:00+05:30,381.8,382,381.8,381.9,601,
2017-11-28 10:48:00+05:30,381.9,382,381.8,381.8,3063,
2017-11-28 10:49:00+05:30,381.8,382,381.8,381.8,3623,
2017-11-28 10:50:00+05:30,381.8,382,381.75,381.75,930,
2017-11-28 10:51:00+05:30,381.75,382,381.75,382,792,
2017-11-28 10:52:00+05:30,382,382,381.75,382,1453,
2017-11-28 10:53:00+05:30,381.8,382,381.75,381.95,1697,
2017-11-28 10:54:00+05:30,381.95,382,381.75,381.75,1108,
2017-11-28 10:55:00+05:30,381.75,381.9,381.75,381.9,1311,
2017-11-28 10:56:00+05:30,381.9,381.9,381.75,381.9,1865,
2017-11-28 10:57:00+05:30,381.9,381.9,381.65,381.65,1574,
2017-11-28 10:58:00+05:30,381.65,381.95,381.65,381.75,3566,
2017-11-28 10:59:00+05:30,381.9,381.9,381.6,381.65,1376,
2017-11-28 11:00:00+05:30,381.65,381.85,381.6,381.6,1640,
2017-11-28 11:01:00+05:30,381.85,381.95,381.65,381.65,1239,
2017-11-28 11:02:00+05:30,381.65,382,381.65,381.8,3816,
2017-11-28 11:03:00+05:30,381.8,381.9,381.6,381.9,1168,
2017-11-28 11:04:00+05:30,381.9,381.9,381.55,381.6,1376,
2017-11-28 11:05:00+05:30,381.8,381.8,381.5,381.5,2142,
2017-11-28 11:06:00+05:30,381.5,381.6,381.35,381.35,1560,
2017-11-28 11:07:00+05:30,381.6,381.8,381.45,381.8,1259,
2017-11-28 11:08:00+05:30,381.8,381.8,381.55,381.7,1377,
2017-11-28 11:09:00+05:30,381.85,381.85,381.2,381.45,2250,
2017-11-28 11:10:00+05:30,381.45,381.45,381.2,381.35,968,
2017-11-28 11:11:00+05:30,381.35,381.4,381.2,381.4,394,
2017-11-28 11:12:00+05:30,381.4,381.45,381.15,381.45,3573,
2017-11-28 11:13:00+05:30,381.2,381.45,381.2,381.25,399,
2017-11-28 11:14:00+05:30,381.25,381.3,381.2,381.25,893,
2017-11-28 11:15:00+05:30,381.25,381.4,381.15,381.3,2407,
2017-11-28 11:16:00+05:30,381.35,381.45,381.2,381.25,2570,
2017-11-28 11:17:00+05:30,381.25,381.5,381.25,381.5,2092,
2017-11-28 11:18:00+05:30,381.4,381.5,380.85,381.3,7781,
2017-11-28 11:19:00+05:30,381.25,381.4,381.15,381.15,3028,
2017-11-28 11:20:00+05:30,381.15,381.35,381,381,2629,
2017-11-28 11:21:00+05:30,381,381.25,381,381.05,1693,
2017-11-28 11:22:00+05:30,381.25,381.3,381,381.2,1157,
2017-11-28 11:23:00+05:30,381.2,381.2,381,381,1477,
2017-11-28 11:24:00+05:30,381,381.2,381,381.2,4429,
2017-11-28 11:25:00+05:30,381.05,381.4,381,381.05,5294,
2017-11-28 11:26:00+05:30,381,381.05,380.8,380.8,4583,
2017-11-28 11:27:00+05:30,380.9,380.95,380.5,380.75,3445,
2017-11-28 11:28:00+05:30,380.75,380.75,380.5,380.5,1985,
2017-11-28 11:29:00+05:30,380.6,380.75,380.5,380.55,3974,
2017-11-28 11:30:00+05:30,380.5,380.8,380.15,380.8,5485,
2017-11-28 11:31:00+05:30,380.8,381.35,380.7,381.35,6028,
2017-11-28 11:32:00+05:30,381.35,381.45,381,381.05,1831,
2017-11-28 11:33:00+05:30,381.05,381.7,381.05,381.25,3964,
2017-11-28 11:34:00+05:30,381.65,381.7,381.15,381.65,2700,
2017-11-28 11:35:00+05:30,381.4,381.9,381.3,381.9,2107,
2017-11-28 11:36:00+05:30,381.9,381.9,381.3,381.35,883,
2017-11-28 11:37:00+05:30,381.35,381.9,381.35,381.9,1667,
2017-11-28 11:38:00+05:30,381.9,381.9,381.1,381.1,2134,
2017-11-28 11:39:00+05:30,381.1,381.9,381.1,381.4,1045,
2017-11-28 11:40:00+05:30,381.2,381.8,381.2,381.5,831,
2017-11-28 11:41:00+05:30,381.5,381.75,381.25,381.4,518,
2017-11-28 11:42:00+05:30,381.4,381.7,381.25,381.4,2353,
2017-11-28 11:43:00+05:30,381.4,381.4,381.15,381.2,3159,
2017-11-28 11:44:00+05:30,381.2,381.5,381.1,381.2,1526,
2017-11-28 11:45:00+05:30,381.2,381.5,381.1,381.5,1117,
2017-11-28 11:46:00+05:30,381.5,381.75,381.25,381.75,953,
2017-11-28 11:47:00+05:30,381.75,381.75,381.5,381.6,932,
2017-11-28 11:48:00+05:30,381.6,381.75,381.2,381.6,971,
2017-11-28 11:49:00+05:30,381.6,381.85,381.2,381.85,3156,
2017-11-28 11:50:00+05:30,381.85,382,381.85,381.85,6293,
2017-11-28 11:51:00+05:30,381.9,382.5,381.3,382.4,6062,
2017-11-28 11:52:00+05:30,382.5,382.7,382.35,382.7,4712,
2017-11-28 11:53:00+05:30,382.6,382.75,382.3,382.5,3269,
2017-11-28 11:54:00+05:30,382.65,382.7,382.4,382.4,1164,
2017-11-28 11:55:00+05:30,382.4,382.7,382.35,382.35,1664,
2017-11-28 11:56:00+05:30,382.35,382.6,382.25,382.25,1738,
2017-11-28 11:57:00+05:30,382.35,382.65,382.3,382.5,923,
2017-11-28 11:58:00+05:30,382.5,382.5,382,382.2,3183,
2017-11-28 11:59:00+05:30,382.2,382.35,382,382,1489,
2017-11-28 12:00:00+05:30,382,382.4,381.95,381.95,925,
2017-11-28 12:01:00+05:30,381.95,382.35,381.95,382,1396,
2017-11-28 12:02:00+05:30,382,382.25,381.95,382.2,1135,
2017-11-28 12:03:00+05:30,382.2,382.45,382,382.45,2189,
2017-11-28 12:04:00+05:30,382.45,382.5,382.05,382.1,1414,
2017-11-28 12:05:00+05:30,382.1,382.4,381.85,381.85,2530,
2017-11-28 12:06:00+05:30,381.85,381.95,381.7,381.7,185,
2017-11-28 12:07:00+05:30,381.95,381.95,381.1,381.4,1329,
2017-11-28 12:08:00+05:30,381.4,381.85,381.1,381.4,2424,
2017-11-28 12:09:00+05:30,381.4,381.95,381.35,381.7,1167,
2017-11-28 12:10:00+05:30,381.7,381.9,381.7,381.9,376,
2017-11-28 12:11:00+05:30,381.9,381.95,381.5,381.8,1961,
2017-11-28 12:12:00+05:30,381.8,381.85,381.5,381.7,865,
2017-11-28 12:13:00+05:30,381.85,381.85,381.5,381.8,1464,
2017-11-28 12:14:00+05:30,381.8,381.8,381.55,381.8,919,
2017-11-28 12:15:00+05:30,381.8,381.8,381.5,381.6,910,
2017-11-28 12:16:00+05:30,381.7,381.85,381.5,381.5,2582,
2017-11-28 12:17:00+05:30,381.75,381.8,381.5,381.5,2096,
2017-11-28 12:18:00+05:30,381.5,381.85,381.5,381.6,590,
2017-11-28 12:19:00+05:30,381.6,381.9,381.5,381.75,2724,
2017-11-28 12:20:00+05:30,381.75,381.85,381.5,381.5,1984,
2017-11-28 12:21:00+05:30,381.5,381.85,381.45,381.7,1696,
2017-11-28 12:22:00+05:30,381.7,381.7,381.55,381.6,410,
2017-11-28 12:23:00+05:30,381.9,382,381.6,381.9,3552,
2017-11-28 12:24:00+05:30,381.85,381.9,381.55,381.55,585,
2017-11-28 12:25:00+05:30,381.55,382,381.55,381.65,2706,
2017-11-28 12:26:00+05:30,381.65,381.95,381.5,381.6,656,
2017-11-28 12:27:00+05:30,381.6,381.6,381.5,381.6,306,
2017-11-28 12:28:00+05:30,381.6,381.6,381.5,381.5,375,
2017-11-28 12:29:00+05:30,381.5,381.6,381.4,381.5,672,
2017-11-28 12:30:00+05:30,381.35,381.6,381.25,381.25,1927,
2017-11-28 12:31:00+05:30,381.45,381.5,381.05,381.05,3645,
2017-11-28 12:32:00+05:30,381.4,381.5,381.05,381.45,1868,
2017-11-28 12:33:00+05:30,381.15,381.15,381.05,381.15,719,
2017-11-28 12:34:00+05:30,381.15,381.8,381,381.8,2568,
2017-11-28 12:35:00+05:30,381.8,382,381.5,381.55,2538,
2017-11-28 12:36:00+05:30,381.55,381.65,381.2,381.5,1714,
2017-11-28 12:37:00+05:30,381.5,381.85,381.5,381.5,2286,
2017-11-28 12:38:00+05:30,381.5,381.8,381.5,381.65,988,
2017-11-28 12:39:00+05:30,381.65,381.7,381.25,381.25,1545,
2017-11-28 12:40:00+05:30,381.25,381.6,381.2,381.55,994,
2017-11-28 12:41:00+05:30,381.55,381.65,381.5,381.5,507,
2017-11-28 12:42:00+05:30,381.5,381.65,381.5,381.65,1148,
2017-11-28 12:43:00+05:30,381.65,381.65,381.25,381.65,2713,
2017-11-28 12:44:00+05:30,381.65,381.8,381.5,381.6,3374,
2017-11-28 12:45:00+05:30,381.7,381.75,381.3,381.5,444,
2017-11-28 12:46:00+05:30,381.5,381.7,381,381.1,3490,
2017-11-28 12:47:00+05:30,381.1,381.3,381.1,381.2,418,
2017-11-28 12:48:00+05:30,381.2,381.3,381.2,381.3,593,
2017-11-28 12:49:00+05:30,381.3,381.5,381.2,381.5,1130,
2017-11-28 12:50:00+05:30,381.5,381.6,381.1,381.1,955,
2017-11-28 12:51:00+05:30,381.1,381.6,381.1,381.6,430,
2017-11-28 12:52:00+05:30,381.6,381.6,381.15,381.6,573,
2017-11-28 12:53:00+05:30,381.25,381.7,381.25,381.7,719,
2017-11-28 12:54:00+05:30,381.6,381.65,381.3,381.5,1047,
2017-11-28 12:55:00+05:30,381.35,381.6,381.3,381.3,1081,
2017-11-28 12:56:00+05:30,381.3,381.7,381.3,381.6,1532,
2017-11-28 12:57:00+05:30,381.6,381.6,381.25,381.25,673,
2017-11-28 12:58:00+05:30,381.55,381.9,381.2,381.75,2535,
2017-11-28 12:59:00+05:30,381.75,381.75,381.25,381.3,746,
2017-11-28 13:00:00+05:30,381.3,381.7,381.3,381.45,714,
2017-11-28 13:01:00+05:30,381.45,381.55,381.3,381.55,1796,
2017-11-28 13:02:00+05:30,381.5,381.75,380.95,380.95,11828,
2017-11-28 13:03:00+05:30,380.95,381.55,380.95,381.45,4528,
2017-11-28 13:04:00+05:30,381.45,381.7,381,381.7,1348,
2017-11-28 13:05:00+05:30,381.7,381.8,381.25,381.6,2324,
2017-11-28 13:06:00+05:30,381.6,381.6,381.25,381.3,281,
2017-11-28 13:07:00+05:30,381.3,381.55,381.25,381.25,396,
2017-11-28 13:08:00+05:30,381.5,381.5,381.1,381.4,1298,
2017-11-28 13:09:00+05:30,381.4,381.4,381.15,381.15,790,
2017-11-28 13:10:00+05:30,381.15,381.45,381.1,381.15,1204,
2017-11-28 13:11:00+05:30,381.15,381.3,381.05,381.25,1138,
2017-11-28 13:12:00+05:30,381.25,381.4,381.15,381.4,792,
2017-11-28 13:13:00+05:30,381.3,381.4,381.1,381.1,255,
2017-11-28 13:14:00+05:30,381.1,381.45,381.1,381.2,887,
2017-11-28 13:15:00+05:30,381.2,381.45,381.15,381.45,570,
2017-11-28 13:16:00+05:30,381.45,381.5,381.2,381.25,2450,
2017-11-28 13:17:00+05:30,381.5,381.6,381.2,381.5,1702,
2017-11-28 13:18:00+05:30,381.5,381.7,381.5,381.55,493,
2017-11-28 13:19:00+05:30,381.55,381.9,381.5,381.5,994,
2017-11-28 13:20:00+05:30,381.5,381.7,381.45,381.45,960,
2017-11-28 13:21:00+05:30,381.45,381.65,381.45,381.5,677,
2017-11-28 13:22:00+05:30,381.5,381.85,381.5,381.5,2163,
2017-11-28 13:23:00+05:30,381.5,381.9,381.45,381.85,1457,
2017-11-28 13:24:00+05:30,381.7,381.7,381.7,381.7,221,
2017-11-28 13:25:00+05:30,381.85,381.95,381.5,381.5,2489,
2017-11-28 13:26:00+05:30,381.5,381.9,381.5,381.55,831,
2017-11-28 13:27:00+05:30,381.55,381.95,381.55,381.55,673,
2017-11-28 13:28:00+05:30,381.55,381.9,381.55,381.7,150,
2017-11-28 13:29:00+05:30,381.7,381.9,381.65,381.9,711,
2017-11-28 13:30:00+05:30,381.75,382.8,381.75,382.7,11405,
2017-11-28 13:31:00+05:30,382.7,382.8,382,382.5,7844,
2017-11-28 13:32:00+05:30,382,382.75,382,382.4,7145,
2017-11-28 13:33:00+05:30,381.9,382.55,381.9,382.2,4962,
2017-11-28 13:34:00+05:30,382.2,382.45,382.15,382.4,1451,
2017-11-28 13:35:00+05:30,382.4,382.4,382.2,382.35,417,
2017-11-28 13:36:00+05:30,382.35,382.35,382.05,382.05,423,
2017-11-28 13:37:00+05:30,382.05,382.2,381.75,382.2,2363,
2017-11-28 13:38:00+05:30,382.2,382.2,381.7,381.95,1682,
2017-11-28 13:39:00+05:30,381.95,381.95,381.7,381.8,333,
2017-11-28 13:40:00+05:30,381.8,381.9,381.65,381.8,1365,
2017-11-28 13:41:00+05:30,381.9,382.25,381.8,381.95,2685,
2017-11-28 13:42:00+05:30,381.95,382.3,381.75,382.2,2315,
2017-11-28 13:43:00+05:30,382.2,382.3,381.95,381.95,1804,
2017-11-28 13:44:00+05:30,381.95,382,381.7,381.95,458,
2017-11-28 13:45:00+05:30,382,382.3,381.7,382.3,2785,
2017-11-28 13:46:00+05:30,381.95,382.65,381.95,382.45,5810,
2017-11-28 13:47:00+05:30,382.45,382.45,381.8,381.9,1631,
2017-11-28 13:48:00+05:30,381.9,382.3,381.85,382,773,
2017-11-28 13:49:00+05:30,382,382.6,382,382.6,3080,
2017-11-28 13:50:00+05:30,382.6,386,382.6,384.45,289914,
2017-11-28 13:51:00+05:30,384.45,384.8,383.65,383.8,35562,
2017-11-28 13:52:00+05:30,383.8,383.9,383,383.4,16869,
2017-11-28 13:53:00+05:30,383.4,383.75,382.6,382.75,10174,
2017-11-28 13:54:00+05:30,382.6,383,382.4,382.45,12283,
2017-11-28 13:55:00+05:30,382.4,382.45,381.9,382.2,20616,
2017-11-28 13:56:00+05:30,382.2,382.6,381.6,381.95,12011,
2017-11-28 13:57:00+05:30,381.95,382.1,381.9,382,10263,
2017-11-28 13:58:00+05:30,382,382,381.5,381.7,14067,
2017-11-28 13:59:00+05:30,381.5,381.7,381.3,381.6,10928,
2017-11-28 14:00:00+05:30,381.6,381.85,381.5,381.85,7787,
2017-11-28 14:01:00+05:30,381.8,381.85,381.5,381.65,3580,
2017-11-28 14:02:00+05:30,381.65,381.65,381.25,381.4,5874,
2017-11-28 14:03:00+05:30,381.4,381.5,381.25,381.3,5600,
2017-11-28 14:04:00+05:30,381.3,381.35,380.9,381,29820,
2017-11-28 14:05:00+05:30,381,381.45,380.55,380.9,23336,
2017-11-28 14:06:00+05:30,380.9,381,380.65,380.85,5546,
2017-11-28 14:07:00+05:30,381,381,380.45,380.65,12709,
2017-11-28 14:08:00+05:30,380.7,380.7,380,380.55,68040,
2017-11-28 14:09:00+05:30,380.55,381,380.55,380.75,6868,
2017-11-28 14:10:00+05:30,380.75,381.45,380.7,381.45,5845,
2017-11-28 14:11:00+05:30,381.45,381.7,381.2,381.2,6190,
2017-11-28 14:12:00+05:30,381.45,381.6,381.2,381.3,3926,
2017-11-28 14:13:00+05:30,381.45,381.45,381.1,381.1,2749,
2017-11-28 14:14:00+05:30,381.1,381.5,381.1,381.3,2383,
2017-11-28 14:15:00+05:30,381.3,381.3,380.5,381.1,7414,
2017-11-28 14:16:00+05:30,380.8,381.25,380.65,380.65,2558,
2017-11-28 14:17:00+05:30,380.6,381,380.6,380.75,4147,
2017-11-28 14:18:00+05:30,380.9,380.9,380.7,380.75,10024,
2017-11-28 14:19:00+05:30,380.7,381.3,380.7,380.8,8387,
2017-11-28 14:20:00+05:30,381,381.05,380.8,380.95,3167,
2017-11-28 14:21:00+05:30,380.9,381.2,380.8,381.2,4382,
2017-11-28 14:22:00+05:30,381.2,381.25,380.85,381,2799,
2017-11-28 14:23:00+05:30,381,381,380.75,380.85,3969,
2017-11-28 14:24:00+05:30,380.85,381.05,380.75,381,2219,
2017-11-28 14:25:00+05:30,381,381.25,380.75,381.25,1636,
2017-11-28 14:26:00+05:30,381.25,381.3,381.1,381.1,1779,
2017-11-28 14:27:00+05:30,381.2,381.25,380.85,380.9,2036,
2017-11-28 14:28:00+05:30,381.2,381.3,381,381.05,2573,
2017-11-28 14:29:00+05:30,381.05,381.3,381.05,381.3,2068,
2017-11-28 14:30:00+05:30,381.1,381.7,381.1,381.7,1264,
2017-11-28 14:31:00+05:30,381.7,381.7,381.2,381.3,866,
2017-11-28 14:32:00+05:30,381.3,381.75,381.3,381.75,3539,
2017-11-28 14:33:00+05:30,381.75,381.8,381.5,381.55,2400,
2017-11-28 14:34:00+05:30,381.8,381.8,381.3,381.6,3067,
2017-11-28 14:35:00+05:30,381.6,381.6,381.35,381.35,934,
2017-11-28 14:36:00+05:30,381.3,381.5,381.25,381.35,1390,
2017-11-28 14:37:00+05:30,381.35,381.7,381.25,381.3,1703,
2017-11-28 14:38:00+05:30,381.5,381.6,381.15,381.5,1216,
2017-11-28 14:39:00+05:30,381.5,381.55,381.05,381.2,3630,
2017-11-28 14:40:00+05:30,381.05,381.25,380.75,380.8,3260,
2017-11-28 14:41:00+05:30,380.75,381,380.75,380.75,1862,
2017-11-28 14:42:00+05:30,380.75,381,380.7,380.7,9753,
2017-11-28 14:43:00+05:30,380.75,380.75,380.65,380.7,1659,
2017-11-28 14:44:00+05:30,380.7,381,380.55,380.75,2823,
2017-11-28 14:45:00+05:30,381,381,380.75,380.9,1213,
2017-11-28 14:46:00+05:30,381,381.6,380.9,381.6,4808,
2017-11-28 14:47:00+05:30,381.6,381.75,381.35,381.35,3211,
2017-11-28 14:48:00+05:30,381.5,381.7,381.35,381.5,1117,
2017-11-28 14:49:00+05:30,381.5,381.6,381.2,381.5,3536,
2017-11-28 14:50:00+05:30,381.5,381.6,381.2,381.5,1601,
2017-11-28 14:51:00+05:30,381.5,381.5,381.25,381.25,2374,
2017-11-28 14:52:00+05:30,381.25,381.45,381.25,381.25,1271,
2017-11-28 14:53:00+05:30,381.25,381.55,381.15,381.55,3684,
2017-11-28 14:54:00+05:30,381.55,381.55,381.25,381.45,1489,
2017-11-28 14:55:00+05:30,381.45,381.6,381.35,381.4,1826,
2017-11-28 14:56:00+05:30,381.4,381.6,381.4,381.4,3413,
2017-11-28 14:57:00+05:30,381.4,381.6,381.4,381.4,1898,
2017-11-28 14:58:00+05:30,381.4,381.6,381.4,381.6,2397,
2017-11-28 14:59:00+05:30,381.6,381.8,381.55,381.65,5372,
2017-11-28 15:00:00+05:30,381.65,381.9,381.65,381.7,2458,
2017-11-28 15:01:00+05:30,381.65,381.8,381.6,381.7,2478,
2017-11-28 15:02:00+05:30,381.8,381.9,381.6,381.9,3684,
2017-11-28 15:03:00+05:30,381.8,382.25,381.8,382.25,17425,
2017-11-28 15:04:00+05:30,382.25,382.8,381.95,382.5,22069,
2017-11-28 15:05:00+05:30,382.8,382.85,382.5,382.85,12620,
2017-11-28 15:06:00+05:30,382.85,382.85,382.5,382.55,13495,
2017-11-28 15:07:00+05:30,382.55,382.7,382.2,382.7,14893,
2017-11-28 15:08:00+05:30,382.7,382.8,382.35,382.8,44269,
2017-11-28 15:09:00+05:30,382.5,382.8,382.4,382.8,7854,
2017-11-28 15:10:00+05:30,382.65,382.8,382.65,382.7,8881,
2017-11-28 15:11:00+05:30,382.8,382.8,382.35,382.35,8550,
2017-11-28 15:12:00+05:30,382.4,382.5,382.3,382.4,10033,
2017-11-28 15:13:00+05:30,382.5,382.5,382.25,382.4,4756,
2017-11-28 15:14:00+05:30,382.4,382.5,382.25,382.5,7417,
2017-11-28 15:15:00+05:30,382.5,382.5,382.05,382.15,14128,
2017-11-28 15:16:00+05:30,382.4,382.4,382.05,382.1,12172,
2017-11-28 15:17:00+05:30,382.2,382.4,381.85,382.4,18952,
2017-11-28 15:18:00+05:30,382.4,382.4,381.85,381.9,8097,
2017-11-28 15:19:00+05:30,381.9,382.15,381.9,381.9,13334,
2017-11-28 15:20:00+05:30,381.9,381.95,381.7,381.85,12197,
2017-11-28 15:21:00+05:30,381.7,381.85,381.55,381.65,11485,
2017-11-28 15:22:00+05:30,381.65,381.7,381.45,381.6,6524,
2017-11-28 15:23:00+05:30,381.6,381.7,381.55,381.55,12702,
2017-11-28 15:24:00+05:30,381.7,382.2,381.55,382,25981,
2017-11-28 15:25:00+05:30,382.25,382.3,382,382.3,33208,
2017-11-28 15:26:00+05:30,382.5,382.5,382,382.1,29007,
2017-11-28 15:27:00+05:30,382.1,382.2,381.65,381.65,15942,
2017-11-28 15:28:00+05:30,381.65,382.25,381.65,382,42697,
2017-11-28 15:29:00+05:30,382.2,382.2,381.65,382,14929,
2017-11-29 09:15:00+05:30,382.55,383.3,382.4,382.4,24580,
2017-11-29 09:16:00+05:30,382.35,382.35,381,381,17681,
2017-11-29 09:17:00+05:30,381,381.6,381,381.4,9458,
2017-11-29 09:18:00+05:30,381.3,381.55,381,381.45,6422,
2017-11-29 09:19:00+05:30,381.1,381.65,381,381.6,18442,
2017-11-29 09:20:00+05:30,381.5,381.65,381.3,381.65,15057,
2017-11-29 09:21:00+05:30,381.85,381.85,381.3,381.3,15940,
2017-11-29 09:22:00+05:30,381.45,381.85,381.45,381.5,3474,
2017-11-29 09:23:00+05:30,381.45,381.45,380.95,381,13375,
2017-11-29 09:24:00+05:30,380.95,381,380.7,380.7,10094,
2017-11-29 09:25:00+05:30,380.75,380.9,380.65,380.9,8329,
2017-11-29 09:26:00+05:30,380.9,380.9,380.8,380.8,3681,
2017-11-29 09:27:00+05:30,380.8,380.9,380.1,380.55,15359,
2017-11-29 09:28:00+05:30,380.4,380.5,380.2,380.4,4971,
2017-11-29 09:29:00+05:30,380.35,380.35,379.7,379.9,9905,
2017-11-29 09:30:00+05:30,379.8,379.9,379.6,379.6,11513,
2017-11-29 09:31:00+05:30,379.6,379.9,379.6,379.9,3509,
2017-11-29 09:32:00+05:30,379.75,379.85,379.4,379.45,6962,
2017-11-29 09:33:00+05:30,379.45,379.45,379.2,379.3,8526,
2017-11-29 09:34:00+05:30,379.3,379.4,379.15,379.15,5473,
2017-11-29 09:35:00+05:30,379.2,379.3,379,379,15728,
2017-11-29 09:36:00+05:30,379.3,379.6,379.3,379.3,1901,
2017-11-29 09:37:00+05:30,379.45,379.45,379,379.4,6414,
2017-11-29 09:38:00+05:30,379.4,379.8,379,379.8,6717,
2017-11-29 09:39:00+05:30,379.8,379.8,379.2,379.25,3559,
2017-11-29 09:40:00+05:30,379.25,379.85,379.25,379.8,2760,
2017-11-29 09:41:00+05:30,379.8,380,379.8,379.9,5485,
2017-11-29 09:42:00+05:30,380.2,381.35,380.2,381.3,6926,
2017-11-29 09:43:00+05:30,381.1,381.15,380.8,381,5959,
2017-11-29 09:44:00+05:30,381,381,380.55,380.55,1736,
2017-11-29 09:45:00+05:30,380.55,380.75,380.2,380.3,3683,
2017-11-29 09:46:00+05:30,380.3,380.9,380.3,380.65,2579,
2017-11-29 09:47:00+05:30,380.5,380.9,380.2,380.25,4016,
2017-11-29 09:48:00+05:30,380.25,380.7,380.25,380.7,2194,
2017-11-29 09:49:00+05:30,380.75,380.75,380.35,380.5,839,
2017-11-29 09:50:00+05:30,380.45,380.7,380.45,380.55,5092,
2017-11-29 09:51:00+05:30,380.55,380.65,380.3,380.65,2672,
2017-11-29 09:52:00+05:30,380.75,380.75,380.6,380.65,1918,
2017-11-29 09:53:00+05:30,380.7,380.85,380.5,380.5,2171,
2017-11-29 09:54:00+05:30,380.85,380.85,380.5,380.55,1568,
2017-11-29 09:55:00+05:30,380.55,380.8,380.55,380.55,3625,
2017-11-29 09:56:00+05:30,380.75,380.75,380.55,380.6,594,
2017-11-29 09:57:00+05:30,380.6,380.75,380.55,380.75,1269,
2017-11-29 09:58:00+05:30,380.6,380.7,380.4,380.4,1806,
2017-11-29 09:59:00+05:30,380.55,380.7,380.15,380.35,2250,
2017-11-29 10:00:00+05:30,380.25,380.55,380.25,380.5,765,
2017-11-29 10:01:00+05:30,380.3,380.4,380,380,5618,
2017-11-29 10:02:00+05:30,380.1,380.3,380.05,380.05,1698,
2017-11-29 10:03:00+05:30,380.05,380.25,380.05,380.05,490,
2017-11-29 10:04:00+05:30,380.05,380.2,380,380.1,3233,
2017-11-29 10:05:00+05:30,380,380.2,380,380.05,1556,
2017-11-29 10:06:00+05:30,380,380.15,379.8,379.8,3094,
2017-11-29 10:07:00+05:30,379.8,380,379.5,379.5,4049,
2017-11-29 10:08:00+05:30,379.5,379.75,379.35,379.6,1711,
2017-11-29 10:09:00+05:30,379.6,379.85,379.5,379.5,1993,
2017-11-29 10:10:00+05:30,379.5,379.9,379.5,379.85,2402,
2017-11-29 10:11:00+05:30,379.85,379.85,379.5,379.6,2346,
2017-11-29 10:12:00+05:30,379.6,379.65,379.4,379.6,2793,
2017-11-29 10:13:00+05:30,379.6,379.7,379.45,379.6,258,
2017-11-29 10:14:00+05:30,379.6,379.85,379.5,379.5,2850,
2017-11-29 10:15:00+05:30,379.5,379.95,379.5,379.95,724,
2017-11-29 10:16:00+05:30,379.95,380,379.8,380,1628,
2017-11-29 10:17:00+05:30,380,380,379.8,379.85,997,
2017-11-29 10:18:00+05:30,379.85,380.3,379.85,380.3,6589,
2017-11-29 10:19:00+05:30,380.05,380.4,380,380.05,892,
2017-11-29 10:20:00+05:30,380.05,380.5,380.05,380.45,1368,
2017-11-29 10:21:00+05:30,380.45,380.45,380.15,380.35,2001,
2017-11-29 10:22:00+05:30,380.35,380.5,380.35,380.5,1960,
2017-11-29 10:23:00+05:30,380.6,380.7,380.4,380.4,1980,
2017-11-29 10:24:00+05:30,380.4,380.65,380.3,380.35,1117,
2017-11-29 10:25:00+05:30,380.35,380.7,380.35,380.45,739,
2017-11-29 10:26:00+05:30,380.45,380.65,380.15,380.15,956,
2017-11-29 10:27:00+05:30,380.2,380.4,380.05,380.1,1909,
2017-11-29 10:28:00+05:30,380.1,380.6,380.1,380.5,1287,
2017-11-29 10:29:00+05:30,380.6,380.7,380.5,380.6,681,
2017-11-29 10:30:00+05:30,380.6,380.65,380.2,380.2,1066,
2017-11-29 10:31:00+05:30,380.2,380.45,380.1,380.3,742,
2017-11-29 10:32:00+05:30,380.3,380.4,380.1,380.1,921,
2017-11-29 10:33:00+05:30,380.1,380.1,379.9,380,3726,
2017-11-29 10:34:00+05:30,380,380.1,380,380,766,
2017-11-29 10:35:00+05:30,380,380.2,380,380.05,2775,
2017-11-29 10:36:00+05:30,380.05,380.05,379.95,380,1356,
2017-11-29 10:37:00+05:30,380,380.35,380,380.35,1061,
2017-11-29 10:38:00+05:30,380.35,380.4,380.25,380.35,1612,
2017-11-29 10:39:00+05:30,380.35,380.4,380.3,380.4,746,
2017-11-29 10:40:00+05:30,380.4,380.4,380.2,380.2,369,
2017-11-29 10:41:00+05:30,380.1,380.25,380,380.15,1152,
2017-11-29 10:42:00+05:30,380.15,380.25,379.8,379.8,4402,
2017-11-29 10:43:00+05:30,379.85,379.95,379.65,379.65,2386,
2017-11-29 10:44:00+05:30,379.65,379.85,379.45,379.5,8701,
2017-11-29 10:45:00+05:30,379.5,379.8,379.25,379.4,2230,
2017-11-29 10:46:00+05:30,379.2,379.5,379.2,379.3,1435,
2017-11-29 10:47:00+05:30,379.3,379.5,379.1,379.3,4348,
2017-11-29 10:48:00+05:30,379.3,379.5,379.3,379.35,528,
2017-11-29 10:49:00+05:30,379.35,379.65,379.2,379.5,2608,
2017-11-29 10:50:00+05:30,379.45,380,379.45,379.95,2315,
2017-11-29 10:51:00+05:30,379.95,380.25,379.95,380.25,925,
2017-11-29 10:52:00+05:30,380.25,380.45,380.2,380.25,2400,
2017-11-29 10:53:00+05:30,380.25,380.25,380.05,380.25,883,
2017-11-29 10:54:00+05:30,380.25,380.25,379.85,380,2449,
2017-11-29 10:55:00+05:30,380,380.1,380,380,1921,
2017-11-29 10:56:00+05:30,380,380.1,380,380.1,745,
2017-11-29 10:57:00+05:30,380.1,380.1,380,380.1,879,
2017-11-29 10:58:00+05:30,380.25,380.65,380.05,380.65,13896,
2017-11-29 10:59:00+05:30,380.65,381.4,380.5,381.05,8396,
2017-11-29 11:00:00+05:30,381.05,381.2,381,381.2,3685,
2017-11-29 11:01:00+05:30,381,381.2,381,381.05,2124,
2017-11-29 11:02:00+05:30,381.05,381.2,380.8,381,3647,
2017-11-29 11:03:00+05:30,381,381,380.8,380.8,1516,
2017-11-29 11:04:00+05:30,380.8,381.2,380.8,381.2,2645,
2017-11-29 11:05:00+05:30,381.05,381.05,381,381,772,
2017-11-29 11:06:00+05:30,381,381.2,381,381.05,1334,
2017-11-29 11:07:00+05:30,381.05,381.05,380.8,381,3655,
2017-11-29 11:08:00+05:30,381,381.05,380.95,380.95,362,
2017-11-29 11:09:00+05:30,381,381.2,380.95,381.05,2054,
2017-11-29 11:10:00+05:30,381.05,381.15,381,381,1621,
2017-11-29 11:11:00+05:30,381,381.2,381,381,2559,
2017-11-29 11:12:00+05:30,381,381,381,381,674,
2017-11-29 11:13:00+05:30,381.15,381.15,381,381,1231,
2017-11-29 11:14:00+05:30,381,381.15,381,381,974,
2017-11-29 11:15:00+05:30,381,381.2,381,381.1,1237,
2017-11-29 11:16:00+05:30,381.05,381.3,381.05,381.1,3567,
2017-11-29 11:17:00+05:30,381.1,381.5,381.05,381.5,3709,
2017-11-29 11:18:00+05:30,381.5,381.5,381.05,381.15,1123,
2017-11-29 11:19:00+05:30,381.15,381.4,381.15,381.35,646,
2017-11-29 11:20:00+05:30,381.4,381.4,381.15,381.2,1181,
2017-11-29 11:21:00+05:30,381.2,381.5,381.2,381.2,1111,
2017-11-29 11:22:00+05:30,381.2,381.45,381.2,381.4,2035,
2017-11-29 11:23:00+05:30,381.4,381.45,381.2,381.2,739,
2017-11-29 11:24:00+05:30,381.25,381.4,381.2,381.25,1380,
2017-11-29 11:25:00+05:30,381.25,381.25,381.2,381.2,896,
2017-11-29 11:26:00+05:30,381.2,381.25,381.1,381.2,7306,
2017-11-29 11:27:00+05:30,381.25,381.25,381.2,381.2,5912,
2017-11-29 11:28:00+05:30,381.2,381.25,381.2,381.2,1989,
2017-11-29 11:29:00+05:30,381.2,381.25,381.2,381.25,2098,
2017-11-29 11:30:00+05:30,381.25,381.4,381.2,381.4,2599,
2017-11-29 11:31:00+05:30,381.35,381.55,381.35,381.45,2377,
2017-11-29 11:32:00+05:30,381.45,381.55,381.4,381.45,662,
2017-11-29 11:33:00+05:30,381.45,381.55,381.25,381.55,1949,
2017-11-29 11:34:00+05:30,381.55,381.55,381.05,381.2,1454,
2017-11-29 11:35:00+05:30,381.2,381.45,381.1,381.45,1523,
2017-11-29 11:36:00+05:30,381.45,381.45,381.15,381.15,715,
2017-11-29 11:37:00+05:30,381.15,381.5,381.1,381.5,1087,
2017-11-29 11:38:00+05:30,381.5,381.5,381,381.2,2687,
2017-11-29 11:39:00+05:30,381.2,381.2,381,381,149,
2017-11-29 11:40:00+05:30,381,381.25,381,381,970,
2017-11-29 11:41:00+05:30,381.1,381.2,381.1,381.2,2014,
2017-11-29 11:42:00+05:30,381.1,381.2,381,381,439,
2017-11-29 11:43:00+05:30,381.2,381.25,381,381.15,3942,
2017-11-29 11:44:00+05:30,381.15,381.25,381,381,1519,
2017-11-29 11:45:00+05:30,381,381.45,381,381.25,2485,
2017-11-29 11:46:00+05:30,381.25,381.35,381.1,381.15,1072,
2017-11-29 11:47:00+05:30,381.15,381.15,380.7,380.7,1890,
2017-11-29 11:48:00+05:30,380.85,381.15,380.8,381,2734,
2017-11-29 11:49:00+05:30,381,381,380.5,380.5,1683,
2017-11-29 11:50:00+05:30,380.5,380.85,380.5,380.85,631,
2017-11-29 11:51:00+05:30,380.85,381.25,380.85,381.25,6741,
2017-11-29 11:52:00+05:30,381.3,381.7,381.25,381.7,8177,
2017-11-29 11:53:00+05:30,381.7,381.7,381,381,1960,
2017-11-29 11:54:00+05:30,381,381.45,381,381.45,1213,
2017-11-29 11:55:00+05:30,381.25,381.35,380.85,381.05,2541,
2017-11-29 11:56:00+05:30,381.05,381.4,381.05,381.05,1000,
2017-11-29 11:57:00+05:30,381.05,381.35,380.95,380.95,445,
2017-11-29 11:58:00+05:30,380.95,381.25,380.8,381,2641,
2017-11-29 11:59:00+05:30,381,381.35,381,381,1798,
2017-11-29 12:00:00+05:30,381,381.05,381,381.05,1626,
2017-11-29 12:01:00+05:30,381.05,381.2,380.95,381,2180,
2017-11-29 12:02:00+05:30,381,381.05,381,381,1176,
2017-11-29 12:03:00+05:30,381,381.1,381,381,1699,
2017-11-29 12:04:00+05:30,381,381.2,381,381,2893,
2017-11-29 12:05:00+05:30,381,381.2,380.95,381.2,980,
2017-11-29 12:06:00+05:30,381.05,381.35,381,381.3,2107,
2017-11-29 12:07:00+05:30,381.3,381.3,381,381,1972,
2017-11-29 12:08:00+05:30,381,381.35,381,381,1691,
2017-11-29 12:09:00+05:30,381.3,381.3,381,381.15,1391,
2017-11-29 12:10:00+05:30,381.05,381.05,381,381,1117,
2017-11-29 12:11:00+05:30,381,381.15,381,381,1668,
2017-11-29 12:12:00+05:30,381,381.1,381,381,1841,
2017-11-29 12:13:00+05:30,381,381.1,381,381,1499,
2017-11-29 12:14:00+05:30,381,381.1,381,381,1791,
2017-11-29 12:15:00+05:30,380.95,381.05,380.9,381,4765,
2017-11-29 12:16:00+05:30,381,381.05,380.9,381,1866,
2017-11-29 12:17:00+05:30,381,381.15,380.95,381,1864,
2017-11-29 12:18:00+05:30,381,381,380.8,380.8,1400,
2017-11-29 12:19:00+05:30,380.8,380.8,380,380,10317,
2017-11-29 12:20:00+05:30,380,380,379.95,379.95,4505,
2017-11-29 12:21:00+05:30,380,380,379.85,379.85,977,
2017-11-29 12:22:00+05:30,379.85,380.25,379.85,380.25,640,
2017-11-29 12:23:00+05:30,380.25,380.35,380,380.25,2334,
2017-11-29 12:24:00+05:30,380.25,380.25,379.85,379.85,1580,
2017-11-29 12:25:00+05:30,379.85,380.1,379.7,379.75,1383,
2017-11-29 12:26:00+05:30,379.65,380.05,379.65,379.85,1724,
2017-11-29 12:27:00+05:30,379.75,380.05,379.6,379.95,1555,
2017-11-29 12:28:00+05:30,380,380,379.7,380,2285,
2017-11-29 12:29:00+05:30,380,380.25,379.95,380,873,
2017-11-29 12:30:00+05:30,379.95,380,379.95,379.95,2423,
2017-11-29 12:31:00+05:30,379.95,380.3,379.95,380,1011,
2017-11-29 12:32:00+05:30,380,380.2,379.95,380,2167,
2017-11-29 12:33:00+05:30,380,380.2,379.95,380.2,1676,
2017-11-29 12:34:00+05:30,379.1,379.9,379,379.25,10480,
2017-11-29 12:35:00+05:30,379.25,379.5,379.25,379.5,1024,
2017-11-29 12:36:00+05:30,379.5,379.75,379.3,379.5,2546,
2017-11-29 12:37:00+05:30,379.5,379.5,379,379.4,3042,
2017-11-29 12:38:00+05:30,379.2,379.6,379.2,379.6,360,
2017-11-29 12:39:00+05:30,379.6,379.6,379.25,379.35,2300,
2017-11-29 12:40:00+05:30,379.35,379.5,379.35,379.45,1123,
2017-11-29 12:41:00+05:30,379.65,379.75,379.45,379.45,1154,
2017-11-29 12:42:00+05:30,379.45,379.6,379.25,379.45,1269,
2017-11-29 12:43:00+05:30,379.45,379.7,379.45,379.6,796,
2017-11-29 12:44:00+05:30,379.6,379.75,379.4,379.75,1069,
2017-11-29 12:45:00+05:30,379.75,380.35,379.75,380.2,4212,
2017-11-29 12:46:00+05:30,380.2,380.35,379.9,380.15,1495,
2017-11-29 12:47:00+05:30,380.15,380.15,379.95,380,741,
2017-11-29 12:48:00+05:30,380,380.1,379.75,379.75,884,
2017-11-29 12:49:00+05:30,379.75,380,379.75,379.9,1339,
2017-11-29 12:50:00+05:30,379.9,380.2,379.9,380.1,1168,
2017-11-29 12:51:00+05:30,380.1,380.1,379.9,379.95,453,
2017-11-29 12:52:00+05:30,379.95,380,379.9,379.9,2428,
2017-11-29 12:53:00+05:30,379.9,380.1,379.8,380.1,1842,
2017-11-29 12:54:00+05:30,380.1,380.15,379.9,379.9,592,
2017-11-29 12:55:00+05:30,379.9,379.9,379.7,379.75,1047,
2017-11-29 12:56:00+05:30,379.75,379.9,379.2,379.65,6265,
2017-11-29 12:57:00+05:30,379.65,379.9,379.45,379.55,1188,
2017-11-29 12:58:00+05:30,379.55,379.85,379.5,379.7,1444,
2017-11-29 12:59:00+05:30,379.7,379.9,379.55,379.9,731,
2017-11-29 13:00:00+05:30,379.9,379.9,379.6,379.65,1443,
2017-11-29 13:01:00+05:30,379.65,379.9,379.65,379.85,794,
2017-11-29 13:02:00+05:30,379.85,379.9,379.85,379.9,2085,
2017-11-29 13:03:00+05:30,379.9,380,379.85,379.9,2990,
2017-11-29 13:04:00+05:30,379.9,380,379.9,379.9,579,
2017-11-29 13:05:00+05:30,379.95,380,379.9,380,1572,
2017-11-29 13:06:00+05:30,380,380,379.95,380,1322,
2017-11-29 13:07:00+05:30,379.95,380.25,379.95,379.95,1233,
2017-11-29 13:08:00+05:30,380.15,381.2,380.15,380.6,12752,
2017-11-29 13:09:00+05:30,380.65,381,380.6,381,3051,
2017-11-29 13:10:00+05:30,381,381,380.6,380.65,864,
2017-11-29 13:11:00+05:30,380.65,380.65,380.05,380.05,1658,
2017-11-29 13:12:00+05:30,380.05,380.25,380,380.2,1784,
2017-11-29 13:13:00+05:30,380.2,380.2,380.15,380.15,22,
2017-11-29 13:14:00+05:30,380.15,380.35,380,380.35,305,
2017-11-29 13:15:00+05:30,380.35,380.35,380,380.1,502,
2017-11-29 13:16:00+05:30,380.1,380.35,380,380.2,650,
2017-11-29 13:17:00+05:30,380.2,380.35,380,380.2,246,
2017-11-29 13:18:00+05:30,380.2,380.4,380.2,380.2,453,
2017-11-29 13:19:00+05:30,380.2,380.2,379.9,379.9,980,
2017-11-29 13:20:00+05:30,379.9,380.2,379.9,380.05,1127,
2017-11-29 13:21:00+05:30,380.05,380.15,380.05,380.05,103,
2017-11-29 13:22:00+05:30,380.05,380.05,380.05,380.05,60,
2017-11-29 13:23:00+05:30,380.05,380.2,380,380.05,725,
2017-11-29 13:24:00+05:30,380.05,380.05,379.9,379.9,1195,
2017-11-29 13:25:00+05:30,379.9,380.05,379.8,380.05,4451,
2017-11-29 13:26:00+05:30,380.05,380.05,379.9,379.9,549,
2017-11-29 13:27:00+05:30,380,380,379.7,379.8,8763,
2017-11-29 13:28:00+05:30,379.8,379.8,379.75,379.75,2471,
2017-11-29 13:29:00+05:30,379.75,380,379.75,379.8,1314,
2017-11-29 13:30:00+05:30,379.75,379.95,379.75,379.85,709,
2017-11-29 13:31:00+05:30,379.85,379.95,379.75,379.85,830,
2017-11-29 13:32:00+05:30,379.85,379.85,379.6,379.7,510,
2017-11-29 13:33:00+05:30,379.55,379.9,379.55,379.6,390,
2017-11-29 13:34:00+05:30,379.6,379.85,379.6,379.75,215,
2017-11-29 13:35:00+05:30,379.75,379.9,379.75,379.85,526,
2017-11-29 13:36:00+05:30,379.85,379.85,379.65,379.85,190,
2017-11-29 13:37:00+05:30,379.85,379.85,379.4,379.45,3174,
2017-11-29 13:38:00+05:30,379.35,379.75,379.35,379.65,2472,
2017-11-29 13:39:00+05:30,379.7,379.7,379.4,379.65,657,
2017-11-29 13:40:00+05:30,379.4,379.7,379.4,379.5,1383,
2017-11-29 13:41:00+05:30,379.7,379.8,379.65,379.65,643,
2017-11-29 13:42:00+05:30,379.65,379.85,379.55,379.8,778,
2017-11-29 13:43:00+05:30,379.8,379.85,379.6,379.85,270,
2017-11-29 13:44:00+05:30,379.85,379.85,379.6,379.8,423,
2017-11-29 13:45:00+05:30,379.8,379.85,379.6,379.85,405,
2017-11-29 13:46:00+05:30,379.95,382,379.5,382,39221,
2017-11-29 13:47:00+05:30,382,383.75,381.65,383.75,73924,
2017-11-29 13:48:00+05:30,383.7,384.5,381.5,381.5,60051,
2017-11-29 13:49:00+05:30,380.8,381.9,380.4,381.45,13898,
2017-11-29 13:50:00+05:30,381.3,381.5,380.25,381,16569,
2017-11-29 13:51:00+05:30,381.2,381.3,381,381.05,3539,
2017-11-29 13:52:00+05:30,381.05,381.2,380.95,380.95,1934,
2017-11-29 13:53:00+05:30,380.95,381,380.5,380.5,4319,
2017-11-29 13:54:00+05:30,380.5,381.2,380.5,381.1,3409,
2017-11-29 13:55:00+05:30,381.1,381.1,380.6,380.6,595,
2017-11-29 13:56:00+05:30,380.55,380.75,380,380,8551,
2017-11-29 13:57:00+05:30,380,380.25,379.6,379.75,8892,
2017-11-29 13:58:00+05:30,379.75,379.8,379.3,379.3,8323,
2017-11-29 13:59:00+05:30,379.3,379.55,379.2,379.55,6182,
2017-11-29 14:00:00+05:30,379.55,379.8,379.25,379.65,6459,
2017-11-29 14:01:00+05:30,379.65,379.75,379.35,379.5,2967,
2017-11-29 14:02:00+05:30,379.5,379.7,379.45,379.6,7455,
2017-11-29 14:03:00+05:30,379.7,379.7,379.2,379.4,4928,
2017-11-29 14:04:00+05:30,379.4,379.5,379.25,379.45,1567,
2017-11-29 14:05:00+05:30,379.45,379.5,379.2,379.25,2978,
2017-11-29 14:06:00+05:30,379.25,379.5,379.25,379.5,1648,
2017-11-29 14:07:00+05:30,379.4,379.7,379.2,379.3,3884,
2017-11-29 14:08:00+05:30,379.3,379.7,379.3,379.5,3474,
2017-11-29 14:09:00+05:30,379.7,379.85,379.5,379.85,3003,
2017-11-29 14:10:00+05:30,379.85,379.9,379.5,379.5,1382,
2017-11-29 14:11:00+05:30,379.5,379.75,379.45,379.75,320,
2017-11-29 14:12:00+05:30,379.5,379.75,379.45,379.5,997,
2017-11-29 14:13:00+05:30,379.45,379.85,379.4,379.85,763,
2017-11-29 14:14:00+05:30,379.85,380.05,379.85,380,3515,
2017-11-29 14:15:00+05:30,380,380.3,380,380,557,
2017-11-29 14:16:00+05:30,380,380,379.9,379.9,1245,
2017-11-29 14:17:00+05:30,379.9,380,379.9,379.95,657,
2017-11-29 14:18:00+05:30,379.9,379.9,379.55,379.85,752,
2017-11-29 14:19:00+05:30,379.85,379.85,379.55,379.8,493,
2017-11-29 14:20:00+05:30,379.8,379.8,379.4,379.4,3630,
2017-11-29 14:21:00+05:30,379.4,379.7,379.4,379.4,2889,
2017-11-29 14:22:00+05:30,379.45,379.75,379.4,379.45,4107,
2017-11-29 14:23:00+05:30,379.45,379.7,379.4,379.45,4111,
2017-11-29 14:24:00+05:30,379.45,379.5,379.4,379.4,2418,
2017-11-29 14:25:00+05:30,379.4,379.65,379.4,379.4,3259,
2017-11-29 14:26:00+05:30,379.4,379.4,379.4,379.4,2612,
2017-11-29 14:27:00+05:30,379.4,379.5,379.2,379.25,25925,
2017-11-29 14:28:00+05:30,379.25,379.45,379,379.25,14409,
2017-11-29 14:29:00+05:30,379.3,379.45,379,379,7380,
2017-11-29 14:30:00+05:30,379,379.2,378.5,378.7,13450,
2017-11-29 14:31:00+05:30,378.7,378.7,378.15,378.7,12178,
2017-11-29 14:32:00+05:30,378.7,379.15,378.4,378.4,5942,
2017-11-29 14:33:00+05:30,378.4,378.75,378.2,378.3,10229,
2017-11-29 14:34:00+05:30,378.3,378.7,378.3,378.55,6040,
2017-11-29 14:35:00+05:30,378.55,378.65,378,378.15,11463,
2017-11-29 14:36:00+05:30,378.15,378.45,378,378,3599,
2017-11-29 14:37:00+05:30,378,378.3,378,378.05,7965,
2017-11-29 14:38:00+05:30,378.2,378.2,378.05,378.15,2870,
2017-11-29 14:39:00+05:30,378.05,378.05,376.6,376.95,24325,
2017-11-29 14:40:00+05:30,376.75,376.75,376.25,376.5,9722,
2017-11-29 14:41:00+05:30,376.4,376.7,376.3,376.45,4804,
2017-11-29 14:42:00+05:30,376.45,377,376.2,376.6,9843,
2017-11-29 14:43:00+05:30,376.6,377,376.6,376.75,3316,
2017-11-29 14:44:00+05:30,376.75,377.5,376.55,377.5,7815,
2017-11-29 14:45:00+05:30,377.5,377.9,376.8,376.8,4757,
2017-11-29 14:46:00+05:30,376.75,377.85,376.65,377.85,3497,
2017-11-29 14:47:00+05:30,377.85,377.85,376.5,376.75,3940,
2017-11-29 14:48:00+05:30,376.75,376.9,376.45,376.5,3911,
2017-11-29 14:49:00+05:30,376.5,377,376.5,376.75,1891,
2017-11-29 14:50:00+05:30,376.75,377,376.75,377,1596,
2017-11-29 14:51:00+05:30,377,377.4,376.9,377.3,1182,
2017-11-29 14:52:00+05:30,377.4,377.5,377.25,377.25,905,
2017-11-29 14:53:00+05:30,377.2,377.25,377.2,377.25,836,
2017-11-29 14:54:00+05:30,377.25,377.25,377,377.2,1420,
2017-11-29 14:55:00+05:30,377.45,377.45,377.25,377.25,894,
2017-11-29 14:56:00+05:30,377.4,377.4,377.15,377.15,743,
2017-11-29 14:57:00+05:30,377.15,377.45,377,377.4,6891,
2017-11-29 14:58:00+05:30,377.4,377.4,377,377.1,1643,
2017-11-29 14:59:00+05:30,377.1,377.35,377.1,377.1,1980,
2017-11-29 15:00:00+05:30,377.15,377.7,376.25,376.25,13722,
2017-11-29 15:01:00+05:30,377.55,378.05,376.8,377.2,15158,
2017-11-29 15:02:00+05:30,377.2,377.2,376.35,376.5,9371,
2017-11-29 15:03:00+05:30,376.5,376.9,376.35,376.55,6993,
2017-11-29 15:04:00+05:30,376.8,377.4,376.8,377,6880,
2017-11-29 15:05:00+05:30,377,378.05,377,378.05,3285,
2017-11-29 15:06:00+05:30,378.05,378.8,378,378.8,5851,
2017-11-29 15:07:00+05:30,378.8,379.5,378.8,379.2,9562,
2017-11-29 15:08:00+05:30,379.2,379.4,376.8,377.8,11590,
2017-11-29 15:09:00+05:30,377.6,378,377.55,377.75,5325,
2017-11-29 15:10:00+05:30,377.8,378,377.75,377.8,1838,
2017-11-29 15:11:00+05:30,378,378.4,377.8,378.2,6505,
2017-11-29 15:12:00+05:30,378.4,378.4,377.8,378,6947,
2017-11-29 15:13:00+05:30,378,378.3,378,378,3056,
2017-11-29 15:14:00+05:30,378,378.3,378,378.25,7492,
2017-11-29 15:15:00+05:30,378.25,378.3,377.7,378.3,15953,
2017-11-29 15:16:00+05:30,378.2,378.2,377.7,377.8,8396,
2017-11-29 15:17:00+05:30,377.85,377.95,377.7,377.8,8826,
2017-11-29 15:18:00+05:30,377.95,378.5,377.7,378.35,9877,
2017-11-29 15:19:00+05:30,377.8,378.3,377.8,378.05,6846,
2017-11-29 15:20:00+05:30,378.05,378.2,378,378,4554,
2017-11-29 15:21:00+05:30,378.15,378.2,377.75,377.8,10504,
2017-11-29 15:22:00+05:30,377.75,378.1,377.7,377.95,15430,
2017-11-29 15:23:00+05:30,377.85,378.15,377.85,378.05,5736,
2017-11-29 15:24:00+05:30,378.15,378.15,378,378.05,13800,
2017-11-29 15:25:00+05:30,378.1,378.2,377.55,377.65,15623,
2017-11-29 15:26:00+05:30,378,378.05,377.1,377.1,46246,
2017-11-29 15:27:00+05:30,377.3,377.75,377.3,377.6,7875,
2017-11-29 15:28:00+05:30,377.7,377.9,377.5,377.75,13640,
2017-11-29 15:29:00+05:30,377.95,379.8,377.5,379.8,29635,
2017-11-30 09:15:00+05:30,378.1,378.4,377.35,378.05,32077,
2017-11-30 09:16:00+05:30,378.05,378.25,377.05,377.05,21931,
2017-11-30 09:17:00+05:30,377,378.45,377,377.75,16710,
2017-11-30 09:18:00+05:30,377.95,378,377.5,377.9,10123,
2017-11-30 09:19:00+05:30,377.8,378,377.55,377.75,6595,
2017-11-30 09:20:00+05:30,377.95,378.85,377.8,378.8,14811,
2017-11-30 09:21:00+05:30,378.8,379.25,378.8,379.25,11918,
2017-11-30 09:22:00+05:30,379.2,379.25,378.15,378.15,17020,
2017-11-30 09:23:00+05:30,378.15,378.65,377.3,377.3,5921,
2017-11-30 09:24:00+05:30,377.25,378.1,377.2,378.1,21600,
2017-11-30 09:25:00+05:30,377.95,378.95,377.95,378.35,28865,
2017-11-30 09:26:00+05:30,378.35,378.5,377.8,378.25,29299,
2017-11-30 09:27:00+05:30,378.25,378.5,377.75,377.8,36193,
2017-11-30 09:28:00+05:30,378.05,378.45,377.75,377.75,8669,
2017-11-30 09:29:00+05:30,378,378.2,377.5,378,26705,
2017-11-30 09:30:00+05:30,378.5,378.5,378,378.25,17420,
2017-11-30 09:31:00+05:30,378.2,378.35,377.9,377.9,6854,
2017-11-30 09:32:00+05:30,378.35,378.35,378,378,7410,
2017-11-30 09:33:00+05:30,378.2,378.35,378,378.35,17197,
2017-11-30 09:34:00+05:30,378.35,379.55,378.35,379.4,15464,
2017-11-30 09:35:00+05:30,379.2,379.35,378.55,378.6,5711,
2017-11-30 09:36:00+05:30,378.65,378.8,378.25,378.55,3663,
2017-11-30 09:37:00+05:30,378.55,379.3,378.5,379.3,7251,
2017-11-30 09:38:00+05:30,379.2,379.5,379.05,379.05,6696,
2017-11-30 09:39:00+05:30,379.1,379.5,379,379.3,6553,
2017-11-30 09:40:00+05:30,379.3,379.35,379,379.3,7373,
2017-11-30 09:41:00+05:30,379.3,379.3,378.85,379.1,6088,
2017-11-30 09:42:00+05:30,379.15,379.3,378.5,378.5,12465,
2017-11-30 09:43:00+05:30,378.45,378.45,378,378,6616,
2017-11-30 09:44:00+05:30,378,378.35,378,378.35,8306,
2017-11-30 09:45:00+05:30,378,378.35,378,378.3,3653,
2017-11-30 09:46:00+05:30,378.2,378.45,378,378.1,3122,
2017-11-30 09:47:00+05:30,378.1,378.35,378.1,378.1,2465,
2017-11-30 09:48:00+05:30,378.1,378.1,378,378,4152,
2017-11-30 09:49:00+05:30,378,378.1,377.75,377.75,7878,
2017-11-30 09:50:00+05:30,377.85,378.1,377.75,378.1,6464,
2017-11-30 09:51:00+05:30,378.1,378.5,377.8,378,8329,
2017-11-30 09:52:00+05:30,378,378.35,378,378.35,3922,
2017-11-30 09:53:00+05:30,378.05,378.4,378,378,4393,
2017-11-30 09:54:00+05:30,378,378.35,378,378,8359,
2017-11-30 09:55:00+05:30,378,378.45,378,378,5644,
2017-11-30 09:56:00+05:30,378,378.05,378,378.05,4400,
2017-11-30 09:57:00+05:30,378,378.5,377.8,378.05,5886,
2017-11-30 09:58:00+05:30,378.05,378.2,378,378.2,8845,
2017-11-30 09:59:00+05:30,378.2,378.3,378,378,6895,
2017-11-30 10:00:00+05:30,378.05,378.1,377.9,378,13618,
2017-11-30 10:01:00+05:30,378,378.05,377.75,378,12518,
2017-11-30 10:02:00+05:30,378.1,378.15,377.75,377.75,5103,
2017-11-30 10:03:00+05:30,377.75,378,377.75,377.75,3733,
2017-11-30 10:04:00+05:30,377.75,377.9,377.6,377.6,4277,
2017-11-30 10:05:00+05:30,377.6,378,377.6,377.75,7887,
2017-11-30 10:06:00+05:30,377.75,377.85,377.2,377.2,6179,
2017-11-30 10:07:00+05:30,377.2,377.95,377.2,377.5,3690,
2017-11-30 10:08:00+05:30,377.45,377.7,377.2,377.3,2050,
2017-11-30 10:09:00+05:30,377.2,377.25,376.05,376.1,25463,
2017-11-30 10:10:00+05:30,376,376.2,375.6,376.2,14190,
2017-11-30 10:11:00+05:30,376.05,376.4,376,376.25,6012,
2017-11-30 10:12:00+05:30,376.25,376.6,376,376.4,5040,
2017-11-30 10:13:00+05:30,376.4,376.85,376,376.2,4108,
2017-11-30 10:14:00+05:30,376.2,376.35,373.5,375.05,36552,
2017-11-30 10:15:00+05:30,375.05,376,374.5,375.15,6017,
2017-11-30 10:16:00+05:30,375.15,375.15,374.5,374.75,8101,
2017-11-30 10:17:00+05:30,374.75,375.5,374.55,375.2,3561,
2017-11-30 10:18:00+05:30,375.2,375.2,374.9,374.95,5736,
2017-11-30 10:19:00+05:30,374.9,375.5,374.9,375.35,4975,
2017-11-30 10:20:00+05:30,375.3,375.45,375.1,375.1,2548,
2017-11-30 10:21:00+05:30,375.1,376,375.05,376,6734,
2017-11-30 10:22:00+05:30,375.85,376,375.5,375.5,4763,
2017-11-30 10:23:00+05:30,375.5,375.8,375,375.8,3163,
2017-11-30 10:24:00+05:30,375.8,375.8,375.3,375.4,2077,
2017-11-30 10:25:00+05:30,375.4,375.75,375.2,375.3,1836,
2017-11-30 10:26:00+05:30,375.3,375.4,375.3,375.4,3754,
2017-11-30 10:27:00+05:30,375.4,375.5,375.2,375.5,4318,
2017-11-30 10:28:00+05:30,375.45,375.8,375.45,375.8,5431,
2017-11-30 10:29:00+05:30,375.6,375.8,375.6,375.6,1574,
2017-11-30 10:30:00+05:30,375.6,375.65,375.6,375.6,1636,
2017-11-30 10:31:00+05:30,375.8,375.8,375.55,375.6,3433,
2017-11-30 10:32:00+05:30,375.6,375.8,375.5,375.6,6681,
2017-11-30 10:33:00+05:30,375.6,375.8,375.55,375.55,4672,
2017-11-30 10:34:00+05:30,375.6,375.65,375.5,375.6,9169,
2017-11-30 10:35:00+05:30,375.6,375.75,375.5,375.6,6516,
2017-11-30 10:36:00+05:30,375.6,375.7,375.6,375.65,2009,
2017-11-30 10:37:00+05:30,375.6,375.8,375.6,375.6,1479,
2017-11-30 10:38:00+05:30,375.6,375.75,375.6,375.6,1347,
2017-11-30 10:39:00+05:30,375.6,375.8,374.75,375.35,15059,
2017-11-30 10:40:00+05:30,375.35,375.6,375.1,375.6,1346,
2017-11-30 10:41:00+05:30,375.6,375.8,375.6,375.65,3129,
2017-11-30 10:42:00+05:30,375.6,375.65,375.6,375.6,2097,
2017-11-30 10:43:00+05:30,375.6,375.65,375.55,375.6,4223,
2017-11-30 10:44:00+05:30,375.55,375.65,375.55,375.65,2073,
2017-11-30 10:45:00+05:30,375.6,375.8,375.55,375.65,3727,
2017-11-30 10:46:00+05:30,375.65,376,375.6,375.65,2344,
2017-11-30 10:47:00+05:30,375.75,375.9,375.65,375.7,2557,
2017-11-30 10:48:00+05:30,375.7,375.9,375.6,375.9,1555,
2017-11-30 10:49:00+05:30,375.9,376.3,375.65,376,5055,
2017-11-30 10:50:00+05:30,376.05,376.25,376,376,2665,
2017-11-30 10:51:00+05:30,375.9,376.15,375.75,376.15,2918,
2017-11-30 10:52:00+05:30,376,376.05,376,376.05,3289,
2017-11-30 10:53:00+05:30,376,376.3,375.95,375.95,4360,
2017-11-30 10:54:00+05:30,375.95,375.95,375.6,375.65,2070,
2017-11-30 10:55:00+05:30,375.65,376.3,375.6,376.1,8597,
2017-11-30 10:56:00+05:30,376.1,376.15,376,376,1198,
2017-11-30 10:57:00+05:30,376,376.3,376,376.05,2647,
2017-11-30 10:58:00+05:30,376,376.25,376,376.05,1823,
2017-11-30 10:59:00+05:30,376.05,376.15,376,376,1887,
2017-11-30 11:00:00+05:30,376,376.05,375.6,375.6,5306,
2017-11-30 11:01:00+05:30,375.6,375.85,375.6,375.6,1784,
2017-11-30 11:02:00+05:30,375.85,375.85,375.6,375.7,1516,
2017-11-30 11:03:00+05:30,375.7,375.95,375.6,375.95,1579,
2017-11-30 11:04:00+05:30,375.95,375.95,375.6,375.65,1491,
2017-11-30 11:05:00+05:30,375.65,375.65,375.6,375.65,1342,
2017-11-30 11:06:00+05:30,375.6,375.65,375.6,375.65,1465,
2017-11-30 11:07:00+05:30,375.6,375.7,375.6,375.7,1182,
2017-11-30 11:08:00+05:30,375.6,375.85,375.6,375.8,1805,
2017-11-30 11:09:00+05:30,375.85,375.85,375.6,375.75,1532,
2017-11-30 11:10:00+05:30,375.7,375.7,375.6,375.6,1948,
2017-11-30 11:11:00+05:30,375.6,375.65,375.6,375.65,2966,
2017-11-30 11:12:00+05:30,375.6,375.65,375.6,375.65,7136,
2017-11-30 11:13:00+05:30,375.6,375.65,375.6,375.6,1617,
2017-11-30 11:14:00+05:30,375.65,375.65,375.6,375.6,3704,
2017-11-30 11:15:00+05:30,375.65,375.65,375.6,375.6,2791,
2017-11-30 11:16:00+05:30,375.6,375.75,375.6,375.65,2653,
2017-11-30 11:17:00+05:30,375.6,375.65,375.5,375.65,3493,
2017-11-30 11:18:00+05:30,375.6,375.8,375.6,375.6,1623,
2017-11-30 11:19:00+05:30,375.6,375.65,375.6,375.65,1396,
2017-11-30 11:20:00+05:30,375.65,375.65,375.6,375.65,1155,
2017-11-30 11:21:00+05:30,375.6,375.65,375.6,375.65,1150,
2017-11-30 11:22:00+05:30,375.65,375.65,375.6,375.6,1309,
2017-11-30 11:23:00+05:30,375.6,375.65,375.6,375.65,2780,
2017-11-30 11:24:00+05:30,375.65,375.65,375.6,375.65,1455,
2017-11-30 11:25:00+05:30,375.65,375.7,375.6,375.6,1284,
2017-11-30 11:26:00+05:30,375.6,375.9,375.6,375.75,1880,
2017-11-30 11:27:00+05:30,375.65,375.7,375.6,375.65,1314,
2017-11-30 11:28:00+05:30,375.6,375.9,375.6,375.6,1517,
2017-11-30 11:29:00+05:30,375.6,375.9,375.6,375.6,1841,
2017-11-30 11:30:00+05:30,375.6,375.65,375.6,375.65,3381,
2017-11-30 11:31:00+05:30,375.6,375.65,375.6,375.65,1689,
2017-11-30 11:32:00+05:30,375.6,376,375.6,375.6,4145,
2017-11-30 11:33:00+05:30,375.6,375.75,375.5,375.6,4355,
2017-11-30 11:34:00+05:30,375.6,375.65,375.6,375.6,4962,
2017-11-30 11:35:00+05:30,375.6,375.65,375.6,375.6,5530,
2017-11-30 11:36:00+05:30,375.6,375.6,375.55,375.6,4247,
2017-11-30 11:37:00+05:30,375.6,375.8,375.6,375.6,4556,
2017-11-30 11:38:00+05:30,375.8,375.8,375.55,375.6,5448,
2017-11-30 11:39:00+05:30,375.6,375.65,375.55,375.6,4812,
2017-11-30 11:40:00+05:30,375.6,375.6,375.5,375.5,5965,
2017-11-30 11:41:00+05:30,375.5,375.55,375.5,375.55,4347,
2017-11-30 11:42:00+05:30,375.55,375.55,375.5,375.55,3190,
2017-11-30 11:43:00+05:30,375.5,375.55,375.5,375.55,3535,
2017-11-30 11:44:00+05:30,375.5,375.6,375.5,375.6,3161,
2017-11-30 11:45:00+05:30,375.6,375.75,375.55,375.65,3293,
2017-11-30 11:46:00+05:30,375.6,375.65,375.6,375.65,5469,
2017-11-30 11:47:00+05:30,375.6,375.65,375.6,375.6,2376,
2017-11-30 11:48:00+05:30,375.6,375.65,375.6,375.65,2828,
2017-11-30 11:49:00+05:30,375.6,375.6,375.05,375.15,3123,
2017-11-30 11:50:00+05:30,375.1,375.15,375.05,375.1,4725,
2017-11-30 11:51:00+05:30,375.1,375.1,374.55,374.55,6161,
2017-11-30 11:52:00+05:30,374.65,374.65,374.5,374.6,4836,
2017-11-30 11:53:00+05:30,374.5,374.6,374.5,374.55,2803,
2017-11-30 11:54:00+05:30,374.5,374.7,374.25,374.35,3587,
2017-11-30 11:55:00+05:30,374.3,375,374.3,374.9,5242,
2017-11-30 11:56:00+05:30,374.9,374.95,374.45,374.55,2502,
2017-11-30 11:57:00+05:30,374.45,374.7,374.25,374.35,2285,
2017-11-30 11:58:00+05:30,374.25,374.35,374.1,374.15,2933,
2017-11-30 11:59:00+05:30,374.1,374.15,374,374.1,3917,
2017-11-30 12:00:00+05:30,374.1,374.5,374,374.5,4331,
2017-11-30 12:01:00+05:30,374.5,374.5,374,374.05,2481,
2017-11-30 12:02:00+05:30,374.05,374.55,374,374.15,7759,
2017-11-30 12:03:00+05:30,374.05,374.35,374,374.1,3481,
2017-11-30 12:04:00+05:30,374.05,374.5,374,374,8544,
2017-11-30 12:05:00+05:30,374,374.25,374,374.05,3497,
2017-11-30 12:06:00+05:30,374.05,374.05,374,374.05,3660,
2017-11-30 12:07:00+05:30,374.05,375.4,373.55,375.4,8041,
2017-11-30 12:08:00+05:30,375.35,376,374.15,374.15,9162,
2017-11-30 12:09:00+05:30,374.15,374.5,374,374.15,4085,
2017-11-30 12:10:00+05:30,374.15,374.2,374.1,374.2,2504,
2017-11-30 12:11:00+05:30,374.2,374.2,373.8,373.9,2432,
2017-11-30 12:12:00+05:30,373.9,374,373.8,373.85,3687,
2017-11-30 12:13:00+05:30,373.85,374,373.85,373.85,3911,
2017-11-30 12:14:00+05:30,373.85,374.2,373.7,373.75,2445,
2017-11-30 12:15:00+05:30,373.65,373.75,373.55,373.7,2256,
2017-11-30 12:16:00+05:30,373.55,374.05,373.55,374,3401,
2017-11-30 12:17:00+05:30,373.75,373.9,373.5,373.5,3030,
2017-11-30 12:18:00+05:30,373.5,373.7,373.5,373.7,2358,
2017-11-30 12:19:00+05:30,373.7,373.95,373,373,8242,
2017-11-30 12:20:00+05:30,373,373.55,373,373.3,3438,
2017-11-30 12:21:00+05:30,373.4,373.5,373,373.1,5279,
2017-11-30 12:22:00+05:30,373.05,373.2,373,373,5763,
2017-11-30 12:23:00+05:30,373,373.15,373,373,8624,
2017-11-30 12:24:00+05:30,373,373,372.4,372.65,6281,
2017-11-30 12:25:00+05:30,372.6,373,372.6,372.8,11398,
2017-11-30 12:26:00+05:30,372.9,373,372.7,372.8,2881,
2017-11-30 12:27:00+05:30,372.8,373.2,372.75,373.2,4541,
2017-11-30 12:28:00+05:30,372.85,373.2,372.85,373,2994,
2017-11-30 12:29:00+05:30,373,373.1,372.85,373,4177,
2017-11-30 12:30:00+05:30,373,373.1,372.9,373.1,2982,
2017-11-30 12:31:00+05:30,373.15,373.25,372.8,373,2375,
2017-11-30 12:32:00+05:30,373.25,373.45,372.85,373,2946,
2017-11-30 12:33:00+05:30,372.85,373.1,372.8,373,2897,
2017-11-30 12:34:00+05:30,373,373.05,372.95,373,3135,
2017-11-30 12:35:00+05:30,373,373.35,372.8,372.95,2995,
2017-11-30 12:36:00+05:30,372.85,373.25,372.85,373,2808,
2017-11-30 12:37:00+05:30,373,373,372.8,372.85,4211,
2017-11-30 12:38:00+05:30,372.85,373.4,372.8,373,3176,
2017-11-30 12:39:00+05:30,373,373.05,372.85,372.85,2396,
2017-11-30 12:40:00+05:30,372.85,373,372.8,373,2565,
2017-11-30 12:41:00+05:30,372.8,373,372.8,373,1675,
2017-11-30 12:42:00+05:30,373,373.1,372.8,372.9,2230,
2017-11-30 12:43:00+05:30,372.9,372.95,372.8,372.95,1721,
2017-11-30 12:44:00+05:30,372.95,373.15,372.8,373,5899,
2017-11-30 12:45:00+05:30,373,373.2,372.9,373,2891,
2017-11-30 12:46:00+05:30,372.9,373.05,372.9,373.05,2826,
2017-11-30 12:47:00+05:30,373.05,373.2,372.9,373,3427,
2017-11-30 12:48:00+05:30,372.95,373.15,372.8,372.8,4277,
2017-11-30 12:49:00+05:30,372.8,373.3,372.8,373.1,3524,
2017-11-30 12:50:00+05:30,373.1,373.35,373.1,373.2,3637,
2017-11-30 12:51:00+05:30,373.05,373.05,372.8,372.9,3778,
2017-11-30 12:52:00+05:30,372.8,373,372.8,372.85,2904,
2017-11-30 12:53:00+05:30,372.9,373.3,372.8,372.9,7946,
2017-11-30 12:54:00+05:30,372.9,373,372.75,372.8,2111,
2017-11-30 12:55:00+05:30,372.8,373,372.75,372.85,2654,
2017-11-30 12:56:00+05:30,372.85,372.95,372.75,372.85,2878,
2017-11-30 12:57:00+05:30,372.85,373,372.85,373,2710,
2017-11-30 12:58:00+05:30,372.95,372.95,372.6,372.75,3565,
2017-11-30 12:59:00+05:30,372.65,372.8,372.65,372.75,2517,
2017-11-30 13:00:00+05:30,372.75,372.8,372.75,372.8,2263,
2017-11-30 13:01:00+05:30,372.75,372.8,372.7,372.8,2726,
2017-11-30 13:02:00+05:30,372.75,372.9,372.75,372.8,1916,
2017-11-30 13:03:00+05:30,372.8,372.9,372.8,372.8,2192,
2017-11-30 13:04:00+05:30,372.8,373,372.8,372.8,2352,
2017-11-30 13:05:00+05:30,372.8,372.85,372.75,372.8,1728,
2017-11-30 13:06:00+05:30,372.8,373,372.75,372.75,4016,
2017-11-30 13:07:00+05:30,372.75,373.1,372.75,372.85,2486,
2017-11-30 13:08:00+05:30,372.85,373,372.85,372.85,3326,
2017-11-30 13:09:00+05:30,372.85,372.85,372.7,372.75,6464,
2017-11-30 13:10:00+05:30,372.75,372.85,372.7,372.75,6989,
2017-11-30 13:11:00+05:30,372.75,372.95,372.6,372.65,7376,
2017-11-30 13:12:00+05:30,372.65,372.65,372.2,372.2,8622,
2017-11-30 13:13:00+05:30,372.25,372.3,372.2,372.2,9053,
2017-11-30 13:14:00+05:30,372.15,372.15,371.8,371.8,15531,
2017-11-30 13:15:00+05:30,371.75,371.75,371.1,371.2,10335,
2017-11-30 13:16:00+05:30,371.1,371.25,371.05,371.2,10032,
2017-11-30 13:17:00+05:30,371.2,371.5,371.2,371.5,3371,
2017-11-30 13:18:00+05:30,371.5,371.55,371.35,371.5,1929,
2017-11-30 13:19:00+05:30,371.4,371.7,371.3,371.7,2415,
2017-11-30 13:20:00+05:30,371.75,371.8,371.5,371.7,3587,
2017-11-30 13:21:00+05:30,371.7,371.85,371.5,371.85,1849,
2017-11-30 13:22:00+05:30,371.8,372,371.7,372,303088,
2017-11-30 13:23:00+05:30,372,372,371.8,371.85,6238,
2017-11-30 13:24:00+05:30,371.8,372,371.6,371.65,2682,
2017-11-30 13:25:00+05:30,371.6,372,371.5,371.55,2235,
2017-11-30 13:26:00+05:30,371.5,371.65,371.45,371.55,1606,
2017-11-30 13:27:00+05:30,371.55,371.65,371.45,371.5,1627,
2017-11-30 13:28:00+05:30,371.45,371.55,371.25,371.55,4379,
2017-11-30 13:29:00+05:30,371.55,371.7,371.35,371.7,1920,
2017-11-30 13:30:00+05:30,371.3,371.3,371.2,371.2,3381,
2017-11-30 13:31:00+05:30,371.2,371.7,371.2,371.5,2072,
2017-11-30 13:32:00+05:30,371.55,371.65,371.5,371.65,1872,
2017-11-30 13:33:00+05:30,371.65,371.65,371.3,371.5,2458,
2017-11-30 13:34:00+05:30,371.5,371.65,371.3,371.5,3091,
2017-11-30 13:35:00+05:30,371.5,371.65,371.3,371.35,2743,
2017-11-30 13:36:00+05:30,371.3,371.55,371.3,371.45,3629,
2017-11-30 13:37:00+05:30,371.45,371.55,371.3,371.3,1585,
2017-11-30 13:38:00+05:30,371.35,371.6,371.3,371.4,3367,
2017-11-30 13:39:00+05:30,371.4,371.65,371.3,371.6,2756,
2017-11-30 13:40:00+05:30,371.6,371.6,371.3,371.35,2822,
2017-11-30 13:41:00+05:30,371.35,371.4,371.3,371.3,1243,
2017-11-30 13:42:00+05:30,371.35,372,371.35,371.8,4029,
2017-11-30 13:43:00+05:30,372,372,371.6,371.6,2574,
2017-11-30 13:44:00+05:30,371.55,371.7,371.55,371.6,4190,
2017-11-30 13:45:00+05:30,371.65,371.65,371.6,371.65,1900,
2017-11-30 13:46:00+05:30,371.65,372,371.65,371.95,3413,
2017-11-30 13:47:00+05:30,371.95,372,371.6,371.6,5047,
2017-11-30 13:48:00+05:30,371.7,371.7,371.5,371.7,5386,
2017-11-30 13:49:00+05:30,371.7,371.85,371.5,371.75,1947,
2017-11-30 13:50:00+05:30,371.8,371.8,371.5,371.65,3240,
2017-11-30 13:51:00+05:30,371.65,371.75,371.55,371.6,2795,
2017-11-30 13:52:00+05:30,371.55,371.9,371.55,371.65,1753,
2017-11-30 13:53:00+05:30,371.65,372,371.55,371.6,2624,
2017-11-30 13:54:00+05:30,371.55,371.95,371.55,371.65,1681,
2017-11-30 13:55:00+05:30,371.7,371.8,371.7,371.8,1723,
2017-11-30 13:56:00+05:30,371.8,372,371.75,371.85,2207,
2017-11-30 13:57:00+05:30,371.85,372,371.75,372,11206,
2017-11-30 13:58:00+05:30,372,372,371.75,372,4862,
2017-11-30 13:59:00+05:30,371.95,372,371.9,371.95,3205,
2017-11-30 14:00:00+05:30,372,372,371.6,371.95,2343,
2017-11-30 14:01:00+05:30,371.9,371.95,371.65,371.7,3050,
2017-11-30 14:02:00+05:30,371.65,371.65,371.4,371.6,8225,
2017-11-30 14:03:00+05:30,371.6,371.6,371.5,371.55,5550,
2017-11-30 14:04:00+05:30,371.55,371.8,371.55,371.8,2155,
2017-11-30 14:05:00+05:30,371.85,372,371.65,371.7,6161,
2017-11-30 14:06:00+05:30,371.7,371.75,371.6,371.6,3146,
2017-11-30 14:07:00+05:30,371.65,371.65,371.55,371.55,2681,
2017-11-30 14:08:00+05:30,371.6,371.6,371.55,371.55,1821,
2017-11-30 14:09:00+05:30,371.55,371.7,371.55,371.6,3297,
2017-11-30 14:10:00+05:30,371.6,371.85,371.55,371.55,3727,
2017-11-30 14:11:00+05:30,371.6,371.65,371.5,371.5,1895,
2017-11-30 14:12:00+05:30,371.55,371.7,371.55,371.55,3455,
2017-11-30 14:13:00+05:30,371.55,371.9,371.55,371.9,2106,
2017-11-30 14:14:00+05:30,371.9,371.9,371.55,371.6,2127,
2017-11-30 14:15:00+05:30,371.6,372,371.6,371.9,3193,
2017-11-30 14:16:00+05:30,371.9,372,371.9,372,6912,
2017-11-30 14:17:00+05:30,371.9,372,371.9,372,4709,
2017-11-30 14:18:00+05:30,372,372,371.9,372,9405,
2017-11-30 14:19:00+05:30,372,372,371.95,372,7270,
2017-11-30 14:20:00+05:30,371.95,372,371.85,371.9,12406,
2017-11-30 14:21:00+05:30,371.85,372,371.85,372,3433,
2017-11-30 14:22:00+05:30,372,372,371.95,371.95,22033,
2017-11-30 14:23:00+05:30,371.95,372,371.85,371.9,6477,
2017-11-30 14:24:00+05:30,371.85,371.9,371.85,371.85,4360,
2017-11-30 14:25:00+05:30,371.85,372,371.85,371.9,3841,
2017-11-30 14:26:00+05:30,372,372,371.9,372,3205,
2017-11-30 14:27:00+05:30,372,372,371.9,371.95,2418,
2017-11-30 14:28:00+05:30,372,372,371.95,371.95,7496,
2017-11-30 14:29:00+05:30,372,372,371.95,372,2980,
2017-11-30 14:30:00+05:30,372,372,371.95,371.95,3223,
2017-11-30 14:31:00+05:30,371.95,372,371.95,372,2661,
2017-11-30 14:32:00+05:30,371.95,372,371.95,372,3566,
2017-11-30 14:33:00+05:30,372,372,371.95,372,2404,
2017-11-30 14:34:00+05:30,371.95,372,371.95,372,5668,
2017-11-30 14:35:00+05:30,371.95,372,371.95,371.95,5927,
2017-11-30 14:36:00+05:30,371.95,372,371.95,372,3064,
2017-11-30 14:37:00+05:30,372,372,371.95,372,3582,
2017-11-30 14:38:00+05:30,371.95,372,371.95,371.95,4245,
2017-11-30 14:39:00+05:30,371.95,372,371.95,371.95,3986,
2017-11-30 14:40:00+05:30,371.95,372,371.95,371.95,4373,
2017-11-30 14:41:00+05:30,371.95,372,371.95,371.95,8556,
2017-11-30 14:42:00+05:30,371.95,372,371.95,371.95,4923,
2017-11-30 14:43:00+05:30,371.95,372,371.95,371.95,10497,
2017-11-30 14:44:00+05:30,371.95,372,371.95,371.95,6800,
2017-11-30 14:45:00+05:30,371.95,372.1,371.95,371.95,4347,
2017-11-30 14:46:00+05:30,371.95,372,371.95,371.95,4425,
2017-11-30 14:47:00+05:30,371.95,372.05,371.95,372,3692,
2017-11-30 14:48:00+05:30,372,372,371.95,371.95,3636,
2017-11-30 14:49:00+05:30,372,372,371.95,372,3827,
2017-11-30 14:50:00+05:30,371.95,372,371.95,372,4584,
2017-11-30 14:51:00+05:30,372,372,371.95,371.95,5146,
2017-11-30 14:52:00+05:30,371.95,372.25,371.95,372.25,10139,
2017-11-30 14:53:00+05:30,372.1,372.2,372,372.15,2251,
2017-11-30 14:54:00+05:30,372.15,372.25,372,372,4993,
2017-11-30 14:55:00+05:30,372,372.05,372,372.05,2028,
2017-11-30 14:56:00+05:30,372.05,372.25,372.05,372.1,4548,
2017-11-30 14:57:00+05:30,372.1,372.25,372,372,3070,
2017-11-30 14:58:00+05:30,372.05,372.2,372,372,5100,
2017-11-30 14:59:00+05:30,372,372.1,372,372,3018,
2017-11-30 15:00:00+05:30,372,372.1,371.95,371.95,5539,
2017-11-30 15:01:00+05:30,371.95,372,371.9,371.9,12064,
2017-11-30 15:02:00+05:30,371.95,371.95,371.9,371.95,9403,
2017-11-30 15:03:00+05:30,371.95,371.95,371.9,371.9,12684,
2017-11-30 15:04:00+05:30,371.9,371.95,371.9,371.95,9606,
2017-11-30 15:05:00+05:30,371.95,372,371.9,371.9,20659,
2017-11-30 15:06:00+05:30,371.9,371.95,371.5,371.6,15698,
2017-11-30 15:07:00+05:30,371.6,371.7,371.4,371.5,12942,
2017-11-30 15:08:00+05:30,371.5,371.5,371.3,371.5,13721,
2017-11-30 15:09:00+05:30,371.55,371.75,371.5,371.5,14023,
2017-11-30 15:10:00+05:30,371.5,371.7,371.5,371.55,7140,
2017-11-30 15:11:00+05:30,371.5,371.6,371.2,371.5,14171,
2017-11-30 15:12:00+05:30,371.5,371.65,371.05,371.05,19785,
2017-11-30 15:13:00+05:30,371.2,371.2,371.05,371.2,21535,
2017-11-30 15:14:00+05:30,371.2,371.4,371.05,371.2,16617,
2017-11-30 15:15:00+05:30,371.2,371.35,371,371.05,24561,
2017-11-30 15:16:00+05:30,371.05,371.6,370.8,371.1,11994,
2017-11-30 15:17:00+05:30,371,371.45,371,371.4,16080,
2017-11-30 15:18:00+05:30,371.4,371.4,371.25,371.35,4757,
2017-11-30 15:19:00+05:30,371.25,371.5,371.2,371.2,11411,
2017-11-30 15:20:00+05:30,371.25,371.55,371.25,371.45,27149,
2017-11-30 15:21:00+05:30,371.5,371.75,371.4,371.4,16755,
2017-11-30 15:22:00+05:30,371.4,371.7,371.2,371.45,13610,
2017-11-30 15:23:00+05:30,371.45,371.5,371.2,371.25,7128,
2017-11-30 15:24:00+05:30,371.2,371.6,371.1,371.6,21492,
2017-11-30 15:25:00+05:30,371.6,371.75,371.35,371.35,14320,
2017-11-30 15:26:00+05:30,371.75,371.75,371.3,371.45,14845,
2017-11-30 15:27:00+05:30,371.45,371.9,371.45,371.85,15761,
2017-11-30 15:28:00+05:30,371.9,372,371.85,372,17828,
2017-11-30 15:29:00+05:30,371.95,372.2,371.7,372,26059,
2017-12-01 09:15:00+05:30,373.9,374.9,373.9,374.5,18561,
2017-12-01 09:16:00+05:30,374.45,375.65,374.45,375.65,23563,
2017-12-01 09:17:00+05:30,375.3,375.8,375.25,375.5,15492,
2017-12-01 09:18:00+05:30,375.5,375.8,375.4,375.8,13301,
2017-12-01 09:19:00+05:30,375.85,375.85,375,375.05,14203,
2017-12-01 09:20:00+05:30,375.35,375.8,375.35,375.8,4777,
2017-12-01 09:21:00+05:30,375.8,375.85,375.7,375.8,6896,
2017-12-01 09:22:00+05:30,375.85,376,375.8,375.95,6732,
2017-12-01 09:23:00+05:30,375.95,376,375.55,375.75,11484,
2017-12-01 09:24:00+05:30,375.7,375.75,375.15,375.4,10234,
2017-12-01 09:25:00+05:30,375.1,375.5,375,375.3,6584,
2017-12-01 09:26:00+05:30,375.4,375.5,375,375.1,6725,
2017-12-01 09:27:00+05:30,375.5,375.5,375.05,375.4,3167,
2017-12-01 09:28:00+05:30,375.4,375.7,375.25,375.5,4483,
2017-12-01 09:29:00+05:30,375.5,376,375.5,375.7,2909,
2017-12-01 09:30:00+05:30,375.85,375.9,375.5,375.85,2849,
2017-12-01 09:31:00+05:30,375.85,375.9,375.4,375.45,5444,
2017-12-01 09:32:00+05:30,375.35,375.6,375.15,375.5,4275,
2017-12-01 09:33:00+05:30,375.5,375.7,375.35,375.65,2092,
2017-12-01 09:34:00+05:30,375.65,375.7,375.5,375.6,2676,
2017-12-01 09:35:00+05:30,375.6,375.95,375.5,375.95,4406,
2017-12-01 09:36:00+05:30,375.75,376.85,375.75,376.85,7782,
2017-12-01 09:37:00+05:30,376.75,377.2,376.75,377.2,10814,
2017-12-01 09:38:00+05:30,377.15,378.35,377.15,378.35,17134,
2017-12-01 09:39:00+05:30,378.4,379.5,378,378.7,29948,
2017-12-01 09:40:00+05:30,378.85,379.05,378.6,378.6,7639,
2017-12-01 09:41:00+05:30,378.6,378.6,378,378.3,8401,
2017-12-01 09:42:00+05:30,378.3,378.4,377.25,377.75,8917,
2017-12-01 09:43:00+05:30,377.4,378.1,377.4,378,3849,
2017-12-01 09:44:00+05:30,378,378.05,377.5,377.5,2064,
2017-12-01 09:45:00+05:30,377.5,377.5,376.8,376.9,6816,
2017-12-01 09:46:00+05:30,376.9,377,376.6,376.75,3542,
2017-12-01 09:47:00+05:30,376.75,377,376.75,376.9,2393,
2017-12-01 09:48:00+05:30,376.9,377,376.6,376.7,1589,
2017-12-01 09:49:00+05:30,376.6,376.6,375.6,375.95,7921,
2017-12-01 09:50:00+05:30,375.95,376.05,375.55,375.65,2291,
2017-12-01 09:51:00+05:30,375.65,376.35,375.65,376.2,3080,
2017-12-01 09:52:00+05:30,376.2,376.85,376,376.7,2783,
2017-12-01 09:53:00+05:30,376.7,376.8,376.05,376.7,2706,
2017-12-01 09:54:00+05:30,376.7,376.7,376.25,376.65,1242,
2017-12-01 09:55:00+05:30,376.7,376.95,376.6,376.95,1626,
2017-12-01 09:56:00+05:30,376.95,377,376.8,376.8,2646,
2017-12-01 09:57:00+05:30,376.8,376.8,376.5,376.55,1568,
2017-12-01 09:58:00+05:30,376.55,376.55,375.65,376.05,3957,
2017-12-01 09:59:00+05:30,376.05,376.35,376,376.35,1422,
2017-12-01 10:00:00+05:30,376.35,376.35,376,376.2,796,
2017-12-01 10:01:00+05:30,376.2,376.2,375.75,375.9,2063,
2017-12-01 10:02:00+05:30,375.9,376,375.65,376,1715,
2017-12-01 10:03:00+05:30,376,376,375.9,376,931,
2017-12-01 10:04:00+05:30,376,376,375.9,375.9,2452,
2017-12-01 10:05:00+05:30,375.9,376.2,375.9,376,2630,
2017-12-01 10:06:00+05:30,376,376.05,375.9,375.9,1796,
2017-12-01 10:07:00+05:30,375.9,376,375.9,375.95,860,
2017-12-01 10:08:00+05:30,375.95,376.15,375.95,376,1668,
2017-12-01 10:09:00+05:30,376,376.2,375.95,376.2,1315,
2017-12-01 10:10:00+05:30,376.2,376.45,376,376.2,2260,
2017-12-01 10:11:00+05:30,376.2,376.7,376.2,376.5,1171,
2017-12-01 10:12:00+05:30,376.5,376.8,376.5,376.8,2239,
2017-12-01 10:13:00+05:30,376.8,376.85,376.5,376.5,1541,
2017-12-01 10:14:00+05:30,376.5,376.9,376.5,376.8,1369,
2017-12-01 10:15:00+05:30,376.8,376.95,376.75,376.8,2380,
2017-12-01 10:16:00+05:30,376.8,377,376.8,376.8,1255,
2017-12-01 10:17:00+05:30,376.8,377,376.75,376.95,975,
2017-12-01 10:18:00+05:30,376.95,377,376.8,377,650,
2017-12-01 10:19:00+05:30,377,377,376.75,376.75,2722,
2017-12-01 10:20:00+05:30,376.75,376.95,375.9,376,7682,
2017-12-01 10:21:00+05:30,376,376.55,375.6,375.85,1114,
2017-12-01 10:22:00+05:30,375.75,376.4,375.7,376.4,695,
2017-12-01 10:23:00+05:30,376.4,376.4,376.05,376.2,535,
2017-12-01 10:24:00+05:30,376.2,376.4,376.05,376.4,555,
2017-12-01 10:25:00+05:30,376.4,376.6,376.4,376.6,471,
2017-12-01 10:26:00+05:30,376.5,376.5,376,376.4,1306,
2017-12-01 10:27:00+05:30,376.4,376.75,376.4,376.75,503,
2017-12-01 10:28:00+05:30,376.75,377,376.45,376.75,750,
2017-12-01 10:29:00+05:30,376.75,376.9,376.75,376.75,1015,
2017-12-01 10:30:00+05:30,376.75,376.95,376.5,376.6,1451,
2017-12-01 10:31:00+05:30,376.6,376.8,376.5,376.65,441,
2017-12-01 10:32:00+05:30,376.65,376.85,376.5,376.6,782,
2017-12-01 10:33:00+05:30,376.85,377.05,376.6,377,2490,
2017-12-01 10:34:00+05:30,377.05,377.4,377,377.4,2001,
2017-12-01 10:35:00+05:30,377.4,377.55,377.3,377.45,2852,
2017-12-01 10:36:00+05:30,377.45,377.75,377.3,377.3,1496,
2017-12-01 10:37:00+05:30,377.3,377.4,377.05,377.3,782,
2017-12-01 10:38:00+05:30,377.3,377.3,377.2,377.3,671,
2017-12-01 10:39:00+05:30,377.3,377.4,377,377.05,1895,
2017-12-01 10:40:00+05:30,377.05,377.3,377,377,1831,
2017-12-01 10:41:00+05:30,377,377.2,377,377.1,2527,
2017-12-01 10:42:00+05:30,377.2,377.2,376.6,377,1581,
2017-12-01 10:43:00+05:30,377,377,376.5,376.9,1812,
2017-12-01 10:44:00+05:30,376.9,376.9,376.3,376.55,1526,
2017-12-01 10:45:00+05:30,376.55,376.8,376.4,376.7,617,
2017-12-01 10:46:00+05:30,376.7,376.8,376.7,376.8,668,
2017-12-01 10:47:00+05:30,376.8,376.8,376.45,376.7,444,
2017-12-01 10:48:00+05:30,376.5,376.8,376.35,376.4,1016,
2017-12-01 10:49:00+05:30,376.35,376.8,376.35,376.5,1938,
2017-12-01 10:50:00+05:30,376.5,376.5,376.2,376.5,1103,
2017-12-01 10:51:00+05:30,376.5,376.5,376.25,376.5,143,
2017-12-01 10:52:00+05:30,376.5,376.6,376.5,376.6,663,
2017-12-01 10:53:00+05:30,376.6,376.7,376.5,376.65,789,
2017-12-01 10:54:00+05:30,376.65,376.75,376.5,376.5,989,
2017-12-01 10:55:00+05:30,376.5,376.5,376.4,376.4,409,
2017-12-01 10:56:00+05:30,376.5,376.9,376.5,376.8,1416,
2017-12-01 10:57:00+05:30,376.8,376.8,376.65,376.65,721,
2017-12-01 10:58:00+05:30,376.6,376.6,376.5,376.5,2068,
2017-12-01 10:59:00+05:30,376.5,376.5,376.05,376.3,1824,
2017-12-01 11:00:00+05:30,376.3,376.4,376,376.4,2183,
2017-12-01 11:01:00+05:30,376.05,376.4,376.05,376.15,1933,
2017-12-01 11:02:00+05:30,376.4,376.45,376,376.25,1201,
2017-12-01 11:03:00+05:30,376.15,376.6,376,376.6,1869,
2017-12-01 11:04:00+05:30,376.6,376.6,376.15,376.15,994,
2017-12-01 11:05:00+05:30,376.1,376.35,376.05,376.1,645,
2017-12-01 11:06:00+05:30,376.1,376.4,376.1,376.2,1155,
2017-12-01 11:07:00+05:30,376.2,376.2,375.85,375.9,2262,
2017-12-01 11:08:00+05:30,375.9,375.9,375.6,375.9,1695,
2017-12-01 11:09:00+05:30,375.65,375.95,375.6,375.65,2316,
2017-12-01 11:10:00+05:30,375.65,375.7,375.6,375.65,1079,
2017-12-01 11:11:00+05:30,375.65,375.95,375.65,375.85,1067,
2017-12-01 11:12:00+05:30,375.65,375.95,375.6,375.9,1031,
2017-12-01 11:13:00+05:30,375.9,375.9,375.6,375.7,663,
2017-12-01 11:14:00+05:30,375.7,375.9,375.6,375.85,3091,
2017-12-01 11:15:00+05:30,375.5,375.75,375.1,375.4,2319,
2017-12-01 11:16:00+05:30,375.4,375.4,375.05,375.15,741,
2017-12-01 11:17:00+05:30,375.6,375.6,375.25,375.5,405,
2017-12-01 11:18:00+05:30,375.5,376,375.5,375.7,1797,
2017-12-01 11:19:00+05:30,375.5,376,375.5,376,2354,
2017-12-01 11:20:00+05:30,376,376,375.6,375.6,686,
2017-12-01 11:21:00+05:30,375.85,375.85,375.05,375.35,3473,
2017-12-01 11:22:00+05:30,375.35,375.7,375.05,375.65,3568,
2017-12-01 11:23:00+05:30,375.4,375.6,375.1,375.4,476,
2017-12-01 11:24:00+05:30,375.4,375.4,375,375.1,1280,
2017-12-01 11:25:00+05:30,375.1,375.1,375,375.1,5257,
2017-12-01 11:26:00+05:30,375,375.8,375,375.7,6621,
2017-12-01 11:27:00+05:30,375.7,375.7,375,375,6797,
2017-12-01 11:28:00+05:30,375,375.2,374.8,374.95,1443,
2017-12-01 11:29:00+05:30,375,375.1,374.7,374.9,1941,
2017-12-01 11:30:00+05:30,374.9,374.95,374.8,374.85,2241,
2017-12-01 11:31:00+05:30,374.9,374.95,374.8,374.8,2637,
2017-12-01 11:32:00+05:30,374.8,374.9,374.7,374.7,1841,
2017-12-01 11:33:00+05:30,374.7,374.85,374.4,374.4,3205,
2017-12-01 11:34:00+05:30,374.4,374.45,374.25,374.3,1763,
2017-12-01 11:35:00+05:30,374.25,374.4,374,374,2725,
2017-12-01 11:36:00+05:30,374.35,374.45,374,374.35,3470,
2017-12-01 11:37:00+05:30,374.35,374.35,374.05,374.35,710,
2017-12-01 11:38:00+05:30,374.35,374.35,374.05,374.1,1279,
2017-12-01 11:39:00+05:30,374.1,374.45,374.1,374.25,1111,
2017-12-01 11:40:00+05:30,374.4,374.45,374.15,374.4,832,
2017-12-01 11:41:00+05:30,374.15,374.4,374.1,374.1,941,
2017-12-01 11:42:00+05:30,374.1,374.35,374.1,374.35,1952,
2017-12-01 11:43:00+05:30,374.35,374.4,374.15,374.15,688,
2017-12-01 11:44:00+05:30,374.15,374.35,374.15,374.35,462,
2017-12-01 11:45:00+05:30,374.4,374.45,374,374.45,22070,
2017-12-01 11:46:00+05:30,374.45,375,374.45,374.55,1515,
2017-12-01 11:47:00+05:30,374.55,374.85,374.5,374.85,334,
2017-12-01 11:48:00+05:30,374.85,375.4,374.55,375.15,2855,
2017-12-01 11:49:00+05:30,375.15,375.25,374.7,374.75,1633,
2017-12-01 11:50:00+05:30,374.75,374.9,374.65,374.85,1057,
2017-12-01 11:51:00+05:30,374.85,374.9,374.55,374.7,2927,
2017-12-01 11:52:00+05:30,374.7,374.9,374.7,374.9,3825,
2017-12-01 11:53:00+05:30,374.9,374.9,374.65,374.9,1675,
2017-12-01 11:54:00+05:30,374.9,375.1,374.5,374.85,7463,
2017-12-01 11:55:00+05:30,374.85,375,374.7,374.7,3006,
2017-12-01 11:56:00+05:30,374.7,375,374.7,374.75,1253,
2017-12-01 11:57:00+05:30,374.7,375,374.7,374.7,3339,
2017-12-01 11:58:00+05:30,374.65,375.05,374.65,374.9,3109,
2017-12-01 11:59:00+05:30,374.9,374.9,374.65,374.7,216,
2017-12-01 12:00:00+05:30,374.7,374.85,374.5,374.55,4938,
2017-12-01 12:01:00+05:30,374.55,374.85,374.5,374.75,690,
2017-12-01 12:02:00+05:30,374.75,374.85,374.5,374.5,4835,
2017-12-01 12:03:00+05:30,374.5,374.8,374.5,374.6,1232,
2017-12-01 12:04:00+05:30,374.55,374.85,374.5,374.8,4117,
2017-12-01 12:05:00+05:30,374.8,374.8,374.5,374.65,2488,
2017-12-01 12:06:00+05:30,374.5,374.6,374.05,374.25,1433,
2017-12-01 12:07:00+05:30,374.2,374.4,374.05,374.1,1143,
2017-12-01 12:08:00+05:30,374.1,374.5,374.05,374.1,6034,
2017-12-01 12:09:00+05:30,374.1,374.6,374.05,374.4,249,
2017-12-01 12:10:00+05:30,374.4,374.65,374.4,374.65,399,
2017-12-01 12:11:00+05:30,374.65,374.75,374.15,374.35,6024,
2017-12-01 12:12:00+05:30,374.35,374.75,374.35,374.6,780,
2017-12-01 12:13:00+05:30,374.6,374.6,374.4,374.4,254,
2017-12-01 12:14:00+05:30,374.4,374.6,374.05,374.6,8215,
2017-12-01 12:15:00+05:30,374.6,374.6,374.05,374.05,464,
2017-12-01 12:16:00+05:30,374.05,374.45,374,374.45,1150,
2017-12-01 12:17:00+05:30,374.45,374.5,374.05,374.25,5550,
2017-12-01 12:18:00+05:30,374.3,374.4,374.3,374.3,311,
2017-12-01 12:19:00+05:30,374.3,374.6,374.05,374.15,5485,
2017-12-01 12:20:00+05:30,374.15,374.45,374.1,374.4,104,
2017-12-01 12:21:00+05:30,374.4,374.4,374.05,374.2,4035,
2017-12-01 12:22:00+05:30,374.2,374.45,374.2,374.45,211,
2017-12-01 12:23:00+05:30,374.45,374.5,374.4,374.5,605,
2017-12-01 12:24:00+05:30,374.5,374.6,374.3,374.3,508,
2017-12-01 12:25:00+05:30,374.3,374.4,374.05,374.2,8285,
2017-12-01 12:26:00+05:30,374.2,374.75,374.1,374.3,1062,
2017-12-01 12:27:00+05:30,374.3,374.9,374.15,374.2,1529,
2017-12-01 12:28:00+05:30,374.2,374.45,374.05,374.45,7313,
2017-12-01 12:29:00+05:30,374.45,374.45,374.05,374.35,800,
2017-12-01 12:30:00+05:30,374.35,374.5,374.2,374.3,345,
2017-12-01 12:31:00+05:30,374.15,374.15,374.05,374.05,1118,
2017-12-01 12:32:00+05:30,374.05,374.55,374,374.55,10795,
2017-12-01 12:33:00+05:30,374.55,374.55,374,374,1262,
2017-12-01 12:34:00+05:30,374,374.35,374,374.35,4264,
2017-12-01 12:35:00+05:30,374.35,374.45,374,374,2954,
2017-12-01 12:36:00+05:30,374,374.4,374,374.4,8363,
2017-12-01 12:37:00+05:30,374.4,374.45,374.2,374.45,762,
2017-12-01 12:38:00+05:30,374.45,374.45,374.15,374.2,478,
2017-12-01 12:39:00+05:30,374.2,374.5,374.05,374.15,1996,
2017-12-01 12:40:00+05:30,374.15,374.5,374,374.2,8125,
2017-12-01 12:41:00+05:30,374.2,374.6,374.2,374.3,690,
2017-12-01 12:42:00+05:30,374.3,374.45,374.3,374.4,208,
2017-12-01 12:43:00+05:30,374.4,374.4,374.25,374.25,968,
2017-12-01 12:44:00+05:30,374.15,374.3,374,374.2,8895,
2017-12-01 12:45:00+05:30,374.2,374.3,374.1,374.2,1351,
2017-12-01 12:46:00+05:30,374.2,374.4,374.1,374.15,961,
2017-12-01 12:47:00+05:30,374.15,374.45,374.15,374.2,240,
2017-12-01 12:48:00+05:30,374.3,374.3,374.25,374.25,709,
2017-12-01 12:49:00+05:30,374.2,374.25,374.2,374.25,400,
2017-12-01 12:50:00+05:30,374.25,374.45,374.2,374.45,563,
2017-12-01 12:51:00+05:30,374.45,374.5,374.25,374.25,478,
2017-12-01 12:52:00+05:30,374.25,374.35,374,374.2,18227,
2017-12-01 12:53:00+05:30,374.2,374.35,374.05,374.15,1772,
2017-12-01 12:54:00+05:30,374.15,374.45,374.15,374.35,251,
2017-12-01 12:55:00+05:30,374.35,374.35,374.1,374.35,789,
2017-12-01 12:56:00+05:30,374.35,374.35,374,374.2,2412,
2017-12-01 12:57:00+05:30,374.2,374.4,374.2,374.35,748,
2017-12-01 12:58:00+05:30,374.35,374.35,374,374.2,1081,
2017-12-01 12:59:00+05:30,374.2,374.4,374,374.4,14351,
2017-12-01 13:00:00+05:30,374.35,374.35,374.2,374.2,835,
2017-12-01 13:01:00+05:30,374.2,374.35,374.05,374.1,438,
2017-12-01 13:02:00+05:30,374.1,374.35,374.1,374.2,513,
2017-12-01 13:03:00+05:30,374.2,374.4,374.05,374.3,1709,
2017-12-01 13:04:00+05:30,374.3,374.35,374.3,374.35,277,
2017-12-01 13:05:00+05:30,374.35,374.4,374.35,374.35,983,
2017-12-01 13:06:00+05:30,374.35,374.4,374.1,374.1,7702,
2017-12-01 13:07:00+05:30,374.1,374.1,374,374.05,5637,
2017-12-01 13:08:00+05:30,374,374.4,374,374.15,6133,
2017-12-01 13:09:00+05:30,374.15,374.35,374.05,374.05,2905,
2017-12-01 13:10:00+05:30,374.05,374.3,374,374.25,1692,
2017-12-01 13:11:00+05:30,374.25,374.4,374.15,374.4,788,
2017-12-01 13:12:00+05:30,374.4,374.85,374.4,374.8,3768,
2017-12-01 13:13:00+05:30,374.8,375,374.65,374.65,4509,
2017-12-01 13:14:00+05:30,374.65,374.9,374.65,374.8,966,
2017-12-01 13:15:00+05:30,374.8,374.9,374.65,374.85,2463,
2017-12-01 13:16:00+05:30,374.85,374.85,374.7,374.85,1298,
2017-12-01 13:17:00+05:30,374.85,374.9,374.85,374.85,662,
2017-12-01 13:18:00+05:30,374.85,374.9,374.7,374.85,1252,
2017-12-01 13:19:00+05:30,374.85,374.9,374.55,374.55,808,
2017-12-01 13:20:00+05:30,374.55,374.8,374.5,374.5,348,
2017-12-01 13:21:00+05:30,374.5,374.75,374.25,374.25,205,
2017-12-01 13:22:00+05:30,374.55,374.55,374.15,374.15,545,
2017-12-01 13:23:00+05:30,374.15,374.55,374.15,374.45,845,
2017-12-01 13:24:00+05:30,374.45,374.55,374.4,374.45,1018,
2017-12-01 13:25:00+05:30,374.45,374.45,374.4,374.4,303,
2017-12-01 13:26:00+05:30,374.4,374.75,374.4,374.75,1495,
2017-12-01 13:27:00+05:30,374.75,374.75,374.4,374.6,711,
2017-12-01 13:28:00+05:30,374.6,374.65,374.4,374.45,635,
2017-12-01 13:29:00+05:30,374.45,374.7,374.45,374.5,322,
2017-12-01 13:30:00+05:30,374.5,374.7,374.4,374.4,658,
2017-12-01 13:31:00+05:30,374.4,374.7,374.4,374.5,499,
2017-12-01 13:32:00+05:30,374.5,374.65,374.35,374.65,806,
2017-12-01 13:33:00+05:30,374.65,374.65,374.35,374.5,617,
2017-12-01 13:34:00+05:30,374.6,374.7,374.35,374.65,554,
2017-12-01 13:35:00+05:30,374.65,374.7,374.6,374.6,369,
2017-12-01 13:36:00+05:30,374.6,374.65,374.6,374.6,387,
2017-12-01 13:37:00+05:30,374.6,374.8,374.6,374.8,1554,
2017-12-01 13:38:00+05:30,374.8,374.8,374.6,374.6,252,
2017-12-01 13:39:00+05:30,374.6,374.85,374.6,374.85,1848,
2017-12-01 13:40:00+05:30,374.85,375,374.75,374.75,1679,
2017-12-01 13:41:00+05:30,374.75,374.9,374.7,374.7,657,
2017-12-01 13:42:00+05:30,374.7,374.8,374.5,374.8,1273,
2017-12-01 13:43:00+05:30,374.5,374.75,374.5,374.55,356,
2017-12-01 13:44:00+05:30,374.55,374.55,374.3,374.5,667,
2017-12-01 13:45:00+05:30,374.5,374.5,374.25,374.4,1044,
2017-12-01 13:46:00+05:30,374.25,374.45,374.25,374.45,2454,
2017-12-01 13:47:00+05:30,374.45,374.45,374.2,374.2,2455,
2017-12-01 13:48:00+05:30,374.2,374.35,374,374.25,2215,
2017-12-01 13:49:00+05:30,374.25,374.45,374.25,374.4,737,
2017-12-01 13:50:00+05:30,374.4,374.45,374.4,374.4,1698,
2017-12-01 13:51:00+05:30,374.35,374.4,374.25,374.4,577,
2017-12-01 13:52:00+05:30,374.4,374.7,374.25,374.5,51444,
2017-12-01 13:53:00+05:30,374.5,374.5,374.25,374.25,678,
2017-12-01 13:54:00+05:30,374.25,374.55,374.25,374.55,582,
2017-12-01 13:55:00+05:30,374.55,374.55,374.3,374.3,654,
2017-12-01 13:56:00+05:30,374.25,374.3,374.25,374.3,2591,
2017-12-01 13:57:00+05:30,374.3,374.4,374.25,374.4,4122,
2017-12-01 13:58:00+05:30,374.45,374.5,374.45,374.45,2333,
2017-12-01 13:59:00+05:30,374.45,374.45,374.25,374.25,245,
2017-12-01 14:00:00+05:30,374.25,374.5,374.25,374.5,886,
2017-12-01 14:01:00+05:30,374.5,374.5,374.25,374.5,959,
2017-12-01 14:02:00+05:30,374.3,374.5,374.2,374.4,436,
2017-12-01 14:03:00+05:30,374.4,374.45,374,374.45,1375,
2017-12-01 14:04:00+05:30,374.45,374.45,374,374.2,955,
2017-12-01 14:05:00+05:30,374.2,374.5,374.1,374.45,2055,
2017-12-01 14:06:00+05:30,374.45,374.5,374.35,374.35,51749,
2017-12-01 14:07:00+05:30,374.35,374.5,374.35,374.5,1810,
2017-12-01 14:08:00+05:30,374.5,374.55,374.5,374.5,1141,
2017-12-01 14:09:00+05:30,374.5,374.5,374.4,374.5,1605,
2017-12-01 14:10:00+05:30,374.5,374.6,374.4,374.45,657,
2017-12-01 14:11:00+05:30,374.45,374.9,374.45,374.5,3350,
2017-12-01 14:12:00+05:30,374.5,374.75,374.5,374.65,484,
2017-12-01 14:13:00+05:30,374.45,374.5,374.45,374.5,1275,
2017-12-01 14:14:00+05:30,374.5,374.75,374.45,374.75,2266,
2017-12-01 14:15:00+05:30,374.5,374.75,374.5,374.5,1076,
2017-12-01 14:16:00+05:30,374.5,374.6,374.5,374.5,660,
2017-12-01 14:17:00+05:30,374.5,374.55,374.5,374.5,782,
2017-12-01 14:18:00+05:30,374.5,374.6,374.5,374.5,1011,
2017-12-01 14:19:00+05:30,374.5,374.6,374.5,374.5,1038,
2017-12-01 14:20:00+05:30,374.5,374.5,374.45,374.5,1063,
2017-12-01 14:21:00+05:30,374.5,374.5,373.1,374,17340,
2017-12-01 14:22:00+05:30,374,374.2,373.5,373.9,7528,
2017-12-01 14:23:00+05:30,374,374.3,373.85,374,5213,
2017-12-01 14:24:00+05:30,374,374,373.3,373.5,1704,
2017-12-01 14:25:00+05:30,373.5,373.5,372.8,373.35,8989,
2017-12-01 14:26:00+05:30,373.2,373.2,372.5,372.6,2087,
2017-12-01 14:27:00+05:30,372.75,372.75,372.45,372.7,7356,
2017-12-01 14:28:00+05:30,372.75,372.75,371.55,372,28470,
2017-12-01 14:29:00+05:30,372,372,371.5,371.9,4160,
2017-12-01 14:30:00+05:30,371.85,371.9,371.5,371.7,5463,
2017-12-01 14:31:00+05:30,371.4,371.65,371.35,371.5,4629,
2017-12-01 14:32:00+05:30,371.5,371.6,369.6,369.95,91617,
2017-12-01 14:33:00+05:30,370,371.45,370,370.95,18437,
2017-12-01 14:34:00+05:30,370.05,370.95,370,370.35,9667,
2017-12-01 14:35:00+05:30,370.3,370.85,369.85,370,5391,
2017-12-01 14:36:00+05:30,370.05,370.15,369.6,369.85,2790,
2017-12-01 14:37:00+05:30,369.85,370.5,369.1,370.1,9599,
2017-12-01 14:38:00+05:30,370,370.4,369.8,369.95,5196,
2017-12-01 14:39:00+05:30,369.95,370,368.7,369.75,11033,
2017-12-01 14:40:00+05:30,369.8,369.8,368.45,369.1,3526,
2017-12-01 14:41:00+05:30,369.15,370.5,369.15,370.2,6662,
2017-12-01 14:42:00+05:30,370.2,370.5,369.7,370.2,5845,
2017-12-01 14:43:00+05:30,370.35,370.35,369.7,369.95,4313,
2017-12-01 14:44:00+05:30,369.95,370.05,369.4,369.85,3292,
2017-12-01 14:45:00+05:30,369.9,370,369.5,369.5,2077,
2017-12-01 14:46:00+05:30,369.5,370.45,369.5,370,5778,
2017-12-01 14:47:00+05:30,370,370,369.5,369.7,817,
2017-12-01 14:48:00+05:30,369.6,369.85,368.8,369.5,14828,
2017-12-01 14:49:00+05:30,369.5,369.55,368.95,369.45,3648,
2017-12-01 14:50:00+05:30,369.5,369.8,369.05,369.45,2541,
2017-12-01 14:51:00+05:30,369.45,369.55,368.95,369.25,2861,
2017-12-01 14:52:00+05:30,369.1,369.25,368.8,369,2226,
2017-12-01 14:53:00+05:30,369.15,369.8,369.15,369.75,2245,
2017-12-01 14:54:00+05:30,369.75,369.75,369.5,369.75,1073,
2017-12-01 14:55:00+05:30,369.75,369.75,369.3,369.4,1869,
2017-12-01 14:56:00+05:30,369.25,369.6,369.25,369.45,1750,
2017-12-01 14:57:00+05:30,369.4,369.6,368.9,369.55,7421,
2017-12-01 14:58:00+05:30,369.6,369.7,369.4,369.4,1289,
2017-12-01 14:59:00+05:30,369.4,371,369.4,370,30745,
2017-12-01 15:00:00+05:30,370.05,371,369.8,370.95,20819,
2017-12-01 15:01:00+05:30,370.95,372,370,371.7,37030,
2017-12-01 15:02:00+05:30,371.7,372.1,371.45,371.7,13359,
2017-12-01 15:03:00+05:30,371.7,371.75,370.85,371,8201,
2017-12-01 15:04:00+05:30,371,371.25,370.85,371.15,5739,
2017-12-01 15:05:00+05:30,371.15,372.4,371.15,372.35,11187,
2017-12-01 15:06:00+05:30,372.3,374,372.1,373.65,32652,
2017-12-01 15:07:00+05:30,373.65,373.65,372.7,373,12646,
2017-12-01 15:08:00+05:30,373.05,374,373,373.45,15429,
2017-12-01 15:09:00+05:30,373.3,374.4,373.15,374.25,21529,
2017-12-01 15:10:00+05:30,374.3,374.3,373.45,373.8,12624,
2017-12-01 15:11:00+05:30,373.6,374,372.85,373.3,21056,
2017-12-01 15:12:00+05:30,373.45,373.95,373,373,31223,
2017-12-01 15:13:00+05:30,373,373.5,372.85,373,32672,
2017-12-01 15:14:00+05:30,373,373.75,372.95,373.6,18164,
2017-12-01 15:15:00+05:30,373.5,373.7,373.05,373.2,10735,
2017-12-01 15:16:00+05:30,373.2,373.2,372.85,372.85,8112,
2017-12-01 15:17:00+05:30,372.9,372.9,372.2,372.2,6650,
2017-12-01 15:18:00+05:30,372,372.4,371.7,371.8,62538,
2017-12-01 15:19:00+05:30,372,372.65,372,372.65,8623,
2017-12-01 15:20:00+05:30,372.65,373,372.5,373,65755,
2017-12-01 15:21:00+05:30,372.7,372.9,371.7,372,11959,
2017-12-01 15:22:00+05:30,372.05,373.4,372,373.4,31296,
2017-12-01 15:23:00+05:30,373.45,373.5,373,373.35,23659,
2017-12-01 15:24:00+05:30,373.8,373.85,373.65,373.7,4235,
2017-12-01 15:25:00+05:30,373.95,374,373.7,373.85,14791,
2017-12-01 15:26:00+05:30,374,374,373.5,373.5,16126,
2017-12-01 15:27:00+05:30,373.5,373.9,373.2,373.85,8782,
2017-12-01 15:28:00+05:30,373.75,373.75,373,373,17522,
2017-12-01 15:29:00+05:30,373,373.7,372.3,373,23781,
2017-12-04 09:15:00+05:30,374.4,374.85,374.35,374.85,10689,
2017-12-04 09:16:00+05:30,374.85,374.9,372.75,372.75,14846,
2017-12-04 09:17:00+05:30,372.95,372.95,371.45,372,14575,
2017-12-04 09:18:00+05:30,371.9,371.9,371.45,371.6,13264,
2017-12-04 09:19:00+05:30,371.6,371.65,371,371,11073,
2017-12-04 09:20:00+05:30,371,371.1,371,371.1,6167,
2017-12-04 09:21:00+05:30,371.05,371.05,370.1,370.1,11894,
2017-12-04 09:22:00+05:30,370.65,370.65,370,370,14928,
2017-12-04 09:23:00+05:30,370,370.1,369.55,369.7,16434,
2017-12-04 09:24:00+05:30,368.5,369.75,368.05,368.4,19586,
2017-12-04 09:25:00+05:30,368.25,368.5,368,368.5,12586,
2017-12-04 09:26:00+05:30,368.15,368.95,368,368.6,6608,
2017-12-04 09:27:00+05:30,368.75,371,368.75,370.7,9152,
2017-12-04 09:28:00+05:30,370.55,371.1,370.1,370.1,6288,
2017-12-04 09:29:00+05:30,369.8,369.8,369.45,369.45,5833,
2017-12-04 09:30:00+05:30,369.65,369.75,369.5,369.5,6110,
2017-12-04 09:31:00+05:30,369.5,369.6,369.1,369.1,2581,
2017-12-04 09:32:00+05:30,369.1,369.3,369.05,369.05,3071,
2017-12-04 09:33:00+05:30,368.95,368.95,368.05,368.3,7204,
2017-12-04 09:34:00+05:30,368.3,368.4,368.25,368.4,4331,
2017-12-04 09:35:00+05:30,368.4,368.45,368.1,368.1,7701,
2017-12-04 09:36:00+05:30,368.2,369.5,368.1,368.65,10255,
2017-12-04 09:37:00+05:30,368.6,368.6,368.1,368.45,1705,
2017-12-04 09:38:00+05:30,368.45,369.1,368.25,369.1,5511,
2017-12-04 09:39:00+05:30,369.1,370.4,369.1,370,6373,
2017-12-04 09:40:00+05:30,370,370.15,369.8,369.95,2963,
2017-12-04 09:41:00+05:30,369.9,370.7,369.9,370.55,5294,
2017-12-04 09:42:00+05:30,370.55,370.7,370.5,370.55,2619,
2017-12-04 09:43:00+05:30,370.5,370.5,369,369,5206,
2017-12-04 09:44:00+05:30,369.15,369.15,368.75,368.85,2838,
2017-12-04 09:45:00+05:30,368.8,368.95,368.75,368.85,4442,
2017-12-04 09:46:00+05:30,368.8,369.3,368.8,369.3,2519,
2017-12-04 09:47:00+05:30,369.3,369.95,369.2,369.95,3695,
2017-12-04 09:48:00+05:30,369.95,370,369.5,369.5,3972,
2017-12-04 09:49:00+05:30,369.25,369.45,368.8,368.8,4083,
2017-12-04 09:50:00+05:30,368.8,368.9,368.6,368.65,3842,
2017-12-04 09:51:00+05:30,368.8,369.6,368.65,369.2,5896,
2017-12-04 09:52:00+05:30,369.9,369.9,369.2,369.5,4148,
2017-12-04 09:53:00+05:30,369.5,369.65,369.4,369.55,1078,
2017-12-04 09:54:00+05:30,369.55,369.65,369.2,369.2,2545,
2017-12-04 09:55:00+05:30,369.2,369.2,368.6,368.95,1819,
2017-12-04 09:56:00+05:30,368.95,369,368.7,368.8,1990,
2017-12-04 09:57:00+05:30,368.8,368.85,368.75,368.75,1744,
2017-12-04 09:58:00+05:30,368.8,369,368.7,368.85,2807,
2017-12-04 09:59:00+05:30,369,369.15,368.85,369.15,737,
2017-12-04 10:00:00+05:30,369.15,369.15,369,369,1613,
2017-12-04 10:01:00+05:30,368.9,369.1,368.9,369.05,2473,
2017-12-04 10:02:00+05:30,369.05,369.45,369.05,369.4,1831,
2017-12-04 10:03:00+05:30,369.4,369.4,368.9,368.9,1514,
2017-12-04 10:04:00+05:30,368.85,368.95,368.8,368.9,1257,
2017-12-04 10:05:00+05:30,368.9,369,368.7,369,2210,
2017-12-04 10:06:00+05:30,369,369,368.6,368.6,1879,
2017-12-04 10:07:00+05:30,368.6,368.65,368.5,368.55,2347,
2017-12-04 10:08:00+05:30,368.55,368.8,368.45,368.8,1941,
2017-12-04 10:09:00+05:30,368.75,368.8,368.45,368.45,4427,
2017-12-04 10:10:00+05:30,368.45,368.5,368.2,368.5,3174,
2017-12-04 10:11:00+05:30,368.5,368.7,368.45,368.65,2604,
2017-12-04 10:12:00+05:30,368.65,368.7,368.65,368.7,1241,
2017-12-04 10:13:00+05:30,368.7,368.8,368.7,368.8,1410,
2017-12-04 10:14:00+05:30,368.8,368.9,368.7,368.9,1961,
2017-12-04 10:15:00+05:30,368.9,368.95,368.8,368.95,982,
2017-12-04 10:16:00+05:30,368.95,369.05,368.85,369.05,9182,
2017-12-04 10:17:00+05:30,369.05,369.4,369,369.25,2220,
2017-12-04 10:18:00+05:30,369.25,369.4,369.1,369.1,1757,
2017-12-04 10:19:00+05:30,369.1,369.1,369,369,1716,
2017-12-04 10:20:00+05:30,369,369.05,369,369,1733,
2017-12-04 10:21:00+05:30,369,369,368.9,369,1808,
2017-12-04 10:22:00+05:30,369,369.15,368.7,369,3852,
2017-12-04 10:23:00+05:30,369,369.1,369,369.1,516,
2017-12-04 10:24:00+05:30,369.1,369.15,369.05,369.15,1468,
2017-12-04 10:25:00+05:30,369.25,369.35,369.05,369.15,4366,
2017-12-04 10:26:00+05:30,369.1,369.2,369.1,369.1,935,
2017-12-04 10:27:00+05:30,369.1,369.6,369.1,369.3,3039,
2017-12-04 10:28:00+05:30,369.55,369.55,369.3,369.3,1183,
2017-12-04 10:29:00+05:30,369.5,369.5,369.3,369.5,1831,
2017-12-04 10:30:00+05:30,369.5,369.5,369.25,369.25,934,
2017-12-04 10:31:00+05:30,369.25,369.35,369.25,369.35,1531,
2017-12-04 10:32:00+05:30,369.3,369.45,369.1,369.45,2551,
2017-12-04 10:33:00+05:30,369.45,369.45,369.3,369.3,729,
2017-12-04 10:34:00+05:30,369.15,369.3,369.05,369.3,1699,
2017-12-04 10:35:00+05:30,369.3,369.3,369.1,369.15,1153,
2017-12-04 10:36:00+05:30,369.15,369.25,369,369.05,1241,
2017-12-04 10:37:00+05:30,369.05,369.1,369,369.1,599,
2017-12-04 10:38:00+05:30,369.05,369.15,369.05,369.1,1620,
2017-12-04 10:39:00+05:30,369.1,369.15,369.05,369.1,1251,
2017-12-04 10:40:00+05:30,369.2,369.25,369.1,369.2,1802,
2017-12-04 10:41:00+05:30,369.2,369.2,369.05,369.2,2982,
2017-12-04 10:42:00+05:30,369.2,369.35,369.05,369.35,3660,
2017-12-04 10:43:00+05:30,369.05,369.35,368.95,369.35,2778,
2017-12-04 10:44:00+05:30,369.35,369.35,368.7,368.85,3546,
2017-12-04 10:45:00+05:30,368.85,368.9,368.6,368.9,1964,
2017-12-04 10:46:00+05:30,368.9,369,368.75,368.75,702,
2017-12-04 10:47:00+05:30,368.75,369.4,368.75,369.4,1883,
2017-12-04 10:48:00+05:30,369.4,369.45,369.1,369.3,1259,
2017-12-04 10:49:00+05:30,369.35,369.35,368.8,369,1098,
2017-12-04 10:50:00+05:30,369,369.05,368.8,368.85,1529,
2017-12-04 10:51:00+05:30,368.85,369.05,368.75,368.8,1195,
2017-12-04 10:52:00+05:30,368.8,368.8,368.75,368.8,602,
2017-12-04 10:53:00+05:30,368.75,368.9,368.75,368.9,883,
2017-12-04 10:54:00+05:30,368.9,369.15,368.75,369.15,2072,
2017-12-04 10:55:00+05:30,369.2,369.35,369.2,369.35,730,
2017-12-04 10:56:00+05:30,369.35,369.5,369,369.3,5668,
2017-12-04 10:57:00+05:30,369.3,369.5,369.3,369.5,1075,
2017-12-04 10:58:00+05:30,369.5,369.5,369.3,369.5,736,
2017-12-04 10:59:00+05:30,369.3,369.5,369.3,369.5,952,
2017-12-04 11:00:00+05:30,369.4,369.55,369.4,369.5,1205,
2017-12-04 11:01:00+05:30,369.5,369.5,369.3,369.4,647,
2017-12-04 11:02:00+05:30,369.4,369.7,369.25,369.4,2294,
2017-12-04 11:03:00+05:30,369.4,370,369.4,369.5,3961,
2017-12-04 11:04:00+05:30,369.5,369.75,369.45,369.75,701,
2017-12-04 11:05:00+05:30,369.75,369.75,369.05,369.45,1642,
2017-12-04 11:06:00+05:30,369.45,369.5,369.45,369.5,1523,
2017-12-04 11:07:00+05:30,369.5,369.65,369.5,369.5,1800,
2017-12-04 11:08:00+05:30,369.5,369.5,369.1,369.3,2219,
2017-12-04 11:09:00+05:30,369.3,369.45,368.8,368.8,3215,
2017-12-04 11:10:00+05:30,368.8,369,368.8,368.95,4080,
2017-12-04 11:11:00+05:30,368.95,369.45,368.95,369.4,1247,
2017-12-04 11:12:00+05:30,369.4,369.55,369.3,369.55,1107,
2017-12-04 11:13:00+05:30,369.3,369.3,369.3,369.3,483,
2017-12-04 11:14:00+05:30,369.3,369.45,368.9,369.1,1305,
2017-12-04 11:15:00+05:30,369.1,369.2,368.8,369.05,814,
2017-12-04 11:16:00+05:30,368.8,369.05,368.65,368.65,2091,
2017-12-04 11:17:00+05:30,368.65,369.05,368.65,369,1556,
2017-12-04 11:18:00+05:30,369,369,368.85,368.85,722,
2017-12-04 11:19:00+05:30,368.85,369,368.85,368.85,576,
2017-12-04 11:20:00+05:30,368.85,369,368.75,369,1582,
2017-12-04 11:21:00+05:30,369,369.05,368.6,369,1341,
2017-12-04 11:22:00+05:30,369,369,368.65,369,865,
2017-12-04 11:23:00+05:30,368.65,369,368.5,368.7,2538,
2017-12-04 11:24:00+05:30,368.7,369,368.5,369,1222,
2017-12-04 11:25:00+05:30,369,369.05,368.75,368.75,1838,
2017-12-04 11:26:00+05:30,368.7,368.9,368.7,368.8,901,
2017-12-04 11:27:00+05:30,368.8,369,368.8,369,1967,
2017-12-04 11:28:00+05:30,369,369,368.7,368.7,884,
2017-12-04 11:29:00+05:30,368.7,368.75,368.2,368.25,3825,
2017-12-04 11:30:00+05:30,368.4,368.4,367.4,368,31128,
2017-12-04 11:31:00+05:30,368,368.1,367.5,367.5,7051,
2017-12-04 11:32:00+05:30,367.5,367.8,367.45,367.7,2644,
2017-12-04 11:33:00+05:30,367.7,368,367.7,367.95,3362,
2017-12-04 11:34:00+05:30,367.95,368,367.8,368,10406,
2017-12-04 11:35:00+05:30,368,368.05,367.95,368,13399,
2017-12-04 11:36:00+05:30,368,368,367.95,368,8044,
2017-12-04 11:37:00+05:30,367.95,368,367.95,368,2981,
2017-12-04 11:38:00+05:30,368,368,367.95,367.95,1665,
2017-12-04 11:39:00+05:30,367.95,368.05,367.95,368,1616,
2017-12-04 11:40:00+05:30,368,369,368,368.55,3142,
2017-12-04 11:41:00+05:30,368.55,368.6,368.3,368.35,1556,
2017-12-04 11:42:00+05:30,368.35,368.4,368.15,368.4,1116,
2017-12-04 11:43:00+05:30,368.4,368.4,368.1,368.1,786,
2017-12-04 11:44:00+05:30,368.1,368.15,368.1,368.1,676,
2017-12-04 11:45:00+05:30,368.1,368.1,368.05,368.05,1096,
2017-12-04 11:46:00+05:30,368.05,368.1,368,368.1,771,
2017-12-04 11:47:00+05:30,368.05,368.1,368,368,633,
2017-12-04 11:48:00+05:30,367.85,368,367.75,367.75,997,
2017-12-04 11:49:00+05:30,367.7,367.95,367.4,367.4,4957,
2017-12-04 11:50:00+05:30,367.4,367.6,367.4,367.6,936,
2017-12-04 11:51:00+05:30,367.6,367.6,367.55,367.55,637,
2017-12-04 11:52:00+05:30,367.55,367.7,367.55,367.7,993,
2017-12-04 11:53:00+05:30,367.7,367.75,367.6,367.65,515,
2017-12-04 11:54:00+05:30,367.65,367.7,367.5,367.55,1249,
2017-12-04 11:55:00+05:30,367.55,367.75,367.5,367.55,1538,
2017-12-04 11:56:00+05:30,367.55,367.6,367.5,367.5,1223,
2017-12-04 11:57:00+05:30,367.5,367.6,367.5,367.6,1320,
2017-12-04 11:58:00+05:30,367.55,367.6,367.5,367.55,2364,
2017-12-04 11:59:00+05:30,367.5,367.6,367.45,367.55,1472,
2017-12-04 12:00:00+05:30,367.55,367.6,367.35,367.55,1546,
2017-12-04 12:01:00+05:30,367.6,367.7,367.55,367.7,1794,
2017-12-04 12:02:00+05:30,367.7,367.95,367.6,367.95,1261,
2017-12-04 12:03:00+05:30,367.95,367.95,367.8,367.8,851,
2017-12-04 12:04:00+05:30,367.8,367.95,367.65,367.7,2220,
2017-12-04 12:05:00+05:30,367.6,367.8,367.55,367.6,3157,
2017-12-04 12:06:00+05:30,367.6,367.6,367.5,367.6,1403,
2017-12-04 12:07:00+05:30,367.6,367.6,367.5,367.6,1851,
2017-12-04 12:08:00+05:30,367.6,367.6,367.5,367.6,1494,
2017-12-04 12:09:00+05:30,367.6,367.6,367.4,367.6,2632,
2017-12-04 12:10:00+05:30,367.6,367.6,367.55,367.6,951,
2017-12-04 12:11:00+05:30,367.55,367.7,367.5,367.7,2063,
2017-12-04 12:12:00+05:30,367.7,367.75,367.6,367.7,855,
2017-12-04 12:13:00+05:30,367.7,367.7,367.5,367.6,1154,
2017-12-04 12:14:00+05:30,367.55,367.6,367.5,367.5,1181,
2017-12-04 12:15:00+05:30,367.55,367.55,367.5,367.5,771,
2017-12-04 12:16:00+05:30,367.5,367.55,367.5,367.5,2577,
2017-12-04 12:17:00+05:30,367.5,367.55,367.5,367.55,982,
2017-12-04 12:18:00+05:30,367.5,367.6,367.5,367.5,731,
2017-12-04 12:19:00+05:30,367.5,367.6,367.5,367.5,1557,
2017-12-04 12:20:00+05:30,367.5,367.6,367.5,367.55,822,
2017-12-04 12:21:00+05:30,367.5,367.5,367.35,367.5,1512,
2017-12-04 12:22:00+05:30,367.5,367.55,367.5,367.55,751,
2017-12-04 12:23:00+05:30,367.55,367.55,367.4,367.4,1623,
2017-12-04 12:24:00+05:30,367.4,367.4,367.35,367.4,666,
2017-12-04 12:25:00+05:30,367.35,367.65,367.35,367.65,2301,
2017-12-04 12:26:00+05:30,367.6,367.7,367.5,367.7,900,
2017-12-04 12:27:00+05:30,367.7,367.7,367.6,367.7,691,
2017-12-04 12:28:00+05:30,367.5,367.7,367.3,367.4,1941,
2017-12-04 12:29:00+05:30,367.4,367.45,367.35,367.35,389,
2017-12-04 12:30:00+05:30,367.4,367.45,367.25,367.45,827,
2017-12-04 12:31:00+05:30,367.45,367.5,367.25,367.5,547,
2017-12-04 12:32:00+05:30,367.25,367.25,367.1,367.2,633,
2017-12-04 12:33:00+05:30,367.15,367.5,367.1,367.5,2593,
2017-12-04 12:34:00+05:30,367.5,368.5,367.5,368.2,2742,
2017-12-04 12:35:00+05:30,368.2,368.6,367.9,367.9,2817,
2017-12-04 12:36:00+05:30,367.75,368.1,367.75,368,527,
2017-12-04 12:37:00+05:30,368,368.1,368,368.1,635,
2017-12-04 12:38:00+05:30,368,368.1,367.9,368.1,1003,
2017-12-04 12:39:00+05:30,368.1,368.2,368,368,594,
2017-12-04 12:40:00+05:30,367.8,368,367.75,368,835,
2017-12-04 12:41:00+05:30,368,368,367.65,367.65,461,
2017-12-04 12:42:00+05:30,367.65,367.65,367.5,367.65,9239,
2017-12-04 12:43:00+05:30,367.65,367.65,367.5,367.6,5843,
2017-12-04 12:44:00+05:30,367.6,367.65,367.05,367.1,4156,
2017-12-04 12:45:00+05:30,367.05,367.15,367,367.15,3946,
2017-12-04 12:46:00+05:30,367.15,367.2,367,367.2,4545,
2017-12-04 12:47:00+05:30,367.2,367.25,367.15,367.25,546,
2017-12-04 12:48:00+05:30,367.2,367.3,367.15,367.3,835,
2017-12-04 12:49:00+05:30,367.3,367.35,367.25,367.35,1109,
2017-12-04 12:50:00+05:30,367.35,367.45,367.3,367.3,1118,
2017-12-04 12:51:00+05:30,367.3,367.3,367,367.3,1331,
2017-12-04 12:52:00+05:30,367.25,367.25,367,367.25,862,
2017-12-04 12:53:00+05:30,367.05,367.25,367,367.05,585,
2017-12-04 12:54:00+05:30,367.05,367.3,367,367.2,1675,
2017-12-04 12:55:00+05:30,367.2,367.25,366.85,366.85,3422,
2017-12-04 12:56:00+05:30,366.9,366.9,366.55,366.6,1508,
2017-12-04 12:57:00+05:30,366.6,366.8,366.5,366.8,2716,
2017-12-04 12:58:00+05:30,366.8,366.8,366.55,366.6,382,
2017-12-04 12:59:00+05:30,366.6,366.9,366.6,366.85,1720,
2017-12-04 13:00:00+05:30,366.6,367,366.6,366.85,5502,
2017-12-04 13:01:00+05:30,366.85,366.95,366.85,366.85,1479,
2017-12-04 13:02:00+05:30,367,367.1,367,367.05,8488,
2017-12-04 13:03:00+05:30,367.05,367.1,366.65,366.65,3610,
2017-12-04 13:04:00+05:30,366.65,366.85,366.65,366.8,521,
2017-12-04 13:05:00+05:30,366.75,366.8,366.7,366.7,1057,
2017-12-04 13:06:00+05:30,366.7,366.75,365.55,365.65,21459,
2017-12-04 13:07:00+05:30,365.6,365.8,365.55,365.6,1676,
2017-12-04 13:08:00+05:30,365.6,365.75,365,365.05,17934,
2017-12-04 13:09:00+05:30,365.05,365.75,365,365.65,9417,
2017-12-04 13:10:00+05:30,365.65,365.8,365.6,365.6,2725,
2017-12-04 13:11:00+05:30,365.6,365.6,365.05,365.05,4034,
2017-12-04 13:12:00+05:30,365.05,365.4,365,365,4479,
2017-12-04 13:13:00+05:30,365,365.1,364.65,364.8,1849,
2017-12-04 13:14:00+05:30,364.9,365.25,364.9,365.1,5902,
2017-12-04 13:15:00+05:30,365.1,366.75,365.1,366.5,3653,
2017-12-04 13:16:00+05:30,366.5,366.65,366.05,366.05,2863,
2017-12-04 13:17:00+05:30,366.05,366.55,366,366.45,2046,
2017-12-04 13:18:00+05:30,366.45,366.55,366.25,366.25,3350,
2017-12-04 13:19:00+05:30,366.25,366.5,366.05,366.4,4922,
2017-12-04 13:20:00+05:30,366.45,366.5,366.45,366.45,5191,
2017-12-04 13:21:00+05:30,366.45,366.55,366.45,366.5,3809,
2017-12-04 13:22:00+05:30,366.5,366.55,366.5,366.5,1933,
2017-12-04 13:23:00+05:30,366.5,366.55,366.45,366.5,6163,
2017-12-04 13:24:00+05:30,366.5,366.5,366.45,366.45,5221,
2017-12-04 13:25:00+05:30,366.45,366.5,366.45,366.5,2608,
2017-12-04 13:26:00+05:30,366.5,366.5,366.45,366.45,1085,
2017-12-04 13:27:00+05:30,366.45,366.55,366.45,366.55,645,
2017-12-04 13:28:00+05:30,366.55,366.85,366.5,366.85,1924,
2017-12-04 13:29:00+05:30,366.85,366.95,366.8,366.95,1144,
2017-12-04 13:30:00+05:30,366.95,366.95,366.85,366.85,405,
2017-12-04 13:31:00+05:30,366.85,366.95,366.85,366.9,2025,
2017-12-04 13:32:00+05:30,366.9,367,366.9,366.95,2112,
2017-12-04 13:33:00+05:30,366.95,367,366.95,366.95,1141,
2017-12-04 13:34:00+05:30,366.95,367,366.95,367,701,
2017-12-04 13:35:00+05:30,366.95,366.95,366.5,366.5,2591,
2017-12-04 13:36:00+05:30,366.5,366.95,366.5,366.9,3250,
2017-12-04 13:37:00+05:30,366.9,366.9,366.55,366.65,889,
2017-12-04 13:38:00+05:30,366.65,366.65,366.45,366.45,2717,
2017-12-04 13:39:00+05:30,366.5,366.55,366.5,366.5,1828,
2017-12-04 13:40:00+05:30,366.5,366.85,366.5,366.55,2397,
2017-12-04 13:41:00+05:30,366.55,366.8,366.5,366.8,1675,
2017-12-04 13:42:00+05:30,366.8,366.8,366.5,366.8,390,
2017-12-04 13:43:00+05:30,366.8,366.8,366.5,366.5,16946,
2017-12-04 13:44:00+05:30,366.5,366.5,366.45,366.45,6733,
2017-12-04 13:45:00+05:30,366.45,366.5,366,366.5,13250,
2017-12-04 13:46:00+05:30,366.5,366.8,366.5,366.55,2240,
2017-12-04 13:47:00+05:30,366.55,366.6,366.55,366.55,692,
2017-12-04 13:48:00+05:30,366.55,366.6,366.5,366.55,1051,
2017-12-04 13:49:00+05:30,366.55,366.6,366.5,366.55,1860,
2017-12-04 13:50:00+05:30,366.55,366.6,366.55,366.6,848,
2017-12-04 13:51:00+05:30,366.6,366.6,366.5,366.55,3547,
2017-12-04 13:52:00+05:30,366.55,366.55,366.5,366.5,1509,
2017-12-04 13:53:00+05:30,366.5,366.55,366.5,366.5,1537,
2017-12-04 13:54:00+05:30,366.5,366.55,366.5,366.5,2372,
2017-12-04 13:55:00+05:30,366.5,366.55,366.5,366.55,1166,
2017-12-04 13:56:00+05:30,366.55,366.55,366.5,366.55,3922,
2017-12-04 13:57:00+05:30,366.6,366.6,366.5,366.55,2231,
2017-12-04 13:58:00+05:30,366.55,366.6,366.5,366.5,375,
2017-12-04 13:59:00+05:30,366.5,366.55,366.4,366.4,1986,
2017-12-04 14:00:00+05:30,366.4,366.5,365.6,365.65,2562,
2017-12-04 14:01:00+05:30,365.65,365.9,365.4,365.4,4381,
2017-12-04 14:02:00+05:30,365.8,365.8,365.45,365.55,783,
2017-12-04 14:03:00+05:30,365.75,365.75,365.55,365.55,1199,
2017-12-04 14:04:00+05:30,365.55,365.75,365.4,365.5,5166,
2017-12-04 14:05:00+05:30,365.4,365.45,365.4,365.4,1194,
2017-12-04 14:06:00+05:30,365.4,365.45,364.75,364.8,5630,
2017-12-04 14:07:00+05:30,364.8,365,364.75,364.85,4984,
2017-12-04 14:08:00+05:30,364.85,364.95,364.65,364.65,1546,
2017-12-04 14:09:00+05:30,364.65,364.9,364.6,364.75,7062,
2017-12-04 14:10:00+05:30,364.75,365,364.75,365,1254,
2017-12-04 14:11:00+05:30,365,365.1,364.95,365.1,2700,
2017-12-04 14:12:00+05:30,365.1,365.15,365,365.15,1444,
2017-12-04 14:13:00+05:30,365.2,365.25,365.15,365.25,831,
2017-12-04 14:14:00+05:30,365.25,365.35,364.6,365.35,2076,
2017-12-04 14:15:00+05:30,365.35,365.4,365.25,365.35,1617,
2017-12-04 14:16:00+05:30,365.25,365.25,364.6,364.9,3617,
2017-12-04 14:17:00+05:30,364.9,364.9,364.5,364.5,1777,
2017-12-04 14:18:00+05:30,364.55,364.6,364.1,364.1,2808,
2017-12-04 14:19:00+05:30,364.5,364.95,364,364.95,7310,
2017-12-04 14:20:00+05:30,364.95,365,364,364.95,3171,
2017-12-04 14:21:00+05:30,364.95,364.95,364.8,364.95,1714,
2017-12-04 14:22:00+05:30,364.95,365,364.9,365,1370,
2017-12-04 14:23:00+05:30,365,365,364.6,364.6,640,
2017-12-04 14:24:00+05:30,364.6,364.7,364.55,364.55,1133,
2017-12-04 14:25:00+05:30,364.55,364.7,364,364.45,6123,
2017-12-04 14:26:00+05:30,364.45,364.45,364.15,364.45,1655,
2017-12-04 14:27:00+05:30,364.45,364.5,364.25,364.3,2175,
2017-12-04 14:28:00+05:30,364.2,364.35,363.5,363.65,15787,
2017-12-04 14:29:00+05:30,363.85,363.95,363.4,363.95,4103,
2017-12-04 14:30:00+05:30,363.95,364,363.6,364,2576,
2017-12-04 14:31:00+05:30,364,364,363.5,363.55,2308,
2017-12-04 14:32:00+05:30,363.55,363.75,363.5,363.75,1944,
2017-12-04 14:33:00+05:30,363.75,364.1,363.5,364.1,2420,
2017-12-04 14:34:00+05:30,364.1,364.1,364,364,1428,
2017-12-04 14:35:00+05:30,364,364.05,364,364.05,1228,
2017-12-04 14:36:00+05:30,364.05,364.25,363.75,364.2,2068,
2017-12-04 14:37:00+05:30,364.2,364.2,364,364,1756,
2017-12-04 14:38:00+05:30,364,364.1,363.95,363.95,1182,
2017-12-04 14:39:00+05:30,363.95,364.1,363.7,364.1,1927,
2017-12-04 14:40:00+05:30,364.1,364.15,364.05,364.15,665,
2017-12-04 14:41:00+05:30,364.15,364.2,364.05,364.1,1567,
2017-12-04 14:42:00+05:30,364.05,364.2,364,364,1109,
2017-12-04 14:43:00+05:30,364,364.15,363.7,363.75,1813,
2017-12-04 14:44:00+05:30,363.7,363.7,363.55,363.55,2074,
2017-12-04 14:45:00+05:30,363.55,363.6,363.5,363.6,2374,
2017-12-04 14:46:00+05:30,363.6,363.8,363.3,363.8,4220,
2017-12-04 14:47:00+05:30,363.8,363.8,363.55,363.6,1363,
2017-12-04 14:48:00+05:30,363.6,363.6,363.55,363.6,2224,
2017-12-04 14:49:00+05:30,363.55,363.65,363.15,363.2,3655,
2017-12-04 14:50:00+05:30,363.2,363.5,363.2,363.45,2451,
2017-12-04 14:51:00+05:30,363.45,363.45,363.15,363.15,1491,
2017-12-04 14:52:00+05:30,363.15,363.35,363.05,363.35,2619,
2017-12-04 14:53:00+05:30,363.35,363.45,363.1,363.15,1466,
2017-12-04 14:54:00+05:30,363.15,363.35,363.15,363.35,773,
2017-12-04 14:55:00+05:30,363.35,363.45,363.1,363.25,2426,
2017-12-04 14:56:00+05:30,363.25,363.6,363.1,363.6,4015,
2017-12-04 14:57:00+05:30,363.6,363.6,363.1,363.1,991,
2017-12-04 14:58:00+05:30,363.1,363.25,363,363,2513,
2017-12-04 14:59:00+05:30,363,363.25,362.1,362.25,12393,
2017-12-04 15:00:00+05:30,362.25,362.6,362.15,362.6,4118,
2017-12-04 15:01:00+05:30,362.6,362.95,362.5,362.75,5534,
2017-12-04 15:02:00+05:30,362.85,362.85,362.15,362.15,4043,
2017-12-04 15:03:00+05:30,362.3,362.35,362.15,362.2,6943,
2017-12-04 15:04:00+05:30,362.2,362.2,362.1,362.1,5466,
2017-12-04 15:05:00+05:30,362.15,362.8,362,362.2,8615,
2017-12-04 15:06:00+05:30,362.2,362.75,362.2,362.6,79229,
2017-12-04 15:07:00+05:30,362.65,363.4,362,363.4,7610,
2017-12-04 15:08:00+05:30,363.4,363.95,363.4,363.5,5075,
2017-12-04 15:09:00+05:30,363.7,363.7,363.5,363.6,2458,
2017-12-04 15:10:00+05:30,363.65,363.7,363.5,363.7,1983,
2017-12-04 15:11:00+05:30,363.6,363.75,363.5,363.5,3598,
2017-12-04 15:12:00+05:30,363.5,363.65,363.05,363.35,4178,
2017-12-04 15:13:00+05:30,363.35,363.35,363,363.1,2253,
2017-12-04 15:14:00+05:30,363.2,363.8,362.8,363.3,8565,
2017-12-04 15:15:00+05:30,363.3,363.3,362.4,362.7,5496,
2017-12-04 15:16:00+05:30,362.7,363.45,362.4,363,8049,
2017-12-04 15:17:00+05:30,363,363.15,362.55,362.8,8381,
2017-12-04 15:18:00+05:30,363,363.15,362.8,363.15,3334,
2017-12-04 15:19:00+05:30,363.05,363.2,362.9,363,5293,
2017-12-04 15:20:00+05:30,363,363.05,362.8,363,5704,
2017-12-04 15:21:00+05:30,363,363.2,363,363.1,6213,
2017-12-04 15:22:00+05:30,363.2,363.35,363.15,363.35,5056,
2017-12-04 15:23:00+05:30,363.25,363.5,363.25,363.35,5268,
2017-12-04 15:24:00+05:30,363.3,363.4,363.25,363.35,4129,
2017-12-04 15:25:00+05:30,363.45,363.5,363.35,363.4,8783,
2017-12-04 15:26:00+05:30,363.4,363.5,363.35,363.35,5388,
2017-12-04 15:27:00+05:30,363.45,363.75,363.35,363.7,6232,
2017-12-04 15:28:00+05:30,363.75,363.9,363.5,363.5,14815,
2017-12-04 15:29:00+05:30,363.75,363.8,363,363,10004,
2017-12-05 09:15:00+05:30,362.65,362.65,361.45,362.3,13321,
2017-12-05 09:16:00+05:30,362.15,362.35,361.25,361.8,8599,
2017-12-05 09:17:00+05:30,361.35,361.95,361.35,361.45,9675,
2017-12-05 09:18:00+05:30,361.25,361.75,361.15,361.6,9361,
2017-12-05 09:19:00+05:30,361.6,361.8,361.25,361.8,5855,
2017-12-05 09:20:00+05:30,361.85,363.15,361.45,363,8624,
2017-12-05 09:21:00+05:30,363.3,363.75,362.9,363,16630,
2017-12-05 09:22:00+05:30,363.4,363.65,363.2,363.25,14343,
2017-12-05 09:23:00+05:30,363.15,363.4,362,362.45,10682,
2017-12-05 09:24:00+05:30,362.8,362.8,362.2,362.4,2603,
2017-12-05 09:25:00+05:30,362,362.65,361.7,362,4713,
2017-12-05 09:26:00+05:30,361.7,362.05,361.7,361.95,3649,
2017-12-05 09:27:00+05:30,361.95,362,360.45,362,16903,
2017-12-05 09:28:00+05:30,361.95,362,360.9,361.05,4779,
2017-12-05 09:29:00+05:30,361.15,361.15,360.15,360.6,3904,
2017-12-05 09:30:00+05:30,360.6,360.65,360,360,8948,
2017-12-05 09:31:00+05:30,360.05,360.15,359.6,359.95,21927,
2017-12-05 09:32:00+05:30,359.6,359.9,359,359.5,11959,
2017-12-05 09:33:00+05:30,359.5,360.1,359.1,359.9,8293,
2017-12-05 09:34:00+05:30,359.95,360,359,359.85,11688,
2017-12-05 09:35:00+05:30,359.9,360,359.7,359.95,9976,
2017-12-05 09:36:00+05:30,359.95,360,359.6,359.9,4441,
2017-12-05 09:37:00+05:30,359.7,359.9,359.45,359.9,7130,
2017-12-05 09:38:00+05:30,359.85,359.9,359.5,359.55,3930,
2017-12-05 09:39:00+05:30,359.5,359.6,359.4,359.4,2712,
2017-12-05 09:40:00+05:30,359.5,359.5,358.85,359.2,5187,
2017-12-05 09:41:00+05:30,359.3,359.3,358.6,358.65,5588,
2017-12-05 09:42:00+05:30,358.65,358.65,358.1,358.4,9656,
2017-12-05 09:43:00+05:30,358.2,359.7,358.2,359.05,8950,
2017-12-05 09:44:00+05:30,359.1,359.4,359.1,359.3,2012,
2017-12-05 09:45:00+05:30,359.15,359.35,359,359.3,3009,
2017-12-05 09:46:00+05:30,359.35,359.35,358.45,358.5,5987,
2017-12-05 09:47:00+05:30,358,359,358,358.8,3270,
2017-12-05 09:48:00+05:30,358.75,359,358.75,358.75,4605,
2017-12-05 09:49:00+05:30,359,359,358,358.05,8210,
2017-12-05 09:50:00+05:30,358.05,358.85,358.05,358.1,3791,
2017-12-05 09:51:00+05:30,358.15,358.45,358.1,358.45,3134,
2017-12-05 09:52:00+05:30,358.45,359,358.45,359,6764,
2017-12-05 09:53:00+05:30,359.05,359.65,359.05,359.65,1658,
2017-12-05 09:54:00+05:30,359.7,359.75,359.2,359.2,8988,
2017-12-05 09:55:00+05:30,359.5,359.6,359.1,359.2,2187,
2017-12-05 09:56:00+05:30,359.2,359.5,359.15,359.5,1873,
2017-12-05 09:57:00+05:30,359.5,359.6,359.4,359.6,2290,
2017-12-05 09:58:00+05:30,359.6,359.75,358.75,359,4660,
2017-12-05 09:59:00+05:30,359,359,358,358.5,9159,
2017-12-05 10:00:00+05:30,358.5,358.5,358.05,358.3,4464,
2017-12-05 10:01:00+05:30,358.3,358.45,358,358,3820,
2017-12-05 10:02:00+05:30,358,358.5,358,358.4,4593,
2017-12-05 10:03:00+05:30,358.4,358.5,358,358.05,8393,
2017-12-05 10:04:00+05:30,358.35,358.35,358,358.25,4578,
2017-12-05 10:05:00+05:30,358.25,358.35,358.25,358.3,3543,
2017-12-05 10:06:00+05:30,358.3,358.35,358,358.35,1416,
2017-12-05 10:07:00+05:30,358.35,358.35,358.3,358.3,1583,
2017-12-05 10:08:00+05:30,358.3,358.35,358.15,358.3,2123,
2017-12-05 10:09:00+05:30,358,358.35,358,358.3,5733,
2017-12-05 10:10:00+05:30,358.3,358.5,358.3,358.45,3090,
2017-12-05 10:11:00+05:30,358.5,358.5,358.3,358.5,3357,
2017-12-05 10:12:00+05:30,358.5,358.5,358.2,358.45,1014,
2017-12-05 10:13:00+05:30,358.45,358.5,358.4,358.45,6041,
2017-12-05 10:14:00+05:30,358.45,358.5,358.45,358.45,5286,
2017-12-05 10:15:00+05:30,358.45,358.5,358.2,358.2,4079,
2017-12-05 10:16:00+05:30,358.2,358.65,358.1,358.65,2395,
2017-12-05 10:17:00+05:30,358.5,358.65,358.2,358.2,1469,
2017-12-05 10:18:00+05:30,358.2,359,358.2,358.6,4835,
2017-12-05 10:19:00+05:30,358.6,359,358.6,359,5815,
2017-12-05 10:20:00+05:30,359,359,358.2,358.25,5741,
2017-12-05 10:21:00+05:30,358.7,359,358.5,358.9,4059,
2017-12-05 10:22:00+05:30,358.9,359.25,358.9,359.25,5899,
2017-12-05 10:23:00+05:30,359.25,359.25,358.85,359.25,4714,
2017-12-05 10:24:00+05:30,359.25,359.25,359.2,359.25,1399,
2017-12-05 10:25:00+05:30,359.25,359.25,359.15,359.15,939,
2017-12-05 10:26:00+05:30,359.2,359.2,359.1,359.15,976,
2017-12-05 10:27:00+05:30,359.2,359.25,359.15,359.2,4297,
2017-12-05 10:28:00+05:30,359.2,359.5,359.15,359.45,3042,
2017-12-05 10:29:00+05:30,359.45,359.5,359.15,359.25,1314,
2017-12-05 10:30:00+05:30,359.35,359.5,359.35,359.5,501468,
2017-12-05 10:31:00+05:30,359.5,359.75,359.4,359.75,8460,
2017-12-05 10:32:00+05:30,359.75,359.75,359.25,359.65,3428,
2017-12-05 10:33:00+05:30,359.65,359.9,359.65,359.85,3537,
2017-12-05 10:34:00+05:30,359.9,359.9,359.7,359.85,1167,
2017-12-05 10:35:00+05:30,359.85,359.85,359.7,359.8,1338,
2017-12-05 10:36:00+05:30,359.8,359.85,359.5,359.5,1863,
2017-12-05 10:37:00+05:30,359.15,359.65,359.15,359.45,2139,
2017-12-05 10:38:00+05:30,359.45,359.75,359.45,359.75,1194,
2017-12-05 10:39:00+05:30,359.75,359.75,359.65,359.65,604,
2017-12-05 10:40:00+05:30,359.7,359.75,359.15,359.75,2407,
2017-12-05 10:41:00+05:30,359.75,359.75,359.45,359.5,1814,
2017-12-05 10:42:00+05:30,359.5,359.5,359.35,359.35,4759,
2017-12-05 10:43:00+05:30,359.35,359.35,358.6,359.25,1893,
2017-12-05 10:44:00+05:30,359.4,359.4,359,359,1963,
2017-12-05 10:45:00+05:30,359,359.25,359,359.15,1160,
2017-12-05 10:46:00+05:30,359.15,359.25,358.7,358.7,1189,
2017-12-05 10:47:00+05:30,358.7,358.85,358.7,358.75,646,
2017-12-05 10:48:00+05:30,358.75,358.75,358.55,358.75,797,
2017-12-05 10:49:00+05:30,358.75,358.75,358.2,358.5,2179,
2017-12-05 10:50:00+05:30,358.5,359,358.5,359,1742,
2017-12-05 10:51:00+05:30,359,359.25,359,359.05,2099,
2017-12-05 10:52:00+05:30,359.05,359.2,358.65,359,698,
2017-12-05 10:53:00+05:30,359,359.25,359,359.2,867,
2017-12-05 10:54:00+05:30,359.2,359.25,359,359.25,907,
2017-12-05 10:55:00+05:30,359.25,359.25,359.1,359.25,2712,
2017-12-05 10:56:00+05:30,359.25,359.25,358.9,359.1,1824,
2017-12-05 10:57:00+05:30,359.1,359.25,358.95,359.25,889,
2017-12-05 10:58:00+05:30,359.25,359.25,359,359.25,717,
2017-12-05 10:59:00+05:30,359.2,359.25,358.95,359.25,587,
2017-12-05 11:00:00+05:30,359.25,359.25,359.05,359.2,735,
2017-12-05 11:01:00+05:30,359.2,359.25,359,359.25,1316,
2017-12-05 11:02:00+05:30,359.25,359.3,359.05,359.3,1216,
2017-12-05 11:03:00+05:30,359.3,359.5,359.1,359.35,892,
2017-12-05 11:04:00+05:30,359.35,359.45,359.1,359.4,924,
2017-12-05 11:05:00+05:30,359.5,359.55,359.15,359.15,1225,
2017-12-05 11:06:00+05:30,359.15,359.45,359.15,359.25,439,
2017-12-05 11:07:00+05:30,359.25,359.4,359.2,359.3,606,
2017-12-05 11:08:00+05:30,359.1,359.75,359.1,359.75,2861,
2017-12-05 11:09:00+05:30,359.75,359.75,358.55,359.5,3554,
2017-12-05 11:10:00+05:30,359.6,359.65,359.5,359.6,476,
2017-12-05 11:11:00+05:30,359.65,359.75,359.15,359.7,2055,
2017-12-05 11:12:00+05:30,359.7,359.75,359.05,359.7,3216,
2017-12-05 11:13:00+05:30,359.7,359.7,359.1,359.25,1095,
2017-12-05 11:14:00+05:30,359.45,359.75,359.05,359.7,7333,
2017-12-05 11:15:00+05:30,359.7,359.75,359.55,359.65,412,
2017-12-05 11:16:00+05:30,359.6,359.75,358.9,359,5722,
2017-12-05 11:17:00+05:30,359,359.2,358.8,359,5347,
2017-12-05 11:18:00+05:30,359,359.5,358.95,359.5,1836,
2017-12-05 11:19:00+05:30,359.5,359.55,359.15,359.15,1027,
2017-12-05 11:20:00+05:30,359.5,359.65,359,359.55,1861,
2017-12-05 11:21:00+05:30,359.55,359.55,359.1,359.55,924,
2017-12-05 11:22:00+05:30,359.55,359.6,359.35,359.6,372,
2017-12-05 11:23:00+05:30,359.65,359.65,359.5,359.5,432,
2017-12-05 11:24:00+05:30,359.5,359.65,359.4,359.6,560,
2017-12-05 11:25:00+05:30,359.65,359.65,359.5,359.5,505,
2017-12-05 11:26:00+05:30,359.5,359.65,359.45,359.45,1628,
2017-12-05 11:27:00+05:30,359.4,359.5,359.4,359.5,588,
2017-12-05 11:28:00+05:30,359.5,359.5,359.4,359.4,870,
2017-12-05 11:29:00+05:30,359.4,359.5,359.05,359.3,4176,
2017-12-05 11:30:00+05:30,359.3,359.4,359.3,359.35,544,
2017-12-05 11:31:00+05:30,359.35,359.4,359.05,359.35,721,
2017-12-05 11:32:00+05:30,359.35,359.35,359,359.05,1238,
2017-12-05 11:33:00+05:30,359.05,359.3,359,359.3,618,
2017-12-05 11:34:00+05:30,359.3,359.35,359.1,359.1,581,
2017-12-05 11:35:00+05:30,359.3,359.35,359.1,359.1,871,
2017-12-05 11:36:00+05:30,359.1,359.4,359.1,359.4,1047,
2017-12-05 11:37:00+05:30,359.4,359.45,359,359,678,
2017-12-05 11:38:00+05:30,359,359.1,358.85,358.85,1029,
2017-12-05 11:39:00+05:30,358.85,359,358.85,358.9,588,
2017-12-05 11:40:00+05:30,358.9,358.9,358.45,358.45,3022,
2017-12-05 11:41:00+05:30,358.1,358.1,357.2,358,15098,
2017-12-05 11:42:00+05:30,358,358,357.7,357.8,1600,
2017-12-05 11:43:00+05:30,357.8,358.55,357.75,358.55,1368,
2017-12-05 11:44:00+05:30,358.6,358.7,358.1,358.45,1501,
2017-12-05 11:45:00+05:30,358.45,358.55,358.1,358.5,806,
2017-12-05 11:46:00+05:30,358.5,358.6,358.45,358.6,1168,
2017-12-05 11:47:00+05:30,358.6,359,358.6,359,2613,
2017-12-05 11:48:00+05:30,359,359,358.85,358.9,859,
2017-12-05 11:49:00+05:30,358.9,358.9,358.55,358.85,703,
2017-12-05 11:50:00+05:30,358.85,358.9,358.6,358.65,500,
2017-12-05 11:51:00+05:30,358.6,358.85,358.55,358.8,543,
2017-12-05 11:52:00+05:30,358.8,358.9,358.5,358.8,1198,
2017-12-05 11:53:00+05:30,358.8,358.85,358.3,358.3,1786,
2017-12-05 11:54:00+05:30,358.3,358.8,358.3,358.7,458,
2017-12-05 11:55:00+05:30,358.65,358.8,358.3,358.7,885,
2017-12-05 11:56:00+05:30,358.7,358.9,358,358.35,1111,
2017-12-05 11:57:00+05:30,358.35,358.9,358.35,358.75,723,
2017-12-05 11:58:00+05:30,358.75,358.9,358.75,358.85,356,
2017-12-05 11:59:00+05:30,358.85,358.9,358,358.8,1718,
2017-12-05 12:00:00+05:30,358.85,358.95,358.55,358.95,1574,
2017-12-05 12:01:00+05:30,358.95,359,358.7,358.95,2000,
2017-12-05 12:02:00+05:30,359,359,358.5,358.9,2018,
2017-12-05 12:03:00+05:30,358.9,359,358.7,358.75,851,
2017-12-05 12:04:00+05:30,358.75,358.75,358.5,358.5,740,
2017-12-05 12:05:00+05:30,358.5,358.75,358.4,358.75,2641,
2017-12-05 12:06:00+05:30,358.75,358.75,358.2,358.5,908,
2017-12-05 12:07:00+05:30,358.5,358.6,358.1,358.4,1946,
2017-12-05 12:08:00+05:30,358.4,358.5,358.4,358.45,452,
2017-12-05 12:09:00+05:30,358.5,358.5,358.15,358.45,1901,
2017-12-05 12:10:00+05:30,358.45,358.5,358.25,358.45,1084,
2017-12-05 12:11:00+05:30,358.5,358.5,358.2,358.25,770,
2017-12-05 12:12:00+05:30,358.25,358.5,358.2,358.45,486,
2017-12-05 12:13:00+05:30,358.5,358.5,358.45,358.5,1050,
2017-12-05 12:14:00+05:30,358.5,358.5,358.05,358.2,2298,
2017-12-05 12:15:00+05:30,358.4,358.45,358.4,358.45,1775,
2017-12-05 12:16:00+05:30,358.45,358.45,358.1,358.25,1101,
2017-12-05 12:17:00+05:30,358.25,358.25,358.05,358.15,1187,
2017-12-05 12:18:00+05:30,358.15,358.4,357.85,358,3045,
2017-12-05 12:19:00+05:30,358,358.25,358,358.2,3254,
2017-12-05 12:20:00+05:30,358.25,358.5,358.25,358.5,4157,
2017-12-05 12:21:00+05:30,358.5,358.5,358.4,358.4,2507,
2017-12-05 12:22:00+05:30,358.4,358.75,358.4,358.75,4745,
2017-12-05 12:23:00+05:30,358.7,358.75,358.5,358.6,812,
2017-12-05 12:24:00+05:30,358.6,358.75,358.6,358.7,1127,
2017-12-05 12:25:00+05:30,358.7,358.75,358.7,358.7,733,
2017-12-05 12:26:00+05:30,358.7,358.75,358.7,358.75,1967,
2017-12-05 12:27:00+05:30,358.75,358.8,358.7,358.8,1758,
2017-12-05 12:28:00+05:30,358.8,358.8,358.5,358.6,1287,
2017-12-05 12:29:00+05:30,358.6,358.75,358.45,358.75,711,
2017-12-05 12:30:00+05:30,358,358.85,358,358.85,1601,
2017-12-05 12:31:00+05:30,358.85,359,358.85,358.95,2297,
2017-12-05 12:32:00+05:30,358.95,359.4,358.95,359.35,1131,
2017-12-05 12:33:00+05:30,359.35,359.35,359,359,618,
2017-12-05 12:34:00+05:30,358.95,359.35,358.95,359.25,1098,
2017-12-05 12:35:00+05:30,359.25,359.65,359.25,359.6,3899,
2017-12-05 12:36:00+05:30,359.6,359.7,359.5,359.7,1027,
2017-12-05 12:37:00+05:30,359.55,359.7,359.15,359.55,1169,
2017-12-05 12:38:00+05:30,359.55,359.55,359,359.4,847,
2017-12-05 12:39:00+05:30,359.4,359.45,359.1,359.4,628,
2017-12-05 12:40:00+05:30,359.8,359.8,359.5,359.5,2071,
2017-12-05 12:41:00+05:30,359.5,359.7,359.5,359.6,587,
2017-12-05 12:42:00+05:30,359.65,359.65,359.5,359.65,1098,
2017-12-05 12:43:00+05:30,359.65,359.65,359.5,359.5,519,
2017-12-05 12:44:00+05:30,359.5,359.6,359.5,359.55,788,
2017-12-05 12:45:00+05:30,359.55,359.55,359.5,359.55,401,
2017-12-05 12:46:00+05:30,359.55,359.55,359.25,359.3,586,
2017-12-05 12:47:00+05:30,359.4,359.4,358.85,358.9,485,
2017-12-05 12:48:00+05:30,358.9,358.95,358.7,358.95,966,
2017-12-05 12:49:00+05:30,359,359.2,358.95,358.95,767,
2017-12-05 12:50:00+05:30,358.95,359.5,358.95,359.3,981,
2017-12-05 12:51:00+05:30,359.3,359.5,359.2,359.2,276,
2017-12-05 12:52:00+05:30,359.05,359.35,358.9,359.35,366,
2017-12-05 12:53:00+05:30,359.35,359.35,358.95,359,258,
2017-12-05 12:54:00+05:30,359.1,359.1,359,359.05,259,
2017-12-05 12:55:00+05:30,359.05,359.1,359,359.05,273,
2017-12-05 12:56:00+05:30,359.05,359.25,359,359.2,655,
2017-12-05 12:57:00+05:30,359.2,359.45,359,359.45,748,
2017-12-05 12:58:00+05:30,359.45,359.5,359.05,359.35,1081,
2017-12-05 12:59:00+05:30,359.35,359.4,358.8,358.8,1534,
2017-12-05 13:00:00+05:30,358.8,359,358.8,359,620,
2017-12-05 13:01:00+05:30,359,359,358.65,358.9,1106,
2017-12-05 13:02:00+05:30,358.9,358.9,358.8,358.9,210,
2017-12-05 13:03:00+05:30,358.9,359,358.8,359,279,
2017-12-05 13:04:00+05:30,359,359,358.85,358.9,1171,
2017-12-05 13:05:00+05:30,358.9,359,358.8,359,609,
2017-12-05 13:06:00+05:30,359,359,358.8,359,2938,
2017-12-05 13:07:00+05:30,358.95,358.95,358.5,358.55,4017,
2017-12-05 13:08:00+05:30,358.55,358.9,358.5,358.5,1463,
2017-12-05 13:09:00+05:30,358.5,358.85,358.5,358.55,835,
2017-12-05 13:10:00+05:30,358.55,358.7,358.35,358.5,818,
2017-12-05 13:11:00+05:30,358.5,358.5,358.45,358.45,1544,
2017-12-05 13:12:00+05:30,358.45,358.5,358.3,358.3,478,
2017-12-05 13:13:00+05:30,358.3,358.3,358.1,358.2,5097,
2017-12-05 13:14:00+05:30,358.2,358.2,357.95,357.95,4807,
2017-12-05 13:15:00+05:30,358,358,357.95,358,1623,
2017-12-05 13:16:00+05:30,358,358,357.75,358,3580,
2017-12-05 13:17:00+05:30,358.25,358.25,358.05,358.25,1027,
2017-12-05 13:18:00+05:30,358.25,358.25,358.2,358.25,1707,
2017-12-05 13:19:00+05:30,358.25,358.25,358.2,358.25,582,
2017-12-05 13:20:00+05:30,358.25,358.25,358,358.2,8204,
2017-12-05 13:21:00+05:30,358.25,358.25,358,358.2,914,
2017-12-05 13:22:00+05:30,358.15,358.25,357.75,358.25,1683,
2017-12-05 13:23:00+05:30,358.2,358.2,358,358.2,1205,
2017-12-05 13:24:00+05:30,358.2,358.25,357.7,358.25,14046,
2017-12-05 13:25:00+05:30,358.25,358.5,358.25,358.5,1830,
2017-12-05 13:26:00+05:30,358.5,358.5,358,358.35,3396,
2017-12-05 13:27:00+05:30,358.35,358.5,358.35,358.5,984,
2017-12-05 13:28:00+05:30,358.5,358.5,358.45,358.45,904,
2017-12-05 13:29:00+05:30,358.45,358.5,358.4,358.5,1540,
2017-12-05 13:30:00+05:30,358.5,359,358.3,359,1915,
2017-12-05 13:31:00+05:30,358.95,359,358.55,358.55,1041,
2017-12-05 13:32:00+05:30,358.55,358.6,358.5,358.5,624,
2017-12-05 13:33:00+05:30,358.5,358.5,358.45,358.45,736,
2017-12-05 13:34:00+05:30,358.45,358.6,358.45,358.6,764,
2017-12-05 13:35:00+05:30,358.6,358.6,358.45,358.55,979,
2017-12-05 13:36:00+05:30,358.55,358.55,358.25,358.45,595,
2017-12-05 13:37:00+05:30,358.45,358.6,358.4,358.55,989,
2017-12-05 13:38:00+05:30,358.4,358.6,358.4,358.6,452,
2017-12-05 13:39:00+05:30,358.6,358.7,358.4,358.7,2055,
2017-12-05 13:40:00+05:30,358.7,359,358.7,359,3318,
2017-12-05 13:41:00+05:30,359,359.4,359,359.35,1117,
2017-12-05 13:42:00+05:30,359.35,359.35,359,359.1,490,
2017-12-05 13:43:00+05:30,359.1,359.5,359,359.5,2234,
2017-12-05 13:44:00+05:30,359.5,359.6,358.55,359.15,2920,
2017-12-05 13:45:00+05:30,359.15,359.4,358.95,359.3,476,
2017-12-05 13:46:00+05:30,359.25,359.3,358.6,358.9,2572,
2017-12-05 13:47:00+05:30,358.9,359,358.9,359,9183,
2017-12-05 13:48:00+05:30,359.35,359.4,358.7,359.3,2264,
2017-12-05 13:49:00+05:30,359.3,359.35,358.85,359,787,
2017-12-05 13:50:00+05:30,359,359.4,358.4,359.4,11375,
2017-12-05 13:51:00+05:30,359.45,359.6,359.35,359.6,2630,
2017-12-05 13:52:00+05:30,359.6,359.6,358.75,358.75,5219,
2017-12-05 13:53:00+05:30,358.75,359.5,358.75,359.5,4737,
2017-12-05 13:54:00+05:30,359.5,359.65,359.5,359.6,1914,
2017-12-05 13:55:00+05:30,359.6,359.95,359.6,359.95,4929,
2017-12-05 13:56:00+05:30,360,360,359.45,359.5,3600,
2017-12-05 13:57:00+05:30,359.5,359.5,359.15,359.35,538,
2017-12-05 13:58:00+05:30,359.35,359.6,359.35,359.6,1244,
2017-12-05 13:59:00+05:30,359.6,359.85,359.45,359.85,592,
2017-12-05 14:00:00+05:30,359.85,359.85,359.5,359.75,2546,
2017-12-05 14:01:00+05:30,359.75,360.5,359.5,360.3,21515,
2017-12-05 14:02:00+05:30,360.45,360.45,360.05,360.05,2004,
2017-12-05 14:03:00+05:30,360.05,360.5,359.9,360.25,5688,
2017-12-05 14:04:00+05:30,360.25,361,360.25,360.9,8206,
2017-12-05 14:05:00+05:30,361,361.5,360.95,361.35,5665,
2017-12-05 14:06:00+05:30,361.35,361.55,361.1,361.4,8710,
2017-12-05 14:07:00+05:30,361.4,363,361.2,363,29139,
2017-12-05 14:08:00+05:30,363.35,365.6,363.3,364,85064,
2017-12-05 14:09:00+05:30,364.2,364.45,363.3,364.1,18919,
2017-12-05 14:10:00+05:30,364,364.35,363.3,363.3,9473,
2017-12-05 14:11:00+05:30,363.3,363.3,362.55,362.75,3758,
2017-12-05 14:12:00+05:30,362.65,363,362.65,362.95,4861,
2017-12-05 14:13:00+05:30,362.95,363,362.65,362.9,2777,
2017-12-05 14:14:00+05:30,362.9,362.9,362.75,362.75,1182,
2017-12-05 14:15:00+05:30,362.75,363,362.6,363,1997,
2017-12-05 14:16:00+05:30,362.95,363,362.9,363,2324,
2017-12-05 14:17:00+05:30,363,363.85,362.8,363.5,5212,
2017-12-05 14:18:00+05:30,363.5,363.7,362.65,363.7,7744,
2017-12-05 14:19:00+05:30,363.55,363.9,363.45,363.8,5208,
2017-12-05 14:20:00+05:30,363.8,363.8,363.05,363.55,1916,
2017-12-05 14:21:00+05:30,363.4,363.9,363.1,363.7,4864,
2017-12-05 14:22:00+05:30,363.7,363.8,363.1,363.1,2653,
2017-12-05 14:23:00+05:30,363.1,363.35,362.65,362.7,2447,
2017-12-05 14:24:00+05:30,362.7,362.9,362.7,362.8,1225,
2017-12-05 14:25:00+05:30,362.8,362.8,362.5,362.5,2461,
2017-12-05 14:26:00+05:30,362.35,362.5,362.15,362.4,2564,
2017-12-05 14:27:00+05:30,362.4,362.4,361.3,361.3,6363,
2017-12-05 14:28:00+05:30,361.3,361.45,360.95,361,8398,
2017-12-05 14:29:00+05:30,361,361,360.55,361,9923,
2017-12-05 14:30:00+05:30,361,361,360.6,360.8,3832,
2017-12-05 14:31:00+05:30,360.8,362.3,360.8,362.3,3123,
2017-12-05 14:32:00+05:30,362.3,362.7,362.3,362.6,4072,
2017-12-05 14:33:00+05:30,362.6,362.6,361.7,362.4,2117,
2017-12-05 14:34:00+05:30,362.4,362.4,362.2,362.35,2184,
2017-12-05 14:35:00+05:30,362.35,362.9,362.35,362.9,3946,
2017-12-05 14:36:00+05:30,362.9,363.9,362.6,363.9,12462,
2017-12-05 14:37:00+05:30,363.9,363.9,363,363.2,3483,
2017-12-05 14:38:00+05:30,363.2,363.2,362.1,362.65,2107,
2017-12-05 14:39:00+05:30,362.65,363,362.4,362.8,1283,
2017-12-05 14:40:00+05:30,362.8,363,362.15,362.75,1219,
2017-12-05 14:41:00+05:30,362.95,363.3,362.9,363.25,3472,
2017-12-05 14:42:00+05:30,363.25,363.3,362.4,362.6,2421,
2017-12-05 14:43:00+05:30,362.6,362.8,362.6,362.75,1665,
2017-12-05 14:44:00+05:30,362.75,362.75,362.5,362.5,3106,
2017-12-05 14:45:00+05:30,362.5,362.65,362.5,362.65,630,
2017-12-05 14:46:00+05:30,362.65,362.8,362.65,362.65,1143,
2017-12-05 14:47:00+05:30,362.7,362.75,362.55,362.6,765,
2017-12-05 14:48:00+05:30,362.6,362.6,362.2,362.25,2147,
2017-12-05 14:49:00+05:30,362.25,362.5,361.85,361.9,1981,
2017-12-05 14:50:00+05:30,361.9,362,361.5,361.5,1751,
2017-12-05 14:51:00+05:30,361.5,361.7,361.45,361.5,946,
2017-12-05 14:52:00+05:30,361.5,361.7,361.05,361.55,4053,
2017-12-05 14:53:00+05:30,361.7,361.95,361.55,361.75,1733,
2017-12-05 14:54:00+05:30,361.75,362,361.75,362,1514,
2017-12-05 14:55:00+05:30,362,362.5,362,362.5,1129,
2017-12-05 14:56:00+05:30,362.45,362.45,361.9,362.2,1070,
2017-12-05 14:57:00+05:30,362.2,362.2,361.95,361.95,953,
2017-12-05 14:58:00+05:30,361.95,362,361.65,361.65,1048,
2017-12-05 14:59:00+05:30,361.65,361.85,361.5,361.65,1326,
2017-12-05 15:00:00+05:30,361.65,362.45,361.55,362.3,2987,
2017-12-05 15:01:00+05:30,362.3,362.9,362.25,362.3,4847,
2017-12-05 15:02:00+05:30,362.3,362.75,362.25,362.6,1381,
2017-12-05 15:03:00+05:30,362.25,362.45,362.1,362.3,1867,
2017-12-05 15:04:00+05:30,362.3,362.4,362.05,362.05,2525,
2017-12-05 15:05:00+05:30,362.4,362.6,362.15,362.6,2252,
2017-12-05 15:06:00+05:30,362.6,362.9,362.2,362.45,14867,
2017-12-05 15:07:00+05:30,362.45,362.75,362.25,362.3,4959,
2017-12-05 15:08:00+05:30,362.3,362.6,362.3,362.4,946,
2017-12-05 15:09:00+05:30,362.4,362.5,362.4,362.4,3099,
2017-12-05 15:10:00+05:30,362.65,362.7,362.4,362.4,1792,
2017-12-05 15:11:00+05:30,362.45,362.55,362.4,362.55,1872,
2017-12-05 15:12:00+05:30,362.55,362.65,362.45,362.6,2452,
2017-12-05 15:13:00+05:30,362.65,362.7,362.5,362.7,1995,
2017-12-05 15:14:00+05:30,362.7,362.7,362.6,362.6,4248,
2017-12-05 15:15:00+05:30,362.7,362.7,362.4,362.6,7894,
2017-12-05 15:16:00+05:30,362.55,362.55,362.1,362.25,3420,
2017-12-05 15:17:00+05:30,362.15,362.15,361.55,361.65,6692,
2017-12-05 15:18:00+05:30,361.65,362,361.6,361.9,2080,
2017-12-05 15:19:00+05:30,361.8,362.3,361.8,362.3,3705,
2017-12-05 15:20:00+05:30,362.3,362.3,361.95,362.1,3755,
2017-12-05 15:21:00+05:30,362.2,362.5,362.1,362.2,4770,
2017-12-05 15:22:00+05:30,362.1,362.15,362.05,362.15,3024,
2017-12-05 15:23:00+05:30,362.1,362.35,362.05,362.35,5066,
2017-12-05 15:24:00+05:30,362.35,362.35,362.05,362.2,3316,
2017-12-05 15:25:00+05:30,362.1,362.35,362.1,362.2,3683,
2017-12-05 15:26:00+05:30,362.35,362.5,362.35,362.5,10745,
2017-12-05 15:27:00+05:30,362.5,362.75,362.35,362.5,11354,
2017-12-05 15:28:00+05:30,362.5,362.5,361.85,362.3,9684,
2017-12-05 15:29:00+05:30,362.4,362.4,362.1,362.1,6434,
2017-12-06 09:15:00+05:30,360.2,360.85,360,360.45,7982,
2017-12-06 09:16:00+05:30,360.45,360.5,358.7,358.75,11803,
2017-12-06 09:17:00+05:30,358.95,360.2,358.95,360.05,6796,
2017-12-06 09:18:00+05:30,360,360.75,359.95,360.75,6055,
2017-12-06 09:19:00+05:30,360.75,362,360.5,361.85,9432,
2017-12-06 09:20:00+05:30,361.85,361.95,360.7,360.7,7270,
2017-12-06 09:21:00+05:30,360.8,361.45,360.35,361.15,3399,
2017-12-06 09:22:00+05:30,361.15,361.25,360.7,360.75,4102,
2017-12-06 09:23:00+05:30,360.75,361.05,360.45,360.65,7843,
2017-12-06 09:24:00+05:30,360.65,361.35,360.65,361.1,2412,
2017-12-06 09:25:00+05:30,361.1,361.35,360.95,360.95,1045,
2017-12-06 09:26:00+05:30,360.75,361,360.5,360.7,2362,
2017-12-06 09:27:00+05:30,360.7,362.2,360.7,362.2,3642,
2017-12-06 09:28:00+05:30,362.25,362.8,362.25,362.7,6829,
2017-12-06 09:29:00+05:30,362.7,363,362.55,363,5948,
2017-12-06 09:30:00+05:30,362.85,364.2,362.85,364.15,7407,
2017-12-06 09:31:00+05:30,364.4,365.25,364.3,365.1,28864,
2017-12-06 09:32:00+05:30,364.95,365.05,364.85,364.9,9404,
2017-12-06 09:33:00+05:30,364.9,365.2,364.9,365.05,4903,
2017-12-06 09:34:00+05:30,365.2,365.25,364.55,364.6,4388,
2017-12-06 09:35:00+05:30,364.55,364.9,364.5,364.5,2711,
2017-12-06 09:36:00+05:30,364.6,364.85,364.2,364.35,2768,
2017-12-06 09:37:00+05:30,364.3,364.45,363.7,363.75,4584,
2017-12-06 09:38:00+05:30,363.7,363.7,363.1,363.5,6374,
2017-12-06 09:39:00+05:30,363.35,363.5,363.25,363.5,4544,
2017-12-06 09:40:00+05:30,363.5,363.5,363.35,363.4,3414,
2017-12-06 09:41:00+05:30,363.4,363.4,362.55,362.7,7901,
2017-12-06 09:42:00+05:30,362.7,363,362.7,363,2358,
2017-12-06 09:43:00+05:30,363,363,362.9,363,3893,
2017-12-06 09:44:00+05:30,363,363,362.8,362.95,1512,
2017-12-06 09:45:00+05:30,362.8,363,362.8,362.85,3747,
2017-12-06 09:46:00+05:30,362.85,362.95,362.1,362.2,4217,
2017-12-06 09:47:00+05:30,362.7,362.7,362.4,362.55,808,
2017-12-06 09:48:00+05:30,362.55,362.85,362.5,362.85,2678,
2017-12-06 09:49:00+05:30,362.85,363.1,362.8,363.1,2299,
2017-12-06 09:50:00+05:30,363.05,363.25,362.75,363,4408,
2017-12-06 09:51:00+05:30,363,363.25,362.85,363.25,5535,
2017-12-06 09:52:00+05:30,363.25,363.5,363.1,363.5,4781,
2017-12-06 09:53:00+05:30,363.5,363.5,363.35,363.35,1126,
2017-12-06 09:54:00+05:30,363.35,363.5,363.1,363.15,4545,
2017-12-06 09:55:00+05:30,363.15,363.45,363,363.3,2539,
2017-12-06 09:56:00+05:30,363.3,363.4,363.15,363.2,589,
2017-12-06 09:57:00+05:30,363.2,363.4,363.15,363.35,1276,
2017-12-06 09:58:00+05:30,363.35,363.35,363,363.15,3032,
2017-12-06 09:59:00+05:30,363.3,363.3,362.8,363.15,3512,
2017-12-06 10:00:00+05:30,363.15,363.15,362.8,362.8,1599,
2017-12-06 10:01:00+05:30,362.8,363,362.65,363,757,
2017-12-06 10:02:00+05:30,362.8,362.9,362.6,362.6,939,
2017-12-06 10:03:00+05:30,362.6,362.75,362.55,362.75,895,
2017-12-06 10:04:00+05:30,362.75,362.9,362.65,362.9,302,
2017-12-06 10:05:00+05:30,362.9,363,362.85,363,3890,
2017-12-06 10:06:00+05:30,363,363,362.1,362.5,3532,
2017-12-06 10:07:00+05:30,362.5,362.5,361.9,362.2,4004,
2017-12-06 10:08:00+05:30,362.2,362.55,362.15,362.5,2288,
2017-12-06 10:09:00+05:30,362.55,363,362.55,362.8,2015,
2017-12-06 10:10:00+05:30,362.6,362.85,362.6,362.85,1481,
2017-12-06 10:11:00+05:30,362.85,362.9,362.65,362.9,559,
2017-12-06 10:12:00+05:30,362.9,362.9,362.6,362.85,1521,
2017-12-06 10:13:00+05:30,362.85,362.85,362.65,362.8,495,
2017-12-06 10:14:00+05:30,362.8,362.85,362.7,362.7,890,
2017-12-06 10:15:00+05:30,362.7,362.9,362.7,362.85,1749,
2017-12-06 10:16:00+05:30,362.85,362.9,362.65,362.7,2410,
2017-12-06 10:17:00+05:30,362.7,362.7,362.55,362.55,321,
2017-12-06 10:18:00+05:30,362.65,363,362.55,362.75,1650,
2017-12-06 10:19:00+05:30,362.75,363,362.75,362.95,1684,
2017-12-06 10:20:00+05:30,362.95,363,362.9,363,3049,
2017-12-06 10:21:00+05:30,362.85,363,362.1,362.9,4874,
2017-12-06 10:22:00+05:30,362.9,363,362.5,362.6,1090,
2017-12-06 10:23:00+05:30,362.6,363,362.6,362.9,329,
2017-12-06 10:24:00+05:30,362.95,363,362.65,362.9,741,
2017-12-06 10:25:00+05:30,363,363,362.9,363,1498,
2017-12-06 10:26:00+05:30,363,363,362.8,362.8,1269,
2017-12-06 10:27:00+05:30,362.8,363,362.8,362.8,1330,
2017-12-06 10:28:00+05:30,362.8,362.95,362.7,362.75,242,
2017-12-06 10:29:00+05:30,362.75,362.95,362.65,362.95,1423,
2017-12-06 10:30:00+05:30,362.95,363,362.3,362.85,4842,
2017-12-06 10:31:00+05:30,362.85,363,362.8,363,788,
2017-12-06 10:32:00+05:30,363,363.2,363,363.2,2556,
2017-12-06 10:33:00+05:30,363.2,363.6,363.2,363.6,8165,
2017-12-06 10:34:00+05:30,363.6,363.75,363.5,363.7,3494,
2017-12-06 10:35:00+05:30,363.75,363.75,363.6,363.7,4009,
2017-12-06 10:36:00+05:30,363.7,363.75,363.6,363.6,2560,
2017-12-06 10:37:00+05:30,363.65,363.75,363.6,363.6,2607,
2017-12-06 10:38:00+05:30,363.6,363.75,363.6,363.75,3582,
2017-12-06 10:39:00+05:30,363.75,364,363.7,363.7,2484,
2017-12-06 10:40:00+05:30,364,364,363.85,363.85,3431,
2017-12-06 10:41:00+05:30,363.85,364,363.8,363.95,3703,
2017-12-06 10:42:00+05:30,363.95,364,363.9,363.9,5663,
2017-12-06 10:43:00+05:30,363.9,364,363.55,363.55,3145,
2017-12-06 10:44:00+05:30,363.55,364.25,363.55,364.25,3472,
2017-12-06 10:45:00+05:30,364.25,364.25,363.85,364,3783,
2017-12-06 10:46:00+05:30,364,364.25,363.75,363.75,2327,
2017-12-06 10:47:00+05:30,363.75,364.25,363.75,364.2,3633,
2017-12-06 10:48:00+05:30,364.25,364.25,363.8,364.05,3681,
2017-12-06 10:49:00+05:30,364.05,364.25,364.05,364.2,2641,
2017-12-06 10:50:00+05:30,364.45,364.5,364.35,364.35,3888,
2017-12-06 10:51:00+05:30,364.35,364.5,364.35,364.5,5978,
2017-12-06 10:52:00+05:30,364.5,364.5,364.35,364.45,4960,
2017-12-06 10:53:00+05:30,364.75,364.75,364.5,364.7,4232,
2017-12-06 10:54:00+05:30,364.7,364.75,364.7,364.7,5874,
2017-12-06 10:55:00+05:30,364.7,364.9,364.7,364.9,14251,
2017-12-06 10:56:00+05:30,364.8,366.3,364.8,365.45,31675,
2017-12-06 10:57:00+05:30,365.7,366.3,365.7,366.1,9710,
2017-12-06 10:58:00+05:30,366.1,366.7,365.85,366,15054,
2017-12-06 10:59:00+05:30,366,366.45,365.5,366.05,9057,
2017-12-06 11:00:00+05:30,366.05,366.45,366,366.3,8138,
2017-12-06 11:01:00+05:30,366.3,366.4,365.55,365.6,3817,
2017-12-06 11:02:00+05:30,365.6,366,365.6,365.65,2973,
2017-12-06 11:03:00+05:30,365.65,366.3,365.65,366.3,3576,
2017-12-06 11:04:00+05:30,366.3,366.4,365.5,366.2,6347,
2017-12-06 11:05:00+05:30,366.2,366.5,366,366,3850,
2017-12-06 11:06:00+05:30,366,366,365.6,365.8,2831,
2017-12-06 11:07:00+05:30,365.8,366,365.6,365.6,2883,
2017-12-06 11:08:00+05:30,365.6,366.45,365.6,366.2,2710,
2017-12-06 11:09:00+05:30,366.2,366.5,366,366.15,2580,
2017-12-06 11:10:00+05:30,366.15,366.4,365.6,365.8,3430,
2017-12-06 11:11:00+05:30,365.8,366.2,365.8,366.1,2472,
2017-12-06 11:12:00+05:30,366.1,368.4,365.75,368.4,26990,
2017-12-06 11:13:00+05:30,368.6,370.7,368.6,369.25,91161,
2017-12-06 11:14:00+05:30,369.25,369.4,368.5,368.5,21191,
2017-12-06 11:15:00+05:30,368.35,368.5,367.5,367.95,11629,
2017-12-06 11:16:00+05:30,367.9,368.1,365.5,367.65,17363,
2017-12-06 11:17:00+05:30,367.5,369.45,367.3,368.1,16738,
2017-12-06 11:18:00+05:30,368.1,368.95,367.5,367.75,8602,
2017-12-06 11:19:00+05:30,367.75,368.25,367.4,367.55,4936,
2017-12-06 11:20:00+05:30,367.55,368.8,367.2,367.2,4075,
2017-12-06 11:21:00+05:30,367.35,368.5,367.3,367.95,4176,
2017-12-06 11:22:00+05:30,367.85,368.5,367.85,368.4,4117,
2017-12-06 11:23:00+05:30,368.4,368.6,367.55,368,4087,
2017-12-06 11:24:00+05:30,367.95,368,367.7,367.7,2852,
2017-12-06 11:25:00+05:30,367.7,368.65,367.7,367.8,5261,
2017-12-06 11:26:00+05:30,367.8,368.55,367.6,367.6,6444,
2017-12-06 11:27:00+05:30,367.6,368.05,367,367.4,3472,
2017-12-06 11:28:00+05:30,367.4,368,367.05,367.05,5781,
2017-12-06 11:29:00+05:30,367.05,368,367,367,3571,
2017-12-06 11:30:00+05:30,367,367.95,367,367.2,3714,
2017-12-06 11:31:00+05:30,367.2,367.2,366.1,366.45,8242,
2017-12-06 11:32:00+05:30,366.5,366.5,366,366.35,3752,
2017-12-06 11:33:00+05:30,366.35,366.9,365.8,366,5556,
2017-12-06 11:34:00+05:30,366,367,365.8,366.4,4012,
2017-12-06 11:35:00+05:30,366.4,367.65,366.4,366.85,3161,
2017-12-06 11:36:00+05:30,367,367.9,366.85,367.75,2882,
2017-12-06 11:37:00+05:30,367.75,367.8,366.9,366.9,2252,
2017-12-06 11:38:00+05:30,366.9,367.5,366.75,366.75,2970,
2017-12-06 11:39:00+05:30,366.75,367.2,366.75,366.9,2632,
2017-12-06 11:40:00+05:30,366.9,366.9,366.5,366.65,2170,
2017-12-06 11:41:00+05:30,366.65,367.95,366.3,367.2,4758,
2017-12-06 11:42:00+05:30,367.2,367.4,366.45,366.9,3257,
2017-12-06 11:43:00+05:30,366.9,367.7,366.9,367.25,2583,
2017-12-06 11:44:00+05:30,367.25,367.25,366.4,366.4,4497,
2017-12-06 11:45:00+05:30,366.4,367.5,366.4,367,2663,
2017-12-06 11:46:00+05:30,367,367,366.1,366.2,1572,
2017-12-06 11:47:00+05:30,366.2,368,366.15,366.75,5446,
2017-12-06 11:48:00+05:30,366.75,367.9,366.75,367.9,4290,
2017-12-06 11:49:00+05:30,367.65,367.8,366.85,366.85,6017,
2017-12-06 11:50:00+05:30,366.85,367.3,366.6,366.65,2835,
2017-12-06 11:51:00+05:30,366.6,367.5,366.05,366.75,8785,
2017-12-06 11:52:00+05:30,366.75,367.25,366.55,366.95,3521,
2017-12-06 11:53:00+05:30,366.95,368,366.65,367.55,576563,
2017-12-06 11:54:00+05:30,367.55,368,367.55,367.6,6413,
2017-12-06 11:55:00+05:30,366.55,367.5,366.55,366.8,4230,
2017-12-06 11:56:00+05:30,366.8,367.95,366.45,367,4500,
2017-12-06 11:57:00+05:30,367,367.8,366.8,367.3,2450,
2017-12-06 11:58:00+05:30,367.3,367.9,367.1,367.25,3638,
2017-12-06 11:59:00+05:30,367.25,368,367.15,367.6,4298,
2017-12-06 12:00:00+05:30,367.6,368.85,367.6,368.45,9630,
2017-12-06 12:01:00+05:30,368.45,369.8,368.3,369.65,18698,
2017-12-06 12:02:00+05:30,369.45,371.4,369.45,371.4,39159,
2017-12-06 12:03:00+05:30,371,371.45,370.5,370.55,39328,
2017-12-06 12:04:00+05:30,370.55,370.9,369.85,370,14814,
2017-12-06 12:05:00+05:30,370,370.15,369.6,369.6,8343,
2017-12-06 12:06:00+05:30,369.65,369.8,369,369.5,8104,
2017-12-06 12:07:00+05:30,369.5,369.65,369.2,369.3,3175,
2017-12-06 12:08:00+05:30,369.3,370,367.5,367.5,8740,
2017-12-06 12:09:00+05:30,367.5,368.75,367.25,368.15,4758,
2017-12-06 12:10:00+05:30,368.15,369.05,368.15,369.05,6420,
2017-12-06 12:11:00+05:30,369.05,370,369.05,369.5,4473,
2017-12-06 12:12:00+05:30,369.5,369.95,369,369,3096,
2017-12-06 12:13:00+05:30,369,370,369,369.25,2867,
2017-12-06 12:14:00+05:30,369.25,370,369.25,369.8,2465,
2017-12-06 12:15:00+05:30,369.8,371.35,369.8,370.9,22428,
2017-12-06 12:16:00+05:30,371,371,370.05,370.85,6875,
2017-12-06 12:17:00+05:30,370.55,370.95,370.1,370.45,6811,
2017-12-06 12:18:00+05:30,370.45,370.45,370,370,4931,
2017-12-06 12:19:00+05:30,370,370.25,370,370.2,2279,
2017-12-06 12:20:00+05:30,370.2,370.2,369.7,369.7,3922,
2017-12-06 12:21:00+05:30,369.75,369.8,369.5,369.5,4201,
2017-12-06 12:22:00+05:30,369.5,369.75,369.35,369.35,2318,
2017-12-06 12:23:00+05:30,369.35,369.5,369.25,369.4,2487,
2017-12-06 12:24:00+05:30,369.4,369.4,369.3,369.4,1719,
2017-12-06 12:25:00+05:30,369.4,369.45,369.3,369.4,2096,
2017-12-06 12:26:00+05:30,369.4,369.65,369.3,369.6,1580,
2017-12-06 12:27:00+05:30,369.6,369.6,369.5,369.5,576,
2017-12-06 12:28:00+05:30,369.6,370,369.6,369.75,6312,
2017-12-06 12:29:00+05:30,369.75,370,369.3,369.35,11685,
2017-12-06 12:30:00+05:30,369.35,369.5,369.35,369.45,1493,
2017-12-06 12:31:00+05:30,369.45,369.45,369,369,8514,
2017-12-06 12:32:00+05:30,368.95,369,368.5,368.95,4975,
2017-12-06 12:33:00+05:30,368.5,368.9,368.25,368.45,5468,
2017-12-06 12:34:00+05:30,368.45,368.45,367.75,367.9,6639,
2017-12-06 12:35:00+05:30,367.9,368.85,367.9,368.5,2834,
2017-12-06 12:36:00+05:30,369.8,369.8,369.05,369.05,2676,
2017-12-06 12:37:00+05:30,369.05,369.05,368.65,368.65,505,
2017-12-06 12:38:00+05:30,368.65,368.95,368.55,368.8,780,
2017-12-06 12:39:00+05:30,368.8,368.9,368.7,368.7,960,
2017-12-06 12:40:00+05:30,368.7,368.8,368.65,368.65,1042,
2017-12-06 12:41:00+05:30,368.65,368.7,368.35,368.6,734,
2017-12-06 12:42:00+05:30,368.35,368.6,368.25,368.6,1115,
2017-12-06 12:43:00+05:30,368.6,368.65,368.35,368.5,1174,
2017-12-06 12:44:00+05:30,368.5,368.85,368.5,368.5,1816,
2017-12-06 12:45:00+05:30,368.5,369.2,368.5,369.05,1340,
2017-12-06 12:46:00+05:30,369.05,370,369,369.45,19439,
2017-12-06 12:47:00+05:30,369.45,370,369.4,369.4,2854,
2017-12-06 12:48:00+05:30,369.4,370,369.3,369.65,2753,
2017-12-06 12:49:00+05:30,369.65,370,369,369.35,3905,
2017-12-06 12:50:00+05:30,369.55,370,369.55,369.6,3544,
2017-12-06 12:51:00+05:30,369.65,369.95,369.55,369.7,2758,
2017-12-06 12:52:00+05:30,369.7,370,369.55,370,1880,
2017-12-06 12:53:00+05:30,370,370,369.7,369.75,5338,
2017-12-06 12:54:00+05:30,369.75,370,369.6,369.6,2338,
2017-12-06 12:55:00+05:30,369.6,370,369.5,369.6,4075,
2017-12-06 12:56:00+05:30,369.6,370,369.6,369.7,2808,
2017-12-06 12:57:00+05:30,369.7,370,369.6,369.95,2106,
2017-12-06 12:58:00+05:30,369.95,370,369.7,370,2232,
2017-12-06 12:59:00+05:30,370,370,369.6,369.65,2776,
2017-12-06 13:00:00+05:30,369.65,369.9,369.6,369.65,1954,
2017-12-06 13:01:00+05:30,369.65,370,369.65,369.65,2239,
2017-12-06 13:02:00+05:30,369.65,370,369.6,369.65,2480,
2017-12-06 13:03:00+05:30,369.4,369.45,369,369,3590,
2017-12-06 13:04:00+05:30,369,369.85,368.8,369.1,5452,
2017-12-06 13:05:00+05:30,369.1,369.85,368.95,369.05,2195,
2017-12-06 13:06:00+05:30,369.05,370,369.05,369.65,2229,
2017-12-06 13:07:00+05:30,369.65,370,369.5,369.5,2279,
2017-12-06 13:08:00+05:30,369.5,370,369.15,369.15,2425,
2017-12-06 13:09:00+05:30,369.15,369.9,369.1,369.15,2102,
2017-12-06 13:10:00+05:30,369.15,369.95,369.15,369.45,2314,
2017-12-06 13:11:00+05:30,369.45,370,369.45,369.75,1946,
2017-12-06 13:12:00+05:30,369.95,369.95,369.75,369.75,2105,
2017-12-06 13:13:00+05:30,369.75,370,369.6,369.65,2736,
2017-12-06 13:14:00+05:30,369.65,370,369.6,369.65,1885,
2017-12-06 13:15:00+05:30,369.65,370,369.65,370,2607,
2017-12-06 13:16:00+05:30,369.95,370,369.85,369.85,3972,
2017-12-06 13:17:00+05:30,369.85,370,369.45,369.45,2688,
2017-12-06 13:18:00+05:30,369.45,370,369.2,369.45,2379,
2017-12-06 13:19:00+05:30,369.45,370,369.05,369.05,4535,
2017-12-06 13:20:00+05:30,369.05,369.15,368.85,369,6372,
2017-12-06 13:21:00+05:30,369,369,368.85,369,2348,
2017-12-06 13:22:00+05:30,368.95,369,368.8,368.8,2372,
2017-12-06 13:23:00+05:30,368.8,369,368.8,369,2310,
2017-12-06 13:24:00+05:30,369,369,368.85,368.9,3017,
2017-12-06 13:25:00+05:30,369,369,368.85,368.95,3118,
2017-12-06 13:26:00+05:30,368.95,369,368.8,368.9,2684,
2017-12-06 13:27:00+05:30,368.9,369,368.85,368.85,2640,
2017-12-06 13:28:00+05:30,368.85,369,368.8,368.8,3728,
2017-12-06 13:29:00+05:30,368.8,369,368.8,368.85,3458,
2017-12-06 13:30:00+05:30,368.85,369,368.85,368.9,3264,
2017-12-06 13:31:00+05:30,368.9,369,368.85,368.95,3007,
2017-12-06 13:32:00+05:30,368.95,369,368.75,368.95,3252,
2017-12-06 13:33:00+05:30,368.9,369,368.75,368.75,2712,
2017-12-06 13:34:00+05:30,368.75,369,368.7,368.95,2428,
2017-12-06 13:35:00+05:30,368.95,369,368.8,368.8,2205,
2017-12-06 13:36:00+05:30,368.7,369,368.55,368.65,3180,
2017-12-06 13:37:00+05:30,368.65,369.15,368.3,369.15,3993,
2017-12-06 13:38:00+05:30,369.15,369.9,368.55,369,7077,
2017-12-06 13:39:00+05:30,369,369,368.4,368.55,2857,
2017-12-06 13:40:00+05:30,368.55,369,368.3,368.85,2904,
2017-12-06 13:41:00+05:30,368.5,369,368.5,368.75,2793,
2017-12-06 13:42:00+05:30,368.75,369,368.55,368.65,2451,
2017-12-06 13:43:00+05:30,368.45,369,368.45,368.8,3569,
2017-12-06 13:44:00+05:30,368.8,369,368.75,368.8,2362,
2017-12-06 13:45:00+05:30,368.8,369,368.75,368.75,2197,
2017-12-06 13:46:00+05:30,368.75,369,368.75,369,2480,
2017-12-06 13:47:00+05:30,369,369.25,368.85,369.2,5487,
2017-12-06 13:48:00+05:30,369.2,369.9,369.05,369.05,10406,
2017-12-06 13:49:00+05:30,369.05,369.5,368.5,368.5,4900,
2017-12-06 13:50:00+05:30,368.5,368.85,368.5,368.85,744,
2017-12-06 13:51:00+05:30,368.85,369,368.75,368.8,4468,
2017-12-06 13:52:00+05:30,368.8,369,368.8,368.9,2437,
2017-12-06 13:53:00+05:30,368.9,369,368.85,369,3111,
2017-12-06 13:54:00+05:30,369,369,368.85,368.95,3051,
2017-12-06 13:55:00+05:30,368.85,369,368.85,369,2566,
2017-12-06 13:56:00+05:30,369,369,368.9,368.95,7121,
2017-12-06 13:57:00+05:30,368.95,369,368.9,368.9,2523,
2017-12-06 13:58:00+05:30,368.9,369,368.85,368.85,2627,
2017-12-06 13:59:00+05:30,368.85,369.5,368.85,369,2758,
2017-12-06 14:00:00+05:30,369,369.05,368.95,369,14610,
2017-12-06 14:01:00+05:30,369,369,368.95,369,2909,
2017-12-06 14:02:00+05:30,369,369,368.9,368.95,3022,
2017-12-06 14:03:00+05:30,368.9,369,368.9,368.95,2404,
2017-12-06 14:04:00+05:30,368.95,369,368.85,368.95,2831,
2017-12-06 14:05:00+05:30,368.95,369,368.75,368.8,3207,
2017-12-06 14:06:00+05:30,368.8,369,368.75,369,5053,
2017-12-06 14:07:00+05:30,368.95,368.95,368.75,368.75,3601,
2017-12-06 14:08:00+05:30,368.75,368.95,368.55,368.7,3645,
2017-12-06 14:09:00+05:30,368.7,369,368.5,368.5,4295,
2017-12-06 14:10:00+05:30,368.5,369,368.45,368.45,3859,
2017-12-06 14:11:00+05:30,368.45,368.95,368.45,368.75,1130,
2017-12-06 14:12:00+05:30,368.75,369.5,368.4,368.85,4851,
2017-12-06 14:13:00+05:30,368.85,369,368.55,368.7,3266,
2017-12-06 14:14:00+05:30,368.7,369,368.55,368.85,2359,
2017-12-06 14:15:00+05:30,368.85,369,368.65,368.8,4136,
2017-12-06 14:16:00+05:30,368.8,369,368.65,368.85,5976,
2017-12-06 14:17:00+05:30,368.85,369,368.6,368.85,1445,
2017-12-06 14:18:00+05:30,368.65,369,368.65,368.85,2516,
2017-12-06 14:19:00+05:30,368.85,369,368.8,368.8,2358,
2017-12-06 14:20:00+05:30,368.85,369,368.7,368.7,3498,
2017-12-06 14:21:00+05:30,368.7,369,368.55,368.75,3373,
2017-12-06 14:22:00+05:30,368.75,369,368.75,369,3551,
2017-12-06 14:23:00+05:30,369,369,368.75,368.85,2645,
2017-12-06 14:24:00+05:30,368.85,369,368.7,368.7,3601,
2017-12-06 14:25:00+05:30,368.7,368.75,368.6,368.6,3217,
2017-12-06 14:26:00+05:30,368.6,368.75,368.55,368.55,3404,
2017-12-06 14:27:00+05:30,368.55,368.75,367.95,367.95,8310,
2017-12-06 14:28:00+05:30,367.95,368,367.8,367.9,5648,
2017-12-06 14:29:00+05:30,367.9,368.5,367.9,368.5,2642,
2017-12-06 14:30:00+05:30,368.5,368.95,368.5,368.9,3062,
2017-12-06 14:31:00+05:30,368.9,368.95,368.75,368.9,3339,
2017-12-06 14:32:00+05:30,368.9,369,368.6,368.6,4794,
2017-12-06 14:33:00+05:30,368.6,368.9,368.35,368.9,5076,
2017-12-06 14:34:00+05:30,368.9,369.75,368.7,369.45,7708,
2017-12-06 14:35:00+05:30,369.2,369.5,368.6,369,8835,
2017-12-06 14:36:00+05:30,368.7,369,368.7,369,4562,
2017-12-06 14:37:00+05:30,369,369,368,368,7600,
2017-12-06 14:38:00+05:30,367.95,368,367.5,367.65,10142,
2017-12-06 14:39:00+05:30,367.65,367.9,367.5,367.75,3753,
2017-12-06 14:40:00+05:30,367.75,368,367.6,367.9,3654,
2017-12-06 14:41:00+05:30,367.9,368,367.65,367.9,3308,
2017-12-06 14:42:00+05:30,367.8,368,367.65,367.65,4082,
2017-12-06 14:43:00+05:30,367.65,368,367.4,367.4,6702,
2017-12-06 14:44:00+05:30,367.4,367.65,367.3,367.35,7633,
2017-12-06 14:45:00+05:30,367.3,368,367.25,367.55,4002,
2017-12-06 14:46:00+05:30,367.55,368,367.55,367.7,3519,
2017-12-06 14:47:00+05:30,367.85,368,367.6,367.7,3046,
2017-12-06 14:48:00+05:30,367.7,368,367.65,367.9,2765,
2017-12-06 14:49:00+05:30,367.9,368,367.85,367.85,3268,
2017-12-06 14:50:00+05:30,367.85,368,367.8,368,3144,
2017-12-06 14:51:00+05:30,368,368,367.9,367.9,6064,
2017-12-06 14:52:00+05:30,367.9,368,367.9,368,4122,
2017-12-06 14:53:00+05:30,368,368,367.75,367.75,18698,
2017-12-06 14:54:00+05:30,367.75,368,367.75,367.8,14958,
2017-12-06 14:55:00+05:30,368,369.45,367.9,368,11576,
2017-12-06 14:56:00+05:30,368,368,367.75,367.75,2165,
2017-12-06 14:57:00+05:30,367.75,367.85,367.7,367.75,5417,
2017-12-06 14:58:00+05:30,367.85,368,367.6,367.7,3657,
2017-12-06 14:59:00+05:30,367.7,368.5,367.65,368,56797,
2017-12-06 15:00:00+05:30,368,368.4,367.7,368.4,22445,
2017-12-06 15:01:00+05:30,368.05,368.45,368,368,18316,
2017-12-06 15:02:00+05:30,368,368.9,368,368.2,16531,
2017-12-06 15:03:00+05:30,368.2,368.25,367.75,368,30306,
2017-12-06 15:04:00+05:30,368,368.35,367.9,368.25,37581,
2017-12-06 15:05:00+05:30,368,368.85,368,368,22949,
2017-12-06 15:06:00+05:30,368,368.6,368,368,18742,
2017-12-06 15:07:00+05:30,368,368.25,368,368.05,18563,
2017-12-06 15:08:00+05:30,368.05,368.2,368,368.05,20229,
2017-12-06 15:09:00+05:30,368.05,368.2,368,368.2,18584,
2017-12-06 15:10:00+05:30,368.2,368.3,367.95,368,148357,
2017-12-06 15:11:00+05:30,368,368.1,367.65,367.75,93431,
2017-12-06 15:12:00+05:30,368,368,367.75,367.75,6987,
2017-12-06 15:13:00+05:30,367.75,368.4,367.7,368.1,211566,
2017-12-06 15:14:00+05:30,368.65,368.65,367.75,368.05,131908,
2017-12-06 15:15:00+05:30,368,368.9,368,368.9,11114,
2017-12-06 15:16:00+05:30,368.75,368.95,368.5,368.5,5629,
2017-12-06 15:17:00+05:30,368.6,368.95,368.5,368.8,5734,
2017-12-06 15:18:00+05:30,368.8,369.75,368.8,369.35,12450,
2017-12-06 15:19:00+05:30,369.1,369.9,369.1,369.75,8241,
2017-12-06 15:20:00+05:30,369.8,370.5,369.75,370.05,23568,
2017-12-06 15:21:00+05:30,370.05,370.45,370,370.15,18678,
2017-12-06 15:22:00+05:30,370.15,370.15,369.05,369.3,16377,
2017-12-06 15:23:00+05:30,369.45,369.95,369,369.55,9416,
2017-12-06 15:24:00+05:30,369.5,369.95,369.5,369.9,7202,
2017-12-06 15:25:00+05:30,369.85,370,369.5,369.65,11731,
2017-12-06 15:26:00+05:30,369.65,369.75,369.5,369.55,13302,
2017-12-06 15:27:00+05:30,369.55,370.4,369.55,370.4,18038,
2017-12-06 15:28:00+05:30,370.2,370.45,370.05,370.4,16101,
2017-12-06 15:29:00+05:30,370.35,370.4,370,370,10914,
2017-12-07 09:15:00+05:30,370.75,371.8,370.6,371.8,12524,
2017-12-07 09:16:00+05:30,371.5,371.85,371.4,371.65,9685,
2017-12-07 09:17:00+05:30,371.8,371.85,371.45,371.55,6106,
2017-12-07 09:18:00+05:30,371.75,372,371.5,372,14721,
2017-12-07 09:19:00+05:30,371.95,372.1,371.3,371.7,14286,
2017-12-07 09:20:00+05:30,371.7,371.85,371.55,371.8,10258,
2017-12-07 09:21:00+05:30,371.85,372,371.85,372,7537,
2017-12-07 09:22:00+05:30,372,372,371.85,371.95,6630,
2017-12-07 09:23:00+05:30,371.9,372,371.45,371.5,4350,
2017-12-07 09:24:00+05:30,371.55,371.7,371.5,371.7,3046,
2017-12-07 09:25:00+05:30,371.65,372.3,371.5,372.3,6684,
2017-12-07 09:26:00+05:30,372.3,373,372.3,373,11351,
2017-12-07 09:27:00+05:30,373,373.65,372.9,373.65,8600,
2017-12-07 09:28:00+05:30,373.8,374.7,373.65,374.65,17184,
2017-12-07 09:29:00+05:30,374.65,374.65,374,374.25,13533,
2017-12-07 09:30:00+05:30,374.25,374.7,374.2,374.7,4479,
2017-12-07 09:31:00+05:30,374.65,374.9,374.65,374.8,5077,
2017-12-07 09:32:00+05:30,374.8,374.9,374.5,374.85,7164,
2017-12-07 09:33:00+05:30,374.85,374.85,374,374,10806,
2017-12-07 09:34:00+05:30,374,374.45,374,374.3,5637,
2017-12-07 09:35:00+05:30,374.3,374.5,374.1,374.45,2235,
2017-12-07 09:36:00+05:30,374.45,374.5,374.05,374.5,4720,
2017-12-07 09:37:00+05:30,374.1,375,374.1,374.75,17079,
2017-12-07 09:38:00+05:30,375,375.8,375,375.8,8660,
2017-12-07 09:39:00+05:30,375.8,376.6,375.8,376.6,18017,
2017-12-07 09:40:00+05:30,376.55,377.85,376.55,377.85,34296,
2017-12-07 09:41:00+05:30,377.9,378,377.05,377.25,22845,
2017-12-07 09:42:00+05:30,377.2,377.85,377,377,14909,
2017-12-07 09:43:00+05:30,377,377.6,377,377.55,11039,
2017-12-07 09:44:00+05:30,377.65,377.85,376.9,377.2,14230,
2017-12-07 09:45:00+05:30,377.2,377.3,376.95,377.15,9759,
2017-12-07 09:46:00+05:30,377.25,378,377.2,378,17843,
2017-12-07 09:47:00+05:30,378,379.45,378,379.35,52601,
2017-12-07 09:48:00+05:30,379.7,379.9,378.95,379.5,38680,
2017-12-07 09:49:00+05:30,379.7,380.8,379.7,379.85,62658,
2017-12-07 09:50:00+05:30,379.55,380.6,379.5,380.5,26778,
2017-12-07 09:51:00+05:30,380.6,380.6,380,380.2,11187,
2017-12-07 09:52:00+05:30,380.15,380.45,379.2,379.25,10443,
2017-12-07 09:53:00+05:30,379.25,380.45,379.25,379.6,15187,
2017-12-07 09:54:00+05:30,379.45,380.25,379.45,380.25,11465,
2017-12-07 09:55:00+05:30,380.15,380.3,380,380,4982,
2017-12-07 09:56:00+05:30,379.95,380.1,379.8,380,5880,
2017-12-07 09:57:00+05:30,379.85,380,379.7,379.75,5960,
2017-12-07 09:58:00+05:30,379.95,379.95,379.05,379.05,5882,
2017-12-07 09:59:00+05:30,379.1,379.15,378.1,378.5,11636,
2017-12-07 10:00:00+05:30,378.5,378.85,378.15,378.3,7810,
2017-12-07 10:01:00+05:30,378.25,378.35,378.15,378.25,7414,
2017-12-07 10:02:00+05:30,378.35,378.5,378.25,378.3,4186,
2017-12-07 10:03:00+05:30,378.5,378.5,378.2,378.5,4279,
2017-12-07 10:04:00+05:30,378.55,379.4,378.5,379.15,6006,
2017-12-07 10:05:00+05:30,379.15,380,379.1,379.95,10792,
2017-12-07 10:06:00+05:30,380,380,379.1,379.65,5790,
2017-12-07 10:07:00+05:30,379.65,379.85,379.65,379.7,4072,
2017-12-07 10:08:00+05:30,379.7,379.7,379.3,379.45,3177,
2017-12-07 10:09:00+05:30,379.4,379.5,379.2,379.4,4857,
2017-12-07 10:10:00+05:30,379.4,379.6,378.9,378.9,5132,
2017-12-07 10:11:00+05:30,378.9,379,378.55,378.95,3496,
2017-12-07 10:12:00+05:30,378.95,379,378.45,378.5,6735,
2017-12-07 10:13:00+05:30,378.45,379,378.45,378.8,2264,
2017-12-07 10:14:00+05:30,378.6,378.6,378.05,378.45,7106,
2017-12-07 10:15:00+05:30,378.45,378.45,378.25,378.45,1868,
2017-12-07 10:16:00+05:30,378.45,379,378.4,378.7,4211,
2017-12-07 10:17:00+05:30,378.5,378.5,378.4,378.45,2274,
2017-12-07 10:18:00+05:30,378.45,378.5,378.4,378.5,2259,
2017-12-07 10:19:00+05:30,378.5,378.5,378,378.45,5475,
2017-12-07 10:20:00+05:30,378.45,378.5,378.3,378.3,3425,
2017-12-07 10:21:00+05:30,378.3,378.3,377.5,377.7,10233,
2017-12-07 10:22:00+05:30,377.7,377.9,377.6,377.8,3884,
2017-12-07 10:23:00+05:30,377.8,377.9,377.5,377.7,4679,
2017-12-07 10:24:00+05:30,377.7,377.9,377.55,377.6,5567,
2017-12-07 10:25:00+05:30,377.6,378,377.6,377.9,4156,
2017-12-07 10:26:00+05:30,378,378.25,377.95,378.15,3221,
2017-12-07 10:27:00+05:30,378.25,378.45,378.25,378.4,2862,
2017-12-07 10:28:00+05:30,378.4,379,378.3,378.95,4058,
2017-12-07 10:29:00+05:30,379,379,378.65,379,2922,
2017-12-07 10:30:00+05:30,379,379.65,379,379,5518,
2017-12-07 10:31:00+05:30,379.25,379.5,379,379.5,5871,
2017-12-07 10:32:00+05:30,379.5,379.5,378.85,379.25,2277,
2017-12-07 10:33:00+05:30,379.2,379.35,378.8,379.25,3954,
2017-12-07 10:34:00+05:30,379.25,379.5,379.05,379.05,2612,
2017-12-07 10:35:00+05:30,379.05,379.45,379.05,379.1,3219,
2017-12-07 10:36:00+05:30,379.35,379.5,379.1,379.3,3893,
2017-12-07 10:37:00+05:30,379.45,379.5,379.3,379.5,2787,
2017-12-07 10:38:00+05:30,379.5,379.85,379.45,379.45,5704,
2017-12-07 10:39:00+05:30,379.45,379.8,379.15,379.45,2616,
2017-12-07 10:40:00+05:30,379.25,379.5,379.25,379.3,1687,
2017-12-07 10:41:00+05:30,379.45,379.45,379.15,379.2,2024,
2017-12-07 10:42:00+05:30,379.2,379.5,379.15,379.35,1770,
2017-12-07 10:43:00+05:30,379.35,379.75,379.35,379.75,5735,
2017-12-07 10:44:00+05:30,379.8,379.95,379.5,379.75,6822,
2017-12-07 10:45:00+05:30,379.75,379.9,379.4,379.8,3173,
2017-12-07 10:46:00+05:30,379.9,379.9,379.5,379.6,2884,
2017-12-07 10:47:00+05:30,379.6,379.6,379.25,379.4,2881,
2017-12-07 10:48:00+05:30,379.4,379.7,379.1,379.2,1752,
2017-12-07 10:49:00+05:30,379.45,379.8,379.2,379.8,7542,
2017-12-07 10:50:00+05:30,379.8,379.95,379.7,379.75,9615,
2017-12-07 10:51:00+05:30,379.8,382,379.75,381.95,82678,
2017-12-07 10:52:00+05:30,382.3,382.3,380.75,381.25,15428,
2017-12-07 10:53:00+05:30,381.25,382.1,381.25,382,11342,
2017-12-07 10:54:00+05:30,382,382,381,381.15,6584,
2017-12-07 10:55:00+05:30,381.1,381.7,381.05,381.5,5624,
2017-12-07 10:56:00+05:30,381.35,381.7,381.1,381.6,5517,
2017-12-07 10:57:00+05:30,381.6,382.15,381.5,382,11180,
2017-12-07 10:58:00+05:30,382,382.3,381.55,381.7,5983,
2017-12-07 10:59:00+05:30,381.7,381.85,381.45,381.65,3828,
2017-12-07 11:00:00+05:30,381.65,381.75,381.1,381.5,2709,
2017-12-07 11:01:00+05:30,381.05,381.4,381,381.25,8586,
2017-12-07 11:02:00+05:30,381.25,381.25,380.1,380.85,11316,
2017-12-07 11:03:00+05:30,380.8,380.95,380.45,380.55,2232,
2017-12-07 11:04:00+05:30,380.55,380.55,380.15,380.25,4473,
2017-12-07 11:05:00+05:30,380.4,381.25,380.4,381.2,6704,
2017-12-07 11:06:00+05:30,380.55,381.25,380.55,381.25,2336,
2017-12-07 11:07:00+05:30,381.25,381.25,381,381.2,2222,
2017-12-07 11:08:00+05:30,381.2,381.6,381,381.6,3905,
2017-12-07 11:09:00+05:30,381.6,381.75,381.4,381.55,2507,
2017-12-07 11:10:00+05:30,381.55,381.7,381.5,381.6,3093,
2017-12-07 11:11:00+05:30,381.6,381.6,381.4,381.45,2835,
2017-12-07 11:12:00+05:30,381.45,381.5,381.3,381.4,3390,
2017-12-07 11:13:00+05:30,381.25,381.45,380.8,381,3706,
2017-12-07 11:14:00+05:30,381.2,381.5,381,381.4,2767,
2017-12-07 11:15:00+05:30,381.4,381.4,380.8,380.8,4073,
2017-12-07 11:16:00+05:30,380.8,380.8,380.25,380.6,2714,
2017-12-07 11:17:00+05:30,380.6,380.6,380,380.4,6683,
2017-12-07 11:18:00+05:30,380.3,380.3,380,380.25,6262,
2017-12-07 11:19:00+05:30,380.25,380.45,380,380.45,2414,
2017-12-07 11:20:00+05:30,380.45,380.8,380.4,380.8,1240,
2017-12-07 11:21:00+05:30,380.85,380.85,380.25,380.25,3420,
2017-12-07 11:22:00+05:30,380.2,380.5,380.2,380.5,7593,
2017-12-07 11:23:00+05:30,380.5,380.5,380,380.2,4477,
2017-12-07 11:24:00+05:30,380.2,380.5,379.7,380.5,74633,
2017-12-07 11:25:00+05:30,380.5,380.5,380.4,380.45,13256,
2017-12-07 11:26:00+05:30,380.45,380.45,380.15,380.4,433,
2017-12-07 11:27:00+05:30,380.25,380.45,379.95,380.4,18672,
2017-12-07 11:28:00+05:30,380.45,380.8,380.4,380.7,3095,
2017-12-07 11:29:00+05:30,380.7,380.9,380.7,380.85,419,
2017-12-07 11:30:00+05:30,380.85,380.85,380.65,380.8,871,
2017-12-07 11:31:00+05:30,380.65,380.85,380.65,380.65,654,
2017-12-07 11:32:00+05:30,380.65,380.9,380.45,380.45,1575,
2017-12-07 11:33:00+05:30,380.45,380.5,380.15,380.25,1048,
2017-12-07 11:34:00+05:30,380.25,380.45,380.2,380.4,415,
2017-12-07 11:35:00+05:30,380.4,380.45,380.2,380.3,1251,
2017-12-07 11:36:00+05:30,380.25,380.45,380,380,1946,
2017-12-07 11:37:00+05:30,380,380.5,380,380.5,6436,
2017-12-07 11:38:00+05:30,380.5,380.75,380.5,380.5,509,
2017-12-07 11:39:00+05:30,380.5,380.9,380.5,380.9,969,
2017-12-07 11:40:00+05:30,380.9,381,380.85,381,3023,
2017-12-07 11:41:00+05:30,381,381,380.55,380.55,3993,
2017-12-07 11:42:00+05:30,380.55,380.8,380.25,380.25,2244,
2017-12-07 11:43:00+05:30,380.55,380.65,380.1,380.45,1307,
2017-12-07 11:44:00+05:30,380.2,380.85,380,380.2,10327,
2017-12-07 11:45:00+05:30,380.2,380.5,380.2,380.25,2087,
2017-12-07 11:46:00+05:30,380.25,380.5,380,380.5,16556,
2017-12-07 11:47:00+05:30,380.15,380.45,379.75,380.15,14436,
2017-12-07 11:48:00+05:30,380.2,380.45,379.9,380,20842,
2017-12-07 11:49:00+05:30,380.05,380.3,380,380.2,2233,
2017-12-07 11:50:00+05:30,380.05,380.25,380,380,3603,
2017-12-07 11:51:00+05:30,380,380.3,379.8,380.1,7400,
2017-12-07 11:52:00+05:30,380.35,380.35,380,380.1,1383,
2017-12-07 11:53:00+05:30,380.1,380.35,380.05,380.1,1184,
2017-12-07 11:54:00+05:30,380.1,380.3,380,380.1,8985,
2017-12-07 11:55:00+05:30,380.05,380.2,380,380,2060,
2017-12-07 11:56:00+05:30,380,380.2,380,380.1,6302,
2017-12-07 11:57:00+05:30,380.2,380.35,380,380.05,3226,
2017-12-07 11:58:00+05:30,380.3,380.35,380,380,1660,
2017-12-07 11:59:00+05:30,380,380.3,380,380,3096,
2017-12-07 12:00:00+05:30,380,380.3,380,380.2,7428,
2017-12-07 12:01:00+05:30,380.2,380.3,380,380,5450,
2017-12-07 12:02:00+05:30,380,380.15,380,380.05,4528,
2017-12-07 12:03:00+05:30,380.1,380.25,380,380,3893,
2017-12-07 12:04:00+05:30,380.2,380.25,380,380.25,1803,
2017-12-07 12:05:00+05:30,380.25,380.25,380,380.05,1864,
2017-12-07 12:06:00+05:30,380.1,380.15,380,380,9468,
2017-12-07 12:07:00+05:30,380,380.2,380,380.2,1531,
2017-12-07 12:08:00+05:30,380.15,380.3,380.05,380.25,1471,
2017-12-07 12:09:00+05:30,380.25,380.3,380.2,380.2,633,
2017-12-07 12:10:00+05:30,380.2,380.3,380.05,380.2,1478,
2017-12-07 12:11:00+05:30,380.2,380.3,380.2,380.3,1386,
2017-12-07 12:12:00+05:30,380.25,380.3,380.25,380.25,4327,
2017-12-07 12:13:00+05:30,380.3,380.3,380.05,380.1,1597,
2017-12-07 12:14:00+05:30,380.1,380.2,380,380.05,2569,
2017-12-07 12:15:00+05:30,380.1,380.1,380,380,5998,
2017-12-07 12:16:00+05:30,380.1,380.1,380,380.1,5930,
2017-12-07 12:17:00+05:30,380.1,380.3,380.1,380.25,1972,
2017-12-07 12:18:00+05:30,380.25,380.5,380.2,380.25,2578,
2017-12-07 12:19:00+05:30,380.25,380.5,380.25,380.5,2953,
2017-12-07 12:20:00+05:30,380.5,380.9,380.5,380.85,1681,
2017-12-07 12:21:00+05:30,381,381.5,380.85,381.45,10077,
2017-12-07 12:22:00+05:30,381.45,381.45,380.95,380.95,5418,
2017-12-07 12:23:00+05:30,381.2,381.4,380.7,381.35,6298,
2017-12-07 12:24:00+05:30,381.4,381.5,381.25,381.35,3298,
2017-12-07 12:25:00+05:30,381.35,381.45,380.95,381,6169,
2017-12-07 12:26:00+05:30,381,381.25,380.95,381.25,1957,
2017-12-07 12:27:00+05:30,381.25,381.25,381.05,381.25,2101,
2017-12-07 12:28:00+05:30,381.25,381.25,381.2,381.25,1588,
2017-12-07 12:29:00+05:30,381.25,381.25,381.2,381.25,2332,
2017-12-07 12:30:00+05:30,381.2,381.45,381.2,381.45,2216,
2017-12-07 12:31:00+05:30,381.45,381.45,381.25,381.4,1195,
2017-12-07 12:32:00+05:30,381.3,381.45,381.3,381.4,1778,
2017-12-07 12:33:00+05:30,381.4,381.4,381.25,381.25,1001,
2017-12-07 12:34:00+05:30,381.3,381.4,381,381.25,1934,
2017-12-07 12:35:00+05:30,381.25,381.45,381.25,381.3,1418,
2017-12-07 12:36:00+05:30,381.3,381.4,381.05,381.3,2233,
2017-12-07 12:37:00+05:30,381.1,381.35,381.1,381.35,1080,
2017-12-07 12:38:00+05:30,381.25,381.3,381.2,381.3,1006,
2017-12-07 12:39:00+05:30,381.3,381.3,381.25,381.25,978,
2017-12-07 12:40:00+05:30,381.3,381.35,381,381.25,2473,
2017-12-07 12:41:00+05:30,381.3,381.3,380.6,381.25,4145,
2017-12-07 12:42:00+05:30,381.25,381.25,380.9,380.95,1098,
2017-12-07 12:43:00+05:30,380.95,381.2,380.9,381.15,1876,
2017-12-07 12:44:00+05:30,381.15,381.2,380.95,381.2,2898,
2017-12-07 12:45:00+05:30,381.2,381.45,381.05,381.45,3639,
2017-12-07 12:46:00+05:30,381.45,381.45,381,381.35,2836,
2017-12-07 12:47:00+05:30,381.35,381.45,381.1,381.4,2051,
2017-12-07 12:48:00+05:30,381.4,381.45,381.3,381.45,1655,
2017-12-07 12:49:00+05:30,381.5,381.5,380.5,381.35,2148,
2017-12-07 12:50:00+05:30,381.3,381.5,381.05,381.4,4294,
2017-12-07 12:51:00+05:30,381.4,381.9,381.35,381.9,9075,
2017-12-07 12:52:00+05:30,381.9,383.85,381.9,383.7,66928,
2017-12-07 12:53:00+05:30,383.7,384,383.5,383.75,31742,
2017-12-07 12:54:00+05:30,383.65,383.8,382.9,383,11468,
2017-12-07 12:55:00+05:30,383,383,382.25,382.45,14022,
2017-12-07 12:56:00+05:30,382.4,382.6,382.2,382.3,3966,
2017-12-07 12:57:00+05:30,382.3,382.5,382.3,382.4,2182,
2017-12-07 12:58:00+05:30,382.2,382.3,382.1,382.3,2651,
2017-12-07 12:59:00+05:30,382.3,382.45,382.3,382.45,1615,
2017-12-07 13:00:00+05:30,382.45,382.8,382.45,382.5,3605,
2017-12-07 13:01:00+05:30,382.5,382.9,382.45,382.65,822,
2017-12-07 13:02:00+05:30,382.65,383,382.55,383,2562,
2017-12-07 13:03:00+05:30,383,383,382.5,382.6,1077,
2017-12-07 13:04:00+05:30,382.5,382.6,382.45,382.45,922,
2017-12-07 13:05:00+05:30,382.5,382.95,382.5,382.6,3765,
2017-12-07 13:06:00+05:30,382.6,383,382.6,382.8,2278,
2017-12-07 13:07:00+05:30,382.8,382.85,382.5,382.55,1503,
2017-12-07 13:08:00+05:30,382.55,382.7,382.55,382.55,1619,
2017-12-07 13:09:00+05:30,382.55,382.7,382.5,382.7,1211,
2017-12-07 13:10:00+05:30,382.7,382.7,382.45,382.5,1978,
2017-12-07 13:11:00+05:30,382.45,382.7,382.45,382.5,2528,
2017-12-07 13:12:00+05:30,382.5,382.7,382.5,382.6,596,
2017-12-07 13:13:00+05:30,382.7,384.5,382.7,384.05,44259,
2017-12-07 13:14:00+05:30,384.05,384.5,383.6,384.35,8987,
2017-12-07 13:15:00+05:30,384,384.35,384,384.1,7545,
2017-12-07 13:16:00+05:30,384.2,384.2,384,384.1,6328,
2017-12-07 13:17:00+05:30,384.1,384.4,383.65,384.3,12380,
2017-12-07 13:18:00+05:30,384.3,384.5,384.05,384.25,7140,
2017-12-07 13:19:00+05:30,384.25,384.55,383.85,383.85,6646,
2017-12-07 13:20:00+05:30,383.85,384.05,383.65,384.05,7437,
2017-12-07 13:21:00+05:30,384.1,384.25,384,384.1,1775,
2017-12-07 13:22:00+05:30,384.1,384.25,383.9,384.25,3216,
2017-12-07 13:23:00+05:30,384.1,384.25,383.95,383.95,2754,
2017-12-07 13:24:00+05:30,384,384.05,383.8,383.95,3992,
2017-12-07 13:25:00+05:30,383.95,383.95,383.5,383.6,2420,
2017-12-07 13:26:00+05:30,383.6,383.7,383.5,383.7,3351,
2017-12-07 13:27:00+05:30,383.7,383.7,383.55,383.6,2789,
2017-12-07 13:28:00+05:30,383.6,383.7,383.5,383.6,3716,
2017-12-07 13:29:00+05:30,383.6,383.7,383.6,383.7,2499,
2017-12-07 13:30:00+05:30,383.7,384,383.7,383.9,4354,
2017-12-07 13:31:00+05:30,383.95,384,383.7,383.9,2923,
2017-12-07 13:32:00+05:30,383.9,384,383.75,383.8,1853,
2017-12-07 13:33:00+05:30,383.8,384,383.8,384,6647,
2017-12-07 13:34:00+05:30,384,384,383.95,383.95,3440,
2017-12-07 13:35:00+05:30,383.95,384,383.95,384,4692,
2017-12-07 13:36:00+05:30,383.95,384,383.55,383.6,6025,
2017-12-07 13:37:00+05:30,383.6,383.7,383.5,383.6,3354,
2017-12-07 13:38:00+05:30,383.6,383.6,383.35,383.4,3964,
2017-12-07 13:39:00+05:30,383.5,383.5,383.1,383.15,3301,
2017-12-07 13:40:00+05:30,383.15,383.5,383.15,383.35,3518,
2017-12-07 13:41:00+05:30,383.35,383.5,383.1,383.35,5236,
2017-12-07 13:42:00+05:30,383.35,383.35,383.05,383.25,4282,
2017-12-07 13:43:00+05:30,383.25,383.25,383.1,383.2,2139,
2017-12-07 13:44:00+05:30,383.15,383.2,383.15,383.15,1960,
2017-12-07 13:45:00+05:30,383.15,383.25,383.15,383.2,4234,
2017-12-07 13:46:00+05:30,383.2,383.65,383.15,383.55,19945,
2017-12-07 13:47:00+05:30,383.55,383.85,383.55,383.85,1907,
2017-12-07 13:48:00+05:30,383.85,383.85,383.55,383.85,4025,
2017-12-07 13:49:00+05:30,383.85,384,383.85,384,2673,
2017-12-07 13:50:00+05:30,383.85,384.8,383.85,384.8,19206,
2017-12-07 13:51:00+05:30,384.75,384.75,384.4,384.55,7274,
2017-12-07 13:52:00+05:30,384.55,384.55,383.9,384,9039,
2017-12-07 13:53:00+05:30,384,384.25,384,384.05,5397,
2017-12-07 13:54:00+05:30,384.05,384.25,384,384.25,1351,
2017-12-07 13:55:00+05:30,384.25,384.25,384,384,3816,
2017-12-07 13:56:00+05:30,384,384.4,384,384.15,2907,
2017-12-07 13:57:00+05:30,384.15,384.4,384.15,384.15,1850,
2017-12-07 13:58:00+05:30,384.3,384.45,384.3,384.4,4242,
2017-12-07 13:59:00+05:30,384.4,385.75,384.4,385.55,88348,
2017-12-07 14:00:00+05:30,385.55,385.75,385.25,385.5,14510,
2017-12-07 14:01:00+05:30,385.5,385.7,385.35,385.5,6350,
2017-12-07 14:02:00+05:30,385.5,387.95,385.5,387.9,95437,
2017-12-07 14:03:00+05:30,388.25,388.9,387.35,387.35,98622,
2017-12-07 14:04:00+05:30,387.1,387.8,387,387.8,19494,
2017-12-07 14:05:00+05:30,387.5,388.05,387,387.05,19666,
2017-12-07 14:06:00+05:30,387.05,387.05,385.95,386.05,17467,
2017-12-07 14:07:00+05:30,386.05,386.5,386,386.25,7418,
2017-12-07 14:08:00+05:30,386.3,386.3,386,386.2,6756,
2017-12-07 14:09:00+05:30,386.2,386.2,385.35,385.5,17189,
2017-12-07 14:10:00+05:30,385.55,385.85,385.15,385.75,4444,
2017-12-07 14:11:00+05:30,385.9,386,384,385,29151,
2017-12-07 14:12:00+05:30,385,385,384.8,384.95,27478,
2017-12-07 14:13:00+05:30,384.95,385.4,384.9,385.35,5369,
2017-12-07 14:14:00+05:30,385.3,385.4,385.25,385.3,2115,
2017-12-07 14:15:00+05:30,385.3,386.25,385.3,386.25,10024,
2017-12-07 14:16:00+05:30,386.25,387.25,386.25,387,18298,
2017-12-07 14:17:00+05:30,387,387,386.45,386.75,4817,
2017-12-07 14:18:00+05:30,386.75,386.95,386.15,386.25,4073,
2017-12-07 14:19:00+05:30,386.25,387,386.1,387,10815,
2017-12-07 14:20:00+05:30,387,387,386.7,386.9,3401,
2017-12-07 14:21:00+05:30,386.9,386.9,386.65,386.9,7078,
2017-12-07 14:22:00+05:30,386.9,387.3,386.9,387.3,5838,
2017-12-07 14:23:00+05:30,387.4,387.8,387.3,387.75,12605,
2017-12-07 14:24:00+05:30,387.75,387.9,387.05,387.1,9772,
2017-12-07 14:25:00+05:30,387.35,387.35,386.55,386.65,4825,
2017-12-07 14:26:00+05:30,386.65,386.9,386.65,386.9,3929,
2017-12-07 14:27:00+05:30,387,387,386.85,386.85,2787,
2017-12-07 14:28:00+05:30,386.9,387.6,386.75,387.3,12871,
2017-12-07 14:29:00+05:30,387.6,387.8,387.05,387.1,11827,
2017-12-07 14:30:00+05:30,387.1,387.5,387.05,387.5,5975,
2017-12-07 14:31:00+05:30,387.5,387.9,387.2,387.8,7052,
2017-12-07 14:32:00+05:30,387.9,387.9,387.65,387.7,6496,
2017-12-07 14:33:00+05:30,387.7,387.7,387.45,387.45,3293,
2017-12-07 14:34:00+05:30,387.45,387.5,387.45,387.5,3818,
2017-12-07 14:35:00+05:30,387.5,387.5,386.85,386.95,4722,
2017-12-07 14:36:00+05:30,386.85,386.9,386.25,386.55,3087,
2017-12-07 14:37:00+05:30,386.4,386.7,386.1,386.1,5588,
2017-12-07 14:38:00+05:30,386.25,386.65,386.1,386.6,9661,
2017-12-07 14:39:00+05:30,386.65,386.85,386.5,386.7,4224,
2017-12-07 14:40:00+05:30,386.7,387.45,386.7,387.35,6135,
2017-12-07 14:41:00+05:30,387.35,387.4,386.65,387,5718,
2017-12-07 14:42:00+05:30,386.7,386.95,386.5,386.8,4380,
2017-12-07 14:43:00+05:30,386.8,386.95,386.7,386.95,11276,
2017-12-07 14:44:00+05:30,386.95,386.95,386.9,386.95,2572,
2017-12-07 14:45:00+05:30,386.9,386.95,386.8,386.85,7270,
2017-12-07 14:46:00+05:30,386.85,386.9,386.85,386.85,2118,
2017-12-07 14:47:00+05:30,386.85,386.9,386,386.3,5952,
2017-12-07 14:48:00+05:30,386.3,386.55,386.2,386.55,5687,
2017-12-07 14:49:00+05:30,386.55,386.9,386.5,386.75,5396,
2017-12-07 14:50:00+05:30,386.75,386.8,386.6,386.65,4455,
2017-12-07 14:51:00+05:30,386.65,386.95,386.65,386.9,5575,
2017-12-07 14:52:00+05:30,386.95,386.95,386.9,386.9,7805,
2017-12-07 14:53:00+05:30,386.95,387,386.9,387,2831,
2017-12-07 14:54:00+05:30,387,388,386.95,388,21992,
2017-12-07 14:55:00+05:30,387.85,389.45,387.85,389.1,56007,
2017-12-07 14:56:00+05:30,389.15,389.3,388.65,388.75,26565,
2017-12-07 14:57:00+05:30,388.65,388.65,388.25,388.25,9657,
2017-12-07 14:58:00+05:30,388.25,388.3,387.95,387.95,12967,
2017-12-07 14:59:00+05:30,387.95,388.35,387.5,388.2,18007,
2017-12-07 15:00:00+05:30,388.35,388.5,388.1,388.15,6207,
2017-12-07 15:01:00+05:30,388.15,388.25,387.6,387.8,12085,
2017-12-07 15:02:00+05:30,387.8,387.9,387.7,387.8,3887,
2017-12-07 15:03:00+05:30,387.8,387.8,387.65,387.75,8222,
2017-12-07 15:04:00+05:30,387.7,387.75,387,387,7923,
2017-12-07 15:05:00+05:30,387.5,387.7,387,387,14468,
2017-12-07 15:06:00+05:30,387,387.05,386.25,386.5,29915,
2017-12-07 15:07:00+05:30,386.5,387.9,386.4,387.85,10131,
2017-12-07 15:08:00+05:30,387.85,388.4,387.5,388.05,19029,
2017-12-07 15:09:00+05:30,388.05,388.35,387.9,388,7326,
2017-12-07 15:10:00+05:30,388,388.2,387.9,388.2,8174,
2017-12-07 15:11:00+05:30,388.2,388.35,387.65,387.85,6590,
2017-12-07 15:12:00+05:30,387.85,388.15,387.85,388,13036,
2017-12-07 15:13:00+05:30,388,388.1,387.9,388.1,8731,
2017-12-07 15:14:00+05:30,388.1,388.25,388,388.25,13097,
2017-12-07 15:15:00+05:30,388.1,389.3,388.1,389.2,22563,
2017-12-07 15:16:00+05:30,389.2,389.7,389.2,389.55,37126,
2017-12-07 15:17:00+05:30,389.55,389.55,388.25,388.7,22771,
2017-12-07 15:18:00+05:30,388.5,389,388.35,388.9,14527,
2017-12-07 15:19:00+05:30,388.95,389,388.85,388.85,11883,
2017-12-07 15:20:00+05:30,389,389,388.35,388.35,13530,
2017-12-07 15:21:00+05:30,388.4,389,388.4,389,18800,
2017-12-07 15:22:00+05:30,389,389.75,388.65,389.7,21885,
2017-12-07 15:23:00+05:30,389.7,389.75,389.1,389.5,24586,
2017-12-07 15:24:00+05:30,389.5,389.9,388.8,389,36957,
2017-12-07 15:25:00+05:30,389,389.35,388.65,388.65,14724,
2017-12-07 15:26:00+05:30,388.7,389,388.6,388.65,20463,
2017-12-07 15:27:00+05:30,388.6,388.65,387.1,387.45,39487,
2017-12-07 15:28:00+05:30,387.45,387.9,386.65,387,48851,
2017-12-07 15:29:00+05:30,386.85,387.9,386.85,387.75,27147,
2017-12-08 09:15:00+05:30,391,391.05,388.6,390.75,36641,
2017-12-08 09:16:00+05:30,391,392,390.75,392,33451,
2017-12-08 09:17:00+05:30,392,393.05,392,393.05,58694,
2017-12-08 09:18:00+05:30,393.05,394.5,392.95,394.5,52873,
2017-12-08 09:19:00+05:30,394.4,394.6,393.65,393.65,30403,
2017-12-08 09:20:00+05:30,393.6,393.65,392.25,392.5,23237,
2017-12-08 09:21:00+05:30,392.3,392.95,392.2,392.75,12933,
2017-12-08 09:22:00+05:30,392.75,393,392.45,392.8,10379,
2017-12-08 09:23:00+05:30,393,393,392.2,392.45,12896,
2017-12-08 09:24:00+05:30,393,393,392.2,392.3,23702,
2017-12-08 09:25:00+05:30,392.3,392.4,391.35,391.35,16375,
2017-12-08 09:26:00+05:30,391.4,391.4,389.65,389.65,18121,
2017-12-08 09:27:00+05:30,389.85,389.95,388.3,389.25,23711,
2017-12-08 09:28:00+05:30,389.6,391.4,389.6,391,19712,
2017-12-08 09:29:00+05:30,390.95,391,390.15,390.2,8347,
2017-12-08 09:30:00+05:30,390.05,390.5,390,390.4,5054,
2017-12-08 09:31:00+05:30,390.4,391,390.4,390.9,9637,
2017-12-08 09:32:00+05:30,390.9,391.75,390.9,391.75,12059,
2017-12-08 09:33:00+05:30,391.75,392.2,391.7,391.85,9795,
2017-12-08 09:34:00+05:30,391.85,392.1,391.85,391.9,7210,
2017-12-08 09:35:00+05:30,391.8,392,391.8,391.9,4143,
2017-12-08 09:36:00+05:30,391.7,392,391.65,391.8,8155,
2017-12-08 09:37:00+05:30,391.9,392,391.8,391.8,2546,
2017-12-08 09:38:00+05:30,391.8,392,391.5,391.6,4798,
2017-12-08 09:39:00+05:30,391.6,392,391.5,391.75,4152,
2017-12-08 09:40:00+05:30,391.75,391.95,391.5,391.75,5723,
2017-12-08 09:41:00+05:30,391.75,392.2,391.5,392.15,5960,
2017-12-08 09:42:00+05:30,392.2,392.2,392,392.05,4256,
2017-12-08 09:43:00+05:30,392,392.2,392,392.2,3399,
2017-12-08 09:44:00+05:30,392.2,392.35,392,392.35,12061,
2017-12-08 09:45:00+05:30,392.4,392.4,392.1,392.35,2310,
2017-12-08 09:46:00+05:30,392.1,392.3,392,392.1,1800,
2017-12-08 09:47:00+05:30,392.1,392.35,392.05,392.35,2277,
2017-12-08 09:48:00+05:30,392.3,392.35,392,392,3013,
2017-12-08 09:49:00+05:30,392,392,391.8,391.85,4701,
2017-12-08 09:50:00+05:30,391.8,391.9,391.7,391.7,5033,
2017-12-08 09:51:00+05:30,391.7,391.7,390.85,390.85,6278,
2017-12-08 09:52:00+05:30,390.9,391,390.4,390.5,10126,
2017-12-08 09:53:00+05:30,390.45,390.45,389.1,389.9,13251,
2017-12-08 09:54:00+05:30,389.95,390,389.5,389.55,7425,
2017-12-08 09:55:00+05:30,389.55,389.7,389.45,389.5,4205,
2017-12-08 09:56:00+05:30,389.5,389.55,389.45,389.55,5234,
2017-12-08 09:57:00+05:30,389.55,389.7,389.4,389.6,4944,
2017-12-08 09:58:00+05:30,389.6,389.7,389.5,389.55,3229,
2017-12-08 09:59:00+05:30,389.55,390.75,389.55,390.15,4580,
2017-12-08 10:00:00+05:30,390.15,390.85,390.15,390.65,2807,
2017-12-08 10:01:00+05:30,390.65,390.95,390.6,390.6,3139,
2017-12-08 10:02:00+05:30,390.6,390.6,390.3,390.4,1842,
2017-12-08 10:03:00+05:30,390.4,390.85,390.4,390.7,2448,
2017-12-08 10:04:00+05:30,390.7,390.7,390.2,390.55,2359,
2017-12-08 10:05:00+05:30,390.55,392,390.55,392,12150,
2017-12-08 10:06:00+05:30,391.85,392,391.65,391.65,8813,
2017-12-08 10:07:00+05:30,391.65,391.85,391.5,391.5,4215,
2017-12-08 10:08:00+05:30,391.5,391.85,391.5,391.5,2085,
2017-12-08 10:09:00+05:30,391.5,391.6,391.5,391.6,1873,
2017-12-08 10:10:00+05:30,391.6,392.05,391.6,392.05,4440,
2017-12-08 10:11:00+05:30,392.05,392.85,392.05,392.85,10138,
2017-12-08 10:12:00+05:30,392.6,392.85,392.35,392.8,6469,
2017-12-08 10:13:00+05:30,392.85,393.3,392.75,393.3,17084,
2017-12-08 10:14:00+05:30,393.3,393.7,393.2,393.5,12331,
2017-12-08 10:15:00+05:30,393.5,393.5,392.55,392.55,6436,
2017-12-08 10:16:00+05:30,392.55,392.55,392.25,392.35,3539,
2017-12-08 10:17:00+05:30,392.4,392.9,392.4,392.6,4094,
2017-12-08 10:18:00+05:30,392.5,393.55,392.25,393.3,7751,
2017-12-08 10:19:00+05:30,393.3,393.3,392.6,392.6,4211,
2017-12-08 10:20:00+05:30,392.6,393.3,392.35,393.3,4379,
2017-12-08 10:21:00+05:30,393,393.55,393,393.55,6509,
2017-12-08 10:22:00+05:30,393.55,394,393.2,394,9894,
2017-12-08 10:23:00+05:30,394,394.5,392.6,392.65,33430,
2017-12-08 10:24:00+05:30,392.65,393.35,392.65,392.95,4260,
2017-12-08 10:25:00+05:30,392.95,392.95,392.65,392.65,1765,
2017-12-08 10:26:00+05:30,392.65,393.15,392.65,393,7333,
2017-12-08 10:27:00+05:30,393,393.5,393,393.5,3756,
2017-12-08 10:28:00+05:30,393.5,393.5,393,393,3915,
2017-12-08 10:29:00+05:30,393,393.2,392.7,392.7,2677,
2017-12-08 10:30:00+05:30,392.7,393,392.7,393,1281,
2017-12-08 10:31:00+05:30,392.75,393,392.65,392.95,2097,
2017-12-08 10:32:00+05:30,392.95,393,392.7,392.8,1660,
2017-12-08 10:33:00+05:30,392.8,392.8,392.4,392.4,3537,
2017-12-08 10:34:00+05:30,392.55,392.8,392.35,392.65,1577,
2017-12-08 10:35:00+05:30,392.65,392.7,392.25,392.35,3214,
2017-12-08 10:36:00+05:30,392.3,392.45,392,392,4160,
2017-12-08 10:37:00+05:30,392.15,393,392,392.2,3659,
2017-12-08 10:38:00+05:30,392.2,392.7,392.05,392.25,1248,
2017-12-08 10:39:00+05:30,392.4,392.5,392.3,392.3,2536,
2017-12-08 10:40:00+05:30,392.3,392.6,392.3,392.45,1349,
2017-12-08 10:41:00+05:30,392.45,392.5,392.25,392.25,1787,
2017-12-08 10:42:00+05:30,392.15,392.15,391.5,391.75,4018,
2017-12-08 10:43:00+05:30,391.9,391.9,391.4,391.65,2669,
2017-12-08 10:44:00+05:30,391.95,391.95,391.1,391.5,3138,
2017-12-08 10:45:00+05:30,391.35,392,391.35,391.95,983,
2017-12-08 10:46:00+05:30,391.9,392,391.35,391.35,2599,
2017-12-08 10:47:00+05:30,391.35,392,391.35,391.5,3938,
2017-12-08 10:48:00+05:30,391.5,391.9,391.1,391.35,2434,
2017-12-08 10:49:00+05:30,391.35,391.5,391.2,391.2,1203,
2017-12-08 10:50:00+05:30,391.2,391.5,390.6,390.95,5754,
2017-12-08 10:51:00+05:30,390.95,391.1,390.65,391,3214,
2017-12-08 10:52:00+05:30,391,391,390.65,391,1295,
2017-12-08 10:53:00+05:30,391,391,390.7,390.95,3419,
2017-12-08 10:54:00+05:30,390.95,392.6,390.7,392.6,17436,
2017-12-08 10:55:00+05:30,392.5,393,391.2,391.95,7198,
2017-12-08 10:56:00+05:30,391.95,393.55,391.95,393.4,13776,
2017-12-08 10:57:00+05:30,393.4,395,392.55,392.55,80178,
2017-12-08 10:58:00+05:30,392.8,392.8,391.55,392.35,19568,
2017-12-08 10:59:00+05:30,392.2,392.2,391.25,391.45,13548,
2017-12-08 11:00:00+05:30,391.45,391.7,391.45,391.7,3634,
2017-12-08 11:01:00+05:30,391.7,391.9,391.6,391.6,1475,
2017-12-08 11:02:00+05:30,391.6,391.9,391.55,391.9,4692,
2017-12-08 11:03:00+05:30,391.9,391.9,391.6,391.7,710,
2017-12-08 11:04:00+05:30,391.7,391.8,391.55,391.55,1681,
2017-12-08 11:05:00+05:30,391.55,391.7,391.55,391.55,657,
2017-12-08 11:06:00+05:30,391.55,391.55,391.2,391.25,2117,
2017-12-08 11:07:00+05:30,391.25,391.5,391.25,391.5,2296,
2017-12-08 11:08:00+05:30,391.5,391.9,391.5,391.5,1709,
2017-12-08 11:09:00+05:30,391.7,391.9,391.55,391.65,1907,
2017-12-08 11:10:00+05:30,391.65,391.8,390.9,391,19268,
2017-12-08 11:11:00+05:30,390.9,391,390.8,390.9,2505,
2017-12-08 11:12:00+05:30,390.9,390.95,390.65,390.8,2779,
2017-12-08 11:13:00+05:30,390.8,390.9,390.6,390.85,2395,
2017-12-08 11:14:00+05:30,390.85,391.6,390.85,391.5,4911,
2017-12-08 11:15:00+05:30,391.5,392.1,391.1,391.5,7453,
2017-12-08 11:16:00+05:30,391.5,392.35,391.5,392.25,3600,
2017-12-08 11:17:00+05:30,392.25,392.3,391.75,391.75,2861,
2017-12-08 11:18:00+05:30,391.75,391.9,391.55,391.65,2533,
2017-12-08 11:19:00+05:30,391.65,391.7,391.15,391.2,3148,
2017-12-08 11:20:00+05:30,391.2,392,391.2,392,2733,
2017-12-08 11:21:00+05:30,391.8,391.8,391.1,391.25,1985,
2017-12-08 11:22:00+05:30,391.25,391.25,391.1,391.15,2040,
2017-12-08 11:23:00+05:30,391.15,391.15,391,391,1907,
2017-12-08 11:24:00+05:30,391,391.1,390.9,391,2861,
2017-12-08 11:25:00+05:30,391,391.4,391,391.1,1649,
2017-12-08 11:26:00+05:30,391.1,391.7,391.1,391.25,1726,
2017-12-08 11:27:00+05:30,391.25,391.25,390.85,391.1,1805,
2017-12-08 11:28:00+05:30,391.1,391.1,391,391,638,
2017-12-08 11:29:00+05:30,391,391.05,390.8,391.05,1332,
2017-12-08 11:30:00+05:30,391.05,391.05,390.8,391.05,1162,
2017-12-08 11:31:00+05:30,391.05,391.45,391,391.1,1628,
2017-12-08 11:32:00+05:30,391.1,392,391.1,391.5,1618,
2017-12-08 11:33:00+05:30,391.5,391.55,391.5,391.5,461,
2017-12-08 11:34:00+05:30,391.45,391.55,391.1,391.1,811,
2017-12-08 11:35:00+05:30,391.1,391.4,391,391.1,1027,
2017-12-08 11:36:00+05:30,391.15,391.25,390.5,391.1,5368,
2017-12-08 11:37:00+05:30,391.1,391.8,390.55,391,8817,
2017-12-08 11:38:00+05:30,391,391.05,390.55,391.05,1553,
2017-12-08 11:39:00+05:30,391,391.8,391,391.15,2152,
2017-12-08 11:40:00+05:30,391.5,391.55,391.15,391.25,464,
2017-12-08 11:41:00+05:30,391.15,391.7,391.15,391.15,898,
2017-12-08 11:42:00+05:30,391.15,391.2,391,391,1134,
2017-12-08 11:43:00+05:30,391,391.1,390.85,391,1306,
2017-12-08 11:44:00+05:30,391,391.6,391,391.6,1135,
2017-12-08 11:45:00+05:30,391.6,391.8,391.2,391.2,3330,
2017-12-08 11:46:00+05:30,391.2,391.4,391.2,391.25,790,
2017-12-08 11:47:00+05:30,391.25,391.65,391.2,391.25,615,
2017-12-08 11:48:00+05:30,391.25,391.65,391.2,391.55,677,
2017-12-08 11:49:00+05:30,391.55,391.75,391,391.05,4128,
2017-12-08 11:50:00+05:30,391.05,391.4,390.95,391,10389,
2017-12-08 11:51:00+05:30,391,391.35,390.95,391.25,883,
2017-12-08 11:52:00+05:30,391.25,391.25,391,391,1064,
2017-12-08 11:53:00+05:30,391,391.2,391,391,984,
2017-12-08 11:54:00+05:30,391,391.25,391,391.1,2133,
2017-12-08 11:55:00+05:30,391.1,391.3,391,391.3,1506,
2017-12-08 11:56:00+05:30,391.3,391.3,391.05,391.05,677,
2017-12-08 11:57:00+05:30,391.05,391.3,391,391,2811,
2017-12-08 11:58:00+05:30,391,391.45,391,391.15,638,
2017-12-08 11:59:00+05:30,391.15,391.75,391.15,391.65,1831,
2017-12-08 12:00:00+05:30,391.65,391.7,391.15,391.15,1678,
2017-12-08 12:01:00+05:30,391.15,391.25,391,391,1677,
2017-12-08 12:02:00+05:30,391.25,391.25,390.85,390.85,4443,
2017-12-08 12:03:00+05:30,390.8,391.3,390.5,391.3,2232,
2017-12-08 12:04:00+05:30,391.3,391.45,391,391,2494,
2017-12-08 12:05:00+05:30,391,391.5,391,391.45,2963,
2017-12-08 12:06:00+05:30,391.45,391.5,391,391.05,7648,
2017-12-08 12:07:00+05:30,391.05,391.7,391.05,391.15,3354,
2017-12-08 12:08:00+05:30,391.15,391.4,391.15,391.4,285,
2017-12-08 12:09:00+05:30,391.65,391.7,391.2,391.6,2066,
2017-12-08 12:10:00+05:30,391.6,391.6,391.1,391.25,959,
2017-12-08 12:11:00+05:30,391.25,391.25,391.1,391.1,337,
2017-12-08 12:12:00+05:30,391.1,391.3,391,391.3,1340,
2017-12-08 12:13:00+05:30,391.3,391.3,391.1,391.3,1296,
2017-12-08 12:14:00+05:30,391.3,391.6,391.1,391.2,2345,
2017-12-08 12:15:00+05:30,391.2,391.75,391.2,391.75,2181,
2017-12-08 12:16:00+05:30,391.75,391.8,391.6,391.6,1099,
2017-12-08 12:17:00+05:30,391.6,391.8,391.4,391.45,2163,
2017-12-08 12:18:00+05:30,391.45,391.95,391.4,391.55,2322,
2017-12-08 12:19:00+05:30,391.8,391.85,391.6,391.7,453,
2017-12-08 12:20:00+05:30,391.7,391.8,391.4,391.45,1088,
2017-12-08 12:21:00+05:30,391.45,391.8,391.2,391.2,1504,
2017-12-08 12:22:00+05:30,391.2,391.7,391.2,391.3,1051,
2017-12-08 12:23:00+05:30,391.3,391.3,391.1,391.1,1233,
2017-12-08 12:24:00+05:30,391.1,391.1,390.85,391,6973,
2017-12-08 12:25:00+05:30,391,391.5,391,391.5,1233,
2017-12-08 12:26:00+05:30,391.5,391.7,391.4,391.4,1178,
2017-12-08 12:27:00+05:30,391.4,391.45,391.2,391.45,558,
2017-12-08 12:28:00+05:30,391.45,391.75,391.1,391.5,1395,
2017-12-08 12:29:00+05:30,391.5,391.8,391.2,391.25,1560,
2017-12-08 12:30:00+05:30,391.25,391.8,391,391.8,1468,
2017-12-08 12:31:00+05:30,391.4,391.4,391.35,391.35,1726,
2017-12-08 12:32:00+05:30,391.35,391.4,391.35,391.4,1634,
2017-12-08 12:33:00+05:30,391.4,391.7,391.35,391.7,1189,
2017-12-08 12:34:00+05:30,391.7,391.7,391.4,391.4,575,
2017-12-08 12:35:00+05:30,391.4,391.8,391.3,391.7,983,
2017-12-08 12:36:00+05:30,391.7,391.8,391.5,391.5,1216,
2017-12-08 12:37:00+05:30,391.5,391.5,391.3,391.5,545,
2017-12-08 12:38:00+05:30,391.3,391.8,391.3,391.75,913,
2017-12-08 12:39:00+05:30,391.75,391.75,391.25,391.4,1184,
2017-12-08 12:40:00+05:30,391.4,391.8,391.2,391.75,1240,
2017-12-08 12:41:00+05:30,391.75,392,391.4,392,5942,
2017-12-08 12:42:00+05:30,392,392,391.65,391.95,715,
2017-12-08 12:43:00+05:30,391.95,391.95,390.9,391.05,4297,
2017-12-08 12:44:00+05:30,391.05,391.45,389.5,390,30623,
2017-12-08 12:45:00+05:30,389.5,391.45,389.5,391,15721,
2017-12-08 12:46:00+05:30,391,391.4,391,391.4,3469,
2017-12-08 12:47:00+05:30,390.4,391.2,390.4,391.1,1784,
2017-12-08 12:48:00+05:30,391.1,391.2,391.05,391.05,238,
2017-12-08 12:49:00+05:30,391.05,391.5,391,391.5,5099,
2017-12-08 12:50:00+05:30,391.5,392,391.3,391.5,11367,
2017-12-08 12:51:00+05:30,391.5,392,391.35,391.5,1366,
2017-12-08 12:52:00+05:30,391.5,392,391.5,391.55,1792,
2017-12-08 12:53:00+05:30,391.55,391.9,391.5,391.65,1360,
2017-12-08 12:54:00+05:30,391.65,391.9,391.65,391.65,640,
2017-12-08 12:55:00+05:30,391.65,391.9,391.5,391.6,622,
2017-12-08 12:56:00+05:30,391.6,391.95,391.5,391.55,813,
2017-12-08 12:57:00+05:30,391.55,391.85,391.45,391.5,1530,
2017-12-08 12:58:00+05:30,391.5,391.8,391.25,391.5,1218,
2017-12-08 12:59:00+05:30,391.5,391.8,391.5,391.5,302,
2017-12-08 13:00:00+05:30,391.75,391.75,391.4,391.45,1726,
2017-12-08 13:01:00+05:30,391.3,391.55,391.2,391.2,1474,
2017-12-08 13:02:00+05:30,391.2,391.8,391.05,391.05,2195,
2017-12-08 13:03:00+05:30,391.05,391.45,391.05,391.05,515,
2017-12-08 13:04:00+05:30,391.05,391.3,390.5,391,6510,
2017-12-08 13:05:00+05:30,391,391.25,390.55,391,1786,
2017-12-08 13:06:00+05:30,391,391.25,391,391.05,2384,
2017-12-08 13:07:00+05:30,391.25,391.35,391.05,391.2,724,
2017-12-08 13:08:00+05:30,391.2,391.4,391.2,391.4,696,
2017-12-08 13:09:00+05:30,391.2,391.4,391.2,391.35,1423,
2017-12-08 13:10:00+05:30,391.35,391.35,391.2,391.2,1337,
2017-12-08 13:11:00+05:30,391.2,391.35,391.2,391.2,1084,
2017-12-08 13:12:00+05:30,391.2,391.35,391.2,391.35,1403,
2017-12-08 13:13:00+05:30,391.35,391.35,391,391,785,
2017-12-08 13:14:00+05:30,391,391.4,391,391.1,1490,
2017-12-08 13:15:00+05:30,391.1,391.45,390.7,391,4824,
2017-12-08 13:16:00+05:30,391,391.2,390.7,391.2,3384,
2017-12-08 13:17:00+05:30,391.2,391.2,391,391,1088,
2017-12-08 13:18:00+05:30,391,391.15,390.9,391,3044,
2017-12-08 13:19:00+05:30,391,391.15,390.75,391.05,2478,
2017-12-08 13:20:00+05:30,391.05,391.2,390.8,391,6976,
2017-12-08 13:21:00+05:30,391,391.25,390.9,391,691,
2017-12-08 13:22:00+05:30,391,391.2,391,391.2,862,
2017-12-08 13:23:00+05:30,391.2,391.2,391,391,820,
2017-12-08 13:24:00+05:30,391,391.3,391,391.3,1305,
2017-12-08 13:25:00+05:30,391.3,391.4,391.2,391.2,1032,
2017-12-08 13:26:00+05:30,391.2,391.4,391.05,391.1,1278,
2017-12-08 13:27:00+05:30,391.1,391.3,391.1,391.15,319,
2017-12-08 13:28:00+05:30,391.15,391.45,391.15,391.15,1726,
2017-12-08 13:29:00+05:30,391.15,391.45,391.15,391.2,3460,
2017-12-08 13:30:00+05:30,391.2,391.2,391.05,391.1,483,
2017-12-08 13:31:00+05:30,391,391.2,390.6,391,2323,
2017-12-08 13:32:00+05:30,391,391.2,391,391,1004,
2017-12-08 13:33:00+05:30,391,391.45,391,391.45,1188,
2017-12-08 13:34:00+05:30,391.2,391.5,391.15,391.15,580,
2017-12-08 13:35:00+05:30,391.15,391.45,391.15,391.15,324,
2017-12-08 13:36:00+05:30,391.35,391.75,391.15,391.65,2481,
2017-12-08 13:37:00+05:30,391.65,391.8,391.2,391.8,888,
2017-12-08 13:38:00+05:30,391.8,391.85,391.5,391.6,968,
2017-12-08 13:39:00+05:30,391.5,391.85,391.35,391.35,1048,
2017-12-08 13:40:00+05:30,391.35,391.9,391.25,391.25,1455,
2017-12-08 13:41:00+05:30,391.2,391.7,391.2,391.5,457,
2017-12-08 13:42:00+05:30,391.6,392.9,391.6,392.6,18732,
2017-12-08 13:43:00+05:30,392.6,393.9,392.6,393.2,26331,
2017-12-08 13:44:00+05:30,393.2,393.3,392.5,392.6,6718,
2017-12-08 13:45:00+05:30,392.6,393.85,392.6,393.7,13674,
2017-12-08 13:46:00+05:30,393.7,393.75,393.05,393.4,4686,
2017-12-08 13:47:00+05:30,393.3,393.85,393.3,393.85,6135,
2017-12-08 13:48:00+05:30,393.5,393.8,393,393,4285,
2017-12-08 13:49:00+05:30,393.05,393.5,392.85,392.85,3208,
2017-12-08 13:50:00+05:30,393,393,392.85,392.85,1935,
2017-12-08 13:51:00+05:30,392.85,392.95,392.65,392.65,2301,
2017-12-08 13:52:00+05:30,392.65,392.9,392.6,392.85,3028,
2017-12-08 13:53:00+05:30,392.6,392.85,392.5,392.7,1472,
2017-12-08 13:54:00+05:30,392.7,392.9,392.55,392.75,1111,
2017-12-08 13:55:00+05:30,392.55,392.9,392.55,392.8,3321,
2017-12-08 13:56:00+05:30,392.9,393.85,392.9,393.85,7576,
2017-12-08 13:57:00+05:30,393.85,395.55,393.6,394.8,132721,
2017-12-08 13:58:00+05:30,395,395.65,393.6,394,55562,
2017-12-08 13:59:00+05:30,394,394,393.7,393.9,13005,
2017-12-08 14:00:00+05:30,394,394,393.6,393.8,4033,
2017-12-08 14:01:00+05:30,393.8,393.8,393.35,393.8,5005,
2017-12-08 14:02:00+05:30,393.4,393.5,393.05,393.4,3742,
2017-12-08 14:03:00+05:30,393.4,393.5,392.65,393,6216,
2017-12-08 14:04:00+05:30,393,393,392.65,392.95,2479,
2017-12-08 14:05:00+05:30,392.95,392.95,392.3,392.35,4051,
2017-12-08 14:06:00+05:30,392.4,392.5,392.35,392.5,4463,
2017-12-08 14:07:00+05:30,392.5,392.55,392.05,392.45,6790,
2017-12-08 14:08:00+05:30,392.45,392.5,392,392,2290,
2017-12-08 14:09:00+05:30,392,392.95,392,392.3,2132,
2017-12-08 14:10:00+05:30,392.3,393,392.3,392.95,1732,
2017-12-08 14:11:00+05:30,392.95,392.95,392.25,392.25,1732,
2017-12-08 14:12:00+05:30,392.2,392.95,392.2,392.6,2407,
2017-12-08 14:13:00+05:30,392.55,392.65,392,392.05,2957,
2017-12-08 14:14:00+05:30,392.35,392.35,391.55,392,7317,
2017-12-08 14:15:00+05:30,392,392,391.5,391.8,4334,
2017-12-08 14:16:00+05:30,391.8,391.95,391.3,391.4,4585,
2017-12-08 14:17:00+05:30,391.4,391.5,391.35,391.35,4972,
2017-12-08 14:18:00+05:30,391.35,391.35,391.1,391.2,7896,
2017-12-08 14:19:00+05:30,391.35,391.95,391.2,391.4,9653,
2017-12-08 14:20:00+05:30,391.3,391.4,391.25,391.25,1915,
2017-12-08 14:21:00+05:30,391.3,391.35,391,391.05,16620,
2017-12-08 14:22:00+05:30,391,391.3,390.9,391.1,4338,
2017-12-08 14:23:00+05:30,391.1,391.3,391.05,391.25,4739,
2017-12-08 14:24:00+05:30,391.25,391.5,391.05,391.15,2663,
2017-12-08 14:25:00+05:30,391.15,392,391.15,391.65,3615,
2017-12-08 14:26:00+05:30,391.9,391.9,390.4,390.85,19608,
2017-12-08 14:27:00+05:30,390.85,391.2,390.45,390.65,9327,
2017-12-08 14:28:00+05:30,390.65,390.9,390.5,390.7,2202,
2017-12-08 14:29:00+05:30,390.95,391,390.6,390.9,4264,
2017-12-08 14:30:00+05:30,390.9,391.05,390.6,390.65,2252,
2017-12-08 14:31:00+05:30,390.65,390.9,390.55,390.8,1542,
2017-12-08 14:32:00+05:30,390.8,390.85,390.3,390.65,8969,
2017-12-08 14:33:00+05:30,390.5,390.65,390.25,390.55,6953,
2017-12-08 14:34:00+05:30,390.55,390.55,386.35,387.6,51669,
2017-12-08 14:35:00+05:30,387.3,387.95,386.35,387.55,27001,
2017-12-08 14:36:00+05:30,387.55,388.75,387.55,388.4,13128,
2017-12-08 14:37:00+05:30,388.4,389.5,388.25,388.95,11939,
2017-12-08 14:38:00+05:30,388.95,389.5,388.5,389.15,14050,
2017-12-08 14:39:00+05:30,389.15,389.45,388.85,389.45,5918,
2017-12-08 14:40:00+05:30,389.45,389.45,388.65,388.95,7300,
2017-12-08 14:41:00+05:30,388.9,389.4,388.75,389.2,6027,
2017-12-08 14:42:00+05:30,389.2,389.25,388.8,389,4639,
2017-12-08 14:43:00+05:30,389,389.4,388.9,389.4,5010,
2017-12-08 14:44:00+05:30,389.5,389.5,389.05,389.25,4221,
2017-12-08 14:45:00+05:30,389.05,389.05,388.75,389,7707,
2017-12-08 14:46:00+05:30,389,389.5,388.65,389.4,9934,
2017-12-08 14:47:00+05:30,389.4,389.4,389,389.05,2089,
2017-12-08 14:48:00+05:30,389,389.5,389,389.5,4094,
2017-12-08 14:49:00+05:30,389.5,389.5,389.05,389.3,2820,
2017-12-08 14:50:00+05:30,389.1,389.35,388.85,389.35,6162,
2017-12-08 14:51:00+05:30,389.35,389.35,388.85,388.85,3147,
2017-12-08 14:52:00+05:30,389.3,389.55,389,389.55,2150,
2017-12-08 14:53:00+05:30,389.6,389.6,389.1,389.1,2315,
2017-12-08 14:54:00+05:30,389.1,389.4,388.9,388.95,4691,
2017-12-08 14:55:00+05:30,388.95,389,388.8,388.95,14000,
2017-12-08 14:56:00+05:30,388.95,389.35,388.75,389,12379,
2017-12-08 14:57:00+05:30,389,389.2,388.7,389,8473,
2017-12-08 14:58:00+05:30,389.1,389.15,388.95,389,6230,
2017-12-08 14:59:00+05:30,389,389.2,388.95,389,6796,
2017-12-08 15:00:00+05:30,389,389.05,388.95,389,6132,
2017-12-08 15:01:00+05:30,389,389.05,388.5,388.5,4644,
2017-12-08 15:02:00+05:30,388.5,388.5,387.3,388.45,10677,
2017-12-08 15:03:00+05:30,388.45,389,387.75,389,11137,
2017-12-08 15:04:00+05:30,389,389.2,388.4,389.15,10070,
2017-12-08 15:05:00+05:30,389.2,389.5,389.05,389.5,3210,
2017-12-08 15:06:00+05:30,389.3,389.5,388.9,389.5,5709,
2017-12-08 15:07:00+05:30,389.5,389.5,388.25,388.25,11137,
2017-12-08 15:08:00+05:30,388.35,389.3,387.1,387.95,30242,
2017-12-08 15:09:00+05:30,387.9,389.45,387.9,389.25,29537,
2017-12-08 15:10:00+05:30,389.25,389.5,389,389.25,7033,
2017-12-08 15:11:00+05:30,389.25,389.45,388.95,388.95,10160,
2017-12-08 15:12:00+05:30,388.95,389.4,388.55,388.55,5982,
2017-12-08 15:13:00+05:30,388.9,389.2,388.05,389.15,11848,
2017-12-08 15:14:00+05:30,389.05,389.35,389,389.25,2995,
2017-12-08 15:15:00+05:30,389.25,389.4,388.65,389,19592,
2017-12-08 15:16:00+05:30,388.6,389.3,388.6,389.2,11483,
2017-12-08 15:17:00+05:30,389.25,389.25,389,389.2,9827,
2017-12-08 15:18:00+05:30,389.2,389.35,389,389.1,11983,
2017-12-08 15:19:00+05:30,389.3,389.9,389.3,389.75,24326,
2017-12-08 15:20:00+05:30,389.85,389.95,389.5,389.95,14470,
2017-12-08 15:21:00+05:30,389.95,390,389.35,389.8,11831,
2017-12-08 15:22:00+05:30,389.8,390.5,389.8,390,23648,
2017-12-08 15:23:00+05:30,389.95,390.45,389.8,390.05,5945,
2017-12-08 15:24:00+05:30,390,390.35,390,390.2,10589,
2017-12-08 15:25:00+05:30,390.05,390.5,390.05,390.25,16423,
2017-12-08 15:26:00+05:30,390.15,390.5,390.15,390.2,30609,
2017-12-08 15:27:00+05:30,390.4,390.45,390.15,390.15,12567,
2017-12-08 15:28:00+05:30,390.2,390.2,389.4,389.4,19623,
2017-12-08 15:29:00+05:30,389.55,389.95,387.5,388,11964,
2017-12-11 09:15:00+05:30,387.05,390,387.05,389.95,20640,
2017-12-11 09:16:00+05:30,390,390.1,389.7,390,8010,
2017-12-11 09:17:00+05:30,389.75,390.6,389.75,390.6,11998,
2017-12-11 09:18:00+05:30,389.75,390,389.3,389.65,8523,
2017-12-11 09:19:00+05:30,389.8,390,389.5,390,7078,
2017-12-11 09:20:00+05:30,390,392,390,391.8,6511,
2017-12-11 09:21:00+05:30,391.95,391.95,390.05,390.2,7518,
2017-12-11 09:22:00+05:30,390,390.2,389.55,389.6,14454,
2017-12-11 09:23:00+05:30,389.9,389.9,386.7,386.7,17363,
2017-12-11 09:24:00+05:30,386.5,387.25,385.95,386.5,19895,
2017-12-11 09:25:00+05:30,386.5,387.3,386.5,387.25,11984,
2017-12-11 09:26:00+05:30,387.2,387.85,387.2,387.85,5652,
2017-12-11 09:27:00+05:30,387.85,388,387.75,387.75,9401,
2017-12-11 09:28:00+05:30,387.75,387.75,387.5,387.75,4661,
2017-12-11 09:29:00+05:30,387.75,387.8,387.4,387.8,1626,
2017-12-11 09:30:00+05:30,387.9,388,387.55,387.7,2829,
2017-12-11 09:31:00+05:30,387.7,387.8,387.25,387.35,3664,
2017-12-11 09:32:00+05:30,387.2,387.45,387.1,387.1,1639,
2017-12-11 09:33:00+05:30,387.1,387.4,386.6,386.9,3673,
2017-12-11 09:34:00+05:30,386.9,386.9,386.05,386.3,5164,
2017-12-11 09:35:00+05:30,386.3,386.4,386,386.1,8318,
2017-12-11 09:36:00+05:30,386.05,386.05,383.95,383.95,25032,
2017-12-11 09:37:00+05:30,383.95,384,383.45,383.75,10310,
2017-12-11 09:38:00+05:30,383.7,384.3,383.6,384.3,9379,
2017-12-11 09:39:00+05:30,384.4,384.85,383.9,384.1,9885,
2017-12-11 09:40:00+05:30,384.5,385,384.35,384.6,6869,
2017-12-11 09:41:00+05:30,384.6,384.9,384.55,384.55,2826,
2017-12-11 09:42:00+05:30,384.65,384.95,384.55,384.9,2954,
2017-12-11 09:43:00+05:30,384.95,384.95,384.1,384.4,5896,
2017-12-11 09:44:00+05:30,384.4,384.95,384.15,384.9,7210,
2017-12-11 09:45:00+05:30,384.95,384.95,384.55,384.7,2251,
2017-12-11 09:46:00+05:30,384.65,384.7,384.4,384.65,1568,
2017-12-11 09:47:00+05:30,384.65,384.85,384.65,384.8,785,
2017-12-11 09:48:00+05:30,384.8,384.85,384.15,384.2,2236,
2017-12-11 09:49:00+05:30,384.2,384.5,384.1,384.25,2249,
2017-12-11 09:50:00+05:30,384.25,384.5,384.25,384.4,1260,
2017-12-11 09:51:00+05:30,384.4,384.4,384.05,384.15,1301,
2017-12-11 09:52:00+05:30,384.2,384.5,384.1,384.25,2842,
2017-12-11 09:53:00+05:30,384.2,384.4,384.2,384.4,1214,
2017-12-11 09:54:00+05:30,384.4,384.8,384.35,384.75,1304,
2017-12-11 09:55:00+05:30,384.55,384.9,384.55,384.8,490,
2017-12-11 09:56:00+05:30,384.8,384.95,384.65,384.7,2770,
2017-12-11 09:57:00+05:30,384.75,384.8,384.4,384.55,3963,
2017-12-11 09:58:00+05:30,384.55,384.6,384.05,384.6,11669,
2017-12-11 09:59:00+05:30,384.6,384.8,384.35,384.35,2623,
2017-12-11 10:00:00+05:30,384.5,384.8,384.35,384.8,6002,
2017-12-11 10:01:00+05:30,384.8,384.8,384.2,384.25,7359,
2017-12-11 10:02:00+05:30,384.25,384.4,383.65,383.65,7533,
2017-12-11 10:03:00+05:30,383.65,384,383.65,383.95,1997,
2017-12-11 10:04:00+05:30,383.7,383.95,382.75,382.85,7141,
2017-12-11 10:05:00+05:30,382.8,383,382.75,382.95,4642,
2017-12-11 10:06:00+05:30,382.95,383.45,382.8,383.4,2800,
2017-12-11 10:07:00+05:30,383.45,384,383.45,383.9,2520,
2017-12-11 10:08:00+05:30,383.6,384,383.6,383.75,922,
2017-12-11 10:09:00+05:30,383.75,383.95,383.7,383.8,1332,
2017-12-11 10:10:00+05:30,383.8,384,383.7,383.95,1811,
2017-12-11 10:11:00+05:30,383.95,384,383.5,383.55,2523,
2017-12-11 10:12:00+05:30,383.55,383.55,383.4,383.5,2242,
2017-12-11 10:13:00+05:30,383.5,383.65,382.7,382.7,7046,
2017-12-11 10:14:00+05:30,382.7,382.8,382.6,382.8,1991,
2017-12-11 10:15:00+05:30,382.8,383,382.75,383,6087,
2017-12-11 10:16:00+05:30,383,383,382.7,382.75,3625,
2017-12-11 10:17:00+05:30,382.75,383.1,382.7,383.1,4583,
2017-12-11 10:18:00+05:30,383.1,383.65,383,383.45,1113,
2017-12-11 10:19:00+05:30,383.45,383.75,383.4,383.75,2197,
2017-12-11 10:20:00+05:30,383.75,384.4,383.5,384.2,2129,
2017-12-11 10:21:00+05:30,384.2,385,384.05,384.25,5822,
2017-12-11 10:22:00+05:30,384.45,384.45,384.25,384.25,644,
2017-12-11 10:23:00+05:30,384.25,384.95,384.25,384.6,794,
2017-12-11 10:24:00+05:30,384.6,384.95,384.4,384.4,627,
2017-12-11 10:25:00+05:30,384.4,384.55,384.4,384.45,440,
2017-12-11 10:26:00+05:30,384.45,384.5,383.25,383.5,2618,
2017-12-11 10:27:00+05:30,383.4,383.95,383.2,383.7,952,
2017-12-11 10:28:00+05:30,383.7,384.6,383.7,383.95,1889,
2017-12-11 10:29:00+05:30,383.95,383.95,383.25,383.55,2049,
2017-12-11 10:30:00+05:30,383.55,383.85,383.5,383.75,421,
2017-12-11 10:31:00+05:30,383.75,383.75,383.55,383.55,594,
2017-12-11 10:32:00+05:30,383.7,383.75,383.55,383.55,1331,
2017-12-11 10:33:00+05:30,383.55,383.75,383.2,383.5,786,
2017-12-11 10:34:00+05:30,383.5,383.55,382.25,382.25,10694,
2017-12-11 10:35:00+05:30,382.45,382.45,382.25,382.25,2604,
2017-12-11 10:36:00+05:30,382.4,382.45,382,382.1,4977,
2017-12-11 10:37:00+05:30,382.4,383.45,382.1,383.3,3680,
2017-12-11 10:38:00+05:30,383.3,383.7,382.65,383.15,1309,
2017-12-11 10:39:00+05:30,383.15,383.25,383.05,383.05,606,
2017-12-11 10:40:00+05:30,383.05,383.1,382.5,382.55,1030,
2017-12-11 10:41:00+05:30,382.55,383.05,382.5,382.8,2114,
2017-12-11 10:42:00+05:30,382.8,383.1,382.8,383,12052,
2017-12-11 10:43:00+05:30,383,383,382.8,383,498,
2017-12-11 10:44:00+05:30,383,383,382.7,382.9,506,
2017-12-11 10:45:00+05:30,382.9,382.9,382.5,382.7,1162,
2017-12-11 10:46:00+05:30,382.55,382.85,382.1,382.5,2463,
2017-12-11 10:47:00+05:30,382.5,382.85,382.5,382.65,1355,
2017-12-11 10:48:00+05:30,382.65,382.65,382.55,382.55,710,
2017-12-11 10:49:00+05:30,382.75,382.8,382.5,382.5,1214,
2017-12-11 10:50:00+05:30,382.55,382.95,382.5,382.95,652,
2017-12-11 10:51:00+05:30,382.95,382.95,382.65,382.95,560,
2017-12-11 10:52:00+05:30,382.95,383.2,382.7,383.05,1547,
2017-12-11 10:53:00+05:30,383.05,383.15,383,383.05,357,
2017-12-11 10:54:00+05:30,383.05,383.2,382.75,383.1,1641,
2017-12-11 10:55:00+05:30,383.1,383.15,382.55,383.05,892,
2017-12-11 10:56:00+05:30,383,383.2,383,383.2,904,
2017-12-11 10:57:00+05:30,383.2,383.25,382.75,382.75,424,
2017-12-11 10:58:00+05:30,382.9,383.3,382.85,383.3,941,
2017-12-11 10:59:00+05:30,383.3,383.4,383,383.25,1448,
2017-12-11 11:00:00+05:30,383.25,383.25,383.15,383.25,162,
2017-12-11 11:01:00+05:30,383.25,383.25,382.9,382.9,1004,
2017-12-11 11:02:00+05:30,383.15,383.15,382.9,383.1,457,
2017-12-11 11:03:00+05:30,383.1,383.35,383.1,383.35,778,
2017-12-11 11:04:00+05:30,383.35,383.4,383.3,383.4,2265,
2017-12-11 11:05:00+05:30,383.4,383.5,383.1,383.1,1532,
2017-12-11 11:06:00+05:30,383.1,383.1,382.9,383,5532,
2017-12-11 11:07:00+05:30,383,383.2,382.5,383.1,1074,
2017-12-11 11:08:00+05:30,383.1,383.25,382.6,382.6,1902,
2017-12-11 11:09:00+05:30,382.6,383,382.4,382.45,1882,
2017-12-11 11:10:00+05:30,382.45,382.5,382.45,382.45,1550,
2017-12-11 11:11:00+05:30,382.5,382.5,382,382.45,4882,
2017-12-11 11:12:00+05:30,382.45,382.5,382.45,382.5,820,
2017-12-11 11:13:00+05:30,382.5,382.5,381.75,382,6769,
2017-12-11 11:14:00+05:30,382,382.5,382,382.5,1520,
2017-12-11 11:15:00+05:30,382.5,382.5,382.25,382.25,348,
2017-12-11 11:16:00+05:30,382.25,382.25,382,382.05,1142,
2017-12-11 11:17:00+05:30,382.1,382.5,382.05,382.5,9726,
2017-12-11 11:18:00+05:30,382.5,382.8,382,382.8,1878,
2017-12-11 11:19:00+05:30,382.55,382.7,382.05,382.55,1209,
2017-12-11 11:20:00+05:30,382.55,383.15,382.5,382.5,1803,
2017-12-11 11:21:00+05:30,382.5,382.6,382.1,382.45,572,
2017-12-11 11:22:00+05:30,382.45,382.6,382.1,382.45,375,
2017-12-11 11:23:00+05:30,382.5,382.6,382.1,382.5,785,
2017-12-11 11:24:00+05:30,382.5,382.55,382.45,382.55,1437,
2017-12-11 11:25:00+05:30,382.55,382.6,382.15,382.4,1109,
2017-12-11 11:26:00+05:30,382.45,382.5,382.3,382.3,768,
2017-12-11 11:27:00+05:30,382.15,382.4,382.1,382.15,447,
2017-12-11 11:28:00+05:30,382.15,382.25,382.1,382.15,399,
2017-12-11 11:29:00+05:30,382.15,382.45,382.15,382.45,438,
2017-12-11 11:30:00+05:30,382.45,382.6,382.2,382.2,897,
2017-12-11 11:31:00+05:30,382.2,382.5,382.2,382.4,5721,
2017-12-11 11:32:00+05:30,382.4,382.5,382.25,382.5,847,
2017-12-11 11:33:00+05:30,382.5,382.5,382.35,382.35,288,
2017-12-11 11:34:00+05:30,382.35,382.5,382.3,382.35,1069,
2017-12-11 11:35:00+05:30,382.35,382.45,382.25,382.35,581,
2017-12-11 11:36:00+05:30,382.35,382.35,382.25,382.3,354,
2017-12-11 11:37:00+05:30,382.4,382.45,382.25,382.4,853,
2017-12-11 11:38:00+05:30,382.4,382.55,382.25,382.5,750,
2017-12-11 11:39:00+05:30,382.6,382.6,382.5,382.6,418,
2017-12-11 11:40:00+05:30,382.6,382.6,382.55,382.6,611,
2017-12-11 11:41:00+05:30,382.6,382.65,382.6,382.6,110,
2017-12-11 11:42:00+05:30,382.6,382.7,382.6,382.7,84,
2017-12-11 11:43:00+05:30,382.7,383.35,382.6,383.35,3945,
2017-12-11 11:44:00+05:30,383.35,383.4,383.15,383.3,836,
2017-12-11 11:45:00+05:30,383.3,383.3,383.1,383.2,977,
2017-12-11 11:46:00+05:30,383.2,383.35,383.2,383.35,271,
2017-12-11 11:47:00+05:30,383.45,383.45,383.2,383.35,480,
2017-12-11 11:48:00+05:30,383.3,383.5,383.3,383.45,500,
2017-12-11 11:49:00+05:30,383.45,383.5,383.4,383.5,5424,
2017-12-11 11:50:00+05:30,383.4,383.55,383.35,383.35,524,
2017-12-11 11:51:00+05:30,383.5,383.55,383.25,383.35,269,
2017-12-11 11:52:00+05:30,383.35,383.45,383.3,383.3,288,
2017-12-11 11:53:00+05:30,383.3,383.45,383.25,383.4,155,
2017-12-11 11:54:00+05:30,383.4,383.4,383.3,383.3,1280,
2017-12-11 11:55:00+05:30,383.3,383.4,383.3,383.4,433,
2017-12-11 11:56:00+05:30,383.4,383.45,383.4,383.4,548,
2017-12-11 11:57:00+05:30,383.45,383.5,383.25,383.25,1511,
2017-12-11 11:58:00+05:30,383.25,383.4,383.25,383.35,638,
2017-12-11 11:59:00+05:30,383.35,383.35,383.25,383.25,887,
2017-12-11 12:00:00+05:30,383.3,383.4,383.25,383.4,353,
2017-12-11 12:01:00+05:30,383.4,383.8,383.4,383.8,2140,
2017-12-11 12:02:00+05:30,383.8,384.5,383.75,384.5,8299,
2017-12-11 12:03:00+05:30,384.5,384.6,384.35,384.6,4056,
2017-12-11 12:04:00+05:30,384.65,384.8,384.5,384.5,2120,
2017-12-11 12:05:00+05:30,384.45,384.7,384.45,384.5,2215,
2017-12-11 12:06:00+05:30,384.5,384.5,384,384.2,1067,
2017-12-11 12:07:00+05:30,383.55,384.7,383.55,384.6,1528,
2017-12-11 12:08:00+05:30,384.6,384.6,384.05,384.25,1059,
2017-12-11 12:09:00+05:30,384.25,384.6,384.2,384.25,792,
2017-12-11 12:10:00+05:30,384.25,384.3,384.15,384.2,580,
2017-12-11 12:11:00+05:30,384.2,384.45,384.2,384.45,489,
2017-12-11 12:12:00+05:30,384.45,384.5,384.2,384.5,1373,
2017-12-11 12:13:00+05:30,384.5,384.5,384.3,384.3,481,
2017-12-11 12:14:00+05:30,384.3,384.4,383.9,383.9,3142,
2017-12-11 12:15:00+05:30,383.95,383.95,383.6,383.6,260,
2017-12-11 12:16:00+05:30,383.6,383.65,383.4,383.45,384,
2017-12-11 12:17:00+05:30,383.45,383.5,382.85,382.9,6954,
2017-12-11 12:18:00+05:30,382.9,383,382.65,382.65,961,
2017-12-11 12:19:00+05:30,382.65,383.35,382.6,383,1267,
2017-12-11 12:20:00+05:30,383.15,383.5,382.8,383.05,618,
2017-12-11 12:21:00+05:30,383.05,383.1,383,383,146,
2017-12-11 12:22:00+05:30,383,383.15,382.75,383.15,2121,
2017-12-11 12:23:00+05:30,383.15,383.7,383,383.5,1802,
2017-12-11 12:24:00+05:30,383.5,383.5,383,383.45,974,
2017-12-11 12:25:00+05:30,383.45,383.5,383,383.5,840,
2017-12-11 12:26:00+05:30,383.5,383.55,383.05,383.4,801,
2017-12-11 12:27:00+05:30,383.4,383.55,383.25,383.3,93,
2017-12-11 12:28:00+05:30,383.05,383.3,383.05,383.3,255,
2017-12-11 12:29:00+05:30,383.3,383.4,382.2,383.4,2441,
2017-12-11 12:30:00+05:30,383.4,383.5,383.1,383.5,181,
2017-12-11 12:31:00+05:30,383.5,383.7,382.2,383.05,2019,
2017-12-11 12:32:00+05:30,383.05,383.7,383.05,383.65,627,
2017-12-11 12:33:00+05:30,383.65,383.7,383.35,383.35,149,
2017-12-11 12:34:00+05:30,383.4,383.4,383.1,383.1,95,
2017-12-11 12:35:00+05:30,383.1,383.4,383,383.3,642,
2017-12-11 12:36:00+05:30,383.3,383.4,383.3,383.3,952,
2017-12-11 12:37:00+05:30,383.3,383.3,383.1,383.1,516,
2017-12-11 12:38:00+05:30,383.1,383.35,383.1,383.35,462,
2017-12-11 12:39:00+05:30,383.35,383.7,383.35,383.7,410,
2017-12-11 12:40:00+05:30,383.65,383.7,383.35,383.4,415,
2017-12-11 12:41:00+05:30,383.6,383.7,383.55,383.65,354,
2017-12-11 12:42:00+05:30,383.55,383.6,383.35,383.6,379,
2017-12-11 12:43:00+05:30,383.6,383.6,382.55,383,2723,
2017-12-11 12:44:00+05:30,383,383.6,382.9,382.9,1463,
2017-12-11 12:45:00+05:30,382.9,383,382.9,383,1099,
2017-12-11 12:46:00+05:30,383,383,382.9,383,13264,
2017-12-11 12:47:00+05:30,383,383.2,383,383.2,1086,
2017-12-11 12:48:00+05:30,383.2,383.7,383.2,383.5,3724,
2017-12-11 12:49:00+05:30,383.5,383.7,383.1,383.7,11464,
2017-12-11 12:50:00+05:30,383.7,383.7,383.5,383.65,370,
2017-12-11 12:51:00+05:30,383.6,383.7,383.5,383.6,196,
2017-12-11 12:52:00+05:30,383.6,383.6,382.9,383.05,449,
2017-12-11 12:53:00+05:30,383.05,383.25,382.9,383.25,234,
2017-12-11 12:54:00+05:30,383.25,383.45,383.05,383.3,310,
2017-12-11 12:55:00+05:30,383.3,383.4,383.05,383.15,145,
2017-12-11 12:56:00+05:30,383.2,383.2,383,383,633,
2017-12-11 12:57:00+05:30,383.2,383.25,383.1,383.2,561,
2017-12-11 12:58:00+05:30,383.25,383.4,383.2,383.4,189,
2017-12-11 12:59:00+05:30,383.4,383.5,383.2,383.4,75,
2017-12-11 13:00:00+05:30,383.4,383.45,383.2,383.3,307,
2017-12-11 13:01:00+05:30,383.3,383.3,383.15,383.2,339,
2017-12-11 13:02:00+05:30,383.2,383.45,383,383,818,
2017-12-11 13:03:00+05:30,383.25,383.45,383.25,383.3,556,
2017-12-11 13:04:00+05:30,383.3,383.45,383.25,383.3,252,
2017-12-11 13:05:00+05:30,383.3,383.45,382.2,383.45,3384,
2017-12-11 13:06:00+05:30,383.45,383.45,383.05,383.4,385,
2017-12-11 13:07:00+05:30,383.4,383.45,383.15,383.4,522,
2017-12-11 13:08:00+05:30,383.4,383.45,383.3,383.45,1336,
2017-12-11 13:09:00+05:30,383.45,383.45,383.05,383.15,422,
2017-12-11 13:10:00+05:30,383.15,383.25,383.15,383.25,382,
2017-12-11 13:11:00+05:30,383.3,383.45,383.15,383.2,603,
2017-12-11 13:12:00+05:30,383.15,383.2,383.1,383.15,11400,
2017-12-11 13:13:00+05:30,383.15,383.2,383,383.2,558,
2017-12-11 13:14:00+05:30,383.2,383.2,383.15,383.2,172,
2017-12-11 13:15:00+05:30,383.2,383.2,383.1,383.1,355,
2017-12-11 13:16:00+05:30,383.1,383.2,383.05,383.2,720,
2017-12-11 13:17:00+05:30,383.2,383.2,383,383.2,256,
2017-12-11 13:18:00+05:30,383.2,383.45,383.2,383.4,1472,
2017-12-11 13:19:00+05:30,383.4,383.55,383.4,383.5,328,
2017-12-11 13:20:00+05:30,383.5,383.5,382.95,382.95,3302,
2017-12-11 13:21:00+05:30,383,383,382.8,382.9,920,
2017-12-11 13:22:00+05:30,382.9,382.9,382.5,382.5,1716,
2017-12-11 13:23:00+05:30,382.5,382.5,382.45,382.5,533,
2017-12-11 13:24:00+05:30,382.5,382.85,382.5,382.85,1136,
2017-12-11 13:25:00+05:30,382.85,382.95,382.8,382.9,371,
2017-12-11 13:26:00+05:30,382.95,383,382.95,383,177,
2017-12-11 13:27:00+05:30,383,383,382.5,382.5,457,
2017-12-11 13:28:00+05:30,382.5,383,382.5,382.75,360,
2017-12-11 13:29:00+05:30,382.75,382.8,382.5,382.8,517,
2017-12-11 13:30:00+05:30,382.75,383,382.5,383,1433,
2017-12-11 13:31:00+05:30,383,383,382.9,382.95,137,
2017-12-11 13:32:00+05:30,382.95,383,382.9,383,279,
2017-12-11 13:33:00+05:30,383,383,382.95,383,366,
2017-12-11 13:34:00+05:30,383,383,382.95,382.95,598,
2017-12-11 13:35:00+05:30,382.95,383,382.5,382.7,725,
2017-12-11 13:36:00+05:30,382.8,383,382.75,383,1774,
2017-12-11 13:37:00+05:30,382.95,382.95,382.95,382.95,171,
2017-12-11 13:38:00+05:30,382.95,383,382.6,382.75,240,
2017-12-11 13:39:00+05:30,382.75,382.75,382.5,382.75,448,
2017-12-11 13:40:00+05:30,382.75,383,382.7,382.95,546,
2017-12-11 13:41:00+05:30,383,383,382.9,383,290,
2017-12-11 13:42:00+05:30,383,383,382.85,382.85,367,
2017-12-11 13:43:00+05:30,382.85,383,382.85,383,751,
2017-12-11 13:44:00+05:30,383,383,382.75,382.95,894,
2017-12-11 13:45:00+05:30,382.95,382.95,382.75,382.8,836,
2017-12-11 13:46:00+05:30,382.95,382.95,382.85,382.9,654,
2017-12-11 13:47:00+05:30,382.9,383,382.85,383,13583,
2017-12-11 13:48:00+05:30,383,383,382.9,382.95,178,
2017-12-11 13:49:00+05:30,382.95,383,382.8,382.95,1551,
2017-12-11 13:50:00+05:30,382.95,382.95,382.8,382.85,509,
2017-12-11 13:51:00+05:30,382.85,382.9,382.8,382.85,608,
2017-12-11 13:52:00+05:30,382.9,382.95,382.5,382.95,1545,
2017-12-11 13:53:00+05:30,382.95,382.95,382.25,382.45,1670,
2017-12-11 13:54:00+05:30,382.45,382.7,382.45,382.6,540,
2017-12-11 13:55:00+05:30,382.6,383,382.6,382.95,2305,
2017-12-11 13:56:00+05:30,382.95,383,382.9,382.9,3272,
2017-12-11 13:57:00+05:30,382.95,382.95,382.65,382.9,658,
2017-12-11 13:58:00+05:30,382.9,382.95,382.9,382.95,288,
2017-12-11 13:59:00+05:30,382.95,382.95,382.65,382.95,550,
2017-12-11 14:00:00+05:30,382.95,383,382.95,382.95,199,
2017-12-11 14:01:00+05:30,382.95,382.95,382.65,382.65,223,
2017-12-11 14:02:00+05:30,382.65,383.5,382.65,382.95,3455,
2017-12-11 14:03:00+05:30,382.95,382.95,382.6,382.75,746,
2017-12-11 14:04:00+05:30,382.75,383,382.65,382.75,420,
2017-12-11 14:05:00+05:30,382.75,383,382.7,382.75,655,
2017-12-11 14:06:00+05:30,382.95,383,382.85,382.85,337,
2017-12-11 14:07:00+05:30,382.7,382.85,382.65,382.8,527,
2017-12-11 14:08:00+05:30,382.8,382.8,382.6,382.65,644,
2017-12-11 14:09:00+05:30,382.65,382.75,382.6,382.75,1201,
2017-12-11 14:10:00+05:30,382.8,383,382.8,382.8,167,
2017-12-11 14:11:00+05:30,382.8,383,382.8,382.95,10,
2017-12-11 14:12:00+05:30,382.95,383,382.7,383,1101,
2017-12-11 14:13:00+05:30,383,383,382.7,382.7,520,
2017-12-11 14:14:00+05:30,382.7,383,382.7,382.9,300,
2017-12-11 14:15:00+05:30,382.9,382.9,382.8,382.8,104,
2017-12-11 14:16:00+05:30,382.9,382.9,382.65,382.65,280,
2017-12-11 14:17:00+05:30,382.65,382.8,382.65,382.75,1181,
2017-12-11 14:18:00+05:30,382.75,382.75,382.1,382.55,3034,
2017-12-11 14:19:00+05:30,382.55,382.9,382.4,382.75,11321,
2017-12-11 14:20:00+05:30,382.75,382.95,382.75,382.9,1191,
2017-12-11 14:21:00+05:30,382.9,382.9,382.7,382.9,68,
2017-12-11 14:22:00+05:30,382.9,383,382.6,382.6,10104,
2017-12-11 14:23:00+05:30,382.6,382.9,382.4,382.45,1559,
2017-12-11 14:24:00+05:30,382.45,382.5,381.8,382.5,11563,
2017-12-11 14:25:00+05:30,382.5,382.5,382.2,382.5,849,
2017-12-11 14:26:00+05:30,382.5,382.7,382.1,382.15,458,
2017-12-11 14:27:00+05:30,382.15,382.65,382.15,382.65,1040,
2017-12-11 14:28:00+05:30,382.65,382.8,382.65,382.8,260,
2017-12-11 14:29:00+05:30,382.8,382.8,382.7,382.7,87,
2017-12-11 14:30:00+05:30,383,383,382.65,383,2362,
2017-12-11 14:31:00+05:30,383,383.05,382.95,382.95,3225,
2017-12-11 14:32:00+05:30,382.95,383,382.95,383,1080,
2017-12-11 14:33:00+05:30,383,383,382.9,382.9,409,
2017-12-11 14:34:00+05:30,382.9,382.9,382.6,382.8,341,
2017-12-11 14:35:00+05:30,382.8,382.8,382.6,382.7,370,
2017-12-11 14:36:00+05:30,382.75,383,382.6,382.85,993,
2017-12-11 14:37:00+05:30,382.85,382.85,381.65,382.35,3160,
2017-12-11 14:38:00+05:30,382.35,382.4,382.2,382.35,1020,
2017-12-11 14:39:00+05:30,382.4,382.4,382.35,382.35,452,
2017-12-11 14:40:00+05:30,382.35,382.7,382.35,382.35,605,
2017-12-11 14:41:00+05:30,382.35,382.6,382.35,382.4,451,
2017-12-11 14:42:00+05:30,382.45,382.6,382.4,382.5,940,
2017-12-11 14:43:00+05:30,382.5,382.55,382.35,382.55,616,
2017-12-11 14:44:00+05:30,382.55,382.55,382.35,382.55,497,
2017-12-11 14:45:00+05:30,382.5,382.55,382.4,382.5,340,
2017-12-11 14:46:00+05:30,382.5,382.55,382.4,382.4,11255,
2017-12-11 14:47:00+05:30,382.4,382.6,382.4,382.6,392,
2017-12-11 14:48:00+05:30,382.6,382.6,382.5,382.5,661,
2017-12-11 14:49:00+05:30,382.5,382.6,382.1,382.1,1550,
2017-12-11 14:50:00+05:30,382.1,382.6,382.1,382.6,4801,
2017-12-11 14:51:00+05:30,382.6,382.6,381.65,381.65,6515,
2017-12-11 14:52:00+05:30,381.65,382,381.2,381.9,2804,
2017-12-11 14:53:00+05:30,381.95,381.95,381.6,381.6,1978,
2017-12-11 14:54:00+05:30,381.6,381.7,381.6,381.6,1216,
2017-12-11 14:55:00+05:30,381.6,382,381.6,381.95,2196,
2017-12-11 14:56:00+05:30,381.7,381.95,381.6,381.95,1949,
2017-12-11 14:57:00+05:30,381.95,382,381.65,381.65,679,
2017-12-11 14:58:00+05:30,381.65,381.9,381.6,381.9,587,
2017-12-11 14:59:00+05:30,381.9,382.45,381.65,382.45,1272,
2017-12-11 15:00:00+05:30,382.45,382.45,382.3,382.35,947,
2017-12-11 15:01:00+05:30,382.35,382.45,382.35,382.45,695,
2017-12-11 15:02:00+05:30,382.4,382.4,382.15,382.15,847,
2017-12-11 15:03:00+05:30,382.15,382.2,382.1,382.15,1668,
2017-12-11 15:04:00+05:30,381.9,381.9,381.3,381.45,3284,
2017-12-11 15:05:00+05:30,381.3,381.6,381,381.4,15555,
2017-12-11 15:06:00+05:30,381.4,381.65,381.2,381.4,1442,
2017-12-11 15:07:00+05:30,381.4,381.9,381.3,381.5,1804,
2017-12-11 15:08:00+05:30,381.5,381.6,381.2,381.4,1102,
2017-12-11 15:09:00+05:30,381.4,381.5,381,381.05,5074,
2017-12-11 15:10:00+05:30,381.3,381.5,381,381.1,11376,
2017-12-11 15:11:00+05:30,381.15,381.15,380.25,380.25,8914,
2017-12-11 15:12:00+05:30,380.5,380.5,380.25,380.3,6391,
2017-12-11 15:13:00+05:30,380.3,380.5,380.2,380.4,5932,
2017-12-11 15:14:00+05:30,380.45,380.45,379.7,379.9,19062,
2017-12-11 15:15:00+05:30,379.85,379.9,379.5,379.9,4358,
2017-12-11 15:16:00+05:30,379.85,379.95,379.35,379.6,11621,
2017-12-11 15:17:00+05:30,379.6,380,379.6,379.75,15765,
2017-12-11 15:18:00+05:30,379.75,380.2,379.75,380.2,12895,
2017-12-11 15:19:00+05:30,380.5,381,380.3,380.65,8809,
2017-12-11 15:20:00+05:30,380.85,380.95,380.1,380.2,4818,
2017-12-11 15:21:00+05:30,380.45,380.8,380,380.8,6663,
2017-12-11 15:22:00+05:30,380.75,381.3,380.65,381.2,7464,
2017-12-11 15:23:00+05:30,381.25,381.35,381,381.2,8995,
2017-12-11 15:24:00+05:30,381.2,381.9,381.2,381.85,5272,
2017-12-11 15:25:00+05:30,381.9,382,381.85,381.85,10214,
2017-12-11 15:26:00+05:30,381.85,381.85,381.15,381.4,3398,
2017-12-11 15:27:00+05:30,381.4,381.85,381.1,381.85,6871,
2017-12-11 15:28:00+05:30,381.8,381.95,381.5,381.7,8857,
2017-12-11 15:29:00+05:30,381.6,381.6,381,381.4,6545,
2017-12-12 09:15:00+05:30,381.85,382,381.75,382,5188,
2017-12-12 09:16:00+05:30,382.25,383.75,382,383.55,12989,
2017-12-12 09:17:00+05:30,383.55,383.7,383.5,383.5,4179,
2017-12-12 09:18:00+05:30,383.5,383.85,383.5,383.75,7477,
2017-12-12 09:19:00+05:30,383.6,383.85,383.3,383.3,6909,
2017-12-12 09:20:00+05:30,383,383.5,382.65,383.05,8733,
2017-12-12 09:21:00+05:30,383.45,383.45,383.15,383.15,10069,
2017-12-12 09:22:00+05:30,383.15,383.2,383,383,4149,
2017-12-12 09:23:00+05:30,383,383.05,382,382,8594,
2017-12-12 09:24:00+05:30,382.05,382.2,381.6,381.6,4937,
2017-12-12 09:25:00+05:30,381.65,382,381.15,381.95,3546,
2017-12-12 09:26:00+05:30,381.95,382,381.55,381.7,5390,
2017-12-12 09:27:00+05:30,381.65,382.75,381.65,382.65,7205,
2017-12-12 09:28:00+05:30,382.5,383.4,382.5,383.25,10039,
2017-12-12 09:29:00+05:30,383.4,384.55,383.4,384.55,19195,
2017-12-12 09:30:00+05:30,384.55,384.85,384.1,384.4,11888,
2017-12-12 09:31:00+05:30,384.4,384.5,383.1,383.1,12848,
2017-12-12 09:32:00+05:30,383.1,383.15,383.1,383.1,5082,
2017-12-12 09:33:00+05:30,383.1,383.55,383.1,383.5,3250,
2017-12-12 09:34:00+05:30,383.25,384,383.1,384,6347,
2017-12-12 09:35:00+05:30,384,384.95,384,384.9,34173,
2017-12-12 09:36:00+05:30,384.9,384.9,384.3,384.3,12414,
2017-12-12 09:37:00+05:30,384.3,384.6,384.25,384.6,8595,
2017-12-12 09:38:00+05:30,384.5,384.55,383.4,383.4,7431,
2017-12-12 09:39:00+05:30,383.35,384.15,383.15,384,2956,
2017-12-12 09:40:00+05:30,384,384.05,383.6,384,2979,
2017-12-12 09:41:00+05:30,384,384.25,383.95,383.95,4596,
2017-12-12 09:42:00+05:30,383.95,384.1,383.2,383.2,2379,
2017-12-12 09:43:00+05:30,383.2,383.45,383.15,383.15,2020,
2017-12-12 09:44:00+05:30,383.35,383.35,383.1,383.15,2374,
2017-12-12 09:45:00+05:30,383.15,383.9,383.15,383.7,3685,
2017-12-12 09:46:00+05:30,384,384.2,384,384.05,2082,
2017-12-12 09:47:00+05:30,384.55,384.65,383.65,383.65,14957,
2017-12-12 09:48:00+05:30,383.5,383.7,383.1,383.6,3627,
2017-12-12 09:49:00+05:30,383.6,383.65,383.3,383.4,950,
2017-12-12 09:50:00+05:30,383.4,383.95,383.35,383.95,1234,
2017-12-12 09:51:00+05:30,383.7,384.3,383.65,383.65,1542,
2017-12-12 09:52:00+05:30,383.6,383.6,382.8,382.8,3660,
2017-12-12 09:53:00+05:30,382.8,383,382.55,382.55,2732,
2017-12-12 09:54:00+05:30,382.55,382.75,382.55,382.7,1055,
2017-12-12 09:55:00+05:30,382.75,382.75,382.5,382.5,1142,
2017-12-12 09:56:00+05:30,382.5,382.55,382.45,382.5,1160,
2017-12-12 09:57:00+05:30,382.5,382.5,382.45,382.45,1108,
2017-12-12 09:58:00+05:30,382.5,382.65,382.45,382.65,2586,
2017-12-12 09:59:00+05:30,382.7,383,382.7,383,4015,
2017-12-12 10:00:00+05:30,383,383.05,382.7,382.7,883,
2017-12-12 10:01:00+05:30,382.7,382.9,382.65,382.85,784,
2017-12-12 10:02:00+05:30,382.9,383,382.65,382.65,1733,
2017-12-12 10:03:00+05:30,382.65,382.65,382.4,382.4,2396,
2017-12-12 10:04:00+05:30,382.65,382.65,382.1,382.4,3016,
2017-12-12 10:05:00+05:30,382.4,382.5,382.2,382.2,942,
2017-12-12 10:06:00+05:30,382.5,382.55,382.3,382.5,893,
2017-12-12 10:07:00+05:30,382.5,382.75,382.1,382.3,1289,
2017-12-12 10:08:00+05:30,382.4,382.4,382.2,382.35,1573,
2017-12-12 10:09:00+05:30,382.3,382.85,382.1,382.1,3629,
2017-12-12 10:10:00+05:30,382.1,382.4,382.1,382.35,4519,
2017-12-12 10:11:00+05:30,382.35,382.4,382.15,382.3,489,
2017-12-12 10:12:00+05:30,382.3,382.3,382.25,382.25,266,
2017-12-12 10:13:00+05:30,382.3,382.4,382.2,382.35,702,
2017-12-12 10:14:00+05:30,382.35,382.4,382.35,382.35,258,
2017-12-12 10:15:00+05:30,382.4,382.4,382.1,382.1,1093,
2017-12-12 10:16:00+05:30,382.1,382.4,382.1,382.2,956,
2017-12-12 10:17:00+05:30,382.2,382.4,382.15,382.15,443,
2017-12-12 10:18:00+05:30,382.1,382.4,382.1,382.4,546,
2017-12-12 10:19:00+05:30,382.4,382.65,382.25,382.55,604,
2017-12-12 10:20:00+05:30,382.55,382.65,382.2,382.3,462,
2017-12-12 10:21:00+05:30,382.3,382.75,382.3,382.35,1109,
2017-12-12 10:22:00+05:30,382.35,382.5,382.35,382.35,721,
2017-12-12 10:23:00+05:30,382.35,382.4,382,382.2,1109,
2017-12-12 10:24:00+05:30,382.2,382.45,382.15,382.45,290,
2017-12-12 10:25:00+05:30,382.45,382.5,382.05,382.15,879,
2017-12-12 10:26:00+05:30,382.15,382.45,382.1,382.4,1041,
2017-12-12 10:27:00+05:30,382.35,382.4,382.2,382.25,641,
2017-12-12 10:28:00+05:30,382.4,382.45,382.25,382.3,620,
2017-12-12 10:29:00+05:30,382.3,382.4,382.3,382.4,586,
2017-12-12 10:30:00+05:30,382.4,382.4,382.25,382.4,382,
2017-12-12 10:31:00+05:30,382.4,382.4,382.05,382.4,768,
2017-12-12 10:32:00+05:30,382.4,382.4,382.05,382.35,371,
2017-12-12 10:33:00+05:30,382.35,382.4,382.25,382.3,201,
2017-12-12 10:34:00+05:30,382.3,382.4,382.25,382.35,576,
2017-12-12 10:35:00+05:30,382.4,382.4,382.35,382.35,511,
2017-12-12 10:36:00+05:30,382.35,382.35,382.25,382.3,502,
2017-12-12 10:37:00+05:30,382.35,382.35,382,382.1,1091,
2017-12-12 10:38:00+05:30,382.1,382.3,382.05,382.05,293,
2017-12-12 10:39:00+05:30,382.05,382.2,382,382.2,1154,
2017-12-12 10:40:00+05:30,382.2,382.2,382,382.2,323,
2017-12-12 10:41:00+05:30,382.2,382.4,382.2,382.25,391,
2017-12-12 10:42:00+05:30,382.25,382.4,382.25,382.4,52,
2017-12-12 10:43:00+05:30,382.4,382.4,382.25,382.4,286,
2017-12-12 10:44:00+05:30,382.4,382.4,382.25,382.3,89,
2017-12-12 10:45:00+05:30,382.35,382.35,382.3,382.3,1282,
2017-12-12 10:46:00+05:30,382.3,382.35,382.25,382.3,284,
2017-12-12 10:47:00+05:30,382.3,382.3,382.25,382.3,153,
2017-12-12 10:48:00+05:30,382.25,382.35,382.25,382.35,311,
2017-12-12 10:49:00+05:30,382.3,382.35,382.25,382.35,631,
2017-12-12 10:50:00+05:30,382.35,382.35,382.3,382.3,157,
2017-12-12 10:51:00+05:30,382.35,382.35,382.25,382.25,388,
2017-12-12 10:52:00+05:30,382.25,382.25,382,382.25,463,
2017-12-12 10:53:00+05:30,382.25,382.35,382.1,382.35,1625,
2017-12-12 10:54:00+05:30,382.35,382.4,382.1,382.35,557,
2017-12-12 10:55:00+05:30,382.35,382.4,382.1,382.1,316,
2017-12-12 10:56:00+05:30,382.05,382.1,382,382,541,
2017-12-12 10:57:00+05:30,382,382.1,382,382.1,1044,
2017-12-12 10:58:00+05:30,382,382.1,382,382.05,374,
2017-12-12 10:59:00+05:30,382.05,382.1,381.8,381.85,1629,
2017-12-12 11:00:00+05:30,381.85,382.1,381.85,382,1277,
2017-12-12 11:01:00+05:30,382,382,381.9,382,810,
2017-12-12 11:02:00+05:30,382,382,381.9,381.9,1343,
2017-12-12 11:03:00+05:30,381.9,381.9,381.8,381.85,1322,
2017-12-12 11:04:00+05:30,381.85,382,381.85,381.95,65,
2017-12-12 11:05:00+05:30,382,382,381.65,381.7,363,
2017-12-12 11:06:00+05:30,381.75,381.85,381.65,381.8,878,
2017-12-12 11:07:00+05:30,381.75,381.75,381.45,381.45,1702,
2017-12-12 11:08:00+05:30,381.5,381.5,381,381.05,2611,
2017-12-12 11:09:00+05:30,381.05,381.95,381.05,381.8,942,
2017-12-12 11:10:00+05:30,381.8,381.95,381.4,381.5,927,
2017-12-12 11:11:00+05:30,381.4,381.5,381,381,1347,
2017-12-12 11:12:00+05:30,381,381,380.9,380.9,506,
2017-12-12 11:13:00+05:30,380.9,381,380.8,380.85,3144,
2017-12-12 11:14:00+05:30,380.9,381,380.9,380.9,687,
2017-12-12 11:15:00+05:30,380.9,380.95,380.8,380.85,852,
2017-12-12 11:16:00+05:30,380.85,380.9,380.8,380.85,534,
2017-12-12 11:17:00+05:30,380.9,380.9,380.8,380.8,397,
2017-12-12 11:18:00+05:30,380.8,380.9,380.55,380.55,429,
2017-12-12 11:19:00+05:30,380.55,380.75,380.55,380.65,699,
2017-12-12 11:20:00+05:30,380.65,380.7,380.65,380.65,552,
2017-12-12 11:21:00+05:30,380.65,380.65,380.4,380.65,690,
2017-12-12 11:22:00+05:30,380.7,380.7,380.5,380.5,530,
2017-12-12 11:23:00+05:30,380.5,380.5,380.15,380.25,2624,
2017-12-12 11:24:00+05:30,380.45,380.85,380.45,380.85,410,
2017-12-12 11:25:00+05:30,380.85,381,380.5,380.6,1301,
2017-12-12 11:26:00+05:30,380.6,380.6,380.5,380.5,402,
2017-12-12 11:27:00+05:30,380.5,381,380.5,381,632,
2017-12-12 11:28:00+05:30,381,381,380.9,381,1085,
2017-12-12 11:29:00+05:30,381,381.9,380.95,381.7,2650,
2017-12-12 11:30:00+05:30,381.7,381.9,381.35,381.9,1715,
2017-12-12 11:31:00+05:30,381.9,381.9,381.75,381.75,639,
2017-12-12 11:32:00+05:30,381.75,381.9,381.7,381.9,243,
2017-12-12 11:33:00+05:30,381.9,381.9,381.7,381.85,510,
2017-12-12 11:34:00+05:30,381.85,381.85,381.7,381.7,279,
2017-12-12 11:35:00+05:30,381.7,381.7,381.6,381.6,180,
2017-12-12 11:36:00+05:30,381.6,381.6,381.1,381.25,598,
2017-12-12 11:37:00+05:30,381.1,381.1,380.65,380.7,1146,
2017-12-12 11:38:00+05:30,380.7,381,380.7,380.95,64,
2017-12-12 11:39:00+05:30,380.95,381,380.75,381,608,
2017-12-12 11:40:00+05:30,381,381.45,381,381.45,165,
2017-12-12 11:41:00+05:30,381.45,381.5,381.15,381.15,582,
2017-12-12 11:42:00+05:30,381.15,381.45,381.15,381.45,363,
2017-12-12 11:43:00+05:30,381.45,381.45,381.4,381.4,187,
2017-12-12 11:44:00+05:30,381.4,381.4,381,381.3,567,
2017-12-12 11:45:00+05:30,381.3,381.35,381,381.05,537,
2017-12-12 11:46:00+05:30,381.05,381.5,381.05,381.3,440,
2017-12-12 11:47:00+05:30,381.3,381.4,381,381.4,364,
2017-12-12 11:48:00+05:30,381.45,381.65,380.85,381.4,1443,
2017-12-12 11:49:00+05:30,381.4,381.45,381.1,381.35,190,
2017-12-12 11:50:00+05:30,381.35,381.35,381.1,381.35,156,
2017-12-12 11:51:00+05:30,381.35,381.7,381.25,381.65,335,
2017-12-12 11:52:00+05:30,381.65,381.65,381.55,381.55,126,
2017-12-12 11:53:00+05:30,381.55,381.55,380.85,381.05,536,
2017-12-12 11:54:00+05:30,381.05,381.7,381.05,381.7,635,
2017-12-12 11:55:00+05:30,381.7,381.7,381.5,381.65,180,
2017-12-12 11:56:00+05:30,381.65,381.65,381.6,381.65,97,
2017-12-12 11:57:00+05:30,381.6,381.6,381.15,381.5,186,
2017-12-12 11:58:00+05:30,381.5,381.5,381,381.15,341,
2017-12-12 11:59:00+05:30,381.15,381.55,381.15,381.35,424,
2017-12-12 12:00:00+05:30,381.35,383.35,381.35,383.25,8654,
2017-12-12 12:01:00+05:30,383.25,383.4,383,383,4570,
2017-12-12 12:02:00+05:30,383,383.25,383,383.2,4429,
2017-12-12 12:03:00+05:30,383.25,383.4,383.25,383.3,1435,
2017-12-12 12:04:00+05:30,383.35,383.35,383.3,383.3,2354,
2017-12-12 12:05:00+05:30,383.35,383.35,383.1,383.1,1203,
2017-12-12 12:06:00+05:30,383.1,383.15,383,383,1719,
2017-12-12 12:07:00+05:30,383,383.05,382.65,382.65,4223,
2017-12-12 12:08:00+05:30,382.65,382.7,382.35,382.45,150,
2017-12-12 12:09:00+05:30,382.5,382.5,382.15,382.15,633,
2017-12-12 12:10:00+05:30,382.15,382.55,382.15,382.2,300,
2017-12-12 12:11:00+05:30,382.2,382.3,382.1,382.25,697,
2017-12-12 12:12:00+05:30,382.3,382.45,382.15,382.45,585,
2017-12-12 12:13:00+05:30,382.45,382.6,382.25,382.6,353,
2017-12-12 12:14:00+05:30,382.5,382.65,382.5,382.6,89,
2017-12-12 12:15:00+05:30,382.6,382.8,382.5,382.55,472,
2017-12-12 12:16:00+05:30,382.55,382.7,382.5,382.5,128,
2017-12-12 12:17:00+05:30,382.5,382.8,382.5,382.75,122,
2017-12-12 12:18:00+05:30,382.75,382.95,382.7,382.95,1240,
2017-12-12 12:19:00+05:30,382.95,383,382.75,382.75,2119,
2017-12-12 12:20:00+05:30,382.8,382.95,382.65,382.65,353,
2017-12-12 12:21:00+05:30,382.7,382.7,382.6,382.6,429,
2017-12-12 12:22:00+05:30,382.6,382.9,382.4,382.4,1008,
2017-12-12 12:23:00+05:30,382.4,382.7,382.4,382.4,95,
2017-12-12 12:24:00+05:30,382.45,382.6,382,382,2293,
2017-12-12 12:25:00+05:30,382,382.2,382,382,1437,
2017-12-12 12:26:00+05:30,382,382.2,382,382,1098,
2017-12-12 12:27:00+05:30,382,382.05,382,382,3053,
2017-12-12 12:28:00+05:30,382,382,382,382,546,
2017-12-12 12:29:00+05:30,382,382.05,382,382,1728,
2017-12-12 12:30:00+05:30,382,382.1,381.55,382.1,855,
2017-12-12 12:31:00+05:30,382.1,382.5,382.1,382.5,782,
2017-12-12 12:32:00+05:30,382.8,382.9,382.5,382.5,1315,
2017-12-12 12:33:00+05:30,382.5,382.5,382.05,382.5,712,
2017-12-12 12:34:00+05:30,382.5,382.55,382.3,382.55,141,
2017-12-12 12:35:00+05:30,382.55,382.85,382.5,382.6,953,
2017-12-12 12:36:00+05:30,382.6,382.7,382.6,382.65,1165,
2017-12-12 12:37:00+05:30,382.65,382.7,382.3,382.65,2077,
2017-12-12 12:38:00+05:30,382.65,382.75,382.65,382.75,96,
2017-12-12 12:39:00+05:30,382.75,382.8,382.45,382.45,384,
2017-12-12 12:40:00+05:30,382.45,382.5,382.1,382.1,543,
2017-12-12 12:41:00+05:30,382.1,382.7,382.1,382.7,598,
2017-12-12 12:42:00+05:30,382.7,382.75,382.4,382.4,688,
2017-12-12 12:43:00+05:30,382.4,382.4,382.4,382.4,1227,
2017-12-12 12:44:00+05:30,382.4,382.55,382.4,382.4,455,
2017-12-12 12:45:00+05:30,382.4,382.55,382.4,382.5,282,
2017-12-12 12:46:00+05:30,382.5,382.6,382.4,382.4,636,
2017-12-12 12:47:00+05:30,382.4,382.6,382.4,382.5,288,
2017-12-12 12:48:00+05:30,382.5,382.6,382.5,382.55,63,
2017-12-12 12:49:00+05:30,382.55,382.6,382.5,382.5,1593,
2017-12-12 12:50:00+05:30,382.5,382.55,382.5,382.55,483,
2017-12-12 12:51:00+05:30,382.55,382.55,382.45,382.45,272,
2017-12-12 12:52:00+05:30,382.45,382.45,381.55,381.6,2550,
2017-12-12 12:53:00+05:30,381.6,382,381.5,381.85,8728,
2017-12-12 12:54:00+05:30,381.9,383.3,381.8,383.3,1043078,
2017-12-12 12:55:00+05:30,383.3,383.35,381.75,382.1,317829,
2017-12-12 12:56:00+05:30,382.1,382.6,382.1,382.5,1672,
2017-12-12 12:57:00+05:30,382.5,382.5,382.05,382.05,361,
2017-12-12 12:58:00+05:30,382.05,382.35,381.7,381.7,1909,
2017-12-12 12:59:00+05:30,381.7,381.7,381.25,381.5,983,
2017-12-12 13:00:00+05:30,381.5,381.85,381.4,381.85,425,
2017-12-12 13:01:00+05:30,381.85,382.2,381.65,381.95,8417,
2017-12-12 13:02:00+05:30,381.95,381.95,381.85,381.85,99,
2017-12-12 13:03:00+05:30,381.85,381.9,381.75,381.8,834,
2017-12-12 13:04:00+05:30,381.8,381.85,381.65,381.65,204,
2017-12-12 13:05:00+05:30,381.65,381.8,381.45,381.45,1141,
2017-12-12 13:06:00+05:30,381.45,381.75,381.45,381.55,712,
2017-12-12 13:07:00+05:30,381.5,381.5,381.15,381.2,1442,
2017-12-12 13:08:00+05:30,381.2,381.25,381.15,381.2,999,
2017-12-12 13:09:00+05:30,381.2,381.25,381.1,381.15,1733,
2017-12-12 13:10:00+05:30,381.15,381.15,381,381.15,683,
2017-12-12 13:11:00+05:30,381.15,381.2,380.95,381.05,1801,
2017-12-12 13:12:00+05:30,380.9,381.2,380.9,380.9,1532,
2017-12-12 13:13:00+05:30,381.1,381.1,380.9,380.9,489,
2017-12-12 13:14:00+05:30,380.9,381.05,380.55,380.55,2783,
2017-12-12 13:15:00+05:30,380.55,380.85,380.5,380.6,987,
2017-12-12 13:16:00+05:30,380.5,380.5,380.25,380.45,2375,
2017-12-12 13:17:00+05:30,380.45,380.45,380.2,380.4,381,
2017-12-12 13:18:00+05:30,380.4,380.7,380.3,380.65,2341,
2017-12-12 13:19:00+05:30,380.65,380.95,380.6,380.95,445,
2017-12-12 13:20:00+05:30,380.95,380.95,380.6,380.65,5040,
2017-12-12 13:21:00+05:30,380.9,380.9,380.55,380.6,791,
2017-12-12 13:22:00+05:30,380.6,380.65,380.15,380.35,1574,
2017-12-12 13:23:00+05:30,380.35,380.4,380.15,380.3,1060,
2017-12-12 13:24:00+05:30,380.3,380.3,380.05,380.05,3170,
2017-12-12 13:25:00+05:30,380.1,380.35,380,380.35,11203,
2017-12-12 13:26:00+05:30,380.35,380.8,380.35,380.55,333,
2017-12-12 13:27:00+05:30,380.55,380.75,380.05,380.15,821,
2017-12-12 13:28:00+05:30,380.15,380.25,380,380,10333,
2017-12-12 13:29:00+05:30,380.35,380.45,380,380,1489,
2017-12-12 13:30:00+05:30,380.15,380.4,380.15,380.25,880,
2017-12-12 13:31:00+05:30,380.25,380.35,380.05,380.05,774,
2017-12-12 13:32:00+05:30,380.05,380.4,380.05,380.25,490,
2017-12-12 13:33:00+05:30,380.25,380.35,380.05,380.05,502,
2017-12-12 13:34:00+05:30,380.25,380.3,380.05,380.05,316,
2017-12-12 13:35:00+05:30,380.05,380.6,380,380,10577,
2017-12-12 13:36:00+05:30,380,380.85,380,380.25,7300,
2017-12-12 13:37:00+05:30,380.25,380.3,380.05,380.05,799,
2017-12-12 13:38:00+05:30,380.05,380.55,380.05,380.1,947,
2017-12-12 13:39:00+05:30,380.1,380.2,380,380.2,1759,
2017-12-12 13:40:00+05:30,380.25,380.5,380.1,380.5,1383,
2017-12-12 13:41:00+05:30,380.5,380.5,380,380,8446,
2017-12-12 13:42:00+05:30,380,381.05,380,381,2769,
2017-12-12 13:43:00+05:30,381,381.35,380.3,380.3,995,
2017-12-12 13:44:00+05:30,380.3,380.5,380.25,380.4,219,
2017-12-12 13:45:00+05:30,380.4,380.5,380,380,4854,
2017-12-12 13:46:00+05:30,380,380.15,379.95,380.05,1765,
2017-12-12 13:47:00+05:30,380.1,380.2,379.95,380.15,3096,
2017-12-12 13:48:00+05:30,380.15,380.35,380.05,380.25,577,
2017-12-12 13:49:00+05:30,380.05,380.3,380,380.05,5740,
2017-12-12 13:50:00+05:30,380.05,380.45,380.05,380.15,442,
2017-12-12 13:51:00+05:30,380.15,380.3,380,380.1,1517,
2017-12-12 13:52:00+05:30,380.1,380.4,380.05,380.1,265,
2017-12-12 13:53:00+05:30,380.1,380.2,380.05,380.1,311,
2017-12-12 13:54:00+05:30,380.1,380.3,380,380.3,8526,
2017-12-12 13:55:00+05:30,380,380,379.95,379.95,8074,
2017-12-12 13:56:00+05:30,379.95,380,379.85,379.9,1337,
2017-12-12 13:57:00+05:30,379.9,379.95,379.9,379.95,1466,
2017-12-12 13:58:00+05:30,379.95,380,379.9,380,1556,
2017-12-12 13:59:00+05:30,380,380.35,379.95,380,3213,
2017-12-12 14:00:00+05:30,380,380.45,380,380.35,348,
2017-12-12 14:01:00+05:30,380.35,380.5,380,380,3843,
2017-12-12 14:02:00+05:30,380,380.35,380,380,2040,
2017-12-12 14:03:00+05:30,380,380.05,380,380.05,4384,
2017-12-12 14:04:00+05:30,380.05,380.5,380.05,380.1,2027,
2017-12-12 14:05:00+05:30,380.1,380.1,380,380,1394,
2017-12-12 14:06:00+05:30,380,380.4,380,380.3,1572,
2017-12-12 14:07:00+05:30,380.3,380.4,380.05,380.05,863,
2017-12-12 14:08:00+05:30,380.05,380.35,380,380.1,4648,
2017-12-12 14:09:00+05:30,380.1,380.15,380.1,380.1,147,
2017-12-12 14:10:00+05:30,380.1,380.3,380.1,380.15,102,
2017-12-12 14:11:00+05:30,380.2,380.4,380.1,380.1,183,
2017-12-12 14:12:00+05:30,380.1,380.4,380.1,380.15,1156,
2017-12-12 14:13:00+05:30,380.2,380.35,379.9,379.9,9099,
2017-12-12 14:14:00+05:30,379.9,380.3,379.8,380.3,2816,
2017-12-12 14:15:00+05:30,380.3,380.3,380.1,380.1,232,
2017-12-12 14:16:00+05:30,380.1,380.35,380.1,380.15,194,
2017-12-12 14:17:00+05:30,380.15,380.25,380,380.05,4378,
2017-12-12 14:18:00+05:30,380.05,380.2,380.05,380.05,1340,
2017-12-12 14:19:00+05:30,380,380.25,380,380,12800,
2017-12-12 14:20:00+05:30,380,380.35,380,380.1,2233,
2017-12-12 14:21:00+05:30,380.1,380.35,380,380.05,757,
2017-12-12 14:22:00+05:30,380.05,380.35,380,380.05,3483,
2017-12-12 14:23:00+05:30,380.05,380.5,380.05,380.5,777,
2017-12-12 14:24:00+05:30,380.5,380.5,380.1,380.15,982,
2017-12-12 14:25:00+05:30,380.1,380.4,380,380.15,2808,
2017-12-12 14:26:00+05:30,380.15,380.45,380,380,4152,
2017-12-12 14:27:00+05:30,380,380.3,380,380.05,710,
2017-12-12 14:28:00+05:30,380.05,380.6,380.05,380.45,1932,
2017-12-12 14:29:00+05:30,380.45,380.45,380.2,380.25,312,
2017-12-12 14:30:00+05:30,380.35,380.4,380.1,380.15,1720,
2017-12-12 14:31:00+05:30,380.15,380.3,380,380,2137,
2017-12-12 14:32:00+05:30,380,380.15,380,380,8379,
2017-12-12 14:33:00+05:30,380,380.15,379.65,379.8,12245,
2017-12-12 14:34:00+05:30,379.8,379.95,379.7,379.95,3998,
2017-12-12 14:35:00+05:30,379.95,380,379.8,379.8,1856,
2017-12-12 14:36:00+05:30,379.8,380,379,379.45,20159,
2017-12-12 14:37:00+05:30,379.5,379.5,378.65,378.9,11343,
2017-12-12 14:38:00+05:30,378.45,378.5,378.05,378.1,14578,
2017-12-12 14:39:00+05:30,378.1,378.15,377.45,377.75,14486,
2017-12-12 14:40:00+05:30,377.75,379.4,377.55,379.4,6633,
2017-12-12 14:41:00+05:30,379.4,379.8,379,379.15,5611,
2017-12-12 14:42:00+05:30,379.15,380,379.05,379.05,2119,
2017-12-12 14:43:00+05:30,379.25,379.25,378.45,378.65,5010,
2017-12-12 14:44:00+05:30,378.6,378.6,377.95,378,4343,
2017-12-12 14:45:00+05:30,377.95,378,377.85,377.95,4923,
2017-12-12 14:46:00+05:30,377.9,378.55,377.9,378.3,1671,
2017-12-12 14:47:00+05:30,378.3,379,378.05,378.6,6143,
2017-12-12 14:48:00+05:30,378.95,379.55,378.75,379.5,6290,
2017-12-12 14:49:00+05:30,379.5,379.5,378.85,378.85,2702,
2017-12-12 14:50:00+05:30,379.4,379.5,378.85,379.4,2433,
2017-12-12 14:51:00+05:30,379.25,379.75,379.25,379.35,1603,
2017-12-12 14:52:00+05:30,379.35,379.9,379.35,379.9,1732,
2017-12-12 14:53:00+05:30,379.9,379.9,378.85,378.85,5730,
2017-12-12 14:54:00+05:30,378.85,379,378.85,379,1408,
2017-12-12 14:55:00+05:30,378.95,379.25,378.95,379.25,2437,
2017-12-12 14:56:00+05:30,379.25,379.25,379.2,379.25,2881,
2017-12-12 14:57:00+05:30,379.2,379.25,379,379.2,2751,
2017-12-12 14:58:00+05:30,379.2,379.75,379.2,379.5,1276,
2017-12-12 14:59:00+05:30,379.45,379.75,379.4,379.4,2513,
2017-12-12 15:00:00+05:30,379.4,379.5,379.2,379.35,1327,
2017-12-12 15:01:00+05:30,379.35,379.5,379.25,379.4,2698,
2017-12-12 15:02:00+05:30,379.4,379.5,379.35,379.4,5684,
2017-12-12 15:03:00+05:30,379.4,379.5,379.2,379.5,6356,
2017-12-12 15:04:00+05:30,379.5,379.7,379.45,379.7,6330,
2017-12-12 15:05:00+05:30,379.7,380.5,379.65,379.7,9206,
2017-12-12 15:06:00+05:30,380.1,380.45,379.95,379.95,10011,
2017-12-12 15:07:00+05:30,380,380.65,379.8,380.65,13759,
2017-12-12 15:08:00+05:30,380.8,380.8,380.05,380.6,7962,
2017-12-12 15:09:00+05:30,380.6,381,380.5,380.6,5942,
2017-12-12 15:10:00+05:30,381,382.25,381,382,15568,
2017-12-12 15:11:00+05:30,382.4,382.5,381.65,381.95,6224,
2017-12-12 15:12:00+05:30,382,382.6,381.85,382.5,7731,
2017-12-12 15:13:00+05:30,382.9,384,382.6,384,24587,
2017-12-12 15:14:00+05:30,384,384.95,383.65,383.7,32081,
2017-12-12 15:15:00+05:30,384.3,384.5,383.15,384,13226,
2017-12-12 15:16:00+05:30,384,385,384,384.9,19981,
2017-12-12 15:17:00+05:30,385,385,384.25,384.5,21929,
2017-12-12 15:18:00+05:30,384.45,385,383.7,384.55,18729,
2017-12-12 15:19:00+05:30,384.95,384.95,383.95,384.6,7284,
2017-12-12 15:20:00+05:30,384.75,384.75,384.2,384.4,6985,
2017-12-12 15:21:00+05:30,384.15,385,384.15,384.4,8243,
2017-12-12 15:22:00+05:30,384.5,385.4,384.5,385.3,15270,
2017-12-12 15:23:00+05:30,385.5,385.9,385.4,385.5,27315,
2017-12-12 15:24:00+05:30,385.45,385.45,384.65,384.65,9234,
2017-12-12 15:25:00+05:30,384.7,385.9,384.65,385.55,8749,
2017-12-12 15:26:00+05:30,385.25,386.05,385.15,386.05,11385,
2017-12-12 15:27:00+05:30,386.05,386.8,385.5,386.7,11450,
2017-12-12 15:28:00+05:30,386.65,387,386.1,386.85,18806,
2017-12-12 15:29:00+05:30,386.8,386.8,386,386.3,9580,
2017-12-13 09:15:00+05:30,386.8,388,386.8,387,29666,
2017-12-13 09:16:00+05:30,387.05,388.1,386.55,387.05,20393,
2017-12-13 09:17:00+05:30,387.05,387.05,386.1,386.15,9717,
2017-12-13 09:18:00+05:30,386.15,386.15,385,385.1,5098,
2017-12-13 09:19:00+05:30,385.1,385.25,384.35,385,13027,
2017-12-13 09:20:00+05:30,385,386,384.95,385.9,6893,
2017-12-13 09:21:00+05:30,385.9,386.5,385.7,386.5,3189,
2017-12-13 09:22:00+05:30,386.65,388.05,386.65,388.05,16853,
2017-12-13 09:23:00+05:30,388.1,389.2,388.05,388.05,24050,
2017-12-13 09:24:00+05:30,387.75,388.8,387.7,387.7,6102,
2017-12-13 09:25:00+05:30,387.7,387.75,387.4,387.4,1878,
2017-12-13 09:26:00+05:30,387.3,387.3,386.35,386.4,4319,
2017-12-13 09:27:00+05:30,386.4,386.9,386.3,386.65,3038,
2017-12-13 09:28:00+05:30,386.35,386.65,386.25,386.55,8440,
2017-12-13 09:29:00+05:30,386.9,386.9,386.4,386.85,2277,
2017-12-13 09:30:00+05:30,386.6,386.9,386.6,386.7,1278,
2017-12-13 09:31:00+05:30,386.6,386.9,386.6,386.85,998,
2017-12-13 09:32:00+05:30,386.85,386.85,386.4,386.4,2614,
2017-12-13 09:33:00+05:30,386.4,386.55,386.4,386.45,2190,
2017-12-13 09:34:00+05:30,386.75,386.75,386.4,386.45,334,
2017-12-13 09:35:00+05:30,386.4,386.6,386.25,386.6,3064,
2017-12-13 09:36:00+05:30,386.65,386.7,386.35,386.35,836,
2017-12-13 09:37:00+05:30,386.35,386.6,386.25,386.3,1436,
2017-12-13 09:38:00+05:30,386.3,386.3,386.25,386.25,4460,
2017-12-13 09:39:00+05:30,386.3,386.3,386.05,386.25,3290,
2017-12-13 09:40:00+05:30,386.25,386.45,386.05,386.35,2748,
2017-12-13 09:41:00+05:30,386.05,386.15,386.05,386.1,990,
2017-12-13 09:42:00+05:30,386.2,386.25,386.05,386.2,771,
2017-12-13 09:43:00+05:30,386.05,386.2,385.5,385.8,3278,
2017-12-13 09:44:00+05:30,385.8,385.8,385,385.2,2174,
2017-12-13 09:45:00+05:30,385.2,385.45,385.05,385.45,2951,
2017-12-13 09:46:00+05:30,385.4,385.8,385.4,385.75,1322,
2017-12-13 09:47:00+05:30,385.75,385.75,385.35,385.4,1100,
2017-12-13 09:48:00+05:30,385.4,385.9,385.4,385.85,2124,
2017-12-13 09:49:00+05:30,385.85,385.9,385.8,385.9,582,
2017-12-13 09:50:00+05:30,385.9,385.9,385.8,385.8,763,
2017-12-13 09:51:00+05:30,385.8,385.85,385.8,385.85,550,
2017-12-13 09:52:00+05:30,385.85,385.9,385.8,385.9,386,
2017-12-13 09:53:00+05:30,385.9,386.2,385.9,386.2,1194,
2017-12-13 09:54:00+05:30,386.2,386.4,386.15,386.3,1041,
2017-12-13 09:55:00+05:30,386.3,386.3,386.15,386.25,278,
2017-12-13 09:56:00+05:30,386.25,386.4,386.15,386.15,980,
2017-12-13 09:57:00+05:30,386.15,386.15,385.85,385.85,694,
2017-12-13 09:58:00+05:30,385.85,386.4,385.85,386.4,1917,
2017-12-13 09:59:00+05:30,386.4,386.65,386.3,386.35,937,
2017-12-13 10:00:00+05:30,386.35,386.8,386.3,386.8,834,
2017-12-13 10:01:00+05:30,386.8,386.8,386,386.05,2086,
2017-12-13 10:02:00+05:30,386.05,386.25,386,386,1115,
2017-12-13 10:03:00+05:30,386.2,386.7,386.2,386.3,2819,
2017-12-13 10:04:00+05:30,386.3,386.75,386.3,386.55,459,
2017-12-13 10:05:00+05:30,386.55,386.65,386.3,386.5,3010,
2017-12-13 10:06:00+05:30,386.5,386.65,386.15,386.15,775,
2017-12-13 10:07:00+05:30,386.2,386.2,385.65,385.65,4453,
2017-12-13 10:08:00+05:30,385.65,385.8,384.85,385,5358,
2017-12-13 10:09:00+05:30,384.95,384.95,384.5,384.7,4832,
2017-12-13 10:10:00+05:30,384.7,384.95,384.5,384.95,1983,
2017-12-13 10:11:00+05:30,384.95,385.4,384.7,384.9,2632,
2017-12-13 10:12:00+05:30,384.9,385.2,384.8,384.95,2438,
2017-12-13 10:13:00+05:30,385,385.4,384.9,385.15,1814,
2017-12-13 10:14:00+05:30,385.15,385.55,385,385.55,1128,
2017-12-13 10:15:00+05:30,385.55,385.6,385.2,385.5,508,
2017-12-13 10:16:00+05:30,385.5,385.5,385,385.3,637,
2017-12-13 10:17:00+05:30,385.3,385.5,385.3,385.5,1086,
2017-12-13 10:18:00+05:30,385.5,385.9,385.45,385.45,1329,
2017-12-13 10:19:00+05:30,385.45,385.5,385.2,385.25,1418,
2017-12-13 10:20:00+05:30,385.25,385.25,384.85,385,1999,
2017-12-13 10:21:00+05:30,385,385.3,384.9,384.95,621,
2017-12-13 10:22:00+05:30,384.95,385.15,384.9,385,430,
2017-12-13 10:23:00+05:30,385.25,385.25,384.9,384.9,772,
2017-12-13 10:24:00+05:30,384.9,385.25,384.9,385.25,731,
2017-12-13 10:25:00+05:30,385.3,385.3,385.05,385.25,376,
2017-12-13 10:26:00+05:30,385.25,385.65,385.05,385.6,471,
2017-12-13 10:27:00+05:30,385.6,386.5,385.6,386.4,3266,
2017-12-13 10:28:00+05:30,386.45,386.5,386.1,386.15,2664,
2017-12-13 10:29:00+05:30,386.15,386.3,385.4,385.4,1373,
2017-12-13 10:30:00+05:30,385.75,385.75,385,385.4,2429,
2017-12-13 10:31:00+05:30,385.4,385.4,385.1,385.25,306,
2017-12-13 10:32:00+05:30,385.3,385.5,385.25,385.35,953,
2017-12-13 10:33:00+05:30,385.35,385.8,385.3,385.7,1326,
2017-12-13 10:34:00+05:30,385.7,385.8,385.55,385.55,281,
2017-12-13 10:35:00+05:30,385.55,385.8,385.55,385.8,651,
2017-12-13 10:36:00+05:30,385.8,385.8,385.35,385.4,514,
2017-12-13 10:37:00+05:30,385.4,385.8,385.4,385.5,671,
2017-12-13 10:38:00+05:30,385.5,385.5,385.3,385.3,359,
2017-12-13 10:39:00+05:30,385.3,385.5,385.3,385.5,314,
2017-12-13 10:40:00+05:30,385.5,385.55,385.25,385.3,3087,
2017-12-13 10:41:00+05:30,385.3,385.45,385.3,385.45,458,
2017-12-13 10:42:00+05:30,385.45,385.45,385.1,385.1,60,
2017-12-13 10:43:00+05:30,385.1,385.4,385.1,385.35,399,
2017-12-13 10:44:00+05:30,385.35,385.5,385.25,385.25,262,
2017-12-13 10:45:00+05:30,385.25,385.45,385.1,385.15,919,
2017-12-13 10:46:00+05:30,385.15,385.45,385.15,385.45,200,
2017-12-13 10:47:00+05:30,385.45,385.45,385.05,385.4,530,
2017-12-13 10:48:00+05:30,385.1,385.4,385.05,385.05,398,
2017-12-13 10:49:00+05:30,385.05,385.35,385.05,385.35,538,
2017-12-13 10:50:00+05:30,385.35,385.55,385.25,385.55,1455,
2017-12-13 10:51:00+05:30,385.55,385.9,385.55,385.9,727,
2017-12-13 10:52:00+05:30,385.9,385.9,385.65,385.8,485,
2017-12-13 10:53:00+05:30,385.8,385.9,385.6,385.6,384,
2017-12-13 10:54:00+05:30,385.6,385.75,385.6,385.75,512,
2017-12-13 10:55:00+05:30,385.75,385.9,385.65,385.9,562,
2017-12-13 10:56:00+05:30,385.9,385.9,385.55,385.65,756,
2017-12-13 10:57:00+05:30,385.65,385.85,385.55,385.55,364,
2017-12-13 10:58:00+05:30,385.55,385.8,385.55,385.8,301,
2017-12-13 10:59:00+05:30,385.8,385.9,385.8,385.9,372,
2017-12-13 11:00:00+05:30,385.9,385.9,385.8,385.85,499,
2017-12-13 11:01:00+05:30,385.85,385.9,385.55,385.55,852,
2017-12-13 11:02:00+05:30,385.55,385.95,385.55,385.6,409,
2017-12-13 11:03:00+05:30,385.6,385.9,385.6,385.85,128,
2017-12-13 11:04:00+05:30,385.85,385.85,385.5,385.5,295,
2017-12-13 11:05:00+05:30,385.5,385.95,385.5,385.9,2284,
2017-12-13 11:06:00+05:30,385.9,386.15,385.85,386.15,1371,
2017-12-13 11:07:00+05:30,386.1,386.45,386.1,386.4,1618,
2017-12-13 11:08:00+05:30,386.45,386.45,386.1,386.1,1267,
2017-12-13 11:09:00+05:30,386.1,386.3,386.1,386.1,37,
2017-12-13 11:10:00+05:30,386.1,386.3,386,386.2,1311,
2017-12-13 11:11:00+05:30,386.2,386.45,386.2,386.45,1615,
2017-12-13 11:12:00+05:30,386.2,386.45,386.2,386.35,1811,
2017-12-13 11:13:00+05:30,386.35,386.35,386,386.2,372,
2017-12-13 11:14:00+05:30,386.2,386.2,386,386.05,643,
2017-12-13 11:15:00+05:30,386.05,386.3,385.95,385.95,1253,
2017-12-13 11:16:00+05:30,385.95,385.95,385.6,385.6,232,
2017-12-13 11:17:00+05:30,385.6,385.65,385.3,385.5,445,
2017-12-13 11:18:00+05:30,385.5,385.5,385.3,385.35,335,
2017-12-13 11:19:00+05:30,385.35,385.35,385.2,385.35,389,
2017-12-13 11:20:00+05:30,385.35,385.7,385.3,385.65,914,
2017-12-13 11:21:00+05:30,385.35,385.65,385.1,385.5,1045,
2017-12-13 11:22:00+05:30,385.5,385.7,385.4,385.6,307,
2017-12-13 11:23:00+05:30,385.6,385.8,385.55,385.55,143,
2017-12-13 11:24:00+05:30,385.55,385.75,385.45,385.65,950,
2017-12-13 11:25:00+05:30,385.65,385.65,385.45,385.6,290,
2017-12-13 11:26:00+05:30,385.6,385.6,385.5,385.6,245,
2017-12-13 11:27:00+05:30,385.6,385.6,385.05,385.5,2161,
2017-12-13 11:28:00+05:30,385.5,385.65,385.1,385.6,380,
2017-12-13 11:29:00+05:30,385.6,385.6,385.2,385.2,74,
2017-12-13 11:30:00+05:30,385.2,385.35,385.1,385.15,210,
2017-12-13 11:31:00+05:30,385.15,385.55,385.15,385.55,123,
2017-12-13 11:32:00+05:30,385.35,385.5,385.35,385.45,327,
2017-12-13 11:33:00+05:30,385.45,385.6,385.15,385.15,316,
2017-12-13 11:34:00+05:30,385.15,385.5,385.15,385.15,52,
2017-12-13 11:35:00+05:30,385.15,385.5,385.15,385.5,25,
2017-12-13 11:36:00+05:30,385.5,385.7,385.5,385.7,662,
2017-12-13 11:37:00+05:30,385.7,385.7,385.2,385.5,222,
2017-12-13 11:38:00+05:30,385.5,385.6,385.35,385.4,854,
2017-12-13 11:39:00+05:30,385.4,385.4,385.15,385.25,364,
2017-12-13 11:40:00+05:30,385.25,385.5,385.15,385.15,650,
2017-12-13 11:41:00+05:30,385.15,385.5,385.15,385.5,517,
2017-12-13 11:42:00+05:30,385.5,385.65,385.2,385.2,257,
2017-12-13 11:43:00+05:30,385.2,385.3,385.1,385.1,361,
2017-12-13 11:44:00+05:30,385.1,385.5,385.1,385.3,264,
2017-12-13 11:45:00+05:30,385.3,385.6,385.15,385.6,195,
2017-12-13 11:46:00+05:30,385.6,385.6,385,385,2882,
2017-12-13 11:47:00+05:30,385,385.45,385,385.2,2940,
2017-12-13 11:48:00+05:30,385.2,385.25,385,385.15,193,
2017-12-13 11:49:00+05:30,385.15,385.2,385,385,253,
2017-12-13 11:50:00+05:30,385,385.35,385,385.15,228,
2017-12-13 11:51:00+05:30,385.15,385.3,385,385.2,272,
2017-12-13 11:52:00+05:30,385.2,385.3,385.05,385.05,232,
2017-12-13 11:53:00+05:30,385.05,385.2,385,385,224,
2017-12-13 11:54:00+05:30,385.15,385.45,385.15,385.4,359,
2017-12-13 11:55:00+05:30,385.4,385.4,385.1,385.25,72,
2017-12-13 11:56:00+05:30,385.25,385.5,385.15,385.4,353,
2017-12-13 11:57:00+05:30,385.45,385.5,385.25,385.45,164,
2017-12-13 11:58:00+05:30,385.25,385.6,385.25,385.25,187,
2017-12-13 11:59:00+05:30,385.25,385.6,385.25,385.35,230,
2017-12-13 12:00:00+05:30,385.35,386,385.35,385.65,1353,
2017-12-13 12:01:00+05:30,385.7,385.85,385.45,385.45,1307,
2017-12-13 12:02:00+05:30,385.65,385.75,385.2,385.25,481,
2017-12-13 12:03:00+05:30,385.25,385.7,385.25,385.7,498,
2017-12-13 12:04:00+05:30,385.7,385.95,385.45,385.6,820,
2017-12-13 12:05:00+05:30,385.6,386,385.5,385.55,645,
2017-12-13 12:06:00+05:30,385.55,386,385.45,385.45,396,
2017-12-13 12:07:00+05:30,385.45,385.95,385.45,385.5,4123,
2017-12-13 12:08:00+05:30,385.55,386.15,385.5,386,5478,
2017-12-13 12:09:00+05:30,386,386.2,386,386,717,
2017-12-13 12:10:00+05:30,386,386.15,386,386.15,1396,
2017-12-13 12:11:00+05:30,386.05,386.15,386,386.05,255,
2017-12-13 12:12:00+05:30,386.05,386.05,385.65,386.05,3627,
2017-12-13 12:13:00+05:30,386,386.1,386,386.1,913,
2017-12-13 12:14:00+05:30,386.05,386.2,386.05,386.2,1056,
2017-12-13 12:15:00+05:30,386.15,386.45,386.05,386.4,2763,
2017-12-13 12:16:00+05:30,386.25,386.45,386.25,386.25,295,
2017-12-13 12:17:00+05:30,386.25,386.35,386,386,2611,
2017-12-13 12:18:00+05:30,386,386.35,386,386,537,
2017-12-13 12:19:00+05:30,386,386.25,386,386.2,1046,
2017-12-13 12:20:00+05:30,386,386.25,385.65,386,1190,
2017-12-13 12:21:00+05:30,386,386.25,386,386.2,403,
2017-12-13 12:22:00+05:30,386.25,386.25,386,386,1040,
2017-12-13 12:23:00+05:30,386,386.1,386,386,217,
2017-12-13 12:24:00+05:30,386,386.05,386,386,974,
2017-12-13 12:25:00+05:30,386,386.05,385.55,386,6758,
2017-12-13 12:26:00+05:30,386,386.2,386,386.1,187,
2017-12-13 12:27:00+05:30,386.1,386.15,386.1,386.1,406,
2017-12-13 12:28:00+05:30,386.1,386.1,386,386,994,
2017-12-13 12:29:00+05:30,386,386.2,385.95,386.1,760,
2017-12-13 12:30:00+05:30,386.2,386.25,386,386,920,
2017-12-13 12:31:00+05:30,386,386.3,386,386.05,813,
2017-12-13 12:32:00+05:30,386.05,386.3,386,386,201,
2017-12-13 12:33:00+05:30,386,386.2,386,386.15,320,
2017-12-13 12:34:00+05:30,386.15,386.25,386.15,386.15,116,
2017-12-13 12:35:00+05:30,386,386.2,385.95,386,931,
2017-12-13 12:36:00+05:30,386,386.3,386,386,555,
2017-12-13 12:37:00+05:30,386,386.25,386,386.05,1651,
2017-12-13 12:38:00+05:30,386,386.1,386,386.1,525,
2017-12-13 12:39:00+05:30,386,386.15,385.9,386.05,1422,
2017-12-13 12:40:00+05:30,386.05,386.25,386,386.05,974,
2017-12-13 12:41:00+05:30,386.05,386.3,386,386.3,949,
2017-12-13 12:42:00+05:30,386.3,386.35,386,386,891,
2017-12-13 12:43:00+05:30,386,386.05,386,386,1843,
2017-12-13 12:44:00+05:30,386,386.3,386,386,1010,
2017-12-13 12:45:00+05:30,386,386.15,386,386,632,
2017-12-13 12:46:00+05:30,386,386.2,386,386.2,831,
2017-12-13 12:47:00+05:30,386.2,386.25,386,386,1623,
2017-12-13 12:48:00+05:30,386,386.15,385.9,386,1442,
2017-12-13 12:49:00+05:30,386,386.05,386,386.05,864,
2017-12-13 12:50:00+05:30,386,386.25,386,386,891,
2017-12-13 12:51:00+05:30,386,386.3,385.35,386,5160,
2017-12-13 12:52:00+05:30,386,386.05,385.45,386,7928,
2017-12-13 12:53:00+05:30,386,386.3,386,386,1233,
2017-12-13 12:54:00+05:30,386,386.25,385.95,386,1251,
2017-12-13 12:55:00+05:30,386,386.4,385.5,386.4,6909,
2017-12-13 12:56:00+05:30,386.35,386.4,386.05,386.05,1128,
2017-12-13 12:57:00+05:30,386,386.05,386,386.05,617,
2017-12-13 12:58:00+05:30,386,386.2,386,386,915,
2017-12-13 12:59:00+05:30,386,386.1,385.45,386,1439,
2017-12-13 13:00:00+05:30,386,386.2,386,386,1113,
2017-12-13 13:01:00+05:30,386,386.05,385.65,386.05,1639,
2017-12-13 13:02:00+05:30,386.05,386.2,386.05,386.1,836,
2017-12-13 13:03:00+05:30,386.1,386.1,385.7,386,2370,
2017-12-13 13:04:00+05:30,386,386.1,386,386,451,
2017-12-13 13:05:00+05:30,386,386.2,386,386,793,
2017-12-13 13:06:00+05:30,386,386.1,386,386,702,
2017-12-13 13:07:00+05:30,386,386.1,386,386,743,
2017-12-13 13:08:00+05:30,386,386.15,386,386,470,
2017-12-13 13:09:00+05:30,386,386.25,386,386.25,2222,
2017-12-13 13:10:00+05:30,386.25,386.35,386,386.05,666,
2017-12-13 13:11:00+05:30,386.05,386.05,385.35,385.6,1685,
2017-12-13 13:12:00+05:30,385.6,385.65,385.2,385.4,1602,
2017-12-13 13:13:00+05:30,385.4,385.4,385.2,385.2,284,
2017-12-13 13:14:00+05:30,385.2,385.6,385.2,385.6,850,
2017-12-13 13:15:00+05:30,385.2,385.65,385.2,385.2,256,
2017-12-13 13:16:00+05:30,385.2,385.65,385.2,385.2,388,
2017-12-13 13:17:00+05:30,385.2,385.6,385.2,385.5,386,
2017-12-13 13:18:00+05:30,385.2,385.4,385.1,385.4,351,
2017-12-13 13:19:00+05:30,385.1,385.45,385.05,385.2,905,
2017-12-13 13:20:00+05:30,385.05,385.45,385.05,385.05,733,
2017-12-13 13:21:00+05:30,385.05,385.05,385,385,1870,
2017-12-13 13:22:00+05:30,385,385.2,385,385.2,915,
2017-12-13 13:23:00+05:30,385.1,385.65,385.1,385.4,799,
2017-12-13 13:24:00+05:30,385.3,385.4,385,385,845,
2017-12-13 13:25:00+05:30,385.05,385.15,385,385.1,932,
2017-12-13 13:26:00+05:30,385,385.15,384.85,385.15,1131,
2017-12-13 13:27:00+05:30,384.9,384.95,384.5,384.55,9589,
2017-12-13 13:28:00+05:30,384.75,384.75,384.5,384.55,4880,
2017-12-13 13:29:00+05:30,384.5,385,384.5,384.8,1367,
2017-12-13 13:30:00+05:30,384.7,385,384.7,384.95,505,
2017-12-13 13:31:00+05:30,384.7,384.9,384.5,384.85,505,
2017-12-13 13:32:00+05:30,384.55,384.85,384.55,384.8,639,
2017-12-13 13:33:00+05:30,384.8,384.95,384.2,384.2,2541,
2017-12-13 13:34:00+05:30,384.2,384.6,384.2,384.25,1494,
2017-12-13 13:35:00+05:30,384.25,384.5,384.2,384.45,647,
2017-12-13 13:36:00+05:30,384.45,384.5,384.4,384.5,505,
2017-12-13 13:37:00+05:30,384.45,384.5,384.15,384.4,1043,
2017-12-13 13:38:00+05:30,384.4,384.4,384.1,384.1,1068,
2017-12-13 13:39:00+05:30,384.2,384.45,384.1,384.45,1789,
2017-12-13 13:40:00+05:30,384.45,384.75,384.4,384.75,786,
2017-12-13 13:41:00+05:30,384.75,384.85,384.4,384.4,1175,
2017-12-13 13:42:00+05:30,384.45,384.45,384.15,384.4,871,
2017-12-13 13:43:00+05:30,384.25,384.65,384.15,384.65,894,
2017-12-13 13:44:00+05:30,384.7,384.9,384.65,384.65,1023,
2017-12-13 13:45:00+05:30,384.65,385,384.65,384.85,1732,
2017-12-13 13:46:00+05:30,384.9,385.75,384.9,385.5,2238,
2017-12-13 13:47:00+05:30,385.05,385.2,385,385.2,503,
2017-12-13 13:48:00+05:30,385,385,384.7,384.7,452,
2017-12-13 13:49:00+05:30,384.7,384.85,384.4,384.4,302,
2017-12-13 13:50:00+05:30,384.3,384.95,384.25,384.95,660,
2017-12-13 13:51:00+05:30,384.6,384.6,384.4,384.55,350,
2017-12-13 13:52:00+05:30,384.4,384.4,384.35,384.35,747,
2017-12-13 13:53:00+05:30,384.35,384.65,384.3,384.3,1426,
2017-12-13 13:54:00+05:30,384.3,385.2,384.2,384.25,2785,
2017-12-13 13:55:00+05:30,384.25,384.35,384.15,384.15,630,
2017-12-13 13:56:00+05:30,384.15,384.25,384.15,384.2,1450,
2017-12-13 13:57:00+05:30,384.25,384.25,384.05,384.05,2055,
2017-12-13 13:58:00+05:30,384.05,384.3,384,384.3,3615,
2017-12-13 13:59:00+05:30,384.2,384.55,384.15,384.3,561,
2017-12-13 14:00:00+05:30,384.2,384.25,384,384,1079,
2017-12-13 14:01:00+05:30,384,384.2,384,384.05,1345,
2017-12-13 14:02:00+05:30,384.05,384.05,383.1,383.45,3251,
2017-12-13 14:03:00+05:30,383.3,383.5,383.15,383.15,3641,
2017-12-13 14:04:00+05:30,383.15,383.4,382.65,382.65,3198,
2017-12-13 14:05:00+05:30,382.5,382.8,382.4,382.8,1584,
2017-12-13 14:06:00+05:30,382.8,382.85,382.55,382.7,2897,
2017-12-13 14:07:00+05:30,382.7,382.9,382.55,382.65,1213,
2017-12-13 14:08:00+05:30,382.55,382.65,381.65,381.8,2555,
2017-12-13 14:09:00+05:30,381.65,382.45,381.65,382.15,1680,
2017-12-13 14:10:00+05:30,382.3,382.85,382,382.7,1563,
2017-12-13 14:11:00+05:30,382.7,383,382.7,382.7,954,
2017-12-13 14:12:00+05:30,382.7,383,382.6,383,2375,
2017-12-13 14:13:00+05:30,382.7,382.9,382.6,382.6,677,
2017-12-13 14:14:00+05:30,382.6,382.9,382.25,382.35,1592,
2017-12-13 14:15:00+05:30,382.2,382.2,381.9,382,3426,
2017-12-13 14:16:00+05:30,382,382,381.6,381.8,1223,
2017-12-13 14:17:00+05:30,381.6,381.9,380.9,380.9,4940,
2017-12-13 14:18:00+05:30,380.9,380.95,380.2,380.2,8736,
2017-12-13 14:19:00+05:30,381.05,381.8,380.1,381.8,3964,
2017-12-13 14:20:00+05:30,381.6,382.8,381.6,382.5,6367,
2017-12-13 14:21:00+05:30,382.7,382.7,382.25,382.35,1760,
2017-12-13 14:22:00+05:30,382.25,382.25,381.15,382.2,3277,
2017-12-13 14:23:00+05:30,382.1,382.4,381.6,381.7,2250,
2017-12-13 14:24:00+05:30,381.65,382.25,381.6,381.7,2579,
2017-12-13 14:25:00+05:30,381.9,382,381.2,381.35,2202,
2017-12-13 14:26:00+05:30,381.3,381.65,381.2,381.55,1137,
2017-12-13 14:27:00+05:30,381.2,381.75,381.2,381.75,894,
2017-12-13 14:28:00+05:30,381.8,381.95,381.45,381.7,1018,
2017-12-13 14:29:00+05:30,381.7,382,381.6,381.75,1707,
2017-12-13 14:30:00+05:30,381.65,382,381.65,381.85,1781,
2017-12-13 14:31:00+05:30,381.75,382,381.75,381.75,1169,
2017-12-13 14:32:00+05:30,381.75,382,381.7,381.9,873,
2017-12-13 14:33:00+05:30,381.9,381.95,381.75,381.95,656,
2017-12-13 14:34:00+05:30,381.95,382,381.7,381.9,1506,
2017-12-13 14:35:00+05:30,381.7,381.9,381.55,381.7,1578,
2017-12-13 14:36:00+05:30,381.7,381.85,381.55,381.85,1100,
2017-12-13 14:37:00+05:30,381.6,381.9,381.55,381.55,1979,
2017-12-13 14:38:00+05:30,381.55,381.85,381.55,381.75,1452,
2017-12-13 14:39:00+05:30,381.75,381.85,381.6,381.65,617,
2017-12-13 14:40:00+05:30,381.6,382,381.6,382,2266,
2017-12-13 14:41:00+05:30,381.75,381.95,381.6,381.75,3132,
2017-12-13 14:42:00+05:30,381.8,382.15,381.5,381.8,1761,
2017-12-13 14:43:00+05:30,381.5,381.7,381.05,381.6,2098,
2017-12-13 14:44:00+05:30,381.6,381.6,381,381,2908,
2017-12-13 14:45:00+05:30,381,381,380.15,380.2,5725,
2017-12-13 14:46:00+05:30,380.1,380.7,380.1,380.1,5639,
2017-12-13 14:47:00+05:30,380.1,380.45,380.1,380.45,1914,
2017-12-13 14:48:00+05:30,380.15,380.4,378.5,378.7,18472,
2017-12-13 14:49:00+05:30,378.7,379.65,378.7,379.6,2476,
2017-12-13 14:50:00+05:30,379.75,379.75,379.6,379.7,3305,
2017-12-13 14:51:00+05:30,379.7,380,379.65,379.95,8873,
2017-12-13 14:52:00+05:30,380,380,379.95,380,3858,
2017-12-13 14:53:00+05:30,380,380.15,379.95,380.15,4824,
2017-12-13 14:54:00+05:30,380.15,380.4,380.15,380.2,895,
2017-12-13 14:55:00+05:30,380.2,380.65,380.15,380.45,2134,
2017-12-13 14:56:00+05:30,380.45,380.5,379.95,380.2,2508,
2017-12-13 14:57:00+05:30,380.2,380.25,379.5,379.85,1417,
2017-12-13 14:58:00+05:30,379.55,379.85,379.55,379.7,1891,
2017-12-13 14:59:00+05:30,379.7,379.7,378.85,379.6,6719,
2017-12-13 15:00:00+05:30,379.3,380,379.25,379.95,3048,
2017-12-13 15:01:00+05:30,379.9,380.3,379.45,380.3,1506,
2017-12-13 15:02:00+05:30,380.35,380.65,379.95,379.95,1723,
2017-12-13 15:03:00+05:30,379.95,380.7,379.95,380.45,1971,
2017-12-13 15:04:00+05:30,380.35,380.5,380.15,380.2,845,
2017-12-13 15:05:00+05:30,380.15,380.15,379.3,380,4673,
2017-12-13 15:06:00+05:30,380,380.2,379.95,379.95,2881,
2017-12-13 15:07:00+05:30,379.85,379.95,379.7,379.8,3506,
2017-12-13 15:08:00+05:30,379.8,380.3,379.8,380.3,1446,
2017-12-13 15:09:00+05:30,380.3,380.7,380.3,380.5,539,
2017-12-13 15:10:00+05:30,380.5,380.65,380.05,380.65,1332,
2017-12-13 15:11:00+05:30,380.65,380.75,380.45,380.75,685,
2017-12-13 15:12:00+05:30,380.75,380.85,380.65,380.85,2753,
2017-12-13 15:13:00+05:30,380.9,380.95,380.8,380.95,1543,
2017-12-13 15:14:00+05:30,380.8,381.3,380.8,381.3,3273,
2017-12-13 15:15:00+05:30,381.45,381.5,381.2,381.2,3679,
2017-12-13 15:16:00+05:30,381.2,381.2,380,380.9,2805,
2017-12-13 15:17:00+05:30,380.85,380.9,380.5,380.75,1494,
2017-12-13 15:18:00+05:30,380.75,381.1,380.75,381.1,2532,
2017-12-13 15:19:00+05:30,381,381.2,380.95,381.05,1262,
2017-12-13 15:20:00+05:30,381,381.25,381,381.15,3312,
2017-12-13 15:21:00+05:30,381.25,381.4,381.15,381.4,2108,
2017-12-13 15:22:00+05:30,381.4,381.45,381.15,381.15,4281,
2017-12-13 15:23:00+05:30,381.25,381.3,381.15,381.25,3827,
2017-12-13 15:24:00+05:30,381.3,381.3,381.15,381.15,3176,
2017-12-13 15:25:00+05:30,381.2,381.3,381.15,381.15,4503,
2017-12-13 15:26:00+05:30,381.15,381.65,381.15,381.65,6398,
2017-12-13 15:27:00+05:30,381.55,381.65,381,381,10275,
2017-12-13 15:28:00+05:30,381,381,380.15,380.8,4869,
2017-12-13 15:29:00+05:30,380.6,381,380,380.5,7455,
2017-12-14 09:15:00+05:30,382.85,382.85,381.8,381.8,5685,
2017-12-14 09:16:00+05:30,381.75,381.75,381,381.2,3764,
2017-12-14 09:17:00+05:30,381.05,382.15,381.05,382.15,5343,
2017-12-14 09:18:00+05:30,382.35,382.35,381.7,381.9,2132,
2017-12-14 09:19:00+05:30,381.75,381.95,381.5,381.9,2930,
2017-12-14 09:20:00+05:30,381.85,381.85,380.8,380.8,6300,
2017-12-14 09:21:00+05:30,380.75,380.75,379.1,379.65,12319,
2017-12-14 09:22:00+05:30,379.5,379.9,379.5,379.8,4835,
2017-12-14 09:23:00+05:30,379.85,379.9,379.7,379.85,3430,
2017-12-14 09:24:00+05:30,379.85,380,379.85,379.9,7042,
2017-12-14 09:25:00+05:30,380,380.2,379.9,380.2,1966,
2017-12-14 09:26:00+05:30,380.25,380.6,380.25,380.6,2735,
2017-12-14 09:27:00+05:30,380.6,380.65,380.15,380.4,1580,
2017-12-14 09:28:00+05:30,380.4,380.6,380.15,380.55,1352,
2017-12-14 09:29:00+05:30,380.55,380.6,380.4,380.55,995,
2017-12-14 09:30:00+05:30,380.55,380.7,380.5,380.5,3638,
2017-12-14 09:31:00+05:30,380.5,380.8,380.5,380.8,1209,
2017-12-14 09:32:00+05:30,380.8,380.9,380.55,380.9,1120,
2017-12-14 09:33:00+05:30,380.9,381.1,380.6,381.1,3654,
2017-12-14 09:34:00+05:30,381.45,383.4,381.45,382.85,23408,
2017-12-14 09:35:00+05:30,382.7,382.7,381.25,381.3,3785,
2017-12-14 09:36:00+05:30,381.3,381.65,381.25,381.35,1126,
2017-12-14 09:37:00+05:30,381.35,381.65,381.2,381.2,1556,
2017-12-14 09:38:00+05:30,381.2,381.4,380.95,380.95,3618,
2017-12-14 09:39:00+05:30,380.95,380.95,380.55,380.85,1604,
2017-12-14 09:40:00+05:30,380.8,380.85,380.65,380.65,1053,
2017-12-14 09:41:00+05:30,380.65,381.1,380.65,381.05,3695,
2017-12-14 09:42:00+05:30,381.05,381.25,381,381.15,5672,
2017-12-14 09:43:00+05:30,381.2,381.5,381.05,381.5,5363,
2017-12-14 09:44:00+05:30,381.55,382,381.15,381.6,4465,
2017-12-14 09:45:00+05:30,381.6,381.6,381.2,381.3,4296,
2017-12-14 09:46:00+05:30,381.35,381.35,380.6,381,7391,
2017-12-14 09:47:00+05:30,381,381.5,380.9,381.35,7357,
2017-12-14 09:48:00+05:30,381.15,381.35,381,381,1357,
2017-12-14 09:49:00+05:30,381,381.4,380.55,380.75,4379,
2017-12-14 09:50:00+05:30,380.75,380.95,380.05,380.9,8250,
2017-12-14 09:51:00+05:30,380.9,381,380.6,380.9,505,
2017-12-14 09:52:00+05:30,380.9,381,380.55,380.55,830,
2017-12-14 09:53:00+05:30,380.55,380.9,380.1,380.9,3410,
2017-12-14 09:54:00+05:30,380.9,381,380.45,380.7,5510,
2017-12-14 09:55:00+05:30,380.7,381.5,380.6,381.5,1466,
2017-12-14 09:56:00+05:30,381.5,381.5,381.25,381.5,275,
2017-12-14 09:57:00+05:30,381.4,381.5,381,381.5,2251,
2017-12-14 09:58:00+05:30,381.3,381.4,380.9,380.9,646,
2017-12-14 09:59:00+05:30,380.9,381,380.8,381,255,
2017-12-14 10:00:00+05:30,381,381,380.6,380.6,389,
2017-12-14 10:01:00+05:30,380.6,380.75,380.35,380.45,1490,
2017-12-14 10:02:00+05:30,380.45,381.1,380.4,381.1,1050,
2017-12-14 10:03:00+05:30,381.1,381.2,380.65,380.65,421,
2017-12-14 10:04:00+05:30,380.65,381,380.65,380.95,1402,
2017-12-14 10:05:00+05:30,380.8,380.8,380.5,380.5,222,
2017-12-14 10:06:00+05:30,380.5,380.65,380.5,380.65,178,
2017-12-14 10:07:00+05:30,380.7,380.7,380.55,380.7,264,
2017-12-14 10:08:00+05:30,380.55,380.95,380.55,380.7,498,
2017-12-14 10:09:00+05:30,380.7,381,380.7,380.9,330,
2017-12-14 10:10:00+05:30,380.95,380.95,380.75,380.75,51,
2017-12-14 10:11:00+05:30,380.75,381,380.7,381,1176,
2017-12-14 10:12:00+05:30,381,381.2,381,381.1,70,
2017-12-14 10:13:00+05:30,381.1,381.4,381.1,381.35,569,
2017-12-14 10:14:00+05:30,381.35,381.5,381.1,381.1,342,
2017-12-14 10:15:00+05:30,381.1,381.55,381.1,381.55,1228,
2017-12-14 10:16:00+05:30,381.55,381.55,381.15,381.15,104,
2017-12-14 10:17:00+05:30,381.15,381.2,381.1,381.15,118,
2017-12-14 10:18:00+05:30,381.15,381.45,381.15,381.45,586,
2017-12-14 10:19:00+05:30,381.45,381.45,381.1,381.3,380,
2017-12-14 10:20:00+05:30,381.1,381.3,381.1,381.15,380,
2017-12-14 10:21:00+05:30,381.15,381.35,381.1,381.1,856,
2017-12-14 10:22:00+05:30,381.3,381.3,381.1,381.25,112,
2017-12-14 10:23:00+05:30,381.1,381.3,381.1,381.1,305,
2017-12-14 10:24:00+05:30,381.1,381.35,381.1,381.35,263,
2017-12-14 10:25:00+05:30,381.35,381.35,381.1,381.35,139,
2017-12-14 10:26:00+05:30,381.15,381.15,381.15,381.15,328,
2017-12-14 10:27:00+05:30,381.15,381.25,381.15,381.15,120,
2017-12-14 10:28:00+05:30,381.15,381.3,381.15,381.3,182,
2017-12-14 10:29:00+05:30,381.15,381.3,381.15,381.2,1193,
2017-12-14 10:30:00+05:30,381.2,381.35,381.15,381.35,108,
2017-12-14 10:31:00+05:30,381.2,381.4,381.2,381.3,154,
2017-12-14 10:32:00+05:30,381.3,381.3,381.2,381.25,221,
2017-12-14 10:33:00+05:30,381.1,381.2,381.1,381.2,38,
2017-12-14 10:34:00+05:30,381.2,381.55,381.2,381.55,1244,
2017-12-14 10:35:00+05:30,381.55,381.65,381.55,381.65,355,
2017-12-14 10:36:00+05:30,381.65,381.8,381.5,381.75,792,
2017-12-14 10:37:00+05:30,381.75,381.75,381.5,381.5,328,
2017-12-14 10:38:00+05:30,381.5,381.7,381.5,381.5,610,
2017-12-14 10:39:00+05:30,381.5,381.65,381.5,381.5,1667,
2017-12-14 10:40:00+05:30,381.5,381.5,381.5,381.5,107,
2017-12-14 10:41:00+05:30,381.5,381.75,381.5,381.5,967,
2017-12-14 10:42:00+05:30,381.5,381.7,381.5,381.5,191,
2017-12-14 10:43:00+05:30,381.5,381.65,381.4,381.4,605,
2017-12-14 10:44:00+05:30,381.4,381.55,380.8,380.8,168031,
2017-12-14 10:45:00+05:30,380.7,380.7,379.9,380.05,12201,
2017-12-14 10:46:00+05:30,380.05,380.6,380.05,380.6,1328,
2017-12-14 10:47:00+05:30,380.6,380.8,380.6,380.6,1653,
2017-12-14 10:48:00+05:30,380.6,380.6,380.5,380.6,2954,
2017-12-14 10:49:00+05:30,380.6,381,380.6,381,2752,
2017-12-14 10:50:00+05:30,380.95,381,380.45,380.5,2913,
2017-12-14 10:51:00+05:30,380.5,380.5,379.95,380,5159,
2017-12-14 10:52:00+05:30,380,380.65,379.95,380.65,4097,
2017-12-14 10:53:00+05:30,380.65,380.9,380.3,380.3,376,
2017-12-14 10:54:00+05:30,380.3,381.45,380.2,381.25,4487,
2017-12-14 10:55:00+05:30,381.25,381.5,380.85,381.05,3701,
2017-12-14 10:56:00+05:30,381.05,381.25,380.7,380.8,791,
2017-12-14 10:57:00+05:30,380.8,380.8,380.2,380.7,1118,
2017-12-14 10:58:00+05:30,380.7,381,380.7,381,1611,
2017-12-14 10:59:00+05:30,381,381.05,380.6,380.6,472,
2017-12-14 11:00:00+05:30,380.6,380.6,380,380.35,7953,
2017-12-14 11:01:00+05:30,380.35,380.35,380.2,380.25,844,
2017-12-14 11:02:00+05:30,380.25,380.75,380.2,380.2,891,
2017-12-14 11:03:00+05:30,380.2,380.75,380.2,380.6,761,
2017-12-14 11:04:00+05:30,380.6,380.6,380.1,380.1,282,
2017-12-14 11:05:00+05:30,380.1,380.2,379.9,379.95,12215,
2017-12-14 11:06:00+05:30,380,380,379.95,379.95,2443,
2017-12-14 11:07:00+05:30,380,380,379.6,379.6,2283,
2017-12-14 11:08:00+05:30,379.6,379.85,379.6,379.8,1373,
2017-12-14 11:09:00+05:30,379.6,379.85,379.5,379.5,615,
2017-12-14 11:10:00+05:30,379.5,379.5,379.2,379.5,1328,
2017-12-14 11:11:00+05:30,379.5,379.95,379.1,379.7,1920,
2017-12-14 11:12:00+05:30,379.7,379.8,379,379.8,8755,
2017-12-14 11:13:00+05:30,379.8,379.8,379.15,379.25,1444,
2017-12-14 11:14:00+05:30,379.25,379.25,378.5,378.5,3658,
2017-12-14 11:15:00+05:30,378.5,379,378.5,378.9,1359,
2017-12-14 11:16:00+05:30,378.9,379,378.9,378.95,724,
2017-12-14 11:17:00+05:30,379,379.65,378.95,379.65,1957,
2017-12-14 11:18:00+05:30,379.65,379.65,378.75,378.85,1275,
2017-12-14 11:19:00+05:30,378.85,378.9,378.55,378.75,1432,
2017-12-14 11:20:00+05:30,378.8,379.25,378.8,378.9,3326,
2017-12-14 11:21:00+05:30,378.9,379,378.75,378.95,1634,
2017-12-14 11:22:00+05:30,378.75,378.95,378.75,378.9,773,
2017-12-14 11:23:00+05:30,378.9,378.95,378.45,378.65,1660,
2017-12-14 11:24:00+05:30,378.65,378.95,378.65,378.95,655,
2017-12-14 11:25:00+05:30,378.95,378.95,378.85,378.9,1186,
2017-12-14 11:26:00+05:30,378.9,379,378.9,378.95,2131,
2017-12-14 11:27:00+05:30,378.95,379,378.9,378.95,5473,
2017-12-14 11:28:00+05:30,378.95,378.95,378.75,378.75,731,
2017-12-14 11:29:00+05:30,378.65,378.9,378.65,378.9,944,
2017-12-14 11:30:00+05:30,378.9,378.95,378.85,378.9,540,
2017-12-14 11:31:00+05:30,378.95,378.95,378.65,378.8,400,
2017-12-14 11:32:00+05:30,378.8,378.95,378.75,378.95,856,
2017-12-14 11:33:00+05:30,378.95,379.05,378.85,378.95,5908,
2017-12-14 11:34:00+05:30,379,379,378.75,379,3420,
2017-12-14 11:35:00+05:30,379,379,378.9,378.9,859,
2017-12-14 11:36:00+05:30,378.9,379,378.65,378.85,1345,
2017-12-14 11:37:00+05:30,378.95,379,378.95,378.95,686,
2017-12-14 11:38:00+05:30,378.95,379,378.85,378.85,1111,
2017-12-14 11:39:00+05:30,378.85,378.95,378.85,378.9,780,
2017-12-14 11:40:00+05:30,378.9,379,378.9,378.95,5129,
2017-12-14 11:41:00+05:30,378.95,379,378.95,379,1054,
2017-12-14 11:42:00+05:30,378.95,379,378.9,379,2631,
2017-12-14 11:43:00+05:30,379,379,378.9,378.95,8075,
2017-12-14 11:44:00+05:30,378.95,379,378.95,378.95,1783,
2017-12-14 11:45:00+05:30,378.9,379,378.85,378.85,2123,
2017-12-14 11:46:00+05:30,378.85,379,378.85,378.95,802,
2017-12-14 11:47:00+05:30,379,379,378.95,378.95,1288,
2017-12-14 11:48:00+05:30,379,379,378.25,378.3,17820,
2017-12-14 11:49:00+05:30,378.3,378.5,378.15,378.45,1409,
2017-12-14 11:50:00+05:30,378.45,379,378.45,378.95,1008,
2017-12-14 11:51:00+05:30,378.95,379,378.95,378.95,1468,
2017-12-14 11:52:00+05:30,378.95,379,378.95,378.95,711,
2017-12-14 11:53:00+05:30,378.95,379,378.95,378.95,554,
2017-12-14 11:54:00+05:30,378.95,379,378.95,378.95,817,
2017-12-14 11:55:00+05:30,378.95,379.05,378.95,379,19612,
2017-12-14 11:56:00+05:30,379,379.45,378.95,379.4,30642,
2017-12-14 11:57:00+05:30,379.4,379.9,378.8,379.6,35706,
2017-12-14 11:58:00+05:30,379.85,380.4,379.6,380.05,10109,
2017-12-14 11:59:00+05:30,380.05,380.4,380.05,380.4,1700,
2017-12-14 12:00:00+05:30,380.4,380.4,380.2,380.2,3949,
2017-12-14 12:01:00+05:30,380.2,380.25,379.7,379.85,750,
2017-12-14 12:02:00+05:30,379.85,380.25,379.85,380.25,1268,
2017-12-14 12:03:00+05:30,380.25,380.35,380.2,380.25,1163,
2017-12-14 12:04:00+05:30,380.25,380.25,379.85,379.85,1192,
2017-12-14 12:05:00+05:30,379.85,380,379.75,379.75,719,
2017-12-14 12:06:00+05:30,379.75,380,379.75,380,1582,
2017-12-14 12:07:00+05:30,380,380,379.9,379.95,577,
2017-12-14 12:08:00+05:30,379.95,380.15,379.95,380,355,
2017-12-14 12:09:00+05:30,380,380,379.8,379.8,1499,
2017-12-14 12:10:00+05:30,379.8,380.05,379.7,380,315,
2017-12-14 12:11:00+05:30,380,380,379.85,380,1663,
2017-12-14 12:12:00+05:30,380,380,379.9,379.95,1326,
2017-12-14 12:13:00+05:30,379.95,380,379.95,379.95,412,
2017-12-14 12:14:00+05:30,379.95,380,379.8,379.85,663,
2017-12-14 12:15:00+05:30,379.85,380,379.85,380,1280,
2017-12-14 12:16:00+05:30,380,380.2,379.95,380,1574,
2017-12-14 12:17:00+05:30,380,380.05,379.95,379.95,1183,
2017-12-14 12:18:00+05:30,380,380,379.95,379.95,1056,
2017-12-14 12:19:00+05:30,379.95,380,379.95,379.95,986,
2017-12-14 12:20:00+05:30,379.95,380,379.95,380,1438,
2017-12-14 12:21:00+05:30,380,380,379.95,380,1666,
2017-12-14 12:22:00+05:30,379.95,380,379.95,379.95,1141,
2017-12-14 12:23:00+05:30,379.95,380,379.95,379.95,815,
2017-12-14 12:24:00+05:30,380,380,379.95,379.95,1144,
2017-12-14 12:25:00+05:30,379.95,380,379.95,380,893,
2017-12-14 12:26:00+05:30,379.95,380,379.85,379.85,988,
2017-12-14 12:27:00+05:30,379.85,380,379.85,379.95,3642,
2017-12-14 12:28:00+05:30,379.95,380.1,379.95,380.05,1653,
2017-12-14 12:29:00+05:30,380.05,380.4,380,380.05,1311,
2017-12-14 12:30:00+05:30,380,380.2,380,380.1,253,
2017-12-14 12:31:00+05:30,380.1,380.2,380,380,483,
2017-12-14 12:32:00+05:30,380,380.1,380,380,280,
2017-12-14 12:33:00+05:30,380,380.05,379.05,379.05,839,
2017-12-14 12:34:00+05:30,379.05,380.05,379.05,380,1813,
2017-12-14 12:35:00+05:30,380,380.1,380,380.05,2153,
2017-12-14 12:36:00+05:30,380.05,380.1,380,380.1,456,
2017-12-14 12:37:00+05:30,380.05,380.1,380,380,694,
2017-12-14 12:38:00+05:30,380,380.05,380,380,369,
2017-12-14 12:39:00+05:30,380.05,380.1,380,380,780,
2017-12-14 12:40:00+05:30,380,380.05,380,380.05,580,
2017-12-14 12:41:00+05:30,380.05,380.4,380,380,518,
2017-12-14 12:42:00+05:30,380,380.1,380,380.05,1305,
2017-12-14 12:43:00+05:30,380.05,380.05,380,380,419,
2017-12-14 12:44:00+05:30,380,381.15,380,380.8,7673,
2017-12-14 12:45:00+05:30,380.8,380.95,380.05,380.35,717,
2017-12-14 12:46:00+05:30,380.35,380.75,380,380.05,721,
2017-12-14 12:47:00+05:30,380.05,380.35,380.05,380.15,111,
2017-12-14 12:48:00+05:30,380.15,380.35,380.15,380.3,260,
2017-12-14 12:49:00+05:30,380.3,380.75,380,380.5,1880,
2017-12-14 12:50:00+05:30,380.7,380.75,380.35,380.55,408,
2017-12-14 12:51:00+05:30,380.55,380.65,380.45,380.45,610,
2017-12-14 12:52:00+05:30,380.45,380.7,380.45,380.6,453,
2017-12-14 12:53:00+05:30,380.65,380.65,380,380,2845,
2017-12-14 12:54:00+05:30,380,380.65,380,380,1739,
2017-12-14 12:55:00+05:30,380,380.25,380,380,1183,
2017-12-14 12:56:00+05:30,380,380.1,379.95,380.1,3476,
2017-12-14 12:57:00+05:30,380.1,380.3,380,380.3,909,
2017-12-14 12:58:00+05:30,380.3,380.3,380,380.3,682,
2017-12-14 12:59:00+05:30,380.3,380.5,380.2,380.3,837,
2017-12-14 13:00:00+05:30,380.3,380.45,380.15,380.15,523,
2017-12-14 13:01:00+05:30,380.15,380.5,380.15,380.5,401,
2017-12-14 13:02:00+05:30,380.5,380.5,380.3,380.35,225,
2017-12-14 13:03:00+05:30,380.35,380.45,380.35,380.45,198,
2017-12-14 13:04:00+05:30,380.35,380.4,380,380.05,827,
2017-12-14 13:05:00+05:30,380.05,380.15,380.05,380.15,329,
2017-12-14 13:06:00+05:30,380.15,380.3,380.15,380.3,344,
2017-12-14 13:07:00+05:30,380.3,380.35,380.1,380.2,408,
2017-12-14 13:08:00+05:30,380.2,380.2,380.1,380.1,342,
2017-12-14 13:09:00+05:30,380.1,380.2,380.1,380.2,1449,
2017-12-14 13:10:00+05:30,380.05,380.05,380,380.05,418,
2017-12-14 13:11:00+05:30,380.05,380.45,380,380.3,2807,
2017-12-14 13:12:00+05:30,380.3,380.35,380,380,3955,
2017-12-14 13:13:00+05:30,380,380.6,380,380.6,804,
2017-12-14 13:14:00+05:30,380.6,381.2,380.6,381.1,4814,
2017-12-14 13:15:00+05:30,381.1,381.3,381.1,381.2,2079,
2017-12-14 13:16:00+05:30,381.2,381.3,381.2,381.3,1828,
2017-12-14 13:17:00+05:30,381.3,381.5,381.3,381.3,1489,
2017-12-14 13:18:00+05:30,381.3,381.35,381.3,381.3,1918,
2017-12-14 13:19:00+05:30,381.3,381.35,381.3,381.35,659,
2017-12-14 13:20:00+05:30,381.35,381.35,381.3,381.35,260,
2017-12-14 13:21:00+05:30,381.35,381.35,381.3,381.3,1154,
2017-12-14 13:22:00+05:30,381.3,381.35,381.3,381.35,736,
2017-12-14 13:23:00+05:30,381.3,381.35,381.3,381.3,251,
2017-12-14 13:24:00+05:30,381.3,381.35,381.3,381.3,190,
2017-12-14 13:25:00+05:30,381.3,381.35,381.3,381.3,2219,
2017-12-14 13:26:00+05:30,381.3,381.35,380.5,380.5,3737,
2017-12-14 13:27:00+05:30,380.5,380.6,380.2,380.55,1476,
2017-12-14 13:28:00+05:30,380.55,380.6,380.4,380.6,942,
2017-12-14 13:29:00+05:30,380.6,381.35,380.55,380.55,891,
2017-12-14 13:30:00+05:30,380.55,380.8,380.55,380.8,29,
2017-12-14 13:31:00+05:30,380.8,381.3,380.7,381.3,623,
2017-12-14 13:32:00+05:30,381.3,381.3,381.05,381.3,1036,
2017-12-14 13:33:00+05:30,381.25,381.3,380.5,380.85,3967,
2017-12-14 13:34:00+05:30,380.85,380.85,380.25,380.4,625,
2017-12-14 13:35:00+05:30,380.45,380.7,380.45,380.7,106,
2017-12-14 13:36:00+05:30,380.7,380.8,380.5,380.75,551,
2017-12-14 13:37:00+05:30,380.75,380.85,380.5,380.8,349,
2017-12-14 13:38:00+05:30,380.8,380.85,380.8,380.85,242,
2017-12-14 13:39:00+05:30,380.55,380.85,380.55,380.75,461,
2017-12-14 13:40:00+05:30,380.75,380.8,380.6,380.75,332,
2017-12-14 13:41:00+05:30,380.75,380.9,380.55,380.6,1326,
2017-12-14 13:42:00+05:30,380.6,380.6,380.25,380.45,613,
2017-12-14 13:43:00+05:30,380.45,380.5,380,380.25,4407,
2017-12-14 13:44:00+05:30,380.5,380.5,380,380,5866,
2017-12-14 13:45:00+05:30,380,380.15,380,380.1,1678,
2017-12-14 13:46:00+05:30,380.05,380.15,380.05,380.15,660,
2017-12-14 13:47:00+05:30,380.15,380.25,380.05,380.2,755,
2017-12-14 13:48:00+05:30,380.2,380.3,380.05,380.3,876,
2017-12-14 13:49:00+05:30,380.3,380.5,380.3,380.4,335,
2017-12-14 13:50:00+05:30,380.4,381.85,380.3,381.85,9738,
2017-12-14 13:51:00+05:30,381.85,381.85,381.7,381.75,861,
2017-12-14 13:52:00+05:30,381.75,381.8,381.45,381.6,743,
2017-12-14 13:53:00+05:30,381.6,382.8,381.5,382.8,11893,
2017-12-14 13:54:00+05:30,382.8,384,382.4,382.4,19102,
2017-12-14 13:55:00+05:30,382.4,382.5,381.25,382.25,2958,
2017-12-14 13:56:00+05:30,381.6,382.2,381,381.3,2790,
2017-12-14 13:57:00+05:30,381.3,381.7,381.25,381.55,1704,
2017-12-14 13:58:00+05:30,381.55,384.7,381.5,383,13680,
2017-12-14 13:59:00+05:30,382.8,383.65,382.3,383,4047,
2017-12-14 14:00:00+05:30,383,383.1,382.85,382.85,5087,
2017-12-14 14:01:00+05:30,382.85,383.75,382.85,383.45,824,
2017-12-14 14:02:00+05:30,383.45,383.45,382.85,382.85,333,
2017-12-14 14:03:00+05:30,382.85,382.95,382.65,382.8,663,
2017-12-14 14:04:00+05:30,382.8,383,382.65,383,1790,
2017-12-14 14:05:00+05:30,383,383,382.6,382.8,1383,
2017-12-14 14:06:00+05:30,382.8,382.95,382.55,382.55,1410,
2017-12-14 14:07:00+05:30,382.85,382.85,382.55,382.75,249,
2017-12-14 14:08:00+05:30,382.75,382.75,382.55,382.7,976,
2017-12-14 14:09:00+05:30,382.7,382.9,382.55,382.8,454,
2017-12-14 14:10:00+05:30,382.8,383.3,382.8,383.3,3030,
2017-12-14 14:11:00+05:30,383.3,383.4,383.25,383.4,720,
2017-12-14 14:12:00+05:30,383.5,383.7,383.4,383.4,1565,
2017-12-14 14:13:00+05:30,383.4,383.5,383.4,383.45,1236,
2017-12-14 14:14:00+05:30,383.45,383.6,383.4,383.6,665,
2017-12-14 14:15:00+05:30,383.6,383.6,383.15,383.3,1858,
2017-12-14 14:16:00+05:30,383.3,383.5,383.25,383.25,965,
2017-12-14 14:17:00+05:30,383.25,383.5,382.65,382.65,943,
2017-12-14 14:18:00+05:30,382.65,383.1,382.5,382.5,1770,
2017-12-14 14:19:00+05:30,382.5,382.5,381.95,381.95,3539,
2017-12-14 14:20:00+05:30,381.95,381.95,381.3,381.4,1452,
2017-12-14 14:21:00+05:30,381.4,381.5,381.4,381.45,1366,
2017-12-14 14:22:00+05:30,381.4,381.5,381.4,381.4,1103,
2017-12-14 14:23:00+05:30,381.4,381.5,381.3,381.5,668,
2017-12-14 14:24:00+05:30,381.45,382.45,381.35,382.45,3054,
2017-12-14 14:25:00+05:30,382.45,383,382.35,382.8,2129,
2017-12-14 14:26:00+05:30,382.9,383.35,382.7,383.35,828,
2017-12-14 14:27:00+05:30,383.35,383.35,382.8,382.85,865,
2017-12-14 14:28:00+05:30,382.85,382.95,382.8,382.8,2722,
2017-12-14 14:29:00+05:30,382.8,382.9,382.45,382.45,1084,
2017-12-14 14:30:00+05:30,382.45,382.9,382.45,382.85,421,
2017-12-14 14:31:00+05:30,382.85,382.85,382.05,382.55,600,
2017-12-14 14:32:00+05:30,382.55,382.8,382.4,382.45,280,
2017-12-14 14:33:00+05:30,382.4,382.45,382.15,382.15,398,
2017-12-14 14:34:00+05:30,382.15,382.3,382.15,382.2,643,
2017-12-14 14:35:00+05:30,382.15,382.2,381.85,381.9,4309,
2017-12-14 14:36:00+05:30,381.9,381.9,381.65,381.8,780,
2017-12-14 14:37:00+05:30,381.8,381.8,381.7,381.8,780,
2017-12-14 14:38:00+05:30,381.8,382,381.65,381.65,1264,
2017-12-14 14:39:00+05:30,381.65,382,381.65,381.8,1303,
2017-12-14 14:40:00+05:30,381.8,382,381.7,381.7,1917,
2017-12-14 14:41:00+05:30,381.7,382,381.7,381.95,631,
2017-12-14 14:42:00+05:30,381.95,382,381.7,381.75,322,
2017-12-14 14:43:00+05:30,381.75,381.8,381.5,381.7,1295,
2017-12-14 14:44:00+05:30,381.75,381.75,381.5,381.7,2122,
2017-12-14 14:45:00+05:30,381.7,381.85,381.5,381.85,514,
2017-12-14 14:46:00+05:30,381.85,381.9,381.55,381.6,335,
2017-12-14 14:47:00+05:30,382.05,383.6,382.05,383.6,8718,
2017-12-14 14:48:00+05:30,383.5,383.6,383,383.3,2622,
2017-12-14 14:49:00+05:30,383.35,383.45,383,383.2,1467,
2017-12-14 14:50:00+05:30,383,383.3,383,383,4161,
2017-12-14 14:51:00+05:30,383.2,383.35,383.1,383.25,1570,
2017-12-14 14:52:00+05:30,383.25,383.25,383,383,2227,
2017-12-14 14:53:00+05:30,383,383.1,383,383,1899,
2017-12-14 14:54:00+05:30,383,383.1,383,383,1828,
2017-12-14 14:55:00+05:30,383,383.2,383,383,2643,
2017-12-14 14:56:00+05:30,383.15,383.15,383,383.1,7057,
2017-12-14 14:57:00+05:30,383.15,383.15,383,383.05,675,
2017-12-14 14:58:00+05:30,383.05,383.05,383,383,7868,
2017-12-14 14:59:00+05:30,383,383.05,383,383.05,951,
2017-12-14 15:00:00+05:30,383,383.1,383,383,4884,
2017-12-14 15:01:00+05:30,383,383.1,383,383.05,6193,
2017-12-14 15:02:00+05:30,383.05,383.1,383,383.05,3937,
2017-12-14 15:03:00+05:30,383.05,383.1,383,383.05,730,
2017-12-14 15:04:00+05:30,383.1,383.15,383,383.05,2733,
2017-12-14 15:05:00+05:30,383,383.1,383,383.05,7186,
2017-12-14 15:06:00+05:30,383.05,383.1,382.75,383.05,3751,
2017-12-14 15:07:00+05:30,383.05,383.15,383,383.15,2463,
2017-12-14 15:08:00+05:30,383.15,383.15,383,383,1077,
2017-12-14 15:09:00+05:30,383,383.3,383,383.3,7123,
2017-12-14 15:10:00+05:30,383.3,383.7,383.25,383.25,3674,
2017-12-14 15:11:00+05:30,383.25,383.5,383,383,2064,
2017-12-14 15:12:00+05:30,383,383.5,383,383.4,4666,
2017-12-14 15:13:00+05:30,383.4,383.45,383,383.3,2482,
2017-12-14 15:14:00+05:30,383.25,385.6,383.2,385.45,44705,
2017-12-14 15:15:00+05:30,385,385.5,385,385.35,11822,
2017-12-14 15:16:00+05:30,385.2,385.8,385,385.65,10425,
2017-12-14 15:17:00+05:30,385.55,386,385.5,385.5,8117,
2017-12-14 15:18:00+05:30,385.5,385.75,385,385.35,4289,
2017-12-14 15:19:00+05:30,385,385.2,385,385,5350,
2017-12-14 15:20:00+05:30,385,385.1,385,385,4755,
2017-12-14 15:21:00+05:30,385,385.1,385,385.1,4181,
2017-12-14 15:22:00+05:30,385,385.2,385,385.1,6250,
2017-12-14 15:23:00+05:30,385.1,385.2,385.05,385.05,4672,
2017-12-14 15:24:00+05:30,385.05,385.2,385.05,385.1,3904,
2017-12-14 15:25:00+05:30,385.1,385.1,383.9,383.9,12966,
2017-12-14 15:26:00+05:30,384,384,383.2,383.2,5896,
2017-12-14 15:27:00+05:30,383.95,384,383.05,383.75,5811,
2017-12-14 15:28:00+05:30,383.75,383.8,383,383.45,7873,
2017-12-14 15:29:00+05:30,383.7,384.9,383.7,384.9,11793,
2017-12-15 09:15:00+05:30,388.9,390.05,388.9,389.5,21903,
2017-12-15 09:16:00+05:30,390.25,390.25,388.9,388.9,10251,
2017-12-15 09:17:00+05:30,388.9,388.9,386.3,386.45,15149,
2017-12-15 09:18:00+05:30,386.35,387.55,385.5,387,5785,
2017-12-15 09:19:00+05:30,387,387.9,386.45,386.45,10561,
2017-12-15 09:20:00+05:30,386.45,387,386.05,387,3834,
2017-12-15 09:21:00+05:30,387,387.3,386.5,386.5,7250,
2017-12-15 09:22:00+05:30,386.5,387.25,386,387,10940,
2017-12-15 09:23:00+05:30,386.5,386.5,386,386.05,3642,
2017-12-15 09:24:00+05:30,386.3,386.3,385.55,385.6,2557,
2017-12-15 09:25:00+05:30,385.6,386,385,385.05,7769,
2017-12-15 09:26:00+05:30,385.05,385.85,385.05,385.6,4087,
2017-12-15 09:27:00+05:30,385.4,385.6,385.15,385.55,2395,
2017-12-15 09:28:00+05:30,385.55,386.45,385.1,385.15,5817,
2017-12-15 09:29:00+05:30,385.25,385.45,385.15,385.2,1042,
2017-12-15 09:30:00+05:30,385.2,386.8,385.2,385.5,3090,
2017-12-15 09:31:00+05:30,385.5,386.65,385.5,386.35,5800,
2017-12-15 09:32:00+05:30,386.35,386.6,385,385.05,8973,
2017-12-15 09:33:00+05:30,385,385.75,385,385.75,1962,
2017-12-15 09:34:00+05:30,385.8,385.9,385.6,385.6,2537,
2017-12-15 09:35:00+05:30,385.6,385.9,385.3,385.9,1933,
2017-12-15 09:36:00+05:30,385.75,385.75,385.3,385.35,1855,
2017-12-15 09:37:00+05:30,385.55,385.75,385.2,385.4,2260,
2017-12-15 09:38:00+05:30,385.4,385.95,385.1,385.1,3088,
2017-12-15 09:39:00+05:30,385.15,385.15,385.05,385.05,3878,
2017-12-15 09:40:00+05:30,385.05,385.8,385.05,385.4,1252,
2017-12-15 09:41:00+05:30,385.4,385.4,385,385,2528,
2017-12-15 09:42:00+05:30,385,385.4,385,385.4,1915,
2017-12-15 09:43:00+05:30,385.4,385.75,385.4,385.75,2128,
2017-12-15 09:44:00+05:30,385.5,385.8,385.5,385.75,2364,
2017-12-15 09:45:00+05:30,385.7,385.9,385.7,385.85,1144,
2017-12-15 09:46:00+05:30,385.85,386,385.75,385.9,4744,
2017-12-15 09:47:00+05:30,385.85,386,385.7,386,3601,
2017-12-15 09:48:00+05:30,386,386.1,385.85,385.95,3525,
2017-12-15 09:49:00+05:30,385.95,385.95,385.15,385.75,5711,
2017-12-15 09:50:00+05:30,385.75,386.05,385.55,386,13552,
2017-12-15 09:51:00+05:30,386.25,386.4,385.4,385.4,9611,
2017-12-15 09:52:00+05:30,385.35,386.1,385.35,386.05,2873,
2017-12-15 09:53:00+05:30,386,386.05,385.75,386.05,1271,
2017-12-15 09:54:00+05:30,386.05,386.5,386.05,386.05,1336,
2017-12-15 09:55:00+05:30,386,386.1,385.1,385.85,503164,
2017-12-15 09:56:00+05:30,385.85,386,385.1,385.5,5401,
2017-12-15 09:57:00+05:30,385.3,386,385.3,386,3164,
2017-12-15 09:58:00+05:30,386,386,385.6,385.6,887,
2017-12-15 09:59:00+05:30,385.6,385.7,385.35,385.35,860,
2017-12-15 10:00:00+05:30,385.35,385.65,385.05,385.05,2979,
2017-12-15 10:01:00+05:30,385.05,385.45,385.05,385.45,941,
2017-12-15 10:02:00+05:30,385.45,385.95,385.45,385.7,774,
2017-12-15 10:03:00+05:30,385.95,386,385.7,386,592,
2017-12-15 10:04:00+05:30,386,386,385.6,385.85,3044,
2017-12-15 10:05:00+05:30,385.85,386.5,385.6,385.6,7686,
2017-12-15 10:06:00+05:30,385.6,386,385.6,385.9,4358,
2017-12-15 10:07:00+05:30,385.65,386,385.6,385.6,2354,
2017-12-15 10:08:00+05:30,385.6,385.95,385.55,385.55,164924,
2017-12-15 10:09:00+05:30,385.55,385.95,385.55,385.85,627,
2017-12-15 10:10:00+05:30,385.85,386,385.75,385.75,1104,
2017-12-15 10:11:00+05:30,385.75,385.8,385.6,385.6,1856,
2017-12-15 10:12:00+05:30,385.6,385.8,385.5,385.5,3450,
2017-12-15 10:13:00+05:30,385.55,385.75,385.5,385.65,1175,
2017-12-15 10:14:00+05:30,385.65,385.65,385.5,385.5,787,
2017-12-15 10:15:00+05:30,385.5,385.5,385.05,385.1,4155,
2017-12-15 10:16:00+05:30,385.05,385.1,385.05,385.1,2012,
2017-12-15 10:17:00+05:30,385.1,385.3,385.1,385.25,705,
2017-12-15 10:18:00+05:30,385.25,385.25,385,385.2,3182,
2017-12-15 10:19:00+05:30,385.05,385.45,385,385.05,4815,
2017-12-15 10:20:00+05:30,384.1,384.25,383.65,383.7,9646,
2017-12-15 10:21:00+05:30,383.7,383.9,382.6,382.85,7040,
2017-12-15 10:22:00+05:30,382.85,383,382.7,382.9,3916,
2017-12-15 10:23:00+05:30,382.9,383.35,382.9,383,2855,
2017-12-15 10:24:00+05:30,383,384.8,383,384.3,4528,
2017-12-15 10:25:00+05:30,384.3,384.3,382.6,382.6,4540,
2017-12-15 10:26:00+05:30,382.55,383.7,382.55,383.1,3401,
2017-12-15 10:27:00+05:30,383.2,383.3,383.05,383.05,2856,
2017-12-15 10:28:00+05:30,383.05,383.45,383.05,383.45,1230,
2017-12-15 10:29:00+05:30,383.45,383.8,383.3,383.5,1916,
2017-12-15 10:30:00+05:30,383.5,383.95,383.5,383.65,591,
2017-12-15 10:31:00+05:30,383.65,383.65,383.05,383.1,690,
2017-12-15 10:32:00+05:30,383.1,383.1,382.45,382.7,2322,
2017-12-15 10:33:00+05:30,382.7,382.75,382.1,382.35,6388,
2017-12-15 10:34:00+05:30,382.35,383.05,382.35,382.95,1155,
2017-12-15 10:35:00+05:30,382.95,382.95,382.95,382.95,1096,
2017-12-15 10:36:00+05:30,382.95,383,382.7,382.95,2184,
2017-12-15 10:37:00+05:30,382.95,383.15,382.9,382.9,2830,
2017-12-15 10:38:00+05:30,382.9,382.9,382.75,382.75,268,
2017-12-15 10:39:00+05:30,382.65,382.9,382.4,382.4,1672,
2017-12-15 10:40:00+05:30,382.4,382.9,382.4,382.8,2200,
2017-12-15 10:41:00+05:30,382.4,382.55,382.4,382.55,603,
2017-12-15 10:42:00+05:30,382.4,382.85,382.4,382.55,1387,
2017-12-15 10:43:00+05:30,382.7,382.7,382.2,382.35,1749,
2017-12-15 10:44:00+05:30,382.35,382.65,382.25,382.5,1567,
2017-12-15 10:45:00+05:30,382.5,383,382.5,382.95,1776,
2017-12-15 10:46:00+05:30,382.95,382.95,382.6,382.65,1167,
2017-12-15 10:47:00+05:30,382.65,382.95,382.55,382.95,241,
2017-12-15 10:48:00+05:30,382.95,382.95,382.1,382.1,2566,
2017-12-15 10:49:00+05:30,382.1,382.1,381.45,381.5,11386,
2017-12-15 10:50:00+05:30,381.5,381.5,381.2,381.2,3378,
2017-12-15 10:51:00+05:30,381.2,382,381.05,382,3637,
2017-12-15 10:52:00+05:30,382,382.35,381.9,382.25,2580,
2017-12-15 10:53:00+05:30,382.25,382.25,381.65,381.85,1368,
2017-12-15 10:54:00+05:30,381.85,382.25,381.8,382.05,824,
2017-12-15 10:55:00+05:30,382.05,382.3,381.95,381.95,3808,
2017-12-15 10:56:00+05:30,381.95,382,381.9,381.95,1202,
2017-12-15 10:57:00+05:30,381.95,382.8,381.5,382.8,2944,
2017-12-15 10:58:00+05:30,382.8,383,382.5,382.7,2587,
2017-12-15 10:59:00+05:30,382.7,382.7,382.1,382.35,3533,
2017-12-15 11:00:00+05:30,382.4,382.75,382.2,382.2,1802,
2017-12-15 11:01:00+05:30,382.2,382.3,381.9,382.2,1907,
2017-12-15 11:02:00+05:30,382.2,382.55,382,382.55,1396,
2017-12-15 11:03:00+05:30,382.55,382.55,382.35,382.5,595,
2017-12-15 11:04:00+05:30,382.5,382.7,382.4,382.65,1628,
2017-12-15 11:05:00+05:30,382.65,383,382.25,382.25,1948,
2017-12-15 11:06:00+05:30,382.25,382.25,382.05,382.2,1009,
2017-12-15 11:07:00+05:30,382.2,382.2,381.9,382.05,1255,
2017-12-15 11:08:00+05:30,382.05,382.7,381.9,382.5,1096,
2017-12-15 11:09:00+05:30,382.5,382.5,382.15,382.15,580,
2017-12-15 11:10:00+05:30,382.35,382.55,382.05,382.25,1337,
2017-12-15 11:11:00+05:30,382.25,382.3,382.05,382.05,1216,
2017-12-15 11:12:00+05:30,382.05,382.8,382.05,382.8,4194,
2017-12-15 11:13:00+05:30,382.8,383.4,382.2,382.85,150041,
2017-12-15 11:14:00+05:30,382.85,383.4,382.85,383.2,523,
2017-12-15 11:15:00+05:30,383.2,383.5,382.95,383.25,646,
2017-12-15 11:16:00+05:30,383.25,383.25,382.8,382.85,506,
2017-12-15 11:17:00+05:30,382.85,383.1,382.3,383.1,2648,
2017-12-15 11:18:00+05:30,383.1,383.25,383,383,492,
2017-12-15 11:19:00+05:30,383,383.25,383,383.25,675,
2017-12-15 11:20:00+05:30,383.25,383.25,383,383.25,1500,
2017-12-15 11:21:00+05:30,383.25,383.25,383,383.25,654,
2017-12-15 11:22:00+05:30,383.25,383.25,383.05,383.25,354,
2017-12-15 11:23:00+05:30,383.25,383.5,383.15,383.5,320,
2017-12-15 11:24:00+05:30,383.35,383.5,383.1,383.1,296,
2017-12-15 11:25:00+05:30,383.1,383.5,383,383.05,3043,
2017-12-15 11:26:00+05:30,383.05,383.4,383,383.05,675,
2017-12-15 11:27:00+05:30,383.05,383.3,383,383.05,275,
2017-12-15 11:28:00+05:30,383.05,383.3,383,383,929,
2017-12-15 11:29:00+05:30,383,383.2,383,383,700,
2017-12-15 11:30:00+05:30,383,383.3,383,383,903,
2017-12-15 11:31:00+05:30,383,383.4,383,383.4,531,
2017-12-15 11:32:00+05:30,383.4,383.4,383.25,383.35,264,
2017-12-15 11:33:00+05:30,383.35,383.4,383,383.05,2368,
2017-12-15 11:34:00+05:30,383.05,383.4,383,383.05,959,
2017-12-15 11:35:00+05:30,383.05,383.3,383,383.3,681,
2017-12-15 11:36:00+05:30,383.3,383.4,383.1,383.4,219,
2017-12-15 11:37:00+05:30,383.4,383.4,383,383,2115,
2017-12-15 11:38:00+05:30,383,383.05,382.9,382.9,1282,
2017-12-15 11:39:00+05:30,382.9,382.9,382.75,382.9,261,
2017-12-15 11:40:00+05:30,382.9,382.9,382.85,382.85,225,
2017-12-15 11:41:00+05:30,382.85,382.85,382.35,382.4,1564,
2017-12-15 11:42:00+05:30,382.4,382.4,382,382.3,1072,
2017-12-15 11:43:00+05:30,382.3,382.45,382.3,382.45,480,
2017-12-15 11:44:00+05:30,382.45,382.6,382.4,382.5,442,
2017-12-15 11:45:00+05:30,382.5,382.55,382.35,382.55,449,
2017-12-15 11:46:00+05:30,382.55,382.55,382.2,382.55,486,
2017-12-15 11:47:00+05:30,382.55,382.7,382.5,382.5,496,
2017-12-15 11:48:00+05:30,382.5,382.5,382.05,382.05,786,
2017-12-15 11:49:00+05:30,382.05,382.55,382,382.25,2726,
2017-12-15 11:50:00+05:30,382.25,383,382.25,382.9,565,
2017-12-15 11:51:00+05:30,382.9,382.9,382.65,382.65,632,
2017-12-15 11:52:00+05:30,382.65,382.9,382.65,382.7,632,
2017-12-15 11:53:00+05:30,382.85,383,382.8,382.8,3483,
2017-12-15 11:54:00+05:30,382.8,382.8,382.4,382.5,535,
2017-12-15 11:55:00+05:30,382.5,382.65,382.5,382.65,485,
2017-12-15 11:56:00+05:30,382.65,382.7,382.45,382.5,898,
2017-12-15 11:57:00+05:30,382.5,382.5,382.15,382.15,490,
2017-12-15 11:58:00+05:30,382.15,382.55,382,382.55,1435,
2017-12-15 11:59:00+05:30,382.55,382.55,382.1,382.25,878,
2017-12-15 12:00:00+05:30,382.25,382.45,382.25,382.45,287,
2017-12-15 12:01:00+05:30,382.45,382.5,382.4,382.5,586,
2017-12-15 12:02:00+05:30,382.5,382.5,382.45,382.5,588,
2017-12-15 12:03:00+05:30,382.5,382.5,382.25,382.5,342,
2017-12-15 12:04:00+05:30,382.5,382.65,382.3,382.4,801,
2017-12-15 12:05:00+05:30,382.4,382.75,382.25,382.6,600,
2017-12-15 12:06:00+05:30,382.6,382.9,382.6,382.85,365,
2017-12-15 12:07:00+05:30,382.85,382.9,382.8,382.85,742,
2017-12-15 12:08:00+05:30,382.85,383,382.85,382.9,679,
2017-12-15 12:09:00+05:30,382.9,383.1,382.9,383.1,506,
2017-12-15 12:10:00+05:30,383.1,383.1,382.55,382.55,770,
2017-12-15 12:11:00+05:30,382.55,382.75,382.5,382.7,646,
2017-12-15 12:12:00+05:30,382.7,382.7,382.3,382.55,531,
2017-12-15 12:13:00+05:30,382.55,382.6,382.4,382.55,592,
2017-12-15 12:14:00+05:30,382.5,382.65,382.5,382.65,638,
2017-12-15 12:15:00+05:30,382.75,382.85,382.4,382.4,563,
2017-12-15 12:16:00+05:30,382.4,382.85,382.4,382.5,428,
2017-12-15 12:17:00+05:30,382.5,382.65,382.45,382.45,533,
2017-12-15 12:18:00+05:30,382.45,382.5,382.45,382.5,285,
2017-12-15 12:19:00+05:30,382.5,382.5,382.45,382.5,580,
2017-12-15 12:20:00+05:30,382.5,382.5,382.4,382.45,488,
2017-12-15 12:21:00+05:30,382.45,382.85,382.45,382.55,635,
2017-12-15 12:22:00+05:30,382.55,382.85,382.55,382.85,512,
2017-12-15 12:23:00+05:30,382.85,382.9,382.6,382.9,489,
2017-12-15 12:24:00+05:30,382.9,383,382.7,383,465,
2017-12-15 12:25:00+05:30,383,383,382.8,382.95,266,
2017-12-15 12:26:00+05:30,382.95,383.15,382.95,383.15,488,
2017-12-15 12:27:00+05:30,383.15,383.15,382.45,382.65,1806,
2017-12-15 12:28:00+05:30,382.65,383.05,382.6,383,1306,
2017-12-15 12:29:00+05:30,383,383.1,382.95,383,298,
2017-12-15 12:30:00+05:30,383,383,382.65,382.7,400,
2017-12-15 12:31:00+05:30,382.65,382.65,382.35,382.65,1192,
2017-12-15 12:32:00+05:30,382.65,383.1,382.65,383.1,274,
2017-12-15 12:33:00+05:30,383.1,383.15,382.5,382.5,1025,
2017-12-15 12:34:00+05:30,382.5,382.55,382.5,382.5,345,
2017-12-15 12:35:00+05:30,382.5,382.55,382.4,382.55,496,
2017-12-15 12:36:00+05:30,382.5,382.65,382.35,382.6,2533,
2017-12-15 12:37:00+05:30,382.6,382.95,382.55,382.85,1072,
2017-12-15 12:38:00+05:30,382.85,383,382.8,383,519,
2017-12-15 12:39:00+05:30,383,383,382.8,382.85,688,
2017-12-15 12:40:00+05:30,382.85,382.95,382.8,382.95,245,
2017-12-15 12:41:00+05:30,382.95,382.95,382.65,382.85,855,
2017-12-15 12:42:00+05:30,382.85,383,382.85,383,502,
2017-12-15 12:43:00+05:30,383,383,382.6,382.6,571,
2017-12-15 12:44:00+05:30,382.6,382.85,382.55,382.85,1748,
2017-12-15 12:45:00+05:30,382.85,382.95,382.8,382.85,420,
2017-12-15 12:46:00+05:30,382.85,382.85,382.6,382.75,1243,
2017-12-15 12:47:00+05:30,382.75,382.85,382.55,382.85,534,
2017-12-15 12:48:00+05:30,382.75,382.85,382.55,382.8,439,
2017-12-15 12:49:00+05:30,382.8,382.8,382.7,382.75,320,
2017-12-15 12:50:00+05:30,382.75,382.95,382.6,382.7,657,
2017-12-15 12:51:00+05:30,382.7,383,382.55,382.85,1131,
2017-12-15 12:52:00+05:30,382.85,382.85,382.55,382.85,667,
2017-12-15 12:53:00+05:30,382.85,382.85,382.55,382.55,700,
2017-12-15 12:54:00+05:30,382.55,382.85,382.55,382.75,830,
2017-12-15 12:55:00+05:30,382.75,382.75,382.55,382.7,741,
2017-12-15 12:56:00+05:30,382.7,382.8,382.55,382.55,785,
2017-12-15 12:57:00+05:30,382.55,382.85,382.55,382.8,728,
2017-12-15 12:58:00+05:30,382.8,382.8,382.55,382.55,671,
2017-12-15 12:59:00+05:30,382.55,382.85,382.55,382.85,368,
2017-12-15 13:00:00+05:30,382.85,382.85,382.6,382.7,500,
2017-12-15 13:01:00+05:30,382.7,382.85,382.55,382.65,2322,
2017-12-15 13:02:00+05:30,382.65,382.85,382.55,382.8,598,
2017-12-15 13:03:00+05:30,382.8,382.85,382.65,382.65,770,
2017-12-15 13:04:00+05:30,382.65,382.85,382.65,382.65,639,
2017-12-15 13:05:00+05:30,382.65,382.75,382.5,382.6,1497,
2017-12-15 13:06:00+05:30,382.6,382.65,382.5,382.6,529,
2017-12-15 13:07:00+05:30,382.6,382.65,382.35,382.35,491,
2017-12-15 13:08:00+05:30,382.35,382.55,382.25,382.45,584,
2017-12-15 13:09:00+05:30,382.45,382.85,382.45,382.85,467,
2017-12-15 13:10:00+05:30,382.85,382.85,382.55,382.55,1758,
2017-12-15 13:11:00+05:30,382.55,382.65,382.25,382.65,870,
2017-12-15 13:12:00+05:30,382.65,382.65,382.5,382.65,353,
2017-12-15 13:13:00+05:30,382.65,382.65,382.25,382.3,1025,
2017-12-15 13:14:00+05:30,382.3,382.8,382.3,382.75,444,
2017-12-15 13:15:00+05:30,382.75,382.85,382.75,382.8,1417,
2017-12-15 13:16:00+05:30,382.8,382.8,382.65,382.8,338,
2017-12-15 13:17:00+05:30,382.8,382.8,382.7,382.75,566,
2017-12-15 13:18:00+05:30,382.75,382.8,382.45,382.45,3717,
2017-12-15 13:19:00+05:30,382.4,382.7,382.2,382.5,454,
2017-12-15 13:20:00+05:30,382.5,382.85,382.3,382.3,2451,
2017-12-15 13:21:00+05:30,382.3,382.35,382,382.35,833,
2017-12-15 13:22:00+05:30,382.35,382.6,382.15,382.5,355,
2017-12-15 13:23:00+05:30,382.5,382.5,382.35,382.4,830,
2017-12-15 13:24:00+05:30,382.4,382.75,382.25,382.75,946,
2017-12-15 13:25:00+05:30,382.75,382.8,382.7,382.7,1088,
2017-12-15 13:26:00+05:30,382.7,382.7,382.5,382.55,250,
2017-12-15 13:27:00+05:30,382.55,382.55,382.5,382.5,265,
2017-12-15 13:28:00+05:30,382.5,382.55,382.5,382.55,240,
2017-12-15 13:29:00+05:30,382.55,382.7,382.45,382.55,432,
2017-12-15 13:30:00+05:30,382.55,382.65,381.05,381.15,8948,
2017-12-15 13:31:00+05:30,381.15,381.15,380.4,380.7,8408,
2017-12-15 13:32:00+05:30,380.7,382.4,380.45,381.75,2162,
2017-12-15 13:33:00+05:30,381.75,382.05,381.75,381.95,1597,
2017-12-15 13:34:00+05:30,381.95,381.95,380.9,380.9,1831,
2017-12-15 13:35:00+05:30,380.9,381,380.8,380.9,1635,
2017-12-15 13:36:00+05:30,380.9,381.75,380.9,381.55,1615,
2017-12-15 13:37:00+05:30,381.55,381.75,381.2,381.75,857,
2017-12-15 13:38:00+05:30,381.75,381.9,381.65,381.9,1239,
2017-12-15 13:39:00+05:30,381.9,382,381.5,381.5,750,
2017-12-15 13:40:00+05:30,381.65,381.65,381.05,381.15,1315,
2017-12-15 13:41:00+05:30,381.15,381.9,381.15,381.9,1614,
2017-12-15 13:42:00+05:30,381.9,381.9,381.5,381.55,869,
2017-12-15 13:43:00+05:30,381.55,381.7,381.35,381.35,532,
2017-12-15 13:44:00+05:30,381.35,381.5,381,381.4,1222,
2017-12-15 13:45:00+05:30,381.4,381.5,381.3,381.35,561,
2017-12-15 13:46:00+05:30,381.35,381.65,381.35,381.65,690,
2017-12-15 13:47:00+05:30,381.65,381.75,381.6,381.7,297,
2017-12-15 13:48:00+05:30,381.7,381.75,381.55,381.7,791,
2017-12-15 13:49:00+05:30,381.7,381.75,381.65,381.65,944,
2017-12-15 13:50:00+05:30,381.65,381.95,381.6,381.95,1204,
2017-12-15 13:51:00+05:30,381.95,381.95,381.85,381.9,640,
2017-12-15 13:52:00+05:30,381.9,381.95,381.65,381.7,499,
2017-12-15 13:53:00+05:30,381.95,381.95,381.7,381.95,1897,
2017-12-15 13:54:00+05:30,381.95,381.95,381.75,381.9,747,
2017-12-15 13:55:00+05:30,381.9,381.95,381.85,381.85,1417,
2017-12-15 13:56:00+05:30,381.85,381.9,381.6,381.9,2399,
2017-12-15 13:57:00+05:30,381.85,381.95,381.85,381.9,475,
2017-12-15 13:58:00+05:30,381.9,381.9,381.65,381.85,577,
2017-12-15 13:59:00+05:30,381.85,381.95,381.6,381.9,660,
2017-12-15 14:00:00+05:30,381.95,382,381.65,381.95,1244,
2017-12-15 14:01:00+05:30,381.95,382,381.7,382,930,
2017-12-15 14:02:00+05:30,382,382,381.75,382,501,
2017-12-15 14:03:00+05:30,382,382.35,381.95,382.25,1783,
2017-12-15 14:04:00+05:30,382.25,382.45,382.15,382.45,2276,
2017-12-15 14:05:00+05:30,382.4,382.45,382.3,382.3,958,
2017-12-15 14:06:00+05:30,382.3,382.4,382.25,382.3,316,
2017-12-15 14:07:00+05:30,382.3,382.3,382.1,382.1,392,
2017-12-15 14:08:00+05:30,382.1,382.5,382.1,382.4,876,
2017-12-15 14:09:00+05:30,382.4,382.4,382.2,382.35,1097,
2017-12-15 14:10:00+05:30,382.35,382.4,382.2,382.2,962,
2017-12-15 14:11:00+05:30,382.25,382.5,382.2,382.35,1506,
2017-12-15 14:12:00+05:30,382.35,382.5,382.3,382.35,542,
2017-12-15 14:13:00+05:30,382.5,382.7,382.35,382.7,294,
2017-12-15 14:14:00+05:30,382.7,382.75,382.7,382.7,462,
2017-12-15 14:15:00+05:30,382.7,382.7,382.45,382.6,700,
2017-12-15 14:16:00+05:30,382.5,382.6,382.2,382.2,870,
2017-12-15 14:17:00+05:30,382.2,382.2,381.75,381.9,3638,
2017-12-15 14:18:00+05:30,381.9,382,381.7,382,626,
2017-12-15 14:19:00+05:30,382,382.05,381.8,382,694,
2017-12-15 14:20:00+05:30,382,382.05,381.8,381.9,898,
2017-12-15 14:21:00+05:30,381.9,382,381.7,381.95,487,
2017-12-15 14:22:00+05:30,381.95,382.1,381.95,381.95,1385,
2017-12-15 14:23:00+05:30,381.95,382.1,381.95,381.95,1765,
2017-12-15 14:24:00+05:30,381.95,382.05,381.95,382,533,
2017-12-15 14:25:00+05:30,382,382.1,382,382,332,
2017-12-15 14:26:00+05:30,382,382.1,382,382,629,
2017-12-15 14:27:00+05:30,382,382.1,381.65,382,541,
2017-12-15 14:28:00+05:30,382,382.1,381.8,381.95,710,
2017-12-15 14:29:00+05:30,381.95,382.05,381.7,381.85,239,
2017-12-15 14:30:00+05:30,381.85,381.85,381.65,381.8,466,
2017-12-15 14:31:00+05:30,381.65,381.65,381.25,381.4,9017,
2017-12-15 14:32:00+05:30,381.4,381.5,381.4,381.45,999,
2017-12-15 14:33:00+05:30,381.45,381.5,381.4,381.4,1035,
2017-12-15 14:34:00+05:30,381.4,381.8,381.4,381.55,3037,
2017-12-15 14:35:00+05:30,381.55,381.9,381.55,381.9,611,
2017-12-15 14:36:00+05:30,381.9,381.95,381.85,381.85,300,
2017-12-15 14:37:00+05:30,381.55,381.9,381.45,381.75,1445,
2017-12-15 14:38:00+05:30,381.75,381.9,381.45,381.5,527,
2017-12-15 14:39:00+05:30,381.45,381.75,381.45,381.45,760,
2017-12-15 14:40:00+05:30,381.65,381.9,381.65,381.85,753,
2017-12-15 14:41:00+05:30,381.85,381.9,381.7,381.8,1110,
2017-12-15 14:42:00+05:30,381.8,381.9,381.8,381.9,511,
2017-12-15 14:43:00+05:30,381.9,381.9,381.7,381.7,399,
2017-12-15 14:44:00+05:30,381.7,381.9,381.7,381.9,452,
2017-12-15 14:45:00+05:30,381.9,381.9,381.55,381.85,639,
2017-12-15 14:46:00+05:30,381.55,381.9,381.5,381.7,2234,
2017-12-15 14:47:00+05:30,381.65,381.8,381.6,381.7,549,
2017-12-15 14:48:00+05:30,381.7,381.9,381.65,381.85,2179,
2017-12-15 14:49:00+05:30,381.85,381.9,381.8,381.85,1049,
2017-12-15 14:50:00+05:30,381.85,382,381.8,381.8,2039,
2017-12-15 14:51:00+05:30,381.8,381.95,381.8,381.85,1223,
2017-12-15 14:52:00+05:30,381.85,382,381.85,381.9,941,
2017-12-15 14:53:00+05:30,381.9,382,381.9,382,558,
2017-12-15 14:54:00+05:30,382,382,381.95,382,792,
2017-12-15 14:55:00+05:30,382,382,381.9,381.9,1531,
2017-12-15 14:56:00+05:30,381.95,382,381.85,382,515,
2017-12-15 14:57:00+05:30,382,382,381.8,381.8,556,
2017-12-15 14:58:00+05:30,381.8,382,381.75,382,518,
2017-12-15 14:59:00+05:30,381.85,381.9,381.75,381.8,700,
2017-12-15 15:00:00+05:30,381.8,382,381.7,381.9,2093,
2017-12-15 15:01:00+05:30,381.9,382.5,381.8,382.1,2757,
2017-12-15 15:02:00+05:30,382,382.1,382,382.1,735,
2017-12-15 15:03:00+05:30,382.1,382.4,382.1,382.25,1361,
2017-12-15 15:04:00+05:30,382.25,382.3,381.75,381.75,1990,
2017-12-15 15:05:00+05:30,381.75,381.85,381.4,381.75,1726,
2017-12-15 15:06:00+05:30,381.6,381.6,381,381.15,5554,
2017-12-15 15:07:00+05:30,381,381.15,380.95,381.15,4427,
2017-12-15 15:08:00+05:30,381.15,381.15,380.95,381,5049,
2017-12-15 15:09:00+05:30,381,381,380.75,380.8,1660,
2017-12-15 15:10:00+05:30,380.8,381,380.5,380.5,6894,
2017-12-15 15:11:00+05:30,380.25,380.95,380.15,380.95,6922,
2017-12-15 15:12:00+05:30,381,381.3,380.7,381,8849,
2017-12-15 15:13:00+05:30,381.2,381.25,381.05,381.25,4562,
2017-12-15 15:14:00+05:30,381.25,381.4,381.05,381.2,2856,
2017-12-15 15:15:00+05:30,381.25,381.25,380.65,381,5783,
2017-12-15 15:16:00+05:30,381,381.1,380.85,381,18951,
2017-12-15 15:17:00+05:30,381,381.35,381,381.25,7052,
2017-12-15 15:18:00+05:30,381.05,381.1,381,381.1,2618,
2017-12-15 15:19:00+05:30,381.1,381.15,381,381,1420,
2017-12-15 15:20:00+05:30,381,381.1,381,381,8828,
2017-12-15 15:21:00+05:30,381.05,381.3,380.8,381.25,12668,
2017-12-15 15:22:00+05:30,381.2,381.4,381.05,381.4,12178,
2017-12-15 15:23:00+05:30,381.15,381.5,380.4,381.35,16458,
2017-12-15 15:24:00+05:30,381.45,381.5,380.3,380.9,19353,
2017-12-15 15:25:00+05:30,380.9,381.75,380.9,381.5,23613,
2017-12-15 15:26:00+05:30,381.5,382.2,381.25,382,22544,
2017-12-15 15:27:00+05:30,382.2,382.6,381.25,382.5,22161,
2017-12-15 15:28:00+05:30,382.5,382.65,381.6,382.5,18896,
2017-12-15 15:29:00+05:30,382.5,383,381.2,381.2,9038,
2017-12-18 09:15:00+05:30,377.1,378.9,374.4,375,19812,
2017-12-18 09:16:00+05:30,375.8,375.8,373.65,373.65,13200,
2017-12-18 09:17:00+05:30,373.65,376.85,373.65,376.85,21227,
2017-12-18 09:18:00+05:30,376.85,378.05,376.65,378.05,11130,
2017-12-18 09:19:00+05:30,377.9,378.3,376.4,376.55,7755,
2017-12-18 09:20:00+05:30,376.4,377,376,376.45,7880,
2017-12-18 09:21:00+05:30,376.45,377,375.75,375.75,8207,
2017-12-18 09:22:00+05:30,375.75,375.75,372.25,374.8,14163,
2017-12-18 09:23:00+05:30,374.8,375.75,374.8,375.45,3899,
2017-12-18 09:24:00+05:30,375.35,375.35,374.1,375.15,10771,
2017-12-18 09:25:00+05:30,375.25,377.8,375.25,377.8,7896,
2017-12-18 09:26:00+05:30,377.8,378.45,377.8,378.4,6499,
2017-12-18 09:27:00+05:30,378.45,378.5,378.4,378.4,5742,
2017-12-18 09:28:00+05:30,378.4,379.1,378.1,379.1,3167,
2017-12-18 09:29:00+05:30,379.25,379.4,379,379.4,5776,
2017-12-18 09:30:00+05:30,379.05,379.65,379.05,379.65,5630,
2017-12-18 09:31:00+05:30,379.6,379.8,379.55,379.7,4308,
2017-12-18 09:32:00+05:30,379.7,379.95,379.65,379.9,3813,
2017-12-18 09:33:00+05:30,379.9,381.25,379.9,381.15,9156,
2017-12-18 09:34:00+05:30,381.15,382,381.05,382,6470,
2017-12-18 09:35:00+05:30,382,382.8,380.85,380.85,9145,
2017-12-18 09:36:00+05:30,380.9,381,380.3,381,4881,
2017-12-18 09:37:00+05:30,381,381,378.5,378.5,9124,
2017-12-18 09:38:00+05:30,378.8,380.3,378.6,380.3,2363,
2017-12-18 09:39:00+05:30,380.4,381,379.95,379.95,3621,
2017-12-18 09:40:00+05:30,379.95,380.5,379.1,380.1,4479,
2017-12-18 09:41:00+05:30,380.1,381,380.05,380.05,6418,
2017-12-18 09:42:00+05:30,380.6,381,380,381,2154,
2017-12-18 09:43:00+05:30,381,381.25,378.95,379.35,9758,
2017-12-18 09:44:00+05:30,379.35,380.65,379.35,380.45,2173,
2017-12-18 09:45:00+05:30,380.45,380.65,380,380.3,4744,
2017-12-18 09:46:00+05:30,380.3,380.6,380.3,380.6,5071,
2017-12-18 09:47:00+05:30,380.6,381,380.5,380.5,3539,
2017-12-18 09:48:00+05:30,380,380.1,379.65,379.65,2779,
2017-12-18 09:49:00+05:30,379.2,379.45,379.1,379.3,1243,
2017-12-18 09:50:00+05:30,379.3,379.3,379,379.2,3006,
2017-12-18 09:51:00+05:30,379.3,379.3,379.2,379.3,2192,
2017-12-18 09:52:00+05:30,379.3,379.7,379.2,379.65,2910,
2017-12-18 09:53:00+05:30,379.75,380.75,379.7,380.55,3464,
2017-12-18 09:54:00+05:30,380.65,381,380.6,380.6,3934,
2017-12-18 09:55:00+05:30,380.4,380.5,380.35,380.5,1159,
2017-12-18 09:56:00+05:30,380.3,380.6,380.3,380.6,4190,
2017-12-18 09:57:00+05:30,380.55,380.9,380.5,380.8,4385,
2017-12-18 09:58:00+05:30,380.8,380.9,380,380.75,2929,
2017-12-18 09:59:00+05:30,380.75,380.85,380.1,380.65,629,
2017-12-18 10:00:00+05:30,380.8,381.3,380.8,381.3,5487,
2017-12-18 10:01:00+05:30,381.25,381.6,381,381.2,2676,
2017-12-18 10:02:00+05:30,381.2,381.2,380.1,380.25,5435,
2017-12-18 10:03:00+05:30,380.35,380.4,379.95,380.4,2645,
2017-12-18 10:04:00+05:30,380.4,381,380.4,380.85,908,
2017-12-18 10:05:00+05:30,380.95,381.45,380.8,381.45,2916,
2017-12-18 10:06:00+05:30,381.5,381.95,381.1,381.5,2061,
2017-12-18 10:07:00+05:30,381.75,381.95,381.75,381.95,871,
2017-12-18 10:08:00+05:30,382,382.3,381.85,381.95,3578,
2017-12-18 10:09:00+05:30,381.9,382.75,381.85,382.55,4949,
2017-12-18 10:10:00+05:30,382.55,382.95,382.2,382.45,2137,
2017-12-18 10:11:00+05:30,382.45,382.95,382.2,382.7,2884,
2017-12-18 10:12:00+05:30,382.7,383.3,382.65,383.3,3478,
2017-12-18 10:13:00+05:30,383.3,383.3,381.35,381.65,4820,
2017-12-18 10:14:00+05:30,381.7,381.7,380.7,380.7,6222,
2017-12-18 10:15:00+05:30,380.7,381,380.7,380.95,2277,
2017-12-18 10:16:00+05:30,381,381.35,381,381.2,1128,
2017-12-18 10:17:00+05:30,381.2,381.85,381.2,381.7,1647,
2017-12-18 10:18:00+05:30,381.7,382.1,381.5,382.1,1031,
2017-12-18 10:19:00+05:30,382.1,382.15,381,381.3,1638,
2017-12-18 10:20:00+05:30,381,381.45,381,381.1,1216,
2017-12-18 10:21:00+05:30,381.35,381.45,381,381.4,1127,
2017-12-18 10:22:00+05:30,381.4,381.75,381.1,381.55,1647,
2017-12-18 10:23:00+05:30,381.55,381.85,381,381.25,1778,
2017-12-18 10:24:00+05:30,381.25,381.95,381.25,381.7,847,
2017-12-18 10:25:00+05:30,381.7,381.7,380.8,380.9,2417,
2017-12-18 10:26:00+05:30,380.7,381,380.6,380.65,2255,
2017-12-18 10:27:00+05:30,380.65,381,380.65,380.9,565,
2017-12-18 10:28:00+05:30,380.9,381,380.85,380.95,350,
2017-12-18 10:29:00+05:30,380.95,381,380.65,380.65,605,
2017-12-18 10:30:00+05:30,380.65,381,380.5,380.9,1741,
2017-12-18 10:31:00+05:30,380.9,381,380.9,381,1132,
2017-12-18 10:32:00+05:30,381,381.65,381,381.6,1477,
2017-12-18 10:33:00+05:30,381.6,382,381.45,381.55,1845,
2017-12-18 10:34:00+05:30,381.45,381.85,381.4,381.7,419,
2017-12-18 10:35:00+05:30,381.7,381.9,381.7,381.9,575,
2017-12-18 10:36:00+05:30,381.9,382,381.85,382,1276,
2017-12-18 10:37:00+05:30,382,382,381.85,381.9,418,
2017-12-18 10:38:00+05:30,381.9,381.95,381.3,381.3,1676,
2017-12-18 10:39:00+05:30,381.3,381.3,381.1,381.25,154,
2017-12-18 10:40:00+05:30,381.25,381.3,381.1,381.1,165,
2017-12-18 10:41:00+05:30,381.1,381.3,381,381,619,
2017-12-18 10:42:00+05:30,381,381.2,381,381,433,
2017-12-18 10:43:00+05:30,381,381.1,381,381.1,993,
2017-12-18 10:44:00+05:30,381,381.1,380.95,381,1012,
2017-12-18 10:45:00+05:30,381,381,380.6,380.9,584,
2017-12-18 10:46:00+05:30,380.9,380.9,380.85,380.85,34,
2017-12-18 10:47:00+05:30,380.95,381,380.9,380.9,1939,
2017-12-18 10:48:00+05:30,380.9,381,380.9,380.95,4785,
2017-12-18 10:49:00+05:30,380.95,381.3,380.95,381.2,679,
2017-12-18 10:50:00+05:30,381.15,381.2,380.9,380.95,1092,
2017-12-18 10:51:00+05:30,380.95,381.3,380.95,381.1,1913,
2017-12-18 10:52:00+05:30,380.95,381.45,380.9,381.1,2216,
2017-12-18 10:53:00+05:30,381.1,381.5,380.85,380.85,1834,
2017-12-18 10:54:00+05:30,380.85,381.1,380.85,380.9,1302,
2017-12-18 10:55:00+05:30,380.9,380.9,380.6,380.7,3669,
2017-12-18 10:56:00+05:30,380.7,380.9,380.7,380.75,1570,
2017-12-18 10:57:00+05:30,380.75,380.75,379.55,379.55,9062,
2017-12-18 10:58:00+05:30,379.7,380,379.6,380,3202,
2017-12-18 10:59:00+05:30,380,380.1,379.95,380.05,6350,
2017-12-18 11:00:00+05:30,380,380.05,380,380.05,16833,
2017-12-18 11:01:00+05:30,380.05,380.05,379.65,379.85,11049,
2017-12-18 11:02:00+05:30,379.85,380,379.8,380,3166,
2017-12-18 11:03:00+05:30,379.95,380,379.95,380,3176,
2017-12-18 11:04:00+05:30,380,380,379.95,379.95,2981,
2017-12-18 11:05:00+05:30,380,380,379.95,380,2104,
2017-12-18 11:06:00+05:30,380,380.05,379.95,379.95,30297,
2017-12-18 11:07:00+05:30,380,380.15,379.9,380.1,19205,
2017-12-18 11:08:00+05:30,379.95,380.1,379.95,380.1,11162,
2017-12-18 11:09:00+05:30,380.1,380.45,380,380.4,897,
2017-12-18 11:10:00+05:30,380.4,380.4,380,380.05,2662,
2017-12-18 11:11:00+05:30,380.05,380.3,380,380,2822,
2017-12-18 11:12:00+05:30,380.05,380.25,380,380.05,3600,
2017-12-18 11:13:00+05:30,380,380.2,380,380.2,2381,
2017-12-18 11:14:00+05:30,380.2,380.2,380,380.05,3032,
2017-12-18 11:15:00+05:30,380.05,380.05,380,380.05,1257,
2017-12-18 11:16:00+05:30,380.05,380.05,380,380.05,642,
2017-12-18 11:17:00+05:30,380.05,380.05,380,380.05,1002,
2017-12-18 11:18:00+05:30,380.05,380.05,380,380.05,216,
2017-12-18 11:19:00+05:30,380,380.25,380,380.25,2953,
2017-12-18 11:20:00+05:30,380.25,380.55,380.05,380.55,341,
2017-12-18 11:21:00+05:30,380.5,380.75,380.15,380.35,540,
2017-12-18 11:22:00+05:30,380,380.25,379.95,380.05,2925,
2017-12-18 11:23:00+05:30,380.05,380.3,379.95,380.15,2013,
2017-12-18 11:24:00+05:30,380.15,380.15,380.05,380.05,768,
2017-12-18 11:25:00+05:30,380.05,380.4,380.05,380.4,1220,
2017-12-18 11:26:00+05:30,380.1,380.5,380.05,380.25,1078,
2017-12-18 11:27:00+05:30,380.25,380.25,380.05,380.15,2594,
2017-12-18 11:28:00+05:30,380.05,380.15,380,380.05,2795,
2017-12-18 11:29:00+05:30,380,380.05,380,380.05,4575,
2017-12-18 11:30:00+05:30,380.05,380.05,380,380.05,2062,
2017-12-18 11:31:00+05:30,380.05,380.1,379.95,380.1,4237,
2017-12-18 11:32:00+05:30,380.1,380.1,380,380.05,2231,
2017-12-18 11:33:00+05:30,380.05,380.1,380,380.1,1117,
2017-12-18 11:34:00+05:30,380.1,380.1,380.05,380.1,534,
2017-12-18 11:35:00+05:30,380.1,380.1,380,380.05,3410,
2017-12-18 11:36:00+05:30,380.05,380.05,379.8,379.8,1197,
2017-12-18 11:37:00+05:30,380,380.05,380,380.05,377,
2017-12-18 11:38:00+05:30,380.05,380.1,380,380.1,1481,
2017-12-18 11:39:00+05:30,380.1,380.15,380,380.05,2347,
2017-12-18 11:40:00+05:30,380.05,380.35,380.05,380.3,1363,
2017-12-18 11:41:00+05:30,380.3,380.3,380,380.05,1118,
2017-12-18 11:42:00+05:30,380,380.65,380,380.6,864,
2017-12-18 11:43:00+05:30,380.75,380.8,380.7,380.7,540,
2017-12-18 11:44:00+05:30,380.7,380.95,380.45,380.9,857,
2017-12-18 11:45:00+05:30,380.9,380.9,380.1,380.35,531,
2017-12-18 11:46:00+05:30,380.35,380.75,380.05,380.3,647,
2017-12-18 11:47:00+05:30,380.05,380.5,380.05,380.5,568,
2017-12-18 11:48:00+05:30,380.5,380.55,380.05,380.3,780,
2017-12-18 11:49:00+05:30,380.3,380.45,380.05,380.35,1304,
2017-12-18 11:50:00+05:30,380.35,380.35,380,380,386,
2017-12-18 11:51:00+05:30,380.1,380.1,380,380.1,4443,
2017-12-18 11:52:00+05:30,380.1,380.1,380,380.1,1085,
2017-12-18 11:53:00+05:30,380.1,380.1,380,380.05,400,
2017-12-18 11:54:00+05:30,380.05,380.05,380,380,1188,
2017-12-18 11:55:00+05:30,380,380.1,379.8,380,3999,
2017-12-18 11:56:00+05:30,380,380.55,380,380.4,1168,
2017-12-18 11:57:00+05:30,380.45,380.6,379.75,380,2480,
2017-12-18 11:58:00+05:30,380,380.15,380,380.1,763,
2017-12-18 11:59:00+05:30,380.1,380.35,380.1,380.25,246,
2017-12-18 12:00:00+05:30,380.3,380.3,379.95,380.25,4664,
2017-12-18 12:01:00+05:30,380.25,380.25,380,380.25,528,
2017-12-18 12:02:00+05:30,380.25,380.3,380,380.3,443,
2017-12-18 12:03:00+05:30,380.3,380.4,379.95,380.3,1608,
2017-12-18 12:04:00+05:30,380.35,380.55,380.25,380.25,999,
2017-12-18 12:05:00+05:30,380.4,380.6,380.4,380.5,540,
2017-12-18 12:06:00+05:30,380.55,380.95,380.55,380.95,928,
2017-12-18 12:07:00+05:30,380.95,381.15,380.85,381.15,746,
2017-12-18 12:08:00+05:30,381.15,381.15,380.35,380.55,2199,
2017-12-18 12:09:00+05:30,380.55,380.9,380.35,380.55,1198,
2017-12-18 12:10:00+05:30,380.55,380.6,379.95,379.95,20368,
2017-12-18 12:11:00+05:30,379.95,380.45,379.95,380.45,9005,
2017-12-18 12:12:00+05:30,380.45,381,380,380.05,3635,
2017-12-18 12:13:00+05:30,380.05,380.3,380,380.3,4250,
2017-12-18 12:14:00+05:30,380.3,380.7,380.25,380.7,965,
2017-12-18 12:15:00+05:30,380.7,380.7,380.2,380.45,1287,
2017-12-18 12:16:00+05:30,380.45,381,380.25,380.5,3494,
2017-12-18 12:17:00+05:30,380.5,381,380.35,380.75,1882,
2017-12-18 12:18:00+05:30,380.75,381,380.35,380.9,714,
2017-12-18 12:19:00+05:30,380.9,380.9,380.3,380.6,1172,
2017-12-18 12:20:00+05:30,380.6,380.9,380.6,380.9,847,
2017-12-18 12:21:00+05:30,380.9,380.95,380.45,380.85,747,
2017-12-18 12:22:00+05:30,380.9,380.95,380.35,380.65,1065,
2017-12-18 12:23:00+05:30,380.65,380.95,380.4,380.95,1166,
2017-12-18 12:24:00+05:30,380.95,381,380.4,380.8,2448,
2017-12-18 12:25:00+05:30,380.8,380.95,380.7,380.75,778,
2017-12-18 12:26:00+05:30,380.75,380.95,380.6,380.95,960,
2017-12-18 12:27:00+05:30,380.95,380.95,380.4,380.4,1319,
2017-12-18 12:28:00+05:30,380.4,380.85,380.4,380.7,1837,
2017-12-18 12:29:00+05:30,380.7,380.9,380.65,380.9,777,
2017-12-18 12:30:00+05:30,380.9,380.9,380.5,380.85,816,
2017-12-18 12:31:00+05:30,380.85,380.9,380.55,380.85,667,
2017-12-18 12:32:00+05:30,380.85,380.9,380.6,380.6,865,
2017-12-18 12:33:00+05:30,380.6,381,380.5,380.7,2192,
2017-12-18 12:34:00+05:30,380.7,380.9,380.5,380.85,1379,
2017-12-18 12:35:00+05:30,380.85,380.9,380.4,380.6,3138,
2017-12-18 12:36:00+05:30,380.6,380.7,379.9,380,10275,
2017-12-18 12:37:00+05:30,380,380.85,380,380.35,3385,
2017-12-18 12:38:00+05:30,380.4,380.85,380.2,380.55,6339,
2017-12-18 12:39:00+05:30,380.7,380.7,380.25,380.5,4699,
2017-12-18 12:40:00+05:30,380.5,380.75,380.4,380.5,767,
2017-12-18 12:41:00+05:30,380.5,380.75,380.5,380.75,1179,
2017-12-18 12:42:00+05:30,380.75,380.75,380.4,380.7,1014,
2017-12-18 12:43:00+05:30,380.7,380.75,380.2,380.7,2555,
2017-12-18 12:44:00+05:30,380.7,380.7,380.45,380.45,1011,
2017-12-18 12:45:00+05:30,380.45,380.7,380.2,380.7,1096,
2017-12-18 12:46:00+05:30,380.7,380.9,380.7,380.8,1255,
2017-12-18 12:47:00+05:30,380.6,381,380.4,380.85,4651,
2017-12-18 12:48:00+05:30,381,381,380.4,380.8,2007,
2017-12-18 12:49:00+05:30,380.75,380.95,380.5,380.9,1663,
2017-12-18 12:50:00+05:30,380.9,380.9,380.3,380.6,1053,
2017-12-18 12:51:00+05:30,380.6,380.9,380.6,380.7,307,
2017-12-18 12:52:00+05:30,380.7,380.95,380.7,380.9,1289,
2017-12-18 12:53:00+05:30,380.9,380.9,380.6,380.6,889,
2017-12-18 12:54:00+05:30,380.6,380.9,380.6,380.9,878,
2017-12-18 12:55:00+05:30,380.9,380.9,380.55,380.55,926,
2017-12-18 12:56:00+05:30,380.55,380.9,380.55,380.85,1029,
2017-12-18 12:57:00+05:30,380.85,380.9,380.75,380.8,980,
2017-12-18 12:58:00+05:30,380.8,380.9,380.6,380.9,1490,
2017-12-18 12:59:00+05:30,380.9,380.9,380.75,380.8,712,
2017-12-18 13:00:00+05:30,380.8,380.9,380.8,380.9,1024,
2017-12-18 13:01:00+05:30,380.9,380.9,380.8,380.9,822,
2017-12-18 13:02:00+05:30,380.9,380.9,380.6,380.7,823,
2017-12-18 13:03:00+05:30,380.7,380.9,380.6,380.7,1265,
2017-12-18 13:04:00+05:30,380.7,380.8,380.6,380.75,1313,
2017-12-18 13:05:00+05:30,380.6,380.8,380.6,380.8,795,
2017-12-18 13:06:00+05:30,380.8,380.8,380.6,380.8,773,
2017-12-18 13:07:00+05:30,380.8,380.8,380.6,380.7,1226,
2017-12-18 13:08:00+05:30,380.7,380.8,380.45,380.8,1084,
2017-12-18 13:09:00+05:30,380.8,380.8,380.6,380.75,897,
2017-12-18 13:10:00+05:30,380.75,380.8,380.4,380.7,647,
2017-12-18 13:11:00+05:30,380.7,380.8,380.7,380.75,914,
2017-12-18 13:12:00+05:30,380.75,380.8,380.4,380.8,1015,
2017-12-18 13:13:00+05:30,380.8,380.8,380.2,380.4,1961,
2017-12-18 13:14:00+05:30,380.5,380.8,380.25,380.6,1222,
2017-12-18 13:15:00+05:30,380.6,380.7,380.3,380.55,839,
2017-12-18 13:16:00+05:30,380.55,380.55,380.35,380.4,1083,
2017-12-18 13:17:00+05:30,380.4,380.4,379.65,380,20824,
2017-12-18 13:18:00+05:30,380,380.55,380,380.5,2966,
2017-12-18 13:19:00+05:30,380.5,380.6,380.2,380.5,798,
2017-12-18 13:20:00+05:30,380.2,380.4,380.1,380.35,704,
2017-12-18 13:21:00+05:30,380.35,380.35,380,380,6215,
2017-12-18 13:22:00+05:30,380.05,380.35,380,380.1,2451,
2017-12-18 13:23:00+05:30,380.05,380.35,380,380.25,1147,
2017-12-18 13:24:00+05:30,380.25,380.35,380,380.05,1308,
2017-12-18 13:25:00+05:30,380.1,380.15,380,380.15,1042,
2017-12-18 13:26:00+05:30,380.2,380.2,380,380.15,1573,
2017-12-18 13:27:00+05:30,380.15,380.3,380,380.05,904,
2017-12-18 13:28:00+05:30,380,380.45,380,380.25,1442,
2017-12-18 13:29:00+05:30,380.25,380.45,380.1,380.35,919,
2017-12-18 13:30:00+05:30,380.35,380.35,380,380.2,2388,
2017-12-18 13:31:00+05:30,380.2,380.35,380.05,380.35,1109,
2017-12-18 13:32:00+05:30,380.35,380.5,380.1,380.3,1457,
2017-12-18 13:33:00+05:30,380.15,380.5,380,380.35,512,
2017-12-18 13:34:00+05:30,380.35,380.4,380.05,380.1,1678,
2017-12-18 13:35:00+05:30,380.05,380.1,380,380.1,2771,
2017-12-18 13:36:00+05:30,380.1,380.4,380.05,380.4,862,
2017-12-18 13:37:00+05:30,380.4,380.55,380.3,380.5,911,
2017-12-18 13:38:00+05:30,380.5,380.7,380.3,380.6,1176,
2017-12-18 13:39:00+05:30,380.6,380.7,380.3,380.4,898,
2017-12-18 13:40:00+05:30,380.4,380.7,380.4,380.65,1229,
2017-12-18 13:41:00+05:30,380.65,380.7,380.3,380.6,1039,
2017-12-18 13:42:00+05:30,380.6,380.6,380.4,380.6,1249,
2017-12-18 13:43:00+05:30,380.6,380.65,380.5,380.65,631,
2017-12-18 13:44:00+05:30,380.65,380.7,380.45,380.5,1124,
2017-12-18 13:45:00+05:30,380.5,380.95,380.25,380.25,12151,
2017-12-18 13:46:00+05:30,380.25,380.75,380.25,380.75,686,
2017-12-18 13:47:00+05:30,380.75,380.9,380.75,380.8,787,
2017-12-18 13:48:00+05:30,380.8,381,380.25,380.3,3184,
2017-12-18 13:49:00+05:30,380.3,380.6,380.3,380.6,765,
2017-12-18 13:50:00+05:30,380.55,380.6,380.3,380.6,1059,
2017-12-18 13:51:00+05:30,380.6,380.6,380.3,380.6,840,
2017-12-18 13:52:00+05:30,380.6,380.7,380.35,380.7,1005,
2017-12-18 13:53:00+05:30,380.7,380.7,380.4,380.45,1063,
2017-12-18 13:54:00+05:30,380.45,380.45,380.25,380.35,952,
2017-12-18 13:55:00+05:30,380.35,380.35,380.25,380.35,1553,
2017-12-18 13:56:00+05:30,380.35,380.45,380.25,380.35,816,
2017-12-18 13:57:00+05:30,380.35,380.5,380.25,380.35,845,
2017-12-18 13:58:00+05:30,380.35,380.55,380.25,380.55,6703,
2017-12-18 13:59:00+05:30,380.5,380.65,380.4,380.45,884,
2017-12-18 14:00:00+05:30,380.45,380.7,380.3,380.4,993,
2017-12-18 14:01:00+05:30,380.4,380.7,380.4,380.7,848,
2017-12-18 14:02:00+05:30,380.7,380.7,380.5,380.7,1114,
2017-12-18 14:03:00+05:30,380.7,380.75,380.35,380.75,746,
2017-12-18 14:04:00+05:30,380.75,380.75,380.3,380.4,864,
2017-12-18 14:05:00+05:30,380.5,380.5,380.25,380.45,1802,
2017-12-18 14:06:00+05:30,380.45,380.55,380.25,380.25,3784,
2017-12-18 14:07:00+05:30,380.25,380.35,380.25,380.3,2603,
2017-12-18 14:08:00+05:30,380.3,380.35,380.25,380.35,1091,
2017-12-18 14:09:00+05:30,380.35,380.4,380,380.05,12600,
2017-12-18 14:10:00+05:30,380.05,380.15,380,380.15,989,
2017-12-18 14:11:00+05:30,380.15,380.3,380,380,1718,
2017-12-18 14:12:00+05:30,380,380.6,380,380.6,1310,
2017-12-18 14:13:00+05:30,380.6,380.65,380.25,380.35,1116,
2017-12-18 14:14:00+05:30,380.35,380.35,380,380.1,1046,
2017-12-18 14:15:00+05:30,380.1,380.5,380,380.5,1715,
2017-12-18 14:16:00+05:30,380.5,380.5,380,380,3001,
2017-12-18 14:17:00+05:30,380,380.2,380,380.15,2292,
2017-12-18 14:18:00+05:30,380.15,380.5,379.95,380.1,1193,
2017-12-18 14:19:00+05:30,380.1,380.15,380,380.1,1508,
2017-12-18 14:20:00+05:30,380.1,380.45,380.1,380.4,527,
2017-12-18 14:21:00+05:30,380.05,380.1,380,380.1,1567,
2017-12-18 14:22:00+05:30,380.1,380.2,380,380.15,1089,
2017-12-18 14:23:00+05:30,380.15,380.4,380.1,380.25,1288,
2017-12-18 14:24:00+05:30,380.25,380.5,380.1,380.15,1165,
2017-12-18 14:25:00+05:30,380.15,380.45,380.1,380.3,1250,
2017-12-18 14:26:00+05:30,380.35,380.35,380.05,380.05,2014,
2017-12-18 14:27:00+05:30,380.2,380.2,380,380.1,1112,
2017-12-18 14:28:00+05:30,380.1,380.3,380.05,380.15,990,
2017-12-18 14:29:00+05:30,380.15,380.35,380.05,380.3,1092,
2017-12-18 14:30:00+05:30,380.3,380.35,380.05,380.35,1158,
2017-12-18 14:31:00+05:30,380.35,380.35,380.05,380.3,439,
2017-12-18 14:32:00+05:30,380.3,380.4,380.2,380.4,952,
2017-12-18 14:33:00+05:30,380.4,380.4,380.2,380.35,836,
2017-12-18 14:34:00+05:30,380.35,380.4,379.7,379.8,8758,
2017-12-18 14:35:00+05:30,379.8,380,379.6,379.7,1756,
2017-12-18 14:36:00+05:30,379.7,380.3,379,380,6610,
2017-12-18 14:37:00+05:30,380,380,379.2,379.3,2042,
2017-12-18 14:38:00+05:30,379.2,379.7,379.2,379.3,3519,
2017-12-18 14:39:00+05:30,379.3,380,379,380,6360,
2017-12-18 14:40:00+05:30,380,380,379.2,379.6,4840,
2017-12-18 14:41:00+05:30,379.6,380.05,379.6,380,2955,
2017-12-18 14:42:00+05:30,380,380,379.45,379.75,1910,
2017-12-18 14:43:00+05:30,379.75,379.75,379.45,379.45,1824,
2017-12-18 14:44:00+05:30,379.45,380,379.45,380,1494,
2017-12-18 14:45:00+05:30,380,380,379.3,379.5,2223,
2017-12-18 14:46:00+05:30,379.5,379.7,379.2,379.45,3517,
2017-12-18 14:47:00+05:30,379.45,380,379.45,379.9,2743,
2017-12-18 14:48:00+05:30,379.9,380,379.5,379.55,123808,
2017-12-18 14:49:00+05:30,379.5,380.05,379.5,380.05,7893,
2017-12-18 14:50:00+05:30,380.05,380.3,379.5,380.2,4226,
2017-12-18 14:51:00+05:30,380.2,380.2,379.5,379.5,2118,
2017-12-18 14:52:00+05:30,379.5,380,379.25,379.85,1448,
2017-12-18 14:53:00+05:30,379.85,379.85,379.5,379.6,5279,
2017-12-18 14:54:00+05:30,379.6,379.95,379.5,379.9,933,
2017-12-18 14:55:00+05:30,379.9,380,379.5,379.6,4044,
2017-12-18 14:56:00+05:30,379.6,379.65,379.5,379.6,3615,
2017-12-18 14:57:00+05:30,379.6,379.75,379.5,379.65,1527,
2017-12-18 14:58:00+05:30,379.6,379.7,379.5,379.5,4915,
2017-12-18 14:59:00+05:30,379.7,379.75,379.5,379.5,5850,
2017-12-18 15:00:00+05:30,379.5,379.6,379.4,379.4,13888,
2017-12-18 15:01:00+05:30,379.4,379.75,379.3,379.75,1914,
2017-12-18 15:02:00+05:30,379.75,379.75,379.15,379.2,16332,
2017-12-18 15:03:00+05:30,379.35,379.55,379,379.55,1593,
2017-12-18 15:04:00+05:30,379.55,379.55,379.05,379.4,3478,
2017-12-18 15:05:00+05:30,379.3,379.4,379,379.25,9755,
2017-12-18 15:06:00+05:30,379.3,379.45,379,379.45,6170,
2017-12-18 15:07:00+05:30,379.45,379.55,379.4,379.45,1774,
2017-12-18 15:08:00+05:30,379.45,379.55,379.45,379.5,6369,
2017-12-18 15:09:00+05:30,379.5,379.55,379.35,379.5,5757,
2017-12-18 15:10:00+05:30,379.5,379.65,379.1,379.1,9310,
2017-12-18 15:11:00+05:30,379.15,379.5,379,379,20631,
2017-12-18 15:12:00+05:30,379.1,379.45,378.75,379.3,6133,
2017-12-18 15:13:00+05:30,378.9,378.95,378,378,13242,
2017-12-18 15:14:00+05:30,377.95,378.15,377.85,378.05,4285,
2017-12-18 15:15:00+05:30,378.05,378.5,377.2,377.2,6997,
2017-12-18 15:16:00+05:30,377.3,377.5,377.15,377.25,5746,
2017-12-18 15:17:00+05:30,377.25,377.5,376.85,377,7490,
2017-12-18 15:18:00+05:30,377.15,377.2,376.8,376.9,1796,
2017-12-18 15:19:00+05:30,376.9,377,376.5,376.5,10410,
2017-12-18 15:20:00+05:30,376.5,376.9,376.45,376.65,13652,
2017-12-18 15:21:00+05:30,376.6,376.7,376.05,376.6,14167,
2017-12-18 15:22:00+05:30,376.7,376.75,376.1,376.4,5055,
2017-12-18 15:23:00+05:30,376,376.25,375.1,376,16481,
2017-12-18 15:24:00+05:30,376,376.25,375.15,375.5,13118,
2017-12-18 15:25:00+05:30,375.5,376.25,375.15,376.25,21959,
2017-12-18 15:26:00+05:30,376.25,376.55,375.1,375.6,22672,
2017-12-18 15:27:00+05:30,376,376.65,375.75,376.05,7635,
2017-12-18 15:28:00+05:30,376.05,376.65,376.05,376.25,9156,
2017-12-18 15:29:00+05:30,376.35,376.9,376,376.1,8660,
2017-12-19 09:15:00+05:30,378.5,379,378.5,378.8,6453,
2017-12-19 09:16:00+05:30,378.65,379,378.55,379,9514,
2017-12-19 09:17:00+05:30,379,379.25,379,379.1,12803,
2017-12-19 09:18:00+05:30,379.25,379.4,379,379.1,20031,
2017-12-19 09:19:00+05:30,379.3,379.3,378.5,378.5,8028,
2017-12-19 09:20:00+05:30,378.5,378.65,378.1,378.1,7829,
2017-12-19 09:21:00+05:30,377.8,377.9,377.5,377.75,5324,
2017-12-19 09:22:00+05:30,377.8,377.85,377.75,377.8,8366,
2017-12-19 09:23:00+05:30,377.8,377.8,377.2,377.25,6453,
2017-12-19 09:24:00+05:30,377.25,377.4,377.2,377.4,6104,
2017-12-19 09:25:00+05:30,377.45,377.5,377,377.2,5558,
2017-12-19 09:26:00+05:30,377.05,377.05,376.45,376.75,6426,
2017-12-19 09:27:00+05:30,376.75,376.95,376.55,376.75,3991,
2017-12-19 09:28:00+05:30,376.75,377.15,376.55,377,13986,
2017-12-19 09:29:00+05:30,377,377.2,376.5,377.15,11847,
2017-12-19 09:30:00+05:30,377.15,378,377.15,378,3020,
2017-12-19 09:31:00+05:30,378,378.55,378,378.55,7389,
2017-12-19 09:32:00+05:30,378.6,378.6,378.1,378.35,3268,
2017-12-19 09:33:00+05:30,378.35,379.7,378.35,379.7,17105,
2017-12-19 09:34:00+05:30,379.85,379.85,379.05,379.5,9881,
2017-12-19 09:35:00+05:30,379.5,379.5,378.35,378.35,3378,
2017-12-19 09:36:00+05:30,378.55,378.55,378.35,378.55,3180,
2017-12-19 09:37:00+05:30,378.6,378.6,378.45,378.5,1902,
2017-12-19 09:38:00+05:30,378.6,378.8,378.4,378.7,3892,
2017-12-19 09:39:00+05:30,378.7,379.4,378.5,378.55,8478,
2017-12-19 09:40:00+05:30,378.55,379.2,378.5,378.65,9099,
2017-12-19 09:41:00+05:30,378.65,379.5,378.65,379.5,2304,
2017-12-19 09:42:00+05:30,379.5,380,379.45,379.45,12455,
2017-12-19 09:43:00+05:30,379.45,379.75,379.45,379.7,916,
2017-12-19 09:44:00+05:30,379.75,379.9,379.3,379.35,10605,
2017-12-19 09:45:00+05:30,379.4,380.65,379.35,380.5,7446,
2017-12-19 09:46:00+05:30,380.5,380.55,380.5,380.5,5917,
2017-12-19 09:47:00+05:30,380.5,380.75,380.5,380.5,6462,
2017-12-19 09:48:00+05:30,380.5,380.55,379.05,379.55,13342,
2017-12-19 09:49:00+05:30,379.85,379.85,379,379.25,6521,
2017-12-19 09:50:00+05:30,379.25,379.4,379.05,379.4,2784,
2017-12-19 09:51:00+05:30,379.4,379.5,379.25,379.35,1593,
2017-12-19 09:52:00+05:30,379.35,379.35,379.25,379.35,4909,
2017-12-19 09:53:00+05:30,379.35,379.55,379.35,379.55,3787,
2017-12-19 09:54:00+05:30,379.6,379.65,379.25,379.45,5500,
2017-12-19 09:55:00+05:30,379.45,379.45,379.2,379.35,2468,
2017-12-19 09:56:00+05:30,379.4,379.45,379.35,379.45,936,
2017-12-19 09:57:00+05:30,379.45,379.45,379.35,379.4,1003,
2017-12-19 09:58:00+05:30,379.4,379.4,379.05,379.1,4266,
2017-12-19 09:59:00+05:30,379.1,379.1,378.2,378.25,2408,
2017-12-19 10:00:00+05:30,378.25,378.55,378.25,378.55,2412,
2017-12-19 10:01:00+05:30,378.55,378.75,378.55,378.75,2881,
2017-12-19 10:02:00+05:30,378.7,378.8,378.55,378.8,216,
2017-12-19 10:03:00+05:30,378.8,378.8,378.5,378.55,2525,
2017-12-19 10:04:00+05:30,378.5,378.6,378.5,378.6,655,
2017-12-19 10:05:00+05:30,378.6,378.6,378.5,378.55,1867,
2017-12-19 10:06:00+05:30,378.55,378.6,378.5,378.6,986,
2017-12-19 10:07:00+05:30,378.55,378.6,378.55,378.6,953,
2017-12-19 10:08:00+05:30,378.6,378.65,378.55,378.6,2136,
2017-12-19 10:09:00+05:30,378.65,378.7,378.5,378.6,1588,
2017-12-19 10:10:00+05:30,378.55,378.65,378.5,378.65,4871,
2017-12-19 10:11:00+05:30,378.55,378.55,378.5,378.55,2987,
2017-12-19 10:12:00+05:30,378.55,378.7,378.5,378.7,2384,
2017-12-19 10:13:00+05:30,378.7,378.7,378.5,378.55,1534,
2017-12-19 10:14:00+05:30,378.65,378.8,378.65,378.8,2832,
2017-12-19 10:15:00+05:30,378.8,378.9,378.75,378.75,1926,
2017-12-19 10:16:00+05:30,378.75,378.85,378.75,378.85,1770,
2017-12-19 10:17:00+05:30,378.85,379.3,378.85,379.2,4182,
2017-12-19 10:18:00+05:30,379.2,379.2,379,379.05,641,
2017-12-19 10:19:00+05:30,379.05,379.15,378.75,379,6750,
2017-12-19 10:20:00+05:30,379,379.15,379,379,451,
2017-12-19 10:21:00+05:30,379.15,379.15,379,379,262,
2017-12-19 10:22:00+05:30,379,379.15,379,379.15,4211,
2017-12-19 10:23:00+05:30,379.2,379.2,379,379.05,5571,
2017-12-19 10:24:00+05:30,379.05,379.25,379,379.25,2234,
2017-12-19 10:25:00+05:30,379.25,379.3,379.05,379.15,270,
2017-12-19 10:26:00+05:30,379.15,379.25,379,379.05,701,
2017-12-19 10:27:00+05:30,379.05,379.25,379,379,3666,
2017-12-19 10:28:00+05:30,379,379.05,379,379.05,2490,
2017-12-19 10:29:00+05:30,379.05,379.05,378.75,379,11229,
2017-12-19 10:30:00+05:30,379.25,379.25,379,379.2,999,
2017-12-19 10:31:00+05:30,379.2,379.2,379,379.05,3479,
2017-12-19 10:32:00+05:30,379.05,379.05,379,379.05,8294,
2017-12-19 10:33:00+05:30,379,379.05,379,379.05,2446,
2017-12-19 10:34:00+05:30,379.05,379.05,378.55,378.55,1890,
2017-12-19 10:35:00+05:30,378.55,378.75,378.55,378.75,792,
2017-12-19 10:36:00+05:30,378.75,378.75,378.5,378.5,1786,
2017-12-19 10:37:00+05:30,378.45,378.5,377.85,378.05,11623,
2017-12-19 10:38:00+05:30,378.05,378.05,377.75,377.75,2441,
2017-12-19 10:39:00+05:30,377.75,378,377.75,377.8,986,
2017-12-19 10:40:00+05:30,377.8,378,377.5,377.9,1499,
2017-12-19 10:41:00+05:30,377.9,377.95,377.65,377.9,1065,
2017-12-19 10:42:00+05:30,377.9,377.95,377.7,377.85,856,
2017-12-19 10:43:00+05:30,377.85,378,377.85,377.85,104,
2017-12-19 10:44:00+05:30,377.85,377.95,377.85,377.85,536,
2017-12-19 10:45:00+05:30,377.85,377.9,377.7,377.7,428,
2017-12-19 10:46:00+05:30,377.7,378,377.3,377.35,3574,
2017-12-19 10:47:00+05:30,377.35,377.6,376.55,377.6,7631,
2017-12-19 10:48:00+05:30,377.6,378,377.6,377.9,858,
2017-12-19 10:49:00+05:30,377.9,377.9,376.9,376.9,2315,
2017-12-19 10:50:00+05:30,376.9,377.15,376.6,376.6,2677,
2017-12-19 10:51:00+05:30,376.6,377.7,376.6,377.1,2255,
2017-12-19 10:52:00+05:30,377.1,378,377.1,378,889,
2017-12-19 10:53:00+05:30,377.75,378,377.7,377.7,1046,
2017-12-19 10:54:00+05:30,377.75,377.75,376.8,376.85,3439,
2017-12-19 10:55:00+05:30,376.85,377,376.8,376.85,4235,
2017-12-19 10:56:00+05:30,376.85,377.05,376.75,376.85,1639,
2017-12-19 10:57:00+05:30,376.85,376.85,376.75,376.8,1335,
2017-12-19 10:58:00+05:30,377.1,377.1,376.9,376.9,798,
2017-12-19 10:59:00+05:30,376.9,377.25,376.9,377.1,2048,
2017-12-19 11:00:00+05:30,377.1,377.1,377.05,377.1,935,
2017-12-19 11:01:00+05:30,377.1,377.15,377,377.05,698,
2017-12-19 11:02:00+05:30,377.05,377.45,377,377.45,2638,
2017-12-19 11:03:00+05:30,377.45,377.7,377,377.5,4845,
2017-12-19 11:04:00+05:30,377.5,377.5,377.2,377.5,1169,
2017-12-19 11:05:00+05:30,377.5,377.5,377.35,377.5,1491,
2017-12-19 11:06:00+05:30,377.5,377.5,377.35,377.35,700,
2017-12-19 11:07:00+05:30,377.4,377.4,376.95,377,2191,
2017-12-19 11:08:00+05:30,377,377,376.9,376.9,1678,
2017-12-19 11:09:00+05:30,376.9,377,376.9,376.9,367,
2017-12-19 11:10:00+05:30,376.9,377,376.8,376.8,468,
2017-12-19 11:11:00+05:30,377,377,376.35,376.4,6308,
2017-12-19 11:12:00+05:30,376.4,376.75,376.4,376.75,1397,
2017-12-19 11:13:00+05:30,376.75,376.75,376.7,376.7,1185,
2017-12-19 11:14:00+05:30,376.7,376.75,376.45,376.5,2952,
2017-12-19 11:15:00+05:30,376.5,376.55,376.1,376.35,4785,
2017-12-19 11:16:00+05:30,376.3,376.35,376.05,376.05,1523,
2017-12-19 11:17:00+05:30,376.05,376.45,375.85,376.4,3674,
2017-12-19 11:18:00+05:30,376.4,376.5,376.3,376.5,1873,
2017-12-19 11:19:00+05:30,376.5,376.5,375.9,375.95,3637,
2017-12-19 11:20:00+05:30,375.95,376,375.85,376,2333,
2017-12-19 11:21:00+05:30,376,376,375.95,376,2513,
2017-12-19 11:22:00+05:30,376,376,375.9,375.9,346,
2017-12-19 11:23:00+05:30,375.9,376,375.9,376,1667,
2017-12-19 11:24:00+05:30,376,376,375.85,375.9,205,
2017-12-19 11:25:00+05:30,375.9,376.05,375.9,376,3343,
2017-12-19 11:26:00+05:30,376,376,375.7,375.95,1948,
2017-12-19 11:27:00+05:30,375.95,376.5,375.75,376.2,1131,
2017-12-19 11:28:00+05:30,376.2,376.2,375.75,375.75,932,
2017-12-19 11:29:00+05:30,375.75,376.1,375.6,375.75,7897,
2017-12-19 11:30:00+05:30,375.75,376.15,375.75,376,2900,
2017-12-19 11:31:00+05:30,376,376,375.95,376,1762,
2017-12-19 11:32:00+05:30,376,376.05,375.8,376.05,5756,
2017-12-19 11:33:00+05:30,376.05,376.8,376.05,376.8,258,
2017-12-19 11:34:00+05:30,376,376.55,376,376.2,3747,
2017-12-19 11:35:00+05:30,376.2,376.3,376.2,376.3,132,
2017-12-19 11:36:00+05:30,376.3,376.5,376.1,376.1,262589,
2017-12-19 11:37:00+05:30,376.1,376.5,376.05,376.45,1358,
2017-12-19 11:38:00+05:30,376.45,376.5,376.05,376.1,380,
2017-12-19 11:39:00+05:30,376.1,376.5,376.05,376.05,1126,
2017-12-19 11:40:00+05:30,376.05,376.1,376,376.1,1650,
2017-12-19 11:41:00+05:30,376.1,376.1,375.25,375.55,5768,
2017-12-19 11:42:00+05:30,375.55,375.95,375.55,375.85,729,
2017-12-19 11:43:00+05:30,375.85,376.2,375.85,376.2,1746,
2017-12-19 11:44:00+05:30,376.2,376.4,375.5,375.5,2245,
2017-12-19 11:45:00+05:30,375.5,375.95,375.5,375.9,1018,
2017-12-19 11:46:00+05:30,375.9,376,375.55,375.6,787,
2017-12-19 11:47:00+05:30,375.6,375.8,375.5,375.75,2511,
2017-12-19 11:48:00+05:30,375.75,375.85,375.55,375.7,1345,
2017-12-19 11:49:00+05:30,375.7,375.85,375.7,375.7,1506,
2017-12-19 11:50:00+05:30,375.75,375.75,375.7,375.75,1198,
2017-12-19 11:51:00+05:30,375.75,375.75,375.55,375.55,536,
2017-12-19 11:52:00+05:30,375.55,375.75,375.55,375.75,471,
2017-12-19 11:53:00+05:30,375.75,375.75,375.55,375.7,2019,
2017-12-19 11:54:00+05:30,375.75,375.75,375.05,375.05,7954,
2017-12-19 11:55:00+05:30,375.05,375.25,375.05,375.15,3539,
2017-12-19 11:56:00+05:30,375.15,375.75,375.15,375.7,3395,
2017-12-19 11:57:00+05:30,375.7,375.75,375.5,375.7,828,
2017-12-19 11:58:00+05:30,375.7,375.7,375.3,375.35,188,
2017-12-19 11:59:00+05:30,375.35,375.65,375.35,375.65,381,
2017-12-19 12:00:00+05:30,375.5,375.7,375.4,375.65,853,
2017-12-19 12:01:00+05:30,375.65,375.75,375.4,375.65,1206,
2017-12-19 12:02:00+05:30,375.65,375.9,375.65,375.75,558,
2017-12-19 12:03:00+05:30,375.75,376,375.75,376,629,
2017-12-19 12:04:00+05:30,376,376.25,375.8,375.8,1085,
2017-12-19 12:05:00+05:30,375.8,376,375.55,375.7,4444,
2017-12-19 12:06:00+05:30,375.7,375.7,375.35,375.45,1552,
2017-12-19 12:07:00+05:30,375.45,375.6,375.45,375.55,2260,
2017-12-19 12:08:00+05:30,375.55,375.6,375.1,375.55,3897,
2017-12-19 12:09:00+05:30,375.5,375.5,375.05,375.1,3361,
2017-12-19 12:10:00+05:30,375.1,375.1,375,375,14255,
2017-12-19 12:11:00+05:30,375.1,375.1,374.7,374.8,17301,
2017-12-19 12:12:00+05:30,374.8,375.45,374.75,375.45,2998,
2017-12-19 12:13:00+05:30,375.45,375.45,375.1,375.1,948,
2017-12-19 12:14:00+05:30,375.15,375.35,374.95,374.95,3874,
2017-12-19 12:15:00+05:30,374.95,375,374.7,374.75,1737,
2017-12-19 12:16:00+05:30,374.75,374.75,374.7,374.75,1192,
2017-12-19 12:17:00+05:30,374.6,374.65,374.6,374.6,1381,
2017-12-19 12:18:00+05:30,374.6,374.65,374.5,374.6,3734,
2017-12-19 12:19:00+05:30,374.6,375.05,374.6,375,6067,
2017-12-19 12:20:00+05:30,375,375,374.75,374.8,1244,
2017-12-19 12:21:00+05:30,374.8,374.9,374.75,374.8,1078,
2017-12-19 12:22:00+05:30,374.8,374.95,374.7,374.7,1774,
2017-12-19 12:23:00+05:30,374.7,374.7,374.55,374.55,3940,
2017-12-19 12:24:00+05:30,374.55,374.7,374.55,374.6,624,
2017-12-19 12:25:00+05:30,374.6,374.65,374.45,374.5,7543,
2017-12-19 12:26:00+05:30,374.5,374.6,374.4,374.4,1733,
2017-12-19 12:27:00+05:30,374.45,374.6,374.45,374.5,955,
2017-12-19 12:28:00+05:30,374.5,374.95,374.5,374.65,1335,
2017-12-19 12:29:00+05:30,374.65,374.7,374.4,374.6,3345,
2017-12-19 12:30:00+05:30,374.6,374.6,374.1,374.1,6220,
2017-12-19 12:31:00+05:30,374.1,374.45,374,374.3,3211,
2017-12-19 12:32:00+05:30,374.3,374.65,374.3,374.6,3450,
2017-12-19 12:33:00+05:30,374.6,374.75,374.25,374.75,825,
2017-12-19 12:34:00+05:30,374.75,374.8,374.4,374.65,444,
2017-12-19 12:35:00+05:30,374.65,374.65,374.1,374.2,2004,
2017-12-19 12:36:00+05:30,374.2,374.5,374.2,374.5,826,
2017-12-19 12:37:00+05:30,374.5,374.75,374.3,374.3,460,
2017-12-19 12:38:00+05:30,374.25,374.65,374.15,374.15,1922,
2017-12-19 12:39:00+05:30,374.15,374.65,374.15,374.4,1494,
2017-12-19 12:40:00+05:30,374.4,374.45,374.25,374.25,996,
2017-12-19 12:41:00+05:30,374.25,374.45,374.2,374.25,1453,
2017-12-19 12:42:00+05:30,374.25,374.5,374.15,374.5,1553,
2017-12-19 12:43:00+05:30,374.5,374.55,374.05,374.55,5937,
2017-12-19 12:44:00+05:30,374.55,374.55,374.2,374.2,1190,
2017-12-19 12:45:00+05:30,374.2,374.8,374.2,374.65,2365,
2017-12-19 12:46:00+05:30,374.5,374.75,374.5,374.7,895,
2017-12-19 12:47:00+05:30,374.7,374.7,374.65,374.65,176,
2017-12-19 12:48:00+05:30,374.65,374.65,374.35,374.6,1114,
2017-12-19 12:49:00+05:30,374.6,374.65,374.35,374.55,651,
2017-12-19 12:50:00+05:30,374.55,374.75,374.55,374.75,912,
2017-12-19 12:51:00+05:30,374.75,374.75,374.4,374.65,1220,
2017-12-19 12:52:00+05:30,374.65,374.75,374.4,374.45,683,
2017-12-19 12:53:00+05:30,374.45,374.75,374.4,374.75,862,
2017-12-19 12:54:00+05:30,374.75,374.75,374.55,374.65,1308,
2017-12-19 12:55:00+05:30,374.65,374.7,374.5,374.55,997,
2017-12-19 12:56:00+05:30,374.55,374.7,374.4,374.5,1798,
2017-12-19 12:57:00+05:30,374.5,374.5,374.4,374.5,433,
2017-12-19 12:58:00+05:30,374.55,374.75,374.5,374.6,1246,
2017-12-19 12:59:00+05:30,374.6,374.6,374.3,374.3,1772,
2017-12-19 13:00:00+05:30,374.3,374.4,374.25,374.35,2268,
2017-12-19 13:01:00+05:30,374.35,374.75,374.35,374.4,501,
2017-12-19 13:02:00+05:30,374.4,374.5,374,374.15,2370,
2017-12-19 13:03:00+05:30,374,374.65,374,374.55,2051,
2017-12-19 13:04:00+05:30,374.65,374.7,374.35,374.35,1660,
2017-12-19 13:05:00+05:30,374.35,374.35,374,374.1,12253,
2017-12-19 13:06:00+05:30,374,374,373.65,373.9,7003,
2017-12-19 13:07:00+05:30,373.85,373.85,373.75,373.85,582,
2017-12-19 13:08:00+05:30,373.85,373.85,373.8,373.85,809,
2017-12-19 13:09:00+05:30,373.85,373.95,373.8,373.95,855,
2017-12-19 13:10:00+05:30,373.95,374,373.8,374,4329,
2017-12-19 13:11:00+05:30,374.3,374.55,374.25,374.55,2152,
2017-12-19 13:12:00+05:30,374.55,374.55,374,374.35,2032,
2017-12-19 13:13:00+05:30,374.4,374.5,374,374.15,767,
2017-12-19 13:14:00+05:30,373.95,374.35,373.95,374.35,1242,
2017-12-19 13:15:00+05:30,374.35,374.35,374.05,374.05,139,
2017-12-19 13:16:00+05:30,374.05,374.25,373.8,374.25,971,
2017-12-19 13:17:00+05:30,374.25,374.3,373.85,373.95,337,
2017-12-19 13:18:00+05:30,373.95,373.95,373.8,373.9,1051,
2017-12-19 13:19:00+05:30,373.95,374,373.5,373.8,1839,
2017-12-19 13:20:00+05:30,373.8,373.85,373.7,373.75,3601,
2017-12-19 13:21:00+05:30,373.75,373.8,373.65,373.65,899,
2017-12-19 13:22:00+05:30,373.65,373.7,373.6,373.65,1286,
2017-12-19 13:23:00+05:30,373.65,373.75,373.5,373.75,815,
2017-12-19 13:24:00+05:30,373.75,373.75,373.5,373.55,2647,
2017-12-19 13:25:00+05:30,373.55,373.65,373.4,373.65,1190,
2017-12-19 13:26:00+05:30,373.65,373.65,373.5,373.65,1209,
2017-12-19 13:27:00+05:30,373.65,374,373.65,374,6220,
2017-12-19 13:28:00+05:30,373.95,374.3,373.6,374.1,988,
2017-12-19 13:29:00+05:30,374.1,374.5,374,374.45,1409,
2017-12-19 13:30:00+05:30,374.45,374.5,374,374.2,818,
2017-12-19 13:31:00+05:30,374.2,374.35,374,374.3,133044,
2017-12-19 13:32:00+05:30,374.3,374.3,373.5,373.5,895,
2017-12-19 13:33:00+05:30,373.5,373.95,373.5,373.95,974,
2017-12-19 13:34:00+05:30,373.95,374.1,373.6,374,484,
2017-12-19 13:35:00+05:30,374,374,373.6,373.65,667,
2017-12-19 13:36:00+05:30,373.65,373.8,373.6,373.6,958,
2017-12-19 13:37:00+05:30,373.7,373.95,373.6,373.95,837,
2017-12-19 13:38:00+05:30,374,374.35,374,374.15,1491,
2017-12-19 13:39:00+05:30,374.15,374.45,373.9,374.1,1583,
2017-12-19 13:40:00+05:30,374.1,374.35,374.1,374.35,1275,
2017-12-19 13:41:00+05:30,374.35,374.35,374.15,374.25,357,
2017-12-19 13:42:00+05:30,374.25,374.35,374.25,374.35,479,
2017-12-19 13:43:00+05:30,374.3,374.5,374.15,374.5,4617,
2017-12-19 13:44:00+05:30,374.55,374.7,374.5,374.7,2264,
2017-12-19 13:45:00+05:30,374.7,375,374.4,374.4,4863,
2017-12-19 13:46:00+05:30,374.6,374.6,374.2,374.25,1107,
2017-12-19 13:47:00+05:30,374.25,374.25,374.1,374.2,1141,
2017-12-19 13:48:00+05:30,374.2,374.25,374,374.15,1869,
2017-12-19 13:49:00+05:30,374.15,374.2,374.05,374.1,871,
2017-12-19 13:50:00+05:30,374.1,374.7,374.1,374.7,1759,
2017-12-19 13:51:00+05:30,374.7,374.8,374.5,374.5,3971,
2017-12-19 13:52:00+05:30,374.5,374.65,374.5,374.65,2182,
2017-12-19 13:53:00+05:30,374.65,375.3,374.65,374.7,4304,
2017-12-19 13:54:00+05:30,374.7,374.7,374.65,374.65,1206,
2017-12-19 13:55:00+05:30,374.65,374.75,374.5,374.5,1653,
2017-12-19 13:56:00+05:30,374.2,374.5,374.2,374.4,491,
2017-12-19 13:57:00+05:30,374.45,374.5,374.4,374.5,1475,
2017-12-19 13:58:00+05:30,374.5,374.7,374.5,374.5,773,
2017-12-19 13:59:00+05:30,374.5,374.65,374.35,374.4,892,
2017-12-19 14:00:00+05:30,374.4,374.5,374.05,374.1,1218,
2017-12-19 14:01:00+05:30,374.1,374.2,374.05,374.2,784,
2017-12-19 14:02:00+05:30,374.2,374.35,374.1,374.25,383,
2017-12-19 14:03:00+05:30,374.25,374.25,374,374,2129,
2017-12-19 14:04:00+05:30,374,374.15,374,374.1,1604,
2017-12-19 14:05:00+05:30,374.1,374.35,374.1,374.35,800,
2017-12-19 14:06:00+05:30,374.35,374.65,374.2,374.55,4351,
2017-12-19 14:07:00+05:30,374.55,374.6,374.25,374.4,3093,
2017-12-19 14:08:00+05:30,374.4,374.55,374.2,374.55,1845,
2017-12-19 14:09:00+05:30,374.55,374.55,374.25,374.35,335,
2017-12-19 14:10:00+05:30,374.35,374.5,374.05,374.5,1416,
2017-12-19 14:11:00+05:30,374.5,374.5,374.3,374.45,439,
2017-12-19 14:12:00+05:30,374.35,374.5,374.25,374.5,1945,
2017-12-19 14:13:00+05:30,374.5,374.5,374.1,374.1,672,
2017-12-19 14:14:00+05:30,374.1,374.2,373.7,373.85,4791,
2017-12-19 14:15:00+05:30,373.7,373.7,373.25,373.45,5743,
2017-12-19 14:16:00+05:30,373.45,373.5,373,373.25,16341,
2017-12-19 14:17:00+05:30,373.25,373.25,372.25,372.45,5392,
2017-12-19 14:18:00+05:30,372.45,374,372.45,373.75,2713,
2017-12-19 14:19:00+05:30,373.75,374,373.5,374,1216,
2017-12-19 14:20:00+05:30,374,374,373.65,373.95,3327,
2017-12-19 14:21:00+05:30,373.95,373.95,373.65,373.65,1586,
2017-12-19 14:22:00+05:30,373.65,373.8,373.65,373.8,700,
2017-12-19 14:23:00+05:30,373.95,373.95,373.6,373.9,1120,
2017-12-19 14:24:00+05:30,373.9,374.1,373.85,374.1,1755,
2017-12-19 14:25:00+05:30,374.1,374.55,374.1,374.25,3710,
2017-12-19 14:26:00+05:30,374.3,374.5,374.25,374.5,2448,
2017-12-19 14:27:00+05:30,374.5,374.5,374.2,374.2,1693,
2017-12-19 14:28:00+05:30,374.2,374.35,374.05,374.25,2079,
2017-12-19 14:29:00+05:30,374.25,374.25,373.8,374.05,1878,
2017-12-19 14:30:00+05:30,374.05,374.05,373.7,373.7,351,
2017-12-19 14:31:00+05:30,373.7,374,373.7,373.8,1390,
2017-12-19 14:32:00+05:30,373.8,374,373.6,373.75,2177,
2017-12-19 14:33:00+05:30,373.7,374,373.7,374,931,
2017-12-19 14:34:00+05:30,374,374.15,373.95,374.15,3936,
2017-12-19 14:35:00+05:30,374.2,374.35,374.05,374.15,1915,
2017-12-19 14:36:00+05:30,374,374.15,373.65,373.75,1225,
2017-12-19 14:37:00+05:30,373.6,374.3,373.6,374.1,2912,
2017-12-19 14:38:00+05:30,374.1,374.4,373.7,373.9,1598,
2017-12-19 14:39:00+05:30,373.9,374.2,373.65,374.15,926,
2017-12-19 14:40:00+05:30,374.15,374.45,373.7,374.45,4160,
2017-12-19 14:41:00+05:30,374.45,374.5,374.05,374.5,4005,
2017-12-19 14:42:00+05:30,374.45,374.45,374.05,374.05,1546,
2017-12-19 14:43:00+05:30,374.05,374.3,373.8,373.95,1608,
2017-12-19 14:44:00+05:30,373.7,374.35,373.7,374.25,1436,
2017-12-19 14:45:00+05:30,374.25,374.45,374.25,374.45,1676,
2017-12-19 14:46:00+05:30,374.4,374.5,374.4,374.5,3721,
2017-12-19 14:47:00+05:30,374.5,374.85,374.45,374.7,6815,
2017-12-19 14:48:00+05:30,374.7,374.95,374.65,374.9,3678,
2017-12-19 14:49:00+05:30,374.9,375.25,374.8,375.15,11010,
2017-12-19 14:50:00+05:30,375.15,375.2,374.9,374.95,4216,
2017-12-19 14:51:00+05:30,374.5,374.85,374.45,374.5,1472,
2017-12-19 14:52:00+05:30,374.5,374.9,374.4,374.9,2190,
2017-12-19 14:53:00+05:30,374.85,375,374.85,374.9,5681,
2017-12-19 14:54:00+05:30,374.85,375.15,374.4,374.4,4976,
2017-12-19 14:55:00+05:30,374.4,374.75,374.4,374.75,1864,
2017-12-19 14:56:00+05:30,374.35,374.7,374.25,374.3,2035,
2017-12-19 14:57:00+05:30,374.25,374.9,374.25,374.85,3324,
2017-12-19 14:58:00+05:30,374.85,375,374.3,374.7,3676,
2017-12-19 14:59:00+05:30,374.7,374.7,374.4,374.5,3800,
2017-12-19 15:00:00+05:30,374.35,374.5,374.3,374.3,797,
2017-12-19 15:01:00+05:30,374.3,374.45,374.25,374.3,2222,
2017-12-19 15:02:00+05:30,374.3,374.4,374.15,374.4,1812,
2017-12-19 15:03:00+05:30,374.1,374.4,374.1,374.4,2771,
2017-12-19 15:04:00+05:30,374.3,374.5,374.25,374.4,3164,
2017-12-19 15:05:00+05:30,374.3,374.6,374.3,374.6,5110,
2017-12-19 15:06:00+05:30,374.6,374.6,374.25,374.45,4547,
2017-12-19 15:07:00+05:30,374.5,374.85,374.5,374.85,4180,
2017-12-19 15:08:00+05:30,374.75,375,374.55,374.65,10682,
2017-12-19 15:09:00+05:30,374.6,374.95,374.6,374.9,7983,
2017-12-19 15:10:00+05:30,375,375,374.75,374.95,11037,
2017-12-19 15:11:00+05:30,374.8,374.95,374.55,374.85,7379,
2017-12-19 15:12:00+05:30,374.8,374.8,374.6,374.65,3684,
2017-12-19 15:13:00+05:30,374.6,374.7,374.55,374.65,6930,
2017-12-19 15:14:00+05:30,374.65,374.75,374.6,374.65,6716,
2017-12-19 15:15:00+05:30,374.65,374.65,374.3,374.3,4425,
2017-12-19 15:16:00+05:30,374.55,374.6,374.2,374.5,6582,
2017-12-19 15:17:00+05:30,374.5,374.5,374.3,374.5,7289,
2017-12-19 15:18:00+05:30,374.5,374.65,374.5,374.65,4316,
2017-12-19 15:19:00+05:30,374.5,374.65,374.5,374.65,4231,
2017-12-19 15:20:00+05:30,374.6,374.65,374.5,374.6,6609,
2017-12-19 15:21:00+05:30,374.65,374.65,374.1,374.5,6447,
2017-12-19 15:22:00+05:30,374.5,374.65,374.45,374.6,8377,
2017-12-19 15:23:00+05:30,374.65,374.65,374.6,374.65,5759,
2017-12-19 15:24:00+05:30,374.6,375.2,374.6,375.15,17120,
2017-12-19 15:25:00+05:30,375.2,375.55,375.15,375.5,18996,
2017-12-19 15:26:00+05:30,375.5,375.55,375.2,375.5,26327,
2017-12-19 15:27:00+05:30,375.5,375.6,375.15,375.5,12285,
2017-12-19 15:28:00+05:30,375.55,375.6,374.6,375.5,19938,
2017-12-19 15:29:00+05:30,375.75,375.8,375.5,375.8,12051,
2017-12-20 09:15:00+05:30,377.45,377.45,376.2,376.75,23476,
2017-12-20 09:16:00+05:30,376.65,376.85,376,376.15,9630,
2017-12-20 09:17:00+05:30,376.65,376.65,375.45,375.45,19850,
2017-12-20 09:18:00+05:30,375.45,375.75,375.45,375.55,9872,
2017-12-20 09:19:00+05:30,375.6,375.85,375.55,375.8,5086,
2017-12-20 09:20:00+05:30,375.85,376.4,375.8,376.35,5782,
2017-12-20 09:21:00+05:30,376.3,376.5,376.15,376.25,7401,
2017-12-20 09:22:00+05:30,376.25,377.1,376.25,377.1,5553,
2017-12-20 09:23:00+05:30,377,377,375.8,376,8846,
2017-12-20 09:24:00+05:30,375.85,375.85,375.1,375.1,5978,
2017-12-20 09:25:00+05:30,375.1,375.3,374.45,375.05,14397,
2017-12-20 09:26:00+05:30,375.05,375.25,374.6,374.85,4126,
2017-12-20 09:27:00+05:30,374.6,374.85,374.4,374.45,4308,
2017-12-20 09:28:00+05:30,374.5,374.55,374.4,374.4,4532,
2017-12-20 09:29:00+05:30,374.4,374.55,374.4,374.5,1651,
2017-12-20 09:30:00+05:30,374.5,374.95,374.35,374.7,7119,
2017-12-20 09:31:00+05:30,374.65,375,374.65,375,1048,
2017-12-20 09:32:00+05:30,375,375.1,374.8,375.1,5246,
2017-12-20 09:33:00+05:30,375.05,375.7,375.05,375.5,8959,
2017-12-20 09:34:00+05:30,375.5,375.5,374.45,374.6,10593,
2017-12-20 09:35:00+05:30,374.6,374.6,374.45,374.5,1305,
2017-12-20 09:36:00+05:30,374.45,374.45,374.3,374.45,2525,
2017-12-20 09:37:00+05:30,374.3,374.3,372.9,372.9,16024,
2017-12-20 09:38:00+05:30,372.95,373.15,372.95,373.15,3798,
2017-12-20 09:39:00+05:30,373.15,373.75,373.1,373.75,3714,
2017-12-20 09:40:00+05:30,373.75,373.95,373.6,373.6,3538,
2017-12-20 09:41:00+05:30,373.65,373.65,373.25,373.5,4435,
2017-12-20 09:42:00+05:30,373.5,373.5,373.3,373.5,2331,
2017-12-20 09:43:00+05:30,373.5,373.5,373.25,373.45,2227,
2017-12-20 09:44:00+05:30,373.25,373.45,373.2,373.3,1561,
2017-12-20 09:45:00+05:30,373.4,373.4,373.2,373.4,2053,
2017-12-20 09:46:00+05:30,373.4,373.4,373.1,373.2,5615,
2017-12-20 09:47:00+05:30,373.1,373.2,373,373.1,4816,
2017-12-20 09:48:00+05:30,373.1,373.5,373.1,373.35,7114,
2017-12-20 09:49:00+05:30,373.35,373.8,373.35,373.8,4725,
2017-12-20 09:50:00+05:30,373.7,373.75,373.6,373.7,2199,
2017-12-20 09:51:00+05:30,373.75,373.85,373.7,373.7,5298,
2017-12-20 09:52:00+05:30,373.7,373.95,373.7,373.8,3236,
2017-12-20 09:53:00+05:30,373.8,373.8,373.7,373.75,1504,
2017-12-20 09:54:00+05:30,373.75,373.85,373.75,373.8,819,
2017-12-20 09:55:00+05:30,373.8,373.8,373.2,373.2,2908,
2017-12-20 09:56:00+05:30,373.4,373.4,373.15,373.3,3252,
2017-12-20 09:57:00+05:30,373.3,373.3,373.15,373.25,2856,
2017-12-20 09:58:00+05:30,373.2,373.3,373.2,373.3,3143,
2017-12-20 09:59:00+05:30,373.25,373.25,373.15,373.25,716,
2017-12-20 10:00:00+05:30,373.25,373.25,372.6,372.6,4542,
2017-12-20 10:01:00+05:30,372.6,372.65,372,372.05,15293,
2017-12-20 10:02:00+05:30,372.05,372.95,372.05,372.9,3964,
2017-12-20 10:03:00+05:30,372.9,373.45,372.9,373.45,3380,
2017-12-20 10:04:00+05:30,373.45,373.75,373.25,373.7,3455,
2017-12-20 10:05:00+05:30,373.7,373.75,373.5,373.5,2043,
2017-12-20 10:06:00+05:30,373.5,373.55,373.5,373.55,1907,
2017-12-20 10:07:00+05:30,373.55,373.6,373.5,373.6,884,
2017-12-20 10:08:00+05:30,373.6,373.6,373.5,373.5,1175,
2017-12-20 10:09:00+05:30,373.5,373.5,372.85,372.85,2364,
2017-12-20 10:10:00+05:30,372.8,372.85,372.75,372.85,1957,
2017-12-20 10:11:00+05:30,372.85,373,372.8,373,4252,
2017-12-20 10:12:00+05:30,373,373,372.9,373,3585,
2017-12-20 10:13:00+05:30,373,373.1,372.9,372.95,301698,
2017-12-20 10:14:00+05:30,372.95,373,372.85,372.85,326,
2017-12-20 10:15:00+05:30,372.85,373.3,372.85,373,3842,
2017-12-20 10:16:00+05:30,373,373.35,373,373.05,2380,
2017-12-20 10:17:00+05:30,373.1,373.3,373.1,373.1,1015,
2017-12-20 10:18:00+05:30,373.1,373.4,373.1,373.35,2850,
2017-12-20 10:19:00+05:30,373.4,373.7,373.2,373.5,2516,
2017-12-20 10:20:00+05:30,373.5,373.65,373.2,373.45,3239,
2017-12-20 10:21:00+05:30,373.5,373.75,373.5,373.55,3837,
2017-12-20 10:22:00+05:30,373.55,373.7,373.45,373.5,1626,
2017-12-20 10:23:00+05:30,373.65,373.7,373.5,373.5,1037,
2017-12-20 10:24:00+05:30,373.5,373.7,373.5,373.55,1143,
2017-12-20 10:25:00+05:30,373.55,373.55,373.5,373.5,2362,
2017-12-20 10:26:00+05:30,373.5,373.55,373.5,373.55,1679,
2017-12-20 10:27:00+05:30,373.5,373.55,373.5,373.55,1485,
2017-12-20 10:28:00+05:30,373.55,373.55,373.5,373.55,2142,
2017-12-20 10:29:00+05:30,373.5,373.55,373.5,373.5,1577,
2017-12-20 10:30:00+05:30,373.4,373.55,373.4,373.55,5182,
2017-12-20 10:31:00+05:30,373.5,373.55,373.4,373.5,3182,
2017-12-20 10:32:00+05:30,373.5,373.6,373.5,373.55,2086,
2017-12-20 10:33:00+05:30,373.55,373.6,373.5,373.5,625,
2017-12-20 10:34:00+05:30,373.5,373.6,373.5,373.5,1048,
2017-12-20 10:35:00+05:30,373.5,373.6,373.5,373.55,1241,
2017-12-20 10:36:00+05:30,373.55,373.55,373.5,373.55,2200,
2017-12-20 10:37:00+05:30,373.55,373.55,373.5,373.5,1586,
2017-12-20 10:38:00+05:30,373.5,373.55,373.5,373.5,2432,
2017-12-20 10:39:00+05:30,373.5,373.55,373.5,373.55,1861,
2017-12-20 10:40:00+05:30,373.5,373.55,373.5,373.55,1919,
2017-12-20 10:41:00+05:30,373.55,373.55,373.5,373.5,1331,
2017-12-20 10:42:00+05:30,373.5,373.55,373.5,373.5,1217,
2017-12-20 10:43:00+05:30,373.5,373.6,373.5,373.6,4777,
2017-12-20 10:44:00+05:30,373.55,373.6,373.55,373.6,921,
2017-12-20 10:45:00+05:30,373.6,373.65,373.6,373.65,312,
2017-12-20 10:46:00+05:30,373.65,373.7,373.55,373.65,1121,
2017-12-20 10:47:00+05:30,373.65,373.65,373.5,373.5,1603,
2017-12-20 10:48:00+05:30,373.5,373.55,373.5,373.5,1350,
2017-12-20 10:49:00+05:30,373.55,373.6,373.5,373.55,1882,
2017-12-20 10:50:00+05:30,373.6,373.6,373.5,373.6,3207,
2017-12-20 10:51:00+05:30,373.6,373.6,373.5,373.6,1776,
2017-12-20 10:52:00+05:30,373.6,373.65,373.5,373.65,1241,
2017-12-20 10:53:00+05:30,373.65,373.65,373.5,373.6,1886,
2017-12-20 10:54:00+05:30,373.5,373.6,373.5,373.6,2039,
2017-12-20 10:55:00+05:30,373.6,373.65,373.5,373.65,2602,
2017-12-20 10:56:00+05:30,373.65,373.9,373.6,373.9,2280,
2017-12-20 10:57:00+05:30,373.9,373.9,373.6,373.6,1397,
2017-12-20 10:58:00+05:30,373.6,373.75,373.5,373.5,1167,
2017-12-20 10:59:00+05:30,373.5,373.75,373.5,373.5,2261,
2017-12-20 11:00:00+05:30,373.5,373.75,373.5,373.5,2156,
2017-12-20 11:01:00+05:30,373.7,373.75,373.5,373.7,1390,
2017-12-20 11:02:00+05:30,373.7,373.8,373.5,373.6,2741,
2017-12-20 11:03:00+05:30,373.65,373.7,373.5,373.5,4297,
2017-12-20 11:04:00+05:30,373.5,373.6,373.5,373.6,1626,
2017-12-20 11:05:00+05:30,373.6,373.65,373.5,373.5,2351,
2017-12-20 11:06:00+05:30,373.5,373.65,373.5,373.55,1715,
2017-12-20 11:07:00+05:30,373.55,373.65,373.55,373.6,1312,
2017-12-20 11:08:00+05:30,373.6,373.65,373.5,373.5,4536,
2017-12-20 11:09:00+05:30,373.5,373.6,373.5,373.5,7349,
2017-12-20 11:10:00+05:30,373.5,373.55,373.5,373.5,6895,
2017-12-20 11:11:00+05:30,373.5,373.55,373.5,373.55,11042,
2017-12-20 11:12:00+05:30,373.55,373.6,373.5,373.6,3260,
2017-12-20 11:13:00+05:30,373.5,373.6,373.5,373.5,2292,
2017-12-20 11:14:00+05:30,373.5,373.6,373.5,373.5,3846,
2017-12-20 11:15:00+05:30,373.5,373.55,373.5,373.55,2997,
2017-12-20 11:16:00+05:30,373.55,373.6,373.5,373.5,7658,
2017-12-20 11:17:00+05:30,373.5,373.65,373.5,373.65,4069,
2017-12-20 11:18:00+05:30,373.65,373.8,373.5,373.8,3080,
2017-12-20 11:19:00+05:30,373.7,373.8,373.6,373.6,1518,
2017-12-20 11:20:00+05:30,373.8,373.85,373.65,373.75,2272,
2017-12-20 11:21:00+05:30,373.8,373.8,373.65,373.75,2625,
2017-12-20 11:22:00+05:30,373.75,373.75,373.55,373.65,2112,
2017-12-20 11:23:00+05:30,373.7,373.7,373.65,373.65,3322,
2017-12-20 11:24:00+05:30,373.65,373.7,373.6,373.65,2914,
2017-12-20 11:25:00+05:30,373.65,373.7,373.55,373.6,2686,
2017-12-20 11:26:00+05:30,373.6,373.6,373.55,373.6,1849,
2017-12-20 11:27:00+05:30,373.6,373.6,373.5,373.5,1805,
2017-12-20 11:28:00+05:30,373.6,373.6,373.5,373.6,2646,
2017-12-20 11:29:00+05:30,373.6,373.6,373.5,373.6,2409,
2017-12-20 11:30:00+05:30,373.6,373.6,373.5,373.55,2724,
2017-12-20 11:31:00+05:30,373.55,373.55,373.5,373.55,2633,
2017-12-20 11:32:00+05:30,373.55,373.55,373.5,373.5,2564,
2017-12-20 11:33:00+05:30,373.5,373.6,373.5,373.55,3158,
2017-12-20 11:34:00+05:30,373.55,373.55,373.5,373.5,3363,
2017-12-20 11:35:00+05:30,373.6,373.6,373.5,373.6,2684,
2017-12-20 11:36:00+05:30,373.6,373.6,373.5,373.5,2209,
2017-12-20 11:37:00+05:30,373.5,373.6,373.5,373.55,1530,
2017-12-20 11:38:00+05:30,373.55,373.55,373.5,373.5,2071,
2017-12-20 11:39:00+05:30,373.5,373.6,373.5,373.55,2456,
2017-12-20 11:40:00+05:30,373.55,373.55,373.1,373.1,5509,
2017-12-20 11:41:00+05:30,373.15,373.25,373.1,373.25,4760,
2017-12-20 11:42:00+05:30,373.3,373.35,373.15,373.35,2875,
2017-12-20 11:43:00+05:30,373.35,373.35,373.1,373.1,2343,
2017-12-20 11:44:00+05:30,373.1,373.3,373,373.05,3874,
2017-12-20 11:45:00+05:30,373.05,373.35,373,373.05,4139,
2017-12-20 11:46:00+05:30,373.05,373.4,373.05,373.35,2391,
2017-12-20 11:47:00+05:30,373.35,373.35,373.1,373.35,2198,
2017-12-20 11:48:00+05:30,373.35,373.35,373.15,373.3,5771,
2017-12-20 11:49:00+05:30,373.3,373.4,373.15,373.15,2564,
2017-12-20 11:50:00+05:30,373.15,373.3,373.1,373.2,1695,
2017-12-20 11:51:00+05:30,373.2,373.2,373.05,373.05,2292,
2017-12-20 11:52:00+05:30,373.15,373.2,373.05,373.1,2916,
2017-12-20 11:53:00+05:30,373.1,373.25,373.1,373.1,1678,
2017-12-20 11:54:00+05:30,373.1,373.3,373.1,373.3,3456,
2017-12-20 11:55:00+05:30,373.3,373.4,373,373.3,2200,
2017-12-20 11:56:00+05:30,373.35,373.35,373.2,373.3,2100,
2017-12-20 11:57:00+05:30,373.3,373.35,373.2,373.2,4805,
2017-12-20 11:58:00+05:30,373.35,373.45,373.2,373.45,2448,
2017-12-20 11:59:00+05:30,373.35,373.45,373.2,373.4,1927,
2017-12-20 12:00:00+05:30,373.4,373.4,373.1,373.35,2708,
2017-12-20 12:01:00+05:30,373.35,373.35,373.05,373.05,1921,
2017-12-20 12:02:00+05:30,373.05,373.15,373.05,373.15,2957,
2017-12-20 12:03:00+05:30,373.15,373.3,373.15,373.2,4580,
2017-12-20 12:04:00+05:30,373.3,373.35,373.2,373.35,2089,
2017-12-20 12:05:00+05:30,373.35,373.5,373.2,373.3,5918,
2017-12-20 12:06:00+05:30,373.3,373.5,373.3,373.5,2740,
2017-12-20 12:07:00+05:30,373.5,373.5,373.3,373.35,1747,
2017-12-20 12:08:00+05:30,373.35,373.35,373.2,373.2,2135,
2017-12-20 12:09:00+05:30,373.25,373.25,373.1,373.15,3557,
2017-12-20 12:10:00+05:30,373.1,373.2,373.05,373.1,2832,
2017-12-20 12:11:00+05:30,373.05,373.1,373,373.1,4350,
2017-12-20 12:12:00+05:30,373.1,373.1,373,373.05,2543,
2017-12-20 12:13:00+05:30,373.05,373.1,373,373.05,2306,
2017-12-20 12:14:00+05:30,373.05,373.1,373,373.05,3221,
2017-12-20 12:15:00+05:30,373.05,373.1,373,373,2272,
2017-12-20 12:16:00+05:30,373.05,373.1,373,373.05,2187,
2017-12-20 12:17:00+05:30,373.05,373.1,373,373.1,2167,
2017-12-20 12:18:00+05:30,373.1,373.1,373,373,1536,
2017-12-20 12:19:00+05:30,373,373.1,373,373.05,3834,
2017-12-20 12:20:00+05:30,373,373,372.7,372.7,2996,
2017-12-20 12:21:00+05:30,372.7,372.75,372.7,372.75,2878,
2017-12-20 12:22:00+05:30,372.75,372.8,372.7,372.7,1858,
2017-12-20 12:23:00+05:30,372.7,372.7,372.55,372.6,2712,
2017-12-20 12:24:00+05:30,372.65,372.65,372.55,372.6,2014,
2017-12-20 12:25:00+05:30,372.6,372.65,372.55,372.65,1787,
2017-12-20 12:26:00+05:30,372.65,372.65,372.45,372.45,5722,
2017-12-20 12:27:00+05:30,372.45,372.45,372.4,372.45,1944,
2017-12-20 12:28:00+05:30,372.4,372.5,372.4,372.45,2835,
2017-12-20 12:29:00+05:30,372.5,372.6,372.45,372.6,4018,
2017-12-20 12:30:00+05:30,372.6,373.5,372.6,373.05,4928,
2017-12-20 12:31:00+05:30,373,373.05,372.5,372.65,2562,
2017-12-20 12:32:00+05:30,372.55,372.65,372.5,372.5,2652,
2017-12-20 12:33:00+05:30,372.5,372.6,372.45,372.6,1909,
2017-12-20 12:34:00+05:30,372.6,372.65,372.55,372.6,1752,
2017-12-20 12:35:00+05:30,372.65,372.7,372.6,372.7,2145,
2017-12-20 12:36:00+05:30,372.7,372.9,372.7,372.9,2433,
2017-12-20 12:37:00+05:30,372.9,372.9,372.7,372.75,1815,
2017-12-20 12:38:00+05:30,372.75,372.8,372.7,372.7,1646,
2017-12-20 12:39:00+05:30,372.7,372.7,372.7,372.7,1615,
2017-12-20 12:40:00+05:30,372.7,372.7,372.65,372.65,2622,
2017-12-20 12:41:00+05:30,372.7,372.8,372.65,372.75,1931,
2017-12-20 12:42:00+05:30,372.75,372.85,372.6,372.75,2062,
2017-12-20 12:43:00+05:30,372.75,372.75,372.6,372.7,2401,
2017-12-20 12:44:00+05:30,372.7,372.7,372.6,372.7,2273,
2017-12-20 12:45:00+05:30,372.7,372.75,372.65,372.75,2004,
2017-12-20 12:46:00+05:30,372.75,372.75,372.65,372.7,1944,
2017-12-20 12:47:00+05:30,372.7,373,372.5,372.95,6467,
2017-12-20 12:48:00+05:30,372.95,373.05,372.85,373,4899,
2017-12-20 12:49:00+05:30,373,373,372.85,372.95,7969,
2017-12-20 12:50:00+05:30,372.95,373,372.8,372.9,4719,
2017-12-20 12:51:00+05:30,372.9,373.4,372.9,373.3,3596,
2017-12-20 12:52:00+05:30,373.3,373.4,372.85,373.05,4542,
2017-12-20 12:53:00+05:30,373.05,373.15,372.95,373.05,2431,
2017-12-20 12:54:00+05:30,373.05,373.15,373,373.1,1895,
2017-12-20 12:55:00+05:30,373.1,373.15,373.05,373.1,2597,
2017-12-20 12:56:00+05:30,373.1,373.1,373.05,373.05,2009,
2017-12-20 12:57:00+05:30,373.1,373.1,372.95,373,2689,
2017-12-20 12:58:00+05:30,373,373.05,372.95,373.05,1927,
2017-12-20 12:59:00+05:30,373.05,373.05,373,373,1533,
2017-12-20 13:00:00+05:30,373,373.1,372.85,373,2696,
2017-12-20 13:01:00+05:30,373,373.05,372.95,373,1994,
2017-12-20 13:02:00+05:30,373,373.05,372.9,372.9,273473,
2017-12-20 13:03:00+05:30,372.9,373.45,372.9,373.35,5517,
2017-12-20 13:04:00+05:30,373.35,373.4,373.15,373.15,1959,
2017-12-20 13:05:00+05:30,373.15,373.25,372.85,372.85,3032,
2017-12-20 13:06:00+05:30,372.85,372.9,372.8,372.9,2252,
2017-12-20 13:07:00+05:30,372.8,372.95,372.8,372.95,2691,
2017-12-20 13:08:00+05:30,372.95,373.05,372.9,373,3515,
2017-12-20 13:09:00+05:30,373,373.15,373,373.1,1792,
2017-12-20 13:10:00+05:30,373.1,373.3,373.1,373.25,2420,
2017-12-20 13:11:00+05:30,373.3,373.4,373.2,373.4,2265,
2017-12-20 13:12:00+05:30,373.4,373.45,373.2,373.2,2623,
2017-12-20 13:13:00+05:30,373.2,373.3,373.2,373.25,1589,
2017-12-20 13:14:00+05:30,373.3,373.35,373.2,373.2,2186,
2017-12-20 13:15:00+05:30,373.2,373.25,373.15,373.25,1891,
2017-12-20 13:16:00+05:30,373.25,373.25,373.1,373.2,2476,
2017-12-20 13:17:00+05:30,373.2,373.2,373.15,373.15,1729,
2017-12-20 13:18:00+05:30,373.15,373.25,373.1,373.2,1559,
2017-12-20 13:19:00+05:30,373.2,373.25,373.05,373.1,2308,
2017-12-20 13:20:00+05:30,373.1,373.3,373.1,373.25,2079,
2017-12-20 13:21:00+05:30,373.25,373.25,373.15,373.15,1576,
2017-12-20 13:22:00+05:30,373.15,373.15,373,373,1938,
2017-12-20 13:23:00+05:30,373,373.15,373,373.05,1578,
2017-12-20 13:24:00+05:30,373.15,373.2,373,373.2,1946,
2017-12-20 13:25:00+05:30,373.2,373.2,373,373.05,3277,
2017-12-20 13:26:00+05:30,373.05,373.1,373,373.05,1910,
2017-12-20 13:27:00+05:30,373.1,373.15,373.05,373.1,2151,
2017-12-20 13:28:00+05:30,373.1,373.1,373,373,2741,
2017-12-20 13:29:00+05:30,373,373.1,373,373.1,2478,
2017-12-20 13:30:00+05:30,373.1,373.1,373,373,2732,
2017-12-20 13:31:00+05:30,373,373.15,373,373.05,1736,
2017-12-20 13:32:00+05:30,373.05,373.05,372.8,372.9,3018,
2017-12-20 13:33:00+05:30,372.9,372.9,372.85,372.9,2147,
2017-12-20 13:34:00+05:30,372.9,372.9,372.85,372.85,1981,
2017-12-20 13:35:00+05:30,372.85,372.85,372.8,372.85,2224,
2017-12-20 13:36:00+05:30,372.85,372.9,372.85,372.9,2028,
2017-12-20 13:37:00+05:30,372.85,372.9,372.75,372.75,1680,
2017-12-20 13:38:00+05:30,372.75,372.9,372.75,372.85,3084,
2017-12-20 13:39:00+05:30,372.85,372.9,372.85,372.9,2720,
2017-12-20 13:40:00+05:30,372.9,372.95,372.85,372.95,1980,
2017-12-20 13:41:00+05:30,372.95,372.95,372.8,372.95,1768,
2017-12-20 13:42:00+05:30,372.95,373,372.9,373,1989,
2017-12-20 13:43:00+05:30,373,373,372.95,372.95,1830,
2017-12-20 13:44:00+05:30,372.95,372.95,372.9,372.95,1873,
2017-12-20 13:45:00+05:30,372.95,372.95,372.85,372.9,3732,
2017-12-20 13:46:00+05:30,372.9,373.25,372.85,373.15,6016,
2017-12-20 13:47:00+05:30,373.15,373.25,373.1,373.15,2589,
2017-12-20 13:48:00+05:30,373.15,373.25,373.1,373.15,1760,
2017-12-20 13:49:00+05:30,373.15,373.25,373.1,373.15,3446,
2017-12-20 13:50:00+05:30,373.15,373.25,373.1,373.25,1729,
2017-12-20 13:51:00+05:30,373.25,373.25,373,373,2899,
2017-12-20 13:52:00+05:30,373,373,372.75,372.75,3043,
2017-12-20 13:53:00+05:30,372.75,372.95,372.75,372.85,2099,
2017-12-20 13:54:00+05:30,372.85,372.85,372.8,372.8,1746,
2017-12-20 13:55:00+05:30,372.8,372.8,372.75,372.8,2554,
2017-12-20 13:56:00+05:30,372.8,372.85,372.7,372.8,3646,
2017-12-20 13:57:00+05:30,372.8,372.85,372.7,372.85,2416,
2017-12-20 13:58:00+05:30,372.8,372.8,372.75,372.8,2456,
2017-12-20 13:59:00+05:30,372.8,372.8,372.7,372.7,1912,
2017-12-20 14:00:00+05:30,372.75,372.75,372.65,372.65,1746,
2017-12-20 14:01:00+05:30,372.65,372.7,372.55,372.6,3096,
2017-12-20 14:02:00+05:30,372.6,372.7,372.55,372.6,1751,
2017-12-20 14:03:00+05:30,372.6,372.65,372.5,372.6,1971,
2017-12-20 14:04:00+05:30,372.6,372.65,372.5,372.6,2975,
2017-12-20 14:05:00+05:30,372.6,372.65,372.5,372.65,2319,
2017-12-20 14:06:00+05:30,372.65,372.65,372.15,372.3,9661,
2017-12-20 14:07:00+05:30,372.3,372.35,372.15,372.35,4170,
2017-12-20 14:08:00+05:30,372.35,372.45,372.3,372.45,2042,
2017-12-20 14:09:00+05:30,372.45,372.5,372.3,372.4,3894,
2017-12-20 14:10:00+05:30,372.4,372.4,372.1,372.1,2337,
2017-12-20 14:11:00+05:30,372.35,372.35,372.15,372.3,2646,
2017-12-20 14:12:00+05:30,372.3,372.35,372.15,372.3,3388,
2017-12-20 14:13:00+05:30,372.3,372.3,372.05,372.15,7718,
2017-12-20 14:14:00+05:30,372.15,372.15,372.1,372.1,2635,
2017-12-20 14:15:00+05:30,372.15,372.15,372.05,372.1,2491,
2017-12-20 14:16:00+05:30,372.1,372.1,372,372,3984,
2017-12-20 14:17:00+05:30,372.05,372.05,371.5,371.55,24568,
2017-12-20 14:18:00+05:30,371.55,372,371.55,371.9,6381,
2017-12-20 14:19:00+05:30,371.95,372.1,371.9,371.9,2391,
2017-12-20 14:20:00+05:30,371.9,372,371.9,372,1555,
2017-12-20 14:21:00+05:30,372,372.1,372,372,3541,
2017-12-20 14:22:00+05:30,371.95,372,371.9,372,3646,
2017-12-20 14:23:00+05:30,372,372,371.9,372,2110,
2017-12-20 14:24:00+05:30,372,372,371.85,372,2656,
2017-12-20 14:25:00+05:30,372,372,371.8,371.85,2669,
2017-12-20 14:26:00+05:30,371.9,371.9,371.55,371.6,7635,
2017-12-20 14:27:00+05:30,371.6,371.85,371.6,371.8,3813,
2017-12-20 14:28:00+05:30,371.85,371.9,371.75,371.85,4752,
2017-12-20 14:29:00+05:30,371.85,371.85,371.7,371.85,2296,
2017-12-20 14:30:00+05:30,371.85,371.85,371.7,371.8,3781,
2017-12-20 14:31:00+05:30,371.8,371.8,371.55,371.6,4269,
2017-12-20 14:32:00+05:30,371.6,371.7,371.6,371.7,3758,
2017-12-20 14:33:00+05:30,371.7,371.8,371.7,371.8,4230,
2017-12-20 14:34:00+05:30,371.8,373.5,371.7,373.45,21364,
2017-12-20 14:35:00+05:30,373.45,374.1,373.45,373.8,30234,
2017-12-20 14:36:00+05:30,373.8,373.8,373.2,373.7,4046,
2017-12-20 14:37:00+05:30,373.7,374,373.65,373.95,8475,
2017-12-20 14:38:00+05:30,373.95,374.7,373.95,374.35,30740,
2017-12-20 14:39:00+05:30,374.35,374.6,374.15,374.15,7192,
2017-12-20 14:40:00+05:30,374.15,374.65,374.05,374.2,7661,
2017-12-20 14:41:00+05:30,374.2,374.5,374.15,374.15,2803,
2017-12-20 14:42:00+05:30,374.15,374.35,374,374.15,3107,
2017-12-20 14:43:00+05:30,374.15,374.15,373.5,374,9674,
2017-12-20 14:44:00+05:30,374,374.1,373.9,374.1,3465,
2017-12-20 14:45:00+05:30,374,374.2,374,374.2,2713,
2017-12-20 14:46:00+05:30,374.2,374.35,374,374.05,5181,
2017-12-20 14:47:00+05:30,374.05,374.25,374,374,6957,
2017-12-20 14:48:00+05:30,374,374.2,374,374,2705,
2017-12-20 14:49:00+05:30,374.15,374.2,374,374.2,6732,
2017-12-20 14:50:00+05:30,374,374.3,374,374.25,3891,
2017-12-20 14:51:00+05:30,374,374.2,374,374,1427,
2017-12-20 14:52:00+05:30,374,374.2,373.9,374,3031,
2017-12-20 14:53:00+05:30,374,374,373.8,373.85,3202,
2017-12-20 14:54:00+05:30,373.85,373.9,373.65,373.7,2295,
2017-12-20 14:55:00+05:30,373.7,373.9,373.35,373.8,7822,
2017-12-20 14:56:00+05:30,373.8,373.95,373.5,373.55,5507,
2017-12-20 14:57:00+05:30,373.55,373.6,373.45,373.45,3051,
2017-12-20 14:58:00+05:30,373.35,373.7,373.15,373.6,3731,
2017-12-20 14:59:00+05:30,373.7,374.1,373.7,374,10509,
2017-12-20 15:00:00+05:30,374,374.4,374,374,4125,
2017-12-20 15:01:00+05:30,374,374.25,373.8,373.95,2006,
2017-12-20 15:02:00+05:30,373.8,373.8,373.25,373.3,4095,
2017-12-20 15:03:00+05:30,373.5,373.5,372.55,372.8,8195,
2017-12-20 15:04:00+05:30,372.8,373,372.8,372.85,5031,
2017-12-20 15:05:00+05:30,372.9,372.95,372.8,372.8,3803,
2017-12-20 15:06:00+05:30,372.9,372.9,372.2,372.65,5497,
2017-12-20 15:07:00+05:30,372.65,372.75,372.1,372.25,4671,
2017-12-20 15:08:00+05:30,372.5,372.65,372.5,372.55,4068,
2017-12-20 15:09:00+05:30,372.55,372.55,372.1,372.15,13929,
2017-12-20 15:10:00+05:30,372.1,372.95,372.05,372.95,5837,
2017-12-20 15:11:00+05:30,372.75,373.2,372.65,373.15,8162,
2017-12-20 15:12:00+05:30,373.15,373.75,373.15,373.5,5977,
2017-12-20 15:13:00+05:30,373.65,373.65,373.15,373.15,6650,
2017-12-20 15:14:00+05:30,373.4,373.5,373.1,373.3,5087,
2017-12-20 15:15:00+05:30,373.25,374.05,373,374,22708,
2017-12-20 15:16:00+05:30,374,374.1,374,374.05,18713,
2017-12-20 15:17:00+05:30,374,374.5,374,374.4,12523,
2017-12-20 15:18:00+05:30,374.4,374.4,374.3,374.3,11767,
2017-12-20 15:19:00+05:30,374.3,375.05,374.3,375,30175,
2017-12-20 15:20:00+05:30,375,375.5,375,375.5,28952,
2017-12-20 15:21:00+05:30,375.55,376.3,375.55,376.3,35462,
2017-12-20 15:22:00+05:30,376.3,377.45,376.25,376.35,41869,
2017-12-20 15:23:00+05:30,376.35,376.55,376.3,376.5,17310,
2017-12-20 15:24:00+05:30,376.65,376.7,376.5,376.5,12964,
2017-12-20 15:25:00+05:30,376.5,376.55,376,376.2,17256,
2017-12-20 15:26:00+05:30,376.2,377,375,377,24966,
2017-12-20 15:27:00+05:30,377,377.15,377,377.1,21631,
2017-12-20 15:28:00+05:30,377,377,375.4,375.8,14489,
2017-12-20 15:29:00+05:30,376.25,377.5,376,377.5,29015,
2017-12-21 09:15:00+05:30,378.9,378.9,378,378.25,15733,
2017-12-21 09:16:00+05:30,378.3,379.2,378.25,379.2,10375,
2017-12-21 09:17:00+05:30,379.15,379.45,379.15,379.45,13413,
2017-12-21 09:18:00+05:30,379.45,380.8,379.4,380.75,17864,
2017-12-21 09:19:00+05:30,380.95,381.8,380.4,380.4,27355,
2017-12-21 09:20:00+05:30,380.1,380.15,378.75,379,13245,
2017-12-21 09:21:00+05:30,378.95,380,378.95,380,8741,
2017-12-21 09:22:00+05:30,380,380.8,380,380.35,10654,
2017-12-21 09:23:00+05:30,380.4,380.4,379.75,379.85,6309,
2017-12-21 09:24:00+05:30,379.9,380.4,379.9,380.4,8531,
2017-12-21 09:25:00+05:30,380.35,380.4,379.95,379.95,8863,
2017-12-21 09:26:00+05:30,379.95,379.95,379.45,379.45,7107,
2017-12-21 09:27:00+05:30,379.5,379.75,379.5,379.75,5507,
2017-12-21 09:28:00+05:30,379.65,380.5,379.65,380.1,9250,
2017-12-21 09:29:00+05:30,380.1,380.15,379.55,379.65,4918,
2017-12-21 09:30:00+05:30,379.85,379.95,379.55,379.55,3807,
2017-12-21 09:31:00+05:30,379.6,380,379.6,379.95,28136,
2017-12-21 09:32:00+05:30,380,380.1,379.95,380.1,21646,
2017-12-21 09:33:00+05:30,380.1,380.1,379.85,380,4481,
2017-12-21 09:34:00+05:30,379.9,380,379.45,379.5,7890,
2017-12-21 09:35:00+05:30,379.5,379.6,379.15,379.6,7260,
2017-12-21 09:36:00+05:30,379.7,380,379.7,380,6649,
2017-12-21 09:37:00+05:30,380,380,379.8,379.8,3212,
2017-12-21 09:38:00+05:30,379.85,380.3,379.8,380.3,11889,
2017-12-21 09:39:00+05:30,380.3,380.3,379.65,379.65,7462,
2017-12-21 09:40:00+05:30,379.65,379.8,379.65,379.75,1742,
2017-12-21 09:41:00+05:30,379.75,379.75,379.6,379.65,3120,
2017-12-21 09:42:00+05:30,379.7,379.7,379.65,379.65,1131,
2017-12-21 09:43:00+05:30,379.65,379.7,379.65,379.7,2381,
2017-12-21 09:44:00+05:30,379.65,379.85,379.6,379.8,7230,
2017-12-21 09:45:00+05:30,379.85,380.15,379.85,380.15,7146,
2017-12-21 09:46:00+05:30,380.15,380.15,379.9,380.05,9553,
2017-12-21 09:47:00+05:30,380.05,380.2,380.05,380.2,2686,
2017-12-21 09:48:00+05:30,380.2,380.5,380.2,380.4,3141,
2017-12-21 09:49:00+05:30,380.4,380.9,380.4,380.9,6512,
2017-12-21 09:50:00+05:30,380.9,380.95,380.8,380.9,4438,
2017-12-21 09:51:00+05:30,380.9,381,380.85,381,7867,
2017-12-21 09:52:00+05:30,381,381.05,380.75,380.8,5404,
2017-12-21 09:53:00+05:30,380.8,380.85,380.55,380.75,2280,
2017-12-21 09:54:00+05:30,380.5,381,380.4,380.85,16406,
2017-12-21 09:55:00+05:30,380.7,380.95,380.45,380.45,7504,
2017-12-21 09:56:00+05:30,380.65,380.7,380.55,380.65,2727,
2017-12-21 09:57:00+05:30,380.65,380.7,380.55,380.55,1679,
2017-12-21 09:58:00+05:30,380.55,380.6,380.3,380.5,3145,
2017-12-21 09:59:00+05:30,380.3,380.3,379.8,379.85,4627,
2017-12-21 10:00:00+05:30,379.85,379.85,379.15,379.2,3720,
2017-12-21 10:01:00+05:30,379.15,379.2,376.75,377.2,42234,
2017-12-21 10:02:00+05:30,377.45,377.65,375.25,377.3,25547,
2017-12-21 10:03:00+05:30,377.25,379.8,377.25,379.8,9042,
2017-12-21 10:04:00+05:30,379.9,380,378.35,378.95,10232,
2017-12-21 10:05:00+05:30,378.95,378.95,378.55,378.75,3970,
2017-12-21 10:06:00+05:30,378.8,378.85,378.5,378.85,3800,
2017-12-21 10:07:00+05:30,378.85,378.9,378.8,378.9,1081,
2017-12-21 10:08:00+05:30,378.9,379.85,378.9,379.85,5936,
2017-12-21 10:09:00+05:30,379.9,380.5,379.9,380.45,8358,
2017-12-21 10:10:00+05:30,380.45,380.5,380.4,380.5,4731,
2017-12-21 10:11:00+05:30,380.5,380.5,380.15,380.15,1833,
2017-12-21 10:12:00+05:30,380.15,380.2,380,380.05,2467,
2017-12-21 10:13:00+05:30,380.05,380.1,380,380.1,5125,
2017-12-21 10:14:00+05:30,380.1,380.15,380,380.1,3210,
2017-12-21 10:15:00+05:30,380.1,380.6,380,380.6,6375,
2017-12-21 10:16:00+05:30,380.6,380.75,380.55,380.7,2875,
2017-12-21 10:17:00+05:30,380.7,381.45,380.7,381.45,13987,
2017-12-21 10:18:00+05:30,381.2,381.4,380.1,380.35,4658,
2017-12-21 10:19:00+05:30,380.35,380.5,380.35,380.5,3979,
2017-12-21 10:20:00+05:30,380.5,380.5,380.15,380.5,2161,
2017-12-21 10:21:00+05:30,380.55,380.55,380.3,380.3,2168,
2017-12-21 10:22:00+05:30,380.3,380.3,380,380,2499,
2017-12-21 10:23:00+05:30,380,380.15,380,380,1673,
2017-12-21 10:24:00+05:30,380,380.1,379.3,379.3,10065,
2017-12-21 10:25:00+05:30,379.3,379.5,378.6,378.6,3560,
2017-12-21 10:26:00+05:30,378.7,378.9,378.5,378.65,3402,
2017-12-21 10:27:00+05:30,378.7,378.75,378.65,378.75,5001,
2017-12-21 10:28:00+05:30,378.75,378.8,378.75,378.8,1864,
2017-12-21 10:29:00+05:30,378.8,378.85,378.75,378.8,4751,
2017-12-21 10:30:00+05:30,378.8,378.85,378.8,378.85,824,
2017-12-21 10:31:00+05:30,378.85,378.9,378.8,378.9,2258,
2017-12-21 10:32:00+05:30,378.9,379,378.85,379,4469,
2017-12-21 10:33:00+05:30,379,379.75,379,379.7,4371,
2017-12-21 10:34:00+05:30,379.7,379.95,379.7,379.75,4160,
2017-12-21 10:35:00+05:30,379.75,379.75,379.25,379.55,724,
2017-12-21 10:36:00+05:30,379.5,379.5,378.85,378.9,5182,
2017-12-21 10:37:00+05:30,378.9,378.9,378.85,378.9,1292,
2017-12-21 10:38:00+05:30,378.9,378.9,378.5,378.55,1996,
2017-12-21 10:39:00+05:30,378.55,378.95,378.5,378.95,5041,
2017-12-21 10:40:00+05:30,378.95,379,378.5,379,2865,
2017-12-21 10:41:00+05:30,379,379,378.55,378.8,1404,
2017-12-21 10:42:00+05:30,378.8,379,378.8,378.9,1282,
2017-12-21 10:43:00+05:30,378.9,379,378.9,378.9,1961,
2017-12-21 10:44:00+05:30,378.9,379,378.15,378.7,5064,
2017-12-21 10:45:00+05:30,378.7,378.9,378.2,378.8,2405,
2017-12-21 10:46:00+05:30,378.8,378.8,378.75,378.8,1793,
2017-12-21 10:47:00+05:30,378.8,378.8,378.75,378.75,1170,
2017-12-21 10:48:00+05:30,378.8,378.8,378.75,378.75,2422,
2017-12-21 10:49:00+05:30,378.8,378.8,378.75,378.8,3539,
2017-12-21 10:50:00+05:30,378.8,378.85,378.75,378.75,5760,
2017-12-21 10:51:00+05:30,378.8,378.8,378.75,378.8,2683,
2017-12-21 10:52:00+05:30,378.85,378.9,378.8,378.9,2210,
2017-12-21 10:53:00+05:30,378.9,378.9,378.85,378.9,754,
2017-12-21 10:54:00+05:30,378.9,378.95,378.85,378.9,2122,
2017-12-21 10:55:00+05:30,378.9,378.95,378.9,378.95,483,
2017-12-21 10:56:00+05:30,378.95,378.95,378.75,378.75,2778,
2017-12-21 10:57:00+05:30,378.75,378.85,378.75,378.75,2942,
2017-12-21 10:58:00+05:30,378.75,378.75,378,378.15,6950,
2017-12-21 10:59:00+05:30,378.15,378.4,378.05,378.4,1369,
2017-12-21 11:00:00+05:30,378.4,378.4,378.15,378.25,1748,
2017-12-21 11:01:00+05:30,378.25,378.25,377.85,377.85,4748,
2017-12-21 11:02:00+05:30,377.85,377.95,377.55,377.6,2331,
2017-12-21 11:03:00+05:30,377.6,377.6,377.35,377.35,3681,
2017-12-21 11:04:00+05:30,377.5,377.5,377.2,377.35,2182,
2017-12-21 11:05:00+05:30,377.35,377.35,377.25,377.3,3553,
2017-12-21 11:06:00+05:30,377.35,377.55,377.1,377.55,6133,
2017-12-21 11:07:00+05:30,377.55,377.85,377.55,377.85,2510,
2017-12-21 11:08:00+05:30,377.85,377.85,377.7,377.85,2180,
2017-12-21 11:09:00+05:30,377.85,377.95,377.85,377.95,4752,
2017-12-21 11:10:00+05:30,377.95,378.55,377.85,378.55,3528,
2017-12-21 11:11:00+05:30,378.55,378.7,378.5,378.7,1581,
2017-12-21 11:12:00+05:30,378.7,378.75,378.7,378.7,1441,
2017-12-21 11:13:00+05:30,378.7,378.75,378.65,378.7,2259,
2017-12-21 11:14:00+05:30,378.65,378.7,378.5,378.7,1801,
2017-12-21 11:15:00+05:30,378.7,378.75,378.7,378.7,3063,
2017-12-21 11:16:00+05:30,378.75,378.75,378.7,378.75,950,
2017-12-21 11:17:00+05:30,378.75,378.75,378.5,378.5,2067,
2017-12-21 11:18:00+05:30,378.5,378.5,377.55,377.7,1940,
2017-12-21 11:19:00+05:30,377.7,377.7,377.3,377.3,4582,
2017-12-21 11:20:00+05:30,377.3,377.65,377.3,377.65,1815,
2017-12-21 11:21:00+05:30,377.65,377.65,377.6,377.65,2254,
2017-12-21 11:22:00+05:30,377.65,377.65,377.6,377.65,981,
2017-12-21 11:23:00+05:30,377.65,377.7,377.6,377.7,5854,
2017-12-21 11:24:00+05:30,378.5,378.8,378.5,378.5,4592,
2017-12-21 11:25:00+05:30,378.5,378.7,378.5,378.7,1342,
2017-12-21 11:26:00+05:30,378.7,378.7,378.15,378.25,1053,
2017-12-21 11:27:00+05:30,378.25,378.3,377.8,377.8,2410,
2017-12-21 11:28:00+05:30,377.8,377.85,377.65,377.7,2177,
2017-12-21 11:29:00+05:30,377.65,377.65,377.15,377.25,5594,
2017-12-21 11:30:00+05:30,377.2,377.25,377,377.15,8855,
2017-12-21 11:31:00+05:30,377.15,378.5,377.15,378.5,3745,
2017-12-21 11:32:00+05:30,378.5,378.5,377.15,377.9,2769,
2017-12-21 11:33:00+05:30,377.9,377.95,377.85,377.95,1521,
2017-12-21 11:34:00+05:30,377.9,377.95,377.9,377.9,1362,
2017-12-21 11:35:00+05:30,377.9,377.9,377.65,377.75,2024,
2017-12-21 11:36:00+05:30,377.75,377.75,377.7,377.75,1301,
2017-12-21 11:37:00+05:30,377.75,377.75,377.7,377.75,1701,
2017-12-21 11:38:00+05:30,377.75,377.75,377.7,377.75,1633,
2017-12-21 11:39:00+05:30,377.75,377.75,377.7,377.7,1824,
2017-12-21 11:40:00+05:30,377.7,377.8,377.7,377.75,2546,
2017-12-21 11:41:00+05:30,377.75,377.85,377.75,377.85,1746,
2017-12-21 11:42:00+05:30,377.85,377.85,377.8,377.85,1403,
2017-12-21 11:43:00+05:30,377.85,377.85,377.8,377.85,1052,
2017-12-21 11:44:00+05:30,377.85,377.85,377.8,377.85,1109,
2017-12-21 11:45:00+05:30,377.8,377.85,377.8,377.85,2292,
2017-12-21 11:46:00+05:30,377.85,377.85,377.8,377.85,1966,
2017-12-21 11:47:00+05:30,377.85,377.85,377.8,377.85,1729,
2017-12-21 11:48:00+05:30,377.85,377.85,377.65,377.75,2444,
2017-12-21 11:49:00+05:30,377.75,377.75,377.65,377.75,1754,
2017-12-21 11:50:00+05:30,377.7,377.75,377.65,377.7,1982,
2017-12-21 11:51:00+05:30,377.7,377.7,377.2,377.35,1883,
2017-12-21 11:52:00+05:30,377.35,377.35,377.15,377.15,1733,
2017-12-21 11:53:00+05:30,377.15,377.25,377.15,377.25,4142,
2017-12-21 11:54:00+05:30,377.25,377.25,377.2,377.25,2598,
2017-12-21 11:55:00+05:30,377.25,377.25,377.15,377.2,1333,
2017-12-21 11:56:00+05:30,377.2,377.2,377.15,377.2,245,
2017-12-21 11:57:00+05:30,377.15,377.2,377.15,377.15,1974,
2017-12-21 11:58:00+05:30,377.15,377.15,376.9,376.9,3188,
2017-12-21 11:59:00+05:30,376.9,376.9,376.7,376.75,3905,
2017-12-21 12:00:00+05:30,376.7,376.75,376.6,376.65,3560,
2017-12-21 12:01:00+05:30,376.65,376.7,376.6,376.65,2429,
2017-12-21 12:02:00+05:30,376.65,376.65,376.55,376.55,1647,
2017-12-21 12:03:00+05:30,376.55,376.65,376.55,376.65,1782,
2017-12-21 12:04:00+05:30,376.65,376.85,376.6,376.85,6484,
2017-12-21 12:05:00+05:30,376.85,377.45,376.85,377.45,3288,
2017-12-21 12:06:00+05:30,377.45,378.5,377.4,378.5,8499,
2017-12-21 12:07:00+05:30,378.45,378.5,378.3,378.3,3241,
2017-12-21 12:08:00+05:30,378.45,378.45,378,378,3504,
2017-12-21 12:09:00+05:30,378,378,377.95,378,573,
2017-12-21 12:10:00+05:30,378,378,377.95,378,1000,
2017-12-21 12:11:00+05:30,378,378,377.95,377.95,2063,
2017-12-21 12:12:00+05:30,377.95,377.95,377.5,377.55,1868,
2017-12-21 12:13:00+05:30,377.55,377.55,377.3,377.3,1824,
2017-12-21 12:14:00+05:30,377.3,377.35,376.35,376.7,4412,
2017-12-21 12:15:00+05:30,376.5,376.65,376.35,376.6,3617,
2017-12-21 12:16:00+05:30,376.6,377.55,376.55,377.55,4664,
2017-12-21 12:17:00+05:30,377.55,377.85,377.5,377.75,2498,
2017-12-21 12:18:00+05:30,377.75,377.8,377.1,377.75,235,
2017-12-21 12:19:00+05:30,377.75,377.8,377.4,377.75,948,
2017-12-21 12:20:00+05:30,377.75,377.75,377.65,377.7,420,
2017-12-21 12:21:00+05:30,377.7,377.7,377,377,1988,
2017-12-21 12:22:00+05:30,377,377,376.65,376.8,1599,
2017-12-21 12:23:00+05:30,376.8,376.8,376.6,376.65,2391,
2017-12-21 12:24:00+05:30,376.65,376.65,376.55,376.6,2109,
2017-12-21 12:25:00+05:30,376.6,376.65,376.55,376.6,6337,
2017-12-21 12:26:00+05:30,376.65,376.65,376.6,376.65,1375,
2017-12-21 12:27:00+05:30,376.65,376.7,376.65,376.65,1640,
2017-12-21 12:28:00+05:30,376.65,376.8,376.65,376.8,3797,
2017-12-21 12:29:00+05:30,376.8,377.05,376.75,377,1676,
2017-12-21 12:30:00+05:30,377,377,376.95,377,603,
2017-12-21 12:31:00+05:30,377,377.05,377,377.05,1155,
2017-12-21 12:32:00+05:30,377.05,377.1,377,377.1,1170,
2017-12-21 12:33:00+05:30,377.1,377.15,377.1,377.15,3314,
2017-12-21 12:34:00+05:30,377.15,377.2,377.1,377.2,530,
2017-12-21 12:35:00+05:30,377.2,377.2,377.2,377.2,1395,
2017-12-21 12:36:00+05:30,377.2,377.35,377.15,377.35,4773,
2017-12-21 12:37:00+05:30,377.35,377.7,377.35,377.4,2588,
2017-12-21 12:38:00+05:30,377.15,377.6,377,377.6,1629,
2017-12-21 12:39:00+05:30,377.55,377.6,377.15,377.15,938,
2017-12-21 12:40:00+05:30,377.15,377.2,377,377.15,820,
2017-12-21 12:41:00+05:30,377.1,377.25,377.1,377.25,5063,
2017-12-21 12:42:00+05:30,377.25,377.25,377.15,377.2,1968,
2017-12-21 12:43:00+05:30,377.25,377.95,377.2,377.65,8100,
2017-12-21 12:44:00+05:30,377.65,377.65,377.6,377.6,467,
2017-12-21 12:45:00+05:30,377.6,377.75,377.6,377.75,1050,
2017-12-21 12:46:00+05:30,377.75,377.8,377.7,377.8,549,
2017-12-21 12:47:00+05:30,377.8,377.8,377.6,377.6,373,
2017-12-21 12:48:00+05:30,377.6,377.8,377.6,377.6,2421,
2017-12-21 12:49:00+05:30,377.6,377.6,377.1,377.15,1933,
2017-12-21 12:50:00+05:30,377.1,377.1,377.05,377.1,1905,
2017-12-21 12:51:00+05:30,377.1,377.1,377,377.1,3470,
2017-12-21 12:52:00+05:30,377.1,377.1,377.05,377.1,1054,
2017-12-21 12:53:00+05:30,377.1,377.1,376.9,376.9,2150,
2017-12-21 12:54:00+05:30,376.9,376.9,376.6,376.65,1607,
2017-12-21 12:55:00+05:30,376.6,376.65,376.6,376.65,1993,
2017-12-21 12:56:00+05:30,376.65,376.65,376.4,376.5,1718,
2017-12-21 12:57:00+05:30,376.5,376.5,376.35,376.45,1579,
2017-12-21 12:58:00+05:30,376.45,376.45,376.4,376.45,1410,
2017-12-21 12:59:00+05:30,376.45,376.45,376.3,376.35,1735,
2017-12-21 13:00:00+05:30,376.35,376.35,376.3,376.35,2322,
2017-12-21 13:01:00+05:30,376.3,376.35,376.25,376.3,2466,
2017-12-21 13:02:00+05:30,376.25,376.3,376.25,376.3,2320,
2017-12-21 13:03:00+05:30,376.25,376.35,376.25,376.35,4086,
2017-12-21 13:04:00+05:30,376.35,376.4,376.3,376.4,3842,
2017-12-21 13:05:00+05:30,376.4,376.4,376.35,376.4,707,
2017-12-21 13:06:00+05:30,376.4,376.45,376.3,376.45,1346,
2017-12-21 13:07:00+05:30,376.45,376.5,376.45,376.5,1318,
2017-12-21 13:08:00+05:30,376.5,376.5,376.4,376.5,1382,
2017-12-21 13:09:00+05:30,376.5,376.5,376.4,376.4,1425,
2017-12-21 13:10:00+05:30,376.4,376.4,376.35,376.4,1467,
2017-12-21 13:11:00+05:30,376.4,376.4,376.1,376.2,2455,
2017-12-21 13:12:00+05:30,376.2,376.2,376.1,376.1,1858,
2017-12-21 13:13:00+05:30,376.1,376.25,376.1,376.25,4079,
2017-12-21 13:14:00+05:30,376.25,376.35,376.2,376.35,2111,
2017-12-21 13:15:00+05:30,376.35,376.4,376.3,376.35,2265,
2017-12-21 13:16:00+05:30,376.45,376.6,376.45,376.6,1934,
2017-12-21 13:17:00+05:30,376.6,376.7,376.55,376.7,1000,
2017-12-21 13:18:00+05:30,376.7,376.7,376.65,376.7,519,
2017-12-21 13:19:00+05:30,376.7,376.75,376.2,376.75,8330,
2017-12-21 13:20:00+05:30,376.7,376.7,376,376.55,12860,
2017-12-21 13:21:00+05:30,376.55,376.55,376.4,376.5,1331,
2017-12-21 13:22:00+05:30,376.5,376.5,376.4,376.5,1283,
2017-12-21 13:23:00+05:30,376.5,376.5,376.25,376.3,2013,
2017-12-21 13:24:00+05:30,376.3,376.3,376.1,376.3,1728,
2017-12-21 13:25:00+05:30,376.3,376.3,376.1,376.1,2111,
2017-12-21 13:26:00+05:30,376.1,376.3,376.05,376.1,1353,
2017-12-21 13:27:00+05:30,376.05,376.1,376,376.1,3059,
2017-12-21 13:28:00+05:30,376.1,376.1,376,376.1,2386,
2017-12-21 13:29:00+05:30,376.1,376.3,376.1,376.3,6122,
2017-12-21 13:30:00+05:30,376.3,376.8,376.3,376.8,768,
2017-12-21 13:31:00+05:30,376.8,377.15,376.8,377.15,2856,
2017-12-21 13:32:00+05:30,377.15,377.25,377.1,377.25,1028,
2017-12-21 13:33:00+05:30,377.25,377.3,377.25,377.25,2542,
2017-12-21 13:34:00+05:30,377.25,377.3,377.2,377.25,863,
2017-12-21 13:35:00+05:30,377.25,377.3,377.2,377.25,1986,
2017-12-21 13:36:00+05:30,377.2,377.2,376.7,377,1682,
2017-12-21 13:37:00+05:30,377,377.05,376.7,376.75,1496,
2017-12-21 13:38:00+05:30,376.75,376.75,376,376.05,2888,
2017-12-21 13:39:00+05:30,376.05,376.05,375.55,375.55,2881,
2017-12-21 13:40:00+05:30,375.6,375.6,375.5,375.55,2903,
2017-12-21 13:41:00+05:30,375.55,375.55,375.5,375.55,1542,
2017-12-21 13:42:00+05:30,375.55,375.55,375.2,375.25,4181,
2017-12-21 13:43:00+05:30,375.25,375.3,375.2,375.3,3704,
2017-12-21 13:44:00+05:30,375.3,375.35,375.25,375.35,2738,
2017-12-21 13:45:00+05:30,375.35,375.4,375.3,375.4,1156,
2017-12-21 13:46:00+05:30,375.4,375.45,375.4,375.45,1850,
2017-12-21 13:47:00+05:30,375.45,375.5,375.45,375.5,735,
2017-12-21 13:48:00+05:30,375.5,375.55,375.35,375.5,1348,
2017-12-21 13:49:00+05:30,375.5,375.5,375.2,375.3,2165,
2017-12-21 13:50:00+05:30,375.3,375.3,375.15,375.2,1856,
2017-12-21 13:51:00+05:30,375.2,375.2,375.1,375.2,2059,
2017-12-21 13:52:00+05:30,375.2,375.2,375.05,375.1,3012,
2017-12-21 13:53:00+05:30,375.1,375.2,375.1,375.2,3275,
2017-12-21 13:54:00+05:30,375.2,376.05,375.2,376.05,3355,
2017-12-21 13:55:00+05:30,376.05,376.05,375.8,376.05,2236,
2017-12-21 13:56:00+05:30,376.05,376.15,376.05,376.15,1031,
2017-12-21 13:57:00+05:30,376.15,376.2,376.1,376.2,2233,
2017-12-21 13:58:00+05:30,376.2,376.35,376.2,376.35,2412,
2017-12-21 13:59:00+05:30,376.35,377.2,376.35,377.15,5216,
2017-12-21 14:00:00+05:30,377.15,377.2,376.55,376.55,1369,
2017-12-21 14:01:00+05:30,376.55,376.85,376.55,376.85,579,
2017-12-21 14:02:00+05:30,376.85,376.85,376.25,376.3,2290,
2017-12-21 14:03:00+05:30,376.25,376.3,376.25,376.3,2807,
2017-12-21 14:04:00+05:30,376.25,376.3,376.25,376.3,911,
2017-12-21 14:05:00+05:30,376.3,376.3,376.1,376.1,1889,
2017-12-21 14:06:00+05:30,376.1,376.15,376,376.05,2025,
2017-12-21 14:07:00+05:30,376.05,376.05,376,376.05,2054,
2017-12-21 14:08:00+05:30,376.05,376.05,376,376.05,1327,
2017-12-21 14:09:00+05:30,376.05,376.05,376,376.05,2138,
2017-12-21 14:10:00+05:30,376.05,376.95,376,376.35,4950,
2017-12-21 14:11:00+05:30,376.35,377.2,376.35,377.15,3909,
2017-12-21 14:12:00+05:30,377.15,377.45,377.15,377.35,5936,
2017-12-21 14:13:00+05:30,377.4,377.4,377.05,377.1,3747,
2017-12-21 14:14:00+05:30,377.25,377.25,376.85,376.9,3388,
2017-12-21 14:15:00+05:30,376.85,376.95,376.2,376.8,742,
2017-12-21 14:16:00+05:30,376.8,376.8,376.65,376.7,726,
2017-12-21 14:17:00+05:30,376.7,376.7,376.65,376.7,1383,
2017-12-21 14:18:00+05:30,376.7,376.7,376.65,376.7,2054,
2017-12-21 14:19:00+05:30,376.7,376.7,376.65,376.7,1119,
2017-12-21 14:20:00+05:30,376.7,376.7,376.65,376.65,2503,
2017-12-21 14:21:00+05:30,376.65,376.65,376.2,376.65,3458,
2017-12-21 14:22:00+05:30,376.65,376.65,376.6,376.65,1075,
2017-12-21 14:23:00+05:30,376.65,376.65,376.2,376.2,2174,
2017-12-21 14:24:00+05:30,376.2,376.25,376,376,2314,
2017-12-21 14:25:00+05:30,376,376.25,376,376.1,1772,
2017-12-21 14:26:00+05:30,376.1,376.15,376,376,1884,
2017-12-21 14:27:00+05:30,376,376.05,376,376,1421,
2017-12-21 14:28:00+05:30,376.05,376.1,376.05,376.05,5029,
2017-12-21 14:29:00+05:30,376.05,376.15,376.05,376.15,1924,
2017-12-21 14:30:00+05:30,376.15,376.2,376.1,376.2,793,
2017-12-21 14:31:00+05:30,376.2,376.25,376.15,376.25,812,
2017-12-21 14:32:00+05:30,376.25,376.25,376.15,376.15,1440,
2017-12-21 14:33:00+05:30,376.15,376.25,376.15,376.25,1414,
2017-12-21 14:34:00+05:30,376.25,376.25,376.25,376.25,2030,
2017-12-21 14:35:00+05:30,376.25,376.25,376.25,376.25,1133,
2017-12-21 14:36:00+05:30,376.2,376.2,375.7,375.75,4161,
2017-12-21 14:37:00+05:30,375.75,375.8,375.7,375.75,5325,
2017-12-21 14:38:00+05:30,375.8,376.05,375.75,376.05,2904,
2017-12-21 14:39:00+05:30,376.05,376.05,376,376,1637,
2017-12-21 14:40:00+05:30,376,376.05,375.9,376.05,723,
2017-12-21 14:41:00+05:30,376,376.1,376,376.1,3109,
2017-12-21 14:42:00+05:30,376.1,376.45,376.1,376.45,3663,
2017-12-21 14:43:00+05:30,376.5,377.2,376.5,376.95,4121,
2017-12-21 14:44:00+05:30,376.9,377.1,376.6,376.6,4796,
2017-12-21 14:45:00+05:30,376.6,376.95,376.6,376.75,1319,
2017-12-21 14:46:00+05:30,376.75,377.1,376.5,377.1,5550,
2017-12-21 14:47:00+05:30,377.15,377.25,377.1,377.15,3736,
2017-12-21 14:48:00+05:30,377.15,377.15,376.95,377,1164,
2017-12-21 14:49:00+05:30,376.95,377.05,376.55,376.9,1601,
2017-12-21 14:50:00+05:30,376.85,376.85,376.5,376.5,1042,
2017-12-21 14:51:00+05:30,376.5,376.55,376.05,376.05,2561,
2017-12-21 14:52:00+05:30,376.05,376.05,375.9,375.95,4121,
2017-12-21 14:53:00+05:30,375.95,376.55,375.95,376.55,4578,
2017-12-21 14:54:00+05:30,376.55,376.55,376.4,376.5,1398,
2017-12-21 14:55:00+05:30,376.5,376.5,376,376.4,1864,
2017-12-21 14:56:00+05:30,376.4,376.5,376.2,376.4,4405,
2017-12-21 14:57:00+05:30,376.45,376.45,376.35,376.4,2883,
2017-12-21 14:58:00+05:30,376.4,376.6,375.95,376,3969,
2017-12-21 14:59:00+05:30,375.95,376.1,375.95,376.1,1802,
2017-12-21 15:00:00+05:30,376.1,376.15,376.1,376.1,1229,
2017-12-21 15:01:00+05:30,376.15,377.1,376.1,377.1,7762,
2017-12-21 15:02:00+05:30,377.1,377.15,377,377,1685,
2017-12-21 15:03:00+05:30,377,377.1,377,377,2702,
2017-12-21 15:04:00+05:30,377.05,377.05,376.7,376.8,2666,
2017-12-21 15:05:00+05:30,376.75,376.8,376.7,376.7,2399,
2017-12-21 15:06:00+05:30,376.7,376.75,376.6,376.6,2968,
2017-12-21 15:07:00+05:30,376.6,376.65,376.45,376.5,2135,
2017-12-21 15:08:00+05:30,376.55,376.55,376.35,376.4,2718,
2017-12-21 15:09:00+05:30,376.35,376.4,376.3,376.35,2885,
2017-12-21 15:10:00+05:30,376.4,376.4,376.25,376.3,3748,
2017-12-21 15:11:00+05:30,376.3,376.35,376.1,376.35,5731,
2017-12-21 15:12:00+05:30,376.35,376.7,376.35,376.7,2650,
2017-12-21 15:13:00+05:30,376.7,376.7,376.65,376.65,1644,
2017-12-21 15:14:00+05:30,376.65,376.65,376,376,6156,
2017-12-21 15:15:00+05:30,376,376.35,376,376.15,5874,
2017-12-21 15:16:00+05:30,376.2,376.3,376,376.15,4673,
2017-12-21 15:17:00+05:30,376.15,376.7,376.15,376.3,7457,
2017-12-21 15:18:00+05:30,376.3,376.65,376,376.65,4613,
2017-12-21 15:19:00+05:30,376.65,376.75,376.6,376.65,4308,
2017-12-21 15:20:00+05:30,376.65,376.7,376.25,376.3,10640,
2017-12-21 15:21:00+05:30,376.3,376.45,376.1,376.3,2940,
2017-12-21 15:22:00+05:30,376.3,376.3,376.1,376.25,4529,
2017-12-21 15:23:00+05:30,376.2,376.25,375.95,376,20394,
2017-12-21 15:24:00+05:30,376,376,375.85,375.9,14736,
2017-12-21 15:25:00+05:30,375.85,376,375.8,375.85,14049,
2017-12-21 15:26:00+05:30,375.85,375.85,375.6,375.6,8343,
2017-12-21 15:27:00+05:30,375.7,375.8,375.15,375.75,15769,
2017-12-21 15:28:00+05:30,375.7,375.7,375,375.45,20384,
2017-12-21 15:29:00+05:30,375.45,375.5,375,375,8560,
2017-12-22 09:15:00+05:30,376.85,377.8,376.25,377.8,4001,
2017-12-22 09:16:00+05:30,377.9,377.9,377,377,8574,
2017-12-22 09:17:00+05:30,377,377.8,376.55,377.35,4250,
2017-12-22 09:18:00+05:30,377.3,377.5,376.75,377,3482,
2017-12-22 09:19:00+05:30,377,377.3,376.5,376.5,4013,
2017-12-22 09:20:00+05:30,376.5,377.3,376.35,377.3,3606,
2017-12-22 09:21:00+05:30,377.3,377.8,377.3,377.3,2511,
2017-12-22 09:22:00+05:30,377.3,377.8,377.1,377.8,3589,
2017-12-22 09:23:00+05:30,377.7,378,377.7,378,3245,
2017-12-22 09:24:00+05:30,378,378,377.5,377.9,1582,
2017-12-22 09:25:00+05:30,378,378.15,377.55,377.55,5481,
2017-12-22 09:26:00+05:30,377.55,378.25,377.55,378,3397,
2017-12-22 09:27:00+05:30,377.95,378.1,377.5,377.65,4522,
2017-12-22 09:28:00+05:30,377.65,377.95,377.6,377.6,1596,
2017-12-22 09:29:00+05:30,377.6,377.95,377.1,377.4,1357,
2017-12-22 09:30:00+05:30,377.45,377.45,377.1,377.3,1707,
2017-12-22 09:31:00+05:30,377.2,377.2,376.55,376.55,4838,
2017-12-22 09:32:00+05:30,376.65,376.65,376.25,376.65,5940,
2017-12-22 09:33:00+05:30,376.65,376.9,376.65,376.9,6579,
2017-12-22 09:34:00+05:30,376.9,377.75,376.8,377,3468,
2017-12-22 09:35:00+05:30,377,377.75,377,377.55,4174,
2017-12-22 09:36:00+05:30,377.55,377.55,376.95,376.95,2664,
2017-12-22 09:37:00+05:30,376.95,377,376.85,376.95,6822,
2017-12-22 09:38:00+05:30,376.95,377,376.8,377,4966,
2017-12-22 09:39:00+05:30,377,377.1,376.95,377,885,
2017-12-22 09:40:00+05:30,377,377.25,376.9,377.25,832,
2017-12-22 09:41:00+05:30,377.25,377.5,377.25,377.5,635,
2017-12-22 09:42:00+05:30,377.5,377.65,376.85,377.2,2499,
2017-12-22 09:43:00+05:30,377.2,377.25,376.7,377,904,
2017-12-22 09:44:00+05:30,377,377.1,376.55,377.1,809,
2017-12-22 09:45:00+05:30,377.45,377.5,377,377,2089,
2017-12-22 09:46:00+05:30,377.05,377.4,376.85,376.95,981,
2017-12-22 09:47:00+05:30,376.9,377.4,376.85,377.4,544,
2017-12-22 09:48:00+05:30,377.35,377.45,377.05,377.4,703,
2017-12-22 09:49:00+05:30,377.4,377.5,377.1,377.45,3111,
2017-12-22 09:50:00+05:30,377.45,377.45,377,377.35,1047,
2017-12-22 09:51:00+05:30,377.45,377.45,377.1,377.45,2238,
2017-12-22 09:52:00+05:30,377.45,377.45,377.05,377.45,1134,
2017-12-22 09:53:00+05:30,377.45,377.45,377,377.3,1345,
2017-12-22 09:54:00+05:30,377.3,377.35,377.05,377.1,1090,
2017-12-22 09:55:00+05:30,377.1,377.35,377,377.05,886,
2017-12-22 09:56:00+05:30,377,377.45,377,377.45,1909,
2017-12-22 09:57:00+05:30,377.4,377.5,377.15,377.5,1435,
2017-12-22 09:58:00+05:30,377.5,377.5,377.15,377.15,576,
2017-12-22 09:59:00+05:30,377.15,377.5,377.15,377.5,1195,
2017-12-22 10:00:00+05:30,377.5,377.5,377.1,377.45,1711,
2017-12-22 10:01:00+05:30,377.45,377.5,377.05,377.3,2417,
2017-12-22 10:02:00+05:30,377.3,377.3,377.05,377.1,219,
2017-12-22 10:03:00+05:30,377.1,377.5,377.1,377.5,1238,
2017-12-22 10:04:00+05:30,377.5,377.5,377.3,377.45,680,
2017-12-22 10:05:00+05:30,377.15,377.45,377.15,377.4,525,
2017-12-22 10:06:00+05:30,377.45,377.5,377.15,377.25,1393,
2017-12-22 10:07:00+05:30,377.5,377.5,377.3,377.5,1352,
2017-12-22 10:08:00+05:30,377.5,377.5,377.25,377.25,650,
2017-12-22 10:09:00+05:30,377.25,377.5,377.25,377.5,246,
2017-12-22 10:10:00+05:30,377.5,377.5,377.3,377.5,511,
2017-12-22 10:11:00+05:30,377.5,377.5,377.25,377.25,431,
2017-12-22 10:12:00+05:30,377.25,377.5,377.25,377.5,1373,
2017-12-22 10:13:00+05:30,377.45,377.5,377.25,377.45,399,
2017-12-22 10:14:00+05:30,377.25,377.4,377.25,377.4,635,
2017-12-22 10:15:00+05:30,377.4,378.3,377.4,377.5,12499,
2017-12-22 10:16:00+05:30,377.85,378.35,377.45,377.95,2919,
2017-12-22 10:17:00+05:30,378,378,377.45,377.5,1387,
2017-12-22 10:18:00+05:30,377.5,377.95,377.45,377.85,1493,
2017-12-22 10:19:00+05:30,377.85,378,377.65,377.85,1924,
2017-12-22 10:20:00+05:30,377.8,377.9,377.8,377.9,1338,
2017-12-22 10:21:00+05:30,377.9,377.9,377.5,377.8,1691,
2017-12-22 10:22:00+05:30,377.8,377.85,377.45,377.45,775,
2017-12-22 10:23:00+05:30,377.8,378,377.6,378,1142,
2017-12-22 10:24:00+05:30,377.95,378,377.65,377.95,642,
2017-12-22 10:25:00+05:30,377.65,378,377.65,378,921,
2017-12-22 10:26:00+05:30,378,378.15,377.65,378.15,1523,
2017-12-22 10:27:00+05:30,378.15,378.4,378.15,378.4,860,
2017-12-22 10:28:00+05:30,378.4,378.4,378.15,378.35,381,
2017-12-22 10:29:00+05:30,378.25,378.4,378.2,378.35,705,
2017-12-22 10:30:00+05:30,378.2,378.45,378.05,378.4,2900,
2017-12-22 10:31:00+05:30,378.5,380,378.15,380,36056,
2017-12-22 10:32:00+05:30,380,380,379.45,379.45,5574,
2017-12-22 10:33:00+05:30,379.35,380,379.35,379.9,3086,
2017-12-22 10:34:00+05:30,379.9,379.9,379.7,379.75,2892,
2017-12-22 10:35:00+05:30,379.75,379.9,378.15,379.25,4317,
2017-12-22 10:36:00+05:30,379.25,379.45,378.8,379,2583,
2017-12-22 10:37:00+05:30,379,379,378.6,378.9,2900,
2017-12-22 10:38:00+05:30,378.9,379,378.6,378.7,591,
2017-12-22 10:39:00+05:30,378.7,378.95,378.6,378.65,922,
2017-12-22 10:40:00+05:30,378.65,379,378.65,379,1559,
2017-12-22 10:41:00+05:30,378.7,379,378.7,378.7,675,
2017-12-22 10:42:00+05:30,378.7,378.7,378.3,378.3,811,
2017-12-22 10:43:00+05:30,378.3,378.4,378,378.35,1846,
2017-12-22 10:44:00+05:30,378.35,378.7,378.35,378.5,789,
2017-12-22 10:45:00+05:30,378.5,379,378.5,378.6,845,
2017-12-22 10:46:00+05:30,378.6,378.9,378.6,378.9,330,
2017-12-22 10:47:00+05:30,378.9,378.9,378.55,378.85,240,
2017-12-22 10:48:00+05:30,378.85,379,378.55,378.8,3373,
2017-12-22 10:49:00+05:30,378.85,378.9,378.75,378.85,806,
2017-12-22 10:50:00+05:30,378.85,379,378.25,379,451,
2017-12-22 10:51:00+05:30,379,379,378.55,378.85,2591,
2017-12-22 10:52:00+05:30,378.85,379,378.55,379,5662,
2017-12-22 10:53:00+05:30,379,379,378.8,378.8,2221,
2017-12-22 10:54:00+05:30,378.8,379,378.8,378.85,583,
2017-12-22 10:55:00+05:30,378.85,379,378.5,378.6,1718,
2017-12-22 10:56:00+05:30,378.6,378.8,378.55,378.55,845,
2017-12-22 10:57:00+05:30,378.55,378.9,378.55,378.9,532,
2017-12-22 10:58:00+05:30,378.9,379,378.8,378.8,665,
2017-12-22 10:59:00+05:30,378.5,378.8,378.5,378.5,253,
2017-12-22 11:00:00+05:30,378.5,379,378.5,378.95,1865,
2017-12-22 11:01:00+05:30,378.95,379,378.6,378.95,670,
2017-12-22 11:02:00+05:30,378.95,379,378.5,378.5,1204,
2017-12-22 11:03:00+05:30,378.5,379,378.5,378.95,1994,
2017-12-22 11:04:00+05:30,378.95,378.95,378.5,378.5,712,
2017-12-22 11:05:00+05:30,378.5,378.95,378.5,378.95,305,
2017-12-22 11:06:00+05:30,378.95,379,378.3,378.9,3048,
2017-12-22 11:07:00+05:30,378.9,378.9,378.2,378.55,949,
2017-12-22 11:08:00+05:30,378.55,378.55,378.45,378.5,1195,
2017-12-22 11:09:00+05:30,378.5,378.65,378.5,378.5,517,
2017-12-22 11:10:00+05:30,378.5,378.6,378,378.4,4249,
2017-12-22 11:11:00+05:30,378.4,378.45,378.05,378.2,217,
2017-12-22 11:12:00+05:30,378.2,378.3,377.9,378.05,1025,
2017-12-22 11:13:00+05:30,378.05,378.05,377.9,377.9,124,
2017-12-22 11:14:00+05:30,377.9,378.15,377.85,377.85,410,
2017-12-22 11:15:00+05:30,377.85,378.1,377.85,378.1,1435,
2017-12-22 11:16:00+05:30,378.1,378.4,378,378,850,
2017-12-22 11:17:00+05:30,378,378.3,377.6,378,619,
2017-12-22 11:18:00+05:30,378,378.05,377.7,377.95,1012,
2017-12-22 11:19:00+05:30,377.95,378.4,377.65,378.4,1361,
2017-12-22 11:20:00+05:30,378.15,378.4,377.8,378.05,166,
2017-12-22 11:21:00+05:30,378.05,378.35,378,378,2277,
2017-12-22 11:22:00+05:30,378,378,377.85,378,696,
2017-12-22 11:23:00+05:30,377.85,378.2,377.6,378,934,
2017-12-22 11:24:00+05:30,378,378,377.6,377.65,484,
2017-12-22 11:25:00+05:30,377.65,378.2,377.6,378.2,1196,
2017-12-22 11:26:00+05:30,377.65,378.3,377.5,378.15,912,
2017-12-22 11:27:00+05:30,378.15,378.15,377.95,378,642,
2017-12-22 11:28:00+05:30,378,378.1,377.7,377.7,226,
2017-12-22 11:29:00+05:30,377.7,377.8,377.7,377.7,257,
2017-12-22 11:30:00+05:30,377.7,378.05,377.7,377.8,870,
2017-12-22 11:31:00+05:30,377.8,378.05,377.75,377.95,771,
2017-12-22 11:32:00+05:30,378.05,378.1,377.75,377.8,1115,
2017-12-22 11:33:00+05:30,378,378.3,378,378.25,1612,
2017-12-22 11:34:00+05:30,378.25,378.25,378,378,314,
2017-12-22 11:35:00+05:30,378,378,377.75,378,463,
2017-12-22 11:36:00+05:30,378,378,377.7,377.7,467,
2017-12-22 11:37:00+05:30,377.75,378,377.75,378,330,
2017-12-22 11:38:00+05:30,378,378.2,377.7,378.15,2704,
2017-12-22 11:39:00+05:30,378.15,378.2,377.7,377.75,3927,
2017-12-22 11:40:00+05:30,377.75,378,377.7,377.7,4387,
2017-12-22 11:41:00+05:30,377.7,377.75,377.65,377.75,2686,
2017-12-22 11:42:00+05:30,377.7,377.75,377.6,377.75,532,
2017-12-22 11:43:00+05:30,377.75,377.75,377.55,377.75,304,
2017-12-22 11:44:00+05:30,377.75,377.75,377.5,377.5,529,
2017-12-22 11:45:00+05:30,377.7,377.7,377.35,377.35,1292,
2017-12-22 11:46:00+05:30,377.45,377.9,377.25,377.55,1953,
2017-12-22 11:47:00+05:30,377.85,377.95,377.3,377.5,2534,
2017-12-22 11:48:00+05:30,377.95,377.95,377.55,377.55,1821,
2017-12-22 11:49:00+05:30,377.55,377.8,377.45,377.45,1091,
2017-12-22 11:50:00+05:30,377.45,377.7,377.3,377.35,972,
2017-12-22 11:51:00+05:30,377.3,377.55,377.3,377.35,976,
2017-12-22 11:52:00+05:30,377.35,377.55,377.35,377.35,1627,
2017-12-22 11:53:00+05:30,377.35,377.55,377.3,377.3,717,
2017-12-22 11:54:00+05:30,377.3,377.6,377.15,377.25,1116,
2017-12-22 11:55:00+05:30,377.25,377.6,377.15,377.6,1993,
2017-12-22 11:56:00+05:30,377.6,377.6,377.2,377.5,1105,
2017-12-22 11:57:00+05:30,377.5,377.5,377.15,377.2,1876,
2017-12-22 11:58:00+05:30,377.2,377.2,377.15,377.15,7693,
2017-12-22 11:59:00+05:30,377.15,377.15,377.1,377.15,714,
2017-12-22 12:00:00+05:30,377.15,377.15,377.1,377.15,1817,
2017-12-22 12:01:00+05:30,377.15,377.8,377.05,377.7,2222,
2017-12-22 12:02:00+05:30,377.7,377.8,377.05,377.1,1938,
2017-12-22 12:03:00+05:30,377.1,377.45,377.1,377.2,1068,
2017-12-22 12:04:00+05:30,377.45,377.45,377,377.25,2184,
2017-12-22 12:05:00+05:30,377.3,377.4,377,377,1041,
2017-12-22 12:06:00+05:30,377,377.35,377,377.1,1406,
2017-12-22 12:07:00+05:30,377.05,377.05,376.85,376.95,5416,
2017-12-22 12:08:00+05:30,376.95,377,376.7,376.95,798,
2017-12-22 12:09:00+05:30,376.95,377,376.75,376.95,616,
2017-12-22 12:10:00+05:30,376.9,377,376.8,376.9,2744,
2017-12-22 12:11:00+05:30,376.9,376.9,376.7,376.8,335,
2017-12-22 12:12:00+05:30,376.8,376.9,376.8,376.9,489,
2017-12-22 12:13:00+05:30,376.9,376.9,376.85,376.9,517,
2017-12-22 12:14:00+05:30,376.9,377,376.8,376.8,1781,
2017-12-22 12:15:00+05:30,376.8,377,376.7,377,1317,
2017-12-22 12:16:00+05:30,377,377,376.75,377,891,
2017-12-22 12:17:00+05:30,377,377,376.95,377,2870,
2017-12-22 12:18:00+05:30,377,377,376.65,376.65,6200,
2017-12-22 12:19:00+05:30,376.65,376.95,376.55,376.55,1090,
2017-12-22 12:20:00+05:30,376.6,376.95,376.55,376.6,960,
2017-12-22 12:21:00+05:30,376.6,377,376.55,376.95,1674,
2017-12-22 12:22:00+05:30,376.95,377,376.95,377,458,
2017-12-22 12:23:00+05:30,376.95,377,376.9,376.95,495,
2017-12-22 12:24:00+05:30,376.95,377,376.95,377,148,
2017-12-22 12:25:00+05:30,377,377,376.95,376.95,2052,
2017-12-22 12:26:00+05:30,376.95,377,376.7,376.95,1279,
2017-12-22 12:27:00+05:30,376.95,377,376.95,377,796,
2017-12-22 12:28:00+05:30,377,377,376.55,376.55,3594,
2017-12-22 12:29:00+05:30,376.55,376.9,376.55,376.8,151,
2017-12-22 12:30:00+05:30,376.8,377,376.7,377,1507,
2017-12-22 12:31:00+05:30,377,377,376.8,377,2298,
2017-12-22 12:32:00+05:30,377,377,376.95,377,216,
2017-12-22 12:33:00+05:30,377,377,376.95,377,192,
2017-12-22 12:34:00+05:30,377,377,376.75,376.75,392,
2017-12-22 12:35:00+05:30,376.8,376.95,376.75,376.95,235,
2017-12-22 12:36:00+05:30,376.95,376.95,376.75,376.95,383,
2017-12-22 12:37:00+05:30,376.95,376.95,376.95,376.95,175,
2017-12-22 12:38:00+05:30,376.95,377,376.9,377,750,
2017-12-22 12:39:00+05:30,377,377,376.9,376.95,105,
2017-12-22 12:40:00+05:30,376.9,377,376.9,376.95,875,
2017-12-22 12:41:00+05:30,376.95,377,376.95,377,78,
2017-12-22 12:42:00+05:30,377,377,376.9,377,1207,
2017-12-22 12:43:00+05:30,377,377,376.9,377,930,
2017-12-22 12:44:00+05:30,377,377,376.7,377,1117,
2017-12-22 12:45:00+05:30,377,377,376.95,377,2621,
2017-12-22 12:46:00+05:30,377,377,376.9,376.9,5792,
2017-12-22 12:47:00+05:30,376.9,377,376.85,376.95,6838,
2017-12-22 12:48:00+05:30,376.95,377,376.8,377,379,
2017-12-22 12:49:00+05:30,377,377.05,376.95,377.05,960,
2017-12-22 12:50:00+05:30,376.85,377.25,376.8,376.9,1174,
2017-12-22 12:51:00+05:30,376.9,377,376.75,377,1432,
2017-12-22 12:52:00+05:30,377,377.25,376.95,377.1,1541,
2017-12-22 12:53:00+05:30,377.1,377.1,376.95,377,343,
2017-12-22 12:54:00+05:30,377,377,376.7,377,1599,
2017-12-22 12:55:00+05:30,376.95,377,376.95,376.95,85,
2017-12-22 12:56:00+05:30,376.95,376.95,376.65,376.65,290,
2017-12-22 12:57:00+05:30,376.65,377,376.65,376.95,134,
2017-12-22 12:58:00+05:30,376.95,377,376.55,376.75,506,
2017-12-22 12:59:00+05:30,376.75,377,376.65,376.95,159,
2017-12-22 13:00:00+05:30,376.95,376.95,376.9,376.9,435,
2017-12-22 13:01:00+05:30,376.9,376.95,376.65,376.65,59,
2017-12-22 13:02:00+05:30,376.65,377,376.65,376.95,783,
2017-12-22 13:03:00+05:30,376.95,376.95,376.95,376.95,99,
2017-12-22 13:04:00+05:30,376.95,376.95,376.95,376.95,549,
2017-12-22 13:05:00+05:30,376.95,376.95,376.9,376.95,146,
2017-12-22 13:06:00+05:30,376.9,376.95,376.9,376.95,572,
2017-12-22 13:07:00+05:30,376.95,376.95,376.95,376.95,450,
2017-12-22 13:08:00+05:30,376.95,376.95,376.65,376.95,281,
2017-12-22 13:09:00+05:30,376.95,376.95,376.95,376.95,431,
2017-12-22 13:10:00+05:30,376.95,376.95,376.9,376.9,1114,
2017-12-22 13:11:00+05:30,376.9,376.95,376.75,376.95,198,
2017-12-22 13:12:00+05:30,376.95,376.95,376.9,376.95,50,
2017-12-22 13:13:00+05:30,376.7,377,376.7,377,954,
2017-12-22 13:14:00+05:30,377,377,377,377,329,
2017-12-22 13:15:00+05:30,377,377.05,376.7,377,912,
2017-12-22 13:16:00+05:30,377,377,376.95,377,1218,
2017-12-22 13:17:00+05:30,377,377,376.95,377,1006,
2017-12-22 13:18:00+05:30,377,377,377,377,504,
2017-12-22 13:19:00+05:30,377,377,376.95,377,556,
2017-12-22 13:20:00+05:30,377,377,376.95,376.95,783,
2017-12-22 13:21:00+05:30,376.95,377,376.8,377,421,
2017-12-22 13:22:00+05:30,377,377,376.7,377,237,
2017-12-22 13:23:00+05:30,377,377,376.95,377,730,
2017-12-22 13:24:00+05:30,377,377,376.25,376.5,8294,
2017-12-22 13:25:00+05:30,376.5,376.5,376.25,376.5,1841,
2017-12-22 13:26:00+05:30,376.5,376.5,376.45,376.5,300,
2017-12-22 13:27:00+05:30,376.5,376.55,376.45,376.55,1836,
2017-12-22 13:28:00+05:30,376.55,376.85,376.45,376.85,318,
2017-12-22 13:29:00+05:30,376.85,377,376.85,377,734,
2017-12-22 13:30:00+05:30,377,377,376.6,376.9,330,
2017-12-22 13:31:00+05:30,376.9,376.95,376.75,376.95,908,
2017-12-22 13:32:00+05:30,376.95,377,376.6,376.95,1823,
2017-12-22 13:33:00+05:30,376.95,377,376.95,376.95,121,
2017-12-22 13:34:00+05:30,376.95,377,376.9,376.9,1079,
2017-12-22 13:35:00+05:30,376.9,376.95,376.9,376.9,120,
2017-12-22 13:36:00+05:30,376.9,377,376.6,376.9,224,
2017-12-22 13:37:00+05:30,376.9,376.9,376.8,376.9,230,
2017-12-22 13:38:00+05:30,376.9,377,376.9,377,740,
2017-12-22 13:39:00+05:30,376.8,377,376.3,377,1858,
2017-12-22 13:40:00+05:30,377,377,376.5,376.9,608,
2017-12-22 13:41:00+05:30,376.9,376.95,376.5,376.95,180,
2017-12-22 13:42:00+05:30,376.95,376.95,376.9,376.9,65,
2017-12-22 13:43:00+05:30,376.9,376.9,376.5,376.85,1222,
2017-12-22 13:44:00+05:30,376.9,376.9,376.85,376.9,593,
2017-12-22 13:45:00+05:30,376.9,376.95,376.85,376.9,440,
2017-12-22 13:46:00+05:30,376.95,377.05,376.8,376.9,7407,
2017-12-22 13:47:00+05:30,376.9,377,376.75,377,1276,
2017-12-22 13:48:00+05:30,377,377.2,376.95,377.2,1072,
2017-12-22 13:49:00+05:30,377,377.95,376.9,377.2,8770,
2017-12-22 13:50:00+05:30,377.3,377.6,376.95,377.05,2196,
2017-12-22 13:51:00+05:30,377.1,377.2,377,377,509,
2017-12-22 13:52:00+05:30,377,377.15,376.9,377.1,474,
2017-12-22 13:53:00+05:30,377.1,377.1,376.9,377.1,137,
2017-12-22 13:54:00+05:30,377.1,377.2,376.9,377,2144,
2017-12-22 13:55:00+05:30,377,377,376.9,377,550,
2017-12-22 13:56:00+05:30,377,377,376.55,376.55,1745,
2017-12-22 13:57:00+05:30,376.55,376.55,376.35,376.35,619,
2017-12-22 13:58:00+05:30,376.35,376.9,376.3,376.35,397,
2017-12-22 13:59:00+05:30,376.35,376.4,376.35,376.4,107,
2017-12-22 14:00:00+05:30,376.4,376.95,376.3,376.5,850,
2017-12-22 14:01:00+05:30,376.5,376.85,376.5,376.75,135,
2017-12-22 14:02:00+05:30,376.75,376.85,376.7,376.75,286,
2017-12-22 14:03:00+05:30,376.7,377,376.7,377,611,
2017-12-22 14:04:00+05:30,377,377,376.9,377,525,
2017-12-22 14:05:00+05:30,377,377,376.65,376.65,437,
2017-12-22 14:06:00+05:30,376.65,377,376.6,376.6,1009,
2017-12-22 14:07:00+05:30,376.6,376.6,376.55,376.55,100,
2017-12-22 14:08:00+05:30,376.55,376.85,376.55,376.6,418,
2017-12-22 14:09:00+05:30,376.6,376.9,376.6,376.9,175,
2017-12-22 14:10:00+05:30,376.9,376.95,376.7,376.7,100,
2017-12-22 14:11:00+05:30,376.7,376.95,376.6,376.6,125,
2017-12-22 14:12:00+05:30,376.6,376.95,376.6,376.95,135,
2017-12-22 14:13:00+05:30,376.95,376.95,376.65,376.65,189,
2017-12-22 14:14:00+05:30,376.65,376.85,376.5,376.5,867,
2017-12-22 14:15:00+05:30,376.5,376.8,376.4,376.5,827,
2017-12-22 14:16:00+05:30,376.5,376.5,376.35,376.35,546,
2017-12-22 14:17:00+05:30,376.4,376.95,376.15,376.95,3589,
2017-12-22 14:18:00+05:30,376.95,376.95,376.4,376.5,2031,
2017-12-22 14:19:00+05:30,376.45,376.45,376.35,376.4,316,
2017-12-22 14:20:00+05:30,376.4,376.7,376.3,376.7,685,
2017-12-22 14:21:00+05:30,376.7,376.8,376.6,376.6,768,
2017-12-22 14:22:00+05:30,376.6,376.85,376.4,376.75,907,
2017-12-22 14:23:00+05:30,376.75,376.8,376.35,376.8,1273,
2017-12-22 14:24:00+05:30,376.8,377,376.45,376.9,3432,
2017-12-22 14:25:00+05:30,376.9,377.15,376.4,376.8,5930,
2017-12-22 14:26:00+05:30,376.7,377.2,376.7,376.95,3936,
2017-12-22 14:27:00+05:30,377,377,376.35,376.55,3714,
2017-12-22 14:28:00+05:30,376.65,376.8,376.3,376.4,1731,
2017-12-22 14:29:00+05:30,376.5,376.5,376.15,376.15,2628,
2017-12-22 14:30:00+05:30,376.15,376.3,376.1,376.2,2158,
2017-12-22 14:31:00+05:30,376.2,376.5,376.1,376.25,2169,
2017-12-22 14:32:00+05:30,376.25,376.9,376.2,376.3,3780,
2017-12-22 14:33:00+05:30,376.35,376.35,376.2,376.25,2353,
2017-12-22 14:34:00+05:30,376.45,376.5,376.25,376.3,2395,
2017-12-22 14:35:00+05:30,376.45,376.5,376.05,376.1,2667,
2017-12-22 14:36:00+05:30,376.1,376.3,376.05,376.15,2522,
2017-12-22 14:37:00+05:30,376.25,376.5,375.65,375.7,7052,
2017-12-22 14:38:00+05:30,375.7,375.8,375.35,375.8,7177,
2017-12-22 14:39:00+05:30,375.8,376,375.2,375.2,3607,
2017-12-22 14:40:00+05:30,375.2,375.75,375.05,375.1,2495,
2017-12-22 14:41:00+05:30,375.05,375.45,375,375.1,3888,
2017-12-22 14:42:00+05:30,375.1,375.4,375.1,375.4,2728,
2017-12-22 14:43:00+05:30,375.1,375.5,375.05,375.1,4381,
2017-12-22 14:44:00+05:30,375.05,375.3,375,375.3,2338,
2017-12-22 14:45:00+05:30,375.3,375.55,375.1,375.4,2148,
2017-12-22 14:46:00+05:30,375.4,375.4,375,375,4203,
2017-12-22 14:47:00+05:30,375,375.35,375,375,2980,
2017-12-22 14:48:00+05:30,375,375.25,374.6,374.9,6241,
2017-12-22 14:49:00+05:30,374.9,375,374.75,375,1601,
2017-12-22 14:50:00+05:30,375,375.15,374.85,374.85,789,
2017-12-22 14:51:00+05:30,374.85,375.25,374.85,375,1864,
2017-12-22 14:52:00+05:30,375,375,374.85,374.9,1747,
2017-12-22 14:53:00+05:30,374.9,375.05,374.75,374.75,2282,
2017-12-22 14:54:00+05:30,375.25,375.25,374.75,374.85,3573,
2017-12-22 14:55:00+05:30,374.8,374.95,374.5,374.5,2528,
2017-12-22 14:56:00+05:30,374.5,374.9,374.5,374.55,3081,
2017-12-22 14:57:00+05:30,374.55,374.8,374.5,374.5,2657,
2017-12-22 14:58:00+05:30,374.5,374.9,374.45,374.65,1579,
2017-12-22 14:59:00+05:30,374.65,374.9,374.45,374.5,4027,
2017-12-22 15:00:00+05:30,374.5,375.5,374.45,375.2,2021,
2017-12-22 15:01:00+05:30,375.25,375.7,374.45,374.75,3503,
2017-12-22 15:02:00+05:30,374.5,375,374.4,374.6,2773,
2017-12-22 15:03:00+05:30,374.6,374.6,374.25,374.25,1917,
2017-12-22 15:04:00+05:30,374.25,374.5,374.2,374.5,2508,
2017-12-22 15:05:00+05:30,374.5,374.65,374.2,374.3,6318,
2017-12-22 15:06:00+05:30,374.3,374.5,374.3,374.4,4177,
2017-12-22 15:07:00+05:30,374.7,374.85,374.45,374.5,680,
2017-12-22 15:08:00+05:30,374.5,375,374.45,374.8,6179,
2017-12-22 15:09:00+05:30,374.8,375,374.45,374.8,2388,
2017-12-22 15:10:00+05:30,374.8,374.8,374.45,374.5,3698,
2017-12-22 15:11:00+05:30,374.5,374.75,374.25,374.5,3977,
2017-12-22 15:12:00+05:30,374.25,374.8,374.2,374.3,1909,
2017-12-22 15:13:00+05:30,374.3,374.7,374.3,374.7,5229,
2017-12-22 15:14:00+05:30,374.7,374.7,374.45,374.7,2300,
2017-12-22 15:15:00+05:30,374.7,374.7,374.3,374.5,4781,
2017-12-22 15:16:00+05:30,374.5,374.9,374.4,374.5,7506,
2017-12-22 15:17:00+05:30,374.7,374.9,374.3,374.7,4735,
2017-12-22 15:18:00+05:30,374.6,374.7,374.4,374.4,2286,
2017-12-22 15:19:00+05:30,374.4,374.85,374.4,374.4,6445,
2017-12-22 15:20:00+05:30,374.5,374.6,374.4,374.4,6451,
2017-12-22 15:21:00+05:30,374.75,374.75,374.4,374.7,7060,
2017-12-22 15:22:00+05:30,374.7,374.7,374.4,374.4,8797,
2017-12-22 15:23:00+05:30,374.4,374.7,374.3,374.65,8580,
2017-12-22 15:24:00+05:30,374.45,374.75,374.4,374.75,10099,
2017-12-22 15:25:00+05:30,374.75,374.75,374.3,374.35,7231,
2017-12-22 15:26:00+05:30,374.65,374.7,374.25,374.5,5032,
2017-12-22 15:27:00+05:30,374.5,374.65,374.3,374.55,8705,
2017-12-22 15:28:00+05:30,374.6,374.6,374.3,374.5,10213,
2017-12-22 15:29:00+05:30,374.5,374.5,374.3,374.3,11854,
2017-12-26 09:15:00+05:30,376.8,376.8,375.3,375.55,6100,
2017-12-26 09:16:00+05:30,375,375.9,374.55,375.75,5594,
2017-12-26 09:17:00+05:30,375.75,376,375.5,375.95,5998,
2017-12-26 09:18:00+05:30,375.95,375.95,375.25,375.65,2047,
2017-12-26 09:19:00+05:30,375.65,375.95,375.55,375.8,5248,
2017-12-26 09:20:00+05:30,375.7,375.7,375.25,375.7,2661,
2017-12-26 09:21:00+05:30,375,375.75,375,375.3,1848,
2017-12-26 09:22:00+05:30,375.5,375.9,375.3,375.7,2043,
2017-12-26 09:23:00+05:30,375.1,375.7,375.1,375.6,694,
2017-12-26 09:24:00+05:30,375.4,375.4,375.1,375.2,2188,
2017-12-26 09:25:00+05:30,375.2,375.55,375.2,375.55,509,
2017-12-26 09:26:00+05:30,375.55,375.55,374.6,374.65,6271,
2017-12-26 09:27:00+05:30,374.65,374.65,374.5,374.5,2352,
2017-12-26 09:28:00+05:30,374.65,375,374.6,375,5003,
2017-12-26 09:29:00+05:30,375.4,375.7,375,375.7,1181,
2017-12-26 09:30:00+05:30,375.45,375.65,374.75,375,2334,
2017-12-26 09:31:00+05:30,375,375,374.5,374.9,3561,
2017-12-26 09:32:00+05:30,375,375.35,374.9,375.3,4478,
2017-12-26 09:33:00+05:30,375.3,375.3,374.85,374.95,2452,
2017-12-26 09:34:00+05:30,374.45,375,374.45,374.7,1049,
2017-12-26 09:35:00+05:30,374.7,374.9,374,374,5844,
2017-12-26 09:36:00+05:30,374,375,374,374.95,1806,
2017-12-26 09:37:00+05:30,374.85,375,374.5,374.5,2019,
2017-12-26 09:38:00+05:30,374.5,374.5,374.45,374.5,945,
2017-12-26 09:39:00+05:30,374.5,374.5,374.2,374.25,2056,
2017-12-26 09:40:00+05:30,374.35,374.95,374,374.95,4292,
2017-12-26 09:41:00+05:30,374.85,374.85,374,374,3914,
2017-12-26 09:42:00+05:30,374.35,374.9,374.35,374.9,3786,
2017-12-26 09:43:00+05:30,374.9,375,374.1,374.1,1737,
2017-12-26 09:44:00+05:30,374.1,374.8,374.05,374.8,216,
2017-12-26 09:45:00+05:30,374.8,374.8,374.2,374.8,462,
2017-12-26 09:46:00+05:30,374.8,374.8,374.3,374.8,651,
2017-12-26 09:47:00+05:30,374.8,374.8,374.75,374.8,551,
2017-12-26 09:48:00+05:30,374.8,375,374.65,375,7888,
2017-12-26 09:49:00+05:30,375,375,374,374.5,716,
2017-12-26 09:50:00+05:30,374.5,374.5,374.1,374.3,1262,
2017-12-26 09:51:00+05:30,374.25,374.95,374.1,374.95,2185,
2017-12-26 09:52:00+05:30,374.95,375,374.95,374.95,485,
2017-12-26 09:53:00+05:30,374.95,375,374.1,374.9,1740,
2017-12-26 09:54:00+05:30,374.9,374.9,374.45,374.75,468,
2017-12-26 09:55:00+05:30,374.75,374.9,374.2,374.9,1796,
2017-12-26 09:56:00+05:30,374.9,375.5,374.85,375.5,2643,
2017-12-26 09:57:00+05:30,375.65,376,375.15,375.15,2305,
2017-12-26 09:58:00+05:30,375.4,375.95,375,375.95,1225,
2017-12-26 09:59:00+05:30,375.95,376,375.05,375.9,696,
2017-12-26 10:00:00+05:30,376,376,375.8,375.8,483,
2017-12-26 10:01:00+05:30,375.8,375.85,375,375.8,924,
2017-12-26 10:02:00+05:30,375.8,375.85,375.7,375.85,679,
2017-12-26 10:03:00+05:30,375.85,375.85,375.5,375.5,971,
2017-12-26 10:04:00+05:30,375.5,375.85,375,375.45,1105,
2017-12-26 10:05:00+05:30,375.45,375.8,375,375.75,570,
2017-12-26 10:06:00+05:30,375.75,375.85,375.65,375.65,215,
2017-12-26 10:07:00+05:30,375.05,375.8,374.5,374.5,1538,
2017-12-26 10:08:00+05:30,374.5,375,374.5,374.85,1175,
2017-12-26 10:09:00+05:30,374.85,375.5,374.7,375.5,814,
2017-12-26 10:10:00+05:30,375.6,375.75,374.75,375,245,
2017-12-26 10:11:00+05:30,375,375.35,374.75,375.3,332,
2017-12-26 10:12:00+05:30,375.3,375.4,374.95,375,1176,
2017-12-26 10:13:00+05:30,374.75,375.45,374.75,375.4,1052,
2017-12-26 10:14:00+05:30,375.5,375.85,375.5,375.85,1381,
2017-12-26 10:15:00+05:30,375.85,375.85,375.5,375.85,540,
2017-12-26 10:16:00+05:30,375.85,375.85,375.1,375.7,2972,
2017-12-26 10:17:00+05:30,375.7,375.9,375,375,2118,
2017-12-26 10:18:00+05:30,375,376,375,375.1,1667,
2017-12-26 10:19:00+05:30,375.1,375.9,375.1,375.9,343,
2017-12-26 10:20:00+05:30,375.9,375.9,375.1,375.6,503,
2017-12-26 10:21:00+05:30,375.6,375.8,375.1,375.45,815,
2017-12-26 10:22:00+05:30,375.45,375.75,375.1,375.75,361,
2017-12-26 10:23:00+05:30,375.6,375.6,375.4,375.45,535,
2017-12-26 10:24:00+05:30,375.45,375.45,375,375,2212,
2017-12-26 10:25:00+05:30,375,375.5,375,375.5,423,
2017-12-26 10:26:00+05:30,375.5,375.5,375.05,375.45,214,
2017-12-26 10:27:00+05:30,375.45,375.45,375.05,375.45,273,
2017-12-26 10:28:00+05:30,375.45,375.45,375.45,375.45,30,
2017-12-26 10:29:00+05:30,375.05,375.45,375,375.4,769,
2017-12-26 10:30:00+05:30,375.4,375.45,375,375.4,466,
2017-12-26 10:31:00+05:30,375.4,375.4,375,375.35,498,
2017-12-26 10:32:00+05:30,375.35,375.45,374.9,374.9,1530,
2017-12-26 10:33:00+05:30,374.9,374.9,374.5,374.9,939,
2017-12-26 10:34:00+05:30,374.9,375,374.65,374.65,362,
2017-12-26 10:35:00+05:30,375,375,374.65,374.85,2279,
2017-12-26 10:36:00+05:30,374.85,375.05,374.8,375,644,
2017-12-26 10:37:00+05:30,375,375.25,375,375,190,
2017-12-26 10:38:00+05:30,375,375.25,375,375.2,572,
2017-12-26 10:39:00+05:30,375.2,375.25,375,375,181,
2017-12-26 10:40:00+05:30,375,375.2,375,375.2,171,
2017-12-26 10:41:00+05:30,375.2,375.5,375.05,375.5,2371,
2017-12-26 10:42:00+05:30,375.5,375.65,375.4,375.65,1050,
2017-12-26 10:43:00+05:30,375.65,375.75,375.5,375.5,2138,
2017-12-26 10:44:00+05:30,375.5,375.5,375,375,1171,
2017-12-26 10:45:00+05:30,375,375.65,375,375.5,1277,
2017-12-26 10:46:00+05:30,375.5,375.7,375,375,305,
2017-12-26 10:47:00+05:30,375,375.7,375,375.7,819,
2017-12-26 10:48:00+05:30,375.7,375.7,375.15,375.4,668,
2017-12-26 10:49:00+05:30,375.4,375.65,375.4,375.55,288,
2017-12-26 10:50:00+05:30,375.55,375.7,375,375,2877,
2017-12-26 10:51:00+05:30,375,375.05,374.9,375,2769,
2017-12-26 10:52:00+05:30,375,375,374.9,375,1046,
2017-12-26 10:53:00+05:30,375,375.2,374.9,375,1001,
2017-12-26 10:54:00+05:30,375,375,374.7,374.75,286,
2017-12-26 10:55:00+05:30,374.75,375,374.75,375,2765,
2017-12-26 10:56:00+05:30,375,375,374.5,374.5,499,
2017-12-26 10:57:00+05:30,374.5,374.5,374.25,374.5,1001,
2017-12-26 10:58:00+05:30,374.3,374.5,374.2,374.5,248,
2017-12-26 10:59:00+05:30,374.5,374.9,374.5,374.9,1091,
2017-12-26 11:00:00+05:30,374.9,374.9,374.65,374.65,1200,
2017-12-26 11:01:00+05:30,374.65,374.9,374.65,374.65,120,
2017-12-26 11:02:00+05:30,374.65,374.65,374.5,374.65,301,
2017-12-26 11:03:00+05:30,374.65,374.9,374.45,374.9,746,
2017-12-26 11:04:00+05:30,374.9,375,374.45,375,690,
2017-12-26 11:05:00+05:30,375,375,374.6,374.6,283,
2017-12-26 11:06:00+05:30,374.6,375,374.6,374.6,140,
2017-12-26 11:07:00+05:30,374.6,375,374.45,375,1151,
2017-12-26 11:08:00+05:30,375,375,374.75,374.95,361,
2017-12-26 11:09:00+05:30,374.95,375,374.3,374.85,458,
2017-12-26 11:10:00+05:30,374.85,374.85,374.45,374.45,52,
2017-12-26 11:11:00+05:30,374.45,374.5,374.45,374.45,930,
2017-12-26 11:12:00+05:30,374.45,374.5,374.1,374.15,3550,
2017-12-26 11:13:00+05:30,374.15,374.5,374.15,374.5,880,
2017-12-26 11:14:00+05:30,374.5,374.6,374.45,374.6,1511,
2017-12-26 11:15:00+05:30,374.6,374.75,374.6,374.7,450,
2017-12-26 11:16:00+05:30,374.75,374.8,374.6,374.6,682,
2017-12-26 11:17:00+05:30,374.6,374.8,374.6,374.8,565,
2017-12-26 11:18:00+05:30,374.8,374.8,374.75,374.8,90,
2017-12-26 11:19:00+05:30,374.75,374.8,374.5,374.5,364,
2017-12-26 11:20:00+05:30,374.5,374.8,374.25,374.8,314,
2017-12-26 11:21:00+05:30,374.8,374.95,374.75,374.95,625,
2017-12-26 11:22:00+05:30,374.7,374.95,374.3,374.3,245,
2017-12-26 11:23:00+05:30,374.3,374.95,374.3,374.95,226,
2017-12-26 11:24:00+05:30,374.95,374.95,374.4,374.4,224,
2017-12-26 11:25:00+05:30,374.4,374.8,374.25,374.8,702,
2017-12-26 11:26:00+05:30,374.75,374.8,374.7,374.75,662,
2017-12-26 11:27:00+05:30,374.55,374.75,374.3,374.5,318,
2017-12-26 11:28:00+05:30,374.3,374.5,374.3,374.45,132,
2017-12-26 11:29:00+05:30,374.45,374.75,374.45,374.75,442,
2017-12-26 11:30:00+05:30,374.75,374.8,374.75,374.75,179,
2017-12-26 11:31:00+05:30,374.75,374.8,374.45,374.8,208,
2017-12-26 11:32:00+05:30,374.8,374.95,374.8,374.95,360,
2017-12-26 11:33:00+05:30,374.95,374.95,374.9,374.95,246,
2017-12-26 11:34:00+05:30,374.95,374.95,374.95,374.95,119,
2017-12-26 11:35:00+05:30,374.95,374.95,374.95,374.95,352,
2017-12-26 11:36:00+05:30,374.95,374.95,374.4,374.55,1119,
2017-12-26 11:37:00+05:30,374.55,374.95,374.55,374.95,168,
2017-12-26 11:38:00+05:30,375,375,374.3,374.4,346,
2017-12-26 11:39:00+05:30,374.9,374.9,374.35,374.9,381,
2017-12-26 11:40:00+05:30,374.9,374.95,374.9,374.9,95,
2017-12-26 11:41:00+05:30,374.9,374.9,374.45,374.5,358,
2017-12-26 11:42:00+05:30,374.5,374.5,374.45,374.45,200,
2017-12-26 11:43:00+05:30,374.45,374.9,374.45,374.9,378,
2017-12-26 11:44:00+05:30,374.9,374.9,374.55,374.9,215,
2017-12-26 11:45:00+05:30,374.9,374.9,374.85,374.85,299,
2017-12-26 11:46:00+05:30,374.85,374.95,374.5,374.85,779,
2017-12-26 11:47:00+05:30,375,375,374.6,375,293,
2017-12-26 11:48:00+05:30,375,375,374.65,374.65,153,
2017-12-26 11:49:00+05:30,374.65,375,374.65,375,130,
2017-12-26 11:50:00+05:30,375,375,374.65,374.65,105,
2017-12-26 11:51:00+05:30,374.55,374.65,374.4,374.4,710,
2017-12-26 11:52:00+05:30,374.4,374.55,374.4,374.5,199,
2017-12-26 11:53:00+05:30,374.5,374.95,374.45,374.55,275,
2017-12-26 11:54:00+05:30,374.4,375.2,374.4,374.8,2126,
2017-12-26 11:55:00+05:30,374.8,375.15,374.7,375,239,
2017-12-26 11:56:00+05:30,375,375.45,375,375.2,218,
2017-12-26 11:57:00+05:30,375.2,375.45,375.1,375.4,373,
2017-12-26 11:58:00+05:30,375.4,375.4,375.2,375.4,609,
2017-12-26 11:59:00+05:30,375.4,375.4,374.85,375.35,453,
2017-12-26 12:00:00+05:30,375.35,375.4,375.35,375.4,158,
2017-12-26 12:01:00+05:30,375.4,375.4,375,375.35,77,
2017-12-26 12:02:00+05:30,375.35,375.4,374.9,375,166,
2017-12-26 12:03:00+05:30,375,375,374.3,374.95,1102,
2017-12-26 12:04:00+05:30,374.95,375.45,374.95,375,776,
2017-12-26 12:05:00+05:30,375,375.45,375,375,197,
2017-12-26 12:06:00+05:30,374.3,375.15,374.3,375.15,1615,
2017-12-26 12:07:00+05:30,375.15,375.45,374.8,375.45,568,
2017-12-26 12:08:00+05:30,375.45,375.45,374.55,374.55,500,
2017-12-26 12:09:00+05:30,374.8,375,374.45,375,362,
2017-12-26 12:10:00+05:30,375,375,375,375,326,
2017-12-26 12:11:00+05:30,375,375,375,375,197,
2017-12-26 12:12:00+05:30,375,375,375,375,300,
2017-12-26 12:13:00+05:30,375,375.3,375,375,1349,
2017-12-26 12:14:00+05:30,375,375,374.5,374.5,2608,
2017-12-26 12:15:00+05:30,374.5,374.95,374.5,374.5,745,
2017-12-26 12:16:00+05:30,374.3,374.95,374,374.95,7942,
2017-12-26 12:17:00+05:30,374.95,374.95,374.85,374.9,1155,
2017-12-26 12:18:00+05:30,374.9,374.9,374,374.8,6593,
2017-12-26 12:19:00+05:30,374.8,375.45,374.75,375.45,3003,
2017-12-26 12:20:00+05:30,375.45,375.45,374.75,374.75,910,
2017-12-26 12:21:00+05:30,374.75,374.9,374.3,374.3,1572,
2017-12-26 12:22:00+05:30,374.5,375.45,374.2,374.5,736993,
2017-12-26 12:23:00+05:30,374.5,374.5,374.35,374.4,148,
2017-12-26 12:24:00+05:30,374.4,374.5,373.6,374.4,9789,
2017-12-26 12:25:00+05:30,374.4,374.4,374,374,3248,
2017-12-26 12:26:00+05:30,374,374,374,374,5803,
2017-12-26 12:27:00+05:30,374,374.5,374,374,428,
2017-12-26 12:28:00+05:30,374,374,373.8,374,2677,
2017-12-26 12:29:00+05:30,374,374,373.85,373.85,651,
2017-12-26 12:30:00+05:30,373.85,374.65,373.8,374.65,137,
2017-12-26 12:31:00+05:30,374.65,374.9,374,374,2376,
2017-12-26 12:32:00+05:30,374,374.05,374,374.05,239,
2017-12-26 12:33:00+05:30,374.05,374.05,373.85,373.95,1877,
2017-12-26 12:34:00+05:30,373.95,373.95,373.85,373.85,232,
2017-12-26 12:35:00+05:30,373.85,374,373.7,373.7,1499,
2017-12-26 12:36:00+05:30,373.75,373.75,373.4,373.5,1615,
2017-12-26 12:37:00+05:30,373.55,373.8,373.55,373.55,801,
2017-12-26 12:38:00+05:30,373.55,373.8,373.5,373.5,1912,
2017-12-26 12:39:00+05:30,373.5,373.5,373.45,373.5,1328,
2017-12-26 12:40:00+05:30,373.5,374,373.5,373.5,2315,
2017-12-26 12:41:00+05:30,373.5,374.45,373.5,373.85,3940,
2017-12-26 12:42:00+05:30,373.85,373.85,373.55,373.6,440,
2017-12-26 12:43:00+05:30,373.6,373.7,373.6,373.7,220,
2017-12-26 12:44:00+05:30,373.7,373.7,373.6,373.7,241,
2017-12-26 12:45:00+05:30,373.7,373.7,373.6,373.6,1560,
2017-12-26 12:46:00+05:30,373.6,373.9,373.6,373.9,140,
2017-12-26 12:47:00+05:30,373.9,373.9,373.65,373.65,172,
2017-12-26 12:48:00+05:30,373.65,374.7,373.65,374.7,1609,
2017-12-26 12:49:00+05:30,374.7,374.7,374.1,374.5,125,
2017-12-26 12:50:00+05:30,374.5,374.5,373.65,373.65,842,
2017-12-26 12:51:00+05:30,373.65,374,373.5,373.5,1579,
2017-12-26 12:52:00+05:30,373.5,374,373.5,374,440,
2017-12-26 12:53:00+05:30,374,374,373.5,374,764,
2017-12-26 12:54:00+05:30,374,374,373.65,374,1001,
2017-12-26 12:55:00+05:30,374,374.4,374,374,208,
2017-12-26 12:56:00+05:30,374,374.4,374,374,199,
2017-12-26 12:57:00+05:30,374,374,373.9,373.9,350,
2017-12-26 12:58:00+05:30,373.9,374,373.7,373.75,139,
2017-12-26 12:59:00+05:30,373.75,373.75,373.55,373.55,725,
2017-12-26 13:00:00+05:30,373.55,373.7,373.55,373.7,525,
2017-12-26 13:01:00+05:30,373.7,373.9,373.7,373.9,95,
2017-12-26 13:02:00+05:30,373.9,374,373.75,373.75,1565,
2017-12-26 13:03:00+05:30,373.75,373.75,373.6,373.75,189,
2017-12-26 13:04:00+05:30,373.75,373.75,373.6,373.75,629,
2017-12-26 13:05:00+05:30,373.6,373.75,373.6,373.75,119,
2017-12-26 13:06:00+05:30,373.65,373.75,373.6,373.75,552,
2017-12-26 13:07:00+05:30,373.75,373.75,373.6,373.6,494,
2017-12-26 13:08:00+05:30,373.6,373.75,373.6,373.75,62,
2017-12-26 13:09:00+05:30,373.75,373.75,373.6,373.75,505,
2017-12-26 13:10:00+05:30,373.75,373.75,373.6,373.6,822,
2017-12-26 13:11:00+05:30,373.6,373.75,373.6,373.75,795,
2017-12-26 13:12:00+05:30,373.75,373.75,373.75,373.75,1023,
2017-12-26 13:13:00+05:30,373.75,373.75,373.7,373.7,444,
2017-12-26 13:14:00+05:30,373.7,373.75,373.7,373.75,961,
2017-12-26 13:15:00+05:30,373.75,373.75,373.65,373.75,2433,
2017-12-26 13:16:00+05:30,373.75,373.75,373.6,373.7,209,
2017-12-26 13:17:00+05:30,373.7,373.75,373.6,373.75,186,
2017-12-26 13:18:00+05:30,373.75,373.75,373.65,373.7,97,
2017-12-26 13:19:00+05:30,373.75,373.75,373.65,373.75,507,
2017-12-26 13:20:00+05:30,373.75,373.75,373.7,373.75,108,
2017-12-26 13:21:00+05:30,373.75,373.75,373.75,373.75,125,
2017-12-26 13:22:00+05:30,373.75,373.75,373.7,373.75,342,
2017-12-26 13:23:00+05:30,373.65,373.75,373.65,373.75,434,
2017-12-26 13:24:00+05:30,373.75,373.75,373.6,373.75,140,
2017-12-26 13:25:00+05:30,373.75,373.75,373.65,373.7,207,
2017-12-26 13:26:00+05:30,373.7,373.75,373.65,373.65,804,
2017-12-26 13:27:00+05:30,373.75,373.75,373.7,373.75,1156,
2017-12-26 13:28:00+05:30,373.75,373.75,373.6,373.75,677,
2017-12-26 13:29:00+05:30,373.75,373.75,373.6,373.75,270,
2017-12-26 13:30:00+05:30,373.75,373.75,373.65,373.75,370,
2017-12-26 13:31:00+05:30,373.75,373.75,373.7,373.7,70,
2017-12-26 13:32:00+05:30,373.7,373.75,373.65,373.75,235,
2017-12-26 13:33:00+05:30,373.75,373.75,373.75,373.75,710,
2017-12-26 13:34:00+05:30,373.75,373.75,373.75,373.75,50,
2017-12-26 13:35:00+05:30,373.75,373.75,373.6,373.6,153,
2017-12-26 13:36:00+05:30,373.6,373.75,373.6,373.75,134,
2017-12-26 13:37:00+05:30,373.75,373.75,373.6,373.65,110,
2017-12-26 13:38:00+05:30,373.65,373.7,373.6,373.65,335,
2017-12-26 13:39:00+05:30,373.65,373.65,373.6,373.6,106,
2017-12-26 13:40:00+05:30,373.6,373.7,373.6,373.65,295,
2017-12-26 13:41:00+05:30,373.7,373.7,373.65,373.7,137,
2017-12-26 13:42:00+05:30,373.7,374,373.65,374,1363,
2017-12-26 13:43:00+05:30,374,374,373.95,374,274,
2017-12-26 13:44:00+05:30,374,374,373.95,374,344,
2017-12-26 13:45:00+05:30,374,374,373.65,373.95,1167,
2017-12-26 13:46:00+05:30,373.95,373.95,373.9,373.9,260,
2017-12-26 13:47:00+05:30,373.9,374,373.65,374,1469,
2017-12-26 13:48:00+05:30,374,374,373.95,374,1245,
2017-12-26 13:49:00+05:30,374,374,374,374,5,
2017-12-26 13:50:00+05:30,374,374,373.9,374,190,
2017-12-26 13:51:00+05:30,374,374,374,374,65,
2017-12-26 13:52:00+05:30,374,374,373.8,373.8,64,
2017-12-26 13:53:00+05:30,373.8,374,373.75,373.75,250,
2017-12-26 13:54:00+05:30,373.75,374,373.75,373.8,516,
2017-12-26 13:55:00+05:30,373.8,374,373.8,373.85,179,
2017-12-26 13:56:00+05:30,373.85,374,373.8,373.95,126,
2017-12-26 13:57:00+05:30,373.95,373.95,373.8,373.8,90,
2017-12-26 13:58:00+05:30,373.8,374,373.8,373.8,862,
2017-12-26 13:59:00+05:30,374,374,374,374,362,
2017-12-26 14:00:00+05:30,374,374,373.8,374,185,
2017-12-26 14:01:00+05:30,374,374,373.75,373.75,82,
2017-12-26 14:02:00+05:30,373.75,374,373.75,373.95,695,
2017-12-26 14:03:00+05:30,373.9,374.3,373.75,374.05,1949,
2017-12-26 14:04:00+05:30,374.45,374.45,374,374.45,1567,
2017-12-26 14:05:00+05:30,374,374,374,374,705,
2017-12-26 14:06:00+05:30,374.5,374.9,374.25,374.45,5489,
2017-12-26 14:07:00+05:30,374.45,375,374,374,9435,
2017-12-26 14:08:00+05:30,374,375,374,374.55,11294,
2017-12-26 14:09:00+05:30,375,375,374.6,375,5870,
2017-12-26 14:10:00+05:30,375,375.1,375,375.1,988,
2017-12-26 14:11:00+05:30,375.05,375.25,375,375.1,2025,
2017-12-26 14:12:00+05:30,375.1,375.15,375,375.15,3102,
2017-12-26 14:13:00+05:30,375.15,375.5,375,375.5,3150,
2017-12-26 14:14:00+05:30,375.5,375.85,375.45,375.8,1978,
2017-12-26 14:15:00+05:30,376,378.6,375.85,377.15,46611,
2017-12-26 14:16:00+05:30,377.15,377.35,376.05,376.2,4257,
2017-12-26 14:17:00+05:30,376.2,376.3,376.1,376.3,1355,
2017-12-26 14:18:00+05:30,376.3,376.3,375.85,376.2,1306,
2017-12-26 14:19:00+05:30,376,376.15,375.75,376,855,
2017-12-26 14:20:00+05:30,376,376.05,375.65,376,1811,
2017-12-26 14:21:00+05:30,376,376.05,375.7,375.75,1020,
2017-12-26 14:22:00+05:30,375.75,376,375.75,375.95,110,
2017-12-26 14:23:00+05:30,375.95,376,375.65,375.95,4420,
2017-12-26 14:24:00+05:30,375.95,376.15,375.65,376.05,1362,
2017-12-26 14:25:00+05:30,376.05,376.05,375.85,376,213,
2017-12-26 14:26:00+05:30,376,376.35,375.75,376.3,2276,
2017-12-26 14:27:00+05:30,376.3,376.45,375.95,376.35,1991,
2017-12-26 14:28:00+05:30,376.35,376.45,375.95,376.45,282,
2017-12-26 14:29:00+05:30,376.45,376.45,375.8,375.8,1237,
2017-12-26 14:30:00+05:30,375.8,376.3,375.8,376.3,524,
2017-12-26 14:31:00+05:30,376.3,376.3,376,376.05,809,
2017-12-26 14:32:00+05:30,376.05,376.25,376.05,376.25,87,
2017-12-26 14:33:00+05:30,376.25,376.3,376.25,376.3,68,
2017-12-26 14:34:00+05:30,376.3,376.3,376.1,376.1,310,
2017-12-26 14:35:00+05:30,376.1,376.25,376.1,376.1,213,
2017-12-26 14:36:00+05:30,376.05,376.1,376,376.1,1114,
2017-12-26 14:37:00+05:30,376.1,376.1,376,376,795,
2017-12-26 14:38:00+05:30,376.15,376.2,376,376,308,
2017-12-26 14:39:00+05:30,376.15,376.15,375.8,375.8,322,
2017-12-26 14:40:00+05:30,375.8,376.2,375.8,376,823,
2017-12-26 14:41:00+05:30,376,376,375.65,375.7,490,
2017-12-26 14:42:00+05:30,375.75,375.75,375.65,375.65,185,
2017-12-26 14:43:00+05:30,375.65,376,375.65,376,1365,
2017-12-26 14:44:00+05:30,376,376,375.65,376,346,
2017-12-26 14:45:00+05:30,376.15,376.15,375.5,375.5,1015,
2017-12-26 14:46:00+05:30,375.5,375.9,375.5,375.6,733,
2017-12-26 14:47:00+05:30,375.6,376.1,375.55,376,853,
2017-12-26 14:48:00+05:30,376,376.1,375.65,376.1,802,
2017-12-26 14:49:00+05:30,376.1,376.1,375.7,376,702,
2017-12-26 14:50:00+05:30,376,376.2,376,376,1050,
2017-12-26 14:51:00+05:30,376,376.2,375.85,375.85,803,
2017-12-26 14:52:00+05:30,375.85,376.2,375.8,375.9,822,
2017-12-26 14:53:00+05:30,375.9,376.2,375.9,376.2,260,
2017-12-26 14:54:00+05:30,376.2,376.2,375.6,376.05,561,
2017-12-26 14:55:00+05:30,375.7,376.2,375.5,376.2,1525,
2017-12-26 14:56:00+05:30,376.2,376.2,376.2,376.2,100,
2017-12-26 14:57:00+05:30,376.2,376.2,375.5,375.55,1434,
2017-12-26 14:58:00+05:30,375.55,376.2,375.5,376,1624,
2017-12-26 14:59:00+05:30,376,376.15,376,376,1882,
2017-12-26 15:00:00+05:30,376,376.25,375.7,376.05,3302,
2017-12-26 15:01:00+05:30,376.05,376.3,375.85,376.3,1045,
2017-12-26 15:02:00+05:30,376.3,376.55,375.65,376.5,4765,
2017-12-26 15:03:00+05:30,376.5,376.55,376.5,376.5,390,
2017-12-26 15:04:00+05:30,376.5,376.6,376.5,376.5,738,
2017-12-26 15:05:00+05:30,376.5,376.6,376.05,376.5,2307,
2017-12-26 15:06:00+05:30,376.5,376.8,376.5,376.55,501,
2017-12-26 15:07:00+05:30,376.55,376.8,376,376.6,1561,
2017-12-26 15:08:00+05:30,376.6,376.65,376.15,376.15,1182,
2017-12-26 15:09:00+05:30,376.15,376.15,376,376,3000,
2017-12-26 15:10:00+05:30,376,376.6,376,376.6,1217,
2017-12-26 15:11:00+05:30,376.6,376.6,376.25,376.5,3077,
2017-12-26 15:12:00+05:30,376.5,376.6,376.25,376.25,3723,
2017-12-26 15:13:00+05:30,376.25,376.45,376,376,2510,
2017-12-26 15:14:00+05:30,376,377,376,376.3,11558,
2017-12-26 15:15:00+05:30,376.3,377.1,376.3,376.65,7471,
2017-12-26 15:16:00+05:30,377,377,376.6,376.6,1917,
2017-12-26 15:17:00+05:30,376,376.7,376,376.35,3817,
2017-12-26 15:18:00+05:30,376.8,377,376.15,377,5435,
2017-12-26 15:19:00+05:30,377,377,376.5,376.9,422,
2017-12-26 15:20:00+05:30,376.9,376.9,376.55,376.6,9552,
2017-12-26 15:21:00+05:30,377,377.2,377,377,6573,
2017-12-26 15:22:00+05:30,376.95,377.15,376.1,376.2,3336,
2017-12-26 15:23:00+05:30,376.2,376.4,376.1,376.4,969,
2017-12-26 15:24:00+05:30,376.4,376.4,376.1,376.1,971,
2017-12-26 15:25:00+05:30,376.1,377,376.1,376.1,4608,
2017-12-26 15:26:00+05:30,376.25,377,376.25,376.55,5691,
2017-12-26 15:27:00+05:30,376.5,376.5,376.1,376.2,3812,
2017-12-26 15:28:00+05:30,376.2,376.5,376,376.25,6173,
2017-12-26 15:29:00+05:30,376.15,377,376.1,376.3,11615,
2017-12-27 09:15:00+05:30,375.15,376.8,375.15,376.8,2159,
2017-12-27 09:16:00+05:30,376.95,376.95,375.85,375.85,5056,
2017-12-27 09:17:00+05:30,375.9,375.9,375,375.85,3526,
2017-12-27 09:18:00+05:30,375.85,375.95,375.8,375.9,1312,
2017-12-27 09:19:00+05:30,375.95,376,375.3,375.3,3313,
2017-12-27 09:20:00+05:30,375.9,375.95,375.8,375.9,364,
2017-12-27 09:21:00+05:30,375.9,376,375.2,375.45,4651,
2017-12-27 09:22:00+05:30,375.35,375.45,375.05,375.15,1039,
2017-12-27 09:23:00+05:30,375.45,375.7,375.45,375.7,1726,
2017-12-27 09:24:00+05:30,375.7,375.9,375.55,375.7,1180,
2017-12-27 09:25:00+05:30,375.7,375.9,375.55,375.85,907,
2017-12-27 09:26:00+05:30,375.85,376.05,375.55,375.55,923,
2017-12-27 09:27:00+05:30,376,376,375.25,375.55,1754,
2017-12-27 09:28:00+05:30,375.6,375.9,375.05,375.05,2966,
2017-12-27 09:29:00+05:30,375.05,376,375,376,1685,
2017-12-27 09:30:00+05:30,376.1,376.1,375.4,375.9,2511,
2017-12-27 09:31:00+05:30,375.9,375.95,375.3,375.4,387,
2017-12-27 09:32:00+05:30,375.4,375.7,375.3,375.35,501,
2017-12-27 09:33:00+05:30,375.1,375.35,375,375.1,6482,
2017-12-27 09:34:00+05:30,375.1,375.35,375,375.2,5768,
2017-12-27 09:35:00+05:30,375,375,374.4,374.85,4455,
2017-12-27 09:36:00+05:30,374.85,374.9,374.65,374.85,739,
2017-12-27 09:37:00+05:30,374.85,374.9,374.85,374.85,1813,
2017-12-27 09:38:00+05:30,374.75,374.85,374,374.8,5421,
2017-12-27 09:39:00+05:30,374.8,374.8,374.6,374.75,1781,
2017-12-27 09:40:00+05:30,374.8,375,374.75,375,2644,
2017-12-27 09:41:00+05:30,375,375.35,375,375.2,1816,
2017-12-27 09:42:00+05:30,375.2,375.2,375.05,375.05,1120,
2017-12-27 09:43:00+05:30,375.1,375.15,375.05,375.15,1066,
2017-12-27 09:44:00+05:30,375.1,375.3,375,375.1,2335,
2017-12-27 09:45:00+05:30,375.1,375.3,375.05,375.1,1214,
2017-12-27 09:46:00+05:30,375.15,375.3,374.7,374.95,1628,
2017-12-27 09:47:00+05:30,374.95,374.95,374.7,374.7,736,
2017-12-27 09:48:00+05:30,374.7,375,374.4,374.4,2479,
2017-12-27 09:49:00+05:30,374.4,375.25,374.4,375.1,836,
2017-12-27 09:50:00+05:30,375.1,375.3,375.05,375.05,1238,
2017-12-27 09:51:00+05:30,375.05,375.4,375.05,375.4,996,
2017-12-27 09:52:00+05:30,375.4,375.4,375.35,375.4,445,
2017-12-27 09:53:00+05:30,375.4,375.6,375.25,375.6,2244,
2017-12-27 09:54:00+05:30,375.6,375.95,375.6,375.8,2450,
2017-12-27 09:55:00+05:30,375.8,375.85,375.3,375.3,406,
2017-12-27 09:56:00+05:30,375.3,375.6,375.05,375.6,970,
2017-12-27 09:57:00+05:30,375.6,375.65,375.4,375.55,487,
2017-12-27 09:58:00+05:30,375.55,375.65,375.5,375.65,172,
2017-12-27 09:59:00+05:30,375.5,375.5,375.25,375.45,312,
2017-12-27 10:00:00+05:30,375.45,375.45,375.05,375.35,1134,
2017-12-27 10:01:00+05:30,375.35,375.35,375.05,375.3,193,
2017-12-27 10:02:00+05:30,375.3,375.35,375.1,375.1,1251,
2017-12-27 10:03:00+05:30,375.1,375.35,375.05,375.35,480,
2017-12-27 10:04:00+05:30,375.35,375.35,375.1,375.1,330,
2017-12-27 10:05:00+05:30,375.1,375.3,374.55,374.65,5308,
2017-12-27 10:06:00+05:30,374.6,375,374.55,374.55,1961,
2017-12-27 10:07:00+05:30,374.55,374.9,374.55,374.6,636,
2017-12-27 10:08:00+05:30,374.6,374.9,374.6,374.9,694,
2017-12-27 10:09:00+05:30,374.9,375,374.9,375,1245,
2017-12-27 10:10:00+05:30,375,375,374.6,375,666,
2017-12-27 10:11:00+05:30,375,375,374.6,374.85,1238,
2017-12-27 10:12:00+05:30,374.85,374.95,374.75,374.75,466,
2017-12-27 10:13:00+05:30,374.75,374.95,374.6,374.75,317,
2017-12-27 10:14:00+05:30,374.75,374.9,374.55,374.7,1344,
2017-12-27 10:15:00+05:30,374.7,374.95,374.65,374.7,747,
2017-12-27 10:16:00+05:30,374.7,375,374.5,375,2362,
2017-12-27 10:17:00+05:30,375,375,374.8,374.8,450,
2017-12-27 10:18:00+05:30,374.8,375.25,374.8,375.25,1469,
2017-12-27 10:19:00+05:30,375.25,375.5,375.25,375.5,697,
2017-12-27 10:20:00+05:30,375.5,375.5,375.45,375.45,6445,
2017-12-27 10:21:00+05:30,375.5,375.5,375.45,375.5,617,
2017-12-27 10:22:00+05:30,375.5,375.5,375,375.25,750,
2017-12-27 10:23:00+05:30,375.25,375.45,375,375.4,709,
2017-12-27 10:24:00+05:30,375.4,375.4,375.15,375.35,183,
2017-12-27 10:25:00+05:30,375.35,375.5,375,375.4,2421,
2017-12-27 10:26:00+05:30,375.4,375.45,375.1,375.3,344,
2017-12-27 10:27:00+05:30,375.3,375.3,375.1,375.25,139,
2017-12-27 10:28:00+05:30,375.25,375.3,375.05,375.05,229,
2017-12-27 10:29:00+05:30,375.05,375.3,375.05,375.25,288,
2017-12-27 10:30:00+05:30,375.2,375.3,375.1,375.2,133,
2017-12-27 10:31:00+05:30,375.2,375.3,375,375,760,
2017-12-27 10:32:00+05:30,375,375.15,375,375.15,294,
2017-12-27 10:33:00+05:30,375.15,375.15,374.1,374.7,6615,
2017-12-27 10:34:00+05:30,374.7,374.95,374.6,374.6,784,
2017-12-27 10:35:00+05:30,374.6,375.2,374.6,375.15,358,
2017-12-27 10:36:00+05:30,375.15,375.3,375,375.15,1014,
2017-12-27 10:37:00+05:30,375.15,375.3,374.85,375.3,538,
2017-12-27 10:38:00+05:30,375.3,375.3,375.2,375.2,142,
2017-12-27 10:39:00+05:30,375.2,375.25,374.25,375.2,1660,
2017-12-27 10:40:00+05:30,375.2,375.2,374.4,374.4,867,
2017-12-27 10:41:00+05:30,374.4,374.75,374.4,374.6,669,
2017-12-27 10:42:00+05:30,374.6,374.6,374.45,374.6,682,
2017-12-27 10:43:00+05:30,374.6,375.2,374.6,375.2,934,
2017-12-27 10:44:00+05:30,375.25,375.25,375,375.2,1463,
2017-12-27 10:45:00+05:30,375.2,375.2,375.05,375.1,415,
2017-12-27 10:46:00+05:30,375.1,375.1,374.4,374.4,914,
2017-12-27 10:47:00+05:30,374.4,375,374.4,375,1049,
2017-12-27 10:48:00+05:30,375,375.3,375,375.3,711,
2017-12-27 10:49:00+05:30,375.3,375.3,374.8,375.3,434,
2017-12-27 10:50:00+05:30,375.3,375.3,374.85,375.25,291,
2017-12-27 10:51:00+05:30,375.25,375.25,374.75,375.25,469,
2017-12-27 10:52:00+05:30,375.25,375.3,374.8,375.05,763,
2017-12-27 10:53:00+05:30,375.05,375.15,375.05,375.1,637,
2017-12-27 10:54:00+05:30,375.05,375.15,375.05,375.15,218,
2017-12-27 10:55:00+05:30,375.15,375.45,375.15,375.45,1463,
2017-12-27 10:56:00+05:30,375.45,375.5,374.75,374.75,1243,
2017-12-27 10:57:00+05:30,374.75,375,374.75,374.9,177,
2017-12-27 10:58:00+05:30,374.9,375,374.5,374.95,1086,
2017-12-27 10:59:00+05:30,374.95,374.95,374.45,374.5,2692,
2017-12-27 11:00:00+05:30,374.5,374.95,374.4,374.55,581,
2017-12-27 11:01:00+05:30,374.55,375.1,374.35,374.95,1510,
2017-12-27 11:02:00+05:30,374.95,375.4,374.95,375,353,
2017-12-27 11:03:00+05:30,375,375.2,375,375,227,
2017-12-27 11:04:00+05:30,375,375.2,375,375.2,166,
2017-12-27 11:05:00+05:30,375,375.35,375,375.35,360,
2017-12-27 11:06:00+05:30,375.3,375.3,374.9,375,652,
2017-12-27 11:07:00+05:30,375,375.25,375,375.2,884,
2017-12-27 11:08:00+05:30,375.2,375.2,374.95,375,978,
2017-12-27 11:09:00+05:30,375,375,375,375,481,
2017-12-27 11:10:00+05:30,375,375,374.6,374.95,1023,
2017-12-27 11:11:00+05:30,374.95,375,374.6,375,960,
2017-12-27 11:12:00+05:30,375,375,374.65,374.7,995,
2017-12-27 11:13:00+05:30,374.7,375.15,374.7,375.15,424,
2017-12-27 11:14:00+05:30,375.15,375.15,374.25,374.75,2719,
2017-12-27 11:15:00+05:30,374.75,375.15,374.75,374.95,287,
2017-12-27 11:16:00+05:30,374.95,375,374.9,375,451,
2017-12-27 11:17:00+05:30,375,375,374.5,374.85,534,
2017-12-27 11:18:00+05:30,374.85,375,374.5,375,293,
2017-12-27 11:19:00+05:30,375,375,374.9,374.9,393,
2017-12-27 11:20:00+05:30,374.9,375,374.9,375,220,
2017-12-27 11:21:00+05:30,375,375,374.65,374.95,122,
2017-12-27 11:22:00+05:30,374.95,374.95,374.8,374.95,775,
2017-12-27 11:23:00+05:30,374.95,375,374.65,375,1467,
2017-12-27 11:24:00+05:30,375,375,374.95,375,477,
2017-12-27 11:25:00+05:30,375,375,374.7,374.95,330,
2017-12-27 11:26:00+05:30,374.95,375,374.7,375,245,
2017-12-27 11:27:00+05:30,374.7,375,374.7,375,992,
2017-12-27 11:28:00+05:30,374.65,375,374.65,375,601,
2017-12-27 11:29:00+05:30,375,375,374.9,375,193,
2017-12-27 11:30:00+05:30,374.9,374.95,374.65,374.95,358,
2017-12-27 11:31:00+05:30,374.95,374.95,374.4,374.8,2273,
2017-12-27 11:32:00+05:30,374.8,375,374.75,375,368,
2017-12-27 11:33:00+05:30,375,375,374.85,375,456,
2017-12-27 11:34:00+05:30,375,375,374.85,374.95,161,
2017-12-27 11:35:00+05:30,374.95,374.95,374.85,374.85,265,
2017-12-27 11:36:00+05:30,374.85,375,374.85,375,1082,
2017-12-27 11:37:00+05:30,375,375,374.85,374.95,256,
2017-12-27 11:38:00+05:30,374.9,375,374.65,374.65,530,
2017-12-27 11:39:00+05:30,374.65,375,374.65,374.8,269,
2017-12-27 11:40:00+05:30,374.95,375,374.6,375,218,
2017-12-27 11:41:00+05:30,375,375,374.4,374.7,1969,
2017-12-27 11:42:00+05:30,374.7,374.95,374.7,374.9,301,
2017-12-27 11:43:00+05:30,374.9,375,374.9,375,1393,
2017-12-27 11:44:00+05:30,375,375,374.2,374.2,2453,
2017-12-27 11:45:00+05:30,374.2,375,374.2,374.95,750,
2017-12-27 11:46:00+05:30,374.95,375,374.5,375,148,
2017-12-27 11:47:00+05:30,374.65,375,374.65,374.95,306,
2017-12-27 11:48:00+05:30,374.95,374.95,374.65,374.95,479,
2017-12-27 11:49:00+05:30,374.95,375.45,374.95,375.45,4592,
2017-12-27 11:50:00+05:30,375.45,375.45,375.35,375.35,937,
2017-12-27 11:51:00+05:30,375.35,375.4,375.15,375.2,545,
2017-12-27 11:52:00+05:30,375.2,375.45,375.2,375.45,310,
2017-12-27 11:53:00+05:30,375.45,375.5,375.2,375.4,255,
2017-12-27 11:54:00+05:30,375.2,375.4,375.15,375.15,291,
2017-12-27 11:55:00+05:30,375.15,375.35,375,375,375,
2017-12-27 11:56:00+05:30,375.35,375.35,375,375.35,207,
2017-12-27 11:57:00+05:30,375.35,375.35,375,375.35,457,
2017-12-27 11:58:00+05:30,375.35,375.4,375.1,375.1,296,
2017-12-27 11:59:00+05:30,375.1,375.4,375.1,375.35,341,
2017-12-27 12:00:00+05:30,375.35,375.35,375.1,375.35,262,
2017-12-27 12:01:00+05:30,375.35,375.4,375,375.35,2977,
2017-12-27 12:02:00+05:30,375.35,375.6,375.1,375.6,5908,
2017-12-27 12:03:00+05:30,375.6,375.75,375.55,375.55,1011,
2017-12-27 12:04:00+05:30,375.55,375.55,375.5,375.55,527,
2017-12-27 12:05:00+05:30,375.55,375.55,375.5,375.5,280,
2017-12-27 12:06:00+05:30,375.5,375.55,375.2,375.55,2071,
2017-12-27 12:07:00+05:30,375.55,375.55,374.9,375,7293,
2017-12-27 12:08:00+05:30,375,376,374.9,375.9,5453,
2017-12-27 12:09:00+05:30,375.9,375.95,375.5,375.7,1446,
2017-12-27 12:10:00+05:30,375.7,375.8,375.5,375.55,543,
2017-12-27 12:11:00+05:30,375.55,377.9,375.55,377.6,23615,
2017-12-27 12:12:00+05:30,377.55,377.6,375.05,375.65,5118,
2017-12-27 12:13:00+05:30,375.8,376.7,375.8,376.35,1239,
2017-12-27 12:14:00+05:30,376.35,376.55,376.35,376.45,794,
2017-12-27 12:15:00+05:30,376.45,376.45,376.15,376.15,684,
2017-12-27 12:16:00+05:30,376.15,376.2,376,376.2,297,
2017-12-27 12:17:00+05:30,376.2,376.45,376.1,376.4,218,
2017-12-27 12:18:00+05:30,376.4,376.45,375.8,375.95,2864,
2017-12-27 12:19:00+05:30,375.95,376.35,375.7,375.7,809,
2017-12-27 12:20:00+05:30,375.55,375.75,375.55,375.75,180,
2017-12-27 12:21:00+05:30,375.75,376.45,375.5,376.45,5393,
2017-12-27 12:22:00+05:30,376.4,376.95,376.4,376.5,2714,
2017-12-27 12:23:00+05:30,376.5,376.7,375.85,375.85,558,
2017-12-27 12:24:00+05:30,375.85,376.5,375.85,376,761,
2017-12-27 12:25:00+05:30,376,377,376,377,4044,
2017-12-27 12:26:00+05:30,377,377,375.95,376,3631,
2017-12-27 12:27:00+05:30,376,376.95,376,376.75,1250,
2017-12-27 12:28:00+05:30,376.75,376.9,376.35,376.9,821,
2017-12-27 12:29:00+05:30,376.9,376.9,376.05,376.35,848,
2017-12-27 12:30:00+05:30,376.35,376.7,376.35,376.7,69,
2017-12-27 12:31:00+05:30,376.7,376.7,375.6,375.9,1525,
2017-12-27 12:32:00+05:30,375.9,376,375.8,375.8,494,
2017-12-27 12:33:00+05:30,375.8,376,375.8,376,606,
2017-12-27 12:34:00+05:30,376,376,375.8,376,1966,
2017-12-27 12:35:00+05:30,376,376,375.75,375.85,178,
2017-12-27 12:36:00+05:30,376,376,375.8,375.8,956,
2017-12-27 12:37:00+05:30,375.8,375.9,375.6,375.9,167,
2017-12-27 12:38:00+05:30,375.95,375.95,375.8,375.8,239,
2017-12-27 12:39:00+05:30,375.8,375.9,375.1,375.9,1836,
2017-12-27 12:40:00+05:30,375.9,375.95,375.6,375.95,649,
2017-12-27 12:41:00+05:30,375.95,375.95,375.7,375.9,253,
2017-12-27 12:42:00+05:30,375.9,375.9,375.85,375.9,138,
2017-12-27 12:43:00+05:30,375.9,375.95,375.8,375.95,89,
2017-12-27 12:44:00+05:30,375.95,375.95,375.75,375.9,283,
2017-12-27 12:45:00+05:30,375.9,375.95,375.35,375.9,167,
2017-12-27 12:46:00+05:30,375.9,375.95,375.65,375.9,367,
2017-12-27 12:47:00+05:30,375.9,375.9,375.3,375.4,548,
2017-12-27 12:48:00+05:30,375.4,375.5,375.25,375.5,1110,
2017-12-27 12:49:00+05:30,375.5,376.4,375.5,376.4,1862,
2017-12-27 12:50:00+05:30,376.4,376.6,376.15,376.5,1147,
2017-12-27 12:51:00+05:30,376.5,376.6,375.6,376.2,1013,
2017-12-27 12:52:00+05:30,376.2,376.8,376,376.8,1525,
2017-12-27 12:53:00+05:30,376.8,376.8,375.4,375.4,2455,
2017-12-27 12:54:00+05:30,375.4,375.5,375.4,375.5,1417,
2017-12-27 12:55:00+05:30,375.5,375.5,375.1,375.5,1012,
2017-12-27 12:56:00+05:30,375.5,375.5,375.35,375.5,194,
2017-12-27 12:57:00+05:30,375.5,375.5,375.3,375.3,207,
2017-12-27 12:58:00+05:30,375.3,375.7,375.25,375.65,1380,
2017-12-27 12:59:00+05:30,375.6,375.6,375.35,375.6,329,
2017-12-27 13:00:00+05:30,375.6,375.7,375.3,375.35,290,
2017-12-27 13:01:00+05:30,375.35,376.45,375.35,376.4,2131,
2017-12-27 13:02:00+05:30,376.4,376.4,376.3,376.4,156,
2017-12-27 13:03:00+05:30,376.4,376.4,376.15,376.15,669,
2017-12-27 13:04:00+05:30,376.2,376.65,376.2,376.45,1053,
2017-12-27 13:05:00+05:30,376.45,376.6,376.4,376.4,525,
2017-12-27 13:06:00+05:30,376.4,376.6,376.2,376.4,436,
2017-12-27 13:07:00+05:30,376.4,376.6,376.3,376.6,178,
2017-12-27 13:08:00+05:30,376.6,376.7,376.5,376.5,282,
2017-12-27 13:09:00+05:30,376.5,376.55,376.5,376.55,411,
2017-12-27 13:10:00+05:30,376.45,376.7,376,376,1133,
2017-12-27 13:11:00+05:30,376,376.45,376,376.4,708,
2017-12-27 13:12:00+05:30,376.4,376.5,376.1,376.5,228,
2017-12-27 13:13:00+05:30,376.5,376.5,376.45,376.5,593,
2017-12-27 13:14:00+05:30,376.5,376.5,376,376,394,
2017-12-27 13:15:00+05:30,376,376.5,376,376.5,201,
2017-12-27 13:16:00+05:30,376.5,376.5,376.45,376.5,205,
2017-12-27 13:17:00+05:30,376.5,376.5,376.05,376.45,241,
2017-12-27 13:18:00+05:30,376.45,376.5,376,376.4,414,
2017-12-27 13:19:00+05:30,376.4,376.5,376.05,376.05,437,
2017-12-27 13:20:00+05:30,376.05,376.45,375,375.95,3502,
2017-12-27 13:21:00+05:30,375.95,376.5,375.9,376.4,334,
2017-12-27 13:22:00+05:30,376.4,376.5,376.05,376.5,1273,
2017-12-27 13:23:00+05:30,376.5,376.5,376,376.3,411,
2017-12-27 13:24:00+05:30,376.3,376.45,376.25,376.4,170,
2017-12-27 13:25:00+05:30,376.4,376.4,375.9,375.9,1461,
2017-12-27 13:26:00+05:30,375.9,375.9,374.9,375,6475,
2017-12-27 13:27:00+05:30,375,375.8,374.95,375.7,3099,
2017-12-27 13:28:00+05:30,375.7,375.8,375.7,375.75,878,
2017-12-27 13:29:00+05:30,375.75,375.8,375.3,375.3,425,
2017-12-27 13:30:00+05:30,375.3,375.7,375.3,375.6,244,
2017-12-27 13:31:00+05:30,375.6,375.75,375.4,375.75,318,
2017-12-27 13:32:00+05:30,375.75,376.25,375.7,376,4067,
2017-12-27 13:33:00+05:30,376,376.2,375.5,375.5,1512,
2017-12-27 13:34:00+05:30,375.5,375.5,375.05,375.5,307,
2017-12-27 13:35:00+05:30,375.5,375.5,375.3,375.45,496,
2017-12-27 13:36:00+05:30,375.45,376.3,375,375,3962,
2017-12-27 13:37:00+05:30,375,375.4,374.25,375.35,7716,
2017-12-27 13:38:00+05:30,375.35,375.85,375.05,375.05,449,
2017-12-27 13:39:00+05:30,375.05,375.35,375.05,375.35,140,
2017-12-27 13:40:00+05:30,375.35,376,375.35,376,6845,
2017-12-27 13:41:00+05:30,376,376,375.6,376,136,
2017-12-27 13:42:00+05:30,376,376,375.75,375.85,104,
2017-12-27 13:43:00+05:30,375.85,375.85,375.6,375.6,306,
2017-12-27 13:44:00+05:30,375.6,375.6,375,375.4,2217,
2017-12-27 13:45:00+05:30,375.05,375.5,375,375.2,428,
2017-12-27 13:46:00+05:30,375.2,375.45,375.2,375.45,141,
2017-12-27 13:47:00+05:30,375.45,375.6,375.4,375.6,421,
2017-12-27 13:48:00+05:30,375.6,375.85,375.3,375.85,410,
2017-12-27 13:49:00+05:30,375.85,375.9,375.45,375.85,146,
2017-12-27 13:50:00+05:30,375.85,375.85,375.05,375.8,695,
2017-12-27 13:51:00+05:30,375.8,375.8,375.5,375.7,291,
2017-12-27 13:52:00+05:30,375.7,375.8,375,375.75,2619,
2017-12-27 13:53:00+05:30,375.7,375.75,375.5,375.5,248,
2017-12-27 13:54:00+05:30,375.5,375.5,375.05,375.4,625,
2017-12-27 13:55:00+05:30,375.4,375.45,374.65,375,786,
2017-12-27 13:56:00+05:30,375,375,374.8,375,2231,
2017-12-27 13:57:00+05:30,375,375,374.8,374.95,527,
2017-12-27 13:58:00+05:30,374.95,375.4,374.9,375.4,1143,
2017-12-27 13:59:00+05:30,375.15,375.5,375.05,375.5,686,
2017-12-27 14:00:00+05:30,375.5,375.5,375.35,375.5,1349,
2017-12-27 14:01:00+05:30,375.5,375.75,375.25,375.75,677,
2017-12-27 14:02:00+05:30,375.75,375.75,375,375.65,3247,
2017-12-27 14:03:00+05:30,375.65,375.7,375.05,375.4,446,
2017-12-27 14:04:00+05:30,375.4,375.95,375.3,375.9,3224,
2017-12-27 14:05:00+05:30,375.9,376.4,375.35,375.6,2086,
2017-12-27 14:06:00+05:30,375.6,375.95,375.05,375.6,2019,
2017-12-27 14:07:00+05:30,375.6,375.85,375.6,375.65,220,
2017-12-27 14:08:00+05:30,375.65,375.85,375.4,375.4,352,
2017-12-27 14:09:00+05:30,375.3,375.5,375.3,375.45,266,
2017-12-27 14:10:00+05:30,375.45,375.45,375,375.4,2191,
2017-12-27 14:11:00+05:30,375.4,375.45,375.1,375.45,184,
2017-12-27 14:12:00+05:30,375.45,375.5,375,375.35,2161,
2017-12-27 14:13:00+05:30,375.35,375.35,375,375,509,
2017-12-27 14:14:00+05:30,375,375.35,375,375,401,
2017-12-27 14:15:00+05:30,375,375.35,375,375.05,929,
2017-12-27 14:16:00+05:30,375.05,375.35,375,375,995,
2017-12-27 14:17:00+05:30,375,375.35,375,375.35,332,
2017-12-27 14:18:00+05:30,375.35,375.35,375.3,375.3,676,
2017-12-27 14:19:00+05:30,375.35,375.45,375,375,2027,
2017-12-27 14:20:00+05:30,375,375.4,374.8,374.8,2362,
2017-12-27 14:21:00+05:30,374.8,374.95,374.6,374.6,230,
2017-12-27 14:22:00+05:30,374.6,374.75,374.5,374.65,3293,
2017-12-27 14:23:00+05:30,374.65,374.7,374.3,374.65,1839,
2017-12-27 14:24:00+05:30,374.4,375.35,374.35,375.25,7649,
2017-12-27 14:25:00+05:30,375.25,375.25,374.7,374.75,1621,
2017-12-27 14:26:00+05:30,374.75,375,374.5,375,488,
2017-12-27 14:27:00+05:30,375,375.1,374.75,374.75,2769,
2017-12-27 14:28:00+05:30,374.75,374.85,374.5,374.75,1101,
2017-12-27 14:29:00+05:30,374.75,374.95,374,374.75,1786,
2017-12-27 14:30:00+05:30,374.75,374.85,374.05,374.05,286,
2017-12-27 14:31:00+05:30,374,374.9,374,374.9,4789,
2017-12-27 14:32:00+05:30,374.9,374.95,374.1,374.95,1181,
2017-12-27 14:33:00+05:30,374.95,374.95,374.05,374.8,1076,
2017-12-27 14:34:00+05:30,374.7,374.75,374.65,374.7,785,
2017-12-27 14:35:00+05:30,374.7,374.7,374.55,374.65,364,
2017-12-27 14:36:00+05:30,374.65,374.7,374,374.5,676,
2017-12-27 14:37:00+05:30,374.35,374.5,374,374.5,2186,
2017-12-27 14:38:00+05:30,374.5,374.5,374,374.05,1020,
2017-12-27 14:39:00+05:30,374.05,374.45,374.05,374.1,350,
2017-12-27 14:40:00+05:30,374.1,374.5,373.95,374,3937,
2017-12-27 14:41:00+05:30,374,374.8,373.8,374.1,8830,
2017-12-27 14:42:00+05:30,374.1,375,374.1,374.8,7115,
2017-12-27 14:43:00+05:30,374.8,374.95,373.8,373.8,1571,
2017-12-27 14:44:00+05:30,374,374.95,373.8,374.95,5868,
2017-12-27 14:45:00+05:30,374.95,375.4,374.7,375.25,5767,
2017-12-27 14:46:00+05:30,375.2,375.2,374,374.9,6231,
2017-12-27 14:47:00+05:30,374.9,374.9,374,374,3253,
2017-12-27 14:48:00+05:30,374.05,374.5,374,374.1,1457,
2017-12-27 14:49:00+05:30,374.1,374.7,374.1,374.7,1704,
2017-12-27 14:50:00+05:30,374.75,374.75,374.05,374.4,2389,
2017-12-27 14:51:00+05:30,374.4,374.55,374,374.45,1936,
2017-12-27 14:52:00+05:30,374.45,374.45,374,374.45,622,
2017-12-27 14:53:00+05:30,373.9,374,373.8,374,2090,
2017-12-27 14:54:00+05:30,373.85,374.65,373.85,374.5,2339,
2017-12-27 14:55:00+05:30,374.5,374.7,374.5,374.65,1097,
2017-12-27 14:56:00+05:30,374.65,374.7,374.5,374.55,987,
2017-12-27 14:57:00+05:30,374.55,374.7,374.5,374.7,470,
2017-12-27 14:58:00+05:30,374.7,374.75,374.55,374.6,581,
2017-12-27 14:59:00+05:30,374.55,374.75,374.3,374.3,2586,
2017-12-27 15:00:00+05:30,374.3,374.4,373.9,374,4879,
2017-12-27 15:01:00+05:30,374,374.45,374,374.35,617,
2017-12-27 15:02:00+05:30,374.35,374.4,374.05,374.4,1222,
2017-12-27 15:03:00+05:30,374.4,374.65,374.4,374.65,986,
2017-12-27 15:04:00+05:30,374.65,374.8,374.6,374.8,2620,
2017-12-27 15:05:00+05:30,374.8,374.85,374.6,374.85,1978,
2017-12-27 15:06:00+05:30,374.9,375,374.85,374.95,2717,
2017-12-27 15:07:00+05:30,375,375,374.55,374.6,2159,
2017-12-27 15:08:00+05:30,374.6,375.25,374.6,375,5197,
2017-12-27 15:09:00+05:30,375,375.15,374.4,374.65,1151,
2017-12-27 15:10:00+05:30,374.9,375,374.4,374.7,752,
2017-12-27 15:11:00+05:30,374.7,374.95,374.45,374.6,988,
2017-12-27 15:12:00+05:30,374.6,374.7,374.1,374.65,2627,
2017-12-27 15:13:00+05:30,374.65,374.65,374.25,374.25,1356,
2017-12-27 15:14:00+05:30,374.25,374.85,374.25,374.85,6322,
2017-12-27 15:15:00+05:30,374.8,374.95,374.5,374.7,5356,
2017-12-27 15:16:00+05:30,374.5,375,374.5,375,8330,
2017-12-27 15:17:00+05:30,375,375.25,375,375.1,3148,
2017-12-27 15:18:00+05:30,375.1,375.25,375,375.1,4628,
2017-12-27 15:19:00+05:30,375.1,375.2,375,375.05,1224,
2017-12-27 15:20:00+05:30,375.05,375.2,375.05,375.15,1896,
2017-12-27 15:21:00+05:30,375.1,375.2,375.1,375.1,897,
2017-12-27 15:22:00+05:30,375.1,375.15,375.1,375.1,4372,
2017-12-27 15:23:00+05:30,375.1,375.15,375.1,375.15,2636,
2017-12-27 15:24:00+05:30,375.1,375.4,375.1,375.15,3913,
2017-12-27 15:25:00+05:30,375.15,375.5,375,375.1,4516,
2017-12-27 15:26:00+05:30,375.1,375.6,375,375.2,4949,
2017-12-27 15:27:00+05:30,375.2,375.3,374.95,375,3365,
2017-12-27 15:28:00+05:30,375,375.2,375,375.1,3637,
2017-12-27 15:29:00+05:30,375.1,375.1,374.5,374.9,5048,
2017-12-28 09:15:00+05:30,375,375.45,374.1,375,4583,
2017-12-28 09:16:00+05:30,375.05,375.4,375,375.3,3535,
2017-12-28 09:17:00+05:30,375.3,375.3,374.4,374.4,4274,
2017-12-28 09:18:00+05:30,374.4,374.65,374.15,374.65,2799,
2017-12-28 09:19:00+05:30,374.7,374.75,374.55,374.6,962,
2017-12-28 09:20:00+05:30,374.6,374.65,374.5,374.5,2157,
2017-12-28 09:21:00+05:30,374.65,374.65,374.5,374.65,1847,
2017-12-28 09:22:00+05:30,374.9,375.05,374.85,374.85,602,
2017-12-28 09:23:00+05:30,374.85,374.85,373.75,374.25,6179,
2017-12-28 09:24:00+05:30,373.8,374.55,373.8,374.35,3294,
2017-12-28 09:25:00+05:30,374.35,374.5,374,374.35,2421,
2017-12-28 09:26:00+05:30,374.35,374.35,374,374,1817,
2017-12-28 09:27:00+05:30,374,374,373.1,373.6,5054,
2017-12-28 09:28:00+05:30,373.6,373.6,373,373.3,4775,
2017-12-28 09:29:00+05:30,373.3,373.3,372.6,372.6,3336,
2017-12-28 09:30:00+05:30,372.9,373.2,372.7,372.7,2648,
2017-12-28 09:31:00+05:30,372.7,373,372.4,373,2126,
2017-12-28 09:32:00+05:30,373,373,372.95,372.95,2601,
2017-12-28 09:33:00+05:30,372.95,372.95,372.9,372.95,1329,
2017-12-28 09:34:00+05:30,372.95,372.95,372.55,372.55,3060,
2017-12-28 09:35:00+05:30,372.55,372.85,372.55,372.85,2700,
2017-12-28 09:36:00+05:30,372.85,372.85,372.55,372.65,2067,
2017-12-28 09:37:00+05:30,372.8,372.85,372.8,372.8,1821,
2017-12-28 09:38:00+05:30,372.85,372.85,372.6,372.8,1836,
2017-12-28 09:39:00+05:30,372.8,372.9,372.55,372.55,1099,
2017-12-28 09:40:00+05:30,372.6,372.75,372.5,372.75,2900,
2017-12-28 09:41:00+05:30,372.6,372.7,372.4,372.4,4237,
2017-12-28 09:42:00+05:30,372.6,372.6,372.45,372.5,2817,
2017-12-28 09:43:00+05:30,372.5,372.95,372.5,372.95,6024,
2017-12-28 09:44:00+05:30,372.95,372.95,372.7,372.9,2030,
2017-12-28 09:45:00+05:30,372.9,373.15,372.9,373.15,913,
2017-12-28 09:46:00+05:30,373.2,373.6,373.2,373.6,3666,
2017-12-28 09:47:00+05:30,373.5,373.9,373.5,373.85,458,
2017-12-28 09:48:00+05:30,373.85,373.9,373.6,373.9,4285,
2017-12-28 09:49:00+05:30,373.9,373.9,373.7,373.7,734,
2017-12-28 09:50:00+05:30,373.7,373.85,372.8,372.8,1549,
2017-12-28 09:51:00+05:30,372.8,373.65,372.8,373.4,827,
2017-12-28 09:52:00+05:30,373.3,373.35,372.8,372.85,1345,
2017-12-28 09:53:00+05:30,372.85,373,372.85,372.95,1850,
2017-12-28 09:54:00+05:30,373,373.6,372.95,373.6,1318,
2017-12-28 09:55:00+05:30,373.6,373.65,373.2,373.6,612,
2017-12-28 09:56:00+05:30,373.6,373.6,373.3,373.35,424,
2017-12-28 09:57:00+05:30,373.4,373.4,373.1,373.15,346,
2017-12-28 09:58:00+05:30,373.3,373.6,373.3,373.6,2713,
2017-12-28 09:59:00+05:30,373.6,373.6,373.35,373.6,853,
2017-12-28 10:00:00+05:30,373.6,373.6,373.05,373.45,555,
2017-12-28 10:01:00+05:30,373.45,373.45,373,373,2752,
2017-12-28 10:02:00+05:30,373,373.6,373,373.6,411,
2017-12-28 10:03:00+05:30,373.3,373.55,373.3,373.5,345,
2017-12-28 10:04:00+05:30,373.5,373.55,373.15,373.45,3309,
2017-12-28 10:05:00+05:30,373.45,374,373.4,374,5934,
2017-12-28 10:06:00+05:30,374,374.35,374,374.3,3619,
2017-12-28 10:07:00+05:30,374.25,374.25,374,374.05,5265,
2017-12-28 10:08:00+05:30,374,374.05,373.85,373.85,2135,
2017-12-28 10:09:00+05:30,373.55,374,373.55,373.95,266,
2017-12-28 10:10:00+05:30,373.75,374,373.75,373.95,188,
2017-12-28 10:11:00+05:30,373.95,373.95,373.8,373.85,199,
2017-12-28 10:12:00+05:30,373.85,374,373.6,373.95,2552,
2017-12-28 10:13:00+05:30,373.95,374,373.65,374,354,
2017-12-28 10:14:00+05:30,374,374,373.75,373.95,603,
2017-12-28 10:15:00+05:30,373.95,374,373.4,373.4,692,
2017-12-28 10:16:00+05:30,373.4,373.5,373.1,373.5,455,
2017-12-28 10:17:00+05:30,373.5,373.5,373.45,373.5,448,
2017-12-28 10:18:00+05:30,373.5,373.7,373.1,373.6,587,
2017-12-28 10:19:00+05:30,373.6,373.95,373.6,373.6,1476,
2017-12-28 10:20:00+05:30,373.6,374,373.6,374,541,
2017-12-28 10:21:00+05:30,374,374,373.3,373.55,677,
2017-12-28 10:22:00+05:30,373.4,373.8,373.4,373.8,166,
2017-12-28 10:23:00+05:30,373.8,373.95,373.6,373.6,653,
2017-12-28 10:24:00+05:30,373.6,373.95,373.6,373.95,132,
2017-12-28 10:25:00+05:30,373.95,373.95,373.5,373.9,911,
2017-12-28 10:26:00+05:30,373.9,373.9,373.5,373.85,1812,
2017-12-28 10:27:00+05:30,373.85,373.9,373.7,373.9,316,
2017-12-28 10:28:00+05:30,373.85,373.9,373.6,373.6,216,
2017-12-28 10:29:00+05:30,373.6,374,373.6,373.95,522,
2017-12-28 10:30:00+05:30,373.9,374,373.9,373.95,482,
2017-12-28 10:31:00+05:30,373.95,374,373.65,373.65,1137,
2017-12-28 10:32:00+05:30,373.65,374,373.65,373.8,506,
2017-12-28 10:33:00+05:30,374,374,373.7,374,384,
2017-12-28 10:34:00+05:30,374,374,373.9,373.9,185,
2017-12-28 10:35:00+05:30,373.9,374,373.65,373.65,534,
2017-12-28 10:36:00+05:30,373.65,373.65,373.65,373.65,750,
2017-12-28 10:37:00+05:30,373.65,374,373.65,374,1704,
2017-12-28 10:38:00+05:30,374,374,373.7,373.7,1231,
2017-12-28 10:39:00+05:30,373.7,373.75,373.6,373.6,209,
2017-12-28 10:40:00+05:30,373.6,373.85,373.6,373.85,115,
2017-12-28 10:41:00+05:30,373.85,373.85,373.3,373.3,1346,
2017-12-28 10:42:00+05:30,373.3,373.95,373.3,373.65,914,
2017-12-28 10:43:00+05:30,373.65,373.85,373.65,373.85,244,
2017-12-28 10:44:00+05:30,373.85,373.85,373.8,373.85,243,
2017-12-28 10:45:00+05:30,373.8,373.95,373.8,373.95,544,
2017-12-28 10:46:00+05:30,373.95,373.95,373.6,373.65,592,
2017-12-28 10:47:00+05:30,373.65,373.9,373.65,373.9,104,
2017-12-28 10:48:00+05:30,373.9,374,373.85,373.85,243,
2017-12-28 10:49:00+05:30,374,374,373.9,374,1534,
2017-12-28 10:50:00+05:30,374,374,373.9,373.9,105,
2017-12-28 10:51:00+05:30,373.9,373.9,373.8,373.8,399,
2017-12-28 10:52:00+05:30,373.85,374.1,373.85,374,6890,
2017-12-28 10:53:00+05:30,374,374.4,373.9,374,6364,
2017-12-28 10:54:00+05:30,374,374.1,374,374.05,329,
2017-12-28 10:55:00+05:30,374.05,374.45,374.05,374.35,511,
2017-12-28 10:56:00+05:30,374.35,374.45,373.9,373.9,2090,
2017-12-28 10:57:00+05:30,373.9,374,373.9,374,481,
2017-12-28 10:58:00+05:30,374,374,373.9,373.9,150,
2017-12-28 10:59:00+05:30,373.9,374,373.55,373.75,938,
2017-12-28 11:00:00+05:30,373.85,374,373.8,374,828,
2017-12-28 11:01:00+05:30,374,374,373.6,373.6,1784,
2017-12-28 11:02:00+05:30,373.6,374,373.6,373.9,192,
2017-12-28 11:03:00+05:30,373.9,374,373.65,374,120,
2017-12-28 11:04:00+05:30,374,374,373.65,373.9,322,
2017-12-28 11:05:00+05:30,373.9,374,373.9,374,221,
2017-12-28 11:06:00+05:30,374,374,373.9,373.95,304,
2017-12-28 11:07:00+05:30,373.95,374,373.9,374,331,
2017-12-28 11:08:00+05:30,374,374,373.9,374,397,
2017-12-28 11:09:00+05:30,374,374,373.9,374,222,
2017-12-28 11:10:00+05:30,374,374,373.9,374,483,
2017-12-28 11:11:00+05:30,374,374,373.9,373.9,533,
2017-12-28 11:12:00+05:30,373.9,374,373.9,374,756,
2017-12-28 11:13:00+05:30,374,374,373.8,373.9,312,
2017-12-28 11:14:00+05:30,373.9,373.95,373.8,373.95,271,
2017-12-28 11:15:00+05:30,373.95,374,373.95,374,99,
2017-12-28 11:16:00+05:30,374,374,373.55,374,1571,
2017-12-28 11:17:00+05:30,374,374,373.9,373.9,354,
2017-12-28 11:18:00+05:30,373.95,373.95,373.95,373.95,227,
2017-12-28 11:19:00+05:30,374,374,373.95,373.95,671,
2017-12-28 11:20:00+05:30,373.95,374,373.9,373.95,741,
2017-12-28 11:21:00+05:30,373.95,374,373.9,373.9,883,
2017-12-28 11:22:00+05:30,373.9,374,373.6,373.65,466,
2017-12-28 11:23:00+05:30,373.65,373.65,373.6,373.65,140,
2017-12-28 11:24:00+05:30,373.65,373.65,373.55,373.6,225,
2017-12-28 11:25:00+05:30,373.6,374,373.55,373.55,1643,
2017-12-28 11:26:00+05:30,373.55,373.95,373.55,373.9,409,
2017-12-28 11:27:00+05:30,373.9,373.95,373.55,373.55,449,
2017-12-28 11:28:00+05:30,373.9,374.5,373.85,374.5,3123,
2017-12-28 11:29:00+05:30,374.5,374.5,374,374.4,1668,
2017-12-28 11:30:00+05:30,374,374.35,374,374,221,
2017-12-28 11:31:00+05:30,374,374,373.5,373.5,488,
2017-12-28 11:32:00+05:30,373.5,373.85,373.5,373.7,226,
2017-12-28 11:33:00+05:30,373.7,373.7,373.25,373.25,792,
2017-12-28 11:34:00+05:30,373.25,373.45,373.25,373.25,607,
2017-12-28 11:35:00+05:30,373.25,373.45,373,373.45,7425,
2017-12-28 11:36:00+05:30,373.45,373.95,373.05,373.55,1736,
2017-12-28 11:37:00+05:30,373.55,373.6,373.05,373.45,224,
2017-12-28 11:38:00+05:30,373.45,373.95,373.15,373.95,1426,
2017-12-28 11:39:00+05:30,373.95,374,373.9,373.95,424,
2017-12-28 11:40:00+05:30,373.95,373.95,373.2,373.45,1066,
2017-12-28 11:41:00+05:30,373.45,373.55,373.2,373.25,632,
2017-12-28 11:42:00+05:30,373.25,373.9,373.25,373.85,1570,
2017-12-28 11:43:00+05:30,373.8,373.85,373.4,373.85,520,
2017-12-28 11:44:00+05:30,373.85,373.85,373.4,373.55,133,
2017-12-28 11:45:00+05:30,373.55,373.7,373.5,373.7,132,
2017-12-28 11:46:00+05:30,373.7,373.7,373.45,373.65,174,
2017-12-28 11:47:00+05:30,373.65,373.65,373.4,373.5,39,
2017-12-28 11:48:00+05:30,373.65,373.85,373.4,373.5,672,
2017-12-28 11:49:00+05:30,373.5,373.8,373.5,373.8,133,
2017-12-28 11:50:00+05:30,373.8,373.85,373.5,373.85,209,
2017-12-28 11:51:00+05:30,373.85,373.85,373.45,373.85,211,
2017-12-28 11:52:00+05:30,373.85,374,373.75,374,322,
2017-12-28 11:53:00+05:30,374,374,373.5,373.5,692,
2017-12-28 11:54:00+05:30,373.5,373.95,373.2,373.45,1518,
2017-12-28 11:55:00+05:30,373.45,373.7,373.45,373.45,221,
2017-12-28 11:56:00+05:30,373.45,373.65,373.45,373.65,113,
2017-12-28 11:57:00+05:30,373.65,374,373.5,373.85,903,
2017-12-28 11:58:00+05:30,373.85,374,373.55,373.75,256,
2017-12-28 11:59:00+05:30,373.75,373.95,373.6,373.85,154,
2017-12-28 12:00:00+05:30,373.75,373.8,373.6,373.6,171,
2017-12-28 12:01:00+05:30,373.7,373.7,373.7,373.7,127,
2017-12-28 12:02:00+05:30,373.7,374,373.7,374,298,
2017-12-28 12:03:00+05:30,374,374,373.95,373.95,36,
2017-12-28 12:04:00+05:30,373.95,374,373.3,373.3,621,
2017-12-28 12:05:00+05:30,373.3,373.95,373.3,373.65,357,
2017-12-28 12:06:00+05:30,373.65,373.65,373.6,373.6,85,
2017-12-28 12:07:00+05:30,373.6,373.95,373.5,373.6,348,
2017-12-28 12:08:00+05:30,373.6,373.95,373.6,373.75,674,
2017-12-28 12:09:00+05:30,373.75,373.95,373.75,373.95,116,
2017-12-28 12:10:00+05:30,373.95,373.95,373.8,373.8,190,
2017-12-28 12:11:00+05:30,373.8,373.9,373.8,373.8,177,
2017-12-28 12:12:00+05:30,373.8,373.8,373.35,373.35,563,
2017-12-28 12:13:00+05:30,373.35,373.8,373.2,373.7,1301,
2017-12-28 12:14:00+05:30,373.7,373.75,373.7,373.7,107,
2017-12-28 12:15:00+05:30,373.65,373.8,373.65,373.8,227,
2017-12-28 12:16:00+05:30,373.8,373.8,373.65,373.65,201,
2017-12-28 12:17:00+05:30,373.65,373.8,373.5,373.5,156,
2017-12-28 12:18:00+05:30,373.5,373.8,373.4,373.8,467,
2017-12-28 12:19:00+05:30,373.8,373.8,373.6,373.6,621,
2017-12-28 12:20:00+05:30,373.6,373.6,373.25,373.25,263,
2017-12-28 12:21:00+05:30,373.25,373.8,373.25,373.6,1306,
2017-12-28 12:22:00+05:30,373.6,373.8,373.3,373.8,666,
2017-12-28 12:23:00+05:30,373.8,373.8,373.7,373.75,191,
2017-12-28 12:24:00+05:30,373.75,373.8,373.65,373.65,280,
2017-12-28 12:25:00+05:30,373.65,373.8,373.4,373.4,487,
2017-12-28 12:26:00+05:30,373.4,373.65,373.35,373.35,241,
2017-12-28 12:27:00+05:30,373.35,373.35,373,373,2792,
2017-12-28 12:28:00+05:30,373,373.8,373,373.15,963,
2017-12-28 12:29:00+05:30,373.15,373.4,373.15,373.4,149,
2017-12-28 12:30:00+05:30,373.4,373.8,372.8,373.15,1292,
2017-12-28 12:31:00+05:30,373.15,373.7,373.15,373.7,320,
2017-12-28 12:32:00+05:30,373.7,373.75,373.35,373.75,88,
2017-12-28 12:33:00+05:30,373.75,373.75,373.4,373.4,19,
2017-12-28 12:34:00+05:30,373.4,373.75,372.6,373.05,817,
2017-12-28 12:35:00+05:30,373.05,373.5,373.05,373.5,695,
2017-12-28 12:36:00+05:30,373.5,373.95,373.4,373.5,3040,
2017-12-28 12:37:00+05:30,373.85,373.95,373.55,373.8,258,
2017-12-28 12:38:00+05:30,373.8,373.8,373.5,373.5,71,
2017-12-28 12:39:00+05:30,373.8,373.8,373.55,373.55,273,
2017-12-28 12:40:00+05:30,373.55,373.7,373.55,373.55,242,
2017-12-28 12:41:00+05:30,373.55,373.8,373.55,373.75,225,
2017-12-28 12:42:00+05:30,373.75,373.75,373.45,373.5,567,
2017-12-28 12:43:00+05:30,373.4,373.45,373.25,373.25,260,
2017-12-28 12:44:00+05:30,373.25,373.7,373.25,373.7,100,
2017-12-28 12:45:00+05:30,373.7,373.8,373.55,373.8,228,
2017-12-28 12:46:00+05:30,373.8,373.8,373.75,373.75,251,
2017-12-28 12:47:00+05:30,373.75,373.75,373.5,373.5,281,
2017-12-28 12:48:00+05:30,373.5,373.5,373.45,373.45,140,
2017-12-28 12:49:00+05:30,373.45,373.5,373.35,373.35,155,
2017-12-28 12:50:00+05:30,373.35,373.35,373.35,373.35,0,
2017-12-28 12:51:00+05:30,373.35,373.55,373.35,373.55,244,
2017-12-28 12:52:00+05:30,373.55,373.75,373.55,373.75,117,
2017-12-28 12:53:00+05:30,373.75,373.8,373.45,373.45,525,
2017-12-28 12:54:00+05:30,373.45,373.5,373.45,373.5,336,
2017-12-28 12:55:00+05:30,373.4,373.7,373.4,373.7,176,
2017-12-28 12:56:00+05:30,373.75,373.8,373.6,373.7,385,
2017-12-28 12:57:00+05:30,373.7,373.7,373.2,373.25,697,
2017-12-28 12:58:00+05:30,373.25,373.75,373.25,373.35,191,
2017-12-28 12:59:00+05:30,373.35,373.8,373.3,373.8,1472,
2017-12-28 13:00:00+05:30,373.8,374,373.3,374,3215,
2017-12-28 13:01:00+05:30,373.45,374.9,373.4,374.9,10463,
2017-12-28 13:02:00+05:30,374.9,375.1,374.6,375,14013,
2017-12-28 13:03:00+05:30,375.1,375.2,375,375,4430,
2017-12-28 13:04:00+05:30,375,375,374.7,374.7,478,
2017-12-28 13:05:00+05:30,374.35,374.7,373.85,374,2478,
2017-12-28 13:06:00+05:30,374,374.7,374,374.5,132,
2017-12-28 13:07:00+05:30,374.5,374.7,374.4,374.7,157,
2017-12-28 13:08:00+05:30,374.7,374.95,374.6,374.95,1160,
2017-12-28 13:09:00+05:30,374.6,374.9,374,374.35,1754,
2017-12-28 13:10:00+05:30,374.35,374.35,374.1,374.15,143,
2017-12-28 13:11:00+05:30,374.15,374.15,374.05,374.15,125,
2017-12-28 13:12:00+05:30,374,374.15,374,374.05,685,
2017-12-28 13:13:00+05:30,374.05,374.3,373.55,374,2826,
2017-12-28 13:14:00+05:30,374,374,373.8,374,15616,
2017-12-28 13:15:00+05:30,374,374.35,374,374.35,324,
2017-12-28 13:16:00+05:30,374.35,374.9,373.55,373.55,3847,
2017-12-28 13:17:00+05:30,373.55,374,373.55,374,5756,
2017-12-28 13:18:00+05:30,374,374.35,374,374,5210,
2017-12-28 13:19:00+05:30,374,374.35,374,374,1101,
2017-12-28 13:20:00+05:30,374,374.35,374,374,1408,
2017-12-28 13:21:00+05:30,374,374.35,374,374.05,244,
2017-12-28 13:22:00+05:30,374,374.4,374,374.4,484,
2017-12-28 13:23:00+05:30,374.4,374.75,374,374.05,2140,
2017-12-28 13:24:00+05:30,374.05,374.45,374.05,374.45,127,
2017-12-28 13:25:00+05:30,374.45,374.75,373.6,374,2268,
2017-12-28 13:26:00+05:30,374,374.45,374,374.45,424,
2017-12-28 13:27:00+05:30,374.6,374.6,374.5,374.5,188,
2017-12-28 13:28:00+05:30,374.25,374.25,374.05,374.05,250,
2017-12-28 13:29:00+05:30,374.05,374.05,374,374,3251,
2017-12-28 13:30:00+05:30,374,374.35,374,374.35,101,
2017-12-28 13:31:00+05:30,374.35,374.35,374,374,180,
2017-12-28 13:32:00+05:30,374,374,374,374,200,
2017-12-28 13:33:00+05:30,374,374.35,374,374,396,
2017-12-28 13:34:00+05:30,374,374,374,374,100,
2017-12-28 13:35:00+05:30,374,374,374,374,340,
2017-12-28 13:36:00+05:30,374,374,374,374,900,
2017-12-28 13:37:00+05:30,374,374.3,374,374,250,
2017-12-28 13:38:00+05:30,374.2,374.2,374,374,189,
2017-12-28 13:39:00+05:30,374,374,374,374,733,
2017-12-28 13:40:00+05:30,374,374,374,374,2334,
2017-12-28 13:41:00+05:30,374,374,374,374,100,
2017-12-28 13:42:00+05:30,374,374.05,374,374,135,
2017-12-28 13:43:00+05:30,374,374.5,374,374.5,1538,
2017-12-28 13:44:00+05:30,374.5,374.65,374.1,374.1,1066,
2017-12-28 13:45:00+05:30,374.1,374.4,374.1,374.1,175,
2017-12-28 13:46:00+05:30,374.1,374.4,374.1,374.4,118,
2017-12-28 13:47:00+05:30,374.1,374.1,374.1,374.1,122,
2017-12-28 13:48:00+05:30,374.1,374.25,374.1,374.25,521,
2017-12-28 13:49:00+05:30,374.25,374.25,374.1,374.25,125,
2017-12-28 13:50:00+05:30,374.25,374.25,374.1,374.1,383,
2017-12-28 13:51:00+05:30,374.1,374.25,374.1,374.1,242,
2017-12-28 13:52:00+05:30,374.1,374.15,374.1,374.15,60,
2017-12-28 13:53:00+05:30,374.15,374.3,374.1,374.3,5045,
2017-12-28 13:54:00+05:30,374.3,374.3,374.1,374.1,464,
2017-12-28 13:55:00+05:30,374.1,374.7,374.1,374.6,1380,
2017-12-28 13:56:00+05:30,374.6,374.6,374.6,374.6,1,
2017-12-28 13:57:00+05:30,374.35,374.6,374.35,374.35,244,
2017-12-28 13:58:00+05:30,374.55,374.7,374.35,374.5,616,
2017-12-28 13:59:00+05:30,374.5,374.7,374.5,374.5,245,
2017-12-28 14:00:00+05:30,374.5,374.5,374.5,374.5,506,
2017-12-28 14:01:00+05:30,374.5,375.4,374.5,375.1,7348,
2017-12-28 14:02:00+05:30,375.1,375.1,375,375,2988,
2017-12-28 14:03:00+05:30,375,375.1,375,375.1,711,
2017-12-28 14:04:00+05:30,375.1,375.4,374.7,375,2391,
2017-12-28 14:05:00+05:30,375,375.35,374.85,375.35,1023,
2017-12-28 14:06:00+05:30,375.35,375.35,375.05,375.05,655,
2017-12-28 14:07:00+05:30,375.05,375.1,375.05,375.05,300,
2017-12-28 14:08:00+05:30,375.05,375.1,375.05,375.05,27,
2017-12-28 14:09:00+05:30,375.05,375.15,375.05,375.15,1120,
2017-12-28 14:10:00+05:30,375.15,375.15,374.9,375,5263,
2017-12-28 14:11:00+05:30,375,375.35,374.9,375.35,1980,
2017-12-28 14:12:00+05:30,375.35,375.35,375.05,375.3,1285,
2017-12-28 14:13:00+05:30,375.3,375.3,375.05,375.05,1030,
2017-12-28 14:14:00+05:30,375.3,375.3,375.1,375.3,1432,
2017-12-28 14:15:00+05:30,375.3,375.3,375.1,375.1,85,
2017-12-28 14:16:00+05:30,375.1,375.3,375.1,375.3,900,
2017-12-28 14:17:00+05:30,375.2,375.25,375.1,375.1,925,
2017-12-28 14:18:00+05:30,375.2,375.7,375.1,375.7,4447,
2017-12-28 14:19:00+05:30,375.9,376.9,375.9,376.3,20460,
2017-12-28 14:20:00+05:30,376,376.7,376,376.5,5981,
2017-12-28 14:21:00+05:30,376.5,379.3,376.5,378.9,46855,
2017-12-28 14:22:00+05:30,378.9,379.5,377.8,379.5,24422,
2017-12-28 14:23:00+05:30,379.5,379.5,378.2,378.95,15814,
2017-12-28 14:24:00+05:30,378.95,379,378.5,378.55,5782,
2017-12-28 14:25:00+05:30,378.55,378.85,378.55,378.85,8942,
2017-12-28 14:26:00+05:30,378.85,378.9,377.4,377.85,7038,
2017-12-28 14:27:00+05:30,378,378.05,377.75,378.05,2684,
2017-12-28 14:28:00+05:30,378.15,378.4,378,378.3,2081,
2017-12-28 14:29:00+05:30,378.3,378.35,376.15,377.6,9289,
2017-12-28 14:30:00+05:30,377.6,377.75,376.95,377.75,1832,
2017-12-28 14:31:00+05:30,377.75,377.75,377,377.1,2993,
2017-12-28 14:32:00+05:30,377.1,377.85,377.1,377.45,4585,
2017-12-28 14:33:00+05:30,377.45,377.8,377.35,377.7,1906,
2017-12-28 14:34:00+05:30,377.7,378.45,377.7,378.45,5407,
2017-12-28 14:35:00+05:30,378.35,378.5,377.85,378.45,4974,
2017-12-28 14:36:00+05:30,378.45,378.5,377,378.4,3619,
2017-12-28 14:37:00+05:30,378.4,378.4,377,377.75,4012,
2017-12-28 14:38:00+05:30,378.35,378.35,377.7,377.9,4683,
2017-12-28 14:39:00+05:30,378.3,378.5,377.9,378.5,5693,
2017-12-28 14:40:00+05:30,378.5,378.75,378.15,378.3,3728,
2017-12-28 14:41:00+05:30,378.25,379,378.25,379,4228,
2017-12-28 14:42:00+05:30,379,379.1,378.7,378.7,3263,
2017-12-28 14:43:00+05:30,378.7,379.45,378.7,379,3744,
2017-12-28 14:44:00+05:30,378.85,379.75,378.8,379.45,7190,
2017-12-28 14:45:00+05:30,379.75,379.8,379.5,379.8,8817,
2017-12-28 14:46:00+05:30,379.8,379.9,378.6,379.8,9830,
2017-12-28 14:47:00+05:30,379.8,379.9,379,379.85,12291,
2017-12-28 14:48:00+05:30,379.9,380,379.45,379.75,5502,
2017-12-28 14:49:00+05:30,379.75,380,379.5,379.5,7712,
2017-12-28 14:50:00+05:30,379.5,379.55,379.2,379.5,1776,
2017-12-28 14:51:00+05:30,379.5,379.7,379,379.25,4083,
2017-12-28 14:52:00+05:30,379.25,379.7,379.05,379.2,5003,
2017-12-28 14:53:00+05:30,379.2,380,379.2,380,3299,
2017-12-28 14:54:00+05:30,379.8,380,379.35,379.35,14449,
2017-12-28 14:55:00+05:30,379.35,380,379.35,379.9,7828,
2017-12-28 14:56:00+05:30,379.9,380,379.7,379.7,6050,
2017-12-28 14:57:00+05:30,379.7,379.9,379,379,5484,
2017-12-28 14:58:00+05:30,379.65,379.95,379,379.7,6368,
2017-12-28 14:59:00+05:30,379.7,379.7,378.95,379.4,5185,
2017-12-28 15:00:00+05:30,379.4,379.4,378.15,378.15,6622,
2017-12-28 15:01:00+05:30,378,378.45,377.75,378.1,10319,
2017-12-28 15:02:00+05:30,378.35,379,378,378.75,6478,
2017-12-28 15:03:00+05:30,378.75,379,377.15,377.15,8752,
2017-12-28 15:04:00+05:30,378,379.15,377.95,378,8229,
2017-12-28 15:05:00+05:30,378,378,376.95,378,17967,
2017-12-28 15:06:00+05:30,378,378,376.6,376.95,9303,
2017-12-28 15:07:00+05:30,376.3,377.9,376.3,376.7,8182,
2017-12-28 15:08:00+05:30,376.9,377.35,375.75,377.3,24451,
2017-12-28 15:09:00+05:30,377.3,377.9,377.3,377.85,6454,
2017-12-28 15:10:00+05:30,377.95,379,377.95,379,12227,
2017-12-28 15:11:00+05:30,378.95,379.3,378.25,379.2,16077,
2017-12-28 15:12:00+05:30,379.2,379.9,378.85,378.85,4008,
2017-12-28 15:13:00+05:30,378.85,379,378.6,378.95,1813,
2017-12-28 15:14:00+05:30,378.95,379,378.65,378.75,895,
2017-12-28 15:15:00+05:30,378.65,378.95,378.6,378.9,2553,
2017-12-28 15:16:00+05:30,378.9,378.95,378.6,378.7,3610,
2017-12-28 15:17:00+05:30,378.95,378.95,378.25,378.25,4516,
2017-12-28 15:18:00+05:30,378.4,378.4,378,378.3,1848,
2017-12-28 15:19:00+05:30,378.2,378.2,377.9,377.9,1738,
2017-12-28 15:20:00+05:30,377.9,378,377.55,377.6,4564,
2017-12-28 15:21:00+05:30,378,378.4,377.8,378.4,6561,
2017-12-28 15:22:00+05:30,378.4,378.4,378.05,378.3,3750,
2017-12-28 15:23:00+05:30,378.3,378.3,377.6,377.9,1590,
2017-12-28 15:24:00+05:30,377.9,378.05,377.9,378,3777,
2017-12-28 15:25:00+05:30,378,378.25,378,378.2,2202,
2017-12-28 15:26:00+05:30,378.3,378.95,378.15,378.25,5521,
2017-12-28 15:27:00+05:30,378.25,378.25,378,378.25,4083,
2017-12-28 15:28:00+05:30,378.05,378.5,378,378.35,7304,
2017-12-28 15:29:00+05:30,378.35,379.5,378.35,378.7,6002,
2017-12-29 09:15:00+05:30,378.95,378.95,375.65,377.9,3197,
2017-12-29 09:16:00+05:30,377.9,377.9,376.5,377.5,1904,
2017-12-29 09:17:00+05:30,377.55,377.8,377,377.8,5796,
2017-12-29 09:18:00+05:30,377.9,378.9,377.05,378.9,5080,
2017-12-29 09:19:00+05:30,378.95,378.95,378,378.8,4811,
2017-12-29 09:20:00+05:30,378.8,378.95,378,378.2,3537,
2017-12-29 09:21:00+05:30,378.2,378.85,378.2,378.8,2840,
2017-12-29 09:22:00+05:30,378.8,379.5,378.8,378.9,2219,
2017-12-29 09:23:00+05:30,378.9,379.5,378.85,378.85,1866,
2017-12-29 09:24:00+05:30,378.85,379,378.6,378.95,686,
2017-12-29 09:25:00+05:30,378.95,378.95,378,378.8,1275,
2017-12-29 09:26:00+05:30,378.8,379.35,378.8,379.35,2511,
2017-12-29 09:27:00+05:30,379.4,380.5,379.4,379.85,10265,
2017-12-29 09:28:00+05:30,379.85,380,379.85,379.95,1488,
2017-12-29 09:29:00+05:30,379.95,380,379.05,379.05,1118,
2017-12-29 09:30:00+05:30,379.05,379.2,378.5,378.6,5942,
2017-12-29 09:31:00+05:30,378.6,378.95,378.5,378.5,1893,
2017-12-29 09:32:00+05:30,378.5,378.85,378.5,378.5,2103,
2017-12-29 09:33:00+05:30,378.5,378.5,378.1,378.1,394,
2017-12-29 09:34:00+05:30,378.5,378.5,378,378.25,3242,
2017-12-29 09:35:00+05:30,378.05,378.3,378.05,378.1,1038,
2017-12-29 09:36:00+05:30,378.1,378.3,378.1,378.1,631,
2017-12-29 09:37:00+05:30,378.1,378.3,378.1,378.25,786,
2017-12-29 09:38:00+05:30,378.15,378.3,378.1,378.3,1057,
2017-12-29 09:39:00+05:30,378.3,378.3,378.05,378.25,1120,
2017-12-29 09:40:00+05:30,378.25,378.25,378,378,2183,
2017-12-29 09:41:00+05:30,378,378.2,378,378.1,4400,
2017-12-29 09:42:00+05:30,378.1,378.2,378,378.2,991,
2017-12-29 09:43:00+05:30,378,378.2,378,378.2,743,
2017-12-29 09:44:00+05:30,378.2,378.2,377.95,378,497,
2017-12-29 09:45:00+05:30,378,378.15,377.65,377.7,1385,
2017-12-29 09:46:00+05:30,378,378.2,377.55,377.55,1664,
2017-12-29 09:47:00+05:30,377.55,378,377.5,378,686,
2017-12-29 09:48:00+05:30,378.15,378.15,377.8,378.1,1070,
2017-12-29 09:49:00+05:30,378.1,378.25,377.8,378.25,437,
2017-12-29 09:50:00+05:30,378.1,378.1,377.65,377.7,918,
2017-12-29 09:51:00+05:30,377.55,377.8,377.5,377.6,1817,
2017-12-29 09:52:00+05:30,377.6,378,377.6,378,429,
2017-12-29 09:53:00+05:30,378,378,377.5,377.5,1533,
2017-12-29 09:54:00+05:30,377.5,377.6,377.45,377.45,1181,
2017-12-29 09:55:00+05:30,377.6,377.6,377.25,377.6,2088,
2017-12-29 09:56:00+05:30,377.25,377.55,377.2,377.55,781,
2017-12-29 09:57:00+05:30,377.55,377.55,377.2,377.55,5947,
2017-12-29 09:58:00+05:30,377.55,377.6,377.15,377.6,540,
2017-12-29 09:59:00+05:30,377.6,377.6,377.3,377.35,950,
2017-12-29 10:00:00+05:30,377.6,377.6,377.25,377.6,658,
2017-12-29 10:01:00+05:30,377.6,377.6,377.15,377.5,1990,
2017-12-29 10:02:00+05:30,377.5,377.5,377.1,377.2,493,
2017-12-29 10:03:00+05:30,377.45,377.45,376.9,376.9,3184,
2017-12-29 10:04:00+05:30,376.9,376.9,376.6,376.7,1617,
2017-12-29 10:05:00+05:30,376.7,377.05,376.65,376.95,3574,
2017-12-29 10:06:00+05:30,376.95,377.15,376.55,377.05,1157,
2017-12-29 10:07:00+05:30,377.05,377.45,377.05,377.45,471,
2017-12-29 10:08:00+05:30,377.45,377.5,377.35,377.45,1033,
2017-12-29 10:09:00+05:30,377.45,377.45,376.55,376.95,1102,
2017-12-29 10:10:00+05:30,377,377,376.7,376.7,1028,
2017-12-29 10:11:00+05:30,376.7,376.7,376.6,376.7,2258,
2017-12-29 10:12:00+05:30,376.7,377.35,376.7,377.3,1058,
2017-12-29 10:13:00+05:30,377.3,377.3,376.9,377.15,230,
2017-12-29 10:14:00+05:30,377.25,377.3,377.25,377.3,876,
2017-12-29 10:15:00+05:30,377.3,377.3,377.25,377.25,997,
2017-12-29 10:16:00+05:30,377.3,377.65,377.3,377.45,517,
2017-12-29 10:17:00+05:30,377.45,378,377.45,378,625,
2017-12-29 10:18:00+05:30,378,378,377.45,377.7,626,
2017-12-29 10:19:00+05:30,377.7,378,377.55,378,428,
2017-12-29 10:20:00+05:30,378,378,377.55,377.65,459,
2017-12-29 10:21:00+05:30,378,378,377.65,378,955,
2017-12-29 10:22:00+05:30,378,378.05,377.65,378.05,3070,
2017-12-29 10:23:00+05:30,378.05,378.1,377.65,378.1,3799,
2017-12-29 10:24:00+05:30,378.1,378.2,377.7,378.2,328,
2017-12-29 10:25:00+05:30,378.2,378.25,377.8,378.25,514,
2017-12-29 10:26:00+05:30,378.15,378.2,377.8,378.1,641,
2017-12-29 10:27:00+05:30,378.25,378.25,377.5,378.25,1097,
2017-12-29 10:28:00+05:30,378.25,378.25,377.8,378.15,487,
2017-12-29 10:29:00+05:30,378.15,378.15,377.55,378.1,616,
2017-12-29 10:30:00+05:30,378.1,378.1,377.7,378,561,
2017-12-29 10:31:00+05:30,378,378,377.7,377.7,702,
2017-12-29 10:32:00+05:30,378,378,377.7,377.95,795,
2017-12-29 10:33:00+05:30,377.95,378,377.95,378,613,
2017-12-29 10:34:00+05:30,378,378,377.85,378,441,
2017-12-29 10:35:00+05:30,378,378,377.85,377.85,624,
2017-12-29 10:36:00+05:30,377.85,378.1,377.8,378.1,1066,
2017-12-29 10:37:00+05:30,378.1,378.2,378,378.2,1197,
2017-12-29 10:38:00+05:30,378.2,378.5,378,378.5,4642,
2017-12-29 10:39:00+05:30,378,378.5,377.8,378,1276,
2017-12-29 10:40:00+05:30,378,378.5,377.85,378.5,624,
2017-12-29 10:41:00+05:30,378.5,378.9,378.1,378.5,2072,
2017-12-29 10:42:00+05:30,378.5,379,378.5,379,862,
2017-12-29 10:43:00+05:30,379,379.8,379,379.2,2437,
2017-12-29 10:44:00+05:30,379.2,379.9,379.2,379.9,1991,
2017-12-29 10:45:00+05:30,379.9,379.9,379.4,379.5,922,
2017-12-29 10:46:00+05:30,379.4,379.8,379.4,379.5,844,
2017-12-29 10:47:00+05:30,379.5,379.5,378.85,379.5,4165,
2017-12-29 10:48:00+05:30,379.5,379.5,378.95,379.3,453,
2017-12-29 10:49:00+05:30,379.3,379.3,378.95,379.3,481,
2017-12-29 10:50:00+05:30,379.3,379.3,378.9,378.9,438,
2017-12-29 10:51:00+05:30,378.9,379.2,378.85,379.2,728,
2017-12-29 10:52:00+05:30,379.2,379.25,378.85,378.85,405,
2017-12-29 10:53:00+05:30,379.25,379.25,378.85,379,485,
2017-12-29 10:54:00+05:30,379,379,378.9,378.9,497,
2017-12-29 10:55:00+05:30,379,379,378.45,378.6,877,
2017-12-29 10:56:00+05:30,378.6,379,378.6,379,768,
2017-12-29 10:57:00+05:30,379,379,378.6,379,399,
2017-12-29 10:58:00+05:30,379,379,378.4,379,812,
2017-12-29 10:59:00+05:30,379,379,378.7,378.95,772,
2017-12-29 11:00:00+05:30,378.95,379.3,378.95,379.3,799,
2017-12-29 11:01:00+05:30,379.3,379.4,379.25,379.4,1529,
2017-12-29 11:02:00+05:30,379.4,379.9,379.05,379.6,1218,
2017-12-29 11:03:00+05:30,379.35,379.65,379.05,379.65,767,
2017-12-29 11:04:00+05:30,379.65,379.75,379.2,379.2,965,
2017-12-29 11:05:00+05:30,379.2,379.9,379.2,379.8,1405,
2017-12-29 11:06:00+05:30,379.85,380,379.5,379.95,5099,
2017-12-29 11:07:00+05:30,379.95,379.95,379.5,379.95,2025,
2017-12-29 11:08:00+05:30,379.95,379.95,379.2,379.8,1484,
2017-12-29 11:09:00+05:30,379.8,379.85,379.35,379.75,733,
2017-12-29 11:10:00+05:30,379.4,379.75,379.2,379.75,1137,
2017-12-29 11:11:00+05:30,379.75,379.8,379.7,379.75,1020,
2017-12-29 11:12:00+05:30,379.75,379.75,379.7,379.75,1391,
2017-12-29 11:13:00+05:30,379.75,379.75,379.7,379.75,845,
2017-12-29 11:14:00+05:30,379.75,379.85,379.5,379.85,1764,
2017-12-29 11:15:00+05:30,379.85,379.95,379.55,379.95,6534,
2017-12-29 11:16:00+05:30,379.95,380,379.55,379.55,3618,
2017-12-29 11:17:00+05:30,379.55,380,379.55,379.75,1044,
2017-12-29 11:18:00+05:30,379.75,380,379.75,380,737,
2017-12-29 11:19:00+05:30,380,380,379.6,379.7,995,
2017-12-29 11:20:00+05:30,379.7,380,379.7,380,4858,
2017-12-29 11:21:00+05:30,380,380,379.8,380,1013,
2017-12-29 11:22:00+05:30,379.95,380,379.15,379.7,932,
2017-12-29 11:23:00+05:30,379.7,380,379.55,380,783,
2017-12-29 11:24:00+05:30,380,380,379.65,379.95,1099,
2017-12-29 11:25:00+05:30,379.95,380,379.95,379.95,4916,
2017-12-29 11:26:00+05:30,380,380,379.6,380,1120,
2017-12-29 11:27:00+05:30,380,380,379.95,380,1009,
2017-12-29 11:28:00+05:30,380,380,379.7,380,1667,
2017-12-29 11:29:00+05:30,380,380,379.8,380,2174,
2017-12-29 11:30:00+05:30,380,380,379.95,380,3329,
2017-12-29 11:31:00+05:30,380,380,379.85,379.85,1743,
2017-12-29 11:32:00+05:30,379.85,379.95,379.85,379.85,1171,
2017-12-29 11:33:00+05:30,379.95,380,379.85,380,3139,
2017-12-29 11:34:00+05:30,380,380,379.55,380,3804,
2017-12-29 11:35:00+05:30,380,380,379.8,380,1283,
2017-12-29 11:36:00+05:30,380,380,379.8,380,945,
2017-12-29 11:37:00+05:30,379.85,380,379.85,380,1441,
2017-12-29 11:38:00+05:30,380,380,379.8,380,1297,
2017-12-29 11:39:00+05:30,380,380,379.95,380,2682,
2017-12-29 11:40:00+05:30,379.95,380,379.95,379.95,1965,
2017-12-29 11:41:00+05:30,379.95,380,379.85,380,1761,
2017-12-29 11:42:00+05:30,380,380,379.9,380,2356,
2017-12-29 11:43:00+05:30,379.75,380,379.55,380,1344,
2017-12-29 11:44:00+05:30,380,380,379.65,380,1800,
2017-12-29 11:45:00+05:30,380,380,379.7,380,2410,
2017-12-29 11:46:00+05:30,379.7,380,379.7,380,3146,
2017-12-29 11:47:00+05:30,380,380,379.95,380,1395,
2017-12-29 11:48:00+05:30,379.9,380,379.9,380,1484,
2017-12-29 11:49:00+05:30,380,380,379.9,380,2014,
2017-12-29 11:50:00+05:30,380,380,379.95,380,1186,
2017-12-29 11:51:00+05:30,379.9,380,379.9,379.95,1326,
2017-12-29 11:52:00+05:30,380,380,379.95,379.95,1535,
2017-12-29 11:53:00+05:30,379.95,380,379.85,379.85,1272,
2017-12-29 11:54:00+05:30,379.85,380,379.85,380,1178,
2017-12-29 11:55:00+05:30,379.85,380,379.8,380,1867,
2017-12-29 11:56:00+05:30,380,380,379.55,380,1448,
2017-12-29 11:57:00+05:30,380,380.2,379.5,379.95,3988,
2017-12-29 11:58:00+05:30,379.95,379.95,379,379.15,3030,
2017-12-29 11:59:00+05:30,379.15,379.95,379.15,379.55,1610,
2017-12-29 12:00:00+05:30,379.55,380,379.55,380,1546,
2017-12-29 12:01:00+05:30,379.85,380,379.85,380,1525,
2017-12-29 12:02:00+05:30,380,380,379.55,379.85,1556,
2017-12-29 12:03:00+05:30,379.95,379.95,379.95,379.95,1440,
2017-12-29 12:04:00+05:30,379.75,380,379.7,380,1522,
2017-12-29 12:05:00+05:30,380,380,379.8,380,1790,
2017-12-29 12:06:00+05:30,380,380,379.8,380,1639,
2017-12-29 12:07:00+05:30,380,382,379.75,382,24721,
2017-12-29 12:08:00+05:30,382,383.5,380.85,380.85,50306,
2017-12-29 12:09:00+05:30,381,382.8,380.9,382.35,8623,
2017-12-29 12:10:00+05:30,382.35,382.85,382,382,5060,
2017-12-29 12:11:00+05:30,382,382.4,382,382.35,3703,
2017-12-29 12:12:00+05:30,382.35,382.35,382.1,382.25,2518,
2017-12-29 12:13:00+05:30,382.3,382.85,382.1,382.85,7280,
2017-12-29 12:14:00+05:30,382.85,383.05,382.4,383,6874,
2017-12-29 12:15:00+05:30,383,384,383,383.6,8446,
2017-12-29 12:16:00+05:30,383.6,384,383.35,383.7,7729,
2017-12-29 12:17:00+05:30,383.7,384,383.7,384,9511,
2017-12-29 12:18:00+05:30,384,384,383.7,383.95,4104,
2017-12-29 12:19:00+05:30,383.95,383.95,383.7,383.95,3200,
2017-12-29 12:20:00+05:30,383.95,383.95,383.7,383.85,2895,
2017-12-29 12:21:00+05:30,383.7,383.95,383.35,383.95,1599,
2017-12-29 12:22:00+05:30,383.95,383.95,383,383.3,3623,
2017-12-29 12:23:00+05:30,383.3,383.55,383,383.55,2809,
2017-12-29 12:24:00+05:30,383.55,383.6,383.2,383.2,3673,
2017-12-29 12:25:00+05:30,383.2,383.5,382.35,382.7,2770,
2017-12-29 12:26:00+05:30,382.65,383.5,382.65,383.5,2864,
2017-12-29 12:27:00+05:30,383.5,383.95,383.1,383.9,2732,
2017-12-29 12:28:00+05:30,383.9,383.95,383.4,383.55,1964,
2017-12-29 12:29:00+05:30,383.55,383.55,383.2,383.45,3115,
2017-12-29 12:30:00+05:30,383.45,383.6,383.1,383.3,3881,
2017-12-29 12:31:00+05:30,383.3,383.3,383.05,383.2,1985,
2017-12-29 12:32:00+05:30,383.2,383.2,382.75,383,2397,
2017-12-29 12:33:00+05:30,383,383,382.45,383,1750,
2017-12-29 12:34:00+05:30,383,383,382.45,382.85,693,
2017-12-29 12:35:00+05:30,382.85,383,382.45,383,2096,
2017-12-29 12:36:00+05:30,382.7,383,382.4,382.95,2437,
2017-12-29 12:37:00+05:30,382.95,382.95,382.5,382.95,1809,
2017-12-29 12:38:00+05:30,382.95,383,382.5,382.5,1454,
2017-12-29 12:39:00+05:30,382.5,383,382.45,382.45,2031,
2017-12-29 12:40:00+05:30,382.45,383,382.45,383,1398,
2017-12-29 12:41:00+05:30,382.9,383,382.5,382.5,1357,
2017-12-29 12:42:00+05:30,382.5,383,382.4,382.55,2086,
2017-12-29 12:43:00+05:30,382.55,382.7,382.4,382.7,1482,
2017-12-29 12:44:00+05:30,382.4,382.7,382.4,382.65,1803,
2017-12-29 12:45:00+05:30,382.4,382.8,382.4,382.45,2119,
2017-12-29 12:46:00+05:30,382.45,383,382.4,383,1433,
2017-12-29 12:47:00+05:30,383,383,382.4,383,4439,
2017-12-29 12:48:00+05:30,382.8,383,382.7,382.7,1515,
2017-12-29 12:49:00+05:30,382.7,383,382.5,383,1443,
2017-12-29 12:50:00+05:30,383,383,382.55,382.9,1618,
2017-12-29 12:51:00+05:30,382.9,383,382.45,382.45,1706,
2017-12-29 12:52:00+05:30,382.45,383,382.45,383,1736,
2017-12-29 12:53:00+05:30,383,383.2,382.9,383,2388,
2017-12-29 12:54:00+05:30,383,383.9,382.95,383.6,2423,
2017-12-29 12:55:00+05:30,383.6,384,383.55,383.55,3211,
2017-12-29 12:56:00+05:30,383.55,384.4,383.55,384,16952,
2017-12-29 12:57:00+05:30,384.25,384.7,383.8,384.6,6624,
2017-12-29 12:58:00+05:30,384.55,385.85,384.5,385.8,38762,
2017-12-29 12:59:00+05:30,385.85,386.2,385.55,386,34523,
2017-12-29 13:00:00+05:30,385.95,385.95,385.2,385.3,9038,
2017-12-29 13:01:00+05:30,385.3,386.8,385.25,386.7,15743,
2017-12-29 13:02:00+05:30,386.8,388.2,386.7,387.5,46414,
2017-12-29 13:03:00+05:30,387.7,388,386.65,386.65,21978,
2017-12-29 13:04:00+05:30,386.9,387.6,386.75,387.5,10468,
2017-12-29 13:05:00+05:30,387.5,388,387.25,387.25,10955,
2017-12-29 13:06:00+05:30,387.25,388,386.8,386.8,7544,
2017-12-29 13:07:00+05:30,386.8,386.95,386.6,386.6,3768,
2017-12-29 13:08:00+05:30,386.6,387,386.25,386.75,7758,
2017-12-29 13:09:00+05:30,386.65,387.4,386.65,387,2048,
2017-12-29 13:10:00+05:30,387.5,387.75,387,387,8125,
2017-12-29 13:11:00+05:30,387,387.4,386.8,387,4071,
2017-12-29 13:12:00+05:30,387,387,386,386,4357,
2017-12-29 13:13:00+05:30,386.65,386.75,385.8,385.85,4042,
2017-12-29 13:14:00+05:30,385.85,385.85,385.5,385.5,3739,
2017-12-29 13:15:00+05:30,385.5,385.6,385.35,385.55,1808,
2017-12-29 13:16:00+05:30,385.65,386,385.65,385.95,1947,
2017-12-29 13:17:00+05:30,385.95,386.6,385.95,386.4,1740,
2017-12-29 13:18:00+05:30,386.4,386.5,386.1,386.1,1900,
2017-12-29 13:19:00+05:30,386.1,386.5,386.05,386.2,1919,
2017-12-29 13:20:00+05:30,386.2,386.5,386.15,386.5,1283,
2017-12-29 13:21:00+05:30,386.4,386.6,386.3,386.3,2377,
2017-12-29 13:22:00+05:30,386.3,386.45,385.55,385.9,6138,
2017-12-29 13:23:00+05:30,385.85,385.9,383.6,384.45,13036,
2017-12-29 13:24:00+05:30,384.3,385,384.15,384.95,5951,
2017-12-29 13:25:00+05:30,384.95,385.3,384.8,385.1,3027,
2017-12-29 13:26:00+05:30,385.05,386.55,385.05,386.5,5739,
2017-12-29 13:27:00+05:30,386.5,386.5,385.6,386,1977,
2017-12-29 13:28:00+05:30,385.95,386.8,385.75,386.8,3746,
2017-12-29 13:29:00+05:30,386.8,386.8,386.1,386.1,2282,
2017-12-29 13:30:00+05:30,386.2,386.5,386.15,386.45,2234,
2017-12-29 13:31:00+05:30,386.45,386.45,386.1,386.4,2149,
2017-12-29 13:32:00+05:30,386.35,386.5,386.35,386.45,1750,
2017-12-29 13:33:00+05:30,386.4,386.45,386.15,386.45,1196,
2017-12-29 13:34:00+05:30,386.1,386.4,385.4,385.65,2763,
2017-12-29 13:35:00+05:30,385.65,386,385.35,385.85,2331,
2017-12-29 13:36:00+05:30,385.85,386,385.55,385.75,1784,
2017-12-29 13:37:00+05:30,385.75,385.8,385.5,385.5,4332,
2017-12-29 13:38:00+05:30,385.45,385.9,385.4,385.5,2119,
2017-12-29 13:39:00+05:30,385.45,385.95,385.45,385.9,1404,
2017-12-29 13:40:00+05:30,385.9,385.95,385.55,385.95,1625,
2017-12-29 13:41:00+05:30,385.55,385.95,385.55,385.9,2670,
2017-12-29 13:42:00+05:30,385.85,385.9,385.6,385.7,2057,
2017-12-29 13:43:00+05:30,385.7,386,385.6,386,1553,
2017-12-29 13:44:00+05:30,386,386.6,385.7,386.6,10342,
2017-12-29 13:45:00+05:30,386.6,386.6,386.2,386.2,2027,
2017-12-29 13:46:00+05:30,386.2,386.8,386.2,386.35,1619,
2017-12-29 13:47:00+05:30,386.35,386.6,386.05,386.5,1173,
2017-12-29 13:48:00+05:30,386.6,386.9,386,386.65,2257,
2017-12-29 13:49:00+05:30,386.65,386.95,386.4,386.95,1926,
2017-12-29 13:50:00+05:30,386.95,387,386.15,386.95,1969,
2017-12-29 13:51:00+05:30,386.8,387,386.8,387,2691,
2017-12-29 13:52:00+05:30,387,387.6,386.85,387.4,9703,
2017-12-29 13:53:00+05:30,387.5,387.6,387.1,387.4,5172,
2017-12-29 13:54:00+05:30,387.4,388,387.2,387.2,11985,
2017-12-29 13:55:00+05:30,387.2,388.8,387.2,388.5,33255,
2017-12-29 13:56:00+05:30,388.4,388.45,387.45,388.4,8986,
2017-12-29 13:57:00+05:30,388.3,390,388,390,85352,
2017-12-29 13:58:00+05:30,389.95,390.8,389.6,389.85,48127,
2017-12-29 13:59:00+05:30,390,390.45,388.3,388.5,17556,
2017-12-29 14:00:00+05:30,388.5,388.9,388.5,388.65,13177,
2017-12-29 14:01:00+05:30,388.8,389,387.8,388,7713,
2017-12-29 14:02:00+05:30,388,388.4,387.65,387.9,2501,
2017-12-29 14:03:00+05:30,387.9,388.15,387,387.3,15695,
2017-12-29 14:04:00+05:30,387.05,388,387,387.7,2406,
2017-12-29 14:05:00+05:30,388,388.2,387.35,388.15,3315,
2017-12-29 14:06:00+05:30,388.15,388.25,387.55,388.2,2605,
2017-12-29 14:07:00+05:30,388.2,388.9,388.2,388.7,3851,
2017-12-29 14:08:00+05:30,388.7,388.9,388.25,388.75,1977,
2017-12-29 14:09:00+05:30,388.75,388.75,388.4,388.6,2372,
2017-12-29 14:10:00+05:30,388.5,389,388.35,388.9,5878,
2017-12-29 14:11:00+05:30,388.9,389.1,388.5,388.5,4385,
2017-12-29 14:12:00+05:30,388.5,389.45,388.5,389.45,11102,
2017-12-29 14:13:00+05:30,389,389.55,389,389.4,9836,
2017-12-29 14:14:00+05:30,389.4,389.4,389.1,389.2,5721,
2017-12-29 14:15:00+05:30,389.2,389.25,388.7,389,10097,
2017-12-29 14:16:00+05:30,389.05,389.45,387.5,387.85,10807,
2017-12-29 14:17:00+05:30,387.8,388,387.55,387.6,3662,
2017-12-29 14:18:00+05:30,387.6,388.65,387.6,388.5,1895,
2017-12-29 14:19:00+05:30,388.2,389,388.2,389,2165,
2017-12-29 14:20:00+05:30,389,389,388.15,388.15,3794,
2017-12-29 14:21:00+05:30,388.15,389,388.15,388.4,1811,
2017-12-29 14:22:00+05:30,388.4,389.15,388.4,389,4969,
2017-12-29 14:23:00+05:30,389.15,389.5,389,389.25,6738,
2017-12-29 14:24:00+05:30,389.3,389.5,389.3,389.4,3200,
2017-12-29 14:25:00+05:30,389.4,389.4,389.25,389.25,2343,
2017-12-29 14:26:00+05:30,389.25,389.65,389.25,389.3,4435,
2017-12-29 14:27:00+05:30,389.5,389.65,389.25,389.3,2484,
2017-12-29 14:28:00+05:30,389.5,389.5,388.25,388.7,7991,
2017-12-29 14:29:00+05:30,388.7,389.05,388.25,389,6781,
2017-12-29 14:30:00+05:30,388.55,388.95,388.5,388.95,2588,
2017-12-29 14:31:00+05:30,388.95,389,388.2,388.2,6635,
2017-12-29 14:32:00+05:30,388.2,388.7,388,388.05,5377,
2017-12-29 14:33:00+05:30,388.05,388.5,388,388.2,2297,
2017-12-29 14:34:00+05:30,388.2,388.5,388.15,388.15,3134,
2017-12-29 14:35:00+05:30,388.15,388.5,387.8,387.8,6265,
2017-12-29 14:36:00+05:30,387.8,387.95,387.35,387.4,3829,
2017-12-29 14:37:00+05:30,387.4,387.9,387.4,387.75,2158,
2017-12-29 14:38:00+05:30,387.75,387.8,387.4,387.5,2340,
2017-12-29 14:39:00+05:30,387.5,387.5,386.8,386.8,5823,
2017-12-29 14:40:00+05:30,386.8,387,386.6,386.65,3968,
2017-12-29 14:41:00+05:30,386.65,386.9,386.4,386.5,4621,
2017-12-29 14:42:00+05:30,386.5,386.8,386.35,386.6,2818,
2017-12-29 14:43:00+05:30,386.6,386.8,386.5,386.8,6132,
2017-12-29 14:44:00+05:30,386.5,386.75,386,386.5,7648,
2017-12-29 14:45:00+05:30,386.5,386.5,386.15,386.3,2546,
2017-12-29 14:46:00+05:30,386.3,386.4,385.9,385.9,4511,
2017-12-29 14:47:00+05:30,385.9,386.5,385.8,385.8,3439,
2017-12-29 14:48:00+05:30,385.8,385.8,385.65,385.7,5222,
2017-12-29 14:49:00+05:30,385.7,385.9,385.65,385.65,3791,
2017-12-29 14:50:00+05:30,385.8,386.65,385.7,386.4,5475,
2017-12-29 14:51:00+05:30,386.45,386.6,386,386.5,5536,
2017-12-29 14:52:00+05:30,386.5,386.75,386,386.05,5617,
2017-12-29 14:53:00+05:30,386.05,386.45,385.85,386.35,3807,
2017-12-29 14:54:00+05:30,386.35,386.5,386,386.45,3070,
2017-12-29 14:55:00+05:30,386.45,386.5,385.75,385.8,3799,
2017-12-29 14:56:00+05:30,385.8,386.5,385.75,386,4373,
2017-12-29 14:57:00+05:30,386,386.45,385.8,385.8,7303,
2017-12-29 14:58:00+05:30,385.8,386,385.75,385.9,3294,
2017-12-29 14:59:00+05:30,386,386,385.8,386,7061,
2017-12-29 15:00:00+05:30,386,386,385.75,386,6985,
2017-12-29 15:01:00+05:30,386,386,385.8,385.9,5897,
2017-12-29 15:02:00+05:30,385.9,386,385.8,386,3488,
2017-12-29 15:03:00+05:30,386,386,385.75,386,3684,
2017-12-29 15:04:00+05:30,386,386,385.65,385.95,4540,
2017-12-29 15:05:00+05:30,385.95,386,385.65,385.95,2780,
2017-12-29 15:06:00+05:30,385.95,386,385.65,385.75,5738,
2017-12-29 15:07:00+05:30,385.75,385.9,385.7,385.9,5477,
2017-12-29 15:08:00+05:30,385.9,386.65,385.9,386.5,5322,
2017-12-29 15:09:00+05:30,386.35,386.8,386.25,386.75,4856,
2017-12-29 15:10:00+05:30,386.8,386.95,386.25,386.5,3392,
2017-12-29 15:11:00+05:30,386.5,387.7,386.5,387.55,7519,
2017-12-29 15:12:00+05:30,387.55,387.75,387.2,387.5,3855,
2017-12-29 15:13:00+05:30,387.3,387.55,387,387.5,7019,
2017-12-29 15:14:00+05:30,387.5,387.5,386.85,387.25,6235,
2017-12-29 15:15:00+05:30,387.05,387.4,387,387,9990,
2017-12-29 15:16:00+05:30,386.9,386.95,386.05,386.4,4637,
2017-12-29 15:17:00+05:30,386.2,386.9,386,386,9476,
2017-12-29 15:18:00+05:30,386,386.7,386,386.3,3152,
2017-12-29 15:19:00+05:30,386.35,386.5,386.2,386.45,3405,
2017-12-29 15:20:00+05:30,386.5,386.65,386,386.6,8297,
2017-12-29 15:21:00+05:30,386.6,386.7,385.8,385.95,9869,
2017-12-29 15:22:00+05:30,385.95,386,385.5,385.55,7695,
2017-12-29 15:23:00+05:30,385.65,385.9,385.1,385.3,12907,
2017-12-29 15:24:00+05:30,385.45,385.65,385.1,385.55,8097,
2017-12-29 15:25:00+05:30,385.5,385.7,384.8,384.95,11451,
2017-12-29 15:26:00+05:30,385,385,384.5,385,8484,
2017-12-29 15:27:00+05:30,384.95,385.6,384.95,385.5,6998,
2017-12-29 15:28:00+05:30,385.4,386,385.4,385.85,9223,
2017-12-29 15:29:00+05:30,385.7,386,384.65,384.9,14658,
